debate_audio_id,sentence_id,sentence_index,speaker_raw,n_words,start_sec,end_sec,duration_sec,sentence_text,source
1034,1034_w0001,0,UNKNOWN,17,0.251,8.016,7.765,"debate, the first and potentially only match-up between Vice President Kamala Harris and former President Donald Trump.",whisper_canonical
1034,1034_w0002,1,UNKNOWN,25,8.556,18.202,9.646,"Both candidates, having accepted their party's nominations at the conventions earlier this summer, meet tonight on the debate stage for the first time in Philadelphia.",whisper_canonical
1034,1034_w0003,2,UNKNOWN,11,18.862,24.025,5.163,in the same city where the Constitution was written years ago.,whisper_canonical
1034,1034_w0004,3,UNKNOWN,16,24.045,32.451,8.406,"Tonight's debate is at the National Constitution Center, hosted by ABC and simulcasted here on C-SPAN.",whisper_canonical
1034,1034_w0005,4,UNKNOWN,15,33.272,37.875,4.603,"Before the debate begins tonight, we of course want to hear from all of you.",whisper_canonical
1034,1034_w0006,5,UNKNOWN,9,38.575,40.796,2.221,What do you want to hear from these candidates?,whisper_canonical
1034,1034_w0007,6,UNKNOWN,11,40.956,43.756,2.8,Here's how you can join the conversation in the next hour.,whisper_canonical
1034,1034_w0008,7,UNKNOWN,11,44.296,46.697,2.401,"If you are supporting the vice president, dial in at 202-748-8920.",whisper_canonical
1034,1034_w0009,8,UNKNOWN,11,46.737,49.778,3.041,If you support the former president your line tonight is 202-748-8921.,whisper_canonical
1034,1034_w0010,9,UNKNOWN,13,49.798,52.219,2.421,"If you are supporting another candidate, a different one, dial in at 202-748-8922.",whisper_canonical
1034,1034_w0011,10,UNKNOWN,13,61.861,68.046,6.185,"And if you are undecided, we want to hear from you at 202-748-8923.",whisper_canonical
1034,1034_w0012,11,UNKNOWN,16,68.466,75.512,7.046,"You can text us all of you at 202-748-8903, include your first name, city and state.",whisper_canonical
1034,1034_w0013,12,UNKNOWN,17,75.812,81.657,5.845,You can also join us on X with the handle at C-SPAN or on facebook.com slash c-SPAN.,whisper_canonical
1034,1034_w0014,13,UNKNOWN,23,82.671,92.677,10.006,"Before we get to your calls, joining us from Philadelphia tonight is Axios's national politics reporter, Sophia Kai, here to preview tonight's debate.",whisper_canonical
1034,1034_w0015,14,UNKNOWN,21,92.697,99.622,6.925,"Sophia Kai, you are at the media filing center, which is also going to be where the spin room is tonight.",whisper_canonical
1034,1034_w0016,15,UNKNOWN,4,99.682,101.063,1.381,Describe the scene there.,whisper_canonical
1034,1034_w0017,16,UNKNOWN,6,103.335,105.096,1.761,"Yeah, so it's a large space.",whisper_canonical
1034,1034_w0018,17,UNKNOWN,21,105.216,112.579,7.363,There's hundreds of seats set up for reporters from around the world who have come to Philadelphia to cover the debate.,whisper_canonical
1034,1034_w0019,18,UNKNOWN,39,112.899,125.705,12.806,"And, you know, along the side is a spin room where candidates and their surrogates and teams will come after the debate to speak to the press and really spin us on what they want the message to be.",whisper_canonical
1034,1034_w0020,19,UNKNOWN,23,125.805,131.748,5.943,"So this is really going to be the hub of where the debate is, aside from the actual debate, which starts at nine.",whisper_canonical
1034,1034_w0021,20,UNKNOWN,11,132.448,135.991,3.543,How many people are there at the Philadelphia Convention Center tonight?,whisper_canonical
1034,1034_w0022,21,UNKNOWN,5,138.614,140.115,1.501,"You know, there's hundreds now.",whisper_canonical
1034,1034_w0023,22,UNKNOWN,11,140.376,144.379,4.003,There's probably going to be hundreds if not a thousand people.,whisper_canonical
1034,1034_w0024,23,UNKNOWN,21,144.399,152.187,7.788,"I mean, just reporters, there's hundreds and hundreds of seats set up, you know, a single seat for a single reporter.",whisper_canonical
1034,1034_w0025,24,UNKNOWN,12,153.465,157.389,3.924,"And as you said, we'll also hear from surrogates from these campaigns.",whisper_canonical
1034,1034_w0026,25,UNKNOWN,31,157.749,168.84,11.091,"What are some names of people that we should expect to see, possibly even before the debate begins, and then after, as you said, to spin the media on tonight's debate?",whisper_canonical
1034,1034_w0027,26,UNKNOWN,14,171.397,177.023,5.626,"So I just walked by California Governor Newsom, who is here for Kamala Harris.",whisper_canonical
1034,1034_w0028,27,UNKNOWN,20,177.484,185.432,7.948,"And previously I spoke to Byron Donalds, a congressman from Florida, as well as Matt Gaetz, who is also here.",whisper_canonical
1034,1034_w0029,28,UNKNOWN,9,185.452,189.196,3.744,"I mean, each candidate has about a dozen surrogates.",whisper_canonical
1034,1034_w0030,29,UNKNOWN,14,189.817,195.419,5.602,"from both sides, and they range from swing state governors to members of Congress",whisper_canonical
1034,1034_w0031,30,UNKNOWN,6,196.459,197.86,1.401,"to, you know, the vice presidents,",whisper_canonical
1034,1034_w0032,31,UNKNOWN,11,199.281,201.621,2.34,candidates who will also be here to speak to the press.,whisper_canonical
1034,1034_w0033,32,UNKNOWN,28,202.802,213.646,10.844,"Outside of the Philadelphia Convention Center, what's it like in that city, ahead of tonight's debate, for the first time these two candidates meeting each other on stage?",whisper_canonical
1034,1034_w0034,33,UNKNOWN,14,216.445,221.307,4.862,"Yeah, so Center City, large portions of it are blocked off for the debate.",whisper_canonical
1034,1034_w0035,34,UNKNOWN,15,221.727,226.088,4.361,I spoke to some business owners who have told their employees to work from home.,whisper_canonical
1034,1034_w0036,35,UNKNOWN,31,227.209,239.613,12.404,"Just about an hour ago, I walked past an intersection where local residents have gathered to wait for Harris to hopefully walk out so they could catch a glimpse of her.",whisper_canonical
1034,1034_w0037,36,UNKNOWN,17,240.513,247.016,6.503,"And then, you know, just outside about two blogs happening about minutes ago is a pro-Palestine protest.",whisper_canonical
1034,1034_w0038,37,UNKNOWN,24,247.216,257.782,10.566,"You know, probably hundreds of people protesting on market streets chanting Free Free Palestine right under the billboards where the Harris campaign is advertising.",whisper_canonical
1034,1034_w0039,38,UNKNOWN,13,258.242,262.344,4.102,"Yeah, talk about the billboards that you've seen for the candidates in Philadelphia.",whisper_canonical
1034,1034_w0040,39,UNKNOWN,8,264.671,267.592,2.921,"So, so far, I've only seen Harris billboards.",whisper_canonical
1034,1034_w0041,40,UNKNOWN,15,268.492,276.593,8.101,They've been everything ranging from being pro-Harris to highlighting Project and attaching that to Trump,whisper_canonical
1034,1034_w0042,41,UNKNOWN,22,277.593,285.655,8.062,"to a billboard about sizes of pretzels, a larger pretzel for Kamala Harris, a smaller piece of a pretzel for Donald Trump.",whisper_canonical
1034,1034_w0043,42,UNKNOWN,12,286.435,288.975,2.54,Most of what I have seen has come from the Harris camp.,whisper_canonical
1034,1034_w0044,43,UNKNOWN,8,290.155,293.296,3.141,How have the candidates prepared for tonight's debate?,whisper_canonical
1034,1034_w0045,44,UNKNOWN,9,295.893,298.894,3.001,I think both camps are taking it very seriously.,whisper_canonical
1034,1034_w0046,45,UNKNOWN,14,299.815,305.557,5.742,There's more on the line for Kamala Harris because she's just entered this race.,whisper_canonical
1034,1034_w0047,46,UNKNOWN,18,306.078,310.74,4.662,A lot of Americans don't know her just yet and don't know where she stands on the issues.,whisper_canonical
1034,1034_w0048,47,UNKNOWN,61,311.42,331.038,19.618,and so I think she has more to prove for that reason she started preparing weeks and weeks in advance even before the DNC convention you know she did a mock debate at Howard University she's done more of these in the weak sense you know and she's been watching previous Trump debates to sort of study and learn his behavior.,whisper_canonical
1034,1034_w0049,48,UNKNOWN,14,331.758,335.88,4.122,"Trump, on the other hand, says that he's not doing very much debate prep.",whisper_canonical
1034,1034_w0050,49,UNKNOWN,12,335.92,341.061,5.141,"He says that his prep is simply conducting interviews, talking to voters.",whisper_canonical
1034,1034_w0051,50,UNKNOWN,20,341.661,347.223,5.562,"But, you know, the reality is he has lots of calls on his own with his allies, talking about policy.",whisper_canonical
1034,1034_w0052,51,UNKNOWN,58,347.623,366.32,18.697,"With him, it's more about putting him in the right mindset You know, his aides want to see him show up at more focused, able to talk about policy and show a more personable side instead of, you know, other times he's shown up like at NABJ where he's been a little more angry, less focused and chaotic.",whisper_canonical
1034,1034_w0053,52,UNKNOWN,28,367.619,379.39,11.771,"It has the campaign for the former president talked about preparing him for debating a female candidate, something he hasn't done since when he ran against Hillary Clinton.",whisper_canonical
1034,1034_w0054,53,UNKNOWN,11,379.65,382.493,2.843,Will he take a different approach tonight because of that dynamic?,whisper_canonical
1034,1034_w0055,54,UNKNOWN,30,385.28,396.107,10.827,"I think that's the elephant in the room, but I don't think you'll see him directly mention Harris' gender or race, or at least that's the hope of his aides.",whisper_canonical
1034,1034_w0056,55,UNKNOWN,23,396.807,406.013,9.206,"You know, their approach has been, you know, in some ways to highlight implicitly those differences, and that's an obvious difference that's noticeable",whisper_canonical
1034,1034_w0057,56,UNKNOWN,3,407.073,408.394,1.321,to American voters.,whisper_canonical
1034,1034_w0058,57,UNKNOWN,7,408.914,409.995,1.081,"But, you know, it's and I think",whisper_canonical
1034,1034_w0059,58,UNKNOWN,19,411.396,418.526,7.13,The Trump camp realizes that he can no longer run just on those racist or gendered remarks and attacks.,whisper_canonical
1034,1034_w0060,59,UNKNOWN,7,419.648,421.43,1.782,"Finally, what are you listening for tonight?",whisper_canonical
1034,1034_w0061,60,UNKNOWN,10,421.491,423.493,2.002,What do you think our viewers should be listening for?,whisper_canonical
1034,1034_w0062,61,UNKNOWN,12,426.26,431.105,4.845,"I think aside from the noise, viewers should really look for policy.",whisper_canonical
1034,1034_w0063,62,UNKNOWN,13,431.906,436.33,4.424,Listen to how they talk about issues that will affect your day-to-day lives.,whisper_canonical
1034,1034_w0064,63,UNKNOWN,8,436.911,440.094,3.183,Now ignore the noise and the personal attacks.,whisper_canonical
1034,1034_w0065,64,UNKNOWN,6,440.795,442.436,1.641,All of that comes with politics.,whisper_canonical
1034,1034_w0066,65,UNKNOWN,41,443.037,458.14,15.103,"But, you know, what's really important, what could be new, is how Harris talks about the issues, how Trump talks about the issues, and talks about how they'll improve the economy, as well as improve issues around immigration and the border.",whisper_canonical
1034,1034_w0067,66,UNKNOWN,18,458.82,464.881,6.061,"So via Kai National Politics reporter with Axios, you can find her reporting if you go to axios.com.",whisper_canonical
1034,1034_w0068,67,UNKNOWN,4,465.221,466.162,0.941,Thank you very much.,whisper_canonical
1034,1034_w0069,68,UNKNOWN,31,467.822,485.124,17.302,"Thanks. And CNN reported earlier that the vice president, in preparation for tonight's debate, spoke with Hillary Clinton about debating the former president back in what it was like for her.",whisper_canonical
1034,1034_w0070,69,UNKNOWN,32,485.725,504.919,19.194,"MSNBC, the Madel blog, also reporting similar that the phone call was made between the vice president and the former Democratic candidate in and they report that they spoke recently and repeatedly.",whisper_canonical
1034,1034_w0071,70,UNKNOWN,12,505.46,511.483,6.023,"Now, again, tonight's debate by ABC, hosted by ABC, starts at p.m.",whisper_canonical
1034,1034_w0072,71,UNKNOWN,11,511.663,516.706,5.043,"Eastern time, and we'll be simulcasting that debate here on C-SPAN.",whisper_canonical
1034,1034_w0073,72,UNKNOWN,19,516.846,523.29,6.444,"And ahead of that, we want to know from you what you want to hear from the candidates tonight.",whisper_canonical
1034,1034_w0074,73,UNKNOWN,10,524.23,527.152,2.922,"If you are supporting the vice president, your line, 202-748-8920.",whisper_canonical
1034,1034_w0075,74,UNKNOWN,7,527.232,529.293,2.061,"If you're supporting the former president, 202-748-8921.",whisper_canonical
1034,1034_w0076,75,UNKNOWN,6,529.313,530.213,0.9,"If you have another candidate, 202-748-8922.",whisper_canonical
1034,1034_w0077,76,UNKNOWN,5,530.273,531.614,1.341,"And if you're undecided, 202-748-8923.",whisper_canonical
1034,1034_w0078,77,UNKNOWN,9,531.674,533.835,2.161,"Let's go to Shonda, who's in Dayton, Ohio, Republican.",whisper_canonical
1034,1034_w0079,78,UNKNOWN,11,533.855,537.137,3.282,"Shonda, what do you want these candidates to talk about tonight?",whisper_canonical
1034,1034_w0080,79,UNKNOWN,9,550.392,552.214,1.822,I don't really know what to say about that.,whisper_canonical
1034,1034_w0081,80,UNKNOWN,11,552.294,554.956,2.662,I just want to let Trump that I believe in him.,whisper_canonical
1034,1034_w0082,81,UNKNOWN,8,555.016,557.258,2.242,I didn't use to and everything they've done.,whisper_canonical
1034,1034_w0083,82,UNKNOWN,13,557.278,561.762,4.484,It just shows he's everything he said he would look at the immigration.,whisper_canonical
1034,1034_w0084,83,UNKNOWN,13,561.822,565.585,3.763,"You know, it's sad and we blame Harris streets and for the country.",whisper_canonical
1034,1034_w0085,84,UNKNOWN,8,566.846,568.527,1.681,"All right, that was a call from Ohio.",whisper_canonical
1034,1034_w0086,85,UNKNOWN,9,568.547,571.39,2.843,"We'll go to Angela and Lynchburg, Virginia Democratic caller.",whisper_canonical
1034,1034_w0087,86,UNKNOWN,2,571.41,574.493,3.083,"Hi, hi.",whisper_canonical
1034,1034_w0088,87,UNKNOWN,4,574.553,575.213,0.66,Can you hear me?,whisper_canonical
1034,1034_w0089,88,UNKNOWN,3,575.313,575.894,0.581,"Yes, we can.",whisper_canonical
1034,1034_w0090,89,UNKNOWN,8,576.791,578.812,2.021,Thank you so much for accepting my call.,whisper_canonical
1034,1034_w0091,90,UNKNOWN,11,579.473,582.835,3.362,I want to see Harris go out there and be presidential.,whisper_canonical
1034,1034_w0092,91,UNKNOWN,18,583.335,591.541,8.206,"I'm originally from New Jersey, and I know Trump and his lies, what he did for Atlantic City.",whisper_canonical
1034,1034_w0093,92,UNKNOWN,40,591.941,606.171,14.23,"Nobody wanted to talk about it, and even when I was in New Jersey, they swept that under the rug, how he lied to his creditors, filed bankruptcy, and left Atlantic City in a disarray, and he walked away scot-free.",whisper_canonical
1034,1034_w0094,93,UNKNOWN,5,607.352,608.712,1.36,He's been lying ever since.,whisper_canonical
1034,1034_w0095,94,UNKNOWN,6,608.792,610.293,1.501,He's been in the White House.,whisper_canonical
1034,1034_w0096,95,UNKNOWN,16,610.413,617.138,6.725,"And New Jerseyans know, if you know, you know, but he's been bad for the country.",whisper_canonical
1034,1034_w0097,96,UNKNOWN,10,617.658,622.881,5.223,"I'm totally disappointed in what he's done, especially with COVID.",whisper_canonical
1034,1034_w0098,97,UNKNOWN,15,623.161,629.145,5.984,"So coming out with Kamala Harris and Joe Biden, They've done better for the country.",whisper_canonical
1034,1034_w0099,98,UNKNOWN,18,629.445,635.707,6.262,"And I know moving forward, she will be the one that will take it to the next level.",whisper_canonical
1034,1034_w0100,99,UNKNOWN,2,635.867,636.147,0.28,All right.,whisper_canonical
1034,1034_w0101,100,UNKNOWN,3,636.267,637.447,1.18,America needs this.,whisper_canonical
1034,1034_w0102,101,UNKNOWN,16,637.627,643.029,5.402,"Angela, you think an effective strategy for her is to call him a liar repeatedly tonight?",whisper_canonical
1034,1034_w0103,102,UNKNOWN,18,643.469,649.931,6.462,"Yes, because the simple fact of the matter is, when he was in office, the press said nothing.",whisper_canonical
1034,1034_w0104,103,UNKNOWN,18,650.091,654.832,4.741,"They wanted to fact check, but they never called him out until the last part of his presidency.",whisper_canonical
1034,1034_w0105,104,UNKNOWN,2,655.113,655.853,0.74,He's lying.,whisper_canonical
1034,1034_w0106,105,UNKNOWN,2,655.933,656.453,0.52,He's lying.,whisper_canonical
1034,1034_w0107,106,UNKNOWN,2,656.493,656.953,0.46,He's lying.,whisper_canonical
1034,1034_w0108,107,UNKNOWN,2,656.993,657.453,0.46,He's lying.,whisper_canonical
1034,1034_w0109,108,UNKNOWN,18,658.714,666.676,7.962,"CNN has a reporter, Daniel Dale, that made his job, his career on reporting lies from Donald Trump.",whisper_canonical
1034,1034_w0110,109,UNKNOWN,14,667.456,672.16,4.704,But that was because the media never said he's flying from COVID on back.,whisper_canonical
1034,1034_w0111,110,UNKNOWN,28,672.44,682.427,9.987,"Okay, and Angela for our viewers you are there are multiple websites that you can go to that are fact-checking tonight's debate and you yourself can go and",whisper_canonical
1034,1034_w0112,111,UNKNOWN,3,684.116,685.097,0.981,checked for yourself.,whisper_canonical
1034,1034_w0113,112,UNKNOWN,5,685.177,686.238,1.061,Did they tell the truth?,whisper_canonical
1034,1034_w0114,113,UNKNOWN,3,687.28,688.641,1.361,There's a politifact.,whisper_canonical
1034,1034_w0115,114,UNKNOWN,8,688.681,691.885,3.204,"There's multiple websites, New York Times, Washington Post.",whisper_canonical
1034,1034_w0116,115,UNKNOWN,6,692.285,694.668,2.383,They do fact-checking of tonight's debate.,whisper_canonical
1034,1034_w0117,116,UNKNOWN,8,695.148,697.451,2.303,"For the rules tonight, let's go through them.",whisper_canonical
1034,1034_w0118,117,UNKNOWN,13,698.332,705.02,6.688,For ABCs has laid out and that both parties have accepted these rules.,whisper_canonical
1034,1034_w0119,118,UNKNOWN,5,705.48,707.001,1.521,The debate will run minutes.,whisper_canonical
1034,1034_w0120,119,UNKNOWN,16,707.382,712.346,4.964,"The microphones will be muted, except for when the candidate who's speaking, when it's their turn.",whisper_canonical
1034,1034_w0121,120,UNKNOWN,8,712.827,716.33,3.503,There are no props or pre-written notes allowed.,whisper_canonical
1034,1034_w0122,121,UNKNOWN,15,716.871,721.015,4.144,"The candidates will be provided a pen, pad of paper, and a bottle of water.",whisper_canonical
1034,1034_w0123,122,UNKNOWN,5,721.455,722.936,1.481,There'll be two commercial breaks.,whisper_canonical
1034,1034_w0124,123,UNKNOWN,14,723.417,729.761,6.344,They will have podiums that look exactly like No opening statements by the candidates.,whisper_canonical
1034,1034_w0125,124,UNKNOWN,14,730.201,735.183,4.982,And the order of closing statements and positions were determined by a coin flip.,whisper_canonical
1034,1034_w0126,125,UNKNOWN,16,735.623,739.844,4.221,Former President Donald Trump won the coin toss and chose to select the order of statements.,whisper_canonical
1034,1034_w0127,126,UNKNOWN,7,740.124,742.345,2.221,He will offer the last closing statement.,whisper_canonical
1034,1034_w0128,127,UNKNOWN,19,742.985,748.933,5.948,And the vice president chose to stand at the right podium position on the screen and no studio audience.,whisper_canonical
1034,1034_w0129,128,UNKNOWN,22,748.993,759.446,10.453,"So very similar to that first debate back in June between former president and then the Democratic candidate for president, President Biden.",whisper_canonical
1034,1034_w0130,129,UNKNOWN,26,760.127,772.72,12.593,"Tonight's moderators from ABC, David Muir, who has joined ABC in He's the anchor of World News Tonight, co-anchor of went to Ithaca College, graduated in",whisper_canonical
1034,1034_w0131,130,UNKNOWN,16,774.362,782.089,7.727,"His co-moderator is Lindsay Davis, joined ABC in She's the anchor of ABC News Live Prime.",whisper_canonical
1034,1034_w0132,131,UNKNOWN,19,783.15,791.774,8.624,Two Emmy Award wins and graduated from the University of Virginia in They will be asking the questions tonight.,whisper_canonical
1034,1034_w0133,132,UNKNOWN,10,792.395,795.336,2.941,What answers do you want to hear from these candidates?,whisper_canonical
1034,1034_w0134,133,UNKNOWN,6,795.956,798.578,2.622,Kerry and South Windsor Connecticut Republican.,whisper_canonical
1034,1034_w0135,134,UNKNOWN,21,798.598,806.922,8.324,"Well, first of all, I hope that there is a difference in the tone and civility between the two of them.",whisper_canonical
1034,1034_w0136,135,UNKNOWN,6,807.142,809.163,2.021,And there's no ad hominem attacks.,whisper_canonical
1034,1034_w0137,136,UNKNOWN,5,810.639,812.92,2.281,and that not only how,whisper_canonical
1034,1034_w0138,137,UNKNOWN,20,814.381,820.644,6.263,"things will be done, but when they will be done, aside from a macro view of what should be done.",whisper_canonical
1034,1034_w0139,138,UNKNOWN,13,821.264,828.527,7.263,So more practical than ideological ideas based upon who they are as candidates.,whisper_canonical
1034,1034_w0140,139,UNKNOWN,13,829.208,836.031,6.823,I really feel that the past record of Kamala Harris speaks volumes about,whisper_canonical
1034,1034_w0141,140,UNKNOWN,2,837.031,838.232,1.201,her record.,whisper_canonical
1034,1034_w0142,141,UNKNOWN,6,838.768,840.549,1.781,"not her personality, but her record,",whisper_canonical
1034,1034_w0143,142,UNKNOWN,12,841.57,846.813,5.243,and that the comparison compared to the achievements of former President Trump,whisper_canonical
1034,1034_w0144,143,UNKNOWN,9,847.873,850.995,3.122,while he was in office on many different levels,whisper_canonical
1034,1034_w0145,144,UNKNOWN,10,852.816,856.559,3.743,will ultimately prove to be very effective in him winning.,whisper_canonical
1034,1034_w0146,145,UNKNOWN,11,857.319,860.061,2.742,"So Carrie, you want your candidate to stick to policy tonight?",whisper_canonical
1034,1034_w0147,146,UNKNOWN,21,861.442,869.385,7.943,Absolutely. And do you think he did that during the first debate when he squared off against current President Joe Biden?,whisper_canonical
1034,1034_w0148,147,UNKNOWN,8,870.426,873.427,3.001,"Well, I think he went back and forth.",whisper_canonical
1034,1034_w0149,148,UNKNOWN,25,873.687,880.949,7.262,"He's only human, but I think the fact is that not only what you want to accomplish, but how you will accomplish it and when.",whisper_canonical
1034,1034_w0150,149,UNKNOWN,16,880.969,886.331,5.362,So we as voters have an indication of what we can expect for the first term.,whisper_canonical
1034,1034_w0151,150,UNKNOWN,6,886.851,889.772,2.921,"OK, what are his vulnerabilities tonight?",whisper_canonical
1034,1034_w0152,151,UNKNOWN,4,890.213,890.853,0.64,"Carrie, do you think?",whisper_canonical
1034,1034_w0153,152,UNKNOWN,8,892.301,896.043,3.742,"I think his temper and his persona, if",whisper_canonical
1034,1034_w0154,153,UNKNOWN,21,897.263,903.546,6.283,"he's able to rile him, if you will, and he loses composure, it could be a different candidate than we see.",whisper_canonical
1034,1034_w0155,154,UNKNOWN,13,904.006,909.569,5.563,But I also think if he sticks to the record of Kamala Harris,whisper_canonical
1034,1034_w0156,155,UNKNOWN,14,910.649,915.151,4.502,"factually for the past year, she's been there and has virtually accomplished very little,",whisper_canonical
1034,1034_w0157,156,UNKNOWN,5,916.211,917.672,1.461,especially as our borders are.,whisper_canonical
1034,1034_w0158,157,UNKNOWN,11,918.575,922.456,3.881,And your first role is by constitution to protect the country.,whisper_canonical
1034,1034_w0159,158,UNKNOWN,16,922.936,927.697,4.761,"And let's face it, we have open borders, and it's not good for any of us.",whisper_canonical
1034,1034_w0160,159,UNKNOWN,23,927.777,934.398,6.621,"And at some point, we will, it will be brought to bear what's been happening here the past three and a half years.",whisper_canonical
1034,1034_w0161,160,UNKNOWN,6,934.418,938.038,3.62,"Okay. Gregory, in Chicago, Democratic caller.",whisper_canonical
1034,1034_w0162,161,UNKNOWN,5,939.779,940.979,1.2,"Yes, how are you doing?",whisper_canonical
1034,1034_w0163,162,UNKNOWN,2,941.579,942.579,1.0,Hi Gregory.,whisper_canonical
1034,1034_w0164,163,UNKNOWN,8,943.499,947.0,3.501,"Look, I think that this is a misfit.",whisper_canonical
1034,1034_w0165,164,UNKNOWN,6,949.51,951.411,1.901,Trump do not like his self.,whisper_canonical
1034,1034_w0166,165,UNKNOWN,5,952.631,953.811,1.18,He don't like his kids.,whisper_canonical
1034,1034_w0167,166,UNKNOWN,5,954.372,955.532,1.16,He don't love the country.,whisper_canonical
1034,1034_w0168,167,UNKNOWN,2,957.732,958.533,0.801,Cameron Harris,whisper_canonical
1034,1034_w0169,168,UNKNOWN,20,959.713,966.854,7.141,"has not done a lot, but I think she stands for everything that she put out in front of us.",whisper_canonical
1034,1034_w0170,169,UNKNOWN,5,967.955,969.835,1.88,We are fighting a war.,whisper_canonical
1034,1034_w0171,170,UNKNOWN,2,970.515,971.376,0.861,We're fighting,whisper_canonical
1034,1034_w0172,171,UNKNOWN,2,973.496,974.396,0.9,another country.,whisper_canonical
1034,1034_w0173,172,UNKNOWN,19,974.416,982.327,7.911,"And I think that with Trump, The Ku Klux Klan will come out even worse if he's in office.",whisper_canonical
1034,1034_w0174,173,UNKNOWN,9,983.348,985.889,2.541,I think that we would have to bear arms.,whisper_canonical
1034,1034_w0175,174,UNKNOWN,4,986.649,987.549,0.9,And that's the same.,whisper_canonical
1034,1034_w0176,175,UNKNOWN,18,987.729,993.791,6.062,"So Gregory, what do you want to hear from the vice president then tonight on the debate stage?",whisper_canonical
1034,1034_w0177,176,UNKNOWN,4,994.191,995.132,0.941,I want to hear.,whisper_canonical
1034,1034_w0178,177,UNKNOWN,8,995.372,997.432,2.06,"Well, I heard everything that she stand for.",whisper_canonical
1034,1034_w0179,178,UNKNOWN,4,997.913,998.933,1.02,She stand for rights.,whisper_canonical
1034,1034_w0180,179,UNKNOWN,4,999.893,1000.994,1.101,She stand for people.,whisper_canonical
1034,1034_w0181,180,UNKNOWN,13,1001.874,1007.896,6.022,"She stand for people that's having a abortion, even if they've been raped.",whisper_canonical
1034,1034_w0182,181,UNKNOWN,15,1010.522,1016.409,5.887,"Okay, and Gregory, what kind of style, what kind of debate style should she present?",whisper_canonical
1034,1034_w0183,182,UNKNOWN,4,1016.509,1017.39,0.881,What about her tone?,whisper_canonical
1034,1034_w0184,183,UNKNOWN,7,1018.011,1019.032,1.021,What do you think she should do?,whisper_canonical
1034,1034_w0185,184,UNKNOWN,12,1020.113,1023.537,3.424,"Her tone is mild matter, and I think she should stay there.",whisper_canonical
1034,1034_w0186,185,UNKNOWN,7,1024.278,1026.781,2.503,Don't let Donald Trump get you heated.,whisper_canonical
1034,1034_w0187,186,UNKNOWN,34,1029.279,1039.81,10.531,"I think that God is on her side and I think God is on all of my side, but I think that she will be in office and I pray that that was happening.",whisper_canonical
1034,1034_w0188,187,UNKNOWN,7,1041.383,1044.406,3.023,"All right, Gregory's thoughts there in Illinois.",whisper_canonical
1034,1034_w0189,188,UNKNOWN,24,1044.506,1056.236,11.73,"Here joining us this evening to talk about debate style and strategy is Julia Azari, who is a political science professor at Marquette University.",whisper_canonical
1034,1034_w0190,189,UNKNOWN,13,1056.696,1063.322,6.626,"Julia Azari, let's talk about debate style and beginning with the former president.",whisper_canonical
1034,1034_w0191,190,UNKNOWN,8,1063.402,1066.545,3.143,"Broadly, how would you describe his debate style?",whisper_canonical
1034,1034_w0192,191,UNKNOWN,14,1068.309,1072.373,4.064,"Well, I think the two words that come to mind are confident and confrontational.",whisper_canonical
1034,1034_w0193,192,UNKNOWN,15,1072.473,1079.78,7.307,"I think he, particularly in wasn't afraid to kind of talk about his opponent's record.",whisper_canonical
1034,1034_w0194,193,UNKNOWN,7,1079.82,1082.543,2.723,He wasn't afraid to be very confrontational.,whisper_canonical
1034,1034_w0195,194,UNKNOWN,8,1083.363,1085.345,1.982,"But also, I think what really came out",whisper_canonical
1034,1034_w0196,195,UNKNOWN,51,1086.406,1103.012,16.606,"in the most recent debate with the current president, former candidate Joe Biden, was that Trump is really able to deliver lines in a sort of confident and simple way even when some of those lines are being fact-checked and are, in fact, at odds with the truth of the facts.",whisper_canonical
1034,1034_w0197,196,UNKNOWN,42,1104.363,1121.135,16.772,"Let's talk about the tonight's debate and the fact that this is the first time he's going up against a female candidate since he ran against Hillary Clinton in CNN reporting, MSNBC reporting, that the former president, the vice president, excuse me,",whisper_canonical
1034,1034_w0198,197,UNKNOWN,14,1122.136,1128.621,6.485,has reached out repeatedly to Hillary Clinton to talk about debating the former president.,whisper_canonical
1034,1034_w0199,198,UNKNOWN,4,1128.661,1129.201,0.54,Let's go back to,whisper_canonical
1034,1034_w0200,199,UNKNOWN,32,1130.682,1142.034,11.352,Here's the moment from the second debate in where Donald Trump pressed the former Secretary of State Hillary Clinton on her handling of sensitive emails while serving as the nation's top diplomat.,whisper_canonical
1034,1034_w0201,200,UNKNOWN,8,1143.135,1145.758,2.623,I am going to instruct my Attorney General.,whisper_canonical
1034,1034_w0202,201,UNKNOWN,28,1147.014,1157.761,10.747,"to get a special prosecutor to look into your situation because there has never been so many lies, so much deception, there has never been anything like it.",whisper_canonical
1034,1034_w0203,202,UNKNOWN,8,1157.901,1159.942,2.041,And we're going to have a special prosecutor.,whisper_canonical
1034,1034_w0204,203,UNKNOWN,8,1160.523,1162.224,1.701,"When I speak, I go out and speak.",whisper_canonical
1034,1034_w0205,204,UNKNOWN,7,1163.004,1165.145,2.141,the people of this country are furious.,whisper_canonical
1034,1034_w0206,205,UNKNOWN,15,1165.625,1170.646,5.021,"In my opinion, the people that have been long-term workers at the FBI are furious.",whisper_canonical
1034,1034_w0207,206,UNKNOWN,43,1170.966,1185.151,14.185,"There has never been anything like this where emails and you get a subpoena, you get a subpoena and after getting the subpoena, you delete emails and then you acid wash them or bleach them as you would say, a very expensive process.",whisper_canonical
1034,1034_w0208,207,UNKNOWN,22,1186.131,1191.353,5.222,"So we're going to get a special prosecutor and we're going to look into it because you know what, people have been",whisper_canonical
1034,1034_w0209,208,UNKNOWN,12,1192.431,1196.115,3.684,Their lives have been destroyed for doing one-fifth of what you've done.,whisper_canonical
1034,1034_w0210,209,UNKNOWN,4,1196.295,1197.136,0.841,And it's a disgrace.,whisper_canonical
1034,1034_w0211,210,UNKNOWN,9,1197.356,1199.958,2.602,"And honestly, you ought to be ashamed of yourself.",whisper_canonical
1034,1034_w0212,211,UNKNOWN,22,1200.539,1207.065,6.526,It's just awfully good that someone with the temperament of Donald Trump is not in charge of the law in our country.,whisper_canonical
1034,1034_w0213,212,UNKNOWN,5,1207.706,1208.727,1.021,Because you'd be in jail.,whisper_canonical
1034,1034_w0214,213,UNKNOWN,6,1210.288,1211.79,1.502,"Julia Zari, what would you say?",whisper_canonical
1034,1034_w0215,214,UNKNOWN,9,1212.25,1215.213,2.963,How does this reflect the former president's debate style?,whisper_canonical
1034,1034_w0216,215,UNKNOWN,46,1217.38,1230.128,12.748,"I think this really does illustrate my point about him being quite confrontational and in this case not afraid to be pretty, maybe personal is not the right word, but to be really direct and get in his opponent's face and say you'll be in jail.",whisper_canonical
1034,1034_w0217,216,UNKNOWN,30,1231.008,1239.153,8.145,I think one of the kind of key takeaway points from that is that it fits in clearly with the broader campaign strategy of trying to rile up populist anger.,whisper_canonical
1034,1034_w0218,217,UNKNOWN,24,1239.173,1243.876,4.703,I think this is one of the most important things to think about with debate style is that it doesn't happen in a vacuum.,whisper_canonical
1034,1034_w0219,218,UNKNOWN,16,1244.756,1248.72,3.964,It happens in the broader context of the campaign and it happens in terms of what,whisper_canonical
1034,1034_w0220,219,UNKNOWN,32,1249.821,1259.189,9.368,"candidates are trying to portray about themselves and their opponents, what kinds of messages are trying to send to the electorate about what's important and how the electorate is receiving those messages.",whisper_canonical
1034,1034_w0221,220,UNKNOWN,20,1259.249,1267.758,8.509,And I think that's really where Trump kind of highlighted two key things that we still remember from that campaign.,whisper_canonical
1034,1034_w0222,221,UNKNOWN,9,1268.018,1270.822,2.804,And what is the anger and the populist frustration,whisper_canonical
1034,1034_w0223,222,UNKNOWN,26,1272.603,1280.372,7.769,"among Trump's supporters in the way that they were thinking about politics, not just as policy disagreement, but as something to really be worked up about.",whisper_canonical
1034,1034_w0224,223,UNKNOWN,32,1280.632,1292.323,11.691,"And on the other hand, that's also very well remembered among Trump's political opponents as a real kind of line crossed in a political debate to talk about jailing a political opponent.",whisper_canonical
1034,1034_w0225,224,UNKNOWN,23,1293.524,1302.151,8.627,"We heard from a viewer earlier that, and a supporter of the former president, that he hopes his candidate sticks to policy tonight.",whisper_canonical
1034,1034_w0226,225,UNKNOWN,32,1302.491,1313.2,10.709,"I want to show our viewers from the debate in June when he was debating the current president, Joe Biden, at that CNN debate, when he was talking about his economic policy.",whisper_canonical
1034,1034_w0227,226,UNKNOWN,13,1314.243,1317.827,3.584,You want to impose a tariff on all goods coming into the US.,whisper_canonical
1034,1034_w0228,227,UNKNOWN,11,1318.407,1321.17,2.763,How will you ensure that that doesn't drive prices even higher?,whisper_canonical
1034,1034_w0229,228,UNKNOWN,6,1321.35,1322.331,0.981,Not going to drive them higher.,whisper_canonical
1034,1034_w0230,229,UNKNOWN,24,1322.351,1328.016,5.665,It's just going to cost countries that have been ripping us off for years like China and many others in all fairness to China.,whisper_canonical
1034,1034_w0231,230,UNKNOWN,27,1328.477,1334.783,6.306,"It's going to just force them to pay us a lot of money, reduce our deficit tremendously, and give us a lot of power for other things.",whisper_canonical
1034,1034_w0232,231,UNKNOWN,5,1334.843,1336.545,1.702,But he made a statement.,whisper_canonical
1034,1034_w0233,232,UNKNOWN,17,1336.605,1340.508,3.903,The only thing he was right about is I gave you the largest tax cut in history.,whisper_canonical
1034,1034_w0234,233,UNKNOWN,10,1340.548,1342.97,2.422,I also gave you the largest regulation cut in history.,whisper_canonical
1034,1034_w0235,234,UNKNOWN,7,1343.01,1344.31,1.3,That's why we had all the jobs.,whisper_canonical
1034,1034_w0236,235,UNKNOWN,15,1344.47,1348.673,4.203,The tax cut spurred the greatest economy that we've ever seen just prior to COVID.,whisper_canonical
1034,1034_w0237,236,UNKNOWN,24,1348.713,1354.197,5.484,"And even after COVID, it was so strong that we were able to get through COVID much better than just about any other country.",whisper_canonical
1034,1034_w0238,237,UNKNOWN,7,1354.577,1357.059,2.482,The country was going like never before.,whisper_canonical
1034,1034_w0239,238,UNKNOWN,9,1357.559,1359.48,1.921,And we were ready to start paying down debt.,whisper_canonical
1034,1034_w0240,239,UNKNOWN,19,1359.52,1364.343,4.823,"We already start using the liquid gold right under our feet, the oil and gas right under our feet.",whisper_canonical
1034,1034_w0241,240,UNKNOWN,11,1364.684,1367.365,2.681,We were going to have something that nobody else has had.,whisper_canonical
1034,1034_w0242,241,UNKNOWN,5,1367.746,1368.866,1.12,We got hit with COVID.,whisper_canonical
1034,1034_w0243,242,UNKNOWN,7,1369.227,1370.427,1.2,We did a lot to fix it.,whisper_canonical
1034,1034_w0244,243,UNKNOWN,21,1370.467,1376.772,6.305,I gave him an unbelievable situation with all of the therapeutics and all of the things that we came up with.,whisper_canonical
1034,1034_w0245,244,UNKNOWN,5,1377.532,1378.873,1.341,We gave him something great.,whisper_canonical
1034,1034_w0246,245,UNKNOWN,23,1381.101,1389.506,8.405,"Professor Ozari, we've also, there's been reporting that the former president's campaign staff wants him to do what he did in June tonight.",whisper_canonical
1034,1034_w0247,246,UNKNOWN,5,1389.786,1391.547,1.761,"That is, stick to policy.",whisper_canonical
1034,1034_w0248,247,UNKNOWN,4,1391.807,1392.808,1.001,Why is that effective?,whisper_canonical
1034,1034_w0249,248,UNKNOWN,11,1394.969,1397.511,2.542,"Well, I think there's a couple ways of thinking about this.",whisper_canonical
1034,1034_w0250,249,UNKNOWN,6,1397.851,1399.873,2.022,One is this kind of assumption.,whisper_canonical
1034,1034_w0251,250,UNKNOWN,17,1399.933,1403.296,3.363,"And honestly, I think as a political scientist, the evidence on this is a little bit mixed.",whisper_canonical
1034,1034_w0252,251,UNKNOWN,21,1403.716,1408.68,4.964,"There's this idea that people are turned off when it's too negative, that people are turned off when it's too personal.",whisper_canonical
1034,1034_w0253,252,UNKNOWN,8,1409.581,1411.522,1.941,It's not clear that that is actually true.,whisper_canonical
1034,1034_w0254,253,UNKNOWN,7,1411.542,1412.443,0.901,It would be great if it were.,whisper_canonical
1034,1034_w0255,254,UNKNOWN,5,1413.244,1414.665,1.421,But there is some evidence.,whisper_canonical
1034,1034_w0256,255,UNKNOWN,8,1415.025,1416.907,1.882,People like to be rallied to their team.,whisper_canonical
1034,1034_w0257,256,UNKNOWN,3,1417.367,1417.747,0.38,I think what?,whisper_canonical
1034,1034_w0258,257,UNKNOWN,36,1418.668,1430.053,11.385,"What's going on there a bit is that Trump's campaign, his campaign, his handlers are really wanting him to kind of frame the debate in terms of what people remember about his presidency that was good.",whisper_canonical
1034,1034_w0259,258,UNKNOWN,25,1430.313,1437.077,6.764,And there were many things about the political environment that were that were quite calm and tranquil and good for people prior to the pandemic.,whisper_canonical
1034,1034_w0260,259,UNKNOWN,7,1437.417,1439.318,1.901,"That's a big, that's a big asterisk.",whisper_canonical
1034,1034_w0261,260,UNKNOWN,23,1439.818,1447.501,7.683,"But there's public opinion that suggests that that's some of what people remember about Trump was strong economy, a couple of pretty solid",whisper_canonical
1034,1034_w0262,261,UNKNOWN,5,1448.502,1450.062,1.56,years in the United States.,whisper_canonical
1034,1034_w0263,262,UNKNOWN,70,1450.382,1473.274,22.892,"And obviously not everybody remembers it that way, but I think that's what they want to clue into and kind of stick to those policies, stick to that record, think about how to contrast it with Biden's record, rather than getting into some of the more personal attacks, rather than getting into some of the kind of areas where Trump might go down some venues that are harder to explain.",whisper_canonical
1034,1034_w0264,263,UNKNOWN,59,1473.834,1492.85,19.016,"It doesn't seem like some of the attacks on Vice President Harris' identity are landing very well, so it's a fine line between rallying your team, being a little funny, reminding people why they don't like the other side, and being overly personal, going into attacks that maybe don't map onto what voters are interested in or thinking about.",whisper_canonical
1034,1034_w0265,264,UNKNOWN,12,1493.45,1496.353,2.903,"Moving to the vice president, how would you describe her debate style?",whisper_canonical
1034,1034_w0266,265,UNKNOWN,17,1498.898,1503.9,5.002,"also kind of describe her style as a little bit confrontational, I think, in a different way.",whisper_canonical
1034,1034_w0267,266,UNKNOWN,14,1504.4,1508.021,3.621,But you can tell in the way she debates that she's a former attorney.,whisper_canonical
1034,1034_w0268,267,UNKNOWN,43,1508.041,1520.565,12.524,"You can tell that she's comfortable in that context, that she's not somebody who is trying to reconcile, trying to be jovial, trying to be calm, and sort of thinking about it in contrast with the way that Obama debated, the way that",whisper_canonical
1034,1034_w0269,268,UNKNOWN,2,1521.665,1522.406,0.741,Biden debates.,whisper_canonical
1034,1034_w0270,269,UNKNOWN,4,1523.806,1524.746,0.94,I think it's different.,whisper_canonical
1034,1034_w0271,270,UNKNOWN,28,1524.766,1532.569,7.803,"I think her, her comfort in a kind of context where she has an opponent, she's a clear opponent, she has a job she's trying to get done.",whisper_canonical
1034,1034_w0272,271,UNKNOWN,6,1532.909,1534.15,1.241,I think that really comes out.,whisper_canonical
1034,1034_w0273,272,UNKNOWN,16,1534.79,1540.112,5.322,She's not afraid to express an opinion that might really rile the person she's debating against.,whisper_canonical
1034,1034_w0274,273,UNKNOWN,9,1540.632,1542.773,2.141,"That's, you know, I think that all comes through.",whisper_canonical
1034,1034_w0275,274,UNKNOWN,23,1543.333,1555.023,11.69,"Let's start with her debate, her first national debate, and that's when she squared off against the former president's vice president, Mike Pence.",whisper_canonical
1034,1034_w0276,275,UNKNOWN,14,1555.404,1560.588,5.184,The moment that people point to is when the vice president was interrupting her.,whisper_canonical
1034,1034_w0277,276,UNKNOWN,2,1561.389,1561.789,0.4,Let's watch.,whisper_canonical
1034,1034_w0278,277,UNKNOWN,2,1561.809,1562.39,0.581,Senator Harris.,whisper_canonical
1034,1034_w0279,278,UNKNOWN,27,1563.01,1568.632,5.622,"Well, I mean, we saw enough of it in last week's debate, but I think this is supposed to be a debate based on fact and truth.",whisper_canonical
1034,1034_w0280,279,UNKNOWN,26,1568.772,1574.734,5.962,"And the truth and the fact is, Joe Biden has been very clear he will not raise taxes on anybody who makes less than a year.",whisper_canonical
1034,1034_w0281,280,UNKNOWN,10,1574.794,1576.934,2.14,He said he's going to repeal the Trump tax cuts.,whisper_canonical
1034,1034_w0282,281,UNKNOWN,5,1577.014,1578.295,1.281,"Mr. Vice President, I'm speaking.",whisper_canonical
1034,1034_w0283,282,UNKNOWN,2,1579.975,1580.516,0.541,I'm speaking.,whisper_canonical
1034,1034_w0284,283,UNKNOWN,8,1580.536,1582.136,1.6,It'd be important if you said the truth.,whisper_canonical
1034,1034_w0285,284,UNKNOWN,18,1583.737,1587.958,4.221,Joe Biden said twice in the debate last week that he's going to repeal the Trump tax cuts.,whisper_canonical
1034,1034_w0286,285,UNKNOWN,10,1588.782,1591.423,2.641,That was tax cuts that gave the average working family,whisper_canonical
1034,1034_w0287,286,UNKNOWN,7,1593.404,1595.505,2.101,in a tax break every single year.,whisper_canonical
1034,1034_w0288,287,UNKNOWN,4,1595.585,1597.925,2.34,"Senator, that's the math.",whisper_canonical
1034,1034_w0289,288,UNKNOWN,5,1598.005,1599.486,1.481,That is absolutely not true.,whisper_canonical
1034,1034_w0290,289,UNKNOWN,12,1599.706,1602.027,2.321,Is he only going to repeal part of the Trump tax cuts?,whisper_canonical
1034,1034_w0291,290,UNKNOWN,13,1602.367,1605.688,3.321,"If you don't mind letting me finish, we can then have a conversation.",whisper_canonical
1034,1034_w0292,291,UNKNOWN,14,1608.889,1612.851,3.962,Joe Biden will not raise taxes on anyone who makes less than a year.,whisper_canonical
1034,1034_w0293,292,UNKNOWN,7,1612.891,1614.171,1.28,He has been very clear about that.,whisper_canonical
1034,1034_w0294,293,UNKNOWN,6,1614.712,1616.192,1.48,Joe Biden will not end fracking.,whisper_canonical
1034,1034_w0295,294,UNKNOWN,7,1616.412,1617.833,1.421,He has been very clear about that.,whisper_canonical
1034,1034_w0296,295,UNKNOWN,2,1619.638,1619.818,0.18,Joe Biden.,whisper_canonical
1034,1034_w0297,296,UNKNOWN,8,1638.475,1639.977,1.502,"I mean, people are still talking about it.",whisper_canonical
1034,1034_w0298,297,UNKNOWN,40,1640.718,1651.61,10.892,"And certainly, I think, you know, when we have these debates, not dissimilar to what we just saw with the other candidate, it's not the things that they say, and particularly these confrontational styles, not going to work for everybody.",whisper_canonical
1034,1034_w0299,298,UNKNOWN,21,1651.89,1659.118,7.228,"So this is not a style that's intended necessarily to win over skeptics, but it was such an interesting moment because",whisper_canonical
1034,1034_w0300,299,UNKNOWN,23,1660.259,1667.384,7.125,"Every professional woman who's been in a professional meeting kind of knows that feeling of being interrupted, and she just leaned into it.",whisper_canonical
1034,1034_w0301,300,UNKNOWN,4,1668.104,1669.545,1.441,She just owned it.,whisper_canonical
1034,1034_w0302,301,UNKNOWN,33,1670.206,1680.512,10.306,"And what this sort of suggests to me, and what I've been sort of thinking about since we've had so few examples of a woman in this debate context on the presidential stage,",whisper_canonical
1034,1034_w0303,302,UNKNOWN,12,1681.573,1683.554,1.981,is that I think this is a little bit part of her,whisper_canonical
1034,1034_w0304,303,UNKNOWN,23,1684.863,1693.411,8.548,"really taking steps using the debate context to try and define the meaning of being a woman, of being a person of color.",whisper_canonical
1034,1034_w0305,304,UNKNOWN,4,1693.532,1695.073,1.541,She uses the debate.,whisper_canonical
1034,1034_w0306,305,UNKNOWN,7,1695.133,1697.235,2.102,I don't know if it's always effective.,whisper_canonical
1034,1034_w0307,306,UNKNOWN,35,1697.275,1707.344,10.069,"Again, it doesn't always land with everybody and the vice presidential debate is a tricky one because I think it kind of tends to happen and then people like you and me talk about it,",whisper_canonical
1034,1034_w0308,307,UNKNOWN,24,1708.705,1714.289,5.584,"and I remember talking about it with my students the day after, but then it sort of fades from view for the most part.",whisper_canonical
1034,1034_w0309,308,UNKNOWN,16,1715.17,1718.012,2.842,"I do think the fact that we are still talking about this, though, is very much",whisper_canonical
1034,1034_w0310,309,UNKNOWN,18,1719.152,1725.937,6.785,"about gender, and is very much her effort to frame what her gender in this historic context means.",whisper_canonical
1034,1034_w0311,310,UNKNOWN,8,1728.171,1731.173,3.002,Let's go to in the primary cycle of,whisper_canonical
1034,1034_w0312,311,UNKNOWN,8,1732.594,1735.676,3.082,"And this is one of the moments between,",whisper_canonical
1034,1034_w0313,312,UNKNOWN,17,1736.877,1744.662,7.785,in the second Democratic primary debate between Kamala Harris and then candidate Joe Biden on this stage.,whisper_canonical
1034,1034_w0314,313,UNKNOWN,3,1745.103,1745.543,0.44,Take a listen.,whisper_canonical
1034,1034_w0315,314,UNKNOWN,24,1747.762,1756.508,8.746,"I do not believe you are a racist, and I agree with you when you commit yourself to the importance of finding common ground.",whisper_canonical
1034,1034_w0316,315,UNKNOWN,15,1757.389,1761.752,4.363,"But I also believe, and it's personal, and it was actually very, it was hurtful.",whisper_canonical
1034,1034_w0317,316,UNKNOWN,26,1763.269,1775.258,11.989,to hear you talk about the reputations of two United States senators who built their reputations and career on the segregation of race in this country.,whisper_canonical
1034,1034_w0318,317,UNKNOWN,8,1775.738,1778.12,2.382,You also worked with them to oppose busing.,whisper_canonical
1034,1034_w0319,318,UNKNOWN,22,1779.601,1786.867,7.266,"And, you know, there was a little girl in California who was part of the second class to integrate her public schools.",whisper_canonical
1034,1034_w0320,319,UNKNOWN,8,1787.407,1789.629,2.222,And she was bused to school every day.,whisper_canonical
1034,1034_w0321,320,UNKNOWN,6,1790.65,1791.811,1.161,And that little girl was me.,whisper_canonical
1034,1034_w0322,321,UNKNOWN,17,1794.149,1800.696,6.547,"So I will tell you that on this subject, it cannot be an intellectual debate among Democrats.",whisper_canonical
1034,1034_w0323,322,UNKNOWN,6,1800.757,1802.258,1.501,We have to take it seriously.,whisper_canonical
1034,1034_w0324,323,UNKNOWN,5,1802.699,1804.1,1.401,We have to act swiftly.,whisper_canonical
1034,1034_w0325,324,UNKNOWN,7,1806.343,1808.045,1.702,"Professor Azari, what was she doing there?",whisper_canonical
1034,1034_w0326,325,UNKNOWN,7,1810.333,1812.296,1.963,"Well, this is a really great question.",whisper_canonical
1034,1034_w0327,326,UNKNOWN,14,1812.316,1816.542,4.226,This is one of the iconic moments of that very crowded and very busy,whisper_canonical
1034,1034_w0328,327,UNKNOWN,2,1817.724,1818.705,0.981,primary season.,whisper_canonical
1034,1034_w0329,328,UNKNOWN,26,1819.146,1824.233,5.087,"And I think, I mean, mainly what she was doing was what we expect candidates to do in that setting, which is attack the front runner.",whisper_canonical
1034,1034_w0330,329,UNKNOWN,60,1825.595,1844.169,18.574,"And I think this was an interesting moment in the Democratic Party's history, because Biden had started to emerge, even by this early point, as a candidate of the African-American voting block within the Democratic Party, who was popular with African-American voters as someone who had worked with that community for a long time and served as Obama's vice president.",whisper_canonical
1034,1034_w0331,330,UNKNOWN,16,1844.589,1849.133,4.544,"And Harris, I think, maybe was expecting to have a little more inroads with those voters.",whisper_canonical
1034,1034_w0332,331,UNKNOWN,10,1849.453,1851.014,1.561,And so perhaps this was her attempt to do that.,whisper_canonical
1034,1034_w0333,332,UNKNOWN,19,1851.054,1856.575,5.521,Perhaps it's her attempt to distinguish herself in a crowded democratic field that's a really tough thing to do.,whisper_canonical
1034,1034_w0334,333,UNKNOWN,9,1857.275,1859.996,2.721,And it's not entirely clear that it was effective.,whisper_canonical
1034,1034_w0335,334,UNKNOWN,5,1860.457,1861.997,1.54,I think it was important.,whisper_canonical
1034,1034_w0336,335,UNKNOWN,7,1862.417,1864.018,1.601,It's something that we still talk about.,whisper_canonical
1034,1034_w0337,336,UNKNOWN,7,1864.038,1866.859,2.821,I think everything that she said was,whisper_canonical
1034,1034_w0338,337,UNKNOWN,23,1868.059,1873.141,5.082,factually true about her life and about what Biden had said about some of those senators that he served with in the 1970s.,whisper_canonical
1034,1034_w0339,338,UNKNOWN,12,1874.761,1876.763,2.002,And so I think it's certainly an important issue to bring up.,whisper_canonical
1034,1034_w0340,339,UNKNOWN,23,1876.823,1884.769,7.946,"I think as a piece of debate rhetoric in a primary context, I don't know that it was terribly, it was terribly effective.",whisper_canonical
1034,1034_w0341,340,UNKNOWN,13,1885.37,1887.452,2.082,I don't know that it did bring a lot of support to her.,whisper_canonical
1034,1034_w0342,341,UNKNOWN,9,1888.032,1890.214,2.182,"So Professor Ozari, does she do it that tonight?",whisper_canonical
1034,1034_w0343,342,UNKNOWN,6,1890.254,1892.756,2.502,Does she tell her story tonight?,whisper_canonical
1034,1034_w0344,343,UNKNOWN,4,1892.816,1893.537,0.721,Does she need to?,whisper_canonical
1034,1034_w0345,344,UNKNOWN,4,1896.008,1896.808,0.8,That's a good question.,whisper_canonical
1034,1034_w0346,345,UNKNOWN,19,1896.969,1902.772,5.803,I've heard a lot about this in the pre-debate commentary about the voters don't know who Kamala Harris is.,whisper_canonical
1034,1034_w0347,346,UNKNOWN,13,1903.292,1905.694,2.402,And there are a lot of different ways we can interpret that question.,whisper_canonical
1034,1034_w0348,347,UNKNOWN,21,1906.474,1911.117,4.643,We could interpret that question in terms of her background or her character or what she wants to say about herself.,whisper_canonical
1034,1034_w0349,348,UNKNOWN,8,1911.157,1912.718,1.561,She did some of that in the DNC.,whisper_canonical
1034,1034_w0350,349,UNKNOWN,7,1912.738,1913.979,1.241,And I expect she'll do some tonight.,whisper_canonical
1034,1034_w0351,350,UNKNOWN,11,1914.379,1917.861,3.482,But debates do tend to be more focused on policy matters.,whisper_canonical
1034,1034_w0352,351,UNKNOWN,23,1917.901,1924.884,6.983,And so I think I expect to hear much more about how she will be both similar and different from the Biden administration.,whisper_canonical
1034,1034_w0353,352,UNKNOWN,11,1924.924,1927.285,2.361,I expect to hear a lot more about change and continuity,whisper_canonical
1034,1034_w0354,353,UNKNOWN,3,1929.046,1930.246,1.2,across those administrations.,whisper_canonical
1034,1034_w0355,354,UNKNOWN,11,1930.606,1934.307,3.701,I expect to really hear her try to highlight her opponent.,whisper_canonical
1034,1034_w0356,355,UNKNOWN,33,1934.408,1944.071,9.663,"She's been, I think, very consistent in the way that she's tried to highlight what Trump will do looking forward, what his presidency was like that she wants to remind her voters of.",whisper_canonical
1034,1034_w0357,356,UNKNOWN,26,1944.491,1952.213,7.722,"And I think that to the best of her ability, depending on the questions of what happens, that's probably That's probably what she'll try to do.",whisper_canonical
1034,1034_w0358,357,UNKNOWN,12,1952.654,1958.695,6.041,She hasn't really talked overtly a lot about her specific demographic identity.,whisper_canonical
1034,1034_w0359,358,UNKNOWN,48,1959.356,1969.439,10.083,"It's been kind of part of the background, and I expect that will be true again, but I do kind of expect that, since we've now seen in these two clips, that this is, in a lot of ways, her effort to talk about what her identity means.",whisper_canonical
1034,1034_w0360,359,UNKNOWN,16,1969.939,1973.68,3.741,I would not be surprised if she tries to do that this time around as well.,whisper_canonical
1034,1034_w0361,360,UNKNOWN,8,1974.4,1978.321,3.921,"Julia Azari, political science professor at Marquette University.",whisper_canonical
1034,1034_w0362,361,UNKNOWN,6,1978.481,1980.402,1.921,Thank you for previewing tonight's debate.,whisper_canonical
1034,1034_w0363,362,UNKNOWN,4,1982.323,1983.023,0.7,Thanks for having me.,whisper_canonical
1034,1034_w0364,363,UNKNOWN,3,1984.724,1985.364,0.64,Back to calls.,whisper_canonical
1034,1034_w0365,364,UNKNOWN,9,1985.384,1988.445,3.061,"We'll go to Barbara in Miami, Florida, Republican Barbara.",whisper_canonical
1034,1034_w0366,365,UNKNOWN,9,1988.645,1990.525,1.88,What do you want to hear from these candidates?,whisper_canonical
1034,1034_w0367,366,UNKNOWN,3,1995.587,1996.667,1.08,Barbara in Miami.,whisper_canonical
1034,1034_w0368,367,UNKNOWN,4,1996.687,1998.287,1.6,Are you with us?,whisper_canonical
1034,1034_w0369,368,UNKNOWN,2,1998.347,1998.868,0.521,"Hi, Barbara.",whisper_canonical
1034,1034_w0370,369,UNKNOWN,3,1998.888,1999.448,0.56,It's your turn.,whisper_canonical
1034,1034_w0371,370,UNKNOWN,10,1999.488,2001.488,2.0,What do you want to hear from the candidates tonight?,whisper_canonical
1034,1034_w0372,371,UNKNOWN,8,2006.61,2008.13,1.52,"All right, Barbara, I'm going to move on.",whisper_canonical
1034,1034_w0373,372,UNKNOWN,4,2008.25,2009.991,1.741,"Robbie in Converse, Texas.",whisper_canonical
1034,1034_w0374,373,UNKNOWN,2,2010.211,2010.711,0.5,"Hi, Robbie.",whisper_canonical
1034,1034_w0375,374,UNKNOWN,10,2011.733,2016.275,4.542,"Hello. Robbie, who do you support in this presidential election?",whisper_canonical
1034,1034_w0376,375,UNKNOWN,7,2016.315,2017.575,1.26,He won't even be on the stage.,whisper_canonical
1034,1034_w0377,376,UNKNOWN,7,2017.615,2020.336,2.721,"His name is Chase Oliver, Libertarian candidate.",whisper_canonical
1034,1034_w0378,377,UNKNOWN,11,2020.916,2023.777,2.861,Okay. We had him on The Washington Journal here on C-SPAN.,whisper_canonical
1034,1034_w0379,378,UNKNOWN,3,2024.617,2025.198,0.581,Good for y'all.,whisper_canonical
1034,1034_w0380,379,UNKNOWN,2,2025.238,2025.618,0.38,Thank you.,whisper_canonical
1034,1034_w0381,380,UNKNOWN,4,2025.818,2026.578,0.76,Thank you very much.,whisper_canonical
1034,1034_w0382,381,UNKNOWN,6,2027.418,2029.439,2.021,And so will you watch tonight?,whisper_canonical
1034,1034_w0383,382,UNKNOWN,13,2030.399,2033.86,3.461,"Absolutely. Well, I'll be driving Uber, but I'll be listening while I'm driving.",whisper_canonical
1034,1034_w0384,383,UNKNOWN,2,2035.141,2035.441,0.3,All right.,whisper_canonical
1034,1034_w0385,384,UNKNOWN,6,2036.17,2038.072,1.902,"I, and give me a second.",whisper_canonical
1034,1034_w0386,385,UNKNOWN,15,2038.112,2041.595,3.483,"The things I want to hear from those candidates, you know what I'd really love?",whisper_canonical
1034,1034_w0387,386,UNKNOWN,11,2042.155,2044.718,2.563,"Like you guys, you put Chase Oliver on your Washington Post.",whisper_canonical
1034,1034_w0388,387,UNKNOWN,24,2045.218,2051.644,6.426,"I would like to hear the candidates address the issue of why, like Chase Oliver and Jill Stein are not on that debate stage.",whisper_canonical
1034,1034_w0389,388,UNKNOWN,8,2052.409,2054.572,2.163,"And further, and that should be a no-brainer.",whisper_canonical
1034,1034_w0390,389,UNKNOWN,8,2054.612,2055.753,1.141,I'd love to hear their thoughts on that.,whisper_canonical
1034,1034_w0391,390,UNKNOWN,6,2055.773,2056.694,0.921,"Of course, they won't do that.",whisper_canonical
1034,1034_w0392,391,UNKNOWN,48,2057.174,2073.232,16.058,"But also, I'd like to hear them, and this one is really important, and I think because they don't hear the other opinions, I'd love to hear them come up with alternative ideas to, like, taxing the rich or charitying the foreigners, like creating a sovereign wealth fund.",whisper_canonical
1034,1034_w0393,392,UNKNOWN,52,2073.999,2086.44,12.441,"I hate to give the two-party system a good advice, but I'd love to hear them come up with a sovereign wealth system that can rival some of the other countries in the world that are gaining a lot of power, a lot of money, finances to be able to do things.",whisper_canonical
1034,1034_w0394,393,UNKNOWN,23,2087.673,2093.454,5.781,"that, you know, that the two-party system would like to do in this country, like, you know, free health care and free college.",whisper_canonical
1034,1034_w0395,394,UNKNOWN,18,2094.094,2100.036,5.942,And to not use the wealth of the wealthy or the foreigners to try to accomplish those goals.,whisper_canonical
1034,1034_w0396,395,UNKNOWN,21,2100.336,2105.897,5.561,"All right, Robby, we also had Jill Stein on The Washington Journal the same day that we had the Libertarian candidate.",whisper_canonical
1034,1034_w0397,396,UNKNOWN,3,2106.277,2106.737,0.46,Check it out.,whisper_canonical
1034,1034_w0398,397,UNKNOWN,3,2106.797,2108.397,1.6,Go to cspan.org.,whisper_canonical
1034,1034_w0399,398,UNKNOWN,6,2108.477,2110.958,2.481,"Beverly in Woodstock, Virginia, Democratic caller.",whisper_canonical
1034,1034_w0400,399,UNKNOWN,2,2113.583,2114.083,0.5,Hi there.,whisper_canonical
1034,1034_w0401,400,UNKNOWN,12,2114.143,2117.005,2.862,Hi. What do you want to hear from the vice president tonight?,whisper_canonical
1034,1034_w0402,401,UNKNOWN,14,2117.805,2123.209,5.404,I would like to hear the vice president speak respectfully to former Trump supporters.,whisper_canonical
1034,1034_w0403,402,UNKNOWN,16,2123.389,2127.971,4.582,"Or once they're on the edge, I live in a very rural red part of Virginia.",whisper_canonical
1034,1034_w0404,403,UNKNOWN,8,2128.612,2130.333,1.721,And I have friends who voted for Trump.,whisper_canonical
1034,1034_w0405,404,UNKNOWN,11,2130.753,2132.994,2.241,"But they are now, they don't want to vote for him.",whisper_canonical
1034,1034_w0406,405,UNKNOWN,23,2133.334,2139.738,6.404,But we need her to speak in such a way that it's not going to give them reasons to not vote for Harris.,whisper_canonical
1034,1034_w0407,406,UNKNOWN,32,2140.298,2152.426,12.128,I would like her to be respectful and look towards something that will help move them towards her or at least prevent them from dismissing her as a candidate to survival options.,whisper_canonical
1034,1034_w0408,407,UNKNOWN,10,2152.466,2154.708,2.242,"All right, Beverly, what message would work to do that?",whisper_canonical
1034,1034_w0409,408,UNKNOWN,3,2154.748,2155.249,0.501,Do you think?,whisper_canonical
1034,1034_w0410,409,UNKNOWN,3,2156.43,2158.852,2.422,Respect. Just respect.,whisper_canonical
1034,1034_w0411,410,UNKNOWN,9,2158.872,2161.374,2.502,"Just a tone of voice, not a policy issue.",whisper_canonical
1034,1034_w0412,411,UNKNOWN,29,2163.337,2173.56,10.223,"I mean, the policy issues are tricky out here, but I think it's really more about feeling respected, not alienated, not humiliated, the opposite of the basket of deplorables.",whisper_canonical
1034,1034_w0413,412,UNKNOWN,16,2174.08,2178.361,4.281,"Because once that hit, I heard from my friends over and over again, that was it.",whisper_canonical
1034,1034_w0414,413,UNKNOWN,8,2178.521,2180.642,2.121,And they would never consider voting for her.,whisper_canonical
1034,1034_w0415,414,UNKNOWN,16,2181.002,2184.483,3.481,And so I think Harris has to be really careful in a community like mine to,whisper_canonical
1034,1034_w0416,415,UNKNOWN,4,2186.604,2187.684,1.08,not trip over an,whisper_canonical
1034,1034_w0417,416,UNKNOWN,10,2188.784,2193.656,4.872,insult or an unintended issue that's going to alienate people.,whisper_canonical
1034,1034_w0418,417,UNKNOWN,6,2193.676,2195.457,1.781,Because there are former Trump voters.,whisper_canonical
1034,1034_w0419,418,UNKNOWN,3,2195.497,2196.378,0.881,They're very quiet.,whisper_canonical
1034,1034_w0420,419,UNKNOWN,6,2196.398,2197.538,1.14,They won't put out yard signs.,whisper_canonical
1034,1034_w0421,420,UNKNOWN,6,2197.558,2198.719,1.161,They won't really talk about it.,whisper_canonical
1034,1034_w0422,421,UNKNOWN,5,2199.079,2201.88,2.801,"I've had offline, in-person conversations.",whisper_canonical
1034,1034_w0423,422,UNKNOWN,17,2202.521,2207.303,4.782,"And they're willing to not vote for Trump, but they have to not be offended by Harris.",whisper_canonical
1034,1034_w0424,423,UNKNOWN,26,2207.563,2214.867,7.304,And so I really hope she can thread that needle and do a beautiful job of leaving the door open for them with graciousness and welcome.,whisper_canonical
1034,1034_w0425,424,UNKNOWN,2,2215.187,2215.507,0.32,All right.,whisper_canonical
1034,1034_w0426,425,UNKNOWN,3,2215.807,2216.888,1.081,Beverly in Virginia.,whisper_canonical
1034,1034_w0427,426,UNKNOWN,3,2216.928,2217.908,0.98,Democratic caller there.,whisper_canonical
1034,1034_w0428,427,UNKNOWN,5,2217.948,2220.29,2.342,"John, Lakewood, New Jersey, Republican.",whisper_canonical
1034,1034_w0429,428,UNKNOWN,2,2220.35,2222.503,2.153,John. Yes.,whisper_canonical
1034,1034_w0430,429,UNKNOWN,3,2222.603,2223.624,1.021,"Hello. Hi, John.",whisper_canonical
1034,1034_w0431,430,UNKNOWN,11,2224.124,2226.045,1.921,What do you want to hear from the former president tonight?,whisper_canonical
1034,1034_w0432,431,UNKNOWN,9,2227.786,2230.808,3.022,I'd actually like to hear from the vice president.,whisper_canonical
1034,1034_w0433,432,UNKNOWN,5,2231.008,2232.189,1.181,Okay. I'd like to hear,whisper_canonical
1034,1034_w0434,433,UNKNOWN,5,2233.85,2235.491,1.641,her speaking about the border.,whisper_canonical
1034,1034_w0435,434,UNKNOWN,21,2235.511,2243.055,7.544,"I think a lot of people are wondering about that, like where she been, you know, in the last few years.",whisper_canonical
1034,1034_w0436,435,UNKNOWN,13,2244.676,2249.499,4.823,"And I'd also like to hear her, you know, answering up for her,",whisper_canonical
1034,1034_w0437,436,UNKNOWN,8,2252.753,2257.501,4.748,"for foreign policy, especially in Israel, the conflict,",whisper_canonical
1034,1034_w0438,437,UNKNOWN,11,2258.583,2261.328,2.745,and to hear more what she's going to do about that.,whisper_canonical
1034,1034_w0439,438,UNKNOWN,3,2261.847,2262.928,1.081,OK. All right.,whisper_canonical
1034,1034_w0440,439,UNKNOWN,11,2262.968,2267.79,4.822,We will be soundly casting ABC's debate here on C-SPAN Networks.,whisper_canonical
1034,1034_w0441,440,UNKNOWN,10,2267.95,2270.172,2.222,And you can watch here when it begins at p.m.,whisper_canonical
1034,1034_w0442,441,UNKNOWN,2,2270.232,2270.712,0.48,Eastern time.,whisper_canonical
1034,1034_w0443,442,UNKNOWN,17,2270.992,2275.955,4.963,"Also, if you're on the go, you can watch on our free video mobile app, C-SPAN Now.",whisper_canonical
1034,1034_w0444,443,UNKNOWN,8,2276.095,2279.757,3.662,"And you can also on our website, cspan.org.",whisper_canonical
1034,1034_w0445,444,UNKNOWN,13,2279.777,2284.039,4.262,You'll be able to find the debate after it's over tonight as well.,whisper_canonical
1034,1034_w0446,445,UNKNOWN,12,2284.379,2286.941,2.562,"When it concludes, we're going to go back to the phone lines.",whisper_canonical
1034,1034_w0447,446,UNKNOWN,16,2287.281,2292.042,4.761,have a conversation with all of you and get your reaction to tonight's debate as well.,whisper_canonical
1034,1034_w0448,447,UNKNOWN,10,2292.062,2297.644,5.582,"We're expecting it to last about minutes, so around p.m.",whisper_canonical
1034,1034_w0449,448,UNKNOWN,10,2297.844,2301.265,3.421,Eastern time is when we expect the debate to wrap.,whisper_canonical
1034,1034_w0450,449,UNKNOWN,29,2301.285,2310.207,8.922,"They're going to have two commercial breaks, and that's when we will pick up here with our, resume our conversation with all of you tonight and get your reaction.",whisper_canonical
1034,1034_w0451,450,UNKNOWN,8,2310.508,2314.929,4.421,"Joyce in Asbury Park, New Jersey, Democratic caller.",whisper_canonical
1034,1034_w0452,451,UNKNOWN,2,2314.969,2315.369,0.4,"Hi, Joyce.",whisper_canonical
1034,1034_w0453,452,UNKNOWN,4,2317.147,2318.388,1.241,Hi. How are you?,whisper_canonical
1034,1034_w0454,453,UNKNOWN,3,2318.408,2319.789,1.381,Hi. Go ahead.,whisper_canonical
1034,1034_w0455,454,UNKNOWN,11,2319.829,2322.21,2.381,And what do you want to hear from the candidates tonight?,whisper_canonical
1034,1034_w0456,455,UNKNOWN,16,2323.351,2327.093,3.742,"Well, I really don't care what Trump says, because I would never, ever vote for him.",whisper_canonical
1034,1034_w0457,456,UNKNOWN,12,2327.193,2329.915,2.722,"So I really don't care, because all he does is lie anyway.",whisper_canonical
1034,1034_w0458,457,UNKNOWN,27,2330.455,2339.58,9.125,"But I would like for the VP to speak more about her policies, because there's so many people out there stating that she doesn't have any policy.",whisper_canonical
1034,1034_w0459,458,UNKNOWN,6,2339.62,2340.881,1.261,She has a lot of policies.,whisper_canonical
1034,1034_w0460,459,UNKNOWN,14,2341.361,2345.144,3.783,She has a great agenda that she wants to put forth to the country.,whisper_canonical
1034,1034_w0461,460,UNKNOWN,8,2345.544,2347.145,1.601,So that's what I would like to hear.,whisper_canonical
1034,1034_w0462,461,UNKNOWN,20,2347.586,2352.809,5.223,But I would also like to address one caller when they said that she should be respectful to his supporters.,whisper_canonical
1034,1034_w0463,462,UNKNOWN,21,2353.149,2360.775,7.626,I totally disagree because his supporters are very disrespectful and they're rude and some of them you just can't talk to.,whisper_canonical
1034,1034_w0464,463,UNKNOWN,9,2361.511,2364.733,3.222,"So her being, she's a very respectful person anyway.",whisper_canonical
1034,1034_w0465,464,UNKNOWN,15,2365.113,2368.775,3.662,So I just think that call was just unnecessary and really didn't make any sense.,whisper_canonical
1034,1034_w0466,465,UNKNOWN,8,2369.276,2371.277,2.001,But basically that's all I have to say.,whisper_canonical
1034,1034_w0467,466,UNKNOWN,7,2371.915,2375.638,3.723,"OK, Joyce, Kevin and Hampton, Virginia, Republican.",whisper_canonical
1034,1034_w0468,467,UNKNOWN,10,2376.219,2380.843,4.624,"Kevin, our cameras are inside the Philadelphia Convention Center tonight.",whisper_canonical
1034,1034_w0469,468,UNKNOWN,12,2380.883,2384.126,3.243,That is where all the media has gathered ahead of tonight's debate.,whisper_canonical
1034,1034_w0470,469,UNKNOWN,12,2384.386,2387.228,2.842,And that's where we're going to hear from supporters of these candidates.,whisper_canonical
1034,1034_w0471,470,UNKNOWN,11,2387.709,2390.932,3.223,Some are already talking to the media ahead of tonight's debate.,whisper_canonical
1034,1034_w0472,471,UNKNOWN,12,2390.972,2394.435,3.463,There will be more in the so-called spin room after the debate.,whisper_canonical
1034,1034_w0473,472,UNKNOWN,8,2395.255,2396.797,1.542,"Kevin, what do you want to hear tonight?",whisper_canonical
1034,1034_w0474,473,UNKNOWN,15,2399.667,2407.429,7.762,"I'd like to hear some honesty, some civility, and America really needs healing right now.",whisper_canonical
1034,1034_w0475,474,UNKNOWN,6,2407.529,2409.85,2.321,"So I'm just, I'm hoping that",whisper_canonical
1034,1034_w0476,475,UNKNOWN,16,2411.25,2418.113,6.863,we're able to come together and just really move past this dark period in our history.,whisper_canonical
1034,1034_w0477,476,UNKNOWN,17,2419.873,2426.255,6.382,"All right, Kevin in West Virginia, Republican Thorn in California, Democratic caller, let's hear from you next.",whisper_canonical
1034,1034_w0478,477,UNKNOWN,3,2428.755,2429.075,0.32,How are you?,whisper_canonical
1034,1034_w0479,478,UNKNOWN,2,2429.695,2430.276,0.581,Doing well.,whisper_canonical
1034,1034_w0480,479,UNKNOWN,10,2430.536,2432.497,1.961,What do you want to hear tonight during this debate?,whisper_canonical
1034,1034_w0481,480,UNKNOWN,16,2433.977,2437.439,3.462,"Well, I don't think that we should have the standard where Kamala has to be perfect.",whisper_canonical
1034,1034_w0482,481,UNKNOWN,6,2438.679,2440.54,1.861,"And I just, it's primetime TV.",whisper_canonical
1034,1034_w0483,482,UNKNOWN,27,2440.58,2452.106,11.526,I'm just excited to see her take down Trump and have it be just a really great prosecution of all that he has achieved in his life.,whisper_canonical
1034,1034_w0484,483,UNKNOWN,5,2453.166,2454.667,1.501,You call it primetime TV.,whisper_canonical
1034,1034_w0485,484,UNKNOWN,4,2454.707,2455.087,0.38,What do you mean?,whisper_canonical
1034,1034_w0486,485,UNKNOWN,20,2456.948,2461.253,4.305,"I mean, I'm waiting for the next season of House of the Dragon, and this is the next best thing.",whisper_canonical
1034,1034_w0487,486,UNKNOWN,19,2461.773,2469.381,7.608,"Okay. We'll take a look at New York Times headline by their media reporter today, predicting the debate ratings.",whisper_canonical
1034,1034_w0488,487,UNKNOWN,2,2469.521,2471.023,1.502,Superbowl? Nah?,whisper_canonical
1034,1034_w0489,488,UNKNOWN,2,2471.563,2473.125,1.562,Seinfeld? Finale?,whisper_canonical
1034,1034_w0490,489,UNKNOWN,10,2473.445,2477.468,4.023,Maybe. And this is what he writes about tonight's debate.,whisper_canonical
1034,1034_w0491,490,UNKNOWN,7,2477.508,2479.89,2.382,The record for a presidential debate is,whisper_canonical
1034,1034_w0492,491,UNKNOWN,12,2480.971,2486.575,5.604,million viewers for the first meeting in between Hillary Clinton and Mr.,whisper_canonical
1034,1034_w0493,492,UNKNOWN,6,2486.595,2488.697,2.102,Trump. So Tuesday's bout between Ms.,whisper_canonical
1034,1034_w0494,493,UNKNOWN,3,2488.737,2489.617,0.88,Harris and Mr.,whisper_canonical
1034,1034_w0495,494,UNKNOWN,30,2489.677,2500.926,11.249,"Trump, which will be simulcast on nearly every major network, could theoretically draw an audience akin to that of the final episodes of Seinfeld, million, and Cheers, which was million.",whisper_canonical
1034,1034_w0496,495,UNKNOWN,11,2504.088,2507.891,3.803,Mr. Trump's presence alone suggests a large audience will tune in.,whisper_canonical
1034,1034_w0497,496,UNKNOWN,45,2508.171,2528.726,20.555,"He has participated in three of the four most watched general election debates since The Hollywood Reporter, with the ratings numbers for the June debate of this election cycle when it was the former president against President Joe Biden, the ratings of that debate drew",whisper_canonical
1034,1034_w0498,497,UNKNOWN,13,2529.787,2539.716,9.929,"million viewers way below the numbers, which saw closer to around million in",whisper_canonical
1034,1034_w0499,498,UNKNOWN,19,2540.797,2549.564,8.767,"So a big audience expected for tonight's ABC debate, and we will be simulcasting here on the C-SPAN networks.",whisper_canonical
1034,1034_w0500,499,UNKNOWN,5,2550.325,2552.727,2.402,"Glenn in Union Kentucky, Republican.",whisper_canonical
1034,1034_w0501,500,UNKNOWN,2,2552.967,2555.87,2.903,Glenn. Hello.,whisper_canonical
1034,1034_w0502,501,UNKNOWN,2,2556.15,2556.731,0.581,"Hi, Glenn.",whisper_canonical
1034,1034_w0503,502,UNKNOWN,26,2560.937,2568.523,7.586,"I wanted to call because I am in support of Trump, and I have been in support of Trump since the very first time he ran",whisper_canonical
1034,1034_w0504,503,UNKNOWN,13,2570.004,2576.108,6.104,"in And the reason why we originally supported him, we can't forget that.",whisper_canonical
1034,1034_w0505,504,UNKNOWN,4,2576.749,2578.03,1.281,He was the outsider.,whisper_canonical
1034,1034_w0506,505,UNKNOWN,5,2578.05,2580.051,2.001,He was not a politician.,whisper_canonical
1034,1034_w0507,506,UNKNOWN,16,2580.151,2586.496,6.345,He was brought to the country as a president because he was there to change things.,whisper_canonical
1034,1034_w0508,507,UNKNOWN,22,2587.257,2595.158,7.901,He was brought to the country to drain the swamp and to get rid of corruption and to make America great again.,whisper_canonical
1034,1034_w0509,508,UNKNOWN,17,2595.819,2602.111,6.292,"And I don't see what Democrats are so angry about making great again, make America great again.",whisper_canonical
1034,1034_w0510,509,UNKNOWN,9,2602.879,2605.34,2.461,"You know, they're so against it for some reason.",whisper_canonical
1034,1034_w0511,510,UNKNOWN,4,2605.36,2606.121,0.761,I don't get that.,whisper_canonical
1034,1034_w0512,511,UNKNOWN,2,2606.561,2606.941,0.38,All right.,whisper_canonical
1034,1034_w0513,512,UNKNOWN,5,2607.181,2609.042,1.861,"Glenn there in Union, Kentucky.",whisper_canonical
1034,1034_w0514,513,UNKNOWN,20,2609.463,2617.987,8.524,C-SPAN caught up with people on the streets about tonight's debate and what they wanted to hear from the candidates.,whisper_canonical
1034,1034_w0515,514,UNKNOWN,10,2618.027,2619.648,1.621,Take a look at some of the answers we got.,whisper_canonical
1034,1034_w0516,515,UNKNOWN,8,2622.328,2625.351,3.023,Discover the heartbeat of democracy with C-SPAN Voices,whisper_canonical
1034,1034_w0517,516,UNKNOWN,31,2626.812,2636.42,9.608,"as we engage voters ahead of the first debate between Vice President Kamala Harris and former President Donald Trump asking, what issue would you like for them to address and why?",whisper_canonical
1034,1034_w0518,517,UNKNOWN,6,2636.441,2639.743,3.302,"Hello, my name is Bregan Flannery.",whisper_canonical
1034,1034_w0519,518,UNKNOWN,3,2639.823,2640.304,0.481,I'm from St.,whisper_canonical
1034,1034_w0520,519,UNKNOWN,2,2640.324,2640.944,0.62,St. Alabama.,whisper_canonical
1034,1034_w0521,520,UNKNOWN,13,2642.047,2645.708,3.661,My biggest issue this election season is probably the bias in the media.,whisper_canonical
1034,1034_w0522,521,UNKNOWN,21,2645.928,2653.771,7.843,I feel like we don't have adequate coverage of both parties and you know we just have a very leftist media.,whisper_canonical
1034,1034_w0523,522,UNKNOWN,8,2655.011,2657.352,2.341,"My top issue is women's rights, reproductive rights.",whisper_canonical
1034,1034_w0524,523,UNKNOWN,4,2658.153,2658.993,0.84,"I have a wife,",whisper_canonical
1034,1034_w0525,524,UNKNOWN,7,2660.293,2661.634,1.341,I have two daughters and two sons,whisper_canonical
1034,1034_w0526,525,UNKNOWN,32,2662.694,2669.737,7.043,"and the most important thing for me is to make sure that my daughters are safe, my wife is safe and every other woman is safe because I'm a big believer in",whisper_canonical
1034,1034_w0527,526,UNKNOWN,10,2673.255,2675.936,2.681,"Not just equal rights, but every woman has a choice.",whisper_canonical
1034,1034_w0528,527,UNKNOWN,12,2676.377,2680.158,3.781,I guess my top issue is the preservation of democracy and freedom.,whisper_canonical
1034,1034_w0529,528,UNKNOWN,9,2680.619,2683.18,2.561,And it seems like our freedoms are being eroded.,whisper_canonical
1034,1034_w0530,529,UNKNOWN,25,2683.9,2690.663,6.763,"Here in the National Mall and World War II, museums right next door, a lot of people pay a really heavy price for that freedom.",whisper_canonical
1034,1034_w0531,530,UNKNOWN,10,2690.683,2693.845,3.162,And that's what I think we need to focus on.,whisper_canonical
1034,1034_w0532,531,UNKNOWN,31,2694.185,2700.391,6.206,"When I think about who I'm voting for really will center around health care and women's rights, our rights to choose, our rights to be in charge of our own body.",whisper_canonical
1034,1034_w0533,532,UNKNOWN,13,2700.852,2704.595,3.743,"And really just a big picture, better access to health care for everyone.",whisper_canonical
1034,1034_w0534,533,UNKNOWN,7,2704.795,2706.557,1.762,"Equal slate, equal playing field for all.",whisper_canonical
1034,1034_w0535,534,UNKNOWN,9,2707.198,2709.44,2.242,I would say my top issue for the U.S.,whisper_canonical
1034,1034_w0536,535,UNKNOWN,9,2709.5,2712.983,3.483,right now would probably be immigration and the illegals.,whisper_canonical
1034,1034_w0537,536,UNKNOWN,14,2714.204,2716.967,2.763,We can kind of close up the border but keep it open to people,whisper_canonical
1034,1034_w0538,537,UNKNOWN,6,2718.792,2720.795,2.003,"Immigrating legally, that would be fine.",whisper_canonical
1034,1034_w0539,538,UNKNOWN,24,2720.955,2727.104,6.149,"But yeah, until they get corrected, I think there's going to be a lot more other issues that are going to stem from that.",whisper_canonical
1034,1034_w0540,539,UNKNOWN,7,2727.144,2728.526,1.382,So hopefully get that corrected here soon.,whisper_canonical
1034,1034_w0541,540,UNKNOWN,9,2729.607,2733.473,3.866,C-SPAN's Voice is Be a part of the conversation.,whisper_canonical
1034,1034_w0542,541,UNKNOWN,15,2738.217,2742.899,4.682,"And back to your calls here as we await the first president, the presidential debate.",whisper_canonical
1034,1034_w0543,542,UNKNOWN,7,2742.919,2744.4,1.481,It's the second of this election cycle.,whisper_canonical
1034,1034_w0544,543,UNKNOWN,12,2744.42,2748.382,3.962,It's the first between Vice President Harris and the former President Trump.,whisper_canonical
1034,1034_w0545,544,UNKNOWN,11,2748.422,2752.624,4.202,And that is going to get underway in less than minutes.,whisper_canonical
1034,1034_w0546,545,UNKNOWN,6,2752.744,2754.284,1.54,ABC is the host of that.,whisper_canonical
1034,1034_w0547,546,UNKNOWN,7,2754.324,2757.166,2.842,We are simulcasting it here on C-SPAN.,whisper_canonical
1034,1034_w0548,547,UNKNOWN,15,2757.566,2761.628,4.062,And we want to know what you want to hear from these two candidates tonight.,whisper_canonical
1034,1034_w0549,548,UNKNOWN,6,2762.128,2765.189,3.061,"Marilyn in Norfolk, Virginia, an independent.",whisper_canonical
1034,1034_w0550,549,UNKNOWN,5,2765.509,2766.59,1.081,"Marilyn, let's hear from you.",whisper_canonical
1034,1034_w0551,550,UNKNOWN,28,2768.444,2776.828,8.384,"I would like to hear Donald Trump, since he admitted that he did lose the election last week, I would like to hear him apologize to all U.S.",whisper_canonical
1034,1034_w0552,551,UNKNOWN,26,2776.888,2786.292,9.404,"citizens. I would like to hear him apologize for ruining people's lives and all types of things, losing their homes, losing a job, sitting in jail",whisper_canonical
1034,1034_w0553,552,UNKNOWN,5,2787.372,2788.653,1.281,because of his big lie.,whisper_canonical
1034,1034_w0554,553,UNKNOWN,32,2789.292,2801.559,12.267,"Secondly, I would like to hear him admit, since Kamala Harris is being accused of having bad policies during the last administration and doing all these bad things, I would like Mr.",whisper_canonical
1034,1034_w0555,554,UNKNOWN,25,2801.619,2813.886,12.267,Trump to tell us how much of those things in his administration—we should congratulate and thank all the things he did during Donald Trump's administration.,whisper_canonical
1034,1034_w0556,555,UNKNOWN,15,2813.946,2817.608,3.662,And Donald Trump should stop taking credit for all the things that Mike Pence did.,whisper_canonical
1034,1034_w0557,556,UNKNOWN,35,2818.418,2829.708,11.29,"And the last thing I'd like to hear is I'd like to hear Vice President Harris say, you know, Joe Biden and I have done a lot during this administration during these almost four years.",whisper_canonical
1034,1034_w0558,557,UNKNOWN,15,2830.008,2833.932,3.924,"We didn't get everything right, but we did the things that we didn't get right.",whisper_canonical
1034,1034_w0559,558,UNKNOWN,23,2833.972,2840.398,6.426,"We're working on, but we should be congratulated and people should appreciate the things and the good things that we did get done.",whisper_canonical
1034,1034_w0560,559,UNKNOWN,2,2840.898,2841.758,0.86,"Okay, Marilyn.",whisper_canonical
1034,1034_w0561,560,UNKNOWN,5,2841.858,2842.838,0.98,I'd like to hear tonight.,whisper_canonical
1034,1034_w0562,561,UNKNOWN,2,2842.979,2843.359,0.38,All right.,whisper_canonical
1034,1034_w0563,562,UNKNOWN,5,2843.439,2846.779,3.34,"Chris and Brunswick, Georgia Republican.",whisper_canonical
1034,1034_w0564,563,UNKNOWN,9,2846.799,2848.72,1.921,"Hey, Chris, just hang with us for a minute.",whisper_canonical
1034,1034_w0565,564,UNKNOWN,6,2848.74,2849.8,1.06,Let's go into the spin room.,whisper_canonical
1034,1034_w0566,565,UNKNOWN,8,2849.84,2853.041,3.201,California Governor Gavin Newsom is talking to reporters.,whisper_canonical
1034,1034_w0567,566,UNKNOWN,16,2853.121,2858.702,5.581,"Not only visited right after October 7th, Israel, but also brought a field hospital in Togasa.",whisper_canonical
1034,1034_w0568,567,UNKNOWN,3,2858.762,2859.162,0.4,I don't know.,whisper_canonical
1034,1034_w0569,568,UNKNOWN,9,2859.182,2861.643,2.461,"There's another state that did this, breaks my heart.",whisper_canonical
1034,1034_w0570,569,UNKNOWN,8,2862.023,2864.445,2.422,What happened on October Want these hostages home?,whisper_canonical
1034,1034_w0571,570,UNKNOWN,6,2864.725,2865.746,1.021,We want this war to end.,whisper_canonical
1034,1034_w0572,571,UNKNOWN,28,2866.127,2872.032,5.905,"So does Kamala Harris, so does Tim Walsh, so does the Biden administration, that every hour of every day are trying to get this war to an end.",whisper_canonical
1034,1034_w0573,572,UNKNOWN,9,2872.092,2873.994,1.902,"Donald Trump, you got to give me a break.",whisper_canonical
1034,1034_w0574,573,UNKNOWN,3,2874.454,2875.135,0.681,What's his plan?,whisper_canonical
1034,1034_w0575,574,UNKNOWN,9,2875.155,2877.077,1.922,I guess it's another one of these secret plans.,whisper_canonical
1034,1034_w0576,575,UNKNOWN,4,2877.117,2877.557,0.44,It's an easy one.,whisper_canonical
1034,1034_w0577,576,UNKNOWN,9,2877.577,2879.238,1.661,But the genocide has been found by the administration.,whisper_canonical
1034,1034_w0578,577,UNKNOWN,7,2879.259,2881.02,1.761,What would this two-state solution look like?,whisper_canonical
1034,1034_w0579,578,UNKNOWN,13,2881.04,2883.102,2.062,"Well, look, I'm not going to get into the new nuances of policy.",whisper_canonical
1034,1034_w0580,579,UNKNOWN,7,2883.122,2884.403,1.281,"OK, then I'll give you a question.",whisper_canonical
1034,1034_w0581,580,UNKNOWN,16,2884.443,2888.587,4.144,What would you like to see from the new president on day one regarding the border?,whisper_canonical
1034,1034_w0582,581,UNKNOWN,7,2889.408,2891.429,2.021,"Well, I think we have a proposal.",whisper_canonical
1034,1034_w0583,582,UNKNOWN,5,2892.269,2894.791,2.522,million for a border wall.,whisper_canonical
1034,1034_w0584,583,UNKNOWN,3,2894.911,2897.512,2.601,new border agents.,whisper_canonical
1034,1034_w0585,584,UNKNOWN,3,2897.632,2899.473,1.841,new asylum agents.,whisper_canonical
1034,1034_w0586,585,UNKNOWN,2,2899.653,2901.054,1.401,new judges.,whisper_canonical
1034,1034_w0587,586,UNKNOWN,3,2902.094,2902.935,0.841,"Sick, but literally.",whisper_canonical
1034,1034_w0588,587,UNKNOWN,19,2903.582,2912.686,9.104,"detailed plan that was put out, a bipartisan plan that President Biden endorsed as well as Vice President Harris.",whisper_canonical
1034,1034_w0589,588,UNKNOWN,29,2913.086,2921.709,8.623,"Not only did she endorse it, she got a standing ovation at the DNC embracing it and saying she will promote it and she will sign that bipartisan deal.",whisper_canonical
1034,1034_w0590,589,UNKNOWN,7,2921.969,2923.93,1.961,A deal Donald Trump does not support.,whisper_canonical
1034,1034_w0591,590,UNKNOWN,2,2924.17,2925.131,0.961,He's unserious.,whisper_canonical
1034,1034_w0592,591,UNKNOWN,6,2925.811,2927.232,1.421,He doesn't want a border deal.,whisper_canonical
1034,1034_w0593,592,UNKNOWN,5,2927.252,2928.292,1.04,He wants a border problem.,whisper_canonical
1034,1034_w0594,593,UNKNOWN,10,2928.312,2931.414,3.102,And I say this with an expertise that few have.,whisper_canonical
1034,1034_w0595,594,UNKNOWN,15,2931.454,2934.435,2.981,I have the largest land port in the western hemisphere in the state of California.,whisper_canonical
1034,1034_w0596,595,UNKNOWN,13,2934.755,2938.277,3.522,And I've had to put national guard men and women on the border.,whisper_canonical
1034,1034_w0597,596,UNKNOWN,3,2938.537,2939.297,0.76,And it's shameful.,whisper_canonical
1034,1034_w0598,597,UNKNOWN,28,2939.738,2948.282,8.544,It's shameful that he doesn't have the back of border patrol and doesn't support new border agents and the investments to improve the quality of our border security.,whisper_canonical
1034,1034_w0599,598,UNKNOWN,11,2948.322,2951.183,2.861,"And Seth says, again, everything about Donald Trump and his hypocrisy.",whisper_canonical
1034,1034_w0600,599,UNKNOWN,9,2951.423,2953.445,2.022,What do you think is the biggest drink tonight?,whisper_canonical
1034,1034_w0601,600,UNKNOWN,3,2960.058,2960.838,0.78,"Well, she's fierce.",whisper_canonical
1034,1034_w0602,601,UNKNOWN,2,2960.878,2961.359,0.481,She's tough.,whisper_canonical
1034,1034_w0603,602,UNKNOWN,5,2961.439,2962.479,1.04,I've seen this for decades.,whisper_canonical
1034,1034_w0604,603,UNKNOWN,15,2962.939,2967.361,4.422,"And I also think she's underestimated in these sessions, particularly, dare I say, with men.",whisper_canonical
1034,1034_w0605,604,UNKNOWN,5,2968.142,2968.962,0.82,I've been in the rooms.,whisper_canonical
1034,1034_w0606,605,UNKNOWN,5,2969.022,2970.443,1.421,I haven't studied game film.,whisper_canonical
1034,1034_w0607,606,UNKNOWN,5,2971.083,2972.364,1.281,I've been up and close.,whisper_canonical
1034,1034_w0608,607,UNKNOWN,13,2972.904,2976.285,3.381,I've known Kamala Harris a decade before we were both in elected office.,whisper_canonical
1034,1034_w0609,608,UNKNOWN,13,2976.986,2980.527,3.541,And I've seen her show up at these debates at a different level.,whisper_canonical
1034,1034_w0610,609,UNKNOWN,2,2980.828,2981.588,0.76,She's disciplined.,whisper_canonical
1034,1034_w0611,610,UNKNOWN,9,2982.288,2983.609,1.321,She is not going to get off her game.,whisper_canonical
1034,1034_w0612,611,UNKNOWN,4,2983.969,2985.15,1.181,I think it's inconceivable.,whisper_canonical
1034,1034_w0613,612,UNKNOWN,7,2985.23,2987.731,2.501,It's an impossible task for Donald Trump.,whisper_canonical
1034,1034_w0614,613,UNKNOWN,6,2988.531,2989.572,1.041,not to get off his game.,whisper_canonical
1034,1034_w0615,614,UNKNOWN,6,2990.293,2991.354,1.061,She will get under his skin.,whisper_canonical
1034,1034_w0616,615,UNKNOWN,11,2991.755,2995.398,3.643,"And by the way, her name is Kamala Harris, not Kamala.",whisper_canonical
1034,1034_w0617,616,UNKNOWN,16,2996.239,2999.102,2.863,"And when Kamala Harris shows up, I think she's going to show up at the handshake.",whisper_canonical
1034,1034_w0618,617,UNKNOWN,19,2999.923,3005.609,5.686,"And I think at that handshake, you're going to see something very different from the outset of this debate.",whisper_canonical
1034,1034_w0619,618,UNKNOWN,7,3006.01,3007.511,1.501,"If Donald Trump, I would look out.",whisper_canonical
1034,1034_w0620,619,UNKNOWN,32,3007.872,3018.692,10.82,"They've never met He's about to experience something many of us have experienced and seen in the American people and world leaders will see a toughness, a character, integrity, someone who's disciplined.",whisper_canonical
1034,1034_w0621,620,UNKNOWN,28,3019.312,3030.223,10.911,Governor there Gavin Newsom talking to reporters you can see swarmed by the media in the media filing center at the Philadelphia convention hall there in the city.,whisper_canonical
1034,1034_w0622,621,UNKNOWN,23,3030.563,3039.131,8.568,"Hundreds of reporters there ahead of Tonight's debate, we expect that Sarah gets supporters for the former president, will be there as well.",whisper_canonical
1034,1034_w0623,622,UNKNOWN,8,3039.151,3042.134,2.983,Senator Tom Cotton was talking to reporters before.,whisper_canonical
1034,1034_w0624,623,UNKNOWN,10,3042.154,3045.637,3.483,There's members of Congress on both sides of the aisle.,whisper_canonical
1034,1034_w0625,624,UNKNOWN,9,3045.998,3049.661,3.663,They're supporting their candidates and talking to the media.,whisper_canonical
1034,1034_w0626,625,UNKNOWN,12,3049.982,3053.605,3.623,"Chris, in Georgia, Republican, hey, Chris, thanks for hanging on the line.",whisper_canonical
1034,1034_w0627,626,UNKNOWN,16,3058.748,3064.81,6.062,"In the primaries, isn't that when we decide who is going to be the presidential nominee?",whisper_canonical
1034,1034_w0628,627,UNKNOWN,7,3067.13,3068.951,1.821,"And so your point is tonight, Chris.",whisper_canonical
1034,1034_w0629,628,UNKNOWN,7,3071.771,3073.912,2.141,Kamala Harris wasn't even on the docket.,whisper_canonical
1034,1034_w0630,629,UNKNOWN,7,3075.272,3077.233,1.961,How can she be a presidential nominee?,whisper_canonical
1034,1034_w0631,630,UNKNOWN,14,3077.913,3082.094,4.181,"Do you think that your candidate, the former president, should talk about that tonight?",whisper_canonical
1034,1034_w0632,631,UNKNOWN,2,3083.634,3084.495,0.861,"Yes, definitely.",whisper_canonical
1034,1034_w0633,632,UNKNOWN,2,3085.255,3085.535,0.28,All right.,whisper_canonical
1034,1034_w0634,633,UNKNOWN,27,3087.065,3098.757,11.692,"Ahead of tonight, there are, of course, new polling, new polling out every week on this race as we enter the last weeks of this election cycle.",whisper_canonical
1034,1034_w0635,634,UNKNOWN,7,3099.238,3101.861,2.623,"New York Times, with their latest polling.",whisper_canonical
1034,1034_w0636,635,UNKNOWN,25,3102.701,3116.01,13.309,"The headline is released by Sienna College, a national poll that found former President Trump leading the vice president percent to percent among likely voters.",whisper_canonical
1034,1034_w0637,636,UNKNOWN,29,3116.311,3126.898,10.587,"That caller from Georgia, and we were just showing you, from the swing state of Georgia, New York Times polling, it is neck and neck there, a one-point lead.",whisper_canonical
1034,1034_w0638,637,UNKNOWN,8,3127.538,3132.62,5.082,for Kamala Harris against Donald Trump in Georgia.,whisper_canonical
1034,1034_w0639,638,UNKNOWN,19,3133.24,3140.462,7.222,"We'll show you some other swing states if we can here before tonight's debate, getting underway in just minutes.",whisper_canonical
1034,1034_w0640,639,UNKNOWN,12,3140.723,3147.745,7.022,"Susan in New Orleans, in New Orleans, in Louisiana, Democratic caller Susan.",whisper_canonical
1034,1034_w0641,640,UNKNOWN,2,3149.685,3150.265,0.58,Good evening.,whisper_canonical
1034,1034_w0642,641,UNKNOWN,2,3150.585,3151.006,0.421,Thank you.,whisper_canonical
1034,1034_w0643,642,UNKNOWN,26,3151.086,3158.909,7.823,"As we wait for the hurricane to hit this great state of Louisiana, we're also waiting for Kamala Harris to do the same to Donald Trump.",whisper_canonical
1034,1034_w0644,643,UNKNOWN,26,3159.289,3167.793,8.504,"But my question is this, and not only to you, but to others, why are the news outlets not fact-checking everything Donald Trump says real time?",whisper_canonical
1034,1034_w0645,644,UNKNOWN,14,3168.033,3171.895,3.862,I'm really upset about every debate that I see that Donald Trump participates in.,whisper_canonical
1034,1034_w0646,645,UNKNOWN,28,3172.295,3184.666,12.371,"He's never fact-checked, including How is it possible that you have January 6th that occurred and he wants to pardon every single person that has attacked our capital?",whisper_canonical
1034,1034_w0647,646,UNKNOWN,11,3185.146,3189.829,4.683,"Susan, have you ever gone to the Washington Post fact check?",whisper_canonical
1034,1034_w0648,647,UNKNOWN,11,3189.909,3193.19,3.281,Politifact? Have you ever checked out those websites because they do?,whisper_canonical
1034,1034_w0649,648,UNKNOWN,7,3194.608,3196.269,1.661,Absolutely. But I want it real time.,whisper_canonical
1034,1034_w0650,649,UNKNOWN,17,3196.409,3202.312,5.903,I want it tonight while he's lying to the American public about gun regulations and being pro-life.,whisper_canonical
1034,1034_w0651,650,UNKNOWN,8,3202.732,3205.373,2.641,"You know, pro-life also means protecting our children.",whisper_canonical
1034,1034_w0652,651,UNKNOWN,12,3205.733,3208.935,3.202,Pro-life is having Sandy Hook children that would be graduating right now.,whisper_canonical
1034,1034_w0653,652,UNKNOWN,21,3209.255,3218.18,8.925,"And these evangelicals that are so hell bent on making Donald Trump be the second coming of Christ, for God's sake.",whisper_canonical
1034,1034_w0654,653,UNKNOWN,9,3218.56,3220.762,2.202,They need to look at the marriages he's had.,whisper_canonical
1034,1034_w0655,654,UNKNOWN,29,3221.022,3228.148,7.126,"They need to look at the mistresses he's had, the children out of wedlock he's had, and yet they still think of him as the second coming of Christ.",whisper_canonical
1034,1034_w0656,655,UNKNOWN,9,3228.509,3230.35,1.841,I don't know what's wrong with the Republican Party.,whisper_canonical
1034,1034_w0657,656,UNKNOWN,8,3230.57,3232.432,1.862,I used to respect George Bush and Reagan.,whisper_canonical
1034,1034_w0658,657,UNKNOWN,4,3232.492,3233.393,0.901,I voted for Reagan.,whisper_canonical
1034,1034_w0659,658,UNKNOWN,4,3233.653,3234.754,1.101,I voted for McCain.,whisper_canonical
1034,1034_w0660,659,UNKNOWN,19,3235.194,3240.218,5.024,What has happened to the Republican Party that they cannot have a spine to stand up to this man?,whisper_canonical
1034,1034_w0661,660,UNKNOWN,15,3240.459,3244.022,3.563,So what I'm hoping to see tonight is that Donald Trump would not only be,whisper_canonical
1034,1034_w0662,661,UNKNOWN,6,3246.103,3252.305,6.202,"Okay, Susan there in New Orleans.",whisper_canonical
1034,1034_w0663,662,UNKNOWN,18,3253.006,3262.43,9.424,"Now, the path to the electoral college, it means that these candidates have to win some crucial states.",whisper_canonical
1034,1034_w0664,663,UNKNOWN,8,3262.49,3264.931,2.441,We showed you Georgia being one of them.,whisper_canonical
1034,1034_w0665,664,UNKNOWN,12,3265.471,3268.833,3.362,The New York Times' latest poll with Sienna College in that state.,whisper_canonical
1034,1034_w0666,665,UNKNOWN,13,3268.853,3273.895,5.042,"Take a look at Pennsylvania, where the candidates are tonight for tonight's debate.",whisper_canonical
1034,1034_w0667,666,UNKNOWN,10,3274.756,3277.817,3.061,"Here, the vice president, again, leading by just one point.",whisper_canonical
1034,1034_w0668,667,UNKNOWN,6,3278.137,3279.658,1.521,This is a neck and neck.,whisper_canonical
1034,1034_w0669,668,UNKNOWN,10,3279.718,3283.76,4.042,This is a tie in the swing state of Pennsylvania.,whisper_canonical
1034,1034_w0670,669,UNKNOWN,8,3284.38,3287.462,3.082,"Carter in Valley City, North Dakota and independent.",whisper_canonical
1034,1034_w0671,670,UNKNOWN,8,3287.582,3290.043,2.461,"Carter, what do you want to hear tonight?",whisper_canonical
1034,1034_w0672,671,UNKNOWN,13,3292.575,3296.557,3.982,Love to hear from this debate is honestly an attack against logical fallacies.,whisper_canonical
1034,1034_w0673,672,UNKNOWN,5,3296.658,3298.339,1.681,Let's look at Kamala Harris.,whisper_canonical
1034,1034_w0674,673,UNKNOWN,26,3298.419,3307.024,8.605,"Let's look for policies and let's have her take on Donald Trump's ad hominin and honestly, quite frankly, his red herring attacks against Kamala Harris and",whisper_canonical
1034,1034_w0675,674,UNKNOWN,11,3308.145,3311.527,3.382,his own policy to other peoples to take off that spotlight.,whisper_canonical
1034,1034_w0676,675,UNKNOWN,20,3311.767,3316.75,4.983,"Look at the essence of debate in America and how Kamala Harris, Donald Trump, Joe Biden have taken it away.",whisper_canonical
1034,1034_w0677,676,UNKNOWN,25,3317.862,3324.672,6.81,are the judges and they deserve to be convinced of arguments and have constructive critiques and criticism to them and look who stripped that away.,whisper_canonical
1034,1034_w0678,677,UNKNOWN,8,3325.874,3328.638,2.764,"The essence of them, which is honestly disgusting.",whisper_canonical
1034,1034_w0679,678,UNKNOWN,26,3328.698,3334.606,5.908,So I hope that Kamala Harris can get out there and take it head on and be the person who brings back real debate in America.,whisper_canonical
1034,1034_w0680,679,UNKNOWN,4,3335.05,3336.33,1.28,"All right, that's Carter.",whisper_canonical
1034,1034_w0681,680,UNKNOWN,5,3336.37,3337.811,1.441,They are in North Dakota.,whisper_canonical
1034,1034_w0682,681,UNKNOWN,9,3338.271,3341.852,3.581,"Next caller, Tony, comes from Supply, North Carolina, Republican.",whisper_canonical
1034,1034_w0683,682,UNKNOWN,22,3342.372,3350.953,8.581,"Tony, before we hear from you, take a look at the New York Times polling out of your state, another battleground state.",whisper_canonical
1034,1034_w0684,683,UNKNOWN,2,3351.814,3352.134,0.32,And it's,whisper_canonical
1034,1034_w0685,684,UNKNOWN,18,3353.854,3361.116,7.262,"percent for the vice president, percent for the former president, essentially a tie as well in North Carolina.",whisper_canonical
1034,1034_w0686,685,UNKNOWN,2,3361.196,3362.096,0.9,"Tony, Republican.",whisper_canonical
1034,1034_w0687,686,UNKNOWN,7,3363.768,3367.091,3.323,"Yes, thank you for taking my call.",whisper_canonical
1034,1034_w0688,687,UNKNOWN,13,3368.152,3373.778,5.626,One of the issues that I have is there is so much personality.,whisper_canonical
1034,1034_w0689,688,UNKNOWN,3,3375.159,3377.741,2.582,And we're Americans.,whisper_canonical
1034,1034_w0690,689,UNKNOWN,11,3378.943,3383.847,4.904,And it really bothers me when you hear as much hatred.,whisper_canonical
1034,1034_w0691,690,UNKNOWN,10,3385.168,3388.572,3.404,It appears to be in people's voices on both sides.,whisper_canonical
1034,1034_w0692,691,UNKNOWN,14,3390.285,3395.547,5.262,"I mean, the reason I'm watching the debate this evening, I am a Republican.",whisper_canonical
1034,1034_w0693,692,UNKNOWN,8,3396.207,3398.248,2.041,I do plan to vote for Donald Trump.,whisper_canonical
1034,1034_w0694,693,UNKNOWN,2,3398.648,3399.268,0.62,"However, I",whisper_canonical
1034,1034_w0695,694,UNKNOWN,4,3400.409,3401.789,1.38,am watching the debate.,whisper_canonical
1034,1034_w0696,695,UNKNOWN,9,3402.409,3405.571,3.162,I want to hear a policy on both sides.,whisper_canonical
1034,1034_w0697,696,UNKNOWN,10,3407.451,3410.552,3.101,I had planned to vote for Jimmy Carter years ago.,whisper_canonical
1034,1034_w0698,697,UNKNOWN,18,3411.693,3418.335,6.642,And when I changed my mind was a night before I voted when the economic report came out.,whisper_canonical
1034,1034_w0699,698,UNKNOWN,6,3419.172,3421.733,2.561,and it continued to trend down.,whisper_canonical
1034,1034_w0700,699,UNKNOWN,22,3422.313,3432.736,10.423,"So, you know, I have not yet totally made up my mind, even though I am a Republican, I'm an American first.",whisper_canonical
1034,1034_w0701,700,UNKNOWN,13,3432.956,3436.057,3.101,"So, Tony, what could the vice president convince you to vote for her?",whisper_canonical
1034,1034_w0702,701,UNKNOWN,4,3436.677,3437.717,1.04,"And if so, how?",whisper_canonical
1034,1034_w0703,702,UNKNOWN,3,3438.937,3440.018,1.081,"She could, if",whisper_canonical
1034,1034_w0704,703,UNKNOWN,3,3441.298,3442.698,1.4,she shares policy.,whisper_canonical
1034,1034_w0705,704,UNKNOWN,18,3444.119,3452.735,8.616,All of the stuff that they have been pushing the liberal agenda as far as the electric vehicles.,whisper_canonical
1034,1034_w0706,705,UNKNOWN,20,3453.715,3461.901,8.186,I have a brother and his neighbor has one and he could fill up his vehicle four times a month,whisper_canonical
1034,1034_w0707,706,UNKNOWN,11,3463.202,3466.585,3.383,for what it cost him to charge his vehicle one time.,whisper_canonical
1034,1034_w0708,707,UNKNOWN,13,3467.645,3474.07,6.425,He said his electric bill is totally electric vehicle is absolutely bankrupting them.,whisper_canonical
1034,1034_w0709,708,UNKNOWN,6,3474.95,3476.932,1.982,And so pushing for these policies,whisper_canonical
1034,1034_w0710,709,UNKNOWN,7,3478.943,3481.445,2.502,I want to hear more mainstream policy.,whisper_canonical
1034,1034_w0711,710,UNKNOWN,25,3481.545,3491.712,10.167,"Okay. So, Tony, do you believe that that New York Times poll that we showed you is accurate, then, essentially a tie in your state?",whisper_canonical
1034,1034_w0712,711,UNKNOWN,3,3492.893,3493.633,0.74,I believe so.,whisper_canonical
1034,1034_w0713,712,UNKNOWN,11,3494.574,3498.016,3.442,There are very red areas and there are very blue areas.,whisper_canonical
1034,1034_w0714,713,UNKNOWN,11,3498.656,3502.179,3.523,And most of the blue areas are the more heavily populated,whisper_canonical
1034,1034_w0715,714,UNKNOWN,10,3503.632,3506.976,3.344,But I do think North Carolina is up in the,whisper_canonical
1034,1034_w0716,715,UNKNOWN,38,3508.297,3525.011,16.714,"air. Tony, I want to show you and others that it's not just this New York Times poll, Washington Post poll, and this tweeted out by the Washington Post reporter showing that Small changes in their polling model.",whisper_canonical
1034,1034_w0717,716,UNKNOWN,25,3525.091,3535.253,10.162,"North Carolina moves from a small lead from the former president to a tie, while Pennsylvania tightens a bit with a few close high-quality polls.",whisper_canonical
1034,1034_w0718,717,UNKNOWN,9,3535.373,3539.474,4.101,"Beyond that, not much movement going into tonight's debate.",whisper_canonical
1034,1034_w0719,718,UNKNOWN,26,3539.954,3548.976,9.022,So there are the swing states and Washington Post polling We showed you a little bit from the New York Times polling ahead of tonight's debate.,whisper_canonical
1034,1034_w0720,719,UNKNOWN,19,3549.336,3556.878,7.542,"Of course, people, the candidates, the voters, the media will all be looking at the polls post-debate as well.",whisper_canonical
1034,1034_w0721,720,UNKNOWN,5,3557.699,3560.139,2.44,"Ernest in Georgia, Democratic caller.",whisper_canonical
1034,1034_w0722,721,UNKNOWN,7,3563.96,3565.681,1.721,"Ernest, are you with us in Georgia?",whisper_canonical
1034,1034_w0723,722,UNKNOWN,4,3565.721,3566.621,0.9,We're listening to you.,whisper_canonical
1034,1034_w0724,723,UNKNOWN,3,3566.641,3569.102,2.461,"Yeah, I'm here.",whisper_canonical
1034,1034_w0725,724,UNKNOWN,11,3569.422,3571.422,2.0,"Okay, what do you want to hear from the candidates tonight?",whisper_canonical
1034,1034_w0726,725,UNKNOWN,6,3571.863,3572.983,1.12,"Yeah, I would like to hear.",whisper_canonical
1034,1034_w0727,726,UNKNOWN,7,3574.552,3579.917,5.365,"Our ex-president apologized for January the 6th,",whisper_canonical
1034,1034_w0728,727,UNKNOWN,5,3581.138,3582.88,1.742,even though he feels that,whisper_canonical
1034,1034_w0729,728,UNKNOWN,3,3583.881,3584.421,0.54,what he did.,whisper_canonical
1034,1034_w0730,729,UNKNOWN,8,3584.821,3585.762,0.941,"All right, I'm going to leave it there.",whisper_canonical
1034,1034_w0731,730,UNKNOWN,5,3585.802,3587.464,1.662,The ABC debate is beginning.,whisper_canonical
1034,1034_w0732,731,UNKNOWN,5,3587.524,3588.465,0.941,We'll take you there now.,whisper_canonical
1034,1034_w0733,732,UNKNOWN,9,3590.116,3594.438,4.322,A historic race for president upended just weeks ago.,whisper_canonical
1034,1034_w0734,733,UNKNOWN,7,3594.538,3597.14,2.602,President Biden withdrawing after his last debate.,whisper_canonical
1034,1034_w0735,734,UNKNOWN,8,3597.48,3599.641,2.161,Donald Trump now up against a new opponent.,whisper_canonical
1034,1034_w0736,735,UNKNOWN,30,3599.821,3609.145,9.324,"The candidates separated by the smallest of margins, essentially tied in the polls nationally and in the key battlegrounds, including right here in Pennsylvania, all still very much in play.",whisper_canonical
1034,1034_w0737,736,UNKNOWN,8,3609.546,3612.247,2.701,The ABC News presidential debate starts right now.,whisper_canonical
1034,1034_w0738,737,UNKNOWN,6,3613.641,3615.582,1.941,This is an ABC News special.,whisper_canonical
1034,1034_w0739,738,UNKNOWN,9,3615.862,3619.403,3.541,"The most consequential moment of this campaign, Kamala Harris.",whisper_canonical
1034,1034_w0740,739,UNKNOWN,8,3619.443,3623.945,4.502,"Together, we will chart a new way forward.",whisper_canonical
1034,1034_w0741,740,UNKNOWN,2,3624.165,3624.925,0.76,Donald Trump.,whisper_canonical
1034,1034_w0742,741,UNKNOWN,8,3625.105,3628.987,3.882,We will soon be a great nation again.,whisper_canonical
1034,1034_w0743,742,UNKNOWN,4,3629.167,3630.927,1.76,"Face to face, historic.",whisper_canonical
1034,1034_w0744,743,UNKNOWN,5,3632.768,3634.809,2.041,The ABC News presidential debate.,whisper_canonical
1034,1034_w0745,744,UNKNOWN,7,3635.609,3638.51,2.901,"Here now, David Muir and Lindsey Davis.",whisper_canonical
1034,1034_w0746,745,UNKNOWN,2,3641.233,3641.614,0.381,Good evening.,whisper_canonical
1034,1034_w0747,746,UNKNOWN,15,3641.654,3645.279,3.625,I'm David Muir and thank you for joining us for tonight's ABC News presidential debate.,whisper_canonical
1034,1034_w0748,747,UNKNOWN,13,3645.319,3649.025,3.706,We want to welcome viewers watching on ABC and around the world tonight.,whisper_canonical
1034,1034_w0749,748,UNKNOWN,22,3649.365,3655.674,6.309,Vice President Kamala Harris and President Donald Trump are just moments away from taking the stage in this unprecedented race for president.,whisper_canonical
1034,1034_w0750,749,UNKNOWN,3,3656.155,3656.976,0.821,I'm Lindsay Davis.,whisper_canonical
1034,1034_w0751,750,UNKNOWN,25,3657.016,3664.823,7.807,Tonight's meeting could be the most consequential event of their campaigns with Election Day now less than two months away for Vice President Kamala Harris.,whisper_canonical
1034,1034_w0752,751,UNKNOWN,15,3664.843,3669.167,4.324,This is her first debate since President Biden withdrew from the race on July 21st.,whisper_canonical
1034,1034_w0753,752,UNKNOWN,13,3669.567,3673.211,3.644,"Of course, that decision followed his debate against President Donald Trump in June.",whisper_canonical
1034,1034_w0754,753,UNKNOWN,11,3673.571,3676.754,3.183,"Since then, this race has taken on an entirely new dynamic.",whisper_canonical
1034,1034_w0755,754,UNKNOWN,10,3676.934,3678.915,1.981,And that brings us to the rules of tonight's debate.,whisper_canonical
1034,1034_w0756,755,UNKNOWN,5,3679.376,3680.776,1.4,minutes with two commercial breaks.,whisper_canonical
1034,1034_w0757,756,UNKNOWN,10,3680.897,3683.318,2.421,No topics or questions have been shared with the campaigns.,whisper_canonical
1034,1034_w0758,757,UNKNOWN,14,3683.758,3687.02,3.262,The candidates will have two minutes to answer questions and this is the clock.,whisper_canonical
1034,1034_w0759,758,UNKNOWN,5,3687.281,3688.241,0.96,That's what they'll be seeing.,whisper_canonical
1034,1034_w0760,759,UNKNOWN,12,3688.321,3692.544,4.223,"Two minutes for rebuttals and one minute for follow-ups, clarifications, or responses.",whisper_canonical
1034,1034_w0761,760,UNKNOWN,13,3692.944,3695.946,3.002,Their microphones will only be turned on when it's their turn to speak.,whisper_canonical
1034,1034_w0762,761,UNKNOWN,4,3696.106,3697.447,1.341,No pre-written notes allowed.,whisper_canonical
1034,1034_w0763,762,UNKNOWN,14,3697.947,3701.69,3.743,There is no audience here tonight in this hall at the National Constitution Center.,whisper_canonical
1034,1034_w0764,763,UNKNOWN,12,3701.73,3705.032,3.302,This is an intimate setting for two candidates who have never met.,whisper_canonical
1034,1034_w0765,764,UNKNOWN,6,3705.352,3707.113,1.761,President Trump won the coin toss.,whisper_canonical
1034,1034_w0766,765,UNKNOWN,11,3707.153,3709.875,2.722,He chose to deliver the final closing statement of the evening.,whisper_canonical
1034,1034_w0767,766,UNKNOWN,9,3710.175,3712.517,2.342,Vice President Harris selected the podium to the right.,whisper_canonical
1034,1034_w0768,767,UNKNOWN,9,3712.857,3714.898,2.041,So let's now welcome the candidates to the stage.,whisper_canonical
1034,1034_w0769,768,UNKNOWN,8,3714.998,3717.98,2.982,Vice President Kamala Harris and President Donald Trump.,whisper_canonical
1034,1034_w0770,769,UNKNOWN,4,3725.625,3727.166,1.541,"Kamala Harris, what's up?",whisper_canonical
1034,1034_w0771,770,UNKNOWN,4,3727.186,3728.026,0.84,Good to be here.,whisper_canonical
1034,1034_w0772,771,UNKNOWN,2,3728.587,3728.867,0.28,Thank you.,whisper_canonical
1034,1034_w0773,772,UNKNOWN,4,3730.498,3731.298,0.8,Welcome to you both.,whisper_canonical
1034,1034_w0774,773,UNKNOWN,5,3731.418,3732.298,0.88,It's wonderful to have you.,whisper_canonical
1034,1034_w0775,774,UNKNOWN,9,3732.338,3733.759,1.421,It's an honor to have you both here tonight.,whisper_canonical
1034,1034_w0776,775,UNKNOWN,2,3734.019,3734.619,0.6,Good evening.,whisper_canonical
1034,1034_w0777,776,UNKNOWN,10,3734.699,3737.62,2.921,We are looking forward to a spirited and thoughtful debate.,whisper_canonical
1034,1034_w0778,777,UNKNOWN,4,3738.04,3738.84,0.8,So let's get started.,whisper_canonical
1034,1034_w0779,778,UNKNOWN,30,3739.3,3746.142,6.842,I want to begin tonight with the issue that voters repeatedly say is their number one issue and that is the economy and the cost of living in this country.,whisper_canonical
1034,1034_w0780,779,UNKNOWN,34,3746.662,3755.924,9.262,"Vice President Harris, you and President Trump were elected four years ago and your opponent on the stage here tonight often asks his supporters, are you better off than you were four years ago?",whisper_canonical
1034,1034_w0781,780,UNKNOWN,19,3756.424,3760.345,3.921,"When it comes to the economy, do you believe Americans are better off that they were four years ago?",whisper_canonical
1034,1034_w0782,781,UNKNOWN,36,3761.406,3772.372,10.966,So I was raised as a middle class kid and I am actually the only person on this stage who has a plan that is about lifting up the middle class and working people of America.,whisper_canonical
1034,1034_w0783,782,UNKNOWN,13,3773.153,3777.856,4.703,"I believe in the ambition, the aspirations, the dreams of the American people.",whisper_canonical
1034,1034_w0784,783,UNKNOWN,19,3778.416,3783.859,5.443,And that is why I imagine and have actually a plan to build what I call an opportunity economy.,whisper_canonical
1034,1034_w0785,784,UNKNOWN,4,3783.879,3785.079,1.2,Because here's the thing.,whisper_canonical
1034,1034_w0786,785,UNKNOWN,11,3785.62,3789.161,3.541,We know that we have a shortage of homes and housing.,whisper_canonical
1034,1034_w0787,786,UNKNOWN,12,3789.682,3792.503,2.821,And the cost of housing is too expensive for too many people.,whisper_canonical
1034,1034_w0788,787,UNKNOWN,7,3793.143,3795.545,2.402,We know that young families need support.,whisper_canonical
1034,1034_w0789,788,UNKNOWN,16,3796.385,3801.689,5.304,to raise their children and I intend on extending a tax cut for those families of,whisper_canonical
1034,1034_w0790,789,UNKNOWN,35,3802.87,3812.877,10.007,"which is the largest child tax credit that we have given in a long time so that those young families can afford to buy a crib, buy a car seat, buy clothes for their children.",whisper_canonical
1034,1034_w0791,790,UNKNOWN,8,3813.758,3817.221,3.463,"My passion, one of them, is small businesses.",whisper_canonical
1034,1034_w0792,791,UNKNOWN,19,3817.441,3822.165,4.724,"I was actually, my mother raised my sister and me, but there was a woman who helped raise us.",whisper_canonical
1034,1034_w0793,792,UNKNOWN,6,3822.245,3823.606,1.361,We call her our second mother.,whisper_canonical
1034,1034_w0794,793,UNKNOWN,6,3823.686,3824.887,1.201,She was a small business owner.,whisper_canonical
1034,1034_w0795,794,UNKNOWN,5,3825.067,3826.448,1.381,I love our small businesses.,whisper_canonical
1034,1034_w0796,795,UNKNOWN,23,3827.129,3836.156,9.027,"My plan is to give a tax deduction to start up small businesses, knowing they are part of the backbone of America's economy.",whisper_canonical
1034,1034_w0797,796,UNKNOWN,16,3836.857,3840.559,3.702,"My opponent, on the other hand, his plan is to do what he has done before.",whisper_canonical
1034,1034_w0798,797,UNKNOWN,20,3841.4,3849.404,8.004,"which is to provide a tax cut for billionaires and big corporations, which will result in trillion to America's deficit.",whisper_canonical
1034,1034_w0799,798,UNKNOWN,29,3849.865,3859.61,9.745,"My opponent has a plan that I call the Trump's sales tax, which would be a tax on everyday goods that you rely on to get through the month.",whisper_canonical
1034,1034_w0800,799,UNKNOWN,40,3860.55,3879.381,18.831,Economists have said that Trump sales tax would actually result for middle-class families in about more a year because of his policies and his ideas about what should be the backs of middle-class people paying for tax cuts for billionaires.,whisper_canonical
1034,1034_w0801,800,UNKNOWN,7,3880.241,3881.422,1.181,"President Trump, I'll give you two minutes.",whisper_canonical
1034,1034_w0802,801,UNKNOWN,8,3882.043,3883.785,1.742,"First of all, I have no sales tax.",whisper_canonical
1034,1034_w0803,802,UNKNOWN,4,3883.825,3885.027,1.202,That's an incorrect statement.,whisper_canonical
1034,1034_w0804,803,UNKNOWN,9,3885.067,3888.171,3.104,She knows that we're doing tariffs on other countries.,whisper_canonical
1034,1034_w0805,804,UNKNOWN,7,3888.271,3889.933,1.662,"Other countries are going to finally, after",whisper_canonical
1034,1034_w0806,805,UNKNOWN,12,3891.014,3894.038,3.024,"years, pay us back for all that we've done for the world.",whisper_canonical
1034,1034_w0807,806,UNKNOWN,9,3894.819,3898.003,3.184,And the tariff will be substantial in some cases.,whisper_canonical
1034,1034_w0808,807,UNKNOWN,13,3898.083,3901.027,2.944,"I took in billions and billions of dollars, as you know, from China.",whisper_canonical
1034,1034_w0809,808,UNKNOWN,16,3901.527,3904.749,3.222,"In fact, they never took the tariff off because it was so much money, they can't.",whisper_canonical
1034,1034_w0810,809,UNKNOWN,11,3905.189,3908.07,2.881,It would totally destroy everything that they've set out to do.,whisper_canonical
1034,1034_w0811,810,UNKNOWN,11,3908.43,3911.312,2.882,They're taking in billions of dollars from China and other places.,whisper_canonical
1034,1034_w0812,811,UNKNOWN,5,3911.352,3912.452,1.1,They've left the tariffs on.,whisper_canonical
1034,1034_w0813,812,UNKNOWN,13,3912.892,3915.453,2.561,"When I had it, I had tariffs and yet I had no inflation.",whisper_canonical
1034,1034_w0814,813,UNKNOWN,16,3916.914,3922.259,5.345,"We've had a terrible economy because inflation has, which is really known as a country buster.",whisper_canonical
1034,1034_w0815,814,UNKNOWN,4,3922.279,3923.319,1.04,It breaks up countries.,whisper_canonical
1034,1034_w0816,815,UNKNOWN,11,3923.8,3927.182,3.382,We have inflation like very few people have ever seen before.,whisper_canonical
1034,1034_w0817,816,UNKNOWN,7,3927.583,3929.704,2.121,Probably the worst in our nation's history.,whisper_canonical
1034,1034_w0818,817,UNKNOWN,22,3930.265,3938.131,7.866,"We were at percent, but that's being generous because many things are percent higher than they were just a few years ago.",whisper_canonical
1034,1034_w0819,818,UNKNOWN,15,3938.552,3942.255,3.703,"This has been a disaster for people, for the middle class, but for every class.",whisper_canonical
1034,1034_w0820,819,UNKNOWN,23,3942.635,3951.12,8.485,"On top of that, we have millions of people pouring into our country from prisons and jails, from mental institutions, and insane asylums.",whisper_canonical
1034,1034_w0821,820,UNKNOWN,21,3951.6,3959.664,8.064,And they're coming in and they're taking jobs that are occupied right now by African Americans and Hispanics and also unions.,whisper_canonical
1034,1034_w0822,821,UNKNOWN,8,3959.784,3961.425,1.641,Unions are going to be affected very soon.,whisper_canonical
1034,1034_w0823,822,UNKNOWN,5,3961.825,3962.886,1.061,And you see what's happening.,whisper_canonical
1034,1034_w0824,823,UNKNOWN,10,3962.906,3965.607,2.701,You see what's happening with towns throughout the United States.,whisper_canonical
1034,1034_w0825,824,UNKNOWN,5,3965.647,3967.588,1.941,"You look at Springfield, Ohio.",whisper_canonical
1034,1034_w0826,825,UNKNOWN,6,3967.889,3970.17,2.281,You look at Aurora in Colorado.,whisper_canonical
1034,1034_w0827,826,UNKNOWN,6,3970.67,3972.191,1.521,They are taking over the towns.,whisper_canonical
1034,1034_w0828,827,UNKNOWN,4,3972.231,3973.552,1.321,They're taking over buildings.,whisper_canonical
1034,1034_w0829,828,UNKNOWN,4,3973.592,3974.933,1.341,They're going in violently.,whisper_canonical
1034,1034_w0830,829,UNKNOWN,12,3975.314,3979.977,4.663,These are the people that she and Biden led into our country.,whisper_canonical
1034,1034_w0831,830,UNKNOWN,5,3980.337,3981.818,1.481,And they're destroying our country.,whisper_canonical
1034,1034_w0832,831,UNKNOWN,2,3982.139,3983.079,0.94,They're dangerous.,whisper_canonical
1034,1034_w0833,832,UNKNOWN,7,3983.38,3985.521,2.141,They're at the highest level of criminality.,whisper_canonical
1034,1034_w0834,833,UNKNOWN,7,3986.062,3987.102,1.04,And we have to get them out.,whisper_canonical
1034,1034_w0835,834,UNKNOWN,7,3987.162,3988.303,1.141,We have to get them out fast.,whisper_canonical
1034,1034_w0836,835,UNKNOWN,13,3988.704,3992.446,3.742,I created one of the greatest economies in the history of our country.,whisper_canonical
1034,1034_w0837,836,UNKNOWN,7,3992.967,3994.588,1.621,I'll do it again and even better.,whisper_canonical
1034,1034_w0838,837,UNKNOWN,27,3994.788,4001.375,6.587,"We are going to get to immigration and border security during this debate, but I would like to let Vice President Harris respond on the economy here.",whisper_canonical
1034,1034_w0839,838,UNKNOWN,5,4001.836,4003.056,1.22,"Well, I would love to.",whisper_canonical
1034,1034_w0840,839,UNKNOWN,8,4003.156,4006.397,3.241,Let's talk about what Donald Trump left us.,whisper_canonical
1034,1034_w0841,840,UNKNOWN,12,4007.157,4012.058,4.901,Donald Trump left us the worst on employment since the Great Depression.,whisper_canonical
1034,1034_w0842,841,UNKNOWN,12,4012.698,4018.339,5.641,Donald Trump left us the worst public health epidemic in a century.,whisper_canonical
1034,1034_w0843,842,UNKNOWN,14,4018.859,4025.721,6.862,Donald Trump left us the worst attack on our democracy since the Civil War.,whisper_canonical
1034,1034_w0844,843,UNKNOWN,11,4026.681,4029.885,3.204,And what we have done is clean up Donald Trump's mess.,whisper_canonical
1034,1034_w0845,844,UNKNOWN,26,4030.486,4036.894,6.408,What we have done and what I intend to do is build on what we know are the aspirations and the hopes of the American people.,whisper_canonical
1034,1034_w0846,845,UNKNOWN,21,4036.934,4042.141,5.207,"But I'm going to tell you all on this debate tonight, you're going to hear from the same old tired playbook.",whisper_canonical
1034,1034_w0847,846,UNKNOWN,7,4043.042,4046.104,3.062,"a bunch of lies, grievances, and name-calling.",whisper_canonical
1034,1034_w0848,847,UNKNOWN,14,4046.585,4051.868,5.283,What you're going to hear tonight is a detailed and dangerous plan called Project,whisper_canonical
1034,1034_w0849,848,UNKNOWN,12,4052.929,4056.912,3.983,that the former president intends on implementing if he were elected again.,whisper_canonical
1034,1034_w0850,849,UNKNOWN,43,4057.992,4071.822,13.83,"I believe very strongly that the American people want a president who understands the importance of bringing us together know we have so much more in common than what separates us, and I pledge to you to be a president for all Americans.",whisper_canonical
1034,1034_w0851,850,UNKNOWN,4,4072.042,4072.742,0.7,President Trump will give,whisper_canonical
1034,1034_w0852,851,UNKNOWN,5,4089.828,4091.009,1.181,But it makes no difference.,whisper_canonical
1034,1034_w0853,852,UNKNOWN,5,4091.069,4091.97,0.901,I have nothing to do.,whisper_canonical
1034,1034_w0854,853,UNKNOWN,6,4092.091,4093.472,1.381,Everybody knows I'm an open book.,whisper_canonical
1034,1034_w0855,854,UNKNOWN,7,4093.532,4094.894,1.362,Everybody knows what I'm going to do.,whisper_canonical
1034,1034_w0856,855,UNKNOWN,13,4094.974,4099.279,4.305,Cut taxes very substantially and create a great economy like I did before.,whisper_canonical
1034,1034_w0857,856,UNKNOWN,5,4099.799,4101.181,1.382,We had the greatest economy.,whisper_canonical
1034,1034_w0858,857,UNKNOWN,6,4101.221,4102.502,1.281,We got hit with a pandemic.,whisper_canonical
1034,1034_w0859,858,UNKNOWN,10,4102.883,4107.648,4.765,And the pandemic was not since where million people died.,whisper_canonical
1034,1034_w0860,859,UNKNOWN,6,4108.009,4109.15,1.141,Has there been anything like it?,whisper_canonical
1034,1034_w0861,860,UNKNOWN,8,4109.21,4111.373,2.163,We did a phenomenal job with the pandemic.,whisper_canonical
1034,1034_w0862,861,UNKNOWN,24,4111.853,4119.502,7.649,We handed them over a country where the economy and where the stock market was higher than it was before the pandemic came in.,whisper_canonical
1034,1034_w0863,862,UNKNOWN,6,4120.063,4121.685,1.622,Nobody's ever seen anything like it.,whisper_canonical
1034,1034_w0864,863,UNKNOWN,7,4122.045,4124.368,2.323,We made ventilators for the entire world.,whisper_canonical
1034,1034_w0865,864,UNKNOWN,3,4124.448,4125.269,0.821,We got gowns.,whisper_canonical
1034,1034_w0866,865,UNKNOWN,3,4125.329,4126.21,0.881,We got masks.,whisper_canonical
1034,1034_w0867,866,UNKNOWN,7,4126.27,4128.153,1.883,We did things that nobody thought possible.,whisper_canonical
1034,1034_w0868,867,UNKNOWN,9,4128.613,4130.936,2.323,And people give me credit for rebuilding the military.,whisper_canonical
1034,1034_w0869,868,UNKNOWN,22,4130.976,4135.762,4.786,"They give me credit for a lot of things, but not enough credit for the great job we did with the pandemic.",whisper_canonical
1034,1034_w0870,869,UNKNOWN,10,4136.062,4138.385,2.323,But the only jobs they got were bounce back jobs.,whisper_canonical
1034,1034_w0871,870,UNKNOWN,15,4138.405,4142.63,4.225,These were jobs bounce back and it bounced back and it went to their benefit.,whisper_canonical
1034,1034_w0872,871,UNKNOWN,8,4143.01,4144.652,1.642,But I was the one that created them.,whisper_canonical
1034,1034_w0873,872,UNKNOWN,8,4144.772,4146.514,1.742,They know it and so does everybody else.,whisper_canonical
1034,1034_w0874,873,UNKNOWN,7,4146.615,4147.836,1.221,"Vice President Harris, I'll let you respond.",whisper_canonical
1034,1034_w0875,874,UNKNOWN,8,4148.817,4151.96,3.143,So. Donald Trump has no plan for you.,whisper_canonical
1034,1034_w0876,875,UNKNOWN,17,4153.121,4157.742,4.621,"And when you look at his economic plan, it's all about tax breaks for the richest people.",whisper_canonical
1034,1034_w0877,876,UNKNOWN,31,4158.462,4169.946,11.484,"I am offering what I describe as an opportunity economy, and the best economists in our country, if not the world, have reviewed our relative plans for the future of America.",whisper_canonical
1034,1034_w0878,877,UNKNOWN,15,4170.666,4175.927,5.261,What Goldman Sachs has said is that Donald Trump's plan would make the economy worse.,whisper_canonical
1034,1034_w0879,878,UNKNOWN,5,4176.287,4177.847,1.56,Mine would strengthen the economy.,whisper_canonical
1034,1034_w0880,879,UNKNOWN,15,4178.288,4184.609,6.321,What the Wharton School has said is Donald Trump's plan would actually explode the deficit.,whisper_canonical
1034,1034_w0881,880,UNKNOWN,25,4185.149,4195.171,10.022,Sixteen Nobel laureates have described his economic plan as something that would increase inflation and by the middle of next year would invite a recession.,whisper_canonical
1034,1034_w0882,881,UNKNOWN,16,4195.891,4199.835,3.944,You just have to look at where we are and where we stand on the issues.,whisper_canonical
1034,1034_w0883,882,UNKNOWN,31,4199.875,4209.125,9.25,And I'd invite you to know that Donald Trump actually has no plan for you because he is more interested in defending himself than he is in looking out for you.,whisper_canonical
1034,1034_w0884,883,UNKNOWN,23,4212.915,4219.222,6.307,"I went to the Wharton School of Finance and many of those professors, the top professors, think my plan is a brilliant plan.",whisper_canonical
1034,1034_w0885,884,UNKNOWN,4,4219.282,4220.043,0.761,It's a great plan.,whisper_canonical
1034,1034_w0886,885,UNKNOWN,15,4220.103,4224.087,3.984,"It's a plan that's going to bring up our worth, our value as a country.",whisper_canonical
1034,1034_w0887,886,UNKNOWN,27,4224.127,4232.837,8.71,"It's going to make people want to be able to go and work and create jobs and create a lot of good, solid money for our country.",whisper_canonical
1034,1034_w0888,887,UNKNOWN,10,4233.218,4236.661,3.443,"And just to finish off, She doesn't have a plan.",whisper_canonical
1034,1034_w0889,888,UNKNOWN,13,4237.022,4243.208,6.186,"She copied Biden's plan, and it's like four sentences, like run, spot, run.",whisper_canonical
1034,1034_w0890,889,UNKNOWN,11,4243.709,4247.273,3.564,"Four sentences that are just, oh, we'll try and lower taxes.",whisper_canonical
1034,1034_w0891,890,UNKNOWN,5,4247.773,4248.614,0.841,She doesn't have a plan.,whisper_canonical
1034,1034_w0892,891,UNKNOWN,6,4248.634,4249.455,0.821,Take a look at her plan.,whisper_canonical
1034,1034_w0893,892,UNKNOWN,5,4249.695,4250.636,0.941,She doesn't have a plan.,whisper_canonical
1034,1034_w0894,893,UNKNOWN,14,4251.537,4253.999,2.462,"Mr. President, I do want to drill down on something you both brought up.",whisper_canonical
1034,1034_w0895,894,UNKNOWN,7,4254.559,4256.46,1.901,The vice president brought up your tariffs.,whisper_canonical
1034,1034_w0896,895,UNKNOWN,20,4256.601,4262.725,6.124,"You responded, and let's drill down on this, because your plan is what she calls essentially a national sales tax.",whisper_canonical
1034,1034_w0897,896,UNKNOWN,16,4262.745,4266.727,3.982,"Your proposal calls for tariffs, as you pointed out here, on foreign imports across the board.",whisper_canonical
1034,1034_w0898,897,UNKNOWN,19,4266.748,4272.431,5.683,"You recently said that you might double your plan, imposing tariffs up to on goods coming into this country.",whisper_canonical
1034,1034_w0899,898,UNKNOWN,20,4272.892,4277.415,4.523,"As you know, many economists say that with tariffs at that level, costs are then passed on to the consumer.",whisper_canonical
1034,1034_w0900,899,UNKNOWN,23,4278.015,4286.878,8.863,"Vice President Harris has argued it'll mean higher prices on gas, food, clothing, medication, arguing it costs the typical family nearly a year.",whisper_canonical
1034,1034_w0901,900,UNKNOWN,11,4287.339,4290.52,3.181,Do you believe Americans can afford higher prices because of tariffs?,whisper_canonical
1034,1034_w0902,901,UNKNOWN,7,4290.54,4291.9,1.36,They're not going to have higher prices.,whisper_canonical
1034,1034_w0903,902,UNKNOWN,26,4291.96,4298.363,6.403,What's going to have and who's going to have higher prices is China and all of the countries that have been ripping us off for years.,whisper_canonical
1034,1034_w0904,903,UNKNOWN,13,4298.903,4303.187,4.284,"I charge, I was the only president ever, China was paying us hundreds",whisper_canonical
1034,1034_w0905,904,UNKNOWN,8,4316.928,4320.209,3.281,"billions of dollars, hundreds of billions of dollars.",whisper_canonical
1034,1034_w0906,905,UNKNOWN,7,4320.81,4323.311,2.501,"I had no inflation, virtually no inflation.",whisper_canonical
1034,1034_w0907,906,UNKNOWN,21,4323.631,4328.933,5.302,"They had the highest inflation perhaps in the history of our country, because I've never seen a worse period of time.",whisper_canonical
1034,1034_w0908,907,UNKNOWN,14,4329.273,4333.235,3.962,People can't go out and buy cereal or bacon or eggs or anything else.,whisper_canonical
1034,1034_w0909,908,UNKNOWN,12,4334.355,4338.579,4.224,The people of our country are absolutely dying with what they've done.,whisper_canonical
1034,1034_w0910,909,UNKNOWN,4,4338.879,4340.42,1.541,They've destroyed the economy.,whisper_canonical
1034,1034_w0911,910,UNKNOWN,11,4340.74,4342.221,1.481,And all you have to do is look at a poll.,whisper_canonical
1034,1034_w0912,911,UNKNOWN,18,4342.542,4350.107,7.565,"The polls say and and even percent that the Trump economy was great, that their economy was terrible.",whisper_canonical
1034,1034_w0913,912,UNKNOWN,11,4350.267,4352.449,2.182,"Vice President Harris, I do want to ask for your response.",whisper_canonical
1034,1034_w0914,913,UNKNOWN,22,4352.469,4357.853,5.384,"And you heard what the president said there, because the Biden administration did keep a number of the Trump tariffs in place.",whisper_canonical
1034,1034_w0915,914,UNKNOWN,5,4357.873,4358.554,0.681,So how do you respond?,whisper_canonical
1034,1034_w0916,915,UNKNOWN,25,4359.235,4366.823,7.588,"Well, let's be clear that the Trump administration resulted in a trade deficit, one of the highest we've ever seen in the history of America.",whisper_canonical
1034,1034_w0917,916,UNKNOWN,4,4367.484,4368.925,1.441,He invited trade wars.,whisper_canonical
1034,1034_w0918,917,UNKNOWN,19,4369.206,4375.352,6.146,"You want to talk about his deal with China, what he ended up doing as under Donald Trump's presidency.",whisper_canonical
1034,1034_w0919,918,UNKNOWN,8,4375.713,4379.436,3.723,He ended up selling American chips to China.,whisper_canonical
1034,1034_w0920,919,UNKNOWN,67,4380.037,4407.18,27.143,"to help them improve and modernize their military, basically sold us out when a policy about China should be in making sure the United States of America wins the competition for the 21st century, which means focusing on the details of what that requires, focusing on relationships with our allies, focusing on investing in American-based technology so that we win the race on AI, on quantum computing.",whisper_canonical
1034,1034_w0921,920,UNKNOWN,30,4407.64,4417.969,10.329,"focusing on what we need to do to support America's workforce so that we don't end up having, on the short end of the stick in terms of workers' rights.",whisper_canonical
1034,1034_w0922,921,UNKNOWN,17,4418.37,4424.415,6.045,"But what Donald Trump did, let's talk about this, with COVID, is he actually thanked President Xi.",whisper_canonical
1034,1034_w0923,922,UNKNOWN,6,4425.256,4426.698,1.442,for what he did during COVID.,whisper_canonical
1034,1034_w0924,923,UNKNOWN,4,4426.718,4427.6,0.882,Look at his tweet.,whisper_canonical
1034,1034_w0925,924,UNKNOWN,25,4428.02,4439.178,11.158,"Thank you, President Xi, exclamation point when we know that Xi was responsible for lacking and not giving us transparency about the origins of COVID.",whisper_canonical
1034,1034_w0926,925,UNKNOWN,6,4439.499,4440.4,0.901,"President Trump, I'll let you respond.",whisper_canonical
1034,1034_w0927,926,UNKNOWN,9,4440.42,4443.321,2.901,"First of all, they bought their chips from Taiwan.",whisper_canonical
1034,1034_w0928,927,UNKNOWN,16,4443.542,4449.985,6.443,We hardly make chips anymore because of philosophies like they have and policies like they have.,whisper_canonical
1034,1034_w0929,928,UNKNOWN,9,4450.085,4452.026,1.941,I don't say her because she has no policy.,whisper_canonical
1034,1034_w0930,929,UNKNOWN,15,4452.446,4456.988,4.542,Everything that she believed three years ago and four years ago is out the window.,whisper_canonical
1034,1034_w0931,930,UNKNOWN,6,4457.328,4458.829,1.501,She's going to my philosophy now.,whisper_canonical
1034,1034_w0932,931,UNKNOWN,11,4458.849,4460.57,1.721,"In fact, I was going to send her a MAGA hat.",whisper_canonical
1034,1034_w0933,932,UNKNOWN,5,4461.05,4462.291,1.241,She's gone to my philosophy.,whisper_canonical
1034,1034_w0934,933,UNKNOWN,17,4463.231,4467.894,4.663,"If she ever got elected, she'd change it, and it will be the end of our country.",whisper_canonical
1034,1034_w0935,934,UNKNOWN,3,4468.295,4469.195,0.9,She's a Marxist.,whisper_canonical
1034,1034_w0936,935,UNKNOWN,5,4469.395,4470.756,1.361,Everybody knows she's a Marxist.,whisper_canonical
1034,1034_w0937,936,UNKNOWN,12,4471.037,4475.28,4.243,"Her father's a Marxist professor in economics, and he taught her well.",whisper_canonical
1034,1034_w0938,937,UNKNOWN,57,4475.76,4492.432,16.672,"But when you look at what she's done to our country, and when you look at these millions and millions of people that are pouring into our country monthly, where it's, I believe, million people, not the that people say, and I think it's a lot higher than the That's bigger than New York State pouring in.",whisper_canonical
1034,1034_w0939,938,UNKNOWN,10,4492.732,4494.914,2.182,And just look at what they're doing to our country.,whisper_canonical
1034,1034_w0940,939,UNKNOWN,2,4495.334,4496.135,0.801,They're criminals.,whisper_canonical
1034,1034_w0941,940,UNKNOWN,8,4496.235,4498.076,1.841,Many of these people coming in are criminals.,whisper_canonical
1034,1034_w0942,941,UNKNOWN,7,4498.476,4500.398,1.922,"And that's bad for our economy, too.",whisper_canonical
1034,1034_w0943,942,UNKNOWN,10,4500.438,4502.72,2.282,"You know, you mentioned before, we'll talk about immigration later.",whisper_canonical
1034,1034_w0944,943,UNKNOWN,13,4503.08,4506.503,3.423,"Well, bad immigration is the worst thing that can happen to our economy.",whisper_canonical
1034,1034_w0945,944,UNKNOWN,12,4507.383,4513.568,6.185,"They have, and she has, destroyed our country with policy that's insane.",whisper_canonical
1034,1034_w0946,945,UNKNOWN,11,4513.888,4517.091,3.203,Almost policy that you'd say they have to hate our country.,whisper_canonical
1034,1034_w0947,946,UNKNOWN,4,4517.231,4518.232,1.001,"President Trump, thank you.",whisper_canonical
1034,1034_w0948,947,UNKNOWN,9,4519.193,4521.214,2.021,I want to turn to the issue of abortion.,whisper_canonical
1034,1034_w0949,948,UNKNOWN,13,4521.314,4524.336,3.022,"President Trump, you've often touted that you were able to kill Roe v.",whisper_canonical
1034,1034_w0950,949,UNKNOWN,3,4524.396,4525.657,1.261,Wade last year.,whisper_canonical
1034,1034_w0951,950,UNKNOWN,15,4525.737,4530.359,4.622,You said that you were proud to be the most pro-life president in American history.,whisper_canonical
1034,1034_w0952,951,UNKNOWN,17,4530.78,4535.662,4.882,"Then last month, you said that your administration would be great for women and their reproductive rights.",whisper_canonical
1034,1034_w0953,952,UNKNOWN,26,4536.043,4543.087,7.044,"In your home state of Florida, you surprised many with regard to your six-week abortion ban because you initially had said that it was too short.",whisper_canonical
1034,1034_w0954,953,UNKNOWN,35,4543.127,4552.198,9.071,"And you said, quote, I'm going to be voting that we need more than six weeks, but then the very next day you reversed course and said you would vote to support the six-week ban.",whisper_canonical
1034,1034_w0955,954,UNKNOWN,22,4552.798,4560.169,7.371,Vice President Harris says that women shouldn't trust you on the issue of abortion because you've changed your position so many times.,whisper_canonical
1034,1034_w0956,955,UNKNOWN,6,4560.57,4562.272,1.702,"Therefore, why should they trust you?",whisper_canonical
1034,1034_w0957,956,UNKNOWN,73,4562.372,4583.555,21.183,"the reason I'm doing that vote is because the plan is as you know the vote is they have abortion in the ninth month they even have and you can look at the governor of West Virginia the previous governor of West Virginia not the current governor is doing an excellent job but the governor before He said, the baby will be born, and we will decide what to do with the baby.",whisper_canonical
1034,1034_w0958,957,UNKNOWN,7,4583.575,4585.237,1.662,"In other words, we'll execute the baby.",whisper_canonical
1034,1034_w0959,958,UNKNOWN,12,4585.577,4589.621,4.044,"And that's why I did that, because that predominates, because they're radical.",whisper_canonical
1034,1034_w0960,959,UNKNOWN,6,4589.661,4591.383,1.722,The Democrats are radical in that.,whisper_canonical
1034,1034_w0961,960,UNKNOWN,39,4591.784,4604.415,12.631,"And her vice presidential pick, which I think was a horrible pick, by the way, for our country, because he is really out of it, But her vice presidential pick says abortion in the ninth month is absolutely fine.",whisper_canonical
1034,1034_w0962,961,UNKNOWN,6,4604.676,4607.658,2.982,He also says execution after birth.,whisper_canonical
1034,1034_w0963,962,UNKNOWN,13,4607.718,4612.08,4.362,It's an execution no longer abortion because the baby is born is okay.,whisper_canonical
1034,1034_w0964,963,UNKNOWN,6,4612.501,4613.721,1.22,And that's not okay with me.,whisper_canonical
1034,1034_w0965,964,UNKNOWN,3,4614.062,4614.722,0.66,Hence the vote.,whisper_canonical
1034,1034_w0966,965,UNKNOWN,8,4615.042,4618.404,3.362,But what I did is something for years.,whisper_canonical
1034,1034_w0967,966,UNKNOWN,7,4618.465,4619.945,1.48,They've been trying to get Roe v.,whisper_canonical
1034,1034_w0968,967,UNKNOWN,4,4620.005,4621.687,1.682,Wade into the states.,whisper_canonical
1034,1034_w0969,968,UNKNOWN,3,4622.487,4623.448,0.961,And through the,whisper_canonical
1034,1034_w0970,969,UNKNOWN,16,4624.628,4632.213,7.585,"genius and heart and strength of six Supreme Court justices, we were able to do that.",whisper_canonical
1034,1034_w0971,970,UNKNOWN,14,4632.253,4636.516,4.263,"Now, I believe in the exceptions for rape, incest, and life of the mother.",whisper_canonical
1034,1034_w0972,971,UNKNOWN,5,4636.636,4637.676,1.04,I believe strongly in it.,whisper_canonical
1034,1034_w0973,972,UNKNOWN,4,4637.716,4638.837,1.121,Ronald Reagan did also.,whisper_canonical
1034,1034_w0974,973,UNKNOWN,5,4639.718,4642.159,2.441,percent of Republicans do exceptions.,whisper_canonical
1034,1034_w0975,974,UNKNOWN,2,4642.259,4643.02,0.761,Very important.,whisper_canonical
1034,1034_w0976,975,UNKNOWN,14,4643.5,4646.941,3.441,"But we were able to get it, and now states are voting on it.",whisper_canonical
1034,1034_w0977,976,UNKNOWN,21,4647.301,4654.463,7.162,"And for the first time, you're going to see, look, this is an issue that's torn our country apart for years.",whisper_canonical
1034,1034_w0978,977,UNKNOWN,26,4655.183,4664.126,8.943,"Every legal scholar, every Democrat, every Republican, liberal, conservative, they all wanted this issue to be brought back to the states where the people could vote.",whisper_canonical
1034,1034_w0979,978,UNKNOWN,4,4664.586,4666.106,1.52,And that's what happened.,whisper_canonical
1034,1034_w0980,979,UNKNOWN,7,4666.287,4669.427,3.14,"Now, Ohio, The vote was somewhat liberal.",whisper_canonical
1034,1034_w0981,980,UNKNOWN,6,4669.987,4672.108,2.121,"Kansas, the vote was somewhat liberal.",whisper_canonical
1034,1034_w0982,981,UNKNOWN,8,4672.148,4673.728,1.58,Much more liberal than people would have thought.,whisper_canonical
1034,1034_w0983,982,UNKNOWN,6,4674.128,4677.229,3.101,But each individual state is voting.,whisper_canonical
1034,1034_w0984,983,UNKNOWN,7,4677.329,4678.709,1.38,It's the vote of the people now.,whisper_canonical
1034,1034_w0985,984,UNKNOWN,8,4678.749,4680.47,1.721,It's not tied up in the federal government.,whisper_canonical
1034,1034_w0986,985,UNKNOWN,8,4680.85,4682.29,1.44,I did a great service in doing it.,whisper_canonical
1034,1034_w0987,986,UNKNOWN,6,4682.33,4683.31,0.98,It took courage to do it.,whisper_canonical
1034,1034_w0988,987,UNKNOWN,10,4683.59,4686.111,2.521,And the Supreme Court had great courage in doing it.,whisper_canonical
1034,1034_w0989,988,UNKNOWN,9,4686.451,4689.331,2.88,And I give tremendous credit to those six justices.,whisper_canonical
1034,1034_w0990,989,UNKNOWN,18,4689.692,4693.832,4.14,There is no state in this country where it is legal to kill a baby after it's born.,whisper_canonical
1034,1034_w0991,990,UNKNOWN,12,4694.232,4696.713,2.481,"Madam Vice President, I want to get your response to President Trump.",whisper_canonical
1034,1034_w0992,991,UNKNOWN,12,4696.96,4698.701,1.741,"Well, as I said, you're going to hear a bunch of lies.",whisper_canonical
1034,1034_w0993,992,UNKNOWN,7,4699.121,4701.362,2.241,And that's not actually a surprising fact.,whisper_canonical
1034,1034_w0994,993,UNKNOWN,6,4702.522,4703.823,1.301,Let's understand how we got here.,whisper_canonical
1034,1034_w0995,994,UNKNOWN,24,4704.803,4712.426,7.623,Donald Trump hand selected three members of the United States Supreme Court with the intention that they would undo the protections of Roe v.,whisper_canonical
1034,1034_w0996,995,UNKNOWN,8,4712.466,4715.836,3.37,Wade. And they did exactly as he intended.,whisper_canonical
1034,1034_w0997,996,UNKNOWN,23,4716.236,4726.749,10.513,"And now in over states, there are Trump abortion bans, which make it criminal for a doctor or nurse to provide health care.",whisper_canonical
1034,1034_w0998,997,UNKNOWN,8,4726.869,4729.332,2.463,"In one state, it provides prison for life.",whisper_canonical
1034,1034_w0999,998,UNKNOWN,17,4730.575,4735.918,5.343,"Trump abortion bans that make no exception even for rape and incest, which understand what that means.",whisper_canonical
1034,1034_w1000,999,UNKNOWN,26,4736.419,4744.564,8.145,A survivor of a crime of violation to their body does not have the right to make a decision about what happens to their body next.,whisper_canonical
1034,1034_w1001,1000,UNKNOWN,3,4744.624,4745.725,1.101,That is immoral.,whisper_canonical
1034,1034_w1002,1001,UNKNOWN,33,4746.913,4759.738,12.825,And one does not have to abandon their faith or deeply held beliefs to agree the government and Donald Trump certainly should not be telling a woman what to do with her body.,whisper_canonical
1034,1034_w1003,1002,UNKNOWN,8,4759.938,4762.799,2.861,I have talked with women around our country.,whisper_canonical
1034,1034_w1004,1003,UNKNOWN,10,4763.219,4765.52,2.301,You want to talk about this is what people wanted?,whisper_canonical
1034,1034_w1005,1004,UNKNOWN,44,4766.36,4780.151,13.791,Pregnant women who want to carry a pregnancy to term suffering from a miscarriage being denied care in an emergency room because the health care providers are afraid they might go to jail and she's bleeding out in a car in the parking lot.,whisper_canonical
1034,1034_w1006,1005,UNKNOWN,4,4780.712,4781.592,0.88,She didn't want that.,whisper_canonical
1034,1034_w1007,1006,UNKNOWN,5,4782.013,4783.294,1.281,Her husband didn't want that.,whisper_canonical
1034,1034_w1008,1007,UNKNOWN,15,4783.314,4789.959,6.645,A or year old survivor of incest being forced to carry a pregnancy to term.,whisper_canonical
1034,1034_w1009,1008,UNKNOWN,4,4790.7,4791.781,1.081,They don't want that.,whisper_canonical
1034,1034_w1010,1009,UNKNOWN,20,4793.027,4799.768,6.741,"And I pledge to you, when Congress passes a bill to put back in place the protections of Roe v.",whisper_canonical
1034,1034_w1011,1010,UNKNOWN,14,4799.808,4805.409,5.601,"Wade as president of the United States, I will proudly sign it into law.",whisper_canonical
1034,1034_w1012,1011,UNKNOWN,16,4805.71,4811.471,5.761,"But understand, if Donald Trump were to be reelected, he will sign a national abortion ban.",whisper_canonical
1034,1034_w1013,1012,UNKNOWN,20,4811.791,4820.132,8.341,"Understand in his project there would be a national abortion, a monitor that would be monitoring your pregnancies, your miscarriages.",whisper_canonical
1034,1034_w1014,1013,UNKNOWN,27,4820.533,4830.739,10.206,"I think the American people believe that certain freedoms, in particular the freedom to make decisions about one's own body, should not be made by the government.",whisper_canonical
1034,1034_w1015,1014,UNKNOWN,5,4831.099,4832.88,1.781,"Thank you, Vice President Harris.",whisper_canonical
1034,1034_w1016,1015,UNKNOWN,5,4832.961,4834.101,1.14,Well there she goes again.,whisper_canonical
1034,1034_w1017,1016,UNKNOWN,3,4834.342,4834.962,0.62,It's a lie.,whisper_canonical
1034,1034_w1018,1017,UNKNOWN,19,4835.582,4841.087,5.505,I'm not signing a ban and there's no reason to sign a ban because we've gotten what everybody wanted.,whisper_canonical
1034,1034_w1019,1018,UNKNOWN,40,4841.507,4857.217,15.71,"Democrats, Republicans and everybody else and every legal scholar wanted it to be brought back into the states and the states are voting and it may take a little time But for years, this issue has torn our country apart.",whisper_canonical
1034,1034_w1020,1019,UNKNOWN,8,4857.617,4859.498,1.881,And they've wanted it back in the states.,whisper_canonical
1034,1034_w1021,1020,UNKNOWN,9,4859.638,4862.219,2.581,And I did something that nobody thought was possible.,whisper_canonical
1034,1034_w1022,1021,UNKNOWN,5,4863.02,4864.28,1.26,The states are now voting.,whisper_canonical
1034,1034_w1023,1022,UNKNOWN,7,4864.881,4867.342,2.461,What she says is an absolute lie.,whisper_canonical
1034,1034_w1024,1023,UNKNOWN,8,4867.762,4869.863,2.101,"And as far as the abortion ban, no.",whisper_canonical
1034,1034_w1025,1024,UNKNOWN,22,4870.243,4876.366,6.123,"I'm not in favor of abortion ban, but it doesn't matter, because this issue has now been taken over by the states.",whisper_canonical
1034,1034_w1026,1025,UNKNOWN,13,4876.446,4878.707,2.261,Would you veto a national abortion ban if it came to your desk?,whisper_canonical
1034,1034_w1027,1026,UNKNOWN,9,4878.727,4881.268,2.541,"Well, I won't have to, because, again, two things.",whisper_canonical
1034,1034_w1028,1027,UNKNOWN,9,4881.528,4883.33,1.802,"Number one, she said she'll go back to Congress.",whisper_canonical
1034,1034_w1029,1028,UNKNOWN,5,4883.35,4884.211,0.861,She'll never get the vote.,whisper_canonical
1034,1034_w1030,1029,UNKNOWN,21,4884.251,4891.978,7.727,"There's impossible for her to get the vote, especially now with the 50-50, essentially 50-50 in both Senate and the House.",whisper_canonical
1034,1034_w1031,1030,UNKNOWN,7,4892.498,4893.419,0.921,She's not going to get the vote.,whisper_canonical
1034,1034_w1032,1031,UNKNOWN,5,4893.679,4894.38,0.701,She can't get the vote.,whisper_canonical
1034,1034_w1033,1032,UNKNOWN,7,4894.42,4895.661,1.241,She won't even come close to it.,whisper_canonical
1034,1034_w1034,1033,UNKNOWN,4,4895.701,4896.422,0.721,So it's just talk.,whisper_canonical
1034,1034_w1035,1034,UNKNOWN,7,4896.722,4897.743,1.021,You know what it reminds me of?,whisper_canonical
1034,1034_w1036,1035,UNKNOWN,18,4897.783,4902.887,5.104,"When they said they're going to get student loans terminated, and it ended up being a total catastrophe.",whisper_canonical
1034,1034_w1037,1036,UNKNOWN,25,4903.648,4910.151,6.503,"The student loans and then her, I think probably her boss, if you call him a boss, he spends all his time on the beach.",whisper_canonical
1034,1034_w1038,1037,UNKNOWN,12,4910.551,4913.793,3.242,"But look, her boss went out and said, we'll do it again.",whisper_canonical
1034,1034_w1039,1038,UNKNOWN,6,4913.853,4914.874,1.021,We'll do it a different way.,whisper_canonical
1034,1034_w1040,1039,UNKNOWN,10,4914.954,4917.795,2.841,"He went out, got rejected again by the Supreme Court.",whisper_canonical
1034,1034_w1041,1040,UNKNOWN,5,4918.075,4919.196,1.121,So all these students got,whisper_canonical
1034,1034_w1042,1041,UNKNOWN,76,4920.237,4940.421,20.184,"Taunted with this whole thing about this whole idea and how unfair that would have been part of the reason they lost to the millions and millions of people that had to pay off their student loans They didn't get it for free, but they were saying it's the same way that they talked about that that they talk about abortion But if I could just get a yes or no, because you're running me, J.D.",whisper_canonical
1034,1034_w1043,1042,UNKNOWN,14,4940.461,4943.743,3.282,Vance has said that you would veto if you did come to your desk.,whisper_canonical
1034,1034_w1044,1043,UNKNOWN,7,4943.763,4945.724,1.961,"Well, I didn't discuss it with J.D.",whisper_canonical
1034,1034_w1045,1044,UNKNOWN,3,4945.744,4946.424,0.68,in all fairness.,whisper_canonical
1034,1034_w1046,1045,UNKNOWN,23,4946.784,4952.707,5.923,"J.D., and I don't mind if he has a certain view, but I think he was speaking for me, but I really didn't.",whisper_canonical
1034,1034_w1047,1046,UNKNOWN,22,4953.127,4959.3,6.173,"Look. We don't have to discuss it because she'd never be able to get it, just like she couldn't get student loans.",whisper_canonical
1034,1034_w1048,1047,UNKNOWN,5,4959.34,4960.24,0.9,They couldn't get student loans.,whisper_canonical
1034,1034_w1049,1048,UNKNOWN,9,4960.26,4962.062,1.802,They didn't even come close to getting student loans.,whisper_canonical
1034,1034_w1050,1049,UNKNOWN,13,4962.362,4966.085,3.723,They taunted young people and a lot of other people that had loans.,whisper_canonical
1034,1034_w1051,1050,UNKNOWN,6,4966.685,4967.946,1.261,They can never get this approved.,whisper_canonical
1034,1034_w1052,1051,UNKNOWN,11,4968.286,4970.548,2.262,So it doesn't matter what she says about going to Congress.,whisper_canonical
1034,1034_w1053,1052,UNKNOWN,2,4970.568,4971.068,0.5,We're wonderful.,whisper_canonical
1034,1034_w1054,1053,UNKNOWN,6,4971.108,4972.229,1.121,"Let's go to Congress, do it.",whisper_canonical
1034,1034_w1055,1054,UNKNOWN,21,4972.749,4977.153,4.404,But the fact is that for years they wanted to get it out of Congress and out of the federal government.,whisper_canonical
1034,1034_w1056,1055,UNKNOWN,10,4977.473,4979.775,2.302,And we did something that everybody said couldn't be done.,whisper_canonical
1034,1034_w1057,1056,UNKNOWN,11,4979.895,4982.877,2.982,And now you have a vote of the people on abortion.,whisper_canonical
1034,1034_w1058,1057,UNKNOWN,29,4983.377,4989.963,6.586,"Vice President Harris want to give you your time to respond, but I do want to ask, would you support any restrictions on a woman's right to an abortion?",whisper_canonical
1034,1034_w1059,1058,UNKNOWN,10,4990.323,4993.986,3.663,I absolutely support reinstating the protections of Roe v Wade.,whisper_canonical
1034,1034_w1060,1059,UNKNOWN,8,4994.367,4998.73,4.363,"And as you rightly mentioned, nowhere in America.",whisper_canonical
1034,1034_w1061,1060,UNKNOWN,13,4999.704,5005.769,6.065,is a woman carrying a pregnancy to term and asking for an abortion.,whisper_canonical
1034,1034_w1062,1061,UNKNOWN,4,5005.829,5006.809,0.98,That is not happening.,whisper_canonical
1034,1034_w1063,1062,UNKNOWN,7,5006.849,5009.251,2.402,It's insulting to the women of America.,whisper_canonical
1034,1034_w1064,1063,UNKNOWN,11,5009.531,5013.234,3.703,And understand what has been happening under Donald Trump's abortion bans.,whisper_canonical
1034,1034_w1065,1064,UNKNOWN,14,5013.955,5021.701,7.746,Couples who pray and dream of having a family are being denied IVF treatments.,whisper_canonical
1034,1034_w1066,1065,UNKNOWN,6,5022.421,5024.021,1.6,What is happening in our country?,whisper_canonical
1034,1034_w1067,1066,UNKNOWN,44,5024.562,5041.806,17.244,"Working people, working women who are working one or two jobs, who can barely afford child care as it is, have to travel to another state to get on a plane sitting next to strangers to go and get the health care she needs.",whisper_canonical
1034,1034_w1068,1067,UNKNOWN,15,5042.826,5048.729,5.903,"Barely can afford to do it, and what you are putting her through is unconscionable.",whisper_canonical
1034,1034_w1069,1068,UNKNOWN,22,5049.369,5055.992,6.623,And the people of America have not—the majority of Americans believe in a woman's right to make decisions about her own body.,whisper_canonical
1034,1034_w1070,1069,UNKNOWN,29,5056.653,5065.537,8.884,"And that is why in every state where this issue has been on the ballot in red and blue states both, the people of America have voted for freedom.",whisper_canonical
1034,1034_w1071,1070,UNKNOWN,5,5066.162,5066.923,0.761,"Vice President Harris, thank you.",whisper_canonical
1034,1034_w1072,1071,UNKNOWN,6,5066.943,5067.944,1.001,"Excuse me, I have to respond.",whisper_canonical
1034,1034_w1073,1072,UNKNOWN,2,5068.384,5068.985,0.601,Another lie.,whisper_canonical
1034,1034_w1074,1073,UNKNOWN,3,5069.325,5070.066,0.741,It's another lie.,whisper_canonical
1034,1034_w1075,1074,UNKNOWN,10,5070.626,5074.15,3.524,"I have been a leader on IVF, which is fertilization.",whisper_canonical
1034,1034_w1076,1075,UNKNOWN,7,5074.39,5076.452,2.062,"The IVF, I have been a leader.",whisper_canonical
1034,1034_w1077,1076,UNKNOWN,30,5076.933,5087.1,10.167,"In fact, when they got a very negative decision on IVF from the Alabama courts I saw the people of Alabama and the legislature two days later voted it in.",whisper_canonical
1034,1034_w1078,1077,UNKNOWN,6,5087.58,5088.841,1.261,I've been a leader on it.,whisper_canonical
1034,1034_w1079,1078,UNKNOWN,8,5089.121,5091.161,2.04,They know that and everybody else knows it.,whisper_canonical
1034,1034_w1080,1079,UNKNOWN,8,5091.622,5094.203,2.581,I have been a leader on fertilization IVF.,whisper_canonical
1034,1034_w1081,1080,UNKNOWN,5,5094.663,5096.103,1.44,"And the other thing, they,",whisper_canonical
1034,1034_w1082,1081,UNKNOWN,3,5097.344,5098.084,0.74,"you should ask,",whisper_canonical
1034,1034_w1083,1082,UNKNOWN,12,5099.145,5102.906,3.761,"will she allow abortion in the eighth month, ninth month, seventh month?",whisper_canonical
1034,1034_w1084,1083,UNKNOWN,5,5103.826,5104.787,0.961,"Okay, would you do that?",whisper_canonical
1034,1034_w1085,1084,UNKNOWN,6,5106.112,5107.593,1.481,Why don't you answer that question?,whisper_canonical
1034,1034_w1086,1085,UNKNOWN,3,5107.713,5108.694,0.981,That's the problem.,whisper_canonical
1034,1034_w1087,1086,UNKNOWN,4,5108.734,5110.435,1.701,Because under Roe v.,whisper_canonical
1034,1034_w1088,1087,UNKNOWN,19,5110.475,5117.2,6.725,"Wade, you could do abortions in the seventh month, the eighth month, the ninth month, and probably after birth.",whisper_canonical
1034,1034_w1089,1088,UNKNOWN,9,5117.481,5120.543,3.062,"Just look at the governor, former governor of Virginia.",whisper_canonical
1034,1034_w1090,1089,UNKNOWN,22,5120.943,5125.807,4.864,The governor of Virginia said we put the baby aside and then we determine what we want to do with the baby.,whisper_canonical
1034,1034_w1091,1090,UNKNOWN,4,5125.827,5126.908,1.081,"President Trump, thank you.",whisper_canonical
1034,1034_w1092,1091,UNKNOWN,10,5127.148,5129.63,2.482,We're going to turn now to immigration and border security.,whisper_canonical
1034,1034_w1093,1092,UNKNOWN,17,5129.67,5134.335,4.665,"We know it's an issue that's important to Republicans, Democrats, voters across the board in this country.",whisper_canonical
1034,1034_w1094,1093,UNKNOWN,20,5134.815,5140.601,5.786,"Vice President Harris, you were tasked by President Biden with getting to the root causes of migration from Central America.",whisper_canonical
1034,1034_w1095,1094,UNKNOWN,14,5141.061,5145.085,4.024,We know that illegal border crossings reached a record high in the Biden administration.,whisper_canonical
1034,1034_w1096,1095,UNKNOWN,10,5145.125,5148.789,3.664,"This past June, President Biden imposed tough new asylum restrictions.",whisper_canonical
1034,1034_w1097,1096,UNKNOWN,9,5148.849,5151.672,2.823,We know the numbers since then have dropped significantly.,whisper_canonical
1034,1034_w1098,1097,UNKNOWN,20,5152.112,5157.334,5.222,"But my question to you tonight is, why did the administration wait until six months before the election to act?",whisper_canonical
1034,1034_w1099,1098,UNKNOWN,12,5157.774,5160.755,2.981,And would you have done anything differently from President Biden on this?,whisper_canonical
1034,1034_w1100,1099,UNKNOWN,23,5161.235,5169.998,8.763,"So I'm the only person on this stage who has prosecuted transnational criminal organizations for the trafficking of guns, drugs, and human beings.",whisper_canonical
1034,1034_w1101,1100,UNKNOWN,31,5170.738,5180.942,10.204,"And let me say that the United States Congress, including some of the most conservative members of the United States Senate, came up with a border security bill, which I supported.",whisper_canonical
1034,1034_w1102,1101,UNKNOWN,29,5182.082,5190.867,8.785,And that bill would have put more border agents on the border to help those folks who are working there right now over time trying to do their job.,whisper_canonical
1034,1034_w1103,1102,UNKNOWN,16,5191.647,5196.85,5.203,It would have allowed us to stem the flow of fentanyl coming into the United States.,whisper_canonical
1034,1034_w1104,1103,UNKNOWN,22,5197.251,5203.074,5.823,I know there are so many families watching tonight who have been personally affected by the surge of fentanyl in our country.,whisper_canonical
1034,1034_w1105,1104,UNKNOWN,23,5203.614,5212.18,8.566,"That bill would have put more resources to allow us to prosecute transnational criminal organizations for trafficking in guns, drugs, and human beings.",whisper_canonical
1034,1034_w1106,1105,UNKNOWN,8,5212.22,5213.861,1.641,But you know what happened to that bill?,whisper_canonical
1034,1034_w1107,1106,UNKNOWN,17,5214.642,5219.505,4.863,"Donald Trump got on the phone, called up some folks in Congress and said, kill the bill.",whisper_canonical
1034,1034_w1108,1107,UNKNOWN,4,5219.565,5220.286,0.721,And you know why?,whisper_canonical
1034,1034_w1109,1108,UNKNOWN,13,5220.826,5225.51,4.684,Because he'd prefer to run on a problem instead of fixing a problem.,whisper_canonical
1034,1034_w1110,1109,UNKNOWN,28,5226.21,5239.073,12.863,"And understand this comes at a time where the people of our country actually need a leader who engages in solutions, who actually addresses the problems at hand.",whisper_canonical
1034,1034_w1111,1110,UNKNOWN,23,5239.553,5245.074,5.521,But what we have in the former president is someone who would prefer to run on a problem instead of fixing a problem.,whisper_canonical
1034,1034_w1112,1111,UNKNOWN,5,5245.414,5246.254,0.84,And I'll tell you something.,whisper_canonical
1034,1034_w1113,1112,UNKNOWN,19,5246.294,5250.275,3.981,"He's going to talk about immigration a lot tonight, even when it's not the subject that is being raised.",whisper_canonical
1034,1034_w1114,1113,UNKNOWN,9,5250.875,5252.937,2.062,And I'm going to actually do something really unusual.,whisper_canonical
1034,1034_w1115,1114,UNKNOWN,21,5253.017,5258.462,5.445,And I'm going to invite you to attend one of Donald Trump's rallies because it's a really interesting thing to watch.,whisper_canonical
1034,1034_w1116,1115,UNKNOWN,17,5259.222,5263.966,4.744,"You will see during the course of his rallies, he talks about fictional characters like Hannibal Lecter.",whisper_canonical
1034,1034_w1117,1116,UNKNOWN,8,5264.767,5267.269,2.502,He will talk about when mills cause cancer.,whisper_canonical
1034,1034_w1118,1117,UNKNOWN,19,5268.03,5273.614,5.584,And what you will also notice is that people start leaving his rallies early out of exhaustion and boredom.,whisper_canonical
1034,1034_w1119,1118,UNKNOWN,17,5274.415,5277.616,3.201,"And I will tell you, the one thing you will not hear him talk about is you.",whisper_canonical
1034,1034_w1120,1119,UNKNOWN,14,5278.236,5282.458,4.222,"You will not hear him talk about your needs, your dreams, and your desires.",whisper_canonical
1034,1034_w1121,1120,UNKNOWN,23,5283.018,5289.24,6.222,"And I'll tell you, I believe you deserve a president who actually puts you first, and I pledge to you that I will.",whisper_canonical
1034,1034_w1122,1121,UNKNOWN,5,5289.58,5290.741,1.161,"Vice President Harris, thank you.",whisper_canonical
1034,1034_w1123,1122,UNKNOWN,11,5290.781,5292.441,1.66,"President Trump, on that point, I want to get your response.",whisper_canonical
1034,1034_w1124,1123,UNKNOWN,6,5292.461,5293.442,0.981,"Well, I would like to respond.",whisper_canonical
1034,1034_w1125,1124,UNKNOWN,29,5293.462,5299.744,6.282,"Let me just ask though, why did you try to kill that bill and successfully so that would have put thousands of additional agents and officers on the board?",whisper_canonical
1034,1034_w1126,1125,UNKNOWN,8,5299.804,5301.445,1.641,"First, let me respond as to the rallies.",whisper_canonical
1034,1034_w1127,1126,UNKNOWN,5,5302.025,5303.446,1.421,She said people start leaving.,whisper_canonical
1034,1034_w1128,1127,UNKNOWN,6,5303.486,5304.806,1.32,People don't go to her rallies.,whisper_canonical
1034,1034_w1129,1128,UNKNOWN,5,5304.826,5305.667,0.841,There's no reason to go.,whisper_canonical
1034,1034_w1130,1129,UNKNOWN,16,5306.427,5310.029,3.602,"And the people that do go, she's bussing them in and paying them to be there.",whisper_canonical
1034,1034_w1131,1130,UNKNOWN,8,5310.649,5313.091,2.442,And then showing them in a different light.,whisper_canonical
1034,1034_w1132,1131,UNKNOWN,6,5313.571,5315.092,1.521,So she can't talk about that.,whisper_canonical
1034,1034_w1133,1132,UNKNOWN,5,5315.132,5316.312,1.18,People don't leave my rallies.,whisper_canonical
1034,1034_w1134,1133,UNKNOWN,14,5316.452,5320.014,3.562,"We have the biggest rallies, the most incredible rallies in the history of politics.",whisper_canonical
1034,1034_w1135,1134,UNKNOWN,9,5320.314,5322.836,2.522,That's because people want to take their country back.,whisper_canonical
1034,1034_w1136,1135,UNKNOWN,5,5323.316,5324.997,1.681,Our country is being lost.,whisper_canonical
1034,1034_w1137,1136,UNKNOWN,4,5325.057,5326.177,1.12,We're a failing nation.,whisper_canonical
1034,1034_w1138,1137,UNKNOWN,9,5326.538,5328.759,2.221,And it happened three and a half years ago.,whisper_canonical
1034,1034_w1139,1138,UNKNOWN,20,5329.399,5334.462,5.063,"And what's going on here, you're going to end up in World War III, just to go into another subject.",whisper_canonical
1034,1034_w1140,1139,UNKNOWN,33,5335.162,5344.866,9.704,what they have done to our country by allowing these millions and millions of people to come into our country and look at what's happening to the towns all over the United States.,whisper_canonical
1034,1034_w1141,1140,UNKNOWN,9,5344.906,5346.127,1.221,And a lot of towns don't want to talk.,whisper_canonical
1034,1034_w1142,1141,UNKNOWN,8,5346.147,5347.907,1.76,It's not going to be Aurora or Springfield.,whisper_canonical
1034,1034_w1143,1142,UNKNOWN,16,5348.347,5351.469,3.122,A lot of towns don't want to talk about it because they're so embarrassed by it.,whisper_canonical
1034,1034_w1144,1143,UNKNOWN,11,5352.029,5356.291,4.262,"In Springfield, they're eating the dogs, the people that came in.",whisper_canonical
1034,1034_w1145,1144,UNKNOWN,4,5356.591,5357.711,1.12,They're eating the cats.,whisper_canonical
1034,1034_w1146,1145,UNKNOWN,12,5357.971,5363.336,5.365,They're eating They're eating the pets of the people that live there.,whisper_canonical
1034,1034_w1147,1146,UNKNOWN,8,5363.836,5365.959,2.123,And this is what's happening in our country.,whisper_canonical
1034,1034_w1148,1147,UNKNOWN,4,5366.339,5367.16,0.821,And it's a shame.,whisper_canonical
1034,1034_w1149,1148,UNKNOWN,19,5367.58,5373.346,5.766,"As far as rallies are concerned, as far as the reason they go is they like what I say.",whisper_canonical
1034,1034_w1150,1149,UNKNOWN,7,5373.646,5375.448,1.802,They want to bring our country back.,whisper_canonical
1034,1034_w1151,1150,UNKNOWN,7,5375.688,5377.43,1.742,They want to make America great again.,whisper_canonical
1034,1034_w1152,1151,UNKNOWN,5,5377.45,5378.491,1.041,It's a very simple phrase.,whisper_canonical
1034,1034_w1153,1152,UNKNOWN,4,5378.791,5379.952,1.161,Make America great again.,whisper_canonical
1034,1034_w1154,1153,UNKNOWN,17,5380.593,5386.635,6.042,"She's destroying this country, and if she becomes president, this country doesn't have a chance of success.",whisper_canonical
1034,1034_w1155,1154,UNKNOWN,10,5387.036,5391.017,3.981,"Not only success, we'll end up being Venezuela on steroids.",whisper_canonical
1034,1034_w1156,1155,UNKNOWN,22,5391.778,5397.4,5.622,"I just want to clarify here, you rig up Springfield, Ohio, and ABC News did reach out to the city manager there.",whisper_canonical
1034,1034_w1157,1156,UNKNOWN,25,5397.62,5405.463,7.843,"He told us there had been no credible reports of specific claims of pets being harmed, injured, or abused by individuals within the immigrant community.",whisper_canonical
1034,1034_w1158,1157,UNKNOWN,6,5405.483,5406.583,1.1,"Well, I've seen people on television.",whisper_canonical
1034,1034_w1159,1158,UNKNOWN,20,5406.604,5411.706,5.102,"Let me just say here, this is the People on television say my dog was taken and used for food.",whisper_canonical
1034,1034_w1160,1159,UNKNOWN,17,5411.806,5415.668,3.862,"So maybe he said that, and maybe that's a good thing to say for a city manager.",whisper_canonical
1034,1034_w1161,1160,UNKNOWN,6,5415.728,5416.729,1.001,I'm not taking this from television.,whisper_canonical
1034,1034_w1162,1161,UNKNOWN,7,5416.769,5417.549,0.78,I'm taking it from the city manager.,whisper_canonical
1034,1034_w1163,1162,UNKNOWN,16,5417.569,5421.391,3.822,But the people on television say the dog was eaten by the people that went there.,whisper_canonical
1034,1034_w1164,1163,UNKNOWN,11,5422.232,5424.593,2.361,"Again, the Springfield city manager says there's no evidence of that.",whisper_canonical
1034,1034_w1165,1164,UNKNOWN,14,5424.673,5426.854,2.181,"Vice President Harris, I'll let you respond to the rest of what you've heard.",whisper_canonical
1034,1034_w1166,1165,UNKNOWN,4,5427.878,5429.359,1.481,You talk about extreme.,whisper_canonical
1034,1034_w1167,1166,UNKNOWN,18,5432.741,5438.964,6.223,"This is, I think, one of the reasons why in this election, I actually have the endorsement of",whisper_canonical
1034,1034_w1168,1167,UNKNOWN,27,5439.965,5452.892,12.927,"Republicans who have formally worked with President Bush, Mitt Romney, and John McCain, including the endorsement of former Vice President Dick Cheney and Congress member Liz Cheney.",whisper_canonical
1034,1034_w1169,1168,UNKNOWN,31,5453.832,5463.199,9.367,"And if you want to really know the inside track on who the former president is, if he didn't make it clear already, just ask people who have worked with him.",whisper_canonical
1034,1034_w1170,1169,UNKNOWN,20,5463.799,5469.683,5.884,His former chief of staff of four-star general has said he is contempt for the Constitution of the United States.,whisper_canonical
1034,1034_w1171,1170,UNKNOWN,12,5470.444,5474.347,3.903,His former national security advisor has said he is dangerous and unfit.,whisper_canonical
1034,1034_w1172,1171,UNKNOWN,17,5475.247,5483.575,8.328,His former Secretary of Defense has said the nation the Republic would never survive another Trump term.,whisper_canonical
1034,1034_w1173,1172,UNKNOWN,30,5484.636,5494.866,10.23,"And when we listen to this kind of rhetoric, when the issues that affect the American people are not being addressed, I think the choice is clear in this election.",whisper_canonical
1034,1034_w1174,1173,UNKNOWN,8,5495.286,5496.526,1.24,President Trump will give you a quick minute,whisper_canonical
1034,1034_w1175,1174,UNKNOWN,72,5511.172,5535.823,24.651,they didn't fire anybody having to do with Afghanistan and the Taliban and the people who's who's were just killed viciously and violently killed and I got to know the parents and the family they didn't fire they should have fired all those generals all those top people because that was one of the most incompetently handled situations anybody has ever seen so when somebody does a bad job I fire him.,whisper_canonical
1034,1034_w1176,1175,UNKNOWN,7,5536.263,5537.804,1.541,And you take a guy like Esper.,whisper_canonical
1034,1034_w1177,1176,UNKNOWN,4,5537.844,5538.544,0.7,He was no good.,whisper_canonical
1034,1034_w1178,1177,UNKNOWN,3,5538.604,5539.184,0.58,I fired him.,whisper_canonical
1034,1034_w1179,1178,UNKNOWN,5,5539.224,5540.044,0.82,So he writes a book.,whisper_canonical
1034,1034_w1180,1179,UNKNOWN,5,5540.124,5541.184,1.06,Another one writes a book.,whisper_canonical
1034,1034_w1181,1180,UNKNOWN,12,5541.264,5543.685,2.421,"Because with me, they can write books with nobody else, can they?",whisper_canonical
1034,1034_w1182,1181,UNKNOWN,8,5544.265,5546.626,2.361,But they have done such a poor job.,whisper_canonical
1034,1034_w1183,1182,UNKNOWN,5,5546.946,5548.806,1.86,And they never fire anybody.,whisper_canonical
1034,1034_w1184,1183,UNKNOWN,4,5549.186,5550.207,1.021,Look at the economy.,whisper_canonical
1034,1034_w1185,1184,UNKNOWN,4,5550.267,5551.667,1.4,Look at the inflation.,whisper_canonical
1034,1034_w1186,1185,UNKNOWN,7,5551.907,5554.088,2.181,They didn't fire any of their economists.,whisper_canonical
1034,1034_w1187,1186,UNKNOWN,5,5554.108,5555.128,1.02,They have the same people.,whisper_canonical
1034,1034_w1188,1187,UNKNOWN,11,5555.388,5558.169,2.781,That's a good way not to have books written about you.,whisper_canonical
1034,1034_w1189,1188,UNKNOWN,15,5558.549,5563.93,5.381,"But just to finish, I got more votes than any Republican in history by far.",whisper_canonical
1034,1034_w1190,1189,UNKNOWN,15,5565.165,5570.608,5.443,"In fact, I got more votes than any president sitting president in history by far.",whisper_canonical
1034,1034_w1191,1190,UNKNOWN,5,5572.029,5573.17,1.141,Let me continue on immigration.,whisper_canonical
1034,1034_w1192,1191,UNKNOWN,9,5573.19,5574.631,1.441,It was what you wanted to talk about earlier.,whisper_canonical
1034,1034_w1193,1192,UNKNOWN,17,5574.671,5580.515,5.844,So let's get back to your deportation proposal that the vice president has reacted to as well.,whisper_canonical
1034,1034_w1194,1193,UNKNOWN,16,5581.055,5585.398,4.343,"President Trump, you call this the largest domestic deportation operation in the history of our country.",whisper_canonical
1034,1034_w1195,1194,UNKNOWN,8,5585.418,5587.019,1.601,You say you would use the National Guard.,whisper_canonical
1034,1034_w1196,1195,UNKNOWN,16,5587.059,5590.741,3.682,"You say if things get out of control, you'd have no problem using the US military.",whisper_canonical
1034,1034_w1197,1196,UNKNOWN,8,5591.261,5593.082,1.821,You've also said you would use local police.,whisper_canonical
1034,1034_w1198,1197,UNKNOWN,7,5593.942,5597.204,3.262,How would you deport million undocumented immigrants?,whisper_canonical
1034,1034_w1199,1198,UNKNOWN,9,5597.224,5599.565,2.341,I know you believe that number is much higher.,whisper_canonical
1034,1034_w1200,1199,UNKNOWN,4,5600.305,5600.965,0.66,Take us through this.,whisper_canonical
1034,1034_w1201,1200,UNKNOWN,5,5601.045,5601.946,0.901,What does this look like?,whisper_canonical
1034,1034_w1202,1201,UNKNOWN,10,5601.966,5603.807,1.841,Will authorities be going door to door in this country?,whisper_canonical
1034,1034_w1203,1202,UNKNOWN,8,5603.947,5606.963,3.016,Yeah. It is much higher because of them.,whisper_canonical
1034,1034_w1204,1203,UNKNOWN,8,5607.483,5610.705,3.222,"They allowed criminals, many, many millions of criminals.",whisper_canonical
1034,1034_w1205,1204,UNKNOWN,3,5611.285,5612.306,1.021,They allowed terrorists.,whisper_canonical
1034,1034_w1206,1205,UNKNOWN,5,5612.426,5614.847,2.421,They allowed common street criminals.,whisper_canonical
1034,1034_w1207,1206,UNKNOWN,13,5614.887,5618.229,3.342,"They allowed people to come in drug dealers, to come into our country.",whisper_canonical
1034,1034_w1208,1207,UNKNOWN,24,5618.249,5626.253,8.004,"And they're now in the United States and told by their countries, like Venezuela, don't ever come back or we're going to kill you.",whisper_canonical
1034,1034_w1209,1208,UNKNOWN,21,5626.554,5633.317,6.763,Do you know that crime in Venezuela and crime in countries all over the world is way down You know why?,whisper_canonical
1034,1034_w1210,1209,UNKNOWN,19,5633.678,5638.741,5.063,Because they've taken their criminals off the street and they've given them to her to put into our country.,whisper_canonical
1034,1034_w1211,1210,UNKNOWN,15,5639.241,5643.765,4.524,And this will be one of the greatest mistakes in history for them to allow.,whisper_canonical
1034,1034_w1212,1211,UNKNOWN,15,5644.145,5647.067,2.922,And I think they probably did it because they think they're going to get votes.,whisper_canonical
1034,1034_w1213,1212,UNKNOWN,17,5647.447,5652.951,5.504,But it's not worth it because they're destroying the fabric of our country by what they've done.,whisper_canonical
1034,1034_w1214,1213,UNKNOWN,9,5653.211,5655.933,2.722,There's never been anything done like this at all.,whisper_canonical
1034,1034_w1215,1214,UNKNOWN,7,5655.953,5658.434,2.481,They've destroyed the fabric of our country.,whisper_canonical
1034,1034_w1216,1215,UNKNOWN,81,5658.935,5682.383,23.448,"Millions of people let in and all over the world crime is down all over the world except here crime here is up and through the roof despite their fraudulent statements that they made crime in this country is through the roof and we have a new form of crime it's called migrant crime and it's happening at levels that nobody thought possible President Trump, as you know, the FBI says overall violent crime is actually coming down in this country.",whisper_canonical
1034,1034_w1217,1216,UNKNOWN,8,5682.423,5683.683,1.26,"But, Vice President Harris, I'll give you that.",whisper_canonical
1034,1034_w1218,1217,UNKNOWN,2,5683.763,5684.083,0.32,Excuse me.,whisper_canonical
1034,1034_w1219,1218,UNKNOWN,10,5684.163,5687.924,3.761,"The FBI defrauding statements, they didn't include the worst cities.",whisper_canonical
1034,1034_w1220,1219,UNKNOWN,9,5688.244,5690.905,2.661,They didn't include the cities with the worst crime.,whisper_canonical
1034,1034_w1221,1220,UNKNOWN,9,5691.265,5693.945,2.68,"It was a fraud, just like their number of",whisper_canonical
1034,1034_w1222,1221,UNKNOWN,12,5695.586,5697.986,2.4,jobs that they said they created turned out to be a fraud.,whisper_canonical
1034,1034_w1223,1222,UNKNOWN,4,5698.006,5698.787,0.781,"President Trump, thank you.",whisper_canonical
1034,1034_w1224,1223,UNKNOWN,7,5698.807,5699.967,1.16,"I'll let you respond, Vice President Harris.",whisper_canonical
1034,1034_w1225,1224,UNKNOWN,7,5699.987,5701.447,1.46,"Well, I think this is so rich,",whisper_canonical
1034,1034_w1226,1225,UNKNOWN,7,5702.507,5704.748,2.241,coming from someone who has been prosecuted.,whisper_canonical
1034,1034_w1227,1226,UNKNOWN,29,5706.105,5721.751,15.646,"For national security crimes, economic crimes, election interference has been found liable for sexual assault, and his next big court appearance is in November at his own criminal sentencing.",whisper_canonical
1034,1034_w1228,1227,UNKNOWN,27,5722.589,5732.175,9.586,And let's be clear where each person stands on the issue of what is important about respect for the rule of law and respect for law enforcement.,whisper_canonical
1034,1034_w1229,1228,UNKNOWN,10,5732.495,5737.679,5.184,The former vice president called for defunding federal law enforcement,whisper_canonical
1034,1034_w1230,1229,UNKNOWN,13,5738.779,5742.982,4.203,"agents, get this, on the day after he was arranged on felony counts.",whisper_canonical
1034,1034_w1231,1230,UNKNOWN,10,5744.843,5748.124,3.281,So let's talk about what is important in this race.,whisper_canonical
1034,1034_w1232,1231,UNKNOWN,59,5748.284,5769.969,21.685,"It is important that we move forward, that we turn the page on this same old tired rhetoric and address the needs of the American people, address what we need to do about the housing shortage, which I have a plan for, address what we must do to support our small businesses, address bringing down the price of groceries.",whisper_canonical
1034,1034_w1233,1232,UNKNOWN,13,5770.689,5775.479,4.79,"But frankly, the American people are exhausted with this same old tired playbook.",whisper_canonical
1034,1034_w1234,1233,UNKNOWN,5,5775.86,5777.18,1.32,"Vice President Harris, thank you.",whisper_canonical
1034,1034_w1235,1234,UNKNOWN,2,5777.34,5777.781,0.441,Excuse me.,whisper_canonical
1034,1034_w1236,1235,UNKNOWN,13,5778.381,5782.982,4.601,Every one of those cases was started by them against their political opponent.,whisper_canonical
1034,1034_w1237,1236,UNKNOWN,14,5783.362,5786.143,2.781,"And I'm winning most of them, and I will win the rest on appeal.",whisper_canonical
1034,1034_w1238,1237,UNKNOWN,16,5786.583,5790.344,3.761,And you saw that with the decision that came down just recently from the Supreme Court.,whisper_canonical
1034,1034_w1239,1238,UNKNOWN,5,5790.744,5791.665,0.921,I'm winning most of them.,whisper_canonical
1034,1034_w1240,1239,UNKNOWN,7,5791.925,5794.386,2.461,"But those are cases, it's called weaponization.",whisper_canonical
1034,1034_w1241,1240,UNKNOWN,5,5794.686,5796.106,1.42,Never happened in this country.,whisper_canonical
1034,1034_w1242,1241,UNKNOWN,5,5796.446,5798.487,2.041,They weaponized the Justice Department.,whisper_canonical
1034,1034_w1243,1242,UNKNOWN,17,5798.707,5805.009,6.302,"Every one of those cases was involved with the DOJ, from Atlanta and Fawney Willis to the",whisper_canonical
1034,1034_w1244,1243,UNKNOWN,16,5806.129,5810.372,4.243,"Attorney General of New York and the DA in New York, every one of those cases.",whisper_canonical
1034,1034_w1245,1244,UNKNOWN,8,5810.892,5814.314,3.422,"And then they say, oh, he's a criminal.",whisper_canonical
1034,1034_w1246,1245,UNKNOWN,9,5814.535,5817.577,3.042,They're the ones that made them go after me.,whisper_canonical
1034,1034_w1247,1246,UNKNOWN,13,5817.617,5821.819,4.202,"By the way, Joe Biden was found essentially guilty on the documents case.",whisper_canonical
1034,1034_w1248,1247,UNKNOWN,7,5822.099,5823.78,1.681,And what happened in my documents case?,whisper_canonical
1034,1034_w1249,1248,UNKNOWN,9,5824.061,5825.722,1.661,"They said, oh, that's the toughest of them all.",whisper_canonical
1034,1034_w1250,1249,UNKNOWN,5,5826.382,5828.483,2.101,A complete and total victory.,whisper_canonical
1034,1034_w1251,1250,UNKNOWN,7,5828.543,5830.285,1.742,"Two months ago, it was thrown out.",whisper_canonical
1034,1034_w1252,1251,UNKNOWN,13,5831.145,5834.666,3.521,"It's weaponization, and they used it, and it's never happened in this country.",whisper_canonical
1034,1034_w1253,1252,UNKNOWN,9,5835.106,5837.586,2.48,They used it to try and win an election.,whisper_canonical
1034,1034_w1254,1253,UNKNOWN,3,5837.786,5838.967,1.181,They're fake cases.,whisper_canonical
1034,1034_w1255,1254,UNKNOWN,4,5838.987,5839.827,0.84,"President Trump, thank you.",whisper_canonical
1034,1034_w1256,1255,UNKNOWN,17,5839.907,5844.148,4.241,"A really quick response here, Vice President Harris, on this notion of weaponization of the Justice Department.",whisper_canonical
1034,1034_w1257,1256,UNKNOWN,17,5844.368,5850.169,5.801,"Well, let's talk about extreme and understand the context in which this election in is taking place.",whisper_canonical
1034,1034_w1258,1257,UNKNOWN,27,5850.649,5860.753,10.104,The United States Supreme Court recently ruled that the former president would essentially be immune from any misconduct if he were to enter the White House again.,whisper_canonical
1034,1034_w1259,1258,UNKNOWN,43,5861.394,5881.233,19.839,"Understand this is someone who has openly said he would terminate, I'm quoting, terminate the Constitution of the United States, that he would weaponize the Department of Justice against his political enemies, someone who has openly expressed disdain for members of our military.",whisper_canonical
1034,1034_w1260,1259,UNKNOWN,27,5881.373,5890.046,8.673,"Understand what it would mean if Donald Trump were back in the White House with no guardrails, because certainly we know now the court won't stop him.",whisper_canonical
1034,1034_w1261,1260,UNKNOWN,10,5890.066,5892.109,2.043,We know JD Vance is not going to stop him.,whisper_canonical
1034,1034_w1262,1261,UNKNOWN,6,5892.79,5894.031,1.241,It's up to the American people.,whisper_canonical
1034,1034_w1263,1262,UNKNOWN,3,5894.492,5895.373,0.881,Vice President Harris.,whisper_canonical
1034,1034_w1264,1263,UNKNOWN,2,5895.533,5895.833,0.3,Thank you.,whisper_canonical
1034,1034_w1265,1264,UNKNOWN,10,5896.013,5900.076,4.063,"Lindsey. Vice President Harris, in your last run for president.",whisper_canonical
1034,1034_w1266,1265,UNKNOWN,8,5900.656,5902.518,1.862,"This is the one that weaponized, not me.",whisper_canonical
1034,1034_w1267,1266,UNKNOWN,2,5902.958,5903.678,0.72,She weaponized.,whisper_canonical
1034,1034_w1268,1267,UNKNOWN,17,5904.059,5909.202,5.143,I probably took a bullet to the head because of the things that they say about me.,whisper_canonical
1034,1034_w1269,1268,UNKNOWN,4,5909.562,5911.424,1.862,They talk about democracy.,whisper_canonical
1034,1034_w1270,1269,UNKNOWN,5,5911.504,5912.725,1.221,I'm a threat to democracy.,whisper_canonical
1034,1034_w1271,1270,UNKNOWN,5,5913.005,5915.186,2.181,They're the threat to democracy.,whisper_canonical
1034,1034_w1272,1271,UNKNOWN,2,5915.206,5915.587,0.381,President Trump.,whisper_canonical
1034,1034_w1273,1272,UNKNOWN,10,5915.607,5919.209,3.602,"With a fake Russia, Russia, Russia investigation that went nowhere.",whisper_canonical
1034,1034_w1274,1273,UNKNOWN,7,5919.229,5919.97,0.741,We have a lot to get to.,whisper_canonical
1034,1034_w1275,1274,UNKNOWN,17,5920.01,5924.492,4.482,"Lindsey. Vice President Harris, in your last run for president, you said you wanted to ban fracking.",whisper_canonical
1034,1034_w1276,1275,UNKNOWN,3,5924.852,5925.473,0.621,Now you don't.,whisper_canonical
1034,1034_w1277,1276,UNKNOWN,9,5925.753,5928.854,3.101,You wanted mandatory government buyback programs for assault weapons.,whisper_canonical
1034,1034_w1278,1277,UNKNOWN,6,5928.914,5930.715,1.801,Now your campaign says you don't.,whisper_canonical
1034,1034_w1279,1278,UNKNOWN,5,5931.036,5933.317,2.281,You supported decriminalizing border crossings.,whisper_canonical
1034,1034_w1280,1279,UNKNOWN,6,5933.717,5935.158,1.441,Now you're taking a harder line.,whisper_canonical
1034,1034_w1281,1280,UNKNOWN,10,5935.278,5937.879,2.601,I know you say that your values have not changed.,whisper_canonical
1034,1034_w1282,1281,UNKNOWN,11,5938.179,5941.141,2.962,So then why have so many of your policy positions changed?,whisper_canonical
1034,1034_w1283,1282,UNKNOWN,18,5941.687,5947.412,5.725,"So my values have not changed, and I'm going to discuss at least every point that you've made.",whisper_canonical
1034,1034_w1284,1283,UNKNOWN,12,5947.492,5949.954,2.462,"But in particular, let's talk about fracking because we're here in Pennsylvania.",whisper_canonical
1034,1034_w1285,1284,UNKNOWN,11,5950.234,5953.597,3.363,I made that very clear in I will not ban fracking.,whisper_canonical
1034,1034_w1286,1285,UNKNOWN,12,5954.158,5956.6,2.442,I have not banned fracking as Vice President of the United States.,whisper_canonical
1034,1034_w1287,1286,UNKNOWN,19,5956.64,5964.086,7.446,"And in fact, I was the tie-breaking vote on the Inflation Reduction Act, which opened new leases for fracking.",whisper_canonical
1034,1034_w1288,1287,UNKNOWN,22,5964.947,5973.713,8.766,My position is that we have got to invest in diverse sources of energy so we reduce our reliance on foreign oil.,whisper_canonical
1034,1034_w1289,1288,UNKNOWN,26,5974.274,5986.062,11.788,We have had the largest increase in domestic oil production in history because of an approach that recognizes that we cannot over rely on foreign oil.,whisper_canonical
1034,1034_w1290,1289,UNKNOWN,21,5986.883,5992.167,5.284,"As it relates to my values, let me tell you, I grew up a middle-class kid raised by a hard-working mother.",whisper_canonical
1034,1034_w1291,1290,UNKNOWN,17,5993.112,5997.859,4.747,who worked and saved and was able to buy our first home when I was a teenager.,whisper_canonical
1034,1034_w1292,1291,UNKNOWN,15,5998.68,6003.206,4.526,The values I bring to the importance of home ownership knowing not everybody got handed,whisper_canonical
1034,1034_w1293,1292,UNKNOWN,11,6004.347,6007.832,3.485,million on a silver platter and then filed bankruptcy six times.,whisper_canonical
1034,1034_w1294,1293,UNKNOWN,38,6008.653,6019.604,10.951,"is a value that I bring to my work to say we are going to work with the private sector and home builders to increase million homes, increased by million homes by the end of my first term.",whisper_canonical
1034,1034_w1295,1294,UNKNOWN,22,6020.065,6026.511,6.446,My work that is related to having a friend when I was in high school who was sexually assaulted by her stepfather.,whisper_canonical
1034,1034_w1296,1295,UNKNOWN,33,6027.172,6037.505,10.333,And my focus then on protecting women and children from violent crime is based on a value that is deeply grounded in the importance of standing up for those who are most vulnerable.,whisper_canonical
1034,1034_w1297,1296,UNKNOWN,10,6038.126,6041.61,3.484,"My work, that is about protecting Social Security and Medicare.",whisper_canonical
1034,1034_w1298,1297,UNKNOWN,13,6042.191,6046.535,4.344,"is based on longstanding work that I have done, protecting seniors from scams.",whisper_canonical
1034,1034_w1299,1298,UNKNOWN,5,6047.095,6050.098,3.003,My values have not changed.,whisper_canonical
1034,1034_w1300,1299,UNKNOWN,28,6050.498,6061.468,10.97,And what is important is that there is a president who actually brings values and a perspective that is about lifting people up and not beating people down.,whisper_canonical
1034,1034_w1301,1300,UNKNOWN,9,6062.249,6065.271,3.022,"And name calling, the true measure of the leader.",whisper_canonical
1034,1034_w1302,1301,UNKNOWN,19,6066.132,6072.322,6.19,"is the leader who actually understands the strength is not in beating people down, it's in lifting people up.",whisper_canonical
1034,1034_w1303,1302,UNKNOWN,6,6072.903,6074.825,1.922,I intend to be that president.,whisper_canonical
1034,1034_w1304,1303,UNKNOWN,4,6075.385,6076.125,0.74,"President Trump, your response?",whisper_canonical
1034,1034_w1305,1304,UNKNOWN,8,6076.145,6078.707,2.562,"Well, first of all, I wasn't given million.",whisper_canonical
1034,1034_w1306,1305,UNKNOWN,4,6078.747,6079.387,0.64,I wish I was.,whisper_canonical
1034,1034_w1307,1306,UNKNOWN,19,6079.467,6083.969,4.502,"My father was a Brooklyn builder, Brooklyn Queens, and a great father, and I learned a lot from him.",whisper_canonical
1034,1034_w1308,1307,UNKNOWN,24,6083.989,6090.512,6.523,"But I was given a fraction of that, a tiny fraction, and I built it into many, many billions of dollars, many, many billions.",whisper_canonical
1034,1034_w1309,1308,UNKNOWN,9,6090.952,6093.234,2.282,"And when people see it, they are even surprised.",whisper_canonical
1034,1034_w1310,1309,UNKNOWN,8,6093.614,6095.174,1.56,So we don't have to talk about that.,whisper_canonical
1034,1034_w1311,1310,UNKNOWN,7,6095.595,6097.856,2.261,Fracking? She's been against it for years.,whisper_canonical
1034,1034_w1312,1311,UNKNOWN,3,6099.116,6100.097,0.981,Defund the police.,whisper_canonical
1034,1034_w1313,1312,UNKNOWN,5,6100.317,6101.898,1.581,She's been against that forever.,whisper_canonical
1034,1034_w1314,1313,UNKNOWN,6,6102.318,6103.999,1.681,She gave all that stuff up.,whisper_canonical
1034,1034_w1315,1314,UNKNOWN,10,6104.739,6108.943,4.204,"very wrongly, very horribly, and everybody's laughing at it, okay?",whisper_canonical
1034,1034_w1316,1315,UNKNOWN,5,6108.983,6110.004,1.021,They're all laughing at it.,whisper_canonical
1034,1034_w1317,1316,UNKNOWN,10,6110.364,6114.767,4.403,She gave up at least and probably or different policies.,whisper_canonical
1034,1034_w1318,1317,UNKNOWN,8,6114.828,6117.229,2.401,"Like, she was big on defund the police.",whisper_canonical
1034,1034_w1319,1318,UNKNOWN,5,6117.63,6119.171,1.541,"In Minnesota, she went out.",whisper_canonical
1034,1034_w1320,1319,UNKNOWN,3,6119.291,6119.591,0.3,Wait a minute.,whisper_canonical
1034,1034_w1321,1320,UNKNOWN,3,6119.752,6120.492,0.74,I'm talking now.,whisper_canonical
1034,1034_w1322,1321,UNKNOWN,5,6121.373,6122.334,0.961,"If you don't mind, please.",whisper_canonical
1034,1034_w1323,1322,UNKNOWN,4,6123.475,6124.415,0.94,Does that sound familiar?,whisper_canonical
1034,1034_w1324,1323,UNKNOWN,3,6126.677,6127.258,0.581,She went out.,whisper_canonical
1034,1034_w1325,1324,UNKNOWN,29,6128.939,6138.525,9.586,"She went out in Minnesota and wanted to let criminals that killed people that burned down Minneapolis, she went out and raised money to get them out of jail.",whisper_canonical
1034,1034_w1326,1325,UNKNOWN,9,6139.025,6141.186,2.161,She did things that nobody would ever think of.,whisper_canonical
1034,1034_w1327,1326,UNKNOWN,14,6141.567,6146.59,5.023,Now she wants to do transgender operations on illegal aliens that are in prison.,whisper_canonical
1034,1034_w1328,1327,UNKNOWN,10,6146.97,6150.552,3.582,This is a radical left liberal that would do this.,whisper_canonical
1034,1034_w1329,1328,UNKNOWN,14,6150.932,6155.255,4.323,"She wants to confiscate your guns, and she will never allow fracking in Pennsylvania.",whisper_canonical
1034,1034_w1330,1329,UNKNOWN,23,6155.915,6163.16,7.245,"If she won the election, fracking in Pennsylvania will end on day one, just to finish one thing so important in my opinion.",whisper_canonical
1034,1034_w1331,1330,UNKNOWN,13,6164.061,6167.644,3.583,So I got the oil business going like nobody has ever done before.,whisper_canonical
1034,1034_w1332,1331,UNKNOWN,16,6168.224,6172.147,3.923,"They took, when they took over, they got rid of it, started getting rid of it.",whisper_canonical
1034,1034_w1333,1332,UNKNOWN,8,6172.567,6175.43,2.863,And the prices were going up the roof.,whisper_canonical
1034,1034_w1334,1333,UNKNOWN,10,6175.73,6179.192,3.462,They immediately let these guys go to where they were.,whisper_canonical
1034,1034_w1335,1334,UNKNOWN,21,6180.213,6185.94,5.727,"I would have been five times, four times, five times higher because you're talking about three and a half years ago.",whisper_canonical
1034,1034_w1336,1335,UNKNOWN,22,6186.441,6193.729,7.288,They got it up to where I was because they had no choice because the prices of energy were quadrupling and doubling.,whisper_canonical
1034,1034_w1337,1336,UNKNOWN,6,6193.749,6195.071,1.322,You saw what happened to gasoline.,whisper_canonical
1034,1034_w1338,1337,UNKNOWN,8,6195.491,6196.893,1.402,"So they said, let's go back to Trump.",whisper_canonical
1034,1034_w1339,1338,UNKNOWN,23,6197.253,6203.54,6.287,"But if she won the election, the day after that election, They'll go back to destroying our country and oil will be dead.",whisper_canonical
1034,1034_w1340,1339,UNKNOWN,5,6203.62,6204.801,1.181,Fossil fuel will be dead.,whisper_canonical
1034,1034_w1341,1340,UNKNOWN,24,6204.841,6210.946,6.105,We'll go back to windmills and we'll go back to solar where they need a whole desert to get some energy to come out.,whisper_canonical
1034,1034_w1342,1341,UNKNOWN,6,6211.146,6212.227,1.081,You ever see a solar plant?,whisper_canonical
1034,1034_w1343,1342,UNKNOWN,12,6212.307,6214.669,2.362,"By the way, I'm a big fan of solar, but they take",whisper_canonical
1034,1034_w1344,1343,UNKNOWN,4,6218.245,6220.165,1.92,acres of desert soil.,whisper_canonical
1034,1034_w1345,1344,UNKNOWN,11,6220.185,6223.026,2.841,These are not good things for the environment as she understands.,whisper_canonical
1034,1034_w1346,1345,UNKNOWN,2,6223.087,6223.487,0.4,Thank you.,whisper_canonical
1034,1034_w1347,1346,UNKNOWN,3,6224.007,6224.587,0.58,"Lindsay, thank you.",whisper_canonical
1034,1034_w1348,1347,UNKNOWN,7,6224.627,6226.668,2.041,We have an election in just days.,whisper_canonical
1034,1034_w1349,1348,UNKNOWN,34,6227.188,6234.971,7.783,"And I want to talk about the peaceful transfer of power, which of course we all know is a cornerstone of our democracy and the role of a president in a moment of crisis.",whisper_canonical
1034,1034_w1350,1349,UNKNOWN,14,6235.711,6239.092,3.381,"Mr. President, on January 6th, you told your supporters to march to the Capitol.",whisper_canonical
1034,1034_w1351,1350,UNKNOWN,9,6239.132,6240.693,1.561,You said you would be right there with them.,whisper_canonical
1034,1034_w1352,1351,UNKNOWN,19,6241.213,6245.575,4.362,"The country and the world saw what played out at the Capitol that day, the officers coming under attack.",whisper_canonical
1034,1034_w1353,1352,UNKNOWN,16,6246.215,6249.857,3.642,Aids in the West Wing say you watched it unfold on television off the Oval Office.,whisper_canonical
1034,1034_w1354,1353,UNKNOWN,25,6250.437,6256.439,6.002,"You did send out tweets, but it was more than two hours before you sent out that video message telling your supporters to go home.",whisper_canonical
1034,1034_w1355,1354,UNKNOWN,12,6257.04,6260.061,3.021,Is there anything you regret about what you did on that day?,whisper_canonical
1034,1034_w1356,1355,UNKNOWN,19,6260.73,6268.134,7.404,"You just said a thing that isn't covered peacefully and patriotically, I said during my speech, not later on.",whisper_canonical
1034,1034_w1357,1356,UNKNOWN,3,6268.874,6271.295,2.421,Peacefully and patriotically.,whisper_canonical
1034,1034_w1358,1357,UNKNOWN,8,6271.836,6273.917,2.081,And nobody on the other side was killed.,whisper_canonical
1034,1034_w1359,1358,UNKNOWN,9,6274.417,6277.999,3.582,Ashley Babbitt was shot by an out-of-control police officer.,whisper_canonical
1034,1034_w1360,1359,UNKNOWN,7,6278.559,6280.921,2.362,"That should have never, ever shot her.",whisper_canonical
1034,1034_w1361,1360,UNKNOWN,3,6281.461,6282.482,1.021,It's a disgrace.,whisper_canonical
1034,1034_w1362,1361,UNKNOWN,14,6282.942,6287.045,4.103,But we didn't do this group of people that have been treated so badly.,whisper_canonical
1034,1034_w1363,1362,UNKNOWN,23,6287.565,6292.889,5.324,"I ask, what about all the people that are pouring into our country and killing people that she allowed to pour it in?",whisper_canonical
1034,1034_w1364,1363,UNKNOWN,5,6292.969,6293.85,0.881,She was the border czar.,whisper_canonical
1034,1034_w1365,1364,UNKNOWN,2,6293.89,6294.41,0.52,Remember that?,whisper_canonical
1034,1034_w1366,1365,UNKNOWN,5,6294.83,6296.091,1.261,She was the border czar.,whisper_canonical
1034,1034_w1367,1366,UNKNOWN,15,6296.311,6299.333,3.022,She doesn't want to be called the border czar because she's embarrassed by the border.,whisper_canonical
1034,1034_w1368,1367,UNKNOWN,17,6299.353,6302.836,3.483,"In fact, she said at the beginning, oh, I'm surprised you're not talking about the border yet.",whisper_canonical
1034,1034_w1369,1368,UNKNOWN,10,6303.136,6305.698,2.562,That's because she knows what a bad job they've done.,whisper_canonical
1034,1034_w1370,1369,UNKNOWN,4,6306.318,6307.338,1.02,What about those people?,whisper_canonical
1034,1034_w1371,1370,UNKNOWN,7,6307.618,6309.379,1.761,What are they going to be prosecuted?,whisper_canonical
1034,1034_w1372,1371,UNKNOWN,27,6309.779,6318.861,9.082,"One of these people from countries all over the world, not just South America, they're coming in from all over the world, David, all over the world.",whisper_canonical
1034,1034_w1373,1372,UNKNOWN,12,6319.301,6321.882,2.581,And crime rates are down all over the world because of it.,whisper_canonical
1034,1034_w1374,1373,UNKNOWN,43,6322.162,6333.704,11.542,"But one of those, David, one of those people going to be prosecuted, one of the people that burned down Minneapolis going to be prosecuted, or in Seattle, they went into Seattle, they took over a big percentage of the city of Seattle.",whisper_canonical
1034,1034_w1375,1374,UNKNOWN,8,6334.105,6335.925,1.82,One of those people going to be prosecuted.,whisper_canonical
1034,1034_w1376,1375,UNKNOWN,11,6336.586,6338.248,1.662,But let me just ask you might ask her that question.,whisper_canonical
1034,1034_w1377,1376,UNKNOWN,4,6338.288,6339.129,0.841,You were the president.,whisper_canonical
1034,1034_w1378,1377,UNKNOWN,7,6339.31,6340.952,1.642,You were watching an unfold on television.,whisper_canonical
1034,1034_w1379,1378,UNKNOWN,12,6341.012,6343.836,2.824,It's a very simple question as we move forward toward another election.,whisper_canonical
1034,1034_w1380,1379,UNKNOWN,12,6344.377,6347.181,2.804,Is there anything you regret about what you did on that day?,whisper_canonical
1034,1034_w1381,1380,UNKNOWN,16,6348.467,6351.71,3.243,I had nothing to do with that other than they asked me to make a speech.,whisper_canonical
1034,1034_w1382,1381,UNKNOWN,6,6351.91,6353.051,1.141,I showed up for a speech.,whisper_canonical
1034,1034_w1383,1382,UNKNOWN,9,6353.131,6354.572,1.441,"I said, I think it's going to be big.",whisper_canonical
1034,1034_w1384,1383,UNKNOWN,11,6355.012,6358.675,3.663,"I went to Nancy Pelosi and the mayor of Washington, DC.",whisper_canonical
1034,1034_w1385,1384,UNKNOWN,11,6359.195,6361.337,2.142,"And the mayor put it back in writing, as you know.",whisper_canonical
1034,1034_w1386,1385,UNKNOWN,20,6362.038,6366.481,4.443,"I said, you know, this is going to be a very big rally or whatever you want to call it.",whisper_canonical
1034,1034_w1387,1386,UNKNOWN,7,6366.841,6368.383,1.542,"And again, it wasn't done by me.",whisper_canonical
1034,1034_w1388,1387,UNKNOWN,5,6368.403,6369.203,0.8,It was done by others.,whisper_canonical
1034,1034_w1389,1388,UNKNOWN,11,6369.644,6373.607,3.963,"I said, I'd like to give you National Guard or soldiers.",whisper_canonical
1034,1034_w1390,1389,UNKNOWN,3,6374.187,6375.088,0.901,They rejected me.,whisper_canonical
1034,1034_w1391,1390,UNKNOWN,4,6375.168,6376.829,1.661,Nancy Pelosi rejected me.,whisper_canonical
1034,1034_w1392,1391,UNKNOWN,21,6376.889,6382.835,5.946,"It was just two weeks ago, her daughter has a tape of her saying she is fully responsible for what happened.",whisper_canonical
1034,1034_w1393,1392,UNKNOWN,8,6383.135,6384.196,1.061,They want to get rid of that tape.,whisper_canonical
1034,1034_w1394,1393,UNKNOWN,16,6385.076,6389.64,4.564,It would have never happened if Nancy Pelosi and the mayor of Washington did their jobs.,whisper_canonical
1034,1034_w1395,1394,UNKNOWN,5,6390.081,6391.842,1.761,I wasn't responsible for security.,whisper_canonical
1034,1034_w1396,1395,UNKNOWN,4,6392.183,6394.104,1.921,Nancy Pelosi was responsible.,whisper_canonical
1034,1034_w1397,1396,UNKNOWN,5,6394.344,6395.305,0.961,She didn't do her job.,whisper_canonical
1034,1034_w1398,1397,UNKNOWN,22,6395.585,6400.61,5.025,"The question was about you as president, not about former Speaker Pelosi, but I do want Vice President Harris to respond here.",whisper_canonical
1034,1034_w1399,1398,UNKNOWN,8,6402.593,6404.314,1.721,I was at the Capitol on January 6th.,whisper_canonical
1034,1034_w1400,1399,UNKNOWN,5,6405.134,6407.356,2.222,I was the vice president-elect.,whisper_canonical
1034,1034_w1401,1400,UNKNOWN,6,6407.436,6409.136,1.7,I was also an acting senator.,whisper_canonical
1034,1034_w1402,1401,UNKNOWN,3,6409.397,6409.877,0.48,I was there.,whisper_canonical
1034,1034_w1403,1402,UNKNOWN,14,6410.857,6415.64,4.783,"And on that day, the president of the United States incited a violent mob",whisper_canonical
1034,1034_w1404,1403,UNKNOWN,2,6416.901,6417.521,0.62,to attack,whisper_canonical
1034,1034_w1405,1404,UNKNOWN,3,6418.621,6419.742,1.121,"our nation's Capitol,",whisper_canonical
1034,1034_w1406,1405,UNKNOWN,5,6421.023,6423.344,2.321,to desecrate our nation's Capitol.,whisper_canonical
1034,1034_w1407,1406,UNKNOWN,11,6423.504,6428.627,5.123,"On that day, law enforcement officers were injured, and some died.",whisper_canonical
1034,1034_w1408,1407,UNKNOWN,14,6429.82,6436.761,6.941,and understand the former president has been indicted and impeached for exactly that reason.,whisper_canonical
1034,1034_w1409,1408,UNKNOWN,7,6437.601,6439.922,2.321,But this is not an isolated situation.,whisper_canonical
1034,1034_w1410,1409,UNKNOWN,3,6440.602,6442.122,1.52,"Let's remember Charlottesville,",whisper_canonical
1034,1034_w1411,1410,UNKNOWN,13,6443.342,6450.344,7.002,"where there was a mob of people carrying tiki torches, spewing anti-Semitic hate.",whisper_canonical
1034,1034_w1412,1411,UNKNOWN,10,6451.484,6454.564,3.08,And what did the president then at the time say?,whisper_canonical
1034,1034_w1413,1412,UNKNOWN,7,6455.264,6456.945,1.681,There were fine people on each side.,whisper_canonical
1034,1034_w1414,1413,UNKNOWN,2,6457.785,6458.525,0.74,Let's remember,whisper_canonical
1034,1034_w1415,1414,UNKNOWN,10,6459.548,6462.15,2.602,"that when it came to the Proud Boys, a militia,",whisper_canonical
1034,1034_w1416,1415,UNKNOWN,12,6463.812,6467.515,3.703,"the president said, the former president said, stand back and stand by.",whisper_canonical
1034,1034_w1417,1416,UNKNOWN,10,6468.576,6472.439,3.863,"So for everyone watching who remembers what January 6th was,",whisper_canonical
1034,1034_w1418,1417,UNKNOWN,8,6473.881,6475.822,1.941,"I say, we don't have to go back.",whisper_canonical
1034,1034_w1419,1418,UNKNOWN,4,6476.898,6477.859,0.961,Let's not go back.,whisper_canonical
1034,1034_w1420,1419,UNKNOWN,4,6477.899,6478.98,1.081,We're not going back.,whisper_canonical
1034,1034_w1421,1420,UNKNOWN,6,6479.34,6480.962,1.622,It's time to turn the page.,whisper_canonical
1034,1034_w1422,1421,UNKNOWN,22,6481.923,6489.109,7.186,"And if that was a bridge too far for you, well, there is a place in our campaign for you to stand",whisper_canonical
1034,1034_w1423,1422,UNKNOWN,18,6490.21,6497.857,7.647,"for country, to stand for our democracy, to stand for rule of law, and to end the chaos.",whisper_canonical
1034,1034_w1424,1423,UNKNOWN,20,6498.991,6506.9,7.909,"and to end the approach that is about attacking the foundations of our democracy, because you don't like the outcome.",whisper_canonical
1034,1034_w1425,1424,UNKNOWN,33,6507.26,6518.393,11.133,"And be clear, on that point, Donald Trump, the candidate, has said in this election there will be a bloodbath if this and the outcome of this election is not to his liking.",whisper_canonical
1034,1034_w1426,1425,UNKNOWN,6,6519.677,6521.019,1.342,Let's turn the page on this.,whisper_canonical
1034,1034_w1427,1426,UNKNOWN,4,6521.299,6522.281,0.982,Let's not go back.,whisper_canonical
1034,1034_w1428,1427,UNKNOWN,14,6522.802,6528.43,5.628,Let's chart a course for the future and not go backwards to the past.,whisper_canonical
1034,1034_w1429,1428,UNKNOWN,6,6528.79,6529.692,0.902,Let me just follow up here.,whisper_canonical
1034,1034_w1430,1429,UNKNOWN,21,6530.96,6536.901,5.941,"It was a different term, and it was a term that related to energy, because they have destroyed our energy business.",whisper_canonical
1034,1034_w1431,1430,UNKNOWN,5,6536.941,6538.182,1.241,That was where bloodbath was.,whisper_canonical
1034,1034_w1432,1431,UNKNOWN,12,6538.562,6542.622,4.06,"Also, on Charlottesville, that story has been, as you would say, debunked.",whisper_canonical
1034,1034_w1433,1432,UNKNOWN,12,6543.143,6548.464,5.321,"Laura Ingram, Sean Hannity, Jesse, all of these people, they covered it.",whisper_canonical
1034,1034_w1434,1433,UNKNOWN,12,6548.764,6551.784,3.02,"If they go an extra sentence, they will see it was perfect.",whisper_canonical
1034,1034_w1435,1434,UNKNOWN,17,6552.164,6556.785,4.621,"It was debunked in almost every newspaper, but they still bring it up, just like they bring",whisper_canonical
1034,1034_w1436,1435,UNKNOWN,8,6557.786,6559.366,1.58,up. They bring all of this stuff up.,whisper_canonical
1034,1034_w1437,1436,UNKNOWN,9,6559.686,6562.068,2.382,"I ask you this, you talk about the Capitol.",whisper_canonical
1034,1034_w1438,1437,UNKNOWN,15,6562.889,6567.553,4.664,Why are we allowing these millions of people to come through on the southern border?,whisper_canonical
1034,1034_w1439,1438,UNKNOWN,6,6567.593,6568.875,1.282,How come she's not doing anything?,whisper_canonical
1034,1034_w1440,1439,UNKNOWN,17,6569.115,6571.837,2.722,"And I'll tell you what I would do, and I would be very proud to do it.",whisper_canonical
1034,1034_w1441,1440,UNKNOWN,11,6572.398,6575.301,2.903,I would say we would both leave this debate right now.,whisper_canonical
1034,1034_w1442,1441,UNKNOWN,10,6575.901,6579.203,3.302,I'd like to see her go down to Washington D.C.,whisper_canonical
1034,1034_w1443,1442,UNKNOWN,26,6579.263,6586.886,7.623,"during this debate, because we're wasting a lot of time, go down to, because she's been so bad, it's so ridiculous, go down to Washington D.C.",whisper_canonical
1034,1034_w1444,1443,UNKNOWN,19,6587.166,6591.428,4.262,"and let her sign a bill to close up the border, because they have the right to do it.",whisper_canonical
1034,1034_w1445,1444,UNKNOWN,4,6591.468,6592.368,0.9,They don't need bills.,whisper_canonical
1034,1034_w1446,1445,UNKNOWN,7,6592.748,6593.708,0.96,They have the right to do it.,whisper_canonical
1034,1034_w1447,1446,UNKNOWN,37,6593.728,6601.131,7.403,"The President of the United States, you'll get them out of bed, you'll wake them up at four o'clock in the afternoon and you'll say, come on, come on down to the office, let's sign a bill.",whisper_canonical
1034,1034_w1448,1447,UNKNOWN,25,6601.671,6608.115,6.444,"If he signs a bill that the border is closed, all he has to do is say it to the border patrol, who are phenomenal.",whisper_canonical
1034,1034_w1449,1448,UNKNOWN,8,6608.575,6610.517,1.942,"If they do that, the border is closed.",whisper_canonical
1034,1034_w1450,1449,UNKNOWN,8,6610.777,6613.919,3.142,"Those people are killing many people, unlike J6.",whisper_canonical
1034,1034_w1451,1450,UNKNOWN,5,6614.159,6615.38,1.221,We talked immigration here tonight.,whisper_canonical
1034,1034_w1452,1451,UNKNOWN,29,6615.4,6622.244,6.844,"I do want to focus on this next issue to both of you, because it really brings us this into focus, truth in these times that we're living in.",whisper_canonical
1034,1034_w1453,1452,UNKNOWN,28,6622.885,6631.19,8.305,"Mr. President, for three and a half years after you lost the election, you repeatedly falsely claim that you won, many times saying you won in a landslide.",whisper_canonical
1034,1034_w1454,1453,UNKNOWN,35,6631.67,6639.754,8.084,"In the past couple of weeks leading up to this debate, you have said, quote, you lost by a whisker that you, quote, didn't quite make it, that you came up a little bit short.",whisper_canonical
1034,1034_w1455,1454,UNKNOWN,15,6641.035,6644.697,3.662,"Are you now acknowledging that you lost in No, I don't acknowledge that at all.",whisper_canonical
1034,1034_w1456,1455,UNKNOWN,7,6644.737,6646.518,1.781,"I said that sarcastically, you know that.",whisper_canonical
1034,1034_w1457,1456,UNKNOWN,8,6646.998,6648.519,1.521,"We said, oh, we lost by a whisker.",whisper_canonical
1034,1034_w1458,1457,UNKNOWN,4,6648.799,6650.079,1.28,That was said sarcastically.,whisper_canonical
1034,1034_w1459,1458,UNKNOWN,5,6650.56,6652.421,1.861,Look. There's so much proof.,whisper_canonical
1034,1034_w1460,1459,UNKNOWN,21,6652.642,6657.227,4.585,"All you have to do is look at it, and they should have sent it back to the legislatures for approval.",whisper_canonical
1034,1034_w1461,1460,UNKNOWN,5,6657.627,6659.39,1.763,I got almost million votes.,whisper_canonical
1034,1034_w1462,1461,UNKNOWN,9,6659.43,6662.113,2.683,The most votes any sitting president has ever gotten.,whisper_canonical
1034,1034_w1463,1462,UNKNOWN,16,6662.133,6666.778,4.645,I was told if I got which was what I got in you can't be beaten.,whisper_canonical
1034,1034_w1464,1463,UNKNOWN,9,6667.599,6670.3,2.701,"The election, people should never be thinking about it.",whisper_canonical
1034,1034_w1465,1464,UNKNOWN,4,6670.34,6671.54,1.2,An election is fraudulent.,whisper_canonical
1034,1034_w1466,1465,UNKNOWN,4,6671.58,6672.401,0.821,We need two things.,whisper_canonical
1034,1034_w1467,1466,UNKNOWN,11,6672.481,6675.321,2.84,"We need walls, we need, and we have to have it.",whisper_canonical
1034,1034_w1468,1467,UNKNOWN,12,6675.622,6678.262,2.64,"We have to have borders, and we have to have good elections.",whisper_canonical
1034,1034_w1469,1468,UNKNOWN,4,6678.642,6680.303,1.661,Our elections are bad.,whisper_canonical
1034,1034_w1470,1469,UNKNOWN,16,6680.623,6684.624,4.001,"And a lot of these illegal immigrants coming in, they're trying to get them to vote.",whisper_canonical
1034,1034_w1471,1470,UNKNOWN,5,6684.664,6685.985,1.321,They can't even speak English.,whisper_canonical
1034,1034_w1472,1471,UNKNOWN,9,6686.025,6688.045,2.02,"They don't even know what country they're in, practically.",whisper_canonical
1034,1034_w1473,1472,UNKNOWN,10,6688.365,6690.546,2.181,And these people are trying to get them to vote.,whisper_canonical
1034,1034_w1474,1473,UNKNOWN,11,6690.826,6693.447,2.621,And that's why they're allowing them to come into our country.,whisper_canonical
1034,1034_w1475,1474,UNKNOWN,9,6693.567,6695.448,1.881,I did watch all of these pieces of video.,whisper_canonical
1034,1034_w1476,1475,UNKNOWN,9,6696.228,6698.349,2.121,"I didn't detect the sarcasm, lost by a whisker.",whisper_canonical
1034,1034_w1477,1476,UNKNOWN,5,6698.369,6699.229,0.86,We didn't quite make it.,whisper_canonical
1034,1034_w1478,1477,UNKNOWN,9,6699.749,6701.37,1.621,And we should just point out here as clarification.,whisper_canonical
1034,1034_w1479,1478,UNKNOWN,4,6701.39,6701.91,0.52,And you know this.,whisper_canonical
1034,1034_w1480,1479,UNKNOWN,14,6702.23,6705.731,3.501,"You and your allies, cases in front of many judges, many of them Republican.",whisper_canonical
1034,1034_w1481,1480,UNKNOWN,12,6705.751,6707.552,1.801,No judge looked at it and said there was no widespread thought.,whisper_canonical
1034,1034_w1482,1481,UNKNOWN,6,6707.572,6708.312,0.74,They said we didn't have standing.,whisper_canonical
1034,1034_w1483,1482,UNKNOWN,4,6708.733,6709.473,0.74,That's the other thing.,whisper_canonical
1034,1034_w1484,1483,UNKNOWN,8,6710.053,6712.476,2.423,"They said we didn't have standing, a technicality.",whisper_canonical
1034,1034_w1485,1484,UNKNOWN,23,6712.696,6720.384,7.688,"Can you imagine a system where a person in an election doesn't have standing, the President of the United States doesn't have standing?",whisper_canonical
1034,1034_w1486,1485,UNKNOWN,4,6720.724,6721.665,0.941,That's how we lost.,whisper_canonical
1034,1034_w1487,1486,UNKNOWN,18,6722.186,6725.59,3.404,"If you look at the facts, and I'd love to have you, you'll do a special on it.",whisper_canonical
1034,1034_w1488,1487,UNKNOWN,24,6726.03,6733.815,7.785,I'll show you Georgia and I'll show you Wisconsin and I'll show you Pennsylvania and I'll show we have so many facts and statistics.,whisper_canonical
1034,1034_w1489,1488,UNKNOWN,4,6734.095,6734.675,0.58,But you know what?,whisper_canonical
1034,1034_w1490,1489,UNKNOWN,15,6734.975,6738.537,3.562,That doesn't matter because we have to solve the problem that we have right now.,whisper_canonical
1034,1034_w1491,1490,UNKNOWN,3,6738.577,6739.498,0.921,That's old news.,whisper_canonical
1034,1034_w1492,1491,UNKNOWN,22,6739.858,6746.782,6.924,And the problem that we have right now is we have a nation in decline and they have put it into decline.,whisper_canonical
1034,1034_w1493,1492,UNKNOWN,8,6747.142,6749.644,2.502,"We have a nation that is dying, David.",whisper_canonical
1034,1034_w1494,1493,UNKNOWN,4,6749.804,6750.825,1.021,"Mr. President, thank you.",whisper_canonical
1034,1034_w1495,1494,UNKNOWN,9,6751.246,6753.629,2.383,"Vice President Harris, you heard the president there tonight.",whisper_canonical
1034,1034_w1496,1495,UNKNOWN,11,6753.749,6755.511,1.762,"He said he didn't say that, that he lost by whisker.",whisper_canonical
1034,1034_w1497,1496,UNKNOWN,10,6755.551,6758.494,2.943,So he still believes he did not lose the election.,whisper_canonical
1034,1034_w1498,1497,UNKNOWN,8,6759.535,6762.199,2.664,That was won by President Biden and yourself.,whisper_canonical
1034,1034_w1499,1498,UNKNOWN,18,6762.959,6765.623,2.664,But I do want to ask you about something that's come up in the last couple of days.,whisper_canonical
1034,1034_w1500,1499,UNKNOWN,7,6765.663,6767.425,1.762,This was a post from President Trump.,whisper_canonical
1034,1034_w1501,1500,UNKNOWN,7,6768.025,6770.227,2.202,about this upcoming election just weeks away.,whisper_canonical
1034,1034_w1502,1501,UNKNOWN,35,6770.267,6780.696,10.429,"He said, when I win, those people who cheated, and then he lists donors, voters, election officials, he says will be prosecuted to the fullest extent of the law, which will include long-term prison sentences.",whisper_canonical
1034,1034_w1503,1502,UNKNOWN,15,6781.336,6785.219,3.883,"One of your campaign's top lawyers responded saying, we won't let Donald Trump intimidate us.",whisper_canonical
1034,1034_w1504,1503,UNKNOWN,7,6785.58,6787.381,1.801,We won't let him suppress the vote.,whisper_canonical
1034,1034_w1505,1504,UNKNOWN,10,6787.862,6789.363,1.501,Is that what you believe he's trying to do here?,whisper_canonical
1034,1034_w1506,1505,UNKNOWN,7,6791.131,6793.898,2.767,Donald Trump was fired by million people.,whisper_canonical
1034,1034_w1507,1506,UNKNOWN,6,6794.74,6796.063,1.323,So let's be clear about that.,whisper_canonical
1034,1034_w1508,1507,UNKNOWN,11,6796.384,6799.572,3.188,And clearly he is having a very difficult time processing that.,whisper_canonical
1034,1034_w1509,1508,UNKNOWN,33,6800.51,6812.753,12.243,"But we cannot afford to have a president of the United States who attempts, as he did in the past, to upend the will of the voters in a free and fair election.",whisper_canonical
1034,1034_w1510,1509,UNKNOWN,19,6813.534,6818.455,4.921,And I'm going to tell you that I have traveled the world as vice president of the United States.,whisper_canonical
1034,1034_w1511,1510,UNKNOWN,8,6819.435,6821.936,2.501,And world leaders are laughing at Donald Trump.,whisper_canonical
1034,1034_w1512,1511,UNKNOWN,12,6822.796,6826.237,3.441,"I have talked with military leaders, some of whom worked with you.",whisper_canonical
1034,1034_w1513,1512,UNKNOWN,6,6826.717,6828.238,1.521,And they say you're a disgrace.,whisper_canonical
1034,1034_w1514,1513,UNKNOWN,52,6829.511,6849.458,19.947,"And when you then talk in this way in a presidential debate and deny what over and over again are court cases you have lost because you did in fact lose that election, it leads one to believe that perhaps we do not have in the candidate to my right the temperament",whisper_canonical
1034,1034_w1515,1514,UNKNOWN,9,6851.011,6855.213,4.202,or the ability to not be confused about fact.,whisper_canonical
1034,1034_w1516,1515,UNKNOWN,3,6855.774,6857.295,1.521,That's deeply troubling.,whisper_canonical
1034,1034_w1517,1516,UNKNOWN,6,6857.355,6859.396,2.041,And the American people deserve better.,whisper_canonical
1034,1034_w1518,1517,UNKNOWN,8,6860.276,6861.377,1.101,"I'll give you one minute to respond, Mr.",whisper_canonical
1034,1034_w1519,1518,UNKNOWN,9,6861.417,6863.078,1.661,President. Let me just tell you about world leaders.,whisper_canonical
1034,1034_w1520,1519,UNKNOWN,8,6863.638,6865.919,2.281,"Victor Orban, one of the most respected men.",whisper_canonical
1034,1034_w1521,1520,UNKNOWN,6,6866.119,6867.52,1.401,They call him a strong man.,whisper_canonical
1034,1034_w1522,1521,UNKNOWN,5,6867.6,6869.741,2.141,"He's a tough person, smart.",whisper_canonical
1034,1034_w1523,1522,UNKNOWN,4,6870.261,6871.442,1.181,Prime Minister of Hungary.,whisper_canonical
1034,1034_w1524,1523,UNKNOWN,9,6871.962,6874.523,2.561,"They said, why is the whole world blowing up?",whisper_canonical
1034,1034_w1525,1524,UNKNOWN,5,6874.583,6875.764,1.181,"Three years ago, it wasn't.",whisper_canonical
1034,1034_w1526,1525,UNKNOWN,5,6875.824,6876.885,1.061,Why is it blowing up?,whisper_canonical
1034,1034_w1527,1526,UNKNOWN,9,6877.585,6881.286,3.701,"He said, because you need Trump back as president.",whisper_canonical
1034,1034_w1528,1527,UNKNOWN,5,6881.826,6882.887,1.061,They were afraid of him.,whisper_canonical
1034,1034_w1529,1528,UNKNOWN,17,6882.987,6886.548,3.561,"China was afraid, and I don't like to use the word afraid, but I'm just quoting him.",whisper_canonical
1034,1034_w1530,1529,UNKNOWN,5,6887.088,6888.249,1.161,China was afraid of him.,whisper_canonical
1034,1034_w1531,1530,UNKNOWN,6,6888.669,6890.269,1.6,North Korea was afraid of him.,whisper_canonical
1034,1034_w1532,1531,UNKNOWN,11,6890.709,6892.77,2.061,"Look at what's going on with North Korea, by the way.",whisper_canonical
1034,1034_w1533,1532,UNKNOWN,7,6893.09,6894.811,1.721,He said Russia was afraid of him.,whisper_canonical
1034,1034_w1534,1533,UNKNOWN,20,6895.191,6901.453,6.262,"I ended the Nord Stream pipeline, and Biden put it back on day one, but he ended the XL pipeline.",whisper_canonical
1034,1034_w1535,1534,UNKNOWN,9,6902.053,6905.717,3.664,"The XL pipeline in our country, he ended that.",whisper_canonical
1034,1034_w1536,1535,UNKNOWN,22,6905.978,6911.704,5.726,"But he let the Russians build a pipeline going all over Europe and heading into Germany, the biggest pipeline in the world.",whisper_canonical
1034,1034_w1537,1536,UNKNOWN,3,6912.085,6914.007,1.922,"Look, Viktor Orban.",whisper_canonical
1034,1034_w1538,1537,UNKNOWN,2,6914.983,6915.343,0.36,Said it.,whisper_canonical
1034,1034_w1539,1538,UNKNOWN,11,6915.724,6920.007,4.283,"He said, the most respected, most feared person is Donald Trump.",whisper_canonical
1034,1034_w1540,1539,UNKNOWN,8,6920.348,6923.07,2.722,We had no problems when Trump was president.,whisper_canonical
1034,1034_w1541,1540,UNKNOWN,30,6923.49,6931.737,8.247,"But when this weak, pathetic man that you saw at a debate just a few months ago, that if he weren't in that debate, he'd be running instead of her.",whisper_canonical
1034,1034_w1542,1541,UNKNOWN,4,6931.758,6932.518,0.76,She got no votes.,whisper_canonical
1034,1034_w1543,1542,UNKNOWN,4,6932.778,6934.14,1.362,He got million votes.,whisper_canonical
1034,1034_w1544,1543,UNKNOWN,10,6934.16,6936.662,2.502,"What you did, you talk about a threat to democracy.",whisper_canonical
1034,1034_w1545,1544,UNKNOWN,11,6937.182,6939.905,2.723,"He got million votes, and they threw him out of office.",whisper_canonical
1034,1034_w1546,1545,UNKNOWN,4,6940.545,6941.025,0.48,And you know what?,whisper_canonical
1034,1034_w1547,1546,UNKNOWN,6,6941.045,6941.985,0.94,I'll give you a little secret.,whisper_canonical
1034,1034_w1548,1547,UNKNOWN,3,6942.045,6942.786,0.741,He hates her.,whisper_canonical
1034,1034_w1549,1548,UNKNOWN,4,6943.066,6944.126,1.06,He can't stand her.,whisper_canonical
1034,1034_w1550,1549,UNKNOWN,5,6944.626,6946.347,1.721,But he got million votes.,whisper_canonical
1034,1034_w1551,1550,UNKNOWN,4,6946.707,6947.587,0.88,They threw him out.,whisper_canonical
1034,1034_w1552,1551,UNKNOWN,4,6948.007,6949.348,1.341,She got zero votes.,whisper_canonical
1034,1034_w1553,1552,UNKNOWN,14,6949.648,6953.809,4.161,"And when she ran, she was the first one to leave because she failed.",whisper_canonical
1034,1034_w1554,1553,UNKNOWN,4,6954.209,6955.209,1.0,And now she's running.,whisper_canonical
1034,1034_w1555,1554,UNKNOWN,18,6955.549,6959.531,3.982,"I don't understand it, but I'm OK with it because I think we're going to do very well.",whisper_canonical
1034,1034_w1556,1555,UNKNOWN,8,6959.551,6960.571,1.02,We've got a lot more to get to.,whisper_canonical
1034,1034_w1557,1556,UNKNOWN,18,6960.631,6966.032,5.401,Turning now to the Israel Hamas War and the hostages who are still being held Americans among them.,whisper_canonical
1034,1034_w1558,1557,UNKNOWN,15,6966.393,6970.634,4.241,"Vice President Harris in December you said, quote, Israel has a right to defend itself.",whisper_canonical
1034,1034_w1559,1558,UNKNOWN,7,6970.674,6972.774,2.1,"But you added, quote, it matters how?",whisper_canonical
1034,1034_w1560,1559,UNKNOWN,7,6973.174,6976.135,2.961,Saying international humanitarian law must be respected.,whisper_canonical
1034,1034_w1561,1560,UNKNOWN,8,6976.315,6978.916,2.601,Israel must do more to protect innocent civilians.,whisper_canonical
1034,1034_w1562,1561,UNKNOWN,12,6979.496,6984.217,4.721,"You said that nine months ago, now an estimated Palestinians are dead.",whisper_canonical
1034,1034_w1563,1562,UNKNOWN,3,6984.517,6986.717,2.2,Nearly hostages remain.,whisper_canonical
1034,1034_w1564,1563,UNKNOWN,15,6987.118,6991.158,4.04,"Just last week, Prime Minister Benjamin Netanyahu said there's not a deal in the making.",whisper_canonical
1034,1034_w1565,1564,UNKNOWN,11,6991.558,6994.259,2.701,President Biden has not been able to break through the stalemate.,whisper_canonical
1034,1034_w1566,1565,UNKNOWN,5,6994.619,6995.319,0.7,How would you do it?,whisper_canonical
1034,1034_w1567,1566,UNKNOWN,7,6996.659,6998.72,2.061,"Well, let's understand how we got here.",whisper_canonical
1034,1034_w1568,1567,UNKNOWN,6,6999.36,7004.301,4.941,"On October Hamas, a terrorist organization",whisper_canonical
1034,1034_w1569,1568,UNKNOWN,13,7006.09,7012.255,6.165,"slaughtered Israelis, many of them young people who were simply attending a concert.",whisper_canonical
1034,1034_w1570,1569,UNKNOWN,4,7013.015,7014.857,1.842,Women were horribly raped.,whisper_canonical
1034,1034_w1571,1570,UNKNOWN,16,7015.397,7020.321,4.924,"And so, absolutely, I said then, I say now, Israel has a right to defend itself.",whisper_canonical
1034,1034_w1572,1571,UNKNOWN,2,7020.381,7020.821,0.44,We would.,whisper_canonical
1034,1034_w1573,1572,UNKNOWN,21,7022.142,7031.73,9.588,"And how it does so matters, because it is also true far too many innocent Palestinians have been killed, children, mothers,",whisper_canonical
1034,1034_w1574,1573,UNKNOWN,9,7032.767,7036.291,3.524,What we know is that this war must end.,whisper_canonical
1034,1034_w1575,1574,UNKNOWN,22,7037.131,7044.258,7.127,"It must end immediately, and the way it will end is we need a ceasefire deal and we need the hostages out.",whisper_canonical
1034,1034_w1576,1575,UNKNOWN,12,7045.019,7048.142,3.123,And so we will continue to work around the clock on that.,whisper_canonical
1034,1034_w1577,1576,UNKNOWN,16,7048.943,7054.566,5.623,"work around the clock, also understanding that we must chart a course for a two-state solution.",whisper_canonical
1034,1034_w1578,1577,UNKNOWN,21,7055.286,7063.37,8.084,"And in that solution, there must be security for the Israeli people and Israel and an equal measure for the Palestinians.",whisper_canonical
1034,1034_w1579,1578,UNKNOWN,22,7063.85,7070.954,7.104,"But the one thing I will assure you always, I will always give Israel the ability to defend itself, in particular as",whisper_canonical
1034,1034_w1580,1579,UNKNOWN,15,7072.134,7077.197,5.063,it relates to Iran and any threat that Iran and its proxies pose to Israel.,whisper_canonical
1034,1034_w1581,1580,UNKNOWN,25,7077.757,7088.213,10.456,"But we must have a two-state solution where we can rebuild Gaza, where the Palestinians have security, self-determination, and the dignity they so rightly deserve.",whisper_canonical
1034,1034_w1582,1581,UNKNOWN,28,7089.147,7098.712,9.565,"President Trump, how would you negotiate with Netanyahu and also Hamas in order to get the hostages out and prevent the killing of more innocent civilians in Gaza?",whisper_canonical
1034,1034_w1583,1582,UNKNOWN,9,7098.952,7101.294,2.342,"If I were president, it would have never started.",whisper_canonical
1034,1034_w1584,1583,UNKNOWN,9,7101.794,7105.216,3.422,"If I were president, Russia would have never, ever.",whisper_canonical
1034,1034_w1585,1584,UNKNOWN,5,7105.536,7106.877,1.341,I know Putin very well.,whisper_canonical
1034,1034_w1586,1585,UNKNOWN,31,7107.057,7114.941,7.884,"He would have never and there was no threat of it either, by the way, for four years have gone into Ukraine and killed millions of people when you added up.",whisper_canonical
1034,1034_w1587,1586,UNKNOWN,10,7115.201,7117.603,2.402,Far worse than people understand what's going on over there.,whisper_canonical
1034,1034_w1588,1587,UNKNOWN,13,7118.603,7122.869,4.266,"But when she mentions about Israel, all of a sudden, she hates Israel.",whisper_canonical
1034,1034_w1589,1588,UNKNOWN,17,7123.169,7128.596,5.427,She wouldn't even meet with Netanyahu when he went to Congress to make a very important speech.,whisper_canonical
1034,1034_w1590,1589,UNKNOWN,14,7128.876,7132.141,3.265,She refused to be there because she was at a sorority party of hers.,whisper_canonical
1034,1034_w1591,1590,UNKNOWN,8,7132.461,7133.963,1.502,She wanted to go to the sorority party.,whisper_canonical
1034,1034_w1592,1591,UNKNOWN,3,7134.944,7135.905,0.961,She hates Israel.,whisper_canonical
1034,1034_w1593,1592,UNKNOWN,15,7136.345,7141.29,4.945,"If she's president, I believe that Israel will not exist within two years from now.",whisper_canonical
1034,1034_w1594,1593,UNKNOWN,15,7141.33,7144.233,2.903,"And I've been pretty good at predictions, and I hope I'm wrong about that one.",whisper_canonical
1034,1034_w1595,1594,UNKNOWN,3,7144.894,7145.854,0.96,She hates Israel.,whisper_canonical
1034,1034_w1596,1595,UNKNOWN,23,7146.195,7154.723,8.528,"At the same time, in her own way, she hates the Arab population because the whole place is going to get blown up.",whisper_canonical
1034,1034_w1597,1596,UNKNOWN,4,7155.243,7158.246,3.003,"Arabs, Jewish people, Israel.",whisper_canonical
1034,1034_w1598,1597,UNKNOWN,4,7158.566,7159.547,0.981,Israel will be gone.,whisper_canonical
1034,1034_w1599,1598,UNKNOWN,5,7160.368,7161.89,1.522,It would have never happened.,whisper_canonical
1034,1034_w1600,1599,UNKNOWN,6,7162.151,7164.334,2.183,Iran was broke under Donald Trump.,whisper_canonical
1034,1034_w1601,1600,UNKNOWN,3,7164.775,7165.576,0.801,Now Iran has,whisper_canonical
1034,1034_w1602,1601,UNKNOWN,11,7166.617,7169.722,3.105,billion because they took off all the sanctions that I had.,whisper_canonical
1034,1034_w1603,1602,UNKNOWN,13,7170.123,7173.848,3.725,Iran had no money for Hamas or Hezbollah or any of the different,whisper_canonical
1034,1034_w1604,1603,UNKNOWN,11,7175.65,7179.872,4.222,"spheres of terror, and they are spheres of terror, horrible terror.",whisper_canonical
1034,1034_w1605,1604,UNKNOWN,4,7180.252,7180.952,0.7,They had no money.,whisper_canonical
1034,1034_w1606,1605,UNKNOWN,9,7181.352,7182.893,1.541,"It was a big story, and you know it.",whisper_canonical
1034,1034_w1607,1606,UNKNOWN,6,7182.953,7184.513,1.56,"You covered it very well, actually.",whisper_canonical
1034,1034_w1608,1607,UNKNOWN,6,7184.933,7187.014,2.081,They had no money for terror.,whisper_canonical
1034,1034_w1609,1608,UNKNOWN,3,7187.454,7188.455,1.001,They were broke.,whisper_canonical
1034,1034_w1610,1609,UNKNOWN,16,7188.875,7193.777,4.902,"Now they're a rich nation, and now what they're doing is they're spreading that money around.",whisper_canonical
1034,1034_w1611,1610,UNKNOWN,9,7194.817,7197.819,3.002,Look at what's happening with the Houthis and Yemen.,whisper_canonical
1034,1034_w1612,1611,UNKNOWN,9,7198.119,7199.9,1.781,Look at what's going on in the Middle East.,whisper_canonical
1034,1034_w1613,1612,UNKNOWN,5,7200.341,7201.701,1.36,This would have never happened.,whisper_canonical
1034,1034_w1614,1613,UNKNOWN,17,7201.982,7207.265,5.283,"I will get that settled and fast, and I'll get the war with Ukraine and Russia ended.",whisper_canonical
1034,1034_w1615,1614,UNKNOWN,11,7207.885,7212.628,4.743,"If I'm president-elect, I'll get it done before even becoming president.",whisper_canonical
1034,1034_w1616,1615,UNKNOWN,8,7212.889,7214.99,2.101,"Vice President Harris, he says you hate Israel.",whisper_canonical
1034,1034_w1617,1616,UNKNOWN,4,7215.894,7217.515,1.621,That's absolutely not true.,whisper_canonical
1034,1034_w1618,1617,UNKNOWN,13,7217.535,7222.838,5.303,I have my entire career and life supported Israel and the Israeli people.,whisper_canonical
1034,1034_w1619,1618,UNKNOWN,33,7223.218,7236.665,13.447,"He knows that he's trying to again divide and distract from the reality, which is it is very well known that Donald Trump is weak and wrong on national security and foreign policy.",whisper_canonical
1034,1034_w1620,1619,UNKNOWN,41,7236.825,7252.775,15.95,"It is well known that he admires dictators, wants to be a dictator on day one according to himself, It is well known that he said of Putin that he can do whatever the hell he wants and go into Ukraine.",whisper_canonical
1034,1034_w1621,1620,UNKNOWN,15,7253.415,7258.739,5.324,It is well known that he said when Russia went into Ukraine it was brilliant.,whisper_canonical
1034,1034_w1622,1621,UNKNOWN,11,7259.68,7263.922,4.242,It is well known he exchanged love letters with Kim Jong-un,whisper_canonical
1034,1034_w1623,1622,UNKNOWN,31,7264.983,7278.48,13.497,And it is absolutely well known that these dictators and autocrats are rooting for you to be president again because they're so clear they can manipulate you with flattery and favors.,whisper_canonical
1034,1034_w1624,1623,UNKNOWN,4,7279.241,7280.342,1.101,And that is why.,whisper_canonical
1034,1034_w1625,1624,UNKNOWN,16,7281.68,7286.962,5.282,So many military leaders who you have worked with have told me you are a disgrace.,whisper_canonical
1034,1034_w1626,1625,UNKNOWN,34,7287.743,7301.689,13.946,"That is why we understand that we have to have a president who is not consistently weak and wrong on national security, including the importance of upholding and respecting in highest regard our military.",whisper_canonical
1034,1034_w1627,1626,UNKNOWN,5,7301.849,7303.15,1.301,"Vice President Harris, thank you.",whisper_canonical
1034,1034_w1628,1627,UNKNOWN,7,7304.384,7306.266,1.882,And she's the one that caused it.,whisper_canonical
1034,1034_w1629,1628,UNKNOWN,21,7306.707,7316.119,9.412,That's weak on national security by allowing every nation last month for the year different countries sending people into our country.,whisper_canonical
1034,1034_w1630,1629,UNKNOWN,6,7316.399,7317.781,1.382,Their crime weights are way down.,whisper_canonical
1034,1034_w1631,1630,UNKNOWN,5,7318.722,7320.384,1.662,Putin endorsed her last week.,whisper_canonical
1034,1034_w1632,1631,UNKNOWN,5,7320.825,7321.786,0.961,"Said, I hope she wins.",whisper_canonical
1034,1034_w1633,1632,UNKNOWN,6,7321.866,7322.687,0.821,And I think he meant it.,whisper_canonical
1034,1034_w1634,1633,UNKNOWN,9,7323.388,7326.69,3.302,Because what he's gotten away with is absolutely incredible.,whisper_canonical
1034,1034_w1635,1634,UNKNOWN,6,7326.73,7327.991,1.261,It wouldn't have happened with me.,whisper_canonical
1034,1034_w1636,1635,UNKNOWN,14,7328.631,7333.634,5.003,"The leaders of other countries think that they're weak and incompetent, and they are.",whisper_canonical
1034,1034_w1637,1636,UNKNOWN,3,7334.014,7335.435,1.421,They're grossly incompetent.,whisper_canonical
1034,1034_w1638,1637,UNKNOWN,6,7335.795,7337.296,1.501,And I just ask one question.,whisper_canonical
1034,1034_w1639,1638,UNKNOWN,37,7337.676,7348.763,11.087,"Why does Biden go in and kill the Keystone pipeline and approve the single biggest deal that Russia has ever made, Nord Stream the biggest pipeline anywhere in the world going to Germany and all over Europe?",whisper_canonical
1034,1034_w1640,1639,UNKNOWN,6,7349.423,7351.564,2.141,because they're weak and they're ineffective.,whisper_canonical
1034,1034_w1641,1640,UNKNOWN,11,7351.904,7353.525,1.621,"And Biden, by the way, gets paid a lot of money.",whisper_canonical
1034,1034_w1642,1641,UNKNOWN,4,7353.545,7354.486,0.941,"President Trump, thank you.",whisper_canonical
1034,1034_w1643,1642,UNKNOWN,9,7354.506,7355.946,1.44,We have a lot of issues to get to.,whisper_canonical
1034,1034_w1644,1643,UNKNOWN,23,7356.107,7362.33,6.223,We'll be right back with much more of this historic ABC News presidential debate from the National Constitution Center right here in Philadelphia.,whisper_canonical
1034,1034_w1645,1644,UNKNOWN,4,7362.45,7362.95,0.5,Back in a moment.,whisper_canonical
1034,1034_w1646,1645,UNKNOWN,9,7369.794,7373.776,3.982,The ABC News presidential debate will continue after this.,whisper_canonical
1034,1034_w1647,1646,UNKNOWN,6,7381.767,7382.647,0.88,The House will be in order.,whisper_canonical
1034,1034_w1648,1647,UNKNOWN,11,7383.388,7387.389,4.001,"This year, C-SPAN celebrates years of covering Congress like no other.",whisper_canonical
1034,1034_w1649,1648,UNKNOWN,32,7388.53,7400.855,12.325,"Since we've been your primary source for Capitol Hill, providing balanced, unfiltered coverage of government, taking you to where the policies debated and decided, all with the support of America's cable companies.",whisper_canonical
1034,1034_w1650,1649,UNKNOWN,7,7401.795,7405.417,3.622,"C-SPAN, years and counting, powered by cable.",whisper_canonical
1034,1034_w1651,1650,UNKNOWN,44,7411.301,7430.192,18.891,"Friday nights, watch C-SPAN's campaign trail, a weekly roundup of C-SPAN's campaign coverage, providing a one-stop shop to discover what the candidates across the country are saying to voters, along with firsthand accounts from political reporters, updated poll numbers, fundraising data, and campaign ads.",whisper_canonical
1034,1034_w1652,1651,UNKNOWN,8,7430.632,7434.794,4.162,Watch C-SPAN's campaign trail Friday nights at p.m.,whisper_canonical
1034,1034_w1653,1652,UNKNOWN,24,7434.814,7445.144,10.33,"Eastern. on C-SPAN, online at c-span.org or download as a podcast on C-SPAN Now, our free mobile app or wherever you get your podcasts.",whisper_canonical
1034,1034_w1654,1653,UNKNOWN,6,7445.725,7448.507,2.782,"C-SPAN, your unfiltered view of politics.",whisper_canonical
1034,1034_w1655,1654,UNKNOWN,16,7458.418,7466.484,8.066,"As the presidential campaign continues, American History TV presents a new nine-part series, Historic Presidential Elections.",whisper_canonical
1034,1034_w1656,1655,UNKNOWN,8,7466.884,7468.925,2.041,Learn about the pivotal issues of different eras.,whisper_canonical
1034,1034_w1657,1656,UNKNOWN,14,7469.225,7473.769,4.544,"Uncover what made these elections historic, and explore their lasting impact on the nation.",whisper_canonical
1034,1034_w1658,1657,UNKNOWN,4,7474.149,7475.67,1.521,"This Saturday, at p.m.",whisper_canonical
1034,1034_w1659,1658,UNKNOWN,7,7475.73,7477.351,1.621,"Eastern, a look at the election of",whisper_canonical
1034,1034_w1660,1659,UNKNOWN,24,7478.772,7486.577,7.805,"Abraham Lincoln defeated several other candidates, including Senator Stephen Douglas, to become the first Republican elected president before he took office in March of",whisper_canonical
1034,1034_w1661,1660,UNKNOWN,6,7488.059,7489.842,1.783,Several states in the southern U.S.,whisper_canonical
1034,1034_w1662,1661,UNKNOWN,10,7489.922,7492.206,2.284,pulled out of the Union leading to the Civil War.,whisper_canonical
1034,1034_w1663,1662,UNKNOWN,7,7492.627,7496.534,3.907,Watch historic presidential elections Saturdays at p.m.,whisper_canonical
1034,1034_w1664,1663,UNKNOWN,7,7496.574,7499.479,2.905,Eastern on American History TV on C-SPAN,whisper_canonical
1034,1034_w1665,1664,UNKNOWN,29,7508.237,7519.201,10.964,"Start your day with Washington Journal, your window into the nation's capital, the only daily nationally televised forum for discussing the latest issues in Washington and across the country.",whisper_canonical
1034,1034_w1666,1665,UNKNOWN,26,7519.261,7525.883,6.622,What I love about your show is that it gives the people an opportunity to speak for themselves on the issues that they actually care about.,whisper_canonical
1034,1034_w1667,1666,UNKNOWN,16,7526.383,7532.465,6.082,Join us for a live three-hour conversation with a variety of congressional members and Washington influencers.,whisper_canonical
1034,1034_w1668,1667,UNKNOWN,4,7533.225,7534.045,0.82,I love this show.,whisper_canonical
1034,1034_w1669,1668,UNKNOWN,22,7534.125,7540.408,6.283,This is my favorite show to do of all shows because I actually get to hear what the American people care about.,whisper_canonical
1034,1034_w1670,1669,UNKNOWN,12,7541.368,7545.59,4.222,You can watch Washington Journal live every morning at Eastern on C-SPAN.,whisper_canonical
1034,1034_w1671,1670,UNKNOWN,6,7545.97,7548.791,2.821,C-SPAN now or online at c-span.org.,whisper_canonical
1034,1034_w1672,1671,UNKNOWN,10,7558.66,7561.822,3.162,Listening to programs on C-SPAN through C-SPAN Radio is easy.,whisper_canonical
1034,1034_w1673,1672,UNKNOWN,15,7562.102,7567.306,5.204,"Tell your smart speaker, play C-SPAN Radio and listen to Washington Journal daily at a.m.",whisper_canonical
1034,1034_w1674,1673,UNKNOWN,8,7567.366,7570.108,2.742,Eastern. Important public affairs events throughout the day.,whisper_canonical
1034,1034_w1675,1674,UNKNOWN,5,7570.508,7572.47,1.962,And weekdays catch Washington today.,whisper_canonical
1034,1034_w1676,1675,UNKNOWN,4,7572.71,7574.251,1.541,Listen to C-SPAN anytime.,whisper_canonical
1034,1034_w1677,1676,UNKNOWN,12,7574.551,7578.674,4.123,"Just tell your smart speaker, play C-SPAN Radio, C-SPAN, powered by cable.",whisper_canonical
1034,1034_w1678,1677,UNKNOWN,20,7584.701,7591.325,6.624,"C-SPAN NOW is a free mobile app featuring your unfiltered view of what's happening in Washington, live and on demand.",whisper_canonical
1034,1034_w1679,1678,UNKNOWN,18,7591.846,7596.629,4.783,Keep up with the day's biggest events with live streams of floor proceedings and hearings from the U.S.,whisper_canonical
1034,1034_w1680,1679,UNKNOWN,18,7596.669,7603.373,6.704,"Congress, White House events, the courts, campaigns, and more from the world of politics, all at your fingertips.",whisper_canonical
1034,1034_w1681,1680,UNKNOWN,29,7603.993,7614.06,10.067,"You can also stay current with the latest episodes of Washington Journal and find scheduling information for C-SPAN's TV networks and C-SPAN radio, plus a variety of compelling podcasts.",whisper_canonical
1034,1034_w1682,1681,UNKNOWN,11,7614.62,7617.684,3.064,C-SPAN NOW is available at the Apple Store and Google Play.,whisper_canonical
1034,1034_w1683,1682,UNKNOWN,18,7618.064,7624.312,6.248,"Scan the QR code to download it for free today, or visit our website, cspan.org slash cspan now.",whisper_canonical
1034,1034_w1684,1683,UNKNOWN,10,7624.972,7629.398,4.426,"C-SPAN NOW, your front row seat to Washington, anytime, anywhere.",whisper_canonical
1034,1034_w1685,1684,UNKNOWN,22,7634.037,7640.685,6.648,We'll head back to Philadelphia now as Vice President Harris and former President Trump meet face to face for the first time.,whisper_canonical
1034,1034_w1686,1685,UNKNOWN,12,7640.946,7645.852,4.906,You're watching C-SPAN's live coverage of the ABC News presidential debate simulcast.,whisper_canonical
1034,1034_w1687,1686,UNKNOWN,5,7652.79,7655.691,2.901,"Constitution Center in Philadelphia, Pennsylvania.",whisper_canonical
1034,1034_w1688,1687,UNKNOWN,7,7656.392,7659.593,3.201,"Here again, David Muir and Lindsey Davis.",whisper_canonical
1034,1034_w1689,1688,UNKNOWN,10,7660.193,7663.255,3.062,Welcome back to this historic ABC News presidential debate tonight.,whisper_canonical
1034,1034_w1690,1689,UNKNOWN,5,7663.275,7664.115,0.84,We're going to continue here.,whisper_canonical
1034,1034_w1691,1690,UNKNOWN,10,7664.135,7665.596,1.461,And I want to turn to the war in Ukraine.,whisper_canonical
1034,1034_w1692,1691,UNKNOWN,10,7665.616,7668.077,2.461,We're now two and a half years into this conflict.,whisper_canonical
1034,1034_w1693,1692,UNKNOWN,52,7668.137,7683.083,14.946,"Mr. President, it has been the position of the Biden administration that we must defend Ukraine from Russia, from Vladimir Putin, to defend their sovereignty, their democracy, that it's in America's best interest to do so, arguing that if Putin wins, He may be emboldened to move even further into other countries.",whisper_canonical
1034,1034_w1694,1693,UNKNOWN,10,7683.683,7686.064,2.381,You have said you would solve this war in hours.,whisper_canonical
1034,1034_w1695,1694,UNKNOWN,8,7686.104,7687.805,1.701,You said so just before the break tonight.,whisper_canonical
1034,1034_w1696,1695,UNKNOWN,6,7688.225,7689.986,1.761,How exactly would you do that?,whisper_canonical
1034,1034_w1697,1696,UNKNOWN,11,7690.246,7691.987,1.741,And I want to ask you a very simple question tonight.,whisper_canonical
1034,1034_w1698,1697,UNKNOWN,8,7692.267,7694.568,2.301,Do you want Ukraine to win this war?,whisper_canonical
1034,1034_w1699,1698,UNKNOWN,6,7695.188,7696.428,1.24,I want the war to stop.,whisper_canonical
1034,1034_w1700,1699,UNKNOWN,15,7696.748,7702.391,5.643,"I want to save lives that are being uselessly, people being killed by the millions.",whisper_canonical
1034,1034_w1701,1700,UNKNOWN,3,7702.491,7703.331,0.84,It's the millions.,whisper_canonical
1034,1034_w1702,1701,UNKNOWN,14,7703.711,7707.312,3.601,"It's so much worse than the numbers that you're getting, which are fake numbers.",whisper_canonical
1034,1034_w1703,1702,UNKNOWN,26,7707.993,7718.404,10.411,"Look. We're in for billion or more because they don't ask Europe, which is a much bigger beneficiary to getting this thing done than we are.",whisper_canonical
1034,1034_w1704,1703,UNKNOWN,21,7719.334,7728.004,8.67,They're in for billion less because Biden and you don't have the courage to ask Europe like I did with NATO.,whisper_canonical
1034,1034_w1705,1704,UNKNOWN,25,7728.444,7735.632,7.188,"They paid billions and billions, hundreds of billions of dollars when I said, either you pay up or we're not going to protect you anymore.",whisper_canonical
1034,1034_w1706,1705,UNKNOWN,18,7735.692,7739.536,3.844,So that's maybe one of the reasons I don't like me as much as they like weak people.,whisper_canonical
1034,1034_w1707,1706,UNKNOWN,7,7741.157,7742.538,1.381,You take a look at what's happening.,whisper_canonical
1034,1034_w1708,1707,UNKNOWN,5,7742.858,7746.299,3.441,We're in for to billion.,whisper_canonical
1034,1034_w1709,1708,UNKNOWN,3,7746.599,7747.94,1.341,They're into to,whisper_canonical
1034,1034_w1710,1709,UNKNOWN,6,7749.04,7751.941,2.901,They should be forced to equalize.,whisper_canonical
1034,1034_w1711,1710,UNKNOWN,11,7752.262,7754.943,2.681,"With that being said, I want to get the war settled.",whisper_canonical
1034,1034_w1712,1711,UNKNOWN,11,7755.163,7757.804,2.641,"I know Zelensky very well, and I know Putin very well.",whisper_canonical
1034,1034_w1713,1712,UNKNOWN,10,7757.864,7761.66,3.796,"I have a good relationship, and they respect You're president.",whisper_canonical
1034,1034_w1714,1713,UNKNOWN,4,7761.88,7763.121,1.241,Okay? They respect me.,whisper_canonical
1034,1034_w1715,1714,UNKNOWN,4,7763.161,7764.322,1.161,They don't respect Biden.,whisper_canonical
1034,1034_w1716,1715,UNKNOWN,5,7764.382,7765.442,1.06,How would you respect him?,whisper_canonical
1034,1034_w1717,1716,UNKNOWN,4,7765.742,7766.803,1.061,Why? For what reason?,whisper_canonical
1034,1034_w1718,1717,UNKNOWN,12,7767.163,7769.824,2.661,He hasn't even made a phone call in two years to Putin.,whisper_canonical
1034,1034_w1719,1718,UNKNOWN,5,7769.864,7771.164,1.3,He hasn't spoken to anybody.,whisper_canonical
1034,1034_w1720,1719,UNKNOWN,7,7771.465,7772.625,1.16,They don't even try and get it.,whisper_canonical
1034,1034_w1721,1720,UNKNOWN,9,7772.945,7775.266,2.321,That is a war that's dying to be settled.,whisper_canonical
1034,1034_w1722,1721,UNKNOWN,10,7775.606,7778.208,2.602,I will get it settled before I even become president.,whisper_canonical
1034,1034_w1723,1722,UNKNOWN,15,7778.248,7783.07,4.822,"If I win, when I'm president-elect, and what I'll do is I'll speak to one.",whisper_canonical
1034,1034_w1724,1723,UNKNOWN,5,7783.19,7784.15,0.96,I'll speak to the other.,whisper_canonical
1034,1034_w1725,1724,UNKNOWN,4,7784.45,7785.391,0.941,I'll get them together.,whisper_canonical
1034,1034_w1726,1725,UNKNOWN,6,7785.691,7787.372,1.681,That war would have never happened.,whisper_canonical
1034,1034_w1727,1726,UNKNOWN,19,7787.732,7794.394,6.662,"And in fact, when I saw Putin after I left, unfortunately left because our country has gone to hell.",whisper_canonical
1034,1034_w1728,1727,UNKNOWN,17,7794.874,7798.675,3.801,"But after I left, when I saw him building up soldiers, he did it after I left.",whisper_canonical
1034,1034_w1729,1728,UNKNOWN,7,7799.296,7801.916,2.62,"I said, oh, he must be negotiating.",whisper_canonical
1034,1034_w1730,1729,UNKNOWN,9,7801.996,7804.177,2.181,"It must be a good, strong point of negotiation.",whisper_canonical
1034,1034_w1731,1730,UNKNOWN,13,7804.497,7808.298,3.801,"Well, it wasn't because Biden had no idea how to talk to him.",whisper_canonical
1034,1034_w1732,1731,UNKNOWN,8,7808.558,7810.299,1.741,He had no idea how to stop it.,whisper_canonical
1034,1034_w1733,1732,UNKNOWN,8,7810.599,7812.42,1.821,And now you have millions of people dead.,whisper_canonical
1034,1034_w1734,1733,UNKNOWN,5,7812.7,7813.88,1.18,And it's only getting worse.,whisper_canonical
1034,1034_w1735,1734,UNKNOWN,8,7813.98,7815.64,1.66,And it could lead to World War III.,whisper_canonical
1034,1034_w1736,1735,UNKNOWN,4,7815.921,7816.981,1.06,"Don't kid yourself, David.",whisper_canonical
1034,1034_w1737,1736,UNKNOWN,16,7817.401,7821.524,4.123,We're playing with World War and we have a president that we don't even know of.,whisper_canonical
1034,1034_w1738,1737,UNKNOWN,4,7821.844,7823.005,1.161,Where is our president?,whisper_canonical
1034,1034_w1739,1738,UNKNOWN,8,7823.285,7824.766,1.481,We don't even know if he's a president.,whisper_canonical
1034,1034_w1740,1739,UNKNOWN,5,7824.806,7825.547,0.741,And just to clarify here.,whisper_canonical
1034,1034_w1741,1740,UNKNOWN,10,7825.567,7827.809,2.242,They threw him out of a campaign like a dog.,whisper_canonical
1034,1034_w1742,1741,UNKNOWN,4,7827.849,7828.569,0.72,We don't even know.,whisper_canonical
1034,1034_w1743,1742,UNKNOWN,4,7829.029,7829.93,0.901,Is he our president?,whisper_canonical
1034,1034_w1744,1743,UNKNOWN,10,7830.27,7833.252,2.982,But we have a president that doesn't know he's alive.,whisper_canonical
1034,1034_w1745,1744,UNKNOWN,4,7833.533,7834.153,0.62,Your time is up.,whisper_canonical
1034,1034_w1746,1745,UNKNOWN,6,7834.974,7836.235,1.261,Just to clarify in the question.,whisper_canonical
1034,1034_w1747,1746,UNKNOWN,7,7836.875,7838.176,1.301,Do you believe it's in the U.S.,whisper_canonical
1034,1034_w1748,1747,UNKNOWN,11,7838.256,7840.758,2.502,"best interest for Ukraine to win this war, yes or no?",whisper_canonical
1034,1034_w1749,1748,UNKNOWN,5,7840.778,7841.679,0.901,I think it's the U.S.,whisper_canonical
1034,1034_w1750,1749,UNKNOWN,12,7841.719,7844.862,3.143,best interest to get this war finished and just get it done.,whisper_canonical
1034,1034_w1751,1750,UNKNOWN,16,7845.302,7851.187,5.885,Negotiate a deal because we have to stop all of these human lives from being destroyed.,whisper_canonical
1034,1034_w1752,1751,UNKNOWN,8,7851.207,7852.808,1.601,"I want to take this device, President Harris.",whisper_canonical
1034,1034_w1753,1752,UNKNOWN,41,7852.848,7863.797,10.949,"I want to get your thoughts on support for Ukraine in this moment, but also as commander in chief, if elected, how would you deal with Vladimir Putin and would it be any different from what we're seeing from President Biden?",whisper_canonical
1034,1034_w1754,1753,UNKNOWN,21,7864.847,7870.431,5.584,"Well, first of all, it's important to remind the former president you're not running against Joe Biden, you're running against me.",whisper_canonical
1034,1034_w1755,1754,UNKNOWN,24,7872.513,7878.477,5.964,I believe the reason that Donald Trump says that this war would be over within hours is because he would just give it up.,whisper_canonical
1034,1034_w1756,1755,UNKNOWN,8,7879.358,7881.119,1.761,And that's not who we are as Americans.,whisper_canonical
1034,1034_w1757,1756,UNKNOWN,5,7881.159,7882.62,1.461,Let's understand what happened here.,whisper_canonical
1034,1034_w1758,1757,UNKNOWN,38,7883.461,7900.735,17.274,"I actually met with Zelensky a few days before Russia invaded tried through force to change territorial boundaries to defy one of the most important international rules and norms, which is the importance of sovereignty and territorial integrity.",whisper_canonical
1034,1034_w1759,1758,UNKNOWN,6,7901.235,7902.797,1.562,And I met with President Zelenski.,whisper_canonical
1034,1034_w1760,1759,UNKNOWN,12,7902.937,7906.64,3.703,I shared with him American intelligence about how he could defend himself.,whisper_canonical
1034,1034_w1761,1760,UNKNOWN,12,7907.201,7911.424,4.223,"Days later, I went to NATO's Eastern flank, to Poland and Romania.",whisper_canonical
1034,1034_w1762,1761,UNKNOWN,20,7912.265,7919.772,7.507,"And through the work that I and others did, we brought countries together to support Ukraine in its righteous defense.",whisper_canonical
1034,1034_w1763,1762,UNKNOWN,31,7920.412,7933.623,13.211,"And because of our support, because of the air defense, the ammunition, the artillery, the javelins, the Abrams tanks that we have provided, Ukraine stands as an independent and free country.",whisper_canonical
1034,1034_w1764,1763,UNKNOWN,13,7933.864,7937.326,3.462,"If Donald Trump were president, Putin would be sitting in Kiev right now.",whisper_canonical
1034,1034_w1765,1764,UNKNOWN,14,7938.067,7943.51,5.443,"And understand what that would mean, because Putin's agenda is not just about Ukraine.",whisper_canonical
1034,1034_w1766,1765,UNKNOWN,37,7944.31,7958.577,14.267,"Understand why the European allies and our NATO allies are so thankful that you are no longer president, and that we understand the importance of the greatest military alliance the world has ever known, which is NATO.",whisper_canonical
1034,1034_w1767,1766,UNKNOWN,19,7959.397,7966.14,6.743,And what we have done to preserve the ability of Zelensky and the Ukrainians to fight for their independence.,whisper_canonical
1034,1034_w1768,1767,UNKNOWN,18,7966.6,7972.923,6.323,"Otherwise, Putin would be sitting in Kiev with his eyes on the rest of Europe, starting with Poland.",whisper_canonical
1034,1034_w1769,1768,UNKNOWN,44,7972.963,7987.81,14.847,And why don't you tell the Polish Americans right here in Pennsylvania how quickly you would give up for the sake of favor and what you think is a friendship with what is known to be a dictator who would eat you for lunch.,whisper_canonical
1034,1034_w1770,1769,UNKNOWN,5,7989.368,7990.47,1.102,"Vice President Harris, thank you.",whisper_canonical
1034,1034_w1771,1770,UNKNOWN,9,7990.49,7992.274,1.784,We've heard from both of you on Ukraine tonight.,whisper_canonical
1034,1034_w1772,1771,UNKNOWN,7,7992.495,7994.178,1.683,Afghanistan came up on the last hour.,whisper_canonical
1034,1034_w1773,1772,UNKNOWN,10,7994.199,7996.764,2.565,I wanted her to respond to something you said earlier.,whisper_canonical
1034,1034_w1774,1773,UNKNOWN,7,7997.786,7999.209,1.423,"Please, I'll give you a minute here.",whisper_canonical
1034,1034_w1775,1774,UNKNOWN,14,8000.407,8005.91,5.503,"Putin would be sitting in Moscow, and he wouldn't have lost men and women.",whisper_canonical
1034,1034_w1776,1775,UNKNOWN,10,8006.37,8009.132,2.762,But he would have been sitting in Moscow quiet place.,whisper_canonical
1034,1034_w1777,1776,UNKNOWN,14,8009.732,8014.175,4.443,He would have been sitting in Moscow much happier than he is right now.,whisper_canonical
1034,1034_w1778,1777,UNKNOWN,13,8014.895,8018.117,3.222,"But eventually, you know, he's got a thing that other people don't have.",whisper_canonical
1034,1034_w1779,1778,UNKNOWN,4,8018.137,8019.158,1.021,He's got nuclear weapons.,whisper_canonical
1034,1034_w1780,1779,UNKNOWN,6,8019.178,8020.378,1.2,They don't ever talk about that.,whisper_canonical
1034,1034_w1781,1780,UNKNOWN,4,8020.398,8021.519,1.121,He's got nuclear weapons.,whisper_canonical
1034,1034_w1782,1781,UNKNOWN,5,8021.939,8023.12,1.181,Nobody ever thinks about that.,whisper_canonical
1034,1034_w1783,1782,UNKNOWN,13,8023.72,8028.123,4.403,"And eventually, maybe he'll use them, and maybe he hasn't been that threatening.",whisper_canonical
1034,1034_w1784,1783,UNKNOWN,5,8028.723,8029.984,1.261,But he does have that.,whisper_canonical
1034,1034_w1785,1784,UNKNOWN,8,8030.444,8032.146,1.702,Something we don't even like to talk about.,whisper_canonical
1034,1034_w1786,1785,UNKNOWN,6,8032.346,8033.627,1.281,Nobody likes to talk about it.,whisper_canonical
1034,1034_w1787,1786,UNKNOWN,15,8034.047,8039.011,4.964,"But just so you understand, they sent her to negotiate peace before this war started.",whisper_canonical
1034,1034_w1788,1787,UNKNOWN,11,8039.391,8042.493,3.102,"Three days later, he went in and he started the war.",whisper_canonical
1034,1034_w1789,1788,UNKNOWN,8,8042.813,8045.976,3.163,Because everything they said was weak and stupid.,whisper_canonical
1034,1034_w1790,1789,UNKNOWN,5,8046.296,8047.557,1.261,They said the wrong things.,whisper_canonical
1034,1034_w1791,1790,UNKNOWN,6,8047.797,8049.358,1.561,That war should have never started.,whisper_canonical
1034,1034_w1792,1791,UNKNOWN,4,8049.699,8050.859,1.16,She was the emissary.,whisper_canonical
1034,1034_w1793,1792,UNKNOWN,10,8051.18,8055.143,3.963,They sent her in to negotiate with Zelinsky and Putin.,whisper_canonical
1034,1034_w1794,1793,UNKNOWN,3,8055.823,8056.464,0.641,And she did.,whisper_canonical
1034,1034_w1795,1794,UNKNOWN,7,8056.904,8058.585,1.681,And the war started three days later.,whisper_canonical
1034,1034_w1796,1795,UNKNOWN,10,8058.945,8061.107,2.162,And that's the kind of talent we have with her.,whisper_canonical
1034,1034_w1797,1796,UNKNOWN,4,8061.467,8062.568,1.101,She's worse than Biden.,whisper_canonical
1034,1034_w1798,1797,UNKNOWN,15,8062.748,8065.83,3.082,"In my opinion, I think he's the worst president in the history of our country.",whisper_canonical
1034,1034_w1799,1798,UNKNOWN,14,8066.231,8069.873,3.642,She goes down as the worst vice president in the history of our country.,whisper_canonical
1034,1034_w1800,1799,UNKNOWN,6,8069.913,8070.934,1.021,But let me tell you something.,whisper_canonical
1034,1034_w1801,1800,UNKNOWN,5,8071.415,8073.616,2.201,She is a horrible negotiator.,whisper_canonical
1034,1034_w1802,1801,UNKNOWN,6,8074.116,8075.798,1.682,They sent her in to negotiate.,whisper_canonical
1034,1034_w1803,1802,UNKNOWN,9,8076.058,8078.74,2.682,"As soon as they left, Putin did the invasion.",whisper_canonical
1034,1034_w1804,1803,UNKNOWN,4,8078.98,8079.76,0.78,"President Trump, thank you.",whisper_canonical
1034,1034_w1805,1804,UNKNOWN,5,8079.78,8080.561,0.781,You did bring up something.,whisper_canonical
1034,1034_w1806,1805,UNKNOWN,9,8080.701,8082.522,1.821,You said she went to negotiate with Vladimir Putin.,whisper_canonical
1034,1034_w1807,1806,UNKNOWN,9,8082.562,8084.823,2.261,"Vice President Harris, have you ever met Vladimir Putin?",whisper_canonical
1034,1034_w1808,1807,UNKNOWN,4,8084.843,8085.803,0.96,Can you clarify tonight?,whisper_canonical
1034,1034_w1809,1808,UNKNOWN,11,8086.543,8088.224,1.681,"Yet again, I said it at the beginning of this debate.",whisper_canonical
1034,1034_w1810,1809,UNKNOWN,12,8088.244,8090.145,1.901,You're going to hear a bunch of lies coming from this fellow.,whisper_canonical
1034,1034_w1811,1810,UNKNOWN,5,8090.705,8091.506,0.801,And that is another one.,whisper_canonical
1034,1034_w1812,1811,UNKNOWN,16,8092.466,8096.228,3.762,"When I went to meet with President Zelensky, I've now met with him over five times.",whisper_canonical
1034,1034_w1813,1812,UNKNOWN,61,8097.526,8126.057,28.531,"The reality is it has been about standing as America always should as a leader upholding international rules and norms, as a leader who shows strength, understanding that the alliances we have around the world are dependent on our ability to look out for our friends and not favor our enemies because you adore strong men instead of caring about democracy.",whisper_canonical
1034,1034_w1814,1813,UNKNOWN,10,8126.657,8129.318,2.661,And that is very much what is at stake here.,whisper_canonical
1034,1034_w1815,1814,UNKNOWN,55,8129.558,8154.329,24.771,"The President of the United States is Commander-in-Chief, and the American people have a right to rely on a President who understands the significance of America's role and responsibility in terms of ensuring that there is stability and ensuring we stand up for our principles and not sell them for the benefit of personal flattery.",whisper_canonical
1034,1034_w1816,1815,UNKNOWN,7,8154.912,8156.874,1.962,We've talked about Ukraine and Vladimir Putin.,whisper_canonical
1034,1034_w1817,1816,UNKNOWN,7,8156.974,8158.356,1.382,I do want to talk about Afghanistan.,whisper_canonical
1034,1034_w1818,1817,UNKNOWN,10,8158.396,8160.638,2.242,It came up in the first hour of this debate.,whisper_canonical
1034,1034_w1819,1818,UNKNOWN,7,8161.559,8162.82,1.261,I want to move on to Afghanistan.,whisper_canonical
1034,1034_w1820,1819,UNKNOWN,85,8170.088,8194.132,24.044,to pay up he said I've never seen he's the head of NATO he said I've never seen for years we were paying almost all of NATO we were being ripped off by European nations both on trade and on NATO I got them to pay up by saying one of the statements you made before if you don't pay we're not going to protect you otherwise we would have He said it was one of the most incredible jobs that he's ever seen done.,whisper_canonical
1034,1034_w1821,1820,UNKNOWN,2,8194.272,8194.653,0.381,Thank you.,whisper_canonical
1034,1034_w1822,1821,UNKNOWN,6,8194.853,8196.014,1.161,I want to turn to Afghanistan.,whisper_canonical
1034,1034_w1823,1822,UNKNOWN,31,8196.154,8203.983,7.829,"It came up in the first hour of the debate, and we witnessed a poignant moment today on Capitol Hill honoring the soldiers who died in the chaotic withdrawal from Afghanistan.",whisper_canonical
1034,1034_w1824,1823,UNKNOWN,22,8204.043,8210.05,6.007,"I do want to ask the vice president, do you believe you bear any responsibility in the way that withdrawal played out?",whisper_canonical
1034,1034_w1825,1824,UNKNOWN,16,8211.291,8215.975,4.684,"Well, I will tell you, I agreed with President Biden's decision to pull out of Afghanistan.",whisper_canonical
1034,1034_w1826,1825,UNKNOWN,9,8216.616,8219.678,3.062,"Four presidents said they would, and Joe Biden did.",whisper_canonical
1034,1034_w1827,1826,UNKNOWN,13,8220.639,8225.484,4.845,"And as a result, America's taxpayers are not paying the million a day.",whisper_canonical
1034,1034_w1828,1827,UNKNOWN,7,8225.584,8227.385,1.801,We were paying for that endless war.,whisper_canonical
1034,1034_w1829,1828,UNKNOWN,35,8228.326,8240.029,11.703,"And as of today, there is not one member of the United States military who is in active duty in a combat zone in any war zone around the world the first time this century.",whisper_canonical
1034,1034_w1830,1829,UNKNOWN,10,8240.629,8243.67,3.041,But let's understand how we got to where we are.,whisper_canonical
1034,1034_w1831,1830,UNKNOWN,15,8244.19,8249.971,5.781,"Donald Trump, when he was president, negotiated one of the weakest deals you can imagine.",whisper_canonical
1034,1034_w1832,1831,UNKNOWN,5,8250.031,8251.631,1.6,He calls himself a dealmaker.,whisper_canonical
1034,1034_w1833,1832,UNKNOWN,12,8252.072,8256.433,4.361,"Even his national security advisor said it was a weak, terrible deal.",whisper_canonical
1034,1034_w1834,1833,UNKNOWN,6,8256.493,8257.653,1.16,And here's how it went down.,whisper_canonical
1034,1034_w1835,1834,UNKNOWN,5,8258.513,8260.655,2.142,He bypassed the Afghan government.,whisper_canonical
1034,1034_w1836,1835,UNKNOWN,10,8261.296,8265.319,4.023,He negotiated directly with a terrorist organization called the Taliban.,whisper_canonical
1034,1034_w1837,1836,UNKNOWN,6,8265.959,8268.081,2.122,The negotiation involved the Taliban getting,whisper_canonical
1034,1034_w1838,1837,UNKNOWN,10,8269.362,8273.405,4.043,"terrorists, Taliban terrorists released, and get this, no get this.",whisper_canonical
1034,1034_w1839,1838,UNKNOWN,12,8274.606,8279.69,5.084,And the president at the time invited the Taliban to Camp David.,whisper_canonical
1034,1034_w1840,1839,UNKNOWN,27,8280.865,8293.433,12.568,"a place of storied significance for us as Americans, a place where we honor the importance of American diplomacy, where we invite and receive respected world leaders.",whisper_canonical
1034,1034_w1841,1840,UNKNOWN,2,8294.233,8295.334,1.101,And this,whisper_canonical
1034,1034_w1842,1841,UNKNOWN,6,8297.255,8300.177,2.922,"former president, as president, invited them",whisper_canonical
1034,1034_w1843,1842,UNKNOWN,28,8301.187,8314.871,13.684,to Camp David because he does not again appreciate the role and responsibility of the President of the United States to be Commander-in-Chief with a level of respect.,whisper_canonical
1034,1034_w1844,1843,UNKNOWN,44,8315.271,8330.996,15.725,"And this gets back to the point of how he has consistently disparaged and demeaned members of our military, fallen soldiers, and the work that we must do to uphold the strength and the respect of the United States of America around the world.",whisper_canonical
1034,1034_w1845,1844,UNKNOWN,5,8331.016,8332.177,1.161,"Vice President Harris, thank you.",whisper_canonical
1034,1034_w1846,1845,UNKNOWN,15,8332.278,8335.542,3.264,"President Trump, your response to her saying that you began the negotiations with the Taliban.",whisper_canonical
1034,1034_w1847,1846,UNKNOWN,3,8335.562,8336.263,0.701,"Yeah, thank you.",whisper_canonical
1034,1034_w1848,1847,UNKNOWN,11,8336.283,8339.106,2.823,"So if you take a look at that period of time,",whisper_canonical
1034,1034_w1849,1848,UNKNOWN,12,8340.368,8345.014,4.646,"the Taliban was killing our soldiers, a lot of them with snipers.",whisper_canonical
1034,1034_w1850,1849,UNKNOWN,14,8346.165,8350.628,4.463,And I got involved with the Taliban because the Taliban was doing the killing.,whisper_canonical
1034,1034_w1851,1850,UNKNOWN,6,8350.748,8352.869,2.121,That's the fighting force within Afghanistan.,whisper_canonical
1034,1034_w1852,1851,UNKNOWN,17,8352.889,8355.851,2.962,"They don't bother doing that because, you know, they deal with the wrong people all the time.",whisper_canonical
1034,1034_w1853,1852,UNKNOWN,4,8356.411,8357.572,1.161,But I got involved.,whisper_canonical
1034,1034_w1854,1853,UNKNOWN,8,8358.332,8361.114,2.782,And Abdul is the head of the Taliban.,whisper_canonical
1034,1034_w1855,1854,UNKNOWN,8,8361.154,8362.775,1.621,He is still the head of the Taliban.,whisper_canonical
1034,1034_w1856,1855,UNKNOWN,8,8363.215,8365.296,2.081,"And I told Abdul, don't do it anymore.",whisper_canonical
1034,1034_w1857,1856,UNKNOWN,4,8365.356,8366.237,0.881,You do it anymore.,whisper_canonical
1034,1034_w1858,1857,UNKNOWN,5,8366.257,8367.237,0.98,You're going to have problems.,whisper_canonical
1034,1034_w1859,1858,UNKNOWN,13,8367.758,8369.959,2.201,"And he said, why do you send me a picture of my house?",whisper_canonical
1034,1034_w1860,1859,UNKNOWN,11,8370.019,8372.02,2.001,"I said, you're going to have to figure that out, Abdul.",whisper_canonical
1034,1034_w1861,1860,UNKNOWN,7,8372.481,8375.322,2.841,"And for months, we had nobody killed.",whisper_canonical
1034,1034_w1862,1861,UNKNOWN,9,8375.743,8378.324,2.581,We did have an agreement negotiated by Mike Pompeo.,whisper_canonical
1034,1034_w1863,1862,UNKNOWN,6,8378.764,8379.765,1.001,It was a very good agreement.,whisper_canonical
1034,1034_w1864,1863,UNKNOWN,11,8380.085,8383.347,3.262,"The reason it was good, it was, we were getting out.",whisper_canonical
1034,1034_w1865,1864,UNKNOWN,15,8383.447,8386.229,2.782,"We would have been out faster than them, but we wouldn't have lost the soldiers.",whisper_canonical
1034,1034_w1866,1865,UNKNOWN,7,8386.489,8388.65,2.161,We wouldn't have left many Americans behind.,whisper_canonical
1034,1034_w1867,1866,UNKNOWN,9,8388.71,8390.592,1.882,"And we wouldn't have left, we wouldn't have left",whisper_canonical
1034,1034_w1868,1867,UNKNOWN,9,8392.433,8395.857,3.424,"billion worth of brand new, beautiful military equipment behind.",whisper_canonical
1034,1034_w1869,1868,UNKNOWN,7,8396.158,8399.142,2.984,"And just to finish, they blew it.",whisper_canonical
1034,1034_w1870,1869,UNKNOWN,17,8399.802,8404.568,4.766,"The agreement said, you have to do this, this, this, this, this, and they didn't do it.",whisper_canonical
1034,1034_w1871,1870,UNKNOWN,4,8404.929,8405.77,0.841,They didn't do it.,whisper_canonical
1034,1034_w1872,1871,UNKNOWN,17,8406.03,8412.958,6.928,The agreement was was terminated by us because they didn't do what they were supposed to do.,whisper_canonical
1034,1034_w1873,1872,UNKNOWN,21,8413.598,8420.606,7.008,"And these people did the worst withdrawal, and in my opinion, the most embarrassing moment in the history of our country.",whisper_canonical
1034,1034_w1874,1873,UNKNOWN,19,8420.906,8427.754,6.848,"And by the way, that's why Russia attacked Ukraine because they saw how incompetent she and her boss are.",whisper_canonical
1034,1034_w1875,1874,UNKNOWN,4,8428.154,8428.975,0.821,"President Trump, thank you.",whisper_canonical
1034,1034_w1876,1875,UNKNOWN,13,8429.976,8432.357,2.381,I want to move on now to race and politics in this country.,whisper_canonical
1034,1034_w1877,1876,UNKNOWN,28,8432.577,8439.541,6.964,"Mr. President, you recently said of Vice President Harris, quote, I didn't know she was black until a number of years ago when she happened to turn black.",whisper_canonical
1034,1034_w1878,1877,UNKNOWN,9,8439.841,8441.562,1.721,And now she wants to be known as black.,whisper_canonical
1034,1034_w1879,1878,UNKNOWN,10,8442.223,8444.144,1.921,I want to ask a bigger picture question here tonight.,whisper_canonical
1034,1034_w1880,1879,UNKNOWN,16,8444.764,8448.806,4.042,Why do you believe it's appropriate to weigh in on the racial identity of your opponent?,whisper_canonical
1034,1034_w1881,1880,UNKNOWN,2,8449.026,8449.347,0.321,I don't.,whisper_canonical
1034,1034_w1882,1881,UNKNOWN,4,8449.467,8450.067,0.6,And I don't care.,whisper_canonical
1034,1034_w1883,1882,UNKNOWN,6,8450.087,8451.568,1.481,I don't care what she is.,whisper_canonical
1034,1034_w1884,1883,UNKNOWN,3,8452.068,8452.508,0.44,I don't care.,whisper_canonical
1034,1034_w1885,1884,UNKNOWN,8,8454.109,8455.45,1.341,You make a big deal out of something.,whisper_canonical
1034,1034_w1886,1885,UNKNOWN,4,8455.69,8456.491,0.801,I couldn't care less.,whisper_canonical
1034,1034_w1887,1886,UNKNOWN,9,8457.231,8458.952,1.721,Whatever she wants to be is OK with me.,whisper_canonical
1034,1034_w1888,1887,UNKNOWN,5,8459.607,8460.467,0.86,But those were your words.,whisper_canonical
1034,1034_w1889,1888,UNKNOWN,3,8460.487,8460.767,0.28,So I'm asking.,whisper_canonical
1034,1034_w1890,1889,UNKNOWN,3,8460.787,8461.127,0.34,I don't know.,whisper_canonical
1034,1034_w1891,1890,UNKNOWN,3,8461.307,8461.648,0.341,I don't know.,whisper_canonical
1034,1034_w1892,1891,UNKNOWN,18,8461.668,8466.629,4.961,"I mean, all I can say is I read where she was not black that she put out.",whisper_canonical
1034,1034_w1893,1892,UNKNOWN,4,8467.489,8468.87,1.381,And I'll say that.,whisper_canonical
1034,1034_w1894,1893,UNKNOWN,8,8469.23,8471.19,1.96,And then I read that she was black.,whisper_canonical
1034,1034_w1895,1894,UNKNOWN,3,8471.65,8472.331,0.681,And that's OK.,whisper_canonical
1034,1034_w1896,1895,UNKNOWN,6,8472.471,8473.711,1.24,Either one was OK with me.,whisper_canonical
1034,1034_w1897,1896,UNKNOWN,4,8473.971,8474.691,0.72,That's up to her.,whisper_canonical
1034,1034_w1898,1897,UNKNOWN,4,8475.131,8475.731,0.6,That's up to her.,whisper_canonical
1034,1034_w1899,1898,UNKNOWN,7,8476.032,8477.392,1.36,"Vice President Harris, your thoughts on this.",whisper_canonical
1034,1034_w1900,1899,UNKNOWN,29,8479.305,8490.297,10.992,"I think it's, I mean, honestly, I think it's a tragedy that we have someone who wants to be president who has consistently over the course of his career",whisper_canonical
1034,1034_w1901,1900,UNKNOWN,9,8491.658,8493.98,2.322,attempted to use race to divide the American people.,whisper_canonical
1034,1034_w1902,1901,UNKNOWN,28,8495.01,8500.213,5.203,"You know, I do believe that the vast majority of us know that we have so much more in common than what separates us, and we don't want",whisper_canonical
1034,1034_w1903,1902,UNKNOWN,16,8501.254,8506.317,5.063,"this kind of approach that is just constantly trying to divide us, and especially by race.",whisper_canonical
1034,1034_w1904,1903,UNKNOWN,7,8506.397,8509.438,3.041,And let's remember how Donald Trump started.,whisper_canonical
1034,1034_w1905,1904,UNKNOWN,3,8509.558,8510.219,0.661,He was a,whisper_canonical
1034,1034_w1906,1905,UNKNOWN,16,8512.8,8520.645,7.845,"land, he owned land, he owned buildings, and he was investigated because he refused to rent",whisper_canonical
1034,1034_w1907,1906,UNKNOWN,4,8521.822,8523.283,1.461,property to black families.,whisper_canonical
1034,1034_w1908,1907,UNKNOWN,23,8524.103,8532.248,8.145,Let's remember this is the same individual who took out a full page ad in the New York Times calling for the execution,whisper_canonical
1034,1034_w1909,1908,UNKNOWN,14,8533.248,8539.992,6.744,of five young black and Latino boys who were innocent the Central Park five.,whisper_canonical
1034,1034_w1910,1909,UNKNOWN,10,8541.838,8544.901,3.063,took out a full page ad calling for their execution.,whisper_canonical
1034,1034_w1911,1910,UNKNOWN,18,8545.201,8551.948,6.747,This is the same individual who spread birther lies about the first black president of the United States.,whisper_canonical
1034,1034_w1912,1911,UNKNOWN,6,8553.249,8554.65,1.401,And I think the American people,whisper_canonical
1034,1034_w1913,1912,UNKNOWN,4,8555.651,8557.073,1.422,want better than that.,whisper_canonical
1034,1034_w1914,1913,UNKNOWN,4,8557.833,8558.794,0.961,Want better than this.,whisper_canonical
1034,1034_w1915,1914,UNKNOWN,11,8560.035,8563.399,3.364,"Want someone who understands as I do, I travel our country.",whisper_canonical
1034,1034_w1916,1915,UNKNOWN,7,8564.775,8567.396,2.621,We see in each other a friend.,whisper_canonical
1034,1034_w1917,1916,UNKNOWN,7,8567.576,8569.556,1.98,We see in each other a neighbor.,whisper_canonical
1034,1034_w1918,1917,UNKNOWN,18,8570.216,8576.798,6.582,We don't want a leader who is constantly trying to have Americans point their fingers at each other.,whisper_canonical
1034,1034_w1919,1918,UNKNOWN,10,8577.719,8580.719,3.0,"I meet with people all the time who tell me,",whisper_canonical
1034,1034_w1920,1919,UNKNOWN,25,8581.8,8590.042,8.242,can we please just have discourse about how we're going to invest in the aspirations and the ambitions and the dreams of the American people?,whisper_canonical
1034,1034_w1921,1920,UNKNOWN,33,8590.903,8602.79,11.887,"Knowing that regardless of people's color or the language their grandmother speaks, we all have the same dreams and aspirations and want a president who invests in those, not in hate and division.",whisper_canonical
1034,1034_w1922,1921,UNKNOWN,5,8603.43,8604.671,1.241,"Vice President Harris, thank you.",whisper_canonical
1034,1034_w1923,1922,UNKNOWN,9,8604.751,8607.152,2.401,"Lindsey? President Trump, this is now your third time.",whisper_canonical
1034,1034_w1924,1923,UNKNOWN,6,8608.733,8611.354,2.621,This is the most divisive presidency,whisper_canonical
1034,1034_w1925,1924,UNKNOWN,6,8612.375,8613.515,1.14,in the history of our country.,whisper_canonical
1034,1034_w1926,1925,UNKNOWN,6,8613.796,8615.176,1.38,There's never been anything like it.,whisper_canonical
1034,1034_w1927,1926,UNKNOWN,4,8615.397,8616.757,1.36,They're destroying our country.,whisper_canonical
1034,1034_w1928,1927,UNKNOWN,7,8617.498,8619.159,1.661,And they come up with things like,whisper_canonical
1034,1034_w1929,1928,UNKNOWN,4,8620.162,8621.043,0.881,what she just said.,whisper_canonical
1034,1034_w1930,1929,UNKNOWN,28,8621.824,8630.014,8.19,"Going back many, many years, when a lot of people, including Mayor Bloomberg, agreed with me on the Central Park Five, they admitted, they said, they pled guilty.",whisper_canonical
1034,1034_w1931,1930,UNKNOWN,17,8631.273,8635.997,4.724,"And I said, well, if they played guilty, they'd badly hurt a person, killed a person ultimately.",whisper_canonical
1034,1034_w1932,1931,UNKNOWN,11,8636.738,8639.3,2.562,"And if they played guilty, then they played, we're not guilty.",whisper_canonical
1034,1034_w1933,1932,UNKNOWN,17,8639.941,8647.347,7.406,"But this is a person that has to stretch back years, years ago, because there's nothing now.",whisper_canonical
1034,1034_w1934,1933,UNKNOWN,13,8647.607,8651.01,3.403,I built one of the greatest economies in the history of the world.,whisper_canonical
1034,1034_w1935,1934,UNKNOWN,7,8651.411,8652.492,1.081,And I'm going to build it again.,whisper_canonical
1034,1034_w1936,1935,UNKNOWN,8,8652.652,8654.453,1.801,"It's going to be bigger, better, and stronger.",whisper_canonical
1034,1034_w1937,1936,UNKNOWN,5,8655.214,8656.775,1.561,But they're destroying our economy.,whisper_canonical
1034,1034_w1938,1937,UNKNOWN,9,8656.915,8659.016,2.101,They have no idea what a good economy is.,whisper_canonical
1034,1034_w1939,1938,UNKNOWN,3,8659.616,8660.816,1.2,They're oil policies.,whisper_canonical
1034,1034_w1940,1939,UNKNOWN,3,8660.996,8662.277,1.281,Every single policy.,whisper_canonical
1034,1034_w1941,1940,UNKNOWN,3,8662.597,8663.337,0.74,"And remember this,",whisper_canonical
1034,1034_w1942,1941,UNKNOWN,3,8664.438,8665.198,0.76,she is Biden.,whisper_canonical
1034,1034_w1943,1942,UNKNOWN,9,8665.458,8667.059,1.601,"You know, she's trying to get away from Biden.",whisper_canonical
1034,1034_w1944,1943,UNKNOWN,5,8667.139,8668.099,0.96,I don't know the gentleman.,whisper_canonical
1034,1034_w1945,1944,UNKNOWN,5,8668.139,8669.92,1.781,"She says, she is Biden.",whisper_canonical
1034,1034_w1946,1945,UNKNOWN,23,8670.44,8679.244,8.804,"The worst inflation we've ever had, a horrible economy because inflation has made it so bad that she can't get away with that.",whisper_canonical
1034,1034_w1947,1946,UNKNOWN,2,8679.284,8679.664,0.38,Thank you.,whisper_canonical
1034,1034_w1948,1947,UNKNOWN,2,8679.704,8680.064,0.36,Time's up.,whisper_canonical
1034,1034_w1949,1948,UNKNOWN,7,8680.084,8681.184,1.1,"I want to respond to that, though.",whisper_canonical
1034,1034_w1950,1949,UNKNOWN,6,8681.204,8682.745,1.541,I want to just respond briefly.,whisper_canonical
1034,1034_w1951,1950,UNKNOWN,13,8684.017,8688.981,4.964,"Clearly, I am not Joe Biden, and I am certainly not Donald Trump.",whisper_canonical
1034,1034_w1952,1951,UNKNOWN,40,8689.822,8705.595,15.773,"And what I do offer is a new generation of leadership for our country, one who believes in what is possible, one who brings a sense of optimism about what we can do instead of always disparaging the American people.",whisper_canonical
1034,1034_w1953,1952,UNKNOWN,8,8705.615,8708.257,2.642,I believe in what we can do to,whisper_canonical
1034,1034_w1954,1953,UNKNOWN,12,8709.558,8712.941,3.383,"to strengthen our small businesses, which is why I have a plan.",whisper_canonical
1034,1034_w1955,1954,UNKNOWN,6,8713.001,8715.183,2.182,Let's talk about our plans and,whisper_canonical
1034,1034_w1956,1955,UNKNOWN,4,8716.243,8717.524,1.281,let's compare the plans.,whisper_canonical
1034,1034_w1957,1956,UNKNOWN,10,8718.065,8722.428,4.363,I have a plan to give startup businesses tax deduction.,whisper_canonical
1034,1034_w1958,1957,UNKNOWN,11,8724.83,8730.055,5.225,"to pursue their ambitions, their innovation, their ideas, their hard work.",whisper_canonical
1034,1034_w1959,1958,UNKNOWN,4,8730.295,8731.196,0.901,"I have a plan,",whisper_canonical
1034,1034_w1960,1959,UNKNOWN,23,8733.217,8740.244,7.027,for young families for the first year of your child's life to help you in that most critical stage of your child's development.,whisper_canonical
1034,1034_w1961,1960,UNKNOWN,4,8740.464,8741.324,0.86,I have a plan.,whisper_canonical
1034,1034_w1962,1961,UNKNOWN,28,8741.945,8751.487,9.542,that is about allowing people to be able to pursue what has been fleeting in terms of the American dream by offering a help with down payment of,whisper_canonical
1034,1034_w1963,1962,UNKNOWN,8,8752.567,8755.688,3.121,down payment assistance for first time home buyers.,whisper_canonical
1034,1034_w1964,1963,UNKNOWN,26,8756.248,8766.79,10.542,"That's the kind of conversation I believe, David, that people really want tonight as opposed to a conversation that is constantly about belittling and name calling.",whisper_canonical
1034,1034_w1965,1964,UNKNOWN,4,8767.53,8769.11,1.58,Let's turn the page.,whisper_canonical
1034,1034_w1966,1965,UNKNOWN,3,8769.19,8770.311,1.121,Vice President Harris.,whisper_canonical
1034,1034_w1967,1966,UNKNOWN,2,8770.431,8770.731,0.3,Thank you.,whisper_canonical
1034,1034_w1968,1967,UNKNOWN,4,8770.771,8771.551,0.78,Let's turn to policy.,whisper_canonical
1034,1034_w1969,1968,UNKNOWN,4,8771.571,8773.031,1.46,Let's turn to policy.,whisper_canonical
1034,1034_w1970,1969,UNKNOWN,2,8773.191,8774.032,0.841,President Trump.,whisper_canonical
1034,1034_w1971,1970,UNKNOWN,5,8774.332,8775.332,1.0,"Let's turn to policy, please.",whisper_canonical
1034,1034_w1972,1971,UNKNOWN,8,8775.352,8777.492,2.14,She has a plan to defund the police.,whisper_canonical
1034,1034_w1973,1972,UNKNOWN,8,8777.952,8781.673,3.721,She has a plan to confiscate everybody's gun.,whisper_canonical
1034,1034_w1974,1973,UNKNOWN,13,8781.933,8786.914,4.981,She has a plan to not allow fracking in Pennsylvania or anywhere else.,whisper_canonical
1034,1034_w1975,1974,UNKNOWN,8,8787.195,8789.375,2.18,That's what her plan is until just recently.,whisper_canonical
1034,1034_w1976,1975,UNKNOWN,12,8790.696,8794.319,3.623,President Trump has said something twice that I need to respond to.,whisper_canonical
1034,1034_w1977,1976,UNKNOWN,14,8794.379,8797.822,3.443,I just need to respond one time to what he has said multiple times.,whisper_canonical
1034,1034_w1978,1977,UNKNOWN,9,8797.862,8800.384,2.522,This is now your third time running for president.,whisper_canonical
1034,1034_w1979,1978,UNKNOWN,16,8800.424,8805.608,5.184,"You have long vowed to repeal and replace the Affordable Care Act, also known as Obamacare.",whisper_canonical
1034,1034_w1980,1979,UNKNOWN,6,8805.628,8807.049,1.421,You have failed to accomplish that.,whisper_canonical
1034,1034_w1981,1980,UNKNOWN,16,8807.389,8811.653,4.264,"You now say you're going to keep Obamacare, quote, unless we can do something much better.",whisper_canonical
1034,1034_w1982,1981,UNKNOWN,9,8812.153,8814.295,2.142,"Last month you said, quote, we're working on it.",whisper_canonical
1034,1034_w1983,1982,UNKNOWN,22,8814.615,8820.357,5.742,"So tonight, nine years after you first started running, do you have a plan and can you tell us what it is?",whisper_canonical
1034,1034_w1984,1983,UNKNOWN,5,8820.497,8822.578,2.081,Obamacare was lousy health care.,whisper_canonical
1034,1034_w1985,1984,UNKNOWN,2,8822.798,8823.438,0.64,Always was.,whisper_canonical
1034,1034_w1986,1985,UNKNOWN,5,8823.839,8824.959,1.12,It's not very good today.,whisper_canonical
1034,1034_w1987,1986,UNKNOWN,28,8825.679,8831.181,5.502,"And what I said that if we come up with something and we are working on things, we're going to do it and we're going to replace it.",whisper_canonical
1034,1034_w1988,1987,UNKNOWN,3,8831.221,8832.242,1.021,But remember this.,whisper_canonical
1034,1034_w1989,1988,UNKNOWN,8,8833.022,8836.845,3.823,I inherited Obamacare because Democrats wouldn't change it.,whisper_canonical
1034,1034_w1990,1989,UNKNOWN,5,8836.885,8837.805,0.92,They wouldn't vote for it.,whisper_canonical
1034,1034_w1991,1990,UNKNOWN,3,8838.165,8839.026,0.861,They were unanimous.,whisper_canonical
1034,1034_w1992,1991,UNKNOWN,6,8839.046,8840.487,1.441,They wouldn't vote to change it.,whisper_canonical
1034,1034_w1993,1992,UNKNOWN,16,8840.887,8844.51,3.623,"If they would have done that, we would have had a much better plan than Obamacare.",whisper_canonical
1034,1034_w1994,1993,UNKNOWN,5,8844.87,8846.231,1.361,But the Democrats came up.,whisper_canonical
1034,1034_w1995,1994,UNKNOWN,5,8846.471,8847.652,1.181,They wouldn't vote for it.,whisper_canonical
1034,1034_w1996,1995,UNKNOWN,10,8848.172,8850.053,1.881,I had a choice to make when I was president.,whisper_canonical
1034,1034_w1997,1996,UNKNOWN,13,8850.373,8852.775,2.402,Do I save it and make it as good as it can be?,whisper_canonical
1034,1034_w1998,1997,UNKNOWN,5,8852.975,8853.696,0.721,Never going to be great.,whisper_canonical
1034,1034_w1999,1998,UNKNOWN,6,8854.436,8855.997,1.561,Or do I let it rot?,whisper_canonical
1034,1034_w2000,1999,UNKNOWN,25,8856.697,8862.339,5.642,"And I felt I had an obligation, even though politically it would have been good to just let it rot and let it go away.",whisper_canonical
1034,1034_w2001,2000,UNKNOWN,15,8862.979,8866.58,3.601,"I decided, and I told my people, the top people, and they're very good people.",whisper_canonical
1034,1034_w2002,2001,UNKNOWN,10,8866.6,8869.021,2.421,I have a lot of good people in this administration.,whisper_canonical
1034,1034_w2003,2002,UNKNOWN,6,8869.581,8870.621,1.04,We read about the bad ones.,whisper_canonical
1034,1034_w2004,2003,UNKNOWN,7,8870.641,8872.102,1.461,"We had some real bad ones, too.",whisper_canonical
1034,1034_w2005,2004,UNKNOWN,4,8872.222,8872.822,0.6,And so do they.,whisper_canonical
1034,1034_w2006,2005,UNKNOWN,5,8872.882,8873.862,0.98,They have really bad ones.,whisper_canonical
1034,1034_w2007,2006,UNKNOWN,9,8873.882,8875.103,1.221,The difference is they don't get rid of them.,whisper_canonical
1034,1034_w2008,2007,UNKNOWN,5,8875.143,8876.343,1.2,But let me just explain.,whisper_canonical
1034,1034_w2009,2008,UNKNOWN,6,8876.943,8878.123,1.18,I had a choice to make.,whisper_canonical
1034,1034_w2010,2009,UNKNOWN,13,8878.484,8881.284,2.8,Do I save it and make it as good as it can be?,whisper_canonical
1034,1034_w2011,2010,UNKNOWN,6,8881.705,8882.625,0.92,Or do I let it rot?,whisper_canonical
1034,1034_w2012,2011,UNKNOWN,4,8883.185,8884.005,0.82,And I saved it.,whisper_canonical
1034,1034_w2013,2012,UNKNOWN,5,8884.165,8885.186,1.021,I did the right thing.,whisper_canonical
1034,1034_w2014,2013,UNKNOWN,14,8885.646,8889.947,4.301,"But it's still never going to be great, and it's too expensive for people.",whisper_canonical
1034,1034_w2015,2014,UNKNOWN,11,8890.467,8893.568,3.101,And what we will do is we're looking at different plans.,whisper_canonical
1034,1034_w2016,2015,UNKNOWN,31,8893.968,8903.93,9.962,"If we can come up with a plan that's going to cost our people, our population less money, and be better health care than Obamacare, then I would absolutely do it.",whisper_canonical
1034,1034_w2017,2016,UNKNOWN,13,8904.351,8907.231,2.88,"But until then, I'd run it as good as it can be run.",whisper_canonical
1034,1034_w2018,2017,UNKNOWN,13,8907.531,8909.572,2.041,"So, just to yes or no, you still do not have a plan?",whisper_canonical
1034,1034_w2019,2018,UNKNOWN,6,8910.04,8911.482,1.442,I have concepts of a plan.,whisper_canonical
1034,1034_w2020,2019,UNKNOWN,5,8911.502,8913.526,2.024,I'm not president right now.,whisper_canonical
1034,1034_w2021,2020,UNKNOWN,2,8913.987,8914.487,0.5,But if,whisper_canonical
1034,1034_w2022,2021,UNKNOWN,5,8915.812,8917.053,1.241,We come up with something.,whisper_canonical
1034,1034_w2023,2022,UNKNOWN,16,8917.173,8920.937,3.764,I would only change it if we come up with something that's better and less expensive.,whisper_canonical
1034,1034_w2024,2023,UNKNOWN,11,8921.297,8925.381,4.084,And there are concepts and options we have to do that.,whisper_canonical
1034,1034_w2025,2024,UNKNOWN,12,8925.701,8928.304,2.603,And you'll be hearing about it in the not too distant future.,whisper_canonical
1034,1034_w2026,2025,UNKNOWN,21,8928.544,8935.811,7.267,"Vice President Harris, in you supported Bernie Sanders' proposal to do away with private insurance and create a government-run healthcare system.",whisper_canonical
1034,1034_w2027,2026,UNKNOWN,13,8936.231,8940.135,3.904,"Two years later, you proposed a plan that included a private insurance option.",whisper_canonical
1034,1034_w2028,2027,UNKNOWN,5,8940.455,8941.376,0.921,What is your plan today?,whisper_canonical
1034,1034_w2029,2028,UNKNOWN,20,8941.945,8947.928,5.983,"Well, first of all, I absolutely support, and over the last four years as vice president, private health care options.",whisper_canonical
1034,1034_w2030,2029,UNKNOWN,13,8947.988,8951.13,3.142,But what we need to do is maintain and grow the affordable care.,whisper_canonical
1034,1034_w2031,2030,UNKNOWN,6,8951.15,8952.71,1.56,"But I'll get to that, Lindsay.",whisper_canonical
1034,1034_w2032,2031,UNKNOWN,15,8952.73,8956.572,3.842,I just need to respond to a previous point that the former president has made.,whisper_canonical
1034,1034_w2033,2032,UNKNOWN,8,8956.872,8958.833,1.961,I've made very clear my position on fracking.,whisper_canonical
1034,1034_w2034,2033,UNKNOWN,17,8959.174,8963.716,4.542,"And then this business about taking everyone's guns away, Tim Walls and I are both gun owners.",whisper_canonical
1034,1034_w2035,2034,UNKNOWN,6,8963.756,8965.377,1.621,We're not taking anybody's guns away.,whisper_canonical
1034,1034_w2036,2035,UNKNOWN,9,8965.437,8967.778,2.341,So stop with the continuous lying about this stuff.,whisper_canonical
1034,1034_w2037,2036,UNKNOWN,19,8968.772,8973.814,5.042,"As it relates to the Affordable Care Act, understand, just look at the history to know where people stand.",whisper_canonical
1034,1034_w2038,2037,UNKNOWN,5,8974.234,8975.775,1.541,"When Donald Trump was president,",whisper_canonical
1034,1034_w2039,2038,UNKNOWN,12,8976.795,8980.956,4.161,"times he tried to get rid of the Affordable Care Act, times.",whisper_canonical
1034,1034_w2040,2039,UNKNOWN,38,8981.217,8995.602,14.385,"I was a senator at the time when I will never forget the early morning hours when it was up for a vote in the United States Senate and the late great John McCain, who you have disparaged",whisper_canonical
1034,1034_w2041,2040,UNKNOWN,2,8996.632,8997.152,0.52,"As being,",whisper_canonical
1034,1034_w2042,2041,UNKNOWN,13,8998.213,9002.095,3.882,"you don't like him, you said, at the time, because he got caught.",whisper_canonical
1034,1034_w2043,2042,UNKNOWN,5,9002.195,9003.516,1.321,He was an American hero.,whisper_canonical
1034,1034_w2044,2043,UNKNOWN,21,9003.776,9010.619,6.843,"The late great John McCain, I will never forget that night, walked onto the Senate floor and said, no you don't.",whisper_canonical
1034,1034_w2045,2044,UNKNOWN,3,9011.339,9011.96,0.621,No you don't.,whisper_canonical
1034,1034_w2046,2045,UNKNOWN,10,9012.46,9014.701,2.241,No you don't get rid of the Affordable Care Act.,whisper_canonical
1034,1034_w2047,2046,UNKNOWN,4,9014.721,9015.842,1.121,You have no plan.,whisper_canonical
1034,1034_w2048,2047,UNKNOWN,21,9016.542,9023.645,7.103,And what the Affordable Care Act has done is eliminate the ability of insurance companies to deny people with preexisting conditions.,whisper_canonical
1034,1034_w2049,2048,UNKNOWN,15,9024.126,9026.967,2.841,"I don't have to tell the people watching tonight, you remember what that was like?",whisper_canonical
1034,1034_w2050,2049,UNKNOWN,7,9027.847,9030.328,2.481,Remember when an insurance company could deny,whisper_canonical
1034,1034_w2051,2050,UNKNOWN,17,9031.369,9037.732,6.363,"if a child had asthma, if someone was a breast cancer survivor, if a grandparent had diabetes?",whisper_canonical
1034,1034_w2052,2051,UNKNOWN,39,9038.432,9050.64,12.208,"And thankfully, as I've been Vice President and we over the last four years have strengthened the Affordable Care Act, we have allowed for the first time Medicare to negotiate drug prices on behalf of you, the American people.",whisper_canonical
1034,1034_w2053,2052,UNKNOWN,13,9050.98,9053.542,2.562,Donald Trump said he was going to allow Medicare to negotiate drug prices.,whisper_canonical
1034,1034_w2054,2053,UNKNOWN,2,9053.842,9054.763,0.921,drug prices?,whisper_canonical
1034,1034_w2055,2054,UNKNOWN,3,9054.803,9055.263,0.46,He never did.,whisper_canonical
1034,1034_w2056,2055,UNKNOWN,2,9055.343,9055.664,0.321,We did.,whisper_canonical
1034,1034_w2057,2056,UNKNOWN,12,9056.204,9059.126,2.922,And now we have capped the cost of insulin at a month.,whisper_canonical
1034,1034_w2058,2057,UNKNOWN,18,9059.387,9064.731,5.344,"Since I've been vice president, we have capped the cost of prescription medication for seniors at a year.",whisper_canonical
1034,1034_w2059,2058,UNKNOWN,41,9065.111,9078.34,13.229,"And when I am president, we will do that for all people understanding that the value I bring to this is that access to health care should be a right, and not just a privilege of those who can afford it.",whisper_canonical
1034,1034_w2060,2059,UNKNOWN,29,9078.781,9087.625,8.844,"And the plan has to be to strengthen the Affordable Care Act, not get rid of it fast as pro-lock in terms of where Donald Trump stands on that.",whisper_canonical
1034,1034_w2061,2060,UNKNOWN,14,9087.665,9089.887,2.222,I want to move to an issue that's important for a lot of us.,whisper_canonical
1034,1034_w2062,2061,UNKNOWN,14,9089.907,9095.55,5.643,"If you made a mistake, at number one, John McCain fought Obamacare for years.",whisper_canonical
1034,1034_w2063,2062,UNKNOWN,5,9096.29,9097.471,1.181,But it wasn't only him.,whisper_canonical
1034,1034_w2064,2063,UNKNOWN,10,9097.651,9100.632,2.981,It were all of the Democrats that kept it going.,whisper_canonical
1034,1034_w2065,2064,UNKNOWN,4,9101.033,9101.613,0.58,And you know what?,whisper_canonical
1034,1034_w2066,2065,UNKNOWN,10,9103.037,9105.798,2.761,"We can do much better than Obamacare, much less money.",whisper_canonical
1034,1034_w2067,2066,UNKNOWN,11,9106.158,9111.26,5.102,"But she won't improve private insurance for people, private medical insurance.",whisper_canonical
1034,1034_w2068,2067,UNKNOWN,27,9111.981,9119.363,7.382,That's another thing she doesn't want to give people a paying privately for insurance that have worked hard and made money and they want to have private.,whisper_canonical
1034,1034_w2069,2068,UNKNOWN,20,9119.564,9125.666,6.102,She wants everybody to be on government insurance where you wait Six months for an operation that you need immediately.,whisper_canonical
1034,1034_w2070,2069,UNKNOWN,4,9125.686,9126.847,1.161,"President Trump, thank you.",whisper_canonical
1034,1034_w2071,2070,UNKNOWN,25,9126.907,9133.25,6.343,"We have another issue that we'd like to get to that's important for a number of Americans, in particular younger voters, and that's climate change.",whisper_canonical
1034,1034_w2072,2071,UNKNOWN,19,9133.57,9138.312,4.742,"President Trump, with regard to the environment, you say that we have to have clean air and clean water.",whisper_canonical
1034,1034_w2073,2072,UNKNOWN,10,9138.692,9142.374,3.682,"Vice President Harris, you call climate change an existential threat.",whisper_canonical
1034,1034_w2074,2073,UNKNOWN,15,9142.774,9146.936,4.162,The question to you both tonight is what would you do to fight climate change?,whisper_canonical
1034,1034_w2075,2074,UNKNOWN,13,9147.037,9149.858,2.821,"And Vice President Harris, we'll start with you, one minute for you each.",whisper_canonical
1034,1034_w2076,2075,UNKNOWN,12,9150.533,9153.634,3.101,"Well, the former president had said the climate change is a hoax.",whisper_canonical
1034,1034_w2077,2076,UNKNOWN,10,9154.755,9156.996,2.241,And what we know is that it is very real.,whisper_canonical
1034,1034_w2078,2077,UNKNOWN,28,9157.136,9165.639,8.503,"You ask anyone who lives in a state who has experienced these extreme weather occurrences, who now is either being denied home insurance or it's being jacked up.",whisper_canonical
1034,1034_w2079,2078,UNKNOWN,22,9166.18,9173.723,7.543,"You ask anybody who has been the victim of what that means in terms of losing their home, having nowhere to go.",whisper_canonical
1034,1034_w2080,2079,UNKNOWN,10,9174.303,9177.208,2.905,We know that we can actually deal with this issue.,whisper_canonical
1034,1034_w2081,2080,UNKNOWN,10,9177.228,9179.952,2.724,The young people of America care deeply about this issue.,whisper_canonical
1034,1034_w2082,2081,UNKNOWN,28,9180.392,9188.744,8.352,"And I am proud that as Vice President over the last four years, we have invested a trillion dollars in a clean energy economy, while we have also.",whisper_canonical
1034,1034_w2083,2082,UNKNOWN,7,9189.365,9192.609,3.244,increased domestic gas production to historic levels.,whisper_canonical
1034,1034_w2084,2083,UNKNOWN,13,9193.049,9198.114,5.065,We have created over new manufacturing jobs while I have been vice president.,whisper_canonical
1034,1034_w2085,2084,UNKNOWN,18,9198.475,9204.641,6.166,We have invested in clean energy to the point that we are opening up factories around the world.,whisper_canonical
1034,1034_w2086,2085,UNKNOWN,10,9204.681,9207.244,2.563,Donald Trump said he was going to create manufacturing jobs.,whisper_canonical
1034,1034_w2087,2086,UNKNOWN,4,9207.504,9208.946,1.442,He lost manufacturing jobs.,whisper_canonical
1034,1034_w2088,2087,UNKNOWN,34,9209.426,9223.76,14.334,"And I'm also proud to have the endorsement of the United Auto Workers and Sean Fane, who also know that part of building a clean energy economy includes investing in American-made products, American automobiles.",whisper_canonical
1034,1034_w2089,2088,UNKNOWN,23,9224.061,9233.17,9.109,"It includes growing what we can do around American manufacturing and opening up auto plants, not closing them like happened under Donald Trump.",whisper_canonical
1034,1034_w2090,2089,UNKNOWN,5,9233.19,9234.692,1.502,"Vice President Harris, thank you.",whisper_canonical
1034,1034_w2091,2090,UNKNOWN,6,9234.712,9236.053,1.341,That didn't happen under Donald Trump.,whisper_canonical
1034,1034_w2092,2091,UNKNOWN,12,9236.073,9240.317,4.244,"Let me just tell you, they lost manufacturing jobs this last month.",whisper_canonical
1034,1034_w2093,2092,UNKNOWN,5,9240.958,9242.68,1.722,"It's going, they're all leaving.",whisper_canonical
1034,1034_w2094,2093,UNKNOWN,13,9243.34,9248.444,5.104,"They're building big auto plants in Mexico, in many cases owned by China.",whisper_canonical
1034,1034_w2095,2094,UNKNOWN,22,9248.745,9255.35,6.605,"They're building these massive plants, and they think they're going to sell their cars into the United States because of these people.",whisper_canonical
1034,1034_w2096,2095,UNKNOWN,15,9255.79,9259.934,4.144,"What they have given to China is unbelievable, but we're not going to let that.",whisper_canonical
1034,1034_w2097,2096,UNKNOWN,48,9259.994,9276.653,16.659,"We'll put tariffs on those cars so they can't come into our country because they will kill The United Auto Workers and any auto worker, whether it's in Detroit or South Carolina or any other place, what they've done to business and manufacturing in this country is horrible.",whisper_canonical
1034,1034_w2098,2097,UNKNOWN,8,9277.074,9280.218,3.144,"We have nothing because they refuse, you know?",whisper_canonical
1034,1034_w2099,2098,UNKNOWN,13,9280.658,9284.62,3.962,Biden doesn't go after people because supposedly China paid a millions of dollars.,whisper_canonical
1034,1034_w2100,2099,UNKNOWN,10,9284.66,9286.981,2.321,He's afraid to do it between him and his son.,whisper_canonical
1034,1034_w2101,2100,UNKNOWN,7,9287.361,9289.242,1.881,They get all this money from Ukraine.,whisper_canonical
1034,1034_w2102,2101,UNKNOWN,11,9289.482,9292.083,2.601,They get all this money from all of these different countries.,whisper_canonical
1034,1034_w2103,2102,UNKNOWN,16,9292.404,9296.365,3.961,"And then you wonder, why is he so loyal to this one, that one Ukraine, China?",whisper_canonical
1034,1034_w2104,2103,UNKNOWN,3,9296.786,9297.266,0.48,Why is he?,whisper_canonical
1034,1034_w2105,2104,UNKNOWN,16,9297.486,9301.688,4.202,Why did he get three and a half million dollars from the mayor of Moscow's wife?,whisper_canonical
1034,1034_w2106,2105,UNKNOWN,4,9302.048,9302.808,0.76,Why did he get?,whisper_canonical
1034,1034_w2107,2106,UNKNOWN,11,9302.888,9305.77,2.882,Why did she pay him three and a half million dollars?,whisper_canonical
1034,1034_w2108,2107,UNKNOWN,13,9306.39,9311.273,4.883,This is a crooked administration and they're selling our country down the tubes.,whisper_canonical
1034,1034_w2109,2108,UNKNOWN,4,9311.353,9312.434,1.081,"President Trump, thank you.",whisper_canonical
1034,1034_w2110,2109,UNKNOWN,2,9312.694,9313.055,0.361,Thank you.,whisper_canonical
1034,1034_w2111,2110,UNKNOWN,22,9313.375,9319.739,6.364,We'll be right back with closing statements from both of our candidates in historic night this ABC News presidential debate from Philadelphia.,whisper_canonical
1034,1034_w2112,2111,UNKNOWN,4,9319.799,9320.279,0.48,Back in a moment.,whisper_canonical
1034,1034_w2113,2112,UNKNOWN,9,9327.184,9331.167,3.983,The ABC News presidential debate will continue after this.,whisper_canonical
1034,1034_w2114,2113,UNKNOWN,6,9337.697,9338.558,0.861,The House will be in order.,whisper_canonical
1034,1034_w2115,2114,UNKNOWN,11,9339.318,9343.3,3.982,"This year, C-SPAN celebrates years of covering Congress like no other.",whisper_canonical
1034,1034_w2116,2115,UNKNOWN,32,9344.441,9356.788,12.347,"Since we've been your primary source for Capitol Hill, providing balanced, unfiltered coverage of government, taking you to where the policies debated and decided, all with the support of America's cable companies.",whisper_canonical
1034,1034_w2117,2116,UNKNOWN,7,9357.729,9361.331,3.602,"C-SPAN, years and counting, powered by cable.",whisper_canonical
1034,1034_w2118,2117,UNKNOWN,2,9367.212,9367.873,0.661,Friday nights.,whisper_canonical
1034,1034_w2119,2118,UNKNOWN,42,9368.353,9386.109,17.756,"Watch C-SPAN's campaign trail, a weekly roundup of C-SPAN's campaign coverage, providing a one-stop shop to discover what the candidates across the country are saying to voters, along with firsthand accounts from political reporters, updated poll numbers, fundraising data, and campaign ads.",whisper_canonical
1034,1034_w2120,2119,UNKNOWN,6,9386.55,9389.973,3.423,"Watch C-SPAN's campaign trail, Friday nights.",whisper_canonical
1034,1034_w2121,2120,UNKNOWN,2,9390.513,9391.554,1.041,at p.m.,whisper_canonical
1034,1034_w2122,2121,UNKNOWN,24,9391.654,9401.062,9.408,Eastern on C-SPAN online at C-SPAN.org or download as a podcast on C-SPAN Now our free mobile app or wherever you get your podcasts.,whisper_canonical
1034,1034_w2123,2122,UNKNOWN,6,9401.642,9404.425,2.783,"C-SPAN, your unfiltered view of politics.",whisper_canonical
1034,1034_w2124,2123,UNKNOWN,16,9414.328,9422.414,8.086,"As the presidential campaign continues, American History TV presents a new nine-part series, Historic Presidential Elections.",whisper_canonical
1034,1034_w2125,2124,UNKNOWN,8,9422.794,9424.836,2.042,Learn about the pivotal issues of different eras.,whisper_canonical
1034,1034_w2126,2125,UNKNOWN,14,9425.156,9429.699,4.543,"Uncover what made these elections historic, and explore their lasting impact on the nation.",whisper_canonical
1034,1034_w2127,2126,UNKNOWN,4,9430.059,9431.6,1.541,"This Saturday, at p.m.",whisper_canonical
1034,1034_w2128,2127,UNKNOWN,7,9431.66,9433.282,1.622,"Eastern, a look at the election of",whisper_canonical
1034,1034_w2129,2128,UNKNOWN,17,9434.683,9440.887,6.204,"Abraham Lincoln defeated several other candidates, including Senator Stephen Douglas, to become the first Republican elected president.",whisper_canonical
1034,1034_w2130,2129,UNKNOWN,7,9441.047,9442.488,1.441,Before he took office in March of,whisper_canonical
1034,1034_w2131,2130,UNKNOWN,6,9443.99,9445.753,1.763,Several states in the southern U.S.,whisper_canonical
1034,1034_w2132,2131,UNKNOWN,10,9445.853,9448.117,2.264,pulled out of the union leading to the Civil War.,whisper_canonical
1034,1034_w2133,2132,UNKNOWN,7,9448.558,9452.445,3.887,Watch historic presidential elections Saturdays at p.m.,whisper_canonical
1034,1034_w2134,2133,UNKNOWN,7,9452.505,9455.39,2.885,Eastern on American History TV on C-SPAN,whisper_canonical
1034,1034_w2135,2134,UNKNOWN,29,9464.171,9474.941,10.77,"Start your day with Washington Journal, your window into the nation's capital, the only daily nationally televised forum for discussing the latest issues in Washington and across the country.",whisper_canonical
1034,1034_w2136,2135,UNKNOWN,26,9475.181,9481.807,6.626,What I love about your show is that it gives the people an opportunity to speak for themselves on the issues that they actually care about.,whisper_canonical
1034,1034_w2137,2136,UNKNOWN,16,9482.327,9488.393,6.066,Join us for a live three-hour conversation with a variety of congressional members and Washington influencers.,whisper_canonical
1034,1034_w2138,2137,UNKNOWN,4,9489.153,9489.974,0.821,I love this show.,whisper_canonical
1034,1034_w2139,2138,UNKNOWN,22,9490.034,9496.339,6.305,This is my favorite show to do of all shows because I actually get to hear what the American people care about.,whisper_canonical
1034,1034_w2140,2139,UNKNOWN,12,9497.279,9501.522,4.243,You can watch Washington Journal live every morning at Eastern on C-SPAN.,whisper_canonical
1034,1034_w2141,2140,UNKNOWN,6,9501.903,9504.665,2.762,C-SPAN now or online at c-span.org.,whisper_canonical
1034,1034_w2142,2141,UNKNOWN,10,9514.573,9517.755,3.182,Listening to programs on C-SPAN through C-SPAN radio is easy.,whisper_canonical
1034,1034_w2143,2142,UNKNOWN,15,9518.036,9523.239,5.203,"Tell your smart speaker, play C-SPAN radio and listen to Washington Journal daily at a.m.",whisper_canonical
1034,1034_w2144,2143,UNKNOWN,8,9523.299,9526.022,2.723,Eastern. Important public affairs events throughout the day.,whisper_canonical
1034,1034_w2145,2144,UNKNOWN,5,9526.422,9528.383,1.961,And weekdays catch Washington today.,whisper_canonical
1034,1034_w2146,2145,UNKNOWN,4,9528.643,9530.165,1.522,Listen to C-SPAN anytime.,whisper_canonical
1034,1034_w2147,2146,UNKNOWN,12,9530.485,9534.608,4.123,"Just tell your smart speaker, play C-SPAN radio, C-SPAN powered by cable.",whisper_canonical
1034,1034_w2148,2147,UNKNOWN,20,9540.612,9547.256,6.644,"C-SPAN now is a free mobile app featuring your unfiltered view of what's happening in Washington, live and on demand.",whisper_canonical
1034,1034_w2149,2148,UNKNOWN,18,9547.757,9552.54,4.783,Keep up with the day's biggest events with live streams of floor proceedings and hearings from the U.S.,whisper_canonical
1034,1034_w2150,2149,UNKNOWN,18,9552.58,9559.304,6.724,"Congress, White House events, the courts, campaigns, and more from the world of politics, all at your fingertips.",whisper_canonical
1034,1034_w2151,2150,UNKNOWN,29,9559.904,9570.011,10.107,"You can also stay current with the latest episodes of Washington Journal and find scheduling information for C-SPAN's TV networks and C-SPAN radio, plus a variety of compelling podcasts.",whisper_canonical
1034,1034_w2152,2151,UNKNOWN,11,9570.531,9573.614,3.083,C-SPAN NOW is available at the Apple Store and Google Play.,whisper_canonical
1034,1034_w2153,2152,UNKNOWN,18,9573.974,9580.241,6.267,"Scan the QR code to download it for free today, or visit our website, cspan.org slash cspan now.",whisper_canonical
1034,1034_w2154,2153,UNKNOWN,10,9580.881,9585.286,4.405,"C-SPAN NOW, your front row seat to Washington, anytime, anywhere.",whisper_canonical
1034,1034_w2155,2154,UNKNOWN,20,9589.856,9596.858,7.002,And now back to the National Constitution Center in Philadelphia for our live simulcast of the ABC News presidential debate.,whisper_canonical
1034,1034_w2156,2155,UNKNOWN,15,9597.079,9601.32,4.241,A reminder will open the phone lines as the debate ends to get your reaction.,whisper_canonical
1034,1034_w2157,2156,UNKNOWN,3,9616.337,9617.137,0.8,Welcome back tonight.,whisper_canonical
1034,1034_w2158,2157,UNKNOWN,7,9617.177,9618.798,1.621,The time has come for closing statements.,whisper_canonical
1034,1034_w2159,2158,UNKNOWN,8,9618.858,9620.619,1.761,"And Vice President Harris, we begin with you.",whisper_canonical
1034,1034_w2160,2159,UNKNOWN,13,9622.58,9627.322,4.742,So I think you've heard tonight two very different visions for our country.,whisper_canonical
1034,1034_w2161,2160,UNKNOWN,23,9628.402,9635.125,6.723,One that is focused on the future and the other that is focused on the past and an attempt to take us backward.,whisper_canonical
1034,1034_w2162,2161,UNKNOWN,5,9636.79,9637.87,1.08,but we're not going back.,whisper_canonical
1034,1034_w2163,2162,UNKNOWN,29,9638.691,9647.494,8.803,"And I do believe that the American people know we all have so much more in common than what separates us, and we can chart a new way forward.",whisper_canonical
1034,1034_w2164,2163,UNKNOWN,66,9648.274,9675.774,27.5,"And a vision of that includes having a plan, understanding the aspirations, the dreams, the hopes, the ambition of the American people, which is why I intend to create an opportunity economy, investing in small businesses, in new families, in what we can do around protecting seniors, what we can do that is about giving hardworking folks a break and bringing down the cost of living.",whisper_canonical
1034,1034_w2165,2164,UNKNOWN,45,9676.535,9694.05,17.515,"I believe in what we can do together, that is about sustaining America's standing in the world and ensuring that we have the respect that we so rightly deserve, including respecting our military and ensuring we have the most lethal fighting force in the world.",whisper_canonical
1034,1034_w2166,2165,UNKNOWN,36,9694.67,9704.299,9.629,"I will be a president that will protect our fundamental rights and freedoms, including the right of a woman to make decisions about her own body and not have her government tell her what to do.",whisper_canonical
1034,1034_w2167,2166,UNKNOWN,10,9705.055,9707.917,2.862,"I'll tell you, I started my career as a prosecutor.",whisper_canonical
1034,1034_w2168,2167,UNKNOWN,17,9707.997,9712.499,4.502,"I was a DA, I was an attorney general, a United States Senator, and now vice president.",whisper_canonical
1034,1034_w2169,2168,UNKNOWN,7,9712.539,9714.501,1.962,"I've only had one client, the people.",whisper_canonical
1034,1034_w2170,2169,UNKNOWN,22,9715.241,9722.105,6.864,"And I'll tell you, as a prosecutor, I never asked a victim or a witness, are you a Republican or a Democrat?",whisper_canonical
1034,1034_w2171,2170,UNKNOWN,10,9722.805,9725.327,2.522,"The only thing I ever asked them, are you okay?",whisper_canonical
1034,1034_w2172,2171,UNKNOWN,10,9726.72,9729.121,2.401,And that's the kind of president we need right now.,whisper_canonical
1034,1034_w2173,2172,UNKNOWN,11,9729.662,9733.564,3.902,Someone who cares about you and is not putting themselves first.,whisper_canonical
1034,1034_w2174,2173,UNKNOWN,36,9734.445,9747.232,12.787,"I intend to be a president for all Americans and focus on what we can do over the next and years to build back up our country by investing right now in you, the American people.",whisper_canonical
1034,1034_w2175,2174,UNKNOWN,5,9747.752,9749.653,1.901,"Vice President Harris, thank you.",whisper_canonical
1034,1034_w2176,2175,UNKNOWN,2,9749.773,9750.434,0.661,President Trump?,whisper_canonical
1034,1034_w2177,2176,UNKNOWN,24,9751.937,9757.14,5.203,"So she just started by saying she's going to do this, she's going to do that, she's going to do all these wonderful things.",whisper_canonical
1034,1034_w2178,2177,UNKNOWN,5,9757.54,9759.261,1.721,Why hasn't she done it?,whisper_canonical
1034,1034_w2179,2178,UNKNOWN,9,9759.701,9761.803,2.102,She's been there for three and a half years.,whisper_canonical
1034,1034_w2180,2179,UNKNOWN,11,9762.183,9764.904,2.721,They've had three and a half years to fix the border.,whisper_canonical
1034,1034_w2181,2180,UNKNOWN,17,9765.305,9770.128,4.823,They've had three and a half years to create jobs and all the things we talked about.,whisper_canonical
1034,1034_w2182,2181,UNKNOWN,5,9770.529,9772.39,1.861,Why hasn't she done it?,whisper_canonical
1034,1034_w2183,2182,UNKNOWN,37,9772.831,9781.959,9.128,"She should leave right now, go down to that beautiful White House, go to the Capitol, get everyone together and do the things you want to do, but you haven't done it and you won't do it.",whisper_canonical
1034,1034_w2184,2183,UNKNOWN,12,9782.439,9785.782,3.343,Because you believe in things that the American people don't believe in.,whisper_canonical
1034,1034_w2185,2184,UNKNOWN,37,9786.242,9795.569,9.327,"You believe in things like we're not going to frack, we're not going to take fossil fuel, we're not going to do Things that are going to make this country strong, whether you like it or not.",whisper_canonical
1034,1034_w2186,2185,UNKNOWN,15,9796.029,9802.212,6.183,"Germany tried that, and within one year, they were back to building normal energy plants.",whisper_canonical
1034,1034_w2187,2186,UNKNOWN,5,9802.493,9803.453,0.96,We're not ready for it.,whisper_canonical
1034,1034_w2188,2187,UNKNOWN,11,9803.773,9808.196,4.423,We can't sacrifice our country for the sake of bad vision.,whisper_canonical
1034,1034_w2189,2188,UNKNOWN,7,9808.496,9810.337,1.841,But I just ask one simple question.,whisper_canonical
1034,1034_w2190,2189,UNKNOWN,5,9810.857,9812.658,1.801,Why didn't she do it?,whisper_canonical
1034,1034_w2191,2190,UNKNOWN,4,9812.958,9814.199,1.241,We're a failing nation.,whisper_canonical
1034,1034_w2192,2191,UNKNOWN,7,9815.039,9817.682,2.643,We're a nation that's in serious decline.,whisper_canonical
1034,1034_w2193,2192,UNKNOWN,8,9818.002,9819.984,1.982,We're being left at all over the world.,whisper_canonical
1034,1034_w2194,2193,UNKNOWN,6,9820.184,9821.285,1.101,All over the world they're left.,whisper_canonical
1034,1034_w2195,2194,UNKNOWN,6,9821.405,9822.706,1.301,I know the leaders very well.,whisper_canonical
1034,1034_w2196,2195,UNKNOWN,5,9822.746,9823.827,1.081,They're coming to see me.,whisper_canonical
1034,1034_w2197,2196,UNKNOWN,3,9824.167,9825.008,0.841,They call me.,whisper_canonical
1034,1034_w2198,2197,UNKNOWN,7,9825.429,9827.23,1.801,We're left at all over the world.,whisper_canonical
1034,1034_w2199,2198,UNKNOWN,10,9827.27,9829.612,2.342,They don't understand what happened to us as a nation.,whisper_canonical
1034,1034_w2200,2199,UNKNOWN,4,9829.933,9830.894,0.961,We're not a leader.,whisper_canonical
1034,1034_w2201,2200,UNKNOWN,8,9831.274,9833.475,2.201,We don't have any idea what's going on.,whisper_canonical
1034,1034_w2202,2201,UNKNOWN,9,9833.816,9835.957,2.141,We have wars going on in the Middle East.,whisper_canonical
1034,1034_w2203,2202,UNKNOWN,9,9835.997,9839.679,3.682,We have wars going on with Russia and Ukraine.,whisper_canonical
1034,1034_w2204,2203,UNKNOWN,26,9840.019,9846.564,6.545,"We're going to end up in a third world war, and it'll be a war like no other because of nuclear weapons, the power of weaponry.",whisper_canonical
1034,1034_w2205,2204,UNKNOWN,5,9847.184,9849.846,2.662,I rebuilt our entire military.,whisper_canonical
1034,1034_w2206,2205,UNKNOWN,10,9850.306,9853.208,2.902,She gave a lot of it away to the Taliban.,whisper_canonical
1034,1034_w2207,2206,UNKNOWN,28,9853.888,9863.477,9.589,"She gave it to Afghanistan, what these people have done to our country, and maybe toughest of all is allowing millions of people to come into our country.",whisper_canonical
1034,1034_w2208,2207,UNKNOWN,23,9863.577,9872.226,8.649,"Many of them are criminals, and they're destroying our country, the worst president, the worst vice president in the history of our country.",whisper_canonical
1034,1034_w2209,2208,UNKNOWN,4,9872.615,9874.116,1.501,"President Trump, thank you.",whisper_canonical
1034,1034_w2210,2209,UNKNOWN,17,9874.296,9880.238,5.942,And that is our ABC News presidential debate from here in Philadelphia at the National Constitution Center.,whisper_canonical
1034,1034_w2211,2210,UNKNOWN,3,9880.718,9881.518,0.8,I'm Lindsay Davis.,whisper_canonical
1034,1034_w2212,2211,UNKNOWN,4,9881.618,9882.418,0.8,And I'm David Muir.,whisper_canonical
1034,1034_w2213,2212,UNKNOWN,8,9882.438,9883.879,1.441,Thank you for watching here in the U.S.,whisper_canonical
1034,1034_w2214,2213,UNKNOWN,14,9883.919,9886.6,2.681,and all over the world and from all of us here at ABC News.,whisper_canonical
1034,1034_w2215,2214,UNKNOWN,2,9887.14,9887.42,0.28,Good night.,whisper_canonical
1034,1034_w2216,2215,UNKNOWN,7,9897.033,9899.978,2.945,And that concludes the ABC presidential debate.,whisper_canonical
1034,1034_w2217,2216,UNKNOWN,19,9900.019,9909.996,9.977,C-SPAN's coverage of it continues here tonight with viewer reaction and reaction on the ground from the candidate's supporters.,whisper_canonical
1034,1034_w2218,2217,UNKNOWN,10,9910.036,9914.804,4.768,You can see reporters swarming there in the spin room.,whisper_canonical
1034,1034_w2219,2218,UNKNOWN,15,9915.245,9919.813,4.568,Let's go down into the spin room at the Philadelphia Convention Center and listen in.,whisper_canonical
1034,1034_w2220,2219,UNKNOWN,21,9920.534,9925.042,4.508,"She's moving in the right direction, showing up in the right parts of our state in order to make the case.",whisper_canonical
1036,1036_w0001,0,UNKNOWN,23,0.091,8.841,8.75,"media. In an hour, President Biden and former President Trump will face off in a debate for the first time since the election.",whisper_canonical
1036,1036_w0002,1,UNKNOWN,12,9.402,15.168,5.766,"Tonight's debate, hosted by CNN and simulcasted here on the C-SPAN Networks.",whisper_canonical
1036,1036_w0003,2,UNKNOWN,23,15.909,23.495,7.586,"Before the debate begins tonight, we want to start the conversation as we always do on C-SPAN with all of you, the voters.",whisper_canonical
1036,1036_w0004,3,UNKNOWN,19,24.155,30.099,5.944,"If you're supporting President Biden, and you already know you'll be voting for him, dial in tonight at 202-748-8920.",whisper_canonical
1036,1036_w0005,4,UNKNOWN,10,30.179,32.281,2.102,"If you support the former president, dial in at 202-748-8921.",whisper_canonical
1036,1036_w0006,5,UNKNOWN,16,40.587,45.989,5.402,"If you are undecided about who you will vote for this November, call in at 202-748-8922.",whisper_canonical
1036,1036_w0007,6,UNKNOWN,15,46.869,56.292,9.423,"And if you've decided to vote for a third party candidate, call us at 202-748-8923.",whisper_canonical
1036,1036_w0008,7,UNKNOWN,18,56.992,64.735,7.743,"Our question for you before the debate, what do you want to hear in this first presidential Debate.",whisper_canonical
1036,1036_w0009,8,UNKNOWN,4,65.135,65.936,0.801,That is our question.,whisper_canonical
1036,1036_w0010,9,UNKNOWN,18,65.977,71.505,5.528,You can join us on X as well with the handle at C-SPAN or on facebook.com slash C-SPAN.,whisper_canonical
1036,1036_w0011,10,UNKNOWN,13,71.966,75.17,3.204,And you can also send a text and answer that question at 202-748-8903.,whisper_canonical
1036,1036_w0012,11,UNKNOWN,9,79.822,83.205,3.383,We will also hear from you after tonight's debate.,whisper_canonical
1036,1036_w0013,12,UNKNOWN,25,83.405,92.033,8.628,"We'll take your phone calls and your texts, and if you follow us on X at C-SPAN, you can participate in our poll this evening.",whisper_canonical
1036,1036_w0014,13,UNKNOWN,21,92.473,99.66,7.187,"We want to know in that poll who you think won tonight's debate, and we'll show you those results later on.",whisper_canonical
1036,1036_w0015,14,UNKNOWN,11,100.899,104.601,3.702,Joining us from inside the spin room tonight is Naomi Lim.,whisper_canonical
1036,1036_w0016,15,UNKNOWN,9,104.761,107.742,2.981,She's the White House reporter with the Washington Examiner.,whisper_canonical
1036,1036_w0017,16,UNKNOWN,29,108.263,121.709,13.446,"Naomi Lim, according to the Hollywood Reporter, CNN told that outlet, there are over journalists from around the world on site in Atlanta to cover this first presidential debate.",whisper_canonical
1036,1036_w0018,17,UNKNOWN,18,122.17,128.433,6.263,"Describe the scene where you're at in the spin room, in the Atlanta studio, and around the city.",whisper_canonical
1036,1036_w0019,18,UNKNOWN,7,130.528,133.03,2.502,There's an amazing sense of anticipation here.,whisper_canonical
1036,1036_w0020,19,UNKNOWN,25,133.11,140.197,7.087,I think reporters are sort of feeling the weight of this moment because this is sort of an unprecedented event in terms of the debate.,whisper_canonical
1036,1036_w0021,20,UNKNOWN,24,140.657,147.984,7.327,"It's against these two candidates that, although the public knows very well, hasn't seen them as you were sort of describing side by side.",whisper_canonical
1036,1036_w0022,21,UNKNOWN,15,148.324,153.346,5.022,since and I think that we're sort of waiting to figure out what will happen.,whisper_canonical
1036,1036_w0023,22,UNKNOWN,8,153.366,154.807,1.441,We've been talking about it for so long.,whisper_canonical
1036,1036_w0024,23,UNKNOWN,9,155.227,157.188,1.961,It's a little bit different though in previous years.,whisper_canonical
1036,1036_w0025,24,UNKNOWN,47,157.248,168.754,11.506,"In previous years, we can go to these debates and we can sort of pull aside voters as they wait to go in and sort of get their gut check about how they're feeling about the elections, about the different campaigns, the different candidates, the different issues.",whisper_canonical
1036,1036_w0026,25,UNKNOWN,65,169.254,191.271,22.017,but this this debate is different in the past it's again like as you mentioned hosted by CNN the first time that that's happened in almost years and and there's no sort of in-person audience it'll just be the two moderators Jake Tapper and Dana Bash and and not even any campaign staff are allowed to sort of intercede even with their two commercial breaks.,whisper_canonical
1036,1036_w0027,26,UNKNOWN,10,191.711,196.276,4.565,So there's a sense of sort of heightened anticipation expectations.,whisper_canonical
1036,1036_w0028,27,UNKNOWN,46,196.796,210.048,13.252,There are sort of protests whittled around but there's also the sort of security zone is so large here that you know it's it's not it's not something that the candidates will particularly interact with unless they're on their way on their motorcade into the venue.,whisper_canonical
1036,1036_w0029,28,UNKNOWN,12,210.929,215.475,4.546,What is security like around the Atlanta studio at CNN studio there?,whisper_canonical
1036,1036_w0030,29,UNKNOWN,11,217.461,221.383,3.922,"It's been really locked down, sort of getting ubers in places.",whisper_canonical
1036,1036_w0031,30,UNKNOWN,5,221.403,222.323,0.92,There's a little bit of,whisper_canonical
1036,1036_w0032,31,UNKNOWN,14,224.964,229.366,4.402,"annoyance, irritation about that because at the same time there's also other sporting events.",whisper_canonical
1036,1036_w0033,32,UNKNOWN,27,229.406,236.209,6.803,"And so speaking to sort of voters and the leader to tonight, I sort of said, you know, what were their sort of feelings about the debate?",whisper_canonical
1036,1036_w0034,33,UNKNOWN,81,236.229,257.567,21.338,"Because usually having an event like this in a battleground state such as Georgia, it can be seen as a boon for the local economy that'll be different this time because again we don't have that audience but as you sort of mentioned there are hundreds of journalists from all around the world that have come in here to cover this event and hopefully shine a spotlight not only on this state but the issues that the public have at large.",whisper_canonical
1036,1036_w0035,34,UNKNOWN,5,258.308,259.589,1.281,You're in the spin room.,whisper_canonical
1036,1036_w0036,35,UNKNOWN,8,259.849,263.093,3.244,What is this room and what happens there?,whisper_canonical
1036,1036_w0037,36,UNKNOWN,13,265.143,270.206,5.063,So this is basically a basketball stadium at the Georgia Institute of Technology.,whisper_canonical
1036,1036_w0038,37,UNKNOWN,4,270.246,271.466,1.22,And it's been transformed.,whisper_canonical
1036,1036_w0039,38,UNKNOWN,10,271.987,275.248,3.261,You have sort of sets like yours along either side.,whisper_canonical
1036,1036_w0040,39,UNKNOWN,49,275.649,289.496,13.847,"And then sort of on the court where players would usually try to eke out points, you're sort of seeing the campaigns bring out some of their targets, at least to do pre-spin about what their expectations are for the debate, what they're hoping to get out of it.",whisper_canonical
1036,1036_w0041,40,UNKNOWN,8,290.757,292.658,1.901,And we're sort of seeing that play out.,whisper_canonical
1036,1036_w0042,41,UNKNOWN,30,293.738,303.041,9.303,"And then also sort of, you know, local journalists also doing hits and things like that to, you know, try and convey what's happening here to the audiences like yours.",whisper_canonical
1036,1036_w0043,42,UNKNOWN,15,304.521,310.803,6.282,What surrogates are we expecting to see in the spin room tonight after the debate?,whisper_canonical
1036,1036_w0044,43,UNKNOWN,25,310.943,318.785,7.842,"C-SPAN is going to be live to hear from many of the candidates, supporters, but who are some names that we can expect to see?",whisper_canonical
1036,1036_w0045,44,UNKNOWN,40,320.814,333.017,12.203,"So it's going to be interesting in terms of years gone past, because in previous years it's been a little bit more freewheeling, where there will be campaign surrogates or supporters standing in front of people with sort of signs.",whisper_canonical
1036,1036_w0046,45,UNKNOWN,16,333.337,337.618,4.281,And we learned this afternoon that the Biden campaign is sort of throwing out that playbook.,whisper_canonical
1036,1036_w0047,46,UNKNOWN,29,337.738,348.7,10.962,"Instead, they're going to bring out people like Governor Gavin Newsom from California, people like Senator Raphael Warnock from Georgia, and also the former Atlanta Mayor Keisha Lance Bottoms.",whisper_canonical
1036,1036_w0048,47,UNKNOWN,36,349.08,359.131,10.051,And they're sort of going to do a very formal or most press conference where each of those surrogates will sort of give a statement and take a few questions but then leave the spin room.,whisper_canonical
1036,1036_w0049,48,UNKNOWN,25,359.151,364.717,5.566,And that's something that we haven't seen in the past that is at the same time sort of very in line with the Biden campaign.,whisper_canonical
1036,1036_w0050,49,UNKNOWN,6,364.757,366.259,1.502,They tend to be very disciplined.,whisper_canonical
1036,1036_w0051,50,UNKNOWN,24,367.299,372.321,5.022,"And it's a way for them to sort of control what happens, depending if it's a good night or a bad night for Biden.",whisper_canonical
1036,1036_w0052,51,UNKNOWN,16,373.061,377.023,3.962,"On the Trump side, there being a little bit tight-lipped about it, we've seen sort of",whisper_canonical
1036,1036_w0053,52,UNKNOWN,3,378.243,379.364,1.121,representative Byron Donalds,whisper_canonical
1036,1036_w0054,53,UNKNOWN,6,380.564,382.205,1.641,from Florida sort of take questions.,whisper_canonical
1036,1036_w0055,54,UNKNOWN,13,382.225,387.707,5.482,"We've also seen Corey Lewandowski, who was the campaign manager, doing his rounds.",whisper_canonical
1036,1036_w0056,55,UNKNOWN,18,388.547,392.828,4.281,"So we're seeing those sort of faces, but it will be a different operation from years gone past.",whisper_canonical
1036,1036_w0057,56,UNKNOWN,14,393.488,396.569,3.081,"And again, maybe that will change if the Biden campaign have a good night.",whisper_canonical
1036,1036_w0058,57,UNKNOWN,12,397.069,399.909,2.84,But I think they're sort of very much sort of setting expectations.,whisper_canonical
1036,1036_w0059,58,UNKNOWN,27,399.929,406.651,6.722,"I thought it was interesting too in some of their pre-spin, they were sort of saying that, you know, they're not anticipating a polling bump per se.",whisper_canonical
1036,1036_w0060,59,UNKNOWN,33,406.691,415.473,8.782,"This is just their chance to make sure that the president can lay out this contrast between these two candidates that, you know, we haven't seen side by side in so many years.",whisper_canonical
1036,1036_w0061,60,UNKNOWN,19,416.153,422.705,6.552,Anything else that the two camps have told you about their strategy tonight and their preparations for the debate?,whisper_canonical
1036,1036_w0062,61,UNKNOWN,23,424.487,431.949,7.462,"So the preparations have been very different from the two candidates, just as their policies are different, their strategies in terms of preparation.",whisper_canonical
1036,1036_w0063,62,UNKNOWN,10,432.209,434.929,2.72,"You have Biden, who has taken a very traditional approach.",whisper_canonical
1036,1036_w0064,63,UNKNOWN,38,435.27,447.332,12.062,"He sort of ensconced himself and Cam David for the past week, sitting down with former White House Chief of Staff Ron Klain, sort of nutting out his policy positions before then sort of doing 90-minute mock debates.",whisper_canonical
1036,1036_w0065,64,UNKNOWN,83,447.872,474.359,26.487,"On the other hand, you have Trump, who And maybe this is an expectation setting game, but what they've been telling the public is that they've had advisors, people like Jason Miller, who's his comms director or comms advisor, as well as, you know, policy advisors like Stephen Miller, who was very integral to his immigration policy, as well as these candidates that are popping up for potential, the vice presidential nomination, just sort of advising him and doing these informal policy discussions.",whisper_canonical
1036,1036_w0066,65,UNKNOWN,6,474.899,476.26,1.361,And so that's how they're prepared.,whisper_canonical
1036,1036_w0067,66,UNKNOWN,9,476.6,478.821,2.221,"In terms of strategy, it's going to be interesting.",whisper_canonical
1036,1036_w0068,67,UNKNOWN,44,479.101,495.868,16.767,"We're hearing that Trump is going to be talking about crime, economy, and immigration, whereas the Biden camp will be talking about sort of abortion, you know, the importance of democracy, talking about the election interference, as well as the January 6th Capitol riot.",whisper_canonical
1036,1036_w0069,68,UNKNOWN,104,496.668,525.398,28.73,as well as sort of this idea that Trump is helping big business and and you know wealthy people not not the middle class so they're the true sort of talking points that we'll expect to hear Biden has been a little bit more forthcoming in terms of his strategy one thing that his campaign has said that is he he's gonna maybe sort of try to appear above the frame and and speak to the camera it's like I'm speaking to you trying to sort of skirt around Trump and skirt around the moderators to get his message directly out to the people.,whisper_canonical
1036,1036_w0070,69,UNKNOWN,7,525.438,526.659,1.221,So that's what we're sort of seeing,whisper_canonical
1036,1036_w0071,70,UNKNOWN,2,527.68,528.901,1.221,"pre-debate, post-debate.",whisper_canonical
1036,1036_w0072,71,UNKNOWN,28,528.961,539.27,10.309,"They have stops in Virginia on the Trump side and stops in North Carolina on the Biden side, and then sort of fundraising off of that as well.",whisper_canonical
1036,1036_w0073,72,UNKNOWN,10,540.171,543.814,3.643,Naomi Lam covers the White House for the Washington Examiner.,whisper_canonical
1036,1036_w0074,73,UNKNOWN,5,543.974,544.995,1.021,Thank you for your time.,whisper_canonical
1036,1036_w0075,74,UNKNOWN,34,549.429,560.341,10.912,"As we heard from Naomi, the topics that are likely to be addressed this evening by the two candidates and that's what we want to hear from you ahead of tonight's debate at p.m.",whisper_canonical
1036,1036_w0076,75,UNKNOWN,2,560.521,561.282,0.761,Eastern time.,whisper_canonical
1036,1036_w0077,76,UNKNOWN,8,561.702,564.125,2.423,What issues do you want them to address?,whisper_canonical
1036,1036_w0078,77,UNKNOWN,12,564.165,566.628,2.463,We're going to get to your thoughts here in just a minute.,whisper_canonical
1036,1036_w0079,78,UNKNOWN,48,567.168,582.877,15.709,"But first, as Naomi was talking about, she's in the spin room, which is where the surrogates go before, in this case, and after, to talk about how they expect their candidates to do and how they did, and talk about how they did in the actual debate.",whisper_canonical
1036,1036_w0080,79,UNKNOWN,8,582.957,585.198,2.241,Let's take a spin around the spin room.,whisper_canonical
1036,1036_w0081,80,UNKNOWN,4,594.907,595.607,0.7,Is there a break?,whisper_canonical
1036,1036_w0082,81,UNKNOWN,7,595.687,597.668,1.981,Is he right out of the break?,whisper_canonical
1036,1036_w0083,82,UNKNOWN,2,622.424,622.624,0.2,Thank you.,whisper_canonical
1036,1036_w0084,83,UNKNOWN,2,622.684,622.964,0.28,Thank you.,whisper_canonical
1036,1036_w0085,84,UNKNOWN,2,653.549,653.729,0.18,Thank you,whisper_canonical
1036,1036_w0086,85,UNKNOWN,17,660.812,667.514,6.702,"Again, C-SPAN's cameras live inside the spin room in Atlanta, just ahead of tonight's CNN presidential debate.",whisper_canonical
1036,1036_w0087,86,UNKNOWN,36,667.974,680.677,12.703,"We, along with many other networks, simulcasting the debate here on our C-SPAN networks, ahead of the two candidates squaring off in this first presidential debate we want to hear from all of you this evening.",whisper_canonical
1036,1036_w0088,87,UNKNOWN,15,680.737,686.138,5.401,"Tonight's debate is different from previous debates in many ways, as many of you've heard.",whisper_canonical
1036,1036_w0089,88,UNKNOWN,29,686.658,698.306,11.648,"The first time is sitting president, squares off against a former president, and the first time in years the commission on presidential debates hasn't hosted a general election matchup.",whisper_canonical
1036,1036_w0090,89,UNKNOWN,6,698.446,700.087,1.641,The rules are different as well.,whisper_canonical
1036,1036_w0091,90,UNKNOWN,6,700.427,701.568,1.141,This is what you can expect.,whisper_canonical
1036,1036_w0092,91,UNKNOWN,4,702.028,704.07,2.042,A minute debate tonight.,whisper_canonical
1036,1036_w0093,92,UNKNOWN,19,704.67,712.116,7.446,The microphones will be muted when one candidate is talking and addressing the question or responding to a question.,whisper_canonical
1036,1036_w0094,93,UNKNOWN,23,712.676,720.543,7.867,"No props or pre-written notes are allowed, but they will be provided a pen, a pad of paper, and a bottle of water.",whisper_canonical
1036,1036_w0095,94,UNKNOWN,13,721.123,724.807,3.684,There will be two commercial breaks about three and a half minutes long.,whisper_canonical
1036,1036_w0096,95,UNKNOWN,8,724.947,728.231,3.284,No campaign staff can interact during those breaks.,whisper_canonical
1036,1036_w0097,96,UNKNOWN,19,728.591,735.098,6.507,And CNN is also not allowing the other networks to provide analysis or have their anchors fill the breaks.,whisper_canonical
1036,1036_w0098,97,UNKNOWN,7,735.318,738.081,2.763,They can fill the breaks with ads.,whisper_canonical
1036,1036_w0099,98,UNKNOWN,6,738.662,740.444,1.782,No opening statements from the candidates.,whisper_canonical
1036,1036_w0100,99,UNKNOWN,6,740.564,742.826,2.262,They will have a uniform podium.,whisper_canonical
1036,1036_w0101,100,UNKNOWN,7,743.266,744.647,1.381,"In other words, they look the same.",whisper_canonical
1036,1036_w0102,101,UNKNOWN,10,745.227,748.79,3.563,And the positions have been determined by a coin flip.,whisper_canonical
1036,1036_w0103,102,UNKNOWN,16,748.83,752.774,3.944,"President Biden on the right, former President Trump will be on the left of your screen.",whisper_canonical
1036,1036_w0104,103,UNKNOWN,7,753.354,756.297,2.943,"And as you've heard, no studio audience.",whisper_canonical
1036,1036_w0105,104,UNKNOWN,10,757.38,761.747,4.367,A little more about tonight's debate from CNN's Phil Mattingly.,whisper_canonical
1036,1036_w0106,105,UNKNOWN,16,761.847,769.94,8.093,"Last night on the network, he did a walkthrough of the debate hall, the debate studio.",whisper_canonical
1036,1036_w0107,106,UNKNOWN,3,769.96,770.881,0.921,Take a look.,whisper_canonical
1036,1036_w0108,107,UNKNOWN,11,772.535,775.096,2.561,President Biden will enter from the right side of your screen.,whisper_canonical
1036,1036_w0109,108,UNKNOWN,11,775.536,777.977,2.441,President Trump will enter from the left side of your screen.,whisper_canonical
1036,1036_w0110,109,UNKNOWN,18,778.537,784.699,6.162,"The podiums are eight feet apart, directly across from them, the moderators, CNN's Jake Tapper and Dana Bash.",whisper_canonical
1036,1036_w0111,110,UNKNOWN,8,785.139,787.6,2.461,"Now, a reminder, this is a television studio.",whisper_canonical
1036,1036_w0112,111,UNKNOWN,3,787.62,788.4,0.78,There's no audience.,whisper_canonical
1036,1036_w0113,112,UNKNOWN,15,788.96,793.202,4.242,Candidates will have two minutes to answer questions and one minute for responses and rebuttals.,whisper_canonical
1036,1036_w0114,113,UNKNOWN,15,793.822,798.884,5.062,"At the moderator's discretion, there may be an additional minute for follow-ups, clarifications, or responses.",whisper_canonical
1036,1036_w0115,114,UNKNOWN,13,799.444,801.945,2.501,So how does a candidate know how much time is left to speak?,whisper_canonical
1036,1036_w0116,115,UNKNOWN,18,802.605,807.287,4.682,Attached to the cameras in the studio and in the candidate's field of view are the timing lights.,whisper_canonical
1036,1036_w0117,116,UNKNOWN,15,807.747,812.048,4.301,"When the lights show yellow, there are seconds left in a candidate's answer or response.",whisper_canonical
1036,1036_w0118,117,UNKNOWN,10,812.549,815.09,2.541,"When the lights flash red, there are five seconds left.",whisper_canonical
1036,1036_w0119,118,UNKNOWN,11,815.31,818.811,3.501,"And when the display is solid red, the time is up.",whisper_canonical
1036,1036_w0120,119,UNKNOWN,10,818.871,821.412,2.541,"At that point, the candidate's microphone will be turned off.",whisper_canonical
1036,1036_w0121,120,UNKNOWN,10,821.772,824.433,2.661,And the other candidate will have their microphone turned on.,whisper_canonical
1036,1036_w0122,121,UNKNOWN,8,824.993,826.754,1.761,"My colleague, Victor Blackwell, has more on that.",whisper_canonical
1036,1036_w0123,122,UNKNOWN,3,827.432,827.972,0.54,"Thank you, Phil.",whisper_canonical
1036,1036_w0124,123,UNKNOWN,12,828.452,831.873,3.421,"If we go behind the podiums, you can see two green lights.",whisper_canonical
1036,1036_w0125,124,UNKNOWN,12,832.434,835.795,3.361,"When they're on, they signal to the candidate his microphone is on.",whisper_canonical
1036,1036_w0126,125,UNKNOWN,15,836.075,839.736,3.661,"When the green lights are off, they signal to the candidate his microphone is off.",whisper_canonical
1036,1036_w0127,126,UNKNOWN,32,840.316,847.879,7.563,Now I want to give you a sense of what it will look like for viewers at home if a candidate whose microphone is off interrupts a candidate whose microphone is on.,whisper_canonical
1036,1036_w0128,127,UNKNOWN,18,847.899,851.52,3.621,So I'm standing at one podium and I'll ask Phil to come in and take the other podium.,whisper_canonical
1036,1036_w0129,128,UNKNOWN,8,851.92,853.982,2.062,And so let's say I'm answering a question.,whisper_canonical
1036,1036_w0130,129,UNKNOWN,7,854.142,855.983,1.841,My light is green and I'm speaking.,whisper_canonical
1036,1036_w0131,130,UNKNOWN,11,856.384,859.926,3.542,Phil's microphone is off and his green lights are not illuminated.,whisper_canonical
1036,1036_w0132,131,UNKNOWN,16,860.327,863.809,3.482,He's going to interrupt me as I'm speaking and this is what it will sound like.,whisper_canonical
1036,1036_w0133,132,UNKNOWN,12,864.23,868.553,4.323,My volume remains constant while Phil's interruption can be difficult to understand.,whisper_canonical
1036,1036_w0134,133,UNKNOWN,4,869.896,870.937,1.041,Let's try the opposite.,whisper_canonical
1036,1036_w0135,134,UNKNOWN,5,870.977,872.197,1.22,My microphone is now on.,whisper_canonical
1036,1036_w0136,135,UNKNOWN,10,872.357,875.959,3.602,"Victor's microphone is off, and he's going to interrupt me.",whisper_canonical
1036,1036_w0137,136,UNKNOWN,12,876.46,881.142,4.682,"My volume remains constant, while Victor's interruption can be difficult to understand.",whisper_canonical
1036,1036_w0138,137,UNKNOWN,30,881.162,890.508,9.346,"A CNN's production team has shared this demonstration with the campaigns earlier today, and we're sharing it with you, our viewers, so everyone fully understands how tomorrow night will work.",whisper_canonical
1036,1036_w0139,138,UNKNOWN,23,890.548,897.972,7.424,"Now, we should note, by agreeing to participate in this debate, both campaigns and candidates have also agreed to abide by these rules.",whisper_canonical
1036,1036_w0140,139,UNKNOWN,10,899.975,904.458,4.483,"From CNN, a preview of how tonight's debate will work.",whisper_canonical
1036,1036_w0141,140,UNKNOWN,27,904.618,914.545,9.927,"We are simulcasting CNN's presidential debate here on the C-SPAN Networks, and ahead of the two candidates squaring off, we want to hear from all of you.",whisper_canonical
1036,1036_w0142,141,UNKNOWN,10,914.906,917.808,2.902,What do you want to hear from these two candidates?,whisper_canonical
1036,1036_w0143,142,UNKNOWN,7,918.208,919.569,1.361,There are the lines on your screen.,whisper_canonical
1036,1036_w0144,143,UNKNOWN,5,919.929,921.47,1.541,We'll have from D'Andre first.,whisper_canonical
1036,1036_w0145,144,UNKNOWN,6,921.73,924.392,2.662,"In Baltimore, you are undecided, D'Andre.",whisper_canonical
1036,1036_w0146,145,UNKNOWN,3,924.412,924.913,0.501,Tell us why.,whisper_canonical
1036,1036_w0147,146,UNKNOWN,2,924.933,927.314,2.381,Good evening.,whisper_canonical
1036,1036_w0148,147,UNKNOWN,5,927.334,928.175,0.841,Thanks for taking my call.,whisper_canonical
1036,1036_w0149,148,UNKNOWN,9,928.796,931.678,2.882,The reason I'm undecided is because both candidates are,whisper_canonical
1036,1036_w0150,149,UNKNOWN,25,932.979,943.306,10.327,"two pro-Israel, and I feel like you need to focus on America, and Americans secure our southern border, and let Israel fight their own wars.",whisper_canonical
1036,1036_w0151,150,UNKNOWN,15,943.626,947.789,4.163,"All right, so foreign policy, you want to hear them talk about that issue tonight?",whisper_canonical
1036,1036_w0152,151,UNKNOWN,2,947.809,948.409,0.6,"Correct, correct.",whisper_canonical
1036,1036_w0153,152,UNKNOWN,9,948.429,952.012,3.583,Let's actually bring to the table and we're talking,whisper_canonical
1036,1036_w0154,153,UNKNOWN,3,953.073,954.233,1.16,"about making APACs,",whisper_canonical
1036,1036_w0155,154,UNKNOWN,5,955.745,957.046,1.301,registered as a foreign entity.,whisper_canonical
1036,1036_w0156,155,UNKNOWN,13,957.326,959.787,2.461,I feel like that's very important for our nation to work for it.,whisper_canonical
1036,1036_w0157,156,UNKNOWN,4,959.967,961.848,1.881,DeAndre and Baltimore undecided.,whisper_canonical
1036,1036_w0158,157,UNKNOWN,8,962.288,967.431,5.143,Adrian and Kerry North Carolina supporting President Biden.,whisper_canonical
1036,1036_w0159,158,UNKNOWN,13,967.831,970.893,3.062,And what do you want to hear from him and the former president?,whisper_canonical
1036,1036_w0160,159,UNKNOWN,8,970.993,972.573,1.58,What issue do you want them to debate?,whisper_canonical
1036,1036_w0161,160,UNKNOWN,19,974.274,979.557,5.283,I would love them for them to talk about how they're going to support educators in the United States.,whisper_canonical
1036,1036_w0162,161,UNKNOWN,19,980.217,987.891,7.674,"As a science educator myself, I want them to talk about what this means for education of our children.",whisper_canonical
1036,1036_w0163,162,UNKNOWN,22,988.251,993.593,5.342,"Also, as a woman, a mother, and a grandmother, I want to know how they're going to take care of our children.",whisper_canonical
1036,1036_w0164,163,UNKNOWN,15,994.013,999.055,5.042,"And finally, as a human, taking care of the middle class, this has not happened.",whisper_canonical
1036,1036_w0165,164,UNKNOWN,7,999.075,1002.757,3.682,A strong middle class represents a strong,whisper_canonical
1036,1036_w0166,165,UNKNOWN,13,1005.169,1009.051,3.882,And so far it looks like we've been losing that since the 80s.,whisper_canonical
1036,1036_w0167,166,UNKNOWN,7,1009.511,1012.573,3.062,We feel like it's taxation without representation.,whisper_canonical
1036,1036_w0168,167,UNKNOWN,20,1013.834,1020.458,6.624,"And that holds true for anyone who's not the top Adrian, how do you take care of the middle class?",whisper_canonical
1036,1036_w0169,168,UNKNOWN,5,1022.099,1022.84,0.741,Take care of them by.,whisper_canonical
1036,1036_w0170,169,UNKNOWN,48,1023.85,1038.86,15.01,"by not taxing them to death and not, I mean, what's happening right now is it seems like these billionaires and millionaires are getting away with kinds of tax loops, whatever they want to do and it's legal to them, so they just go ahead and do it.",whisper_canonical
1036,1036_w0171,170,UNKNOWN,32,1039.34,1051.168,11.828,They're stealing from the lower classes and it's just all to benefit the rich and we see that happening with the index of the rich getting richer and the poor getting poorer.,whisper_canonical
1036,1036_w0172,171,UNKNOWN,3,1052.0,1052.781,0.781,"All right, Adrienne.",whisper_canonical
1036,1036_w0173,172,UNKNOWN,8,1052.841,1055.964,3.123,"Kayla in Waterloo, Iowa, supporting the former president.",whisper_canonical
1036,1036_w0174,173,UNKNOWN,5,1056.364,1057.645,1.281,"Kayla, we're listening to you.",whisper_canonical
1036,1036_w0175,174,UNKNOWN,4,1057.665,1061.409,3.744,"Hey, I'd like to",whisper_canonical
1036,1036_w0176,175,UNKNOWN,10,1062.83,1068.155,5.325,limit the people coming into our country and checking to,whisper_canonical
1036,1036_w0177,176,UNKNOWN,21,1069.196,1077.944,8.748,"see if they're terrorists, if they've been let out of prisons in their own countries and then let them in legally.",whisper_canonical
1036,1036_w0178,177,UNKNOWN,15,1078.872,1084.995,6.123,"Also, I would like to see a reform made on our health insurance for all.",whisper_canonical
1036,1036_w0179,178,UNKNOWN,18,1085.015,1098.262,13.247,"Obamacare, we are just now reaping the repercussions from that, and that has just devastated the senior populations.",whisper_canonical
1036,1036_w0180,179,UNKNOWN,4,1099.783,1101.284,1.501,And also the economy.,whisper_canonical
1036,1036_w0181,180,UNKNOWN,5,1101.544,1102.785,1.241,Let's get that back up.,whisper_canonical
1036,1036_w0182,181,UNKNOWN,7,1104.038,1107.52,3.482,"And how do you do that, Kayla?",whisper_canonical
1036,1036_w0183,182,UNKNOWN,6,1107.64,1110.121,2.481,What do you need to see,whisper_canonical
1036,1036_w0184,183,UNKNOWN,9,1111.722,1114.643,2.921,for you to feel that the economy is better?,whisper_canonical
1036,1036_w0185,184,UNKNOWN,36,1114.663,1132.392,17.729,"I need to see our prices come down, our middle class going back to work and jobs that they can make a living at, make their rent, make their insurance payments, whatever they need to have.",whisper_canonical
1036,1036_w0186,185,UNKNOWN,11,1132.89,1135.512,2.622,"they will be able to make, they're not making it now.",whisper_canonical
1036,1036_w0187,186,UNKNOWN,3,1135.833,1137.014,1.181,What's not affordable?,whisper_canonical
1036,1036_w0188,187,UNKNOWN,11,1137.695,1140.337,2.642,Tell me some items that are not affordable in your opinion.,whisper_canonical
1036,1036_w0189,188,UNKNOWN,3,1142.139,1144.801,2.662,"Food, gas, clothing,",whisper_canonical
1036,1036_w0190,189,UNKNOWN,15,1146.022,1150.907,4.885,everything that I can think of off the top of my head is too expensive.,whisper_canonical
1036,1036_w0191,190,UNKNOWN,15,1151.507,1157.313,5.806,All the prices have gone up and it might be price gouging in some instances.,whisper_canonical
1036,1036_w0192,191,UNKNOWN,8,1158.031,1160.111,2.08,And maybe we need to look into that.,whisper_canonical
1036,1036_w0193,192,UNKNOWN,18,1160.432,1165.673,5.241,"And, Kayla, why do you think the former president would do better on the economy than President Biden?",whisper_canonical
1036,1036_w0194,193,UNKNOWN,10,1168.053,1171.614,3.561,"Oh, well, first of all, he has a business attitude.",whisper_canonical
1036,1036_w0195,194,UNKNOWN,7,1172.534,1174.634,2.1,He's been in business for many years.,whisper_canonical
1036,1036_w0196,195,UNKNOWN,5,1175.095,1176.455,1.36,He knows how that worked.,whisper_canonical
1036,1036_w0197,196,UNKNOWN,9,1177.115,1181.636,4.521,And he also knows how to talk to people.,whisper_canonical
1036,1036_w0198,197,UNKNOWN,20,1182.417,1186.161,3.744,"All right, Kayla, I'm going to leave it there because I want to go back and decide the spin room.",whisper_canonical
1036,1036_w0199,198,UNKNOWN,28,1186.561,1196.71,10.149,"Vivek Ramaswamy, who was a former presidential contender himself this time around, and possible contender for a running mate for the former president is talking to the media.",whisper_canonical
1036,1036_w0200,199,UNKNOWN,16,1197.631,1203.997,6.366,"In an environment of regulatory ambiguity, and I think regulatory ambiguity is ultimately a precondition for",whisper_canonical
1036,1036_w0201,200,UNKNOWN,23,1205.262,1210.105,4.843,"government overreach is that when the government doesn't pre-define what its rules is, it gets to define what they are after the fact.",whisper_canonical
1036,1036_w0202,201,UNKNOWN,12,1210.165,1212.627,2.462,"And so, whatever the rules are, we ought to define them clearly.",whisper_canonical
1036,1036_w0203,202,UNKNOWN,3,1212.667,1213.267,0.6,That's my position.,whisper_canonical
1036,1036_w0204,203,UNKNOWN,21,1213.287,1219.512,6.225,"Would you say that New England relies on a digital fiat instead, and that's why they're not doing something about it?",whisper_canonical
1036,1036_w0205,204,UNKNOWN,18,1219.792,1222.574,2.782,"Well, I think that it's not the sole reason, but I think it's a big part of why.",whisper_canonical
1036,1036_w0206,205,UNKNOWN,8,1222.834,1224.995,2.161,I think Janet Yellen and others have expressed,whisper_canonical
1036,1036_w0207,206,UNKNOWN,16,1226.156,1229.879,3.723,"support for central bank digital currency, which I am dead set opposed to, and I am",whisper_canonical
1036,1036_w0208,207,UNKNOWN,11,1231.52,1234.442,2.922,"grateful and happy that Donald Trump, a number of months ago,",whisper_canonical
1036,1036_w0209,208,UNKNOWN,28,1235.597,1242.999,7.402,"after some conversations that we had, as he said on stage, came out with firm opposition to a central bank digital currency in the United States of America.",whisper_canonical
1036,1036_w0210,209,UNKNOWN,23,1243.679,1249.221,5.542,"And I think that that's good, because I think it embodies who he is and why he entered government in the first place.",whisper_canonical
1036,1036_w0211,210,UNKNOWN,44,1249.881,1259.104,9.223,"That's part of what draining the swamp is all about, is providing clarity on what the rules are or aren't, staying within the confines of what the Constitution says, not seizing power that the federal government should not have had in the first place.",whisper_canonical
1036,1036_w0212,211,UNKNOWN,9,1259.144,1260.885,1.741,I think that's part of what a CBDC represents.,whisper_canonical
1036,1036_w0213,212,UNKNOWN,14,1261.465,1264.626,3.161,And so is that one reason why President Biden's operating the realm of ambiguity?,whisper_canonical
1036,1036_w0214,213,UNKNOWN,18,1264.666,1268.848,4.182,"Sure. It's not even President Biden really, it's a question who his handlers are who are controlling him.",whisper_canonical
1036,1036_w0215,214,UNKNOWN,15,1269.488,1271.849,2.361,But I do think that that's one of the reasons why they prefer that regime.,whisper_canonical
1036,1036_w0216,215,UNKNOWN,5,1272.17,1273.15,0.98,But it's one among many.,whisper_canonical
1036,1036_w0217,216,UNKNOWN,9,1273.17,1275.311,2.141,It's antithetical to what the modern Democratic Party is.,whisper_canonical
1036,1036_w0218,217,UNKNOWN,9,1275.331,1276.552,1.221,One of the attacks against Trump is very common.,whisper_canonical
1036,1036_w0219,218,UNKNOWN,4,1276.572,1276.892,0.32,Who are you with?,whisper_canonical
1036,1036_w0220,219,UNKNOWN,3,1276.912,1277.212,0.3,My home podcast.,whisper_canonical
1036,1036_w0221,220,UNKNOWN,2,1277.232,1277.512,0.28,Your podcast.,whisper_canonical
1036,1036_w0222,221,UNKNOWN,3,1277.532,1277.793,0.261,Good for you.,whisper_canonical
1036,1036_w0223,222,UNKNOWN,3,1277.813,1278.193,0.38,The last question.,whisper_canonical
1036,1036_w0224,223,UNKNOWN,3,1278.213,1278.553,0.34,The last question.,whisper_canonical
1036,1036_w0225,224,UNKNOWN,3,1278.573,1278.933,0.36,The last question.,whisper_canonical
1036,1036_w0226,225,UNKNOWN,3,1278.953,1279.453,0.5,The last question.,whisper_canonical
1036,1036_w0227,226,UNKNOWN,3,1279.473,1279.834,0.361,The last question.,whisper_canonical
1036,1036_w0228,227,UNKNOWN,3,1279.854,1280.274,0.42,The last question.,whisper_canonical
1036,1036_w0229,228,UNKNOWN,3,1280.294,1280.734,0.44,The last question.,whisper_canonical
1036,1036_w0230,229,UNKNOWN,3,1280.754,1281.094,0.34,The last question.,whisper_canonical
1036,1036_w0231,230,UNKNOWN,3,1281.114,1281.455,0.341,The last question.,whisper_canonical
1036,1036_w0232,231,UNKNOWN,3,1281.475,1281.875,0.4,The last question.,whisper_canonical
1036,1036_w0233,232,UNKNOWN,3,1281.895,1282.235,0.34,The last question.,whisper_canonical
1036,1036_w0234,233,UNKNOWN,3,1282.255,1282.595,0.34,The last question.,whisper_canonical
1036,1036_w0235,234,UNKNOWN,3,1282.615,1282.995,0.38,The last question.,whisper_canonical
1036,1036_w0236,235,UNKNOWN,3,1283.015,1283.416,0.401,The last question.,whisper_canonical
1036,1036_w0237,236,UNKNOWN,3,1283.436,1283.836,0.4,The last question.,whisper_canonical
1036,1036_w0238,237,UNKNOWN,3,1283.856,1284.256,0.4,The last question.,whisper_canonical
1036,1036_w0239,238,UNKNOWN,3,1284.276,1284.616,0.34,The last question.,whisper_canonical
1036,1036_w0240,239,UNKNOWN,3,1284.636,1284.996,0.36,The last question.,whisper_canonical
1036,1036_w0241,240,UNKNOWN,3,1285.016,1285.357,0.341,The last question.,whisper_canonical
1036,1036_w0242,241,UNKNOWN,3,1285.377,1285.817,0.44,The last question.,whisper_canonical
1036,1036_w0243,242,UNKNOWN,3,1285.837,1286.297,0.46,The last question.,whisper_canonical
1036,1036_w0244,243,UNKNOWN,3,1286.317,1286.697,0.38,The last question.,whisper_canonical
1036,1036_w0245,244,UNKNOWN,3,1286.717,1287.238,0.521,The last question.,whisper_canonical
1036,1036_w0246,245,UNKNOWN,3,1287.258,1287.658,0.4,The last question.,whisper_canonical
1036,1036_w0247,246,UNKNOWN,3,1287.678,1288.078,0.4,The last question.,whisper_canonical
1036,1036_w0248,247,UNKNOWN,3,1288.098,1288.478,0.38,The last question.,whisper_canonical
1036,1036_w0249,248,UNKNOWN,3,1288.498,1288.838,0.34,The last question.,whisper_canonical
1036,1036_w0250,249,UNKNOWN,3,1288.858,1289.259,0.401,The last question.,whisper_canonical
1036,1036_w0251,250,UNKNOWN,3,1289.279,1289.639,0.36,The last question.,whisper_canonical
1036,1036_w0252,251,UNKNOWN,18,1290.039,1294.1,4.061,"My response to that is, that's a lot of projection from the people who are making the accusations.",whisper_canonical
1036,1036_w0253,252,UNKNOWN,13,1294.52,1296.681,2.161,Does it bother you if they call for the termination of the Constitution?,whisper_canonical
1036,1036_w0254,253,UNKNOWN,10,1297.121,1298.501,1.38,He did not call for the termination of the Constitution.,whisper_canonical
1036,1036_w0255,254,UNKNOWN,10,1298.521,1299.622,1.101,He did not call for the termination of the Constitution.,whisper_canonical
1036,1036_w0256,255,UNKNOWN,10,1299.642,1300.782,1.14,He did not call for the termination of the Constitution.,whisper_canonical
1036,1036_w0257,256,UNKNOWN,10,1300.802,1302.022,1.22,He did not call for the termination of the Constitution.,whisper_canonical
1036,1036_w0258,257,UNKNOWN,10,1302.062,1303.423,1.361,He did not call for the termination of the Constitution.,whisper_canonical
1036,1036_w0259,258,UNKNOWN,10,1303.443,1304.863,1.42,He did not call for the termination of the Constitution.,whisper_canonical
1036,1036_w0260,259,UNKNOWN,10,1304.903,1306.024,1.121,He did not call for the termination of the Constitution.,whisper_canonical
1036,1036_w0261,260,UNKNOWN,10,1306.044,1307.264,1.22,He did not call for the termination of the Constitution.,whisper_canonical
1036,1036_w0262,261,UNKNOWN,10,1307.284,1308.384,1.1,He did not call for the termination of the Constitution.,whisper_canonical
1036,1036_w0263,262,UNKNOWN,10,1308.404,1309.865,1.461,He did not call for the termination of the Constitution.,whisper_canonical
1036,1036_w0264,263,UNKNOWN,10,1309.885,1311.165,1.28,He did not call for the termination of the Constitution.,whisper_canonical
1036,1036_w0265,264,UNKNOWN,10,1311.205,1312.385,1.18,He did not call for the termination of the Constitution.,whisper_canonical
1036,1036_w0266,265,UNKNOWN,10,1312.405,1313.606,1.201,He did not call for the termination of the Constitution.,whisper_canonical
1036,1036_w0267,266,UNKNOWN,10,1313.626,1315.066,1.44,He did not call for the termination of the Constitution.,whisper_canonical
1036,1036_w0268,267,UNKNOWN,10,1315.086,1317.027,1.941,He did not call for the termination of the Constitution.,whisper_canonical
1036,1036_w0269,268,UNKNOWN,13,1317.047,1320.588,3.541,He did not call for the termination in the spin room in Atlanta.,whisper_canonical
1036,1036_w0270,269,UNKNOWN,23,1320.688,1329.411,8.723,"Our cameras are inside their live this evening ahead of tonight's CNN presidential debate, which we will simulcast here on the C-SPAN networks.",whisper_canonical
1036,1036_w0271,270,UNKNOWN,18,1329.872,1335.394,5.522,We're getting your thoughts ahead of the debate on what topics you want addressed by these two candidates.,whisper_canonical
1036,1036_w0272,271,UNKNOWN,8,1335.474,1338.075,2.601,"Yvonne and Mountain Home, good evening to you.",whisper_canonical
1036,1036_w0273,272,UNKNOWN,4,1338.135,1339.695,1.56,You're supporting President Biden.,whisper_canonical
1036,1036_w0274,273,UNKNOWN,3,1339.735,1340.215,0.48,Is that right?,whisper_canonical
1036,1036_w0275,274,UNKNOWN,3,1341.316,1342.016,0.7,"Yes, I am.",whisper_canonical
1036,1036_w0276,275,UNKNOWN,7,1342.216,1344.117,1.901,Okay. What topics do you want addressed?,whisper_canonical
1036,1036_w0277,276,UNKNOWN,2,1346.078,1346.278,0.2,I want,whisper_canonical
1036,1036_w0278,277,UNKNOWN,4,1347.66,1349.761,2.101,decent feedback in America.,whisper_canonical
1036,1036_w0279,278,UNKNOWN,6,1350.261,1351.721,1.46,I'm tired of all the lies.,whisper_canonical
1036,1036_w0280,279,UNKNOWN,14,1352.561,1359.523,6.962,I'm tired of hearing people uplift Donald Trump as though he is a God.,whisper_canonical
1036,1036_w0281,280,UNKNOWN,3,1359.543,1360.763,1.22,He is not.,whisper_canonical
1036,1036_w0282,281,UNKNOWN,5,1361.183,1362.663,1.48,He is not a conservative.,whisper_canonical
1036,1036_w0283,282,UNKNOWN,8,1362.723,1367.585,4.862,"He is radical, and he has co-opted Christianity.",whisper_canonical
1036,1036_w0284,283,UNKNOWN,14,1368.165,1373.666,5.501,"I am a Christian, and I love my country, but I don't feel safe.",whisper_canonical
1036,1036_w0285,284,UNKNOWN,17,1374.374,1380.717,6.343,with other Christians right now who believe that Donald Trump is the second coming of Jesus Christ.,whisper_canonical
1036,1036_w0286,285,UNKNOWN,10,1381.517,1385.558,4.041,I also am an educator and I'm tired of people,whisper_canonical
1036,1036_w0287,286,UNKNOWN,3,1386.839,1389.4,2.561,dumbing down education.,whisper_canonical
1036,1036_w0288,287,UNKNOWN,24,1390.02,1400.404,10.384,I want President Biden to be able to work through some of the issues that we've seen happen in the last eight years and,whisper_canonical
1036,1036_w0289,288,UNKNOWN,7,1402.732,1406.654,3.922,"bring education back up, stop burning books,",whisper_canonical
1036,1036_w0290,289,UNKNOWN,9,1407.895,1413.758,5.863,"stop banning books, and educate people, really educate people.",whisper_canonical
1036,1036_w0291,290,UNKNOWN,39,1414.259,1430.028,15.769,"And I think that with the decency that Biden brings to the table, that we can come back together at some point and the scales will fall off the eyes of people who have been deceived by Donald Trump.",whisper_canonical
1036,1036_w0292,291,UNKNOWN,3,1430.709,1431.409,0.7,"All right, Yvonne.",whisper_canonical
1036,1036_w0293,292,UNKNOWN,5,1431.449,1433.49,2.041,"Colin, Staten Island, New York.",whisper_canonical
1036,1036_w0294,293,UNKNOWN,2,1433.91,1435.151,1.241,"Undecided, Colin.",whisper_canonical
1036,1036_w0295,294,UNKNOWN,4,1435.651,1436.811,1.16,Why are you undecided?,whisper_canonical
1036,1036_w0296,295,UNKNOWN,7,1440.953,1442.934,1.981,"Colin in Staten Island, you with us?",whisper_canonical
1036,1036_w0297,296,UNKNOWN,2,1444.094,1444.894,0.8,"Undecided, Colin.",whisper_canonical
1036,1036_w0298,297,UNKNOWN,4,1444.914,1446.035,1.121,"Hi, yes, I'm sorry.",whisper_canonical
1036,1036_w0299,298,UNKNOWN,6,1446.295,1447.976,1.681,I feel like I'm leaning towards,whisper_canonical
1036,1036_w0300,299,UNKNOWN,10,1448.976,1453.598,4.622,"Biden, but it's mostly because I'm cringing away from Trump.",whisper_canonical
1036,1036_w0301,300,UNKNOWN,5,1455.516,1456.717,1.201,He's got too much baggage.,whisper_canonical
1036,1036_w0302,301,UNKNOWN,5,1457.077,1458.077,1.0,It's way too much baggage.,whisper_canonical
1036,1036_w0303,302,UNKNOWN,8,1458.097,1459.778,1.681,And I think tonight when I'm looking for,whisper_canonical
1036,1036_w0304,303,UNKNOWN,12,1461.098,1464.099,3.001,"Biden to show that he does have some vigor, I feel like.",whisper_canonical
1036,1036_w0305,304,UNKNOWN,9,1464.699,1467.42,2.721,It's unfair the clips that are snipped for him.,whisper_canonical
1036,1036_w0306,305,UNKNOWN,9,1467.92,1471.421,3.501,"But seriously, he's going across over to the G7.",whisper_canonical
1036,1036_w0307,306,UNKNOWN,10,1471.462,1476.711,5.249,He's out there for for the June war memorial holiday.,whisper_canonical
1036,1036_w0308,307,UNKNOWN,15,1477.692,1481.974,4.282,He's showing something that I don't think the rest of the country really sees often.,whisper_canonical
1036,1036_w0309,308,UNKNOWN,4,1483.534,1484.415,0.881,You want to see,whisper_canonical
1036,1036_w0310,309,UNKNOWN,6,1485.555,1488.577,3.022,"vitality from the president, mental acuity.",whisper_canonical
1036,1036_w0311,310,UNKNOWN,10,1488.597,1490.898,2.301,"Is that what you're looking for, to seal the deal?",whisper_canonical
1036,1036_w0312,311,UNKNOWN,5,1491.838,1493.018,1.18,I think he has it.,whisper_canonical
1036,1036_w0313,312,UNKNOWN,12,1493.138,1496.64,3.502,I just don't think he's showing it or it's not being shown.,whisper_canonical
1036,1036_w0314,313,UNKNOWN,10,1496.8,1499.921,3.121,I think this is a big audience for him tonight.,whisper_canonical
1036,1036_w0315,314,UNKNOWN,12,1499.961,1504.212,4.251,"I think it's an opportunity Listen, I'd rather have another choice there.",whisper_canonical
1036,1036_w0316,315,UNKNOWN,7,1504.272,1506.154,1.882,I really would rather have another choice.,whisper_canonical
1036,1036_w0317,316,UNKNOWN,29,1506.214,1517.791,11.577,"But if it is so binary, where it's one or the other, I think that Trump just doesn't have so many things, including character, I mean, there's so much.",whisper_canonical
1036,1036_w0318,317,UNKNOWN,8,1517.891,1519.312,1.421,It would be a lot to get into.,whisper_canonical
1036,1036_w0319,318,UNKNOWN,2,1519.372,1520.013,0.641,All right.,whisper_canonical
1036,1036_w0320,319,UNKNOWN,10,1520.093,1522.855,2.762,"Well, there will be two candidates on the stage tonight.",whisper_canonical
1036,1036_w0321,320,UNKNOWN,12,1523.296,1527.899,4.603,The candidates must meet requirements outlined in Article Section of the U.S.,whisper_canonical
1036,1036_w0322,321,UNKNOWN,16,1527.959,1535.586,7.627,"Constitution, a natural-born citizen years of age and have lived in the United States for years.",whisper_canonical
1036,1036_w0323,322,UNKNOWN,4,1536.026,1539.229,3.203,CNN has additional qualifications.,whisper_canonical
1036,1036_w0324,323,UNKNOWN,35,1539.949,1556.458,16.509,"There must be a formal statement of candidacy filed with the FEC and, beyond enough ballots to have a pathway to electoral votes, they must also have reached at least in four separate national polls.",whisper_canonical
1036,1036_w0325,324,UNKNOWN,10,1556.918,1560.5,3.582,"That means, as many of you know, Robert Kennedy Jr.",whisper_canonical
1036,1036_w0326,325,UNKNOWN,8,1560.56,1563.142,2.582,will not be on the debate stage tonight.,whisper_canonical
1036,1036_w0327,326,UNKNOWN,29,1563.182,1575.81,12.628,"The Kennedy campaign hasn't given many details on how his solo debate will unfold, but he will be having what he's calling his own real debate streaming on X.",whisper_canonical
1036,1036_w0328,327,UNKNOWN,5,1575.87,1578.092,2.222,This is from CBS's reporting.,whisper_canonical
1036,1036_w0329,328,UNKNOWN,6,1578.872,1580.574,1.702,It will have a live audience.,whisper_canonical
1036,1036_w0330,329,UNKNOWN,8,1580.614,1583.076,2.462,The candidate event will take place at p.m.,whisper_canonical
1036,1036_w0331,330,UNKNOWN,10,1583.156,1586.88,3.724,"Eastern time, the same time as this CNN presidential debate.",whisper_canonical
1036,1036_w0332,331,UNKNOWN,14,1587.16,1592.345,5.185,He plans to respond to the questions given to the candidates in his debate.,whisper_canonical
1036,1036_w0333,332,UNKNOWN,13,1592.585,1598.211,5.626,We'll show you a little bit of that after tonight's CNN presidential debate.,whisper_canonical
1036,1036_w0334,333,UNKNOWN,11,1600.096,1605.381,5.285,Several of you have also talked about the economy this evening.,whisper_canonical
1036,1036_w0335,334,UNKNOWN,13,1605.521,1610.005,4.484,It's one of the issues that you want addressed by these two candidates.,whisper_canonical
1036,1036_w0336,335,UNKNOWN,8,1610.385,1613.768,3.383,It was an issue back in as well.,whisper_canonical
1036,1036_w0337,336,UNKNOWN,28,1614.429,1625.519,11.09,We want to show you what the two candidates had to say back then in when they squared off in the first presidential debate of that election year.,whisper_canonical
1036,1036_w0338,337,UNKNOWN,15,1626.79,1631.913,5.123,"My economic plan would create million more jobs in his and four years, number one.",whisper_canonical
1036,1036_w0339,338,UNKNOWN,19,1632.473,1640.177,7.704,"And number two, it would create an additional trillion in economic growth because it would be about buying American.",whisper_canonical
1036,1036_w0340,339,UNKNOWN,13,1640.277,1642.659,2.382,"By the way, I'm going to eliminate a significant number of the tax.",whisper_canonical
1036,1036_w0341,340,UNKNOWN,8,1642.719,1646.181,3.462,I'm going to make the corporate tax percent.,whisper_canonical
1036,1036_w0342,341,UNKNOWN,4,1646.221,1647.441,1.22,It shouldn't be percent.,whisper_canonical
1036,1036_w0343,342,UNKNOWN,2,1647.741,1648.202,0.461,You have,whisper_canonical
1036,1036_w0344,343,UNKNOWN,19,1650.303,1656.226,5.923,"companies, federal, I mean, in the Fortune who don't pay a single penny in tax making billions of dollars.",whisper_canonical
1036,1036_w0345,344,UNKNOWN,13,1656.386,1659.327,2.941,Why didn't you do it before when you were Vice President with Obama?,whisper_canonical
1036,1036_w0346,345,UNKNOWN,6,1659.347,1661.608,2.261,"Because you, in fact, passed that.",whisper_canonical
1036,1036_w0347,346,UNKNOWN,5,1662.068,1663.389,1.321,That was your tax proposal.,whisper_canonical
1036,1036_w0348,347,UNKNOWN,9,1663.409,1664.529,1.12,"I got it done, and you know what happened?",whisper_canonical
1036,1036_w0349,348,UNKNOWN,5,1664.549,1665.169,0.62,"Yeah, you got it done.",whisper_canonical
1036,1036_w0350,349,UNKNOWN,8,1665.189,1668.191,3.002,Our economy boomed like it's never boomed before.,whisper_canonical
1036,1036_w0351,350,UNKNOWN,4,1668.251,1669.471,1.22,The economy is busted.,whisper_canonical
1036,1036_w0352,351,UNKNOWN,3,1669.491,1670.151,0.66,Let me finish.,whisper_canonical
1036,1036_w0353,352,UNKNOWN,8,1670.171,1671.452,1.281,"Mr. President, let me pick up on that.",whisper_canonical
1036,1036_w0354,353,UNKNOWN,12,1671.512,1677.834,6.322,"You would continue your free market approach, lower taxes, more deregulation, correct?",whisper_canonical
1036,1036_w0355,354,UNKNOWN,5,1677.874,1679.295,1.421,"Not lower taxes, American people.",whisper_canonical
1036,1036_w0356,355,UNKNOWN,40,1679.975,1694.201,14.226,"But in Obama's, you talk about the economy booming, it turns out that in Obama's final three years as president, more jobs were created, a million and a half more jobs than in the first three years of your presidency.",whisper_canonical
1036,1036_w0357,356,UNKNOWN,5,1694.281,1696.182,1.901,They had the slowest recovery.,whisper_canonical
1036,1036_w0358,357,UNKNOWN,4,1696.842,1699.583,2.741,"since economic recovery, since",whisper_canonical
1036,1036_w0359,358,UNKNOWN,9,1700.663,1702.764,2.101,"When the stock market goes up, that means jobs.",whisper_canonical
1036,1036_w0360,359,UNKNOWN,4,1702.924,1704.584,1.66,It also means 401ks.,whisper_canonical
1036,1036_w0361,360,UNKNOWN,48,1705.144,1718.708,13.564,"If you got in, if you ever became president with your ideas, you want to terminate my taxes, I'll tell you what, you'll lose half of the companies that have poured in here will leave, and plenty of companies that are already here, they'll leave from other places.",whisper_canonical
1036,1036_w0362,361,UNKNOWN,16,1719.128,1723.389,4.261,"They will leave, and you will have a depression, the likes of which you've never seen.",whisper_canonical
1036,1036_w0363,362,UNKNOWN,4,1723.489,1725.19,1.701,"Look, we inherited it.",whisper_canonical
1036,1036_w0364,363,UNKNOWN,10,1726.012,1729.274,3.262,"The worst recession, short of a depression in American history.",whisper_canonical
1036,1036_w0365,364,UNKNOWN,7,1729.695,1731.116,1.421,I was asked to bring it back.,whisper_canonical
1036,1036_w0366,365,UNKNOWN,15,1731.536,1735.279,3.743,We were able to have an economic recovery that created the jobs you're talking about.,whisper_canonical
1036,1036_w0367,366,UNKNOWN,6,1735.599,1737.5,1.901,We handed him a booming economy.,whisper_canonical
1036,1036_w0368,367,UNKNOWN,3,1737.801,1738.521,0.72,He blew it.,whisper_canonical
1036,1036_w0369,368,UNKNOWN,3,1738.641,1739.582,0.941,It wasn't booming.,whisper_canonical
1036,1036_w0370,369,UNKNOWN,3,1739.922,1741.243,1.321,It wasn't booming.,whisper_canonical
1036,1036_w0371,370,UNKNOWN,22,1741.323,1746.087,4.764,It was the weakest recovery since Is it fair to say he blew it when there was record low unemployment before COVID?,whisper_canonical
1036,1036_w0372,371,UNKNOWN,14,1751.871,1756.135,4.264,"Yeah, but because what he did, even before COVID, manufacturing went in the hole.",whisper_canonical
1036,1036_w0373,372,UNKNOWN,7,1756.616,1758.938,2.322,"Manufacturing went in the hole, number one.",whisper_canonical
1036,1036_w0374,373,UNKNOWN,4,1758.958,1759.659,0.701,"Excuse me, Chris, wait.",whisper_canonical
1036,1036_w0375,374,UNKNOWN,2,1759.679,1760.179,0.5,Number two.,whisper_canonical
1036,1036_w0376,375,UNKNOWN,3,1760.399,1761.2,0.801,"Chris, number three.",whisper_canonical
1036,1036_w0377,376,UNKNOWN,9,1761.22,1763.362,2.142,"They said it would take, no, you're number two.",whisper_canonical
1036,1036_w0378,377,UNKNOWN,14,1763.422,1769.348,5.926,"No. Chris, Chris, they said it would take a miracle to bring back manufacturing.",whisper_canonical
1036,1036_w0379,378,UNKNOWN,3,1769.709,1770.269,0.56,I brought back,whisper_canonical
1036,1036_w0380,379,UNKNOWN,5,1771.31,1772.892,1.582,jobs. They brought back nothing.,whisper_canonical
1036,1036_w0381,380,UNKNOWN,10,1772.952,1775.955,3.003,"They gave up on manufacturing, part of my standard fare.",whisper_canonical
1036,1036_w0382,381,UNKNOWN,9,1776.355,1778.817,2.462,I'm the guy that brought back the automobile factory.,whisper_canonical
1036,1036_w0383,382,UNKNOWN,26,1779.338,1785.162,5.824,"We brought back, I was asked to bring back Chrysler and General Motors who brought him back right here in the state of Ohio in Michigan.",whisper_canonical
1036,1036_w0384,383,UNKNOWN,3,1785.523,1786.083,0.56,He blew it.,whisper_canonical
1036,1036_w0385,384,UNKNOWN,2,1786.143,1786.724,0.581,They're gone.,whisper_canonical
1036,1036_w0386,385,UNKNOWN,3,1786.924,1787.524,0.6,He blew it.,whisper_canonical
1036,1036_w0387,386,UNKNOWN,7,1787.965,1789.446,1.481,"And in fact, they're going out here.",whisper_canonical
1036,1036_w0388,387,UNKNOWN,10,1789.486,1791.788,2.302,Ohio had the best year it's ever had last year.,whisper_canonical
1036,1036_w0389,388,UNKNOWN,23,1795.885,1804.468,8.583,"from the first presidential debate of the election cycle, then Vice President Joe Biden squaring off against then the sitting president, President Trump.",whisper_canonical
1036,1036_w0390,389,UNKNOWN,5,1804.908,1806.809,1.901,You can watch previous debates.,whisper_canonical
1036,1036_w0391,390,UNKNOWN,14,1807.109,1813.051,5.942,"If you go to our website, cspan.org, we also have previous vice presidential debates.",whisper_canonical
1036,1036_w0392,391,UNKNOWN,9,1813.391,1816.413,3.022,We are minutes away from the CNN presidential debate.,whisper_canonical
1036,1036_w0393,392,UNKNOWN,20,1816.473,1825.919,9.446,The first one of this election cycle being held before these two candidates have been officially nominated by their parties.,whisper_canonical
1036,1036_w0394,393,UNKNOWN,6,1826.039,1828.841,2.802,They are the presumptive nominees tonight.,whisper_canonical
1036,1036_w0395,394,UNKNOWN,14,1829.241,1834.985,5.744,CNN reporting that they are going through final prep right now before the p.m.,whisper_canonical
1036,1036_w0396,395,UNKNOWN,2,1835.185,1836.265,1.08,Eastern start.,whisper_canonical
1036,1036_w0397,396,UNKNOWN,13,1836.285,1840.088,3.803,We're asking all of you what you want to hear from them tonight.,whisper_canonical
1036,1036_w0398,397,UNKNOWN,7,1840.508,1843.25,2.742,"Ivy in Washington, supporting the former president.",whisper_canonical
1036,1036_w0399,398,UNKNOWN,3,1843.37,1843.991,0.621,It's your turn.,whisper_canonical
1036,1036_w0400,399,UNKNOWN,3,1845.632,1846.993,1.361,"Hi, thank you.",whisper_canonical
1036,1036_w0401,400,UNKNOWN,4,1847.013,1847.773,0.76,Can you hear me?,whisper_canonical
1036,1036_w0402,401,UNKNOWN,2,1848.374,1848.794,0.42,We can.,whisper_canonical
1036,1036_w0403,402,UNKNOWN,28,1850.155,1862.583,12.428,"OK, well, I think that having on service and immigration and the rest of the settlement and migration for years, I think that my primary issue is immigration.",whisper_canonical
1036,1036_w0404,403,UNKNOWN,10,1862.683,1866.366,3.683,I think there should be an elimination of birthright citizenship.,whisper_canonical
1036,1036_w0405,404,UNKNOWN,6,1866.926,1868.908,1.982,I think that non-citizens should not,whisper_canonical
1036,1036_w0406,405,UNKNOWN,14,1869.915,1877.158,7.243,are rewarded with entitlements that are bestowed and should be limited to current citizens.,whisper_canonical
1036,1036_w0407,406,UNKNOWN,7,1878.118,1883.04,4.922,"I also believe that in those cases,",whisper_canonical
1036,1036_w0408,407,UNKNOWN,6,1885.481,1887.422,1.941,we need to address the U.S.,whisper_canonical
1036,1036_w0409,408,UNKNOWN,4,1887.442,1889.983,2.541,"agriculture, specifically black farmers,",whisper_canonical
1036,1036_w0410,409,UNKNOWN,5,1891.044,1892.864,1.82,who have been awarded money,whisper_canonical
1036,1036_w0411,410,UNKNOWN,26,1905.806,1911.408,5.602,"All right, Ivy, a little bit difficult to understand you because of an echo there, but I think we heard the gist of it on immigration.",whisper_canonical
1036,1036_w0412,411,UNKNOWN,6,1911.548,1914.449,2.901,"Kevin in Fort Wayne, Indiana, undecided.",whisper_canonical
1036,1036_w0413,412,UNKNOWN,9,1915.55,1920.132,4.582,What? So what are you waiting for to decide?,whisper_canonical
1036,1036_w0414,413,UNKNOWN,16,1923.303,1930.445,7.142,"I'm waiting to see if I can stop being, as I describe it, a political atheist.",whisper_canonical
1036,1036_w0415,414,UNKNOWN,4,1933.365,1934.065,0.7,What does that mean?,whisper_canonical
1036,1036_w0416,415,UNKNOWN,7,1935.446,1937.006,1.56,"Well, I'll explain it in these terms.",whisper_canonical
1036,1036_w0417,416,UNKNOWN,2,1937.366,1938.546,1.18,OK. Mr.,whisper_canonical
1036,1036_w0418,417,UNKNOWN,8,1938.606,1942.747,4.141,Trump has shown a total lack of respect,whisper_canonical
1036,1036_w0419,418,UNKNOWN,5,1943.887,1945.628,1.741,for our institutions of government,whisper_canonical
1036,1036_w0420,419,UNKNOWN,7,1947.028,1950.349,3.321,that extends across the spectrum from the,whisper_canonical
1036,1036_w0421,420,UNKNOWN,2,1952.302,1953.322,1.02,Justice Department,whisper_canonical
1036,1036_w0422,421,UNKNOWN,4,1954.422,1955.863,1.441,through the legislative branch,whisper_canonical
1036,1036_w0423,422,UNKNOWN,5,1957.123,1959.003,1.88,to obviously the executive branch.,whisper_canonical
1036,1036_w0424,423,UNKNOWN,6,1959.263,1960.584,1.321,"Okay, so a lack of respect.",whisper_canonical
1036,1036_w0425,424,UNKNOWN,10,1960.944,1964.485,3.541,Can you tell us what you want from President Biden?,whisper_canonical
1036,1036_w0426,425,UNKNOWN,4,1966.485,1967.825,1.34,I like President Biden,whisper_canonical
1036,1036_w0427,426,UNKNOWN,9,1969.025,1972.766,3.741,to point that out significantly to the American people,whisper_canonical
1036,1036_w0428,427,UNKNOWN,13,1974.527,1979.008,4.481,as a matter of explaining to the American people as he's attempted recently.,whisper_canonical
1036,1036_w0429,428,UNKNOWN,2,1980.628,1982.167,1.539,Why? Mr.,whisper_canonical
1036,1036_w0430,429,UNKNOWN,13,1982.207,1988.231,6.024,Trump is terribly unfit to ever be president again of the United States.,whisper_canonical
1036,1036_w0431,430,UNKNOWN,10,1988.591,1990.212,1.621,"All right, Kevin, I'm going to leave it at that.",whisper_canonical
1036,1036_w0432,431,UNKNOWN,8,1990.232,1991.432,1.2,I'm going to go inside the spin room.,whisper_canonical
1036,1036_w0433,432,UNKNOWN,13,1991.733,1995.875,4.142,California Governor Gavin Newsom is talking to the media supporter of President Biden.,whisper_canonical
1036,1036_w0434,433,UNKNOWN,7,1997.818,1999.921,2.103,He was talking about sinking electric boats.,whisper_canonical
1036,1036_w0435,434,UNKNOWN,7,2000.903,2002.645,1.742,The teleprompter went out and he panicked.,whisper_canonical
1036,1036_w0436,435,UNKNOWN,7,2003.667,2005.73,2.063,There's some legitimate questions there as well.,whisper_canonical
1036,1036_w0437,436,UNKNOWN,11,2006.05,2008.514,2.464,How do you counsel the president as he prepared for this?,whisper_canonical
1036,1036_w0438,437,UNKNOWN,15,2008.854,2013.761,4.907,How do you counsel someone who has more debate experience than any modern American president?,whisper_canonical
1036,1036_w0439,438,UNKNOWN,7,2014.742,2016.404,1.662,He's been out this more than anybody.,whisper_canonical
1036,1036_w0440,439,UNKNOWN,19,2016.924,2021.948,5.024,"In fact, what I wanted to do when Osama says, can you counsel me on how to relax tonight?",whisper_canonical
1036,1036_w0441,440,UNKNOWN,15,2022.028,2025.892,3.864,"Because as someone that's not up there, I'm probably have more anxiety than he does.",whisper_canonical
1036,1036_w0442,441,UNKNOWN,10,2026.652,2028.774,2.122,He delivers each and every time he meets these moments.,whisper_canonical
1036,1036_w0443,442,UNKNOWN,3,2028.794,2029.154,0.36,You've seen it.,whisper_canonical
1036,1036_w0444,443,UNKNOWN,5,2029.414,2030.255,0.841,I haven't seen an exception.,whisper_canonical
1036,1036_w0445,444,UNKNOWN,2,2030.535,2030.896,0.361,Look back.,whisper_canonical
1036,1036_w0446,445,UNKNOWN,4,2031.476,2032.397,0.921,He meets these moments.,whisper_canonical
1036,1036_w0447,446,UNKNOWN,2,2032.437,2032.958,0.521,He delivers.,whisper_canonical
1036,1036_w0448,447,UNKNOWN,7,2033.699,2036.061,2.362,Have all the confidence in the world.,whisper_canonical
1036,1036_w0449,448,UNKNOWN,5,2036.342,2037.343,1.001,He'll do that again tonight.,whisper_canonical
1036,1036_w0450,449,UNKNOWN,14,2038.364,2042.268,3.904,And the only thing that's interesting is how this mic issue will play out.,whisper_canonical
1036,1036_w0451,450,UNKNOWN,5,2042.288,2043.029,0.741,Tell us more about that.,whisper_canonical
1036,1036_w0452,451,UNKNOWN,6,2043.069,2044.992,1.923,What do you mean by interesting?,whisper_canonical
1036,1036_w0453,452,UNKNOWN,4,2045.012,2045.953,0.941,The mute button's new.,whisper_canonical
1036,1036_w0454,453,UNKNOWN,4,2046.053,2046.794,0.741,How significant is that?,whisper_canonical
1036,1036_w0455,454,UNKNOWN,5,2046.834,2047.835,1.001,We've never had that before.,whisper_canonical
1036,1036_w0456,455,UNKNOWN,5,2048.055,2049.796,1.741,"So it's just interesting, right?",whisper_canonical
1036,1036_w0457,456,UNKNOWN,7,2049.816,2051.257,1.441,All of us are interested in it.,whisper_canonical
1036,1036_w0458,457,UNKNOWN,4,2051.678,2052.238,0.56,What does that mean?,whisper_canonical
1036,1036_w0459,458,UNKNOWN,11,2052.778,2054.9,2.122,"I mean, here's a guy talks over, tries to bully everybody.",whisper_canonical
1036,1036_w0460,459,UNKNOWN,4,2054.96,2056.201,1.241,It's all about intimidation.,whisper_canonical
1036,1036_w0461,460,UNKNOWN,17,2056.681,2062.645,5.964,"It's all about, you know, trying to get someone off their script of sorts of their game.",whisper_canonical
1036,1036_w0462,461,UNKNOWN,4,2063.806,2065.347,1.541,It plays very differently.,whisper_canonical
1036,1036_w0463,462,UNKNOWN,25,2065.807,2071.511,5.704,"If he's sitting there mouthing off and you have a split screen and people are like, why is he talking and I can't hear him?",whisper_canonical
1036,1036_w0464,463,UNKNOWN,15,2072.132,2076.655,4.523,"And he looks a little more unhinged, more unhinged, because he is reasonably already unhinged.",whisper_canonical
1036,1036_w0465,464,UNKNOWN,13,2077.575,2083.197,5.622,"But that may temper his temperament tonight, having the mic not being on.",whisper_canonical
1036,1036_w0466,465,UNKNOWN,6,2083.237,2084.938,1.701,And that may be an advantage.,whisper_canonical
1036,1036_w0467,466,UNKNOWN,3,2084.978,2085.378,0.4,I don't know.,whisper_canonical
1036,1036_w0468,467,UNKNOWN,4,2085.418,2086.219,0.801,We'll see what happens.,whisper_canonical
1036,1036_w0469,468,UNKNOWN,3,2086.599,2088.66,2.061,"Thank you, Governor.",whisper_canonical
1036,1036_w0470,469,UNKNOWN,39,2089.14,2102.106,12.966,"Governor Gavin Newsom, they're talking to the media previewing tonight's debate, talking about the candidates when they square off what it will be like You could go back to to get an idea of what tonight will be like.",whisper_canonical
1036,1036_w0471,470,UNKNOWN,15,2102.166,2108.149,5.983,"Different rules, as we've talked about, back in during the first presidential debate, the former",whisper_canonical
1036,1036_w0472,471,UNKNOWN,13,2109.23,2117.394,8.164,"then-President, President Trump, interrupted the then-Vice President Joe Biden over a hundred times.",whisper_canonical
1036,1036_w0473,472,UNKNOWN,20,2117.834,2124.218,6.384,"As you heard from the governor, as you've heard throughout leading up to tonight's debate, the microphones will be muted.",whisper_canonical
1036,1036_w0474,473,UNKNOWN,15,2124.538,2128.901,4.363,"And so they will hope, they hope that that's going to cut down on interruptions.",whisper_canonical
1036,1036_w0475,474,UNKNOWN,17,2129.442,2135.727,6.285,"An issue discussed back in likely to come up again this evening, is the issue of abortion.",whisper_canonical
1036,1036_w0476,475,UNKNOWN,31,2136.187,2150.078,13.891,"Back in in that debate, following former President Trump's appointment of Amy Coney Barrett to the Supreme Court, here's how the topic played out before the striking down of Roe v.",whisper_canonical
1036,1036_w0477,476,UNKNOWN,11,2150.138,2155.503,5.365,Wade. is that the president also is opposed to Roe v.,whisper_canonical
1036,1036_w0478,477,UNKNOWN,13,2155.543,2159.144,3.601,"Wade. That's on the ballot as well in the court, in the court.",whisper_canonical
1036,1036_w0479,478,UNKNOWN,8,2159.804,2161.905,2.101,And so that's also at stake right now.,whisper_canonical
1036,1036_w0480,479,UNKNOWN,7,2162.445,2163.906,1.461,And so the election is all right.,whisper_canonical
1036,1036_w0481,480,UNKNOWN,7,2163.926,2164.986,1.06,You don't know it's on the ballot.,whisper_canonical
1036,1036_w0482,481,UNKNOWN,6,2165.466,2166.467,1.001,Why is it in the ballot?,whisper_canonical
1036,1036_w0483,482,UNKNOWN,7,2166.947,2169.468,2.521,Because you said it's on the ballot.,whisper_canonical
1036,1036_w0484,483,UNKNOWN,7,2169.888,2170.989,1.101,It's on the ballot in the court.,whisper_canonical
1036,1036_w0485,484,UNKNOWN,4,2171.009,2171.549,0.54,I don't think so.,whisper_canonical
1036,1036_w0486,485,UNKNOWN,3,2171.589,2172.069,0.48,In the court.,whisper_canonical
1036,1036_w0487,486,UNKNOWN,5,2172.329,2173.75,1.421,"Well, there's nothing happening there.",whisper_canonical
1036,1036_w0488,487,UNKNOWN,9,2174.47,2177.952,3.482,And you don't know her view on Roe V.,whisper_canonical
1036,1036_w0489,488,UNKNOWN,6,2178.012,2179.173,1.161,Wade. I don't know her view.,whisper_canonical
1036,1036_w0490,489,UNKNOWN,3,2179.333,2179.794,0.461,Here's the deal.,whisper_canonical
1036,1036_w0491,490,UNKNOWN,13,2180.134,2183.316,3.182,The fact is that everything he's saying so far is simply a lie.,whisper_canonical
1036,1036_w0492,491,UNKNOWN,8,2183.596,2184.917,1.321,I'm not here to call out his lies.,whisper_canonical
1036,1036_w0493,492,UNKNOWN,5,2184.977,2186.298,1.321,Everybody knows he's a liar.,whisper_canonical
1036,1036_w0494,493,UNKNOWN,3,2186.438,2187.278,0.84,But you agree.,whisper_canonical
1036,1036_w0495,494,UNKNOWN,4,2187.298,2189.3,2.002,"Joe, you're the liar.",whisper_canonical
1036,1036_w0496,495,UNKNOWN,5,2189.36,2190.24,0.88,I want to make sure...,whisper_canonical
1036,1036_w0497,496,UNKNOWN,11,2190.26,2192.362,2.102,"You ordered last in your class, not first in your class.",whisper_canonical
1036,1036_w0498,497,UNKNOWN,5,2193.822,2194.462,0.64,I want to make sure.,whisper_canonical
1036,1036_w0499,498,UNKNOWN,8,2194.542,2196.003,1.461,"Mr. President, can you let him finish, sir?",whisper_canonical
1036,1036_w0500,499,UNKNOWN,8,2196.183,2198.303,2.12,The issue is the American people should speak.,whisper_canonical
1036,1036_w0501,500,UNKNOWN,6,2198.923,2200.444,1.521,You should go out and vote.,whisper_canonical
1036,1036_w0502,501,UNKNOWN,4,2201.044,2202.184,1.14,You're in voting now.,whisper_canonical
1036,1036_w0503,502,UNKNOWN,10,2202.564,2205.305,2.741,Vote and let your senators know how strong you feel.,whisper_canonical
1036,1036_w0504,503,UNKNOWN,3,2205.825,2206.966,1.141,Let vote now.,whisper_canonical
1036,1036_w0505,504,UNKNOWN,11,2206.986,2211.367,4.381,"Make sure you, in fact, let people know you're a senator.",whisper_canonical
1036,1036_w0506,505,UNKNOWN,13,2211.527,2215.108,3.581,I'm not going to answer the question because the question is radical left.,whisper_canonical
1036,1036_w0507,506,UNKNOWN,6,2215.168,2216.128,0.96,"Who is on your list, Joe?",whisper_canonical
1036,1036_w0508,507,UNKNOWN,4,2220.729,2226.194,5.465,This is so unpresidential.,whisper_canonical
1036,1036_w0509,508,UNKNOWN,5,2226.234,2227.975,1.741,We have ended this segment.,whisper_canonical
1036,1036_w0510,509,UNKNOWN,9,2227.995,2229.577,1.582,We're going to move on to the second segment.,whisper_canonical
1036,1036_w0511,510,UNKNOWN,8,2229.597,2231.679,2.082,"That was really a productive segment, wasn't it?",whisper_canonical
1036,1036_w0512,511,UNKNOWN,3,2233.52,2234.381,0.861,"Keep yapping, man.",whisper_canonical
1036,1036_w0513,512,UNKNOWN,4,2234.401,2235.462,1.061,The people understand you.,whisper_canonical
1036,1036_w0514,513,UNKNOWN,17,2237.403,2244.846,7.443,"From September of the two candidates then talking about abortion, an issue that could come up tonight.",whisper_canonical
1036,1036_w0515,514,UNKNOWN,14,2245.166,2248.208,3.042,"We're asking all of you, what issue do you want them to talk about?",whisper_canonical
1036,1036_w0516,515,UNKNOWN,13,2248.308,2253.11,4.802,"Melinda and Carl's bad, you're supporting a third party candidate, is that right?",whisper_canonical
1036,1036_w0517,516,UNKNOWN,3,2254.87,2255.391,0.521,"Yes, I am.",whisper_canonical
1036,1036_w0518,517,UNKNOWN,2,2255.611,2256.151,0.54,And who?,whisper_canonical
1036,1036_w0519,518,UNKNOWN,2,2256.351,2257.091,0.74,Which candidate?,whisper_canonical
1036,1036_w0520,519,UNKNOWN,8,2258.632,2262.333,3.701,I am actually very excited about RFK Jr.,whisper_canonical
1036,1036_w0521,520,UNKNOWN,8,2262.774,2265.955,3.181,regardless if he is included in this debate.,whisper_canonical
1036,1036_w0522,521,UNKNOWN,14,2266.7,2271.943,5.243,I believe he's talking about what is really important to the United States people.,whisper_canonical
1036,1036_w0523,522,UNKNOWN,17,2274.224,2279.728,5.504,So are you going to be watching his reaction in response to the two candidates on X?,whisper_canonical
1036,1036_w0524,523,UNKNOWN,6,2282.009,2284.01,2.001,I will be doing both simultaneously.,whisper_canonical
1036,1036_w0525,524,UNKNOWN,3,2284.03,2286.051,2.021,"However, what really",whisper_canonical
1036,1036_w0526,525,UNKNOWN,2,2287.332,2288.352,1.02,concerns me,whisper_canonical
1036,1036_w0527,526,UNKNOWN,16,2289.673,2296.037,6.364,"all about this debate was, and this has been with the primaries as well, it's censorship.",whisper_canonical
1036,1036_w0528,527,UNKNOWN,15,2297.406,2302.57,5.164,I would love either candidate that is on the stage tonight to speak about censorship.,whisper_canonical
1036,1036_w0529,528,UNKNOWN,3,2302.63,2304.232,1.602,"But, you know,",whisper_canonical
1036,1036_w0530,529,UNKNOWN,14,2305.392,2310.817,5.425,why would we not include a third candidate that has submitted appropriate amount of,whisper_canonical
1036,1036_w0531,530,UNKNOWN,8,2312.258,2316.742,4.484,"signatures, but the states would not certify them?",whisper_canonical
1036,1036_w0532,531,UNKNOWN,5,2317.742,2318.883,1.141,"I just, you know, I",whisper_canonical
1036,1036_w0533,532,UNKNOWN,9,2320.264,2323.987,3.723,think average Americans are feeling more disenfranchised every day.,whisper_canonical
1036,1036_w0534,533,UNKNOWN,6,2325.148,2326.95,1.802,And I care about chronic illness.,whisper_canonical
1036,1036_w0535,534,UNKNOWN,4,2327.697,2329.557,1.86,I'm particularly concerned about,whisper_canonical
1036,1036_w0536,535,UNKNOWN,10,2331.738,2335.478,3.74,the five states starting with Kansas that are suing Pfizer.,whisper_canonical
1036,1036_w0537,536,UNKNOWN,14,2336.259,2340.699,4.44,"I've seen a lot of businesses go under, people losing their houses during COVID.",whisper_canonical
1036,1036_w0538,537,UNKNOWN,10,2341.38,2344.22,2.84,And I was very Democratic pro Biden at that time.,whisper_canonical
1036,1036_w0539,538,UNKNOWN,12,2345.04,2348.621,3.581,"I was like really believing in, oh, this is what's saving us.",whisper_canonical
1036,1036_w0540,539,UNKNOWN,5,2348.721,2350.721,2.0,And I feel very duped.,whisper_canonical
1036,1036_w0541,540,UNKNOWN,4,2351.541,2352.462,0.921,I feel very duped.,whisper_canonical
1036,1036_w0542,541,UNKNOWN,18,2352.642,2358.32,5.678,"And then watching how the primaries have went down, Florida just said, Biden's only one in a primary.",whisper_canonical
1036,1036_w0543,542,UNKNOWN,18,2358.9,2364.724,5.824,"Why would I want to support democracy, you know, the Democratic Party who has had my total loyalty?",whisper_canonical
1036,1036_w0544,543,UNKNOWN,8,2365.485,2369.188,3.703,I'd work for them and I'm extremely disappointed.,whisper_canonical
1036,1036_w0545,544,UNKNOWN,2,2369.208,2369.928,0.72,All right.,whisper_canonical
1036,1036_w0546,545,UNKNOWN,13,2369.948,2373.09,3.142,Yeah. I like the ideas and thank you for giving me a voice.,whisper_canonical
1036,1036_w0547,546,UNKNOWN,4,2373.19,2374.251,1.061,I appreciate some stuff.,whisper_canonical
1036,1036_w0548,547,UNKNOWN,8,2374.611,2379.295,4.684,"Absolutely. Melinda Adrian Lakeland, Florida, supporting President Biden.",whisper_canonical
1036,1036_w0549,548,UNKNOWN,2,2381.96,2382.5,0.54,"Yes, hello.",whisper_canonical
1036,1036_w0550,549,UNKNOWN,2,2382.661,2383.301,0.64,"Hi, Adrienne.",whisper_canonical
1036,1036_w0551,550,UNKNOWN,10,2383.501,2386.363,2.862,What issues do you want the two to debate tonight?,whisper_canonical
1036,1036_w0552,551,UNKNOWN,17,2387.264,2392.287,5.023,"Well, first of all, let me say I've been watching president or ex-president Trump since the 1980s.",whisper_canonical
1036,1036_w0553,552,UNKNOWN,10,2392.948,2396.19,3.242,"And all he has ever done was rip off people,",whisper_canonical
1036,1036_w0554,553,UNKNOWN,4,2397.551,2400.973,3.422,"bankrupt companies, and lie.",whisper_canonical
1036,1036_w0555,554,UNKNOWN,12,2401.654,2405.416,3.762,"The slogan for him should be, the truth is I always lie.",whisper_canonical
1036,1036_w0556,555,UNKNOWN,4,2405.836,2406.717,0.881,That's all he does.,whisper_canonical
1036,1036_w0557,556,UNKNOWN,5,2407.438,2409.439,2.001,For this country to go,whisper_canonical
1036,1036_w0558,557,UNKNOWN,4,2412.032,2414.614,2.582,and support an insurrectionist,whisper_canonical
1036,1036_w0559,558,UNKNOWN,31,2415.655,2434.568,18.913,"and the people in Congress who support him, the 118th Congress has got nothing done, nothing because of these inadequate people that have been elected to serve him over our Constitution.",whisper_canonical
1036,1036_w0560,559,UNKNOWN,11,2435.008,2438.951,3.943,"When everybody takes an oath, this is including the Supreme Court,",whisper_canonical
1036,1036_w0561,560,UNKNOWN,12,2439.991,2444.197,4.206,"whoever takes the oath, They are not merely words on a page.",whisper_canonical
1036,1036_w0562,561,UNKNOWN,3,2444.598,2446.078,1.48,They mean something.,whisper_canonical
1036,1036_w0563,562,UNKNOWN,2,2446.518,2446.898,0.38,All right.,whisper_canonical
1036,1036_w0564,563,UNKNOWN,5,2447.338,2449.179,1.841,Adrienne's thoughts there in Florida.,whisper_canonical
1036,1036_w0565,564,UNKNOWN,5,2449.699,2450.519,0.82,Several of you have already,whisper_canonical
1036,1036_w0566,565,UNKNOWN,15,2451.599,2458.1,6.501,"mentioned the issue of immigration, likely to come up again tonight, border security, et cetera.",whisper_canonical
1036,1036_w0567,566,UNKNOWN,13,2458.42,2465.102,6.682,Immigration and border security brought up in during the two debates as well.,whisper_canonical
1036,1036_w0568,567,UNKNOWN,19,2465.662,2472.865,7.203,This is what the two candidates were saying on it at the second and final debate of in Nashville.,whisper_canonical
1036,1036_w0569,568,UNKNOWN,14,2473.887,2478.251,4.364,"Mr. President, your administration separated children from their parents at the border, at least",whisper_canonical
1036,1036_w0570,569,UNKNOWN,20,2479.252,2486.741,7.489,"kids. You've since reversed your zero tolerance policy, but the United States can't locate the parents of more than children.",whisper_canonical
1036,1036_w0571,570,UNKNOWN,8,2487.041,2489.263,2.222,So how will these families ever be reunited?,whisper_canonical
1036,1036_w0572,571,UNKNOWN,27,2489.984,2499.97,9.986,"Children are brought here by coyotes and lots of bad people, cartels, and they're brought here, and they used to use them to get into our country.",whisper_canonical
1036,1036_w0573,572,UNKNOWN,11,2500.27,2502.952,2.682,We now have as strong a border as we've ever had.,whisper_canonical
1036,1036_w0574,573,UNKNOWN,7,2503.352,2506.074,2.722,We're over miles of brand new wall.,whisper_canonical
1036,1036_w0575,574,UNKNOWN,21,2506.454,2510.517,4.063,"You see the numbers, and we let people in, but they have to come in legally, and they come in through.",whisper_canonical
1036,1036_w0576,575,UNKNOWN,11,2510.537,2512.978,2.441,"But how will you reunite these kids with their families, Mr.",whisper_canonical
1036,1036_w0577,576,UNKNOWN,4,2512.998,2514.599,1.601,President? They built cages.,whisper_canonical
1036,1036_w0578,577,UNKNOWN,29,2514.639,2522.264,7.625,"You know, they used to say, I built the cages, and then they had a picture in a certain newspaper, and it was a picture of these horrible cages.",whisper_canonical
1036,1036_w0579,578,UNKNOWN,7,2522.664,2524.105,1.441,"And they said, look at these cages.",whisper_canonical
1036,1036_w0580,579,UNKNOWN,4,2524.445,2525.606,1.161,President Trump built them.,whisper_canonical
1036,1036_w0581,580,UNKNOWN,12,2525.926,2530.088,4.162,And then it was determined they were built in That was him.,whisper_canonical
1036,1036_w0582,581,UNKNOWN,9,2530.108,2532.009,1.901,Do you have a plan to reunite the kids?,whisper_canonical
1036,1036_w0583,582,UNKNOWN,7,2532.089,2534.971,2.882,"Yes, we're working on it very hard.",whisper_canonical
1036,1036_w0584,583,UNKNOWN,11,2535.231,2537.152,1.921,But a lot of these kids come out without the parents.,whisper_canonical
1036,1036_w0585,584,UNKNOWN,11,2537.192,2540.354,3.162,They come over through cartels and through coyotes and through gangs.,whisper_canonical
1036,1036_w0586,585,UNKNOWN,6,2540.734,2544.377,3.643,These 500-plus kids came with parents.,whisper_canonical
1036,1036_w0587,586,UNKNOWN,16,2545.337,2549.981,4.644,They separated them at the border to make it a disincentive to come to begin with.,whisper_canonical
1036,1036_w0588,587,UNKNOWN,3,2551.102,2552.183,1.081,"Babe, real tough.",whisper_canonical
1036,1036_w0589,588,UNKNOWN,3,2552.243,2553.144,0.901,We're really strong.,whisper_canonical
1036,1036_w0590,589,UNKNOWN,3,2553.485,2554.065,0.58,And guess what?,whisper_canonical
1036,1036_w0591,590,UNKNOWN,2,2554.405,2555.286,0.881,They cannot.,whisper_canonical
1036,1036_w0592,591,UNKNOWN,7,2555.366,2556.928,1.562,It's not coyotes didn't bring them over.,whisper_canonical
1036,1036_w0593,592,UNKNOWN,5,2557.188,2558.93,1.742,Their parents were with them.,whisper_canonical
1036,1036_w0594,593,UNKNOWN,6,2559.35,2560.971,1.621,They got separated from their parents.,whisper_canonical
1036,1036_w0595,594,UNKNOWN,18,2561.78,2566.501,4.721,And it makes us a laughing stock and violates every notion of who we are as a nation.,whisper_canonical
1036,1036_w0596,595,UNKNOWN,12,2566.982,2570.863,3.881,"Parents were ripped, their kids were ripped from their arms and separated.",whisper_canonical
1036,1036_w0597,596,UNKNOWN,6,2571.683,2573.283,1.6,And now they cannot find over,whisper_canonical
1036,1036_w0598,597,UNKNOWN,9,2574.804,2577.685,2.881,sets of those parents and those kids are alone.,whisper_canonical
1036,1036_w0599,598,UNKNOWN,3,2578.545,2579.165,0.62,Nowhere to go.,whisper_canonical
1036,1036_w0600,599,UNKNOWN,3,2579.185,2580.525,1.34,Nowhere to go.,whisper_canonical
1036,1036_w0601,600,UNKNOWN,2,2580.545,2581.886,1.341,It's criminal.,whisper_canonical
1036,1036_w0602,601,UNKNOWN,2,2582.776,2583.377,0.601,It's criminal.,whisper_canonical
1036,1036_w0603,602,UNKNOWN,5,2583.557,2584.318,0.761,But just ask one question.,whisper_canonical
1036,1036_w0604,603,UNKNOWN,4,2584.338,2584.839,0.501,Who built the cages?,whisper_canonical
1036,1036_w0605,604,UNKNOWN,8,2599.658,2601.6,1.942,"Let me ask about your immigration policy, Mr.",whisper_canonical
1036,1036_w0606,605,UNKNOWN,2,2601.64,2602.201,0.561,Vice President.,whisper_canonical
1036,1036_w0607,606,UNKNOWN,18,2602.221,2608.287,6.066,"The Obama administration did fail to deliver immigration reform, which had been a key promise during the administration.",whisper_canonical
1036,1036_w0608,607,UNKNOWN,17,2608.327,2613.953,5.626,It also presided over record deportations as well as family detentions at the border before changing course.,whisper_canonical
1036,1036_w0609,608,UNKNOWN,11,2614.313,2616.976,2.663,So why should voters trust you with an immigration overhaul now?,whisper_canonical
1036,1036_w0610,609,UNKNOWN,5,2617.394,2618.595,1.201,Because it made a mistake.,whisper_canonical
1036,1036_w0611,610,UNKNOWN,8,2618.615,2620.836,2.221,It took too long to get it right.,whisper_canonical
1036,1036_w0612,611,UNKNOWN,8,2620.856,2622.397,1.541,It took too long to get it right.,whisper_canonical
1036,1036_w0613,612,UNKNOWN,20,2622.737,2630.302,7.565,"Within days, I'm going to send to the United States Congress a pathway to citizenship for over million undocumented people.",whisper_canonical
1036,1036_w0614,613,UNKNOWN,31,2630.762,2640.949,10.187,"And all of those so-called dreamers, those DACA kids, they're going to be immediately certified again to be able to stay in this country and put on a path to citizenship.",whisper_canonical
1036,1036_w0615,614,UNKNOWN,27,2641.369,2648.595,7.226,"The idea that they are being sent home by this guy, and they want to do that, is they're going to a country they've never seen before.",whisper_canonical
1036,1036_w0616,615,UNKNOWN,20,2649.015,2656.521,7.506,"I can imagine you're five years old, your parents are taking you across the Rio Grande River, and it's illegal.",whisper_canonical
1036,1036_w0617,616,UNKNOWN,9,2657.061,2658.542,1.481,"And you say, oh, no, mom, leave me here.",whisper_canonical
1036,1036_w0618,617,UNKNOWN,7,2658.662,2659.603,0.941,I'm not going to go with you.,whisper_canonical
1036,1036_w0619,618,UNKNOWN,3,2660.043,2660.644,0.601,They've been here.,whisper_canonical
1036,1036_w0620,619,UNKNOWN,20,2660.724,2667.189,6.465,Many of them have been models since over were first responders out there taking care of people during this crisis.,whisper_canonical
1036,1036_w0621,620,UNKNOWN,3,2667.889,2669.01,1.121,We owe them.,whisper_canonical
1036,1036_w0622,621,UNKNOWN,14,2670.151,2673.794,3.643,He had eight years to do what he said he was going to do.,whisper_canonical
1036,1036_w0623,622,UNKNOWN,7,2674.634,2677.857,3.223,And I've changed without having a specific.,whisper_canonical
1036,1036_w0624,623,UNKNOWN,7,2678.277,2679.818,1.541,We got rid of catch and release.,whisper_canonical
1036,1036_w0625,624,UNKNOWN,18,2679.918,2684.161,4.243,We got rid of a lot of horrible things that they put in and that they lived with.,whisper_canonical
1036,1036_w0626,625,UNKNOWN,5,2684.482,2685.763,1.281,But he had eight years.,whisper_canonical
1036,1036_w0627,626,UNKNOWN,4,2685.823,2686.883,1.06,He was vice president.,whisper_canonical
1036,1036_w0628,627,UNKNOWN,3,2687.324,2688.885,1.561,He did nothing.,whisper_canonical
1036,1036_w0629,628,UNKNOWN,13,2689.125,2692.988,3.863,It just shows that he has no understanding of immigration or the laws.,whisper_canonical
1036,1036_w0630,629,UNKNOWN,6,2693.409,2695.17,1.761,Catch and release is a disaster.,whisper_canonical
1036,1036_w0631,630,UNKNOWN,5,2695.691,2697.092,1.401,A murderer would come in.,whisper_canonical
1036,1036_w0632,631,UNKNOWN,5,2697.532,2698.954,1.422,A rapist would come in.,whisper_canonical
1036,1036_w0633,632,UNKNOWN,7,2699.374,2701.195,1.821,A very bad person would come in.,whisper_canonical
1036,1036_w0634,633,UNKNOWN,5,2701.716,2703.137,1.421,We would take their name.,whisper_canonical
1036,1036_w0635,634,UNKNOWN,8,2703.477,2706.12,2.643,We have to release them into our country.,whisper_canonical
1036,1036_w0636,635,UNKNOWN,7,2706.74,2708.162,1.422,And then you say they come back.,whisper_canonical
1036,1036_w0637,636,UNKNOWN,7,2708.862,2711.504,2.642,Less than of the people come back.,whisper_canonical
1036,1036_w0638,637,UNKNOWN,13,2711.584,2715.486,3.902,We have to send ICE out and border patrol out to find them.,whisper_canonical
1036,1036_w0639,638,UNKNOWN,18,2715.867,2720.249,4.382,"We would say, come back in two years, three years, we're going to give you a court case.",whisper_canonical
1036,1036_w0640,639,UNKNOWN,4,2720.289,2721.25,0.961,You need Perry Mason.,whisper_canonical
1036,1036_w0641,640,UNKNOWN,8,2721.49,2722.671,1.181,We're going to give you a court case.,whisper_canonical
1036,1036_w0642,641,UNKNOWN,11,2723.331,2725.973,2.642,"When you say they come back, they don't come back, Joe.",whisper_canonical
1036,1036_w0643,642,UNKNOWN,4,2726.233,2727.354,1.121,They never come back.,whisper_canonical
1036,1036_w0644,643,UNKNOWN,18,2727.854,2735.079,7.225,"Only the really, I hate to say this, but those with the lowest IQ, they might come back.",whisper_canonical
1036,1036_w0645,644,UNKNOWN,15,2736.771,2742.237,5.466,The two candidates back in in the second and final debate of that election cycle.,whisper_canonical
1036,1036_w0646,645,UNKNOWN,16,2742.277,2749.144,6.867,We are just less than minutes away from this year's first presidential debate hosted by CNN.,whisper_canonical
1036,1036_w0647,646,UNKNOWN,7,2749.184,2751.847,2.663,Samo Casted here on the C-SPAN Network.,whisper_canonical
1036,1036_w0648,647,UNKNOWN,27,2751.867,2758.834,6.967,So you're looking at a live picture of the spin room where the supporters for the candidates will go and talk to the media following the debate.,whisper_canonical
1036,1036_w0649,648,UNKNOWN,11,2759.615,2763.096,3.481,"Here at our studios at C-SPAN, joining us is Peter Luge.",whisper_canonical
1036,1036_w0650,649,UNKNOWN,13,2763.156,2767.557,4.401,He is at the George Washington University School of Media and Public Affairs.,whisper_canonical
1036,1036_w0651,650,UNKNOWN,11,2767.597,2771.257,3.66,He's their chair there to talk about the history of debates.,whisper_canonical
1036,1036_w0652,651,UNKNOWN,5,2771.337,2772.438,1.101,Thank you for being here.,whisper_canonical
1036,1036_w0653,652,UNKNOWN,6,2772.458,2773.618,1.16,Thanks for much of the invitation.,whisper_canonical
1036,1036_w0654,653,UNKNOWN,15,2773.798,2779.339,5.541,"The very first televised presidential debate was in as our viewers know, between John F.",whisper_canonical
1036,1036_w0655,654,UNKNOWN,4,2779.619,2780.979,1.36,Kennedy and Richard Nixon.,whisper_canonical
1036,1036_w0656,655,UNKNOWN,6,2781.339,2784.56,3.221,How did that debate change campaigns?,whisper_canonical
1036,1036_w0657,656,UNKNOWN,8,2785.239,2787.3,2.061,"Well, debating became part of the norm, right?",whisper_canonical
1036,1036_w0658,657,UNKNOWN,15,2787.36,2790.261,2.901,"Became part of the television era, where campaigns came to us in our living room.",whisper_canonical
1036,1036_w0659,658,UNKNOWN,19,2790.341,2793.863,3.522,We didn't have to go to a hall or a field to watch a debate or see the candidates.,whisper_canonical
1036,1036_w0660,659,UNKNOWN,5,2794.183,2795.123,0.94,They came to our house.,whisper_canonical
1036,1036_w0661,660,UNKNOWN,32,2795.603,2803.707,8.104,"And since then, it's been part of the tradition of American politics that every couple of years we're joined in our living room by candidates for president, Senate, the house, mayor, whatever.",whisper_canonical
1036,1036_w0662,661,UNKNOWN,8,2804.187,2806.588,2.401,And they make their best case for themselves.,whisper_canonical
1036,1036_w0663,662,UNKNOWN,5,2806.848,2807.988,1.14,There was no audience then.,whisper_canonical
1036,1036_w0664,663,UNKNOWN,4,2808.208,2810.029,1.821,There's no audience tonight.,whisper_canonical
1036,1036_w0665,664,UNKNOWN,3,2810.049,2811.61,1.561,How does that?,whisper_canonical
1036,1036_w0666,665,UNKNOWN,6,2812.738,2815.42,2.682,impact the outcome of this debate?,whisper_canonical
1036,1036_w0667,666,UNKNOWN,10,2815.821,2817.762,1.941,I'm not sure it impacts the outcome of the debate.,whisper_canonical
1036,1036_w0668,667,UNKNOWN,8,2817.802,2820.764,2.962,"It might impact how the debaters respond, right?",whisper_canonical
1036,1036_w0669,668,UNKNOWN,11,2820.784,2824.187,3.403,"I mean, comparing to is a bit of a stretch, right?",whisper_canonical
1036,1036_w0670,669,UNKNOWN,11,2824.227,2826.649,2.422,"There's no audience, but a lot else has changed as well.",whisper_canonical
1036,1036_w0671,670,UNKNOWN,9,2826.669,2828.45,1.781,I think you have to look at the candidates.,whisper_canonical
1036,1036_w0672,671,UNKNOWN,6,2828.531,2829.912,1.381,Donald Trump feeds off a crowd.,whisper_canonical
1036,1036_w0673,672,UNKNOWN,5,2829.972,2830.932,0.96,He likes a big audience.,whisper_canonical
1036,1036_w0674,673,UNKNOWN,4,2830.972,2832.814,1.842,He likes the feedback.,whisper_canonical
1036,1036_w0675,674,UNKNOWN,8,2833.214,2835.256,2.042,President Biden is better in a smaller setting.,whisper_canonical
1036,1036_w0676,675,UNKNOWN,4,2835.296,2836.277,0.981,He's better in one-on-one.,whisper_canonical
1036,1036_w0677,676,UNKNOWN,6,2836.297,2837.478,1.181,That's how he spent his career.,whisper_canonical
1036,1036_w0678,677,UNKNOWN,20,2838.138,2842.843,4.705,I think a lack of a formal audience will really help President Biden because it's a venue he's used to.,whisper_canonical
1036,1036_w0679,678,UNKNOWN,28,2842.863,2848.81,5.947,"And I'm not sure that it's one that will benefit Trump because, again, he likes the energy and he feeds off the energy that just won't be there.",whisper_canonical
1036,1036_w0680,679,UNKNOWN,17,2849.08,2854.464,5.384,Another difference will be the microphones are going to be muted when one candidate has the floor.,whisper_canonical
1036,1036_w0681,680,UNKNOWN,20,2855.104,2862.71,7.606,We saw that the former president back in in the first debate interrupted then Vice President Joe Biden over times.,whisper_canonical
1036,1036_w0682,681,UNKNOWN,11,2863.19,2866.532,3.342,"After the first debate, his numbers, his poll numbers went down.",whisper_canonical
1036,1036_w0683,682,UNKNOWN,9,2866.773,2868.974,2.201,"Then the sitting president, his poll numbers went down.",whisper_canonical
1036,1036_w0684,683,UNKNOWN,10,2869.414,2872.697,3.283,How do you think the muted microphones play out tonight?,whisper_canonical
1036,1036_w0685,684,UNKNOWN,14,2873.256,2876.959,3.703,"I think it definitely, again, hopefully brings a bit of control to the debate.",whisper_canonical
1036,1036_w0686,685,UNKNOWN,11,2876.999,2879.742,2.743,"It's a little bit less chaotic, a little more conversation, hopefully.",whisper_canonical
1036,1036_w0687,686,UNKNOWN,40,2880.462,2892.153,11.691,"A lot has been made about the fact that the mic will be turned off when their time is up, although one can imagine if President Trump speaks loudly enough, President Biden's mic will probably pick it up as well.",whisper_canonical
1036,1036_w0688,687,UNKNOWN,29,2892.813,2900.3,7.487,"Hopefully, again, it will lead to a more informed conversation that can help voters make up their mind rather than an amounts to a putting fight on the playground.",whisper_canonical
1036,1036_w0689,688,UNKNOWN,11,2901.387,2907.213,5.826,The muted microphones is one change for this CNN presidential debate.,whisper_canonical
1036,1036_w0690,689,UNKNOWN,27,2907.893,2918.703,10.81,The Commission on Presidential Debates has been the organization up until now over many decades who has been the ones that have sponsored and organized these debates.,whisper_canonical
1036,1036_w0691,690,UNKNOWN,10,2919.084,2923.268,4.184,How is tonight different without the Commission doing the debates?,whisper_canonical
1036,1036_w0692,691,UNKNOWN,6,2923.906,2924.927,1.021,Some of the rules are different.,whisper_canonical
1036,1036_w0693,692,UNKNOWN,10,2925.027,2927.53,2.503,"Obviously, otherwise, the candidates would have gone to the commission.",whisper_canonical
1036,1036_w0694,693,UNKNOWN,14,2927.57,2931.615,4.045,I think it's more important that we're having debates than who's controlling the debates.,whisper_canonical
1036,1036_w0695,694,UNKNOWN,5,2932.075,2932.936,0.861,"And we'll see this, right?",whisper_canonical
1036,1036_w0696,695,UNKNOWN,15,2932.976,2937.401,4.425,"If this works, then maybe, and obviously there's a scheduled debate in September on ABC.",whisper_canonical
1036,1036_w0697,696,UNKNOWN,11,2937.902,2939.924,2.022,"If this works, maybe this is what will happen next time.",whisper_canonical
1036,1036_w0698,697,UNKNOWN,12,2939.964,2942.867,2.903,"I think what's really important, though, is a reinforcement of democratic norms.",whisper_canonical
1036,1036_w0699,698,UNKNOWN,25,2943.428,2951.074,7.646,"We've seen an attack on democratic norms, an attack on democratic institutions, the courts, Congress, the press, universities, things close to, you're in my heart.",whisper_canonical
1036,1036_w0700,699,UNKNOWN,19,2951.535,2955.658,4.123,"The fact that we're actually having debates that says, you know what, part of politics is normal and normalized.",whisper_canonical
1036,1036_w0701,700,UNKNOWN,10,2956.018,2958.46,2.442,The organizer matters less than the fact that they're happening.,whisper_canonical
1036,1036_w0702,701,UNKNOWN,26,2959.261,2970.13,10.869,"Another interesting tidbit about tonight is that you have one candidate who's running for reelection, and then you have the other who's attempting a non-consecutive run.",whisper_canonical
1036,1036_w0703,702,UNKNOWN,6,2970.19,2971.451,1.261,Talk about the history of that.,whisper_canonical
1036,1036_w0704,703,UNKNOWN,13,2971.758,2975.759,4.001,"Well, it's happened once successfully, back when mutton chops were a big deal.",whisper_canonical
1036,1036_w0705,704,UNKNOWN,14,2975.799,2978.9,3.101,"So again, I'm not sure that we're going to be able to repeat that.",whisper_canonical
1036,1036_w0706,705,UNKNOWN,20,2979.701,2986.483,6.782,"We do have two basically incumbents running on their records and against their opponent's records, which is a new wrinkle.",whisper_canonical
1036,1036_w0707,706,UNKNOWN,11,2987.236,2991.601,4.365,"So you said there was one successful president, Grover Cleveland, right?",whisper_canonical
1036,1036_w0708,707,UNKNOWN,19,2991.741,2996.787,5.046,"Yep. Had a non-consecutive run, one first term in defeated in by Benjamin Harrison, ran again in one in",whisper_canonical
1036,1036_w0709,708,UNKNOWN,14,3003.994,3007.317,3.323,"If you want to be successful at this, what do you have to do?",whisper_canonical
1036,1036_w0710,709,UNKNOWN,19,3007.337,3014.561,7.224,"I mean, does the former president approach this differently because he's attempting a non-consecutive bid for the White House?",whisper_canonical
1036,1036_w0711,710,UNKNOWN,21,3015.162,3019.745,4.583,I think the way we know it works is to do it in I'm not sure what we can learn from.,whisper_canonical
1036,1036_w0712,711,UNKNOWN,11,3020.726,3022.788,2.062,"from that, because they're both going to run on their records.",whisper_canonical
1036,1036_w0713,712,UNKNOWN,5,3022.828,3024.069,1.241,These are both known commodities.,whisper_canonical
1036,1036_w0714,713,UNKNOWN,14,3024.109,3027.653,3.544,"The American people know President Biden from his time as President, Vice President, U.S.",whisper_canonical
1036,1036_w0715,714,UNKNOWN,34,3027.673,3035.5,7.827,"Senator. People know Donald Trump from his reality television show, from his time in the tabloid headlines in New York, then obviously his President of the United States, and everything that's happened in between.",whisper_canonical
1036,1036_w0716,715,UNKNOWN,8,3036.261,3038.442,2.181,We're not learning much new about these guys.,whisper_canonical
1036,1036_w0717,716,UNKNOWN,10,3038.462,3040.182,1.72,We're going to watch to see how they comport themselves.,whisper_canonical
1036,1036_w0718,717,UNKNOWN,26,3040.702,3046.464,5.762,"I think mostly the people who are watching are pundits, partisans, and the press, most of whom are going to say, see, I told you so.",whisper_canonical
1036,1036_w0719,718,UNKNOWN,19,3046.644,3051.986,5.342,"That are the guys out of touch and incoherent and dangerous, and only my guy can save the Republic.",whisper_canonical
1036,1036_w0720,719,UNKNOWN,20,3052.546,3057.048,4.502,"I expect that's what we're going to see, and we'll see how much that actually matters in the long run.",whisper_canonical
1036,1036_w0721,720,UNKNOWN,23,3057.801,3064.766,6.965,The campaigns agreed to this debate in part because they both said voters are using mail-in ballots and early voting and record numbers.,whisper_canonical
1036,1036_w0722,721,UNKNOWN,16,3064.806,3070.931,6.125,"So they wanted to hold this debate now in June, not in September after the conventions.",whisper_canonical
1036,1036_w0723,722,UNKNOWN,4,3071.411,3073.172,1.761,In this new schedule,whisper_canonical
1036,1036_w0724,723,UNKNOWN,18,3074.313,3079.457,5.144,"of meeting the voters, do you expect that there's going to be a large audience tonight at home?",whisper_canonical
1036,1036_w0725,724,UNKNOWN,3,3080.422,3080.882,0.46,There might be.,whisper_canonical
1036,1036_w0726,725,UNKNOWN,25,3080.942,3087.386,6.444,There might be numbers for viewing numbers for debates that are going up in recent years with the exception of but people are tuning in.,whisper_canonical
1036,1036_w0727,726,UNKNOWN,10,3087.406,3089.247,1.841,A lot of people that were tuning in are partisans.,whisper_canonical
1036,1036_w0728,727,UNKNOWN,5,3090.045,3091.526,1.481,"And yes, early voting matters.",whisper_canonical
1036,1036_w0729,728,UNKNOWN,13,3092.246,3095.768,3.522,Nobody's voting for president yet because these guys aren't actually the nominees yet.,whisper_canonical
1036,1036_w0730,729,UNKNOWN,6,3095.908,3097.369,1.461,That doesn't happen until the conventions.,whisper_canonical
1036,1036_w0731,730,UNKNOWN,14,3097.969,3101.431,3.462,I think the one in September will be more on track for early voting.,whisper_canonical
1036,1036_w0732,731,UNKNOWN,27,3101.451,3109.595,8.144,"One of the things we know from political science research is that debates may move some polling sometimes, but they don't tend to move very many votes.",whisper_canonical
1036,1036_w0733,732,UNKNOWN,16,3110.096,3113.718,3.622,"And if one guy does really well or really poorly tonight, the polling numbers may shift.",whisper_canonical
1036,1036_w0734,733,UNKNOWN,13,3114.338,3116.62,2.282,But then they'll settle back to their normal place or where they were.,whisper_canonical
1036,1036_w0735,734,UNKNOWN,6,3116.66,3118.021,1.361,"Then again, we've got the conventions.",whisper_canonical
1036,1036_w0736,735,UNKNOWN,6,3118.061,3119.262,1.201,And they similarly have a bounce.,whisper_canonical
1036,1036_w0737,736,UNKNOWN,5,3119.863,3120.583,0.72,Trump will get a bounce.,whisper_canonical
1036,1036_w0738,737,UNKNOWN,5,3120.724,3121.464,0.74,Biden will get a bounce.,whisper_canonical
1036,1036_w0739,738,UNKNOWN,3,3121.544,3122.385,0.841,It'll settle in.,whisper_canonical
1036,1036_w0740,739,UNKNOWN,15,3123.146,3127.049,3.903,I'm really not sure that tonight's debate does much for the outcome of the election.,whisper_canonical
1036,1036_w0741,740,UNKNOWN,11,3127.269,3129.151,1.882,Neither of these guys is going to win the election tonight.,whisper_canonical
1036,1036_w0742,741,UNKNOWN,14,3129.651,3134.575,4.924,One could imagine tonight making the election trickier for one candidate or the other.,whisper_canonical
1036,1036_w0743,742,UNKNOWN,14,3134.676,3137.778,3.102,"But I mean, most of us are thinking about the 4th of July weekend.",whisper_canonical
1036,1036_w0744,743,UNKNOWN,9,3137.798,3139.58,1.782,We're not thinking about the election day in November.,whisper_canonical
1036,1036_w0745,744,UNKNOWN,4,3140.06,3141.842,1.782,Does age matter tonight?,whisper_canonical
1036,1036_w0746,745,UNKNOWN,12,3142.655,3144.677,2.022,"Well, Donald Trump is certainly going to try to make it matter.",whisper_canonical
1036,1036_w0747,746,UNKNOWN,13,3145.177,3148.26,3.083,He's going to say that his opponent is old and out of touch.,whisper_canonical
1036,1036_w0748,747,UNKNOWN,21,3148.36,3154.365,6.005,"And we're not going to probably see the Reagan, you know, I won't make my opponent's youth and inexperience an issue.",whisper_canonical
1036,1036_w0749,748,UNKNOWN,19,3155.326,3160.791,5.465,"Certainly, Donald Trump and Joe Biden both want to make their opponent the worst caricature of their opponent possible.",whisper_canonical
1036,1036_w0750,749,UNKNOWN,17,3161.352,3165.755,4.403,"And part of the caricature of Biden is that he's, you know, old and gumming his jello.",whisper_canonical
1036,1036_w0751,750,UNKNOWN,6,3166.296,3167.457,1.161,And we'll see if that works.,whisper_canonical
1036,1036_w0752,751,UNKNOWN,7,3168.119,3171.262,3.143,"Well, president, the former president is Yeah.",whisper_canonical
1036,1036_w0753,752,UNKNOWN,8,3172.163,3174.825,2.662,President Biden is There's three years difference there.,whisper_canonical
1036,1036_w0754,753,UNKNOWN,2,3175.355,3175.775,0.42,That's true.,whisper_canonical
1036,1036_w0755,754,UNKNOWN,27,3175.815,3182.681,6.866,"The people who tend to talk about the age the most or the press who then say, so, President Biden is really old, what do you think?",whisper_canonical
1036,1036_w0756,755,UNKNOWN,9,3182.721,3184.943,2.222,"And voters go, wow, I guess he's really old.",whisper_canonical
1036,1036_w0757,756,UNKNOWN,7,3185.424,3186.965,1.541,I think what matters is mental acuity.,whisper_canonical
1036,1036_w0758,757,UNKNOWN,22,3187.365,3193.731,6.366,"And we've seen again and again, Biden's state of the union address on other events has really shown up in big moments.",whisper_canonical
1036,1036_w0759,758,UNKNOWN,20,3194.091,3197.614,3.523,"And I know the Biden campaign is hoping for that tonight to say, look, he's on top of his game.",whisper_canonical
1036,1036_w0760,759,UNKNOWN,3,3197.654,3198.435,0.781,He sharpens attack.,whisper_canonical
1036,1036_w0761,760,UNKNOWN,4,3198.935,3199.616,0.681,He shuffles a bit.,whisper_canonical
1036,1036_w0762,761,UNKNOWN,8,3199.756,3201.157,1.401,"He looks old because, you know, 81's old.",whisper_canonical
1036,1036_w0763,762,UNKNOWN,4,3202.358,3203.259,0.901,"But mentally, he's there.",whisper_canonical
1036,1036_w0764,763,UNKNOWN,6,3203.279,3204.379,1.1,He's the guy for the job.,whisper_canonical
1036,1036_w0765,764,UNKNOWN,10,3204.54,3206.421,1.881,And Trump is obviously going to try to undermine that.,whisper_canonical
1036,1036_w0766,765,UNKNOWN,13,3206.921,3210.204,3.283,"Both campaigns are going to use tonight, pull clips from tonight, pull videos.",whisper_canonical
1036,1036_w0767,766,UNKNOWN,19,3210.224,3214.987,4.763,"And it's of the worst moment of their opponent possible and say, see, this is what my opponent's about.",whisper_canonical
1036,1036_w0768,767,UNKNOWN,12,3215.047,3217.028,1.981,And there's going to be a moment where Joe Biden looks old.,whisper_canonical
1036,1036_w0769,768,UNKNOWN,4,3217.789,3218.63,0.841,So it's not about,whisper_canonical
1036,1036_w0770,769,UNKNOWN,8,3219.73,3223.113,3.383,policy. It sounds a lot like about personality.,whisper_canonical
1036,1036_w0771,770,UNKNOWN,7,3223.213,3225.935,2.722,And are those two issues so intertwined?,whisper_canonical
1036,1036_w0772,771,UNKNOWN,10,3227.08,3229.122,2.042,"The American people, by and large, don't vote on policy.",whisper_canonical
1036,1036_w0773,772,UNKNOWN,6,3229.142,3229.922,0.78,We like to think we do.,whisper_canonical
1036,1036_w0774,773,UNKNOWN,32,3231.264,3238.77,7.506,But none of us carries around a spreadsheet in our head balancing three points for abortion and two for guns or do the math and divide by four or something like that.,whisper_canonical
1036,1036_w0775,774,UNKNOWN,7,3239.49,3241.172,1.682,Most of us are Democrats or Republicans.,whisper_canonical
1036,1036_w0776,775,UNKNOWN,9,3241.212,3243.674,2.462,And even independents tend to be really reliably partisans.,whisper_canonical
1036,1036_w0777,776,UNKNOWN,15,3244.134,3248.378,4.244,"I think what we're looking for, though, is my guy really up to the task.",whisper_canonical
1036,1036_w0778,777,UNKNOWN,7,3248.678,3250.86,2.182,Trump has been picking up points lately.,whisper_canonical
1036,1036_w0779,778,UNKNOWN,12,3251.6,3254.042,2.442,One of the Democrats' arguments is there's a bit of Trump amnesia.,whisper_canonical
1036,1036_w0780,779,UNKNOWN,19,3254.843,3260.75,5.907,"And so hope of what the Biden campaign must do is remind voters, hey, he sounds a little wacky.",whisper_canonical
1036,1036_w0781,780,UNKNOWN,8,3261.291,3263.253,1.962,So those new numbers will then fade back.,whisper_canonical
1036,1036_w0782,781,UNKNOWN,7,3263.293,3264.434,1.141,"And again, it's not on the policy.",whisper_canonical
1036,1036_w0783,782,UNKNOWN,31,3265.281,3272.844,7.563,"If presidents ruled on what Americans wanted as public policy, we'd have a border along, we'd have a wall along the southern border, and we'd have a lot of gun control.",whisper_canonical
1036,1036_w0784,783,UNKNOWN,3,3273.244,3273.845,0.601,We have neither.,whisper_canonical
1036,1036_w0785,784,UNKNOWN,14,3274.525,3277.306,2.781,What we want is somebody who can represent and stand out for our values.,whisper_canonical
1036,1036_w0786,785,UNKNOWN,3,3277.346,3277.846,0.5,This is me.,whisper_canonical
1036,1036_w0787,786,UNKNOWN,15,3277.886,3281.208,3.322,"Here's who I want to project myself, my country to be in the White House.",whisper_canonical
1036,1036_w0788,787,UNKNOWN,15,3281.928,3285.289,3.361,"And again, both guys I think are going to want to tonight demonstrate they're sharp.",whisper_canonical
1036,1036_w0789,788,UNKNOWN,30,3285.329,3294.273,8.944,"They're on top of the facts, they're rational, they're reasonable, they get the task done, while simultaneously trying to go to the opponent into being the worst caricature of themselves.",whisper_canonical
1036,1036_w0790,789,UNKNOWN,17,3294.912,3300.144,5.232,Peter Loge is the chair at the School of Media and Public Affairs at George Washington University.,whisper_canonical
1036,1036_w0791,790,UNKNOWN,5,3300.264,3301.467,1.203,Thank you for your time.,whisper_canonical
1036,1036_w0792,791,UNKNOWN,3,3301.587,3302.329,0.742,We appreciate it.,whisper_canonical
1036,1036_w0793,792,UNKNOWN,2,3302.509,3302.95,0.441,Many thanks.,whisper_canonical
1036,1036_w0794,793,UNKNOWN,5,3302.97,3303.652,0.682,Always happy to join you.,whisper_canonical
1036,1036_w0795,794,UNKNOWN,28,3304.907,3316.11,11.203,"As we talked about, Peter Loge was talking about their policy, their records will come up tonight and voters will have a record for both of these candidates.",whisper_canonical
1036,1036_w0796,795,UNKNOWN,8,3316.17,3319.131,2.961,That was an issue back in as well.,whisper_canonical
1036,1036_w0797,796,UNKNOWN,16,3319.411,3324.633,5.222,Take a look at the two candidates talking about their political records at the first debate.,whisper_canonical
1036,1036_w0798,797,UNKNOWN,2,3325.413,3326.554,1.141,in Cleveland.,whisper_canonical
1036,1036_w0799,798,UNKNOWN,38,3326.894,3341.539,14.645,"And again, these debates, these former, these previous debates, and the vice presidential debates from all cycles can be found if you go to our website, cspan.org, if you've missed any of them, you can find it there.",whisper_canonical
1036,1036_w0800,799,UNKNOWN,8,3341.739,3345.241,3.502,"Again, back in talking about their political records.",whisper_canonical
1036,1036_w0801,800,UNKNOWN,22,3346.707,3354.555,7.848,"Looking at both of your records, I'm going to ask each of you, why should voters elect you president over your opponent?",whisper_canonical
1036,1036_w0802,801,UNKNOWN,25,3354.916,3363.265,8.349,Because there has never been an administration or president who has done more than I've done in a period of three and a half years.,whisper_canonical
1036,1036_w0803,802,UNKNOWN,23,3363.405,3370.311,6.906,"And that's despite the impeachment hoax And you saw what happened today with Hillary Clinton, where it was a whole big con job.",whisper_canonical
1036,1036_w0804,803,UNKNOWN,31,3370.811,3379.817,9.006,"But despite going through all of these things, where I had to fight both flanks and behind me and above, there has never been an administration that's done what I've done.",whisper_canonical
1036,1036_w0805,804,UNKNOWN,14,3380.237,3385.04,4.803,"The greatest before COVID came in, the greatest economy in history, lowest unemployment numbers.",whisper_canonical
1036,1036_w0806,805,UNKNOWN,3,3385.28,3386.261,0.981,Everything was good.,whisper_canonical
1036,1036_w0807,806,UNKNOWN,3,3386.441,3387.261,0.82,Everything was going.,whisper_canonical
1036,1036_w0808,807,UNKNOWN,10,3387.301,3389.922,2.621,"And by the way, There was unity going to happen.",whisper_canonical
1036,1036_w0809,808,UNKNOWN,35,3390.142,3398.365,8.223,People were calling me for the first time in years they were calling and they were saying it's time maybe and then what happened we got hit but now we're building it back up again.,whisper_canonical
1036,1036_w0810,809,UNKNOWN,14,3398.805,3402.606,3.801,A rebuilding of the military including Space Force and all of the other things.,whisper_canonical
1036,1036_w0811,810,UNKNOWN,11,3403.106,3407.727,4.621,A fixing of the VA which was a mess under him.,whisper_canonical
1036,1036_w0812,811,UNKNOWN,9,3409.208,3411.348,2.14,people died because they didn't have proper health care.,whisper_canonical
1036,1036_w0813,812,UNKNOWN,4,3411.728,3412.529,0.801,It was a mess.,whisper_canonical
1036,1036_w0814,813,UNKNOWN,13,3412.869,3419.603,6.734,"Under this president we become weaker, sicker, poorer, more divided and more violent.",whisper_canonical
1036,1036_w0815,814,UNKNOWN,9,3420.62,3424.421,3.801,"When I was Vice President, we inherited a recession.",whisper_canonical
1036,1036_w0816,815,UNKNOWN,6,3424.922,3425.882,0.96,I was asked to fix it.,whisper_canonical
1036,1036_w0817,816,UNKNOWN,2,3426.122,3426.482,0.36,I did.,whisper_canonical
1036,1036_w0818,817,UNKNOWN,16,3426.582,3432.504,5.922,"We left him a booming economy, and he caused the recession with regard to being weaker.",whisper_canonical
1036,1036_w0819,818,UNKNOWN,24,3433.045,3438.607,5.562,The fact is that I've gone head-to-head with Putin and made it clear to him we're not going to take any of his stuff.,whisper_canonical
1036,1036_w0820,819,UNKNOWN,3,3439.047,3440.007,0.96,He's Putin's puppy.,whisper_canonical
1036,1036_w0821,820,UNKNOWN,18,3440.047,3445.229,5.182,He still refuses to even say anything to Putin about the bounty on the heads of American soldiers.,whisper_canonical
1036,1036_w0822,821,UNKNOWN,4,3445.309,3446.189,0.88,Your son got million.,whisper_canonical
1036,1036_w0823,822,UNKNOWN,3,3446.209,3446.81,0.601,"No, no, no.",whisper_canonical
1036,1036_w0824,823,UNKNOWN,2,3446.83,3447.21,0.38,That's right.,whisper_canonical
1036,1036_w0825,824,UNKNOWN,15,3449.709,3455.394,5.685,"a look back at the presidential debate, the first one that took place in Cleveland.",whisper_canonical
1036,1036_w0826,825,UNKNOWN,12,3455.434,3461.86,6.426,Now we are just about two minutes away from tonight's presidential debate.,whisper_canonical
1036,1036_w0827,826,UNKNOWN,15,3461.9,3465.584,3.684,"We'll try to get in David, who's in California, voting for a third party candidate.",whisper_canonical
1036,1036_w0828,827,UNKNOWN,10,3465.644,3467.966,2.322,There will only be two candidates on the stage tonight.,whisper_canonical
1036,1036_w0829,828,UNKNOWN,9,3468.006,3469.607,1.601,"David, what do you want to hear from them?",whisper_canonical
1036,1036_w0830,829,UNKNOWN,16,3471.129,3475.753,4.624,I want to hear to set the border and quit letting these people in our country,whisper_canonical
1036,1036_w0831,830,UNKNOWN,48,3477.197,3495.244,18.047,"And because there's no way that these people that's coming into our country illegally and stuff is going to get jobs, be able to pay for their rent, their food, their insurance, their clothes, and everything else to live except through a socialist system that the government's probably",whisper_canonical
1036,1036_w0832,831,UNKNOWN,4,3496.704,3498.565,1.861,starting up going for.,whisper_canonical
1036,1036_w0833,832,UNKNOWN,3,3498.585,3501.806,3.221,This isn't right.,whisper_canonical
1036,1036_w0834,833,UNKNOWN,6,3502.107,3503.627,1.52,The border needs to be closed.,whisper_canonical
1036,1036_w0835,834,UNKNOWN,7,3503.647,3505.748,2.101,These people need to be deported because,whisper_canonical
1036,1036_w0836,835,UNKNOWN,2,3506.978,3507.819,0.841,America first.,whisper_canonical
1036,1036_w0837,836,UNKNOWN,15,3508.059,3511.401,3.342,"Alright, so immigration is your issue, David, that you want to hear from these candidates.",whisper_canonical
1036,1036_w0838,837,UNKNOWN,6,3511.481,3513.142,1.661,Who are you supporting in November?,whisper_canonical
1036,1036_w0839,838,UNKNOWN,2,3514.403,3515.043,0.64,Donald Trump.,whisper_canonical
1036,1036_w0840,839,UNKNOWN,2,3515.884,3516.504,0.62,"Alright, why?",whisper_canonical
1036,1036_w0841,840,UNKNOWN,4,3516.524,3518.986,2.462,Because I feel that,whisper_canonical
1036,1036_w0842,841,UNKNOWN,3,3520.167,3521.007,0.84,he loves America.,whisper_canonical
1036,1036_w0843,842,UNKNOWN,13,3521.087,3525.43,4.343,He wants America to be number one and he's for the American people.,whisper_canonical
1036,1036_w0844,843,UNKNOWN,5,3525.73,3527.131,1.401,He's not for the globalists.,whisper_canonical
1036,1036_w0845,844,UNKNOWN,5,3527.171,3528.692,1.521,He's not for the corporations.,whisper_canonical
1036,1036_w0846,845,UNKNOWN,17,3528.732,3535.697,6.965,"He's not out there letting people, getting money in for himself and his family and stuff for",whisper_canonical
1036,1036_w0847,846,UNKNOWN,7,3537.196,3539.077,1.881,to send money out to other countries.,whisper_canonical
1036,1036_w0848,847,UNKNOWN,10,3539.397,3541.977,2.58,"All right, David, that was David supporting the former president.",whisper_canonical
1036,1036_w0849,848,UNKNOWN,13,3542.237,3546.338,4.101,"We're going to hear from you, all of you, again after tonight's debate.",whisper_canonical
1036,1036_w0850,849,UNKNOWN,23,3546.738,3554.14,7.402,And we're now under a minute away from tonight's SAML cast of the CNN presidential debate in Atlanta here on the C-SPAN networks.,whisper_canonical
1036,1036_w0851,850,UNKNOWN,14,3554.56,3560.622,6.062,"Again, about minutes of debate expected tonight between President Biden and former President Trump.",whisper_canonical
1036,1036_w0852,851,UNKNOWN,8,3561.202,3564.446,3.244,"Following the debate, our coverage continues right here.",whisper_canonical
1036,1036_w0853,852,UNKNOWN,11,3564.506,3567.871,3.365,We'll take your phone calls and your reaction on social media.,whisper_canonical
1036,1036_w0854,853,UNKNOWN,10,3568.211,3571.195,2.984,We'll also be live with surrogates from the campaigns inside.,whisper_canonical
1036,1036_w0855,854,UNKNOWN,15,3583.852,3588.274,4.422,"We're live from Georgia, a key battleground state in the race for the White House.",whisper_canonical
1036,1036_w0856,855,UNKNOWN,6,3588.394,3590.235,1.841,"In just moments, the current U.S.",whisper_canonical
1036,1036_w0857,856,UNKNOWN,6,3590.276,3592.877,2.601,president will debate the former U.S.,whisper_canonical
1036,1036_w0858,857,UNKNOWN,11,3592.917,3598.48,5.563,president as their party's presumptive nominees of first in American history.,whisper_canonical
1036,1036_w0859,858,UNKNOWN,19,3599.06,3604.383,5.323,We want to welcome our viewers in the United States and around the world to our studios in Atlanta.,whisper_canonical
1036,1036_w0860,859,UNKNOWN,6,3604.843,3607.485,2.642,This is the CNN Presidential Debate.,whisper_canonical
1036,1036_w0861,860,UNKNOWN,23,3608.647,3619.27,10.623,"This debate is being produced by CNN and is coming to you live on CNN, CNN International, CNN.com, CNN Max, and CNN Espanol.",whisper_canonical
1036,1036_w0862,861,UNKNOWN,22,3619.85,3627.472,7.622,This is a pivotal moment between President Joe Biden and former President Donald Trump in their rematch for the nation's highest office.,whisper_canonical
1036,1036_w0863,862,UNKNOWN,17,3628.052,3633.093,5.041,Each will make his case to the American people with just over four months until Election Day.,whisper_canonical
1036,1036_w0864,863,UNKNOWN,17,3634.288,3639.693,5.405,"Good evening, I'm Dana Bash, anchor of CNN's Inside Politics and co-anchor of State of the Union.",whisper_canonical
1036,1036_w0865,864,UNKNOWN,15,3639.893,3643.577,3.684,"I'm Jake Tapper, anchor of CNN's The Lead and co-anchor of State of the Union.",whisper_canonical
1036,1036_w0866,865,UNKNOWN,7,3643.997,3646.199,2.202,Dana and I will co-moderate this evening.,whisper_canonical
1036,1036_w0867,866,UNKNOWN,12,3646.259,3651.244,4.985,Our job is to facilitate a debate between the two candidates tonight.,whisper_canonical
1036,1036_w0868,867,UNKNOWN,18,3651.724,3655.528,3.804,"Before we introduce them, we want to share the rules of the debate with the audience at home.",whisper_canonical
1036,1036_w0869,868,UNKNOWN,12,3656.048,3658.71,2.662,Former President Trump will be on the left side of the screen.,whisper_canonical
1036,1036_w0870,869,UNKNOWN,8,3659.03,3661.172,2.142,President Biden will be appearing on the right.,whisper_canonical
1036,1036_w0871,870,UNKNOWN,6,3661.312,3663.793,2.481,A coin toss determines their positions.,whisper_canonical
1036,1036_w0872,871,UNKNOWN,18,3664.434,3670.638,6.204,Each candidate will have two minutes to answer a question and one minute each for responses and rebuttals.,whisper_canonical
1036,1036_w0873,872,UNKNOWN,13,3671.158,3676.622,5.464,An additional minute for follow-up clarification or response is at the moderator's discretion.,whisper_canonical
1036,1036_w0874,873,UNKNOWN,22,3677.471,3684.398,6.927,"When it's time for a candidate to speak, his microphone will be turned on and his opponent's microphone will be turned off.",whisper_canonical
1036,1036_w0875,874,UNKNOWN,19,3685.039,3691.305,6.266,"Should a candidate interrupt when his microphone is muted, he will be difficult to understand for viewers at home.",whisper_canonical
1036,1036_w0876,875,UNKNOWN,15,3692.146,3696.15,4.004,"At the end of the debate, each candidate will get two minutes for closing statements.",whisper_canonical
1036,1036_w0877,876,UNKNOWN,6,3696.63,3698.672,2.042,There is no studio audience tonight.,whisper_canonical
1036,1036_w0878,877,UNKNOWN,14,3699.072,3704.196,5.124,"Pre-written notes, props, or contact with campaign staff are not permitted during the debate.",whisper_canonical
1036,1036_w0879,878,UNKNOWN,16,3704.816,3711.521,6.705,"By accepting our invitation to debate, both candidates and their campaigns agreed to accept these rules.",whisper_canonical
1036,1036_w0880,879,UNKNOWN,12,3712.162,3716.245,4.083,"Now please welcome the 46th president of the United States, Joe Biden.",whisper_canonical
1036,1036_w0881,880,UNKNOWN,12,3729.105,3733.282,4.177,"And please welcome the 45th President of the United States, Donald Trump.",whisper_canonical
1036,1036_w0882,881,UNKNOWN,7,3744.687,3746.188,1.501,"Gentlemen, thanks so much for being here.",whisper_canonical
1036,1036_w0883,882,UNKNOWN,20,3746.228,3753.051,6.823,Let's begin the debate and let's start with the issue that voters consistently say is their top concern the economy.,whisper_canonical
1036,1036_w0884,883,UNKNOWN,9,3753.611,3757.653,4.042,"President Biden inflation has slowed, but prices remain high.",whisper_canonical
1036,1036_w0885,884,UNKNOWN,10,3758.194,3761.175,2.981,"Since you took office, the price of essentials has increased.",whisper_canonical
1036,1036_w0886,885,UNKNOWN,21,3761.595,3766.357,4.762,"For example, a basket of groceries that cost then now costs more than and typical home prices have jumped more than",whisper_canonical
1036,1036_w0887,886,UNKNOWN,21,3771.64,3776.903,5.263,What do you say to voters who feel they are worse off under your presidency than they were under President Trump?,whisper_canonical
1036,1036_w0888,887,UNKNOWN,18,3777.283,3781.026,3.743,We got to take a look at what I was left when I became president and what Mr.,whisper_canonical
1036,1036_w0889,888,UNKNOWN,3,3781.046,3781.666,0.62,Trump left me.,whisper_canonical
1036,1036_w0890,889,UNKNOWN,9,3782.226,3783.988,1.762,We had an economy that was in free fall.,whisper_canonical
1036,1036_w0891,890,UNKNOWN,6,3784.488,3786.309,1.821,The pandemic was so badly handled.,whisper_canonical
1036,1036_w0892,891,UNKNOWN,4,3786.929,3787.93,1.001,Many people were dying.,whisper_canonical
1036,1036_w0893,892,UNKNOWN,8,3788.01,3789.671,1.661,"All he said was, it's not that serious.",whisper_canonical
1036,1036_w0894,893,UNKNOWN,8,3789.951,3791.652,1.701,Just inject a little bleach into your arm.,whisper_canonical
1036,1036_w0895,894,UNKNOWN,4,3791.952,3792.593,0.641,You'll be all right.,whisper_canonical
1036,1036_w0896,895,UNKNOWN,3,3793.093,3794.094,1.001,The economy collapsed.,whisper_canonical
1036,1036_w0897,896,UNKNOWN,4,3794.594,3795.494,0.9,There were no jobs.,whisper_canonical
1036,1036_w0898,897,UNKNOWN,7,3795.954,3799.115,3.161,Unemployment rate rose to It was terrible.,whisper_canonical
1036,1036_w0899,898,UNKNOWN,15,3799.595,3802.116,2.521,And so what we had to do is try to put things back together again.,whisper_canonical
1036,1036_w0900,899,UNKNOWN,8,3802.136,3804.257,2.121,And that's exactly what we began to do.,whisper_canonical
1036,1036_w0901,900,UNKNOWN,4,3804.757,3806.557,1.8,We created new jobs.,whisper_canonical
1036,1036_w0902,901,UNKNOWN,11,3807.177,3811.579,4.402,We brought out the position where we have new manufacturing jobs.,whisper_canonical
1036,1036_w0903,902,UNKNOWN,6,3811.899,3812.839,0.94,But there's more to be done.,whisper_canonical
1036,1036_w0904,903,UNKNOWN,5,3813.379,3814.2,0.821,There's more to be done.,whisper_canonical
1036,1036_w0905,904,UNKNOWN,6,3814.32,3815.981,1.661,Working-class people are still in trouble.,whisper_canonical
1036,1036_w0906,905,UNKNOWN,5,3816.542,3818.003,1.461,"I come from Scranton, Pennsylvania.",whisper_canonical
1036,1036_w0907,906,UNKNOWN,4,3818.063,3818.924,0.861,I come of household.,whisper_canonical
1036,1036_w0908,907,UNKNOWN,5,3819.324,3820.265,0.941,We're at a kitchen table.,whisper_canonical
1036,1036_w0909,908,UNKNOWN,15,3820.285,3823.287,3.002,"If the things weren't able to be met during the month, it was a problem.",whisper_canonical
1036,1036_w0910,909,UNKNOWN,20,3823.307,3827.511,4.204,"The price of eggs, the price of gas, the price of housing, the price of a whole range of things.",whisper_canonical
1036,1036_w0911,910,UNKNOWN,27,3827.931,3834.316,6.385,"That's why I'm working so hard to make sure I deal with those problems, that we're going to make sure that we reduce the price of housing.",whisper_canonical
1036,1036_w0912,911,UNKNOWN,10,3834.737,3837.459,2.722,We're going to make sure we build million new units.,whisper_canonical
1036,1036_w0913,912,UNKNOWN,14,3837.839,3841.063,3.224,We're going to make sure we cap rents so corporate greed can't take over.,whisper_canonical
1036,1036_w0914,913,UNKNOWN,20,3841.103,3845.188,4.085,"The combination, what I was left with in corporate greed is the reason why I'm in this problem right now.",whisper_canonical
1036,1036_w0915,914,UNKNOWN,42,3845.769,3856.001,10.232,"In addition to that, we're in a situation where if you had to take a look at all that was done in his administration, he didn't do much at all by the time he left, there were things that were in chaos.",whisper_canonical
1036,1036_w0916,915,UNKNOWN,2,3856.782,3857.643,0.861,literally chaos.,whisper_canonical
1036,1036_w0917,916,UNKNOWN,41,3858.243,3869.629,11.386,"And so we put things back together, we created, I said those jobs, we make sure we had a situation where we now, we brought down the price of prescription drugs, which is a major issue for many people, to for",whisper_canonical
1036,1036_w0918,917,UNKNOWN,13,3871.19,3875.552,4.362,an insulin shot as opposed to No senior has to pay more than,whisper_canonical
1036,1036_w0919,918,UNKNOWN,11,3876.733,3880.575,3.842,"for any drug, all the drugs they conclude beginning next year.",whisper_canonical
1036,1036_w0920,919,UNKNOWN,12,3881.135,3883.957,2.822,And the situation is we're going to make that available to everybody.,whisper_canonical
1036,1036_w0921,920,UNKNOWN,3,3884.297,3885.077,0.78,to all Americans.,whisper_canonical
1036,1036_w0922,921,UNKNOWN,22,3885.437,3889.558,4.121,"So we're working to bring down the price of ground in the kitchen table, and that's what we're going to get done.",whisper_canonical
1036,1036_w0923,922,UNKNOWN,2,3890.558,3890.898,0.34,Thank you.,whisper_canonical
1036,1036_w0924,923,UNKNOWN,2,3890.938,3891.418,0.48,President Trump?,whisper_canonical
1036,1036_w0925,924,UNKNOWN,11,3892.218,3894.779,2.561,We have the greatest economy in the history of our country.,whisper_canonical
1036,1036_w0926,925,UNKNOWN,6,3895.619,3897.519,1.9,We have never done so well.,whisper_canonical
1036,1036_w0927,926,UNKNOWN,5,3898.78,3900.46,1.68,Everybody was amazed by it.,whisper_canonical
1036,1036_w0928,927,UNKNOWN,5,3900.52,3901.86,1.34,Other countries were copying us.,whisper_canonical
1036,1036_w0929,928,UNKNOWN,5,3901.92,3903.621,1.701,We got hit with COVID.,whisper_canonical
1036,1036_w0930,929,UNKNOWN,25,3904.481,3910.382,5.901,"And when we did, we spent the money necessary, so we wouldn't end up in a great depression, the likes of which we had in",whisper_canonical
1036,1036_w0931,930,UNKNOWN,100,3911.982,3939.262,27.28,"by the time we finished so we did a great job we got a lot of credit for the economy a lot of credit for the military and no wars and so many other things everything was rocking good but the thing we never got the credit for and we should have is getting us out of that covert mess he created mandates that was a disaster for our country but other than that we had we had given them back a a country where the stock market actually was higher than pre-COVID, and nobody thought that was even possible.",whisper_canonical
1036,1036_w0932,931,UNKNOWN,17,3939.943,3945.308,5.365,"The only jobs he created are for illegal immigrants and bounce-back jobs, a bounce-back from the COVID.",whisper_canonical
1036,1036_w0933,932,UNKNOWN,7,3945.809,3947.13,1.321,He has not done a good job.,whisper_canonical
1036,1036_w0934,933,UNKNOWN,5,3947.17,3947.991,0.821,He's done a poor job.,whisper_canonical
1036,1036_w0935,934,UNKNOWN,6,3948.031,3949.592,1.561,And inflation is killing our country.,whisper_canonical
1036,1036_w0936,935,UNKNOWN,5,3949.813,3951.154,1.341,It is absolutely killing us.,whisper_canonical
1036,1036_w0937,936,UNKNOWN,4,3952.035,3952.956,0.921,"Thank you, President Biden.",whisper_canonical
1036,1036_w0938,937,UNKNOWN,8,3953.793,3955.393,1.6,"Well, look, the greatest economy in the world.",whisper_canonical
1036,1036_w0939,938,UNKNOWN,9,3955.713,3957.054,1.341,"He's the only one who thinks that, I think.",whisper_canonical
1036,1036_w0940,939,UNKNOWN,14,3957.074,3959.934,2.86,I don't know anybody else who thinks he's the greatest economy in the world.,whisper_canonical
1036,1036_w0941,940,UNKNOWN,17,3960.634,3965.955,5.321,"And, you know, the fact of the matter is that we pride ourselves in a situation where",whisper_canonical
1036,1036_w0942,941,UNKNOWN,6,3967.255,3969.536,2.281,"his economy, he rewarded the wealthy.",whisper_canonical
1036,1036_w0943,942,UNKNOWN,10,3969.896,3973.116,3.22,"He had the largest tax cut in American history, trillion.",whisper_canonical
1036,1036_w0944,943,UNKNOWN,13,3973.456,3976.417,2.961,He raised a deficit larger than any president has in any one term.,whisper_canonical
1036,1036_w0945,944,UNKNOWN,22,3976.997,3982.618,5.621,"He's the only president other than Herbert Hoover, who's had lost more jobs than he had when he began, since Herbert Hoover.",whisper_canonical
1036,1036_w0946,945,UNKNOWN,12,3983.218,3986.7,3.482,The idea that he did something that was significant in the military.,whisper_canonical
1036,1036_w0947,946,UNKNOWN,13,3987.18,3990.922,3.742,"You know, when he was president, there was still killing people in Afghanistan.",whisper_canonical
1036,1036_w0948,947,UNKNOWN,6,3991.382,3992.483,1.101,He didn't do anything about that.,whisper_canonical
1036,1036_w0949,948,UNKNOWN,23,3992.883,3999.847,6.964,"When he was president, we were still finding ourselves in a position where you had a notion that we were this safe country.",whisper_canonical
1036,1036_w0950,949,UNKNOWN,27,4000.247,4009.912,9.665,"The truth is, I'm the only president this century that doesn't have any, this decade, that done any troops dying anywhere in the world like he did.",whisper_canonical
1036,1036_w0951,950,UNKNOWN,10,4011.195,4013.678,2.483,"President Trump, I want to follow up if I can.",whisper_canonical
1036,1036_w0952,951,UNKNOWN,9,4013.698,4016.401,2.703,"Well, I'm going to ask you a follow up.",whisper_canonical
1036,1036_w0953,952,UNKNOWN,13,4016.421,4018.163,1.742,You can do whatever you want with the minute that we give you.,whisper_canonical
1036,1036_w0954,953,UNKNOWN,5,4018.183,4019.624,1.441,I want to follow up.,whisper_canonical
1036,1036_w0955,954,UNKNOWN,14,4019.865,4023.448,3.583,You want to impose a percent tariff on all goods coming into the U.S.,whisper_canonical
1036,1036_w0956,955,UNKNOWN,11,4024.029,4026.772,2.743,How will you ensure that that doesn't drive prices even higher?,whisper_canonical
1036,1036_w0957,956,UNKNOWN,6,4026.972,4027.952,0.98,not going to drive them higher.,whisper_canonical
1036,1036_w0958,957,UNKNOWN,24,4027.972,4033.615,5.643,It's just going to cost countries that have been ripping us off for years like China and many others in all fairness to China.,whisper_canonical
1036,1036_w0959,958,UNKNOWN,27,4034.095,4040.398,6.303,"It's going to just force them to pay us a lot of money, reduce our deficit tremendously, and give us a lot of power for other things.",whisper_canonical
1036,1036_w0960,959,UNKNOWN,5,4040.458,4042.138,1.68,But he made a statement.,whisper_canonical
1036,1036_w0961,960,UNKNOWN,17,4042.198,4046.12,3.922,The only thing he was right about is I gave you the largest tax cut in history.,whisper_canonical
1036,1036_w0962,961,UNKNOWN,10,4046.16,4048.601,2.441,I also gave you the largest regulation cut in history.,whisper_canonical
1036,1036_w0963,962,UNKNOWN,7,4048.641,4049.921,1.28,That's why we had all the jobs.,whisper_canonical
1036,1036_w0964,963,UNKNOWN,10,4050.302,4052.282,1.98,And the jobs went down and then they bounced back.,whisper_canonical
1036,1036_w0965,964,UNKNOWN,8,4052.322,4054.143,1.821,And he's taking credit for bounced back jobs.,whisper_canonical
1036,1036_w0966,965,UNKNOWN,4,4054.183,4054.883,0.7,You can't do that.,whisper_canonical
1036,1036_w0967,966,UNKNOWN,6,4055.244,4058.265,3.021,"He also said, He inherited inflation.",whisper_canonical
1036,1036_w0968,967,UNKNOWN,45,4058.285,4069.888,11.603,"Now, he inherited almost no inflation, and it stayed that way for months, and then it blew up under his leadership because they spent money like a bunch of people that didn't know what they were doing, and they don't know what they were doing.",whisper_canonical
1036,1036_w0969,968,UNKNOWN,10,4069.908,4072.869,2.961,"It was the worst, probably the worst administration in history.",whisper_canonical
1036,1036_w0970,969,UNKNOWN,3,4073.129,4073.81,0.681,There's never been.,whisper_canonical
1036,1036_w0971,970,UNKNOWN,24,4074.09,4081.812,7.722,"And as far as Afghanistan is concerned, I was getting out of Afghanistan, but we were getting out with dignity, with strength, with power.",whisper_canonical
1036,1036_w0972,971,UNKNOWN,3,4082.393,4082.973,0.58,He got out.,whisper_canonical
1036,1036_w0973,972,UNKNOWN,13,4083.053,4086.435,3.382,It was the most embarrassing day in the history of our country's life.,whisper_canonical
1036,1036_w0974,973,UNKNOWN,19,4086.995,4092.998,6.003,"President Trump, over the last eight years, under both of your administrations, the national debt soared to record highs.",whisper_canonical
1036,1036_w0975,974,UNKNOWN,28,4093.438,4102.602,9.164,"And according to a new nonpartisan analysis, President Trump, your administration approved trillion in new debt, while so far, President Biden, you have approved trillion in new debt.",whisper_canonical
1036,1036_w0976,975,UNKNOWN,20,4104.283,4109.365,5.082,"So, former President Trump, many of the tax cuts that you signed into law are set to expire next year.",whisper_canonical
1036,1036_w0977,976,UNKNOWN,11,4109.785,4112.105,2.32,"You want to extend them and go even further, you say.",whisper_canonical
1036,1036_w0978,977,UNKNOWN,3,4112.565,4113.266,0.701,With the U.S.,whisper_canonical
1036,1036_w0979,978,UNKNOWN,21,4113.346,4121.148,7.802,"facing trillion-dollar deficits and record debt, why should top earners and corporations pay even less in taxes than they do now?",whisper_canonical
1036,1036_w0980,979,UNKNOWN,16,4121.446,4125.828,4.382,Because the tax cuts spurred the greatest economy that we've ever seen just prior to COVID.,whisper_canonical
1036,1036_w0981,980,UNKNOWN,23,4125.868,4131.351,5.483,"And even after COVID, it was so strong that we're able to get through COVID much better than just about any other country.",whisper_canonical
1036,1036_w0982,981,UNKNOWN,6,4131.791,4133.612,1.821,But we spurred that tax spurred.,whisper_canonical
1036,1036_w0983,982,UNKNOWN,43,4133.652,4148.52,14.868,"Now, when we cut the taxes, as an example, the corporate tax was cut down to percent from percent, plus beyond that, we took in more revenue with much less tax And companies were bringing back trillions of dollars back into our country.",whisper_canonical
1036,1036_w0984,983,UNKNOWN,7,4148.96,4151.482,2.522,The country was going like never before.,whisper_canonical
1036,1036_w0985,984,UNKNOWN,9,4151.962,4153.884,1.922,And we were ready to start paying down debt.,whisper_canonical
1036,1036_w0986,985,UNKNOWN,19,4153.924,4158.728,4.804,"We already start using the liquid gold right under our feet, the oil and gas right under our feet.",whisper_canonical
1036,1036_w0987,986,UNKNOWN,11,4159.088,4161.77,2.682,We were going to have something that nobody else has had.,whisper_canonical
1036,1036_w0988,987,UNKNOWN,5,4162.151,4163.291,1.14,We got hit with COVID.,whisper_canonical
1036,1036_w0989,988,UNKNOWN,7,4163.632,4164.833,1.201,We did a lot to fix it.,whisper_canonical
1036,1036_w0990,989,UNKNOWN,21,4164.873,4171.138,6.265,I gave him an unbelievable situation with all of the therapeutics and all of the things that we came up with.,whisper_canonical
1036,1036_w0991,990,UNKNOWN,5,4171.918,4173.319,1.401,We gave him something great.,whisper_canonical
1036,1036_w0992,991,UNKNOWN,14,4173.359,4179.441,6.082,"Remember, more people died under his administration, even though we had largely fixed it.",whisper_canonical
1036,1036_w0993,992,UNKNOWN,29,4179.841,4187.344,7.503,"More people died under his administration than our administration, and we were right in the middle of it, something which a lot of people don't like to talk about.",whisper_canonical
1036,1036_w0994,993,UNKNOWN,10,4187.684,4190.705,3.021,But he had far more people dying in his administration.,whisper_canonical
1036,1036_w0995,994,UNKNOWN,10,4191.045,4193.746,2.701,"He did the mandate, which is a disaster, mandating it.",whisper_canonical
1036,1036_w0996,995,UNKNOWN,4,4194.267,4195.187,0.92,The vaccine went out.,whisper_canonical
1036,1036_w0997,996,UNKNOWN,19,4195.227,4200.389,5.162,"He did a mandate on the vaccine, which is the thing that people most objected to about the vaccine.",whisper_canonical
1036,1036_w0998,997,UNKNOWN,12,4200.929,4203.431,2.502,"And he did a very poor job, just a very poor job.",whisper_canonical
1036,1036_w0999,998,UNKNOWN,21,4203.832,4209.357,5.525,"And I will tell you, not only poor there, but throughout the entire world, we're no longer respected as a country.",whisper_canonical
1036,1036_w1000,999,UNKNOWN,5,4209.637,4211.039,1.402,They don't respect our leadership.,whisper_canonical
1036,1036_w1001,1000,UNKNOWN,7,4211.319,4213.341,2.022,They don't respect the United States anymore.,whisper_canonical
1036,1036_w1002,1001,UNKNOWN,18,4213.641,4219.727,6.086,"We're like a third world leadership between weaponization of his election, trying to go after his political opponent.",whisper_canonical
1036,1036_w1003,1002,UNKNOWN,16,4220.267,4224.63,4.363,"All of the things he's done, we've become like a third-world nation, and it's a shame.",whisper_canonical
1036,1036_w1004,1003,UNKNOWN,40,4225.07,4237.036,11.966,"The damage he's done to our country, and I'd love to ask him and will, why he allowed millions of people to come in here from prisons, jails, and mental institutions to come into our country and destroy our country.",whisper_canonical
1036,1036_w1005,1004,UNKNOWN,11,4237.657,4240.839,3.182,"President Trump, we will get to immigration later in this block.",whisper_canonical
1036,1036_w1006,1005,UNKNOWN,18,4240.919,4245.021,4.102,"President Biden, I want to give you an opportunity to respond to this question about the national debt.",whisper_canonical
1036,1036_w1007,1006,UNKNOWN,14,4245.83,4249.193,3.363,"He had the largest national debt of any president in four-year period, number one.",whisper_canonical
1036,1036_w1008,1007,UNKNOWN,13,4249.833,4254.236,4.403,"Number two, he got two trillion-dollar tax cuts that benefited the very wealthy.",whisper_canonical
1036,1036_w1009,1008,UNKNOWN,10,4255.357,4256.798,1.441,What I'm going to do is fix the tax system.,whisper_canonical
1036,1036_w1010,1009,UNKNOWN,14,4256.838,4261.662,4.824,"For example, we have a thousand trillionaires in America, I mean billionaires in America.",whisper_canonical
1036,1036_w1011,1010,UNKNOWN,3,4262.182,4262.863,0.681,And what's happening?,whisper_canonical
1036,1036_w1012,1011,UNKNOWN,12,4263.263,4267.246,3.983,"They're in a situation where they, in fact, pay percent in taxes.",whisper_canonical
1036,1036_w1013,1012,UNKNOWN,24,4267.746,4276.933,9.187,"If they just paid percent or percent, either one of those numbers, they'd raise million, billion dollars, I should say, in a 10-year period.",whisper_canonical
1036,1036_w1014,1013,UNKNOWN,8,4277.293,4278.854,1.561,We'd be able to wipe out his debt.,whisper_canonical
1036,1036_w1015,1014,UNKNOWN,29,4278.894,4287.18,8.286,"We'd be able to help make sure that all those things we need to do, childcare, elder care, making sure that we continue to strengthen our health care system.",whisper_canonical
1036,1036_w1016,1015,UNKNOWN,11,4287.56,4291.081,3.521,making sure that we're able to make every single solitary person,whisper_canonical
1036,1036_w1017,1016,UNKNOWN,14,4292.662,4297.524,4.862,"eligible for what I've been able to do with the COVID, excuse me, with",whisper_canonical
1036,1036_w1018,1017,UNKNOWN,8,4298.844,4301.025,2.181,"dealing with everything we have to do with,",whisper_canonical
1036,1036_w1019,1018,UNKNOWN,2,4302.965,4305.146,2.181,"look, if",whisper_canonical
1036,1036_w1020,1019,UNKNOWN,4,4306.367,4307.927,1.56,we finally beat Medicare.,whisper_canonical
1036,1036_w1021,1020,UNKNOWN,4,4308.427,4309.588,1.161,"Thank you, President Biden.",whisper_canonical
1036,1036_w1022,1021,UNKNOWN,2,4309.608,4310.128,0.52,President Trump?,whisper_canonical
1036,1036_w1023,1022,UNKNOWN,2,4311.293,4311.693,0.4,He's right.,whisper_canonical
1036,1036_w1024,1023,UNKNOWN,4,4311.733,4312.794,1.061,He did beat Medicare.,whisper_canonical
1036,1036_w1025,1024,UNKNOWN,17,4312.814,4317.697,4.883,"He beat it to death, and he's destroying Medicare because all of these people are coming in.",whisper_canonical
1036,1036_w1026,1025,UNKNOWN,5,4318.017,4319.358,1.341,They're putting them on Medicare.,whisper_canonical
1036,1036_w1027,1026,UNKNOWN,6,4319.378,4321.42,2.042,They're putting them on Social Security.,whisper_canonical
1036,1036_w1028,1027,UNKNOWN,6,4321.44,4323.201,1.761,They're going to destroy Social Security.,whisper_canonical
1036,1036_w1029,1028,UNKNOWN,9,4323.241,4326.823,3.582,This man is going to single-handedly destroy Social Security.,whisper_canonical
1036,1036_w1030,1029,UNKNOWN,16,4326.863,4331.326,4.463,"These millions and millions of people coming in, they're trying to put them on Social Security.",whisper_canonical
1036,1036_w1031,1030,UNKNOWN,6,4331.586,4333.968,2.382,He will wipe out Social security.,whisper_canonical
1036,1036_w1032,1031,UNKNOWN,5,4334.028,4335.449,1.421,He will wipe out Medicare.,whisper_canonical
1036,1036_w1033,1032,UNKNOWN,11,4335.829,4337.971,2.142,So he was right in the way he finished that sentence.,whisper_canonical
1036,1036_w1034,1033,UNKNOWN,4,4338.111,4338.852,0.741,And it's a shame.,whisper_canonical
1036,1036_w1035,1034,UNKNOWN,15,4339.152,4343.695,4.543,What's happened to our country in the last four years is not to be believed.,whisper_canonical
1036,1036_w1036,1035,UNKNOWN,20,4344.116,4349.92,5.804,"Foreign countries, I'm friends with a lot of people, they cannot believe what happened to the United States of America.",whisper_canonical
1036,1036_w1037,1036,UNKNOWN,4,4350.02,4351.221,1.201,We're no longer respected.,whisper_canonical
1036,1036_w1038,1037,UNKNOWN,4,4351.702,4353.063,1.361,They don't like us.,whisper_canonical
1036,1036_w1039,1038,UNKNOWN,11,4353.503,4356.806,3.303,"We give them everything they want, and they think we're stupid.",whisper_canonical
1036,1036_w1040,1039,UNKNOWN,6,4356.926,4358.307,1.381,They think we're very stupid people.,whisper_canonical
1036,1036_w1041,1040,UNKNOWN,20,4358.807,4365.651,6.844,"What we're doing for other countries, and they do nothing for us, what this man has done is absolutely criminal.",whisper_canonical
1036,1036_w1042,1041,UNKNOWN,4,4366.691,4367.532,0.841,"Thank you, President Trump.",whisper_canonical
1036,1036_w1043,1042,UNKNOWN,14,4367.772,4373.138,5.366,Dana? This is the first presidential election since the Supreme Court overturned Roe v.,whisper_canonical
1036,1036_w1044,1043,UNKNOWN,24,4373.158,4384.481,11.323,"Wade. This morning, the court ruled on yet another abortion case, temporarily allowing emergency abortions to continue in Idaho, despite that state's restrictive ban.",whisper_canonical
1036,1036_w1045,1044,UNKNOWN,13,4385.022,4389.883,4.861,"Former President Trump, you take credit for the decision to overturn Roe v.",whisper_canonical
1036,1036_w1046,1045,UNKNOWN,10,4389.923,4393.084,3.161,"Wade, which returned the issue of abortion to the states.",whisper_canonical
1036,1036_w1047,1046,UNKNOWN,19,4393.124,4400.714,7.59,"Correct. However, The federal government still plays a role in whether or not women have access to abortion pills.",whisper_canonical
1036,1036_w1048,1047,UNKNOWN,8,4401.956,4405.201,3.245,They're used in about two-thirds of all abortions.,whisper_canonical
1036,1036_w1049,1048,UNKNOWN,7,4406.023,4409.147,3.124,"As president, would you block abortion medication?",whisper_canonical
1036,1036_w1050,1049,UNKNOWN,27,4409.755,4417.246,7.491,"First of all, the Supreme Court just approved the abortion pill, and I agree with their decision to have done that, and I will not block it.",whisper_canonical
1036,1036_w1051,1050,UNKNOWN,18,4417.967,4424.076,6.109,"And if you look at this whole question that you're asking, complex, but not really complex, years ago,",whisper_canonical
1036,1036_w1052,1051,UNKNOWN,4,4425.478,4426.078,0.6,You had Roe v.,whisper_canonical
1036,1036_w1053,1052,UNKNOWN,11,4426.118,4428.98,2.862,"Wade, and everybody wanted to get it back to the states.",whisper_canonical
1036,1036_w1054,1053,UNKNOWN,3,4429.1,4430.341,1.241,"Everybody, without exception.",whisper_canonical
1036,1036_w1055,1054,UNKNOWN,4,4430.401,4432.783,2.382,"Democrats, Republicans, liberals, conservatives.",whisper_canonical
1036,1036_w1056,1055,UNKNOWN,4,4433.443,4434.464,1.021,Everybody wanted it back.,whisper_canonical
1036,1036_w1057,1056,UNKNOWN,2,4434.524,4435.464,0.94,Religious leaders.,whisper_canonical
1036,1036_w1058,1057,UNKNOWN,26,4436.185,4443.73,7.545,"And what I did is I put three great Supreme Court justices on the court, and they happened to vote in favor of killing Roe v.",whisper_canonical
1036,1036_w1059,1058,UNKNOWN,8,4443.77,4446.031,2.261,Wade and moving it back to the states.,whisper_canonical
1036,1036_w1060,1059,UNKNOWN,6,4446.071,4448.313,2.242,This is something that everybody wanted.,whisper_canonical
1036,1036_w1061,1060,UNKNOWN,21,4448.833,4453.815,4.982,"Now, years ago or so, they started talking about how many weeks and how many this and getting into other things.",whisper_canonical
1036,1036_w1062,1061,UNKNOWN,17,4453.895,4460.117,6.222,"But every legal scholar throughout the world, the most respected, wanted it brought back to the states.",whisper_canonical
1036,1036_w1063,1062,UNKNOWN,3,4460.237,4460.717,0.48,I did that.,whisper_canonical
1036,1036_w1064,1063,UNKNOWN,7,4461.157,4462.897,1.74,Now the states are working it out.,whisper_canonical
1036,1036_w1065,1064,UNKNOWN,14,4462.957,4466.539,3.582,"If you look at Ohio, it was a decision that was an end result.",whisper_canonical
1036,1036_w1066,1065,UNKNOWN,12,4466.619,4468.719,2.1,It was a little bit more liberal than you would have thought.,whisper_canonical
1036,1036_w1067,1066,UNKNOWN,7,4469.339,4470.98,1.641,"Kansas, I would say, the same thing.",whisper_canonical
1036,1036_w1068,1067,UNKNOWN,3,4471.56,4472.66,1.1,Texas is different.,whisper_canonical
1036,1036_w1069,1068,UNKNOWN,3,4472.7,4473.601,0.901,Florida is different.,whisper_canonical
1036,1036_w1070,1069,UNKNOWN,9,4473.921,4476.182,2.261,But they're all making their own decisions right now.,whisper_canonical
1036,1036_w1071,1070,UNKNOWN,7,4476.562,4478.723,2.161,"And right now, the states control it.",whisper_canonical
1036,1036_w1072,1071,UNKNOWN,6,4478.743,4480.125,1.382,That's the vote of the people.,whisper_canonical
1036,1036_w1073,1072,UNKNOWN,8,4480.766,4483.569,2.803,"Like Ronald Reagan, I believe in the exceptions.",whisper_canonical
1036,1036_w1074,1073,UNKNOWN,6,4483.71,4485.071,1.361,I am a person that believes.,whisper_canonical
1036,1036_w1075,1074,UNKNOWN,11,4485.652,4488.455,2.803,"And frankly, I think it's important to believe in the exceptions.",whisper_canonical
1036,1036_w1076,1075,UNKNOWN,8,4488.495,4489.857,1.362,Some people you have to follow your heart.,whisper_canonical
1036,1036_w1077,1076,UNKNOWN,6,4489.877,4491.099,1.222,Some people don't believe in that.,whisper_canonical
1036,1036_w1078,1077,UNKNOWN,15,4491.719,4496.502,4.783,But I believe in the exceptions for rape incest and the life of the mother.,whisper_canonical
1036,1036_w1079,1078,UNKNOWN,5,4496.622,4497.623,1.001,I think it's very important.,whisper_canonical
1036,1036_w1080,1079,UNKNOWN,13,4498.123,4501.443,3.32,"Some people don't follow your heart, but you have to get elected also.",whisper_canonical
1036,1036_w1081,1080,UNKNOWN,14,4501.743,4504.804,3.061,"And because that has to do with other things, you got to get elected.",whisper_canonical
1036,1036_w1082,1081,UNKNOWN,27,4505.304,4512.465,7.161,"The problem they have is they're radical because they will take the life of a child in the eighth month, the ninth month, and even after birth.",whisper_canonical
1036,1036_w1083,1082,UNKNOWN,17,4512.685,4517.226,4.541,"After birth, if you look at the former governor of Virginia, he was willing to do this.",whisper_canonical
1036,1036_w1084,1083,UNKNOWN,21,4517.526,4522.507,4.981,"He said, we'll put the baby aside and we'll determine what we do with the baby, meaning we'll kill the baby.",whisper_canonical
1036,1036_w1085,1084,UNKNOWN,20,4523.682,4528.905,5.223,What happened is we brought it back to the states and the country is now coming together on this issue.,whisper_canonical
1036,1036_w1086,1085,UNKNOWN,5,4529.025,4530.166,1.141,It's been a great thing.,whisper_canonical
1036,1036_w1087,1086,UNKNOWN,4,4530.786,4531.927,1.141,"Thank you, President Biden.",whisper_canonical
1036,1036_w1088,1087,UNKNOWN,8,4532.127,4533.988,1.861,"It's been a terrible thing, what you've done.",whisper_canonical
1036,1036_w1089,1088,UNKNOWN,17,4534.518,4538.799,4.281,The fact is that the vast majority of constitutional scholars support it raw when it was decided.,whisper_canonical
1036,1036_w1090,1089,UNKNOWN,3,4539.399,4540.08,0.681,Support it raw.,whisper_canonical
1036,1036_w1091,1090,UNKNOWN,12,4540.86,4543.761,2.901,"And that was, that's this idea that they were all against it.",whisper_canonical
1036,1036_w1092,1091,UNKNOWN,3,4543.801,4544.641,0.84,It's just ridiculous.,whisper_canonical
1036,1036_w1093,1092,UNKNOWN,15,4545.141,4547.442,2.301,And this is the guy who says the state should be able to have it.,whisper_canonical
1036,1036_w1094,1093,UNKNOWN,38,4547.682,4558.385,10.703,"We're in a state where in six weeks, you don't even know whether you're pregnant or not, but you cannot see a doctor have your, and have him decide on what your circumstances are when you need help.",whisper_canonical
1036,1036_w1095,1094,UNKNOWN,31,4558.905,4565.887,6.982,"The idea that states are able to do this is a little like saying we're going to turn civil rights back to the states, let each state have a different role.",whisper_canonical
1036,1036_w1096,1095,UNKNOWN,17,4566.528,4570.809,4.281,"Look, there's so many young women who have been, including a young woman who just was murdered.",whisper_canonical
1036,1036_w1097,1096,UNKNOWN,6,4571.449,4573.03,1.581,And he went to the funeral.,whisper_canonical
1036,1036_w1098,1097,UNKNOWN,8,4573.91,4576.531,2.621,The idea that she was murdered by an,whisper_canonical
1036,1036_w1099,1098,UNKNOWN,7,4577.752,4580.292,2.54,"immigrant coming in, they talk about that.",whisper_canonical
1036,1036_w1100,1099,UNKNOWN,4,4580.573,4581.313,0.74,But here's the deal.,whisper_canonical
1036,1036_w1101,1100,UNKNOWN,15,4581.653,4587.135,5.482,"There's a lot of young women to be raped by their in-laws, by their spouses.",whisper_canonical
1036,1036_w1102,1101,UNKNOWN,6,4588.056,4591.842,3.786,"brothers and sisters, it's just ridiculous.",whisper_canonical
1036,1036_w1103,1102,UNKNOWN,7,4592.142,4593.284,1.142,And they can do nothing about it.,whisper_canonical
1036,1036_w1104,1103,UNKNOWN,10,4593.645,4595.508,1.863,And they try to rest them on their cross-state line.,whisper_canonical
1036,1036_w1105,1104,UNKNOWN,2,4595.528,4595.849,0.321,Thank you.,whisper_canonical
1036,1036_w1106,1105,UNKNOWN,18,4597.273,4602.875,5.602,There have been many young women murdered by the same people he allows to come across our border.,whisper_canonical
1036,1036_w1107,1106,UNKNOWN,13,4603.395,4606.397,3.002,We have a border that's the most dangerous place anywhere in the world.,whisper_canonical
1036,1036_w1108,1107,UNKNOWN,9,4606.437,4608.898,2.461,Consider the most dangerous place anywhere in the world.,whisper_canonical
1036,1036_w1109,1108,UNKNOWN,13,4609.418,4612.419,3.001,"And he opened it up, and these killers are coming into our country.",whisper_canonical
1036,1036_w1110,1109,UNKNOWN,7,4612.899,4614.98,2.081,And they are raping and killing women.,whisper_canonical
1036,1036_w1111,1110,UNKNOWN,5,4615.62,4616.741,1.121,And it's a terrible thing.,whisper_canonical
1036,1036_w1112,1111,UNKNOWN,14,4616.841,4619.582,2.741,"As far as the abortion is concerned, it is now back with the states.",whisper_canonical
1036,1036_w1113,1112,UNKNOWN,4,4619.642,4620.462,0.82,The states are voting.,whisper_canonical
1036,1036_w1114,1113,UNKNOWN,9,4621.483,4624.764,3.281,"In many cases, it's frankly a very liberal decision.",whisper_canonical
1036,1036_w1115,1114,UNKNOWN,6,4624.804,4626.265,1.461,"In many cases, it's the opposite.",whisper_canonical
1036,1036_w1116,1115,UNKNOWN,32,4626.825,4635.568,8.743,"But they're voting, and it's bringing it back to the vote of the people, which is what everybody wanted, including the founders, if they knew about this issue, which, frankly, they didn't.",whisper_canonical
1036,1036_w1117,1116,UNKNOWN,6,4636.128,4638.768,2.64,But everybody wanted it brought back.,whisper_canonical
1036,1036_w1118,1117,UNKNOWN,6,4638.908,4640.549,1.641,Ronald Reagan wanted it brought back.,whisper_canonical
1036,1036_w1119,1118,UNKNOWN,6,4640.589,4641.629,1.04,He wasn't able to get it.,whisper_canonical
1036,1036_w1120,1119,UNKNOWN,5,4642.149,4643.63,1.481,Everybody wanted it brought back.,whisper_canonical
1036,1036_w1121,1120,UNKNOWN,9,4643.79,4646.511,2.721,And many presidents had tried to get it back.,whisper_canonical
1036,1036_w1122,1121,UNKNOWN,7,4647.091,4648.091,1.0,I was the one to do it.,whisper_canonical
1036,1036_w1123,1122,UNKNOWN,16,4648.191,4652.092,3.901,"And again, this gives it the vote of the people, and that's where they wanted it.",whisper_canonical
1036,1036_w1124,1123,UNKNOWN,7,4652.312,4654.413,2.101,Every legal scholar wanted it that way.,whisper_canonical
1036,1036_w1125,1124,UNKNOWN,26,4655.371,4668.759,13.388,"Staying on the topic of abortion, President Biden, seven states have no legal restrictions on how far into a pregnancy a woman can obtain an abortion.",whisper_canonical
1036,1036_w1126,1125,UNKNOWN,18,4669.46,4674.303,4.843,Do you support any legal limits on how late a woman should be able to terminate a pregnancy?,whisper_canonical
1036,1036_w1127,1126,UNKNOWN,4,4674.503,4675.723,1.22,I supported Roe v.,whisper_canonical
1036,1036_w1128,1127,UNKNOWN,5,4675.783,4677.904,2.121,"Wade, which had three trimesters.",whisper_canonical
1036,1036_w1129,1128,UNKNOWN,10,4678.304,4680.665,2.361,The first time is between the woman and the doctor.,whisper_canonical
1036,1036_w1130,1129,UNKNOWN,10,4681.065,4684.607,3.542,Second time is between the doctor and an extreme situation.,whisper_canonical
1036,1036_w1131,1130,UNKNOWN,15,4684.947,4689.728,4.781,"The third time is between the doctor, I mean between the woman and the state.",whisper_canonical
1036,1036_w1132,1131,UNKNOWN,22,4690.229,4697.911,7.682,"The idea that the politicians, that the founders want the politicians to be the ones making decisions about women's health is ridiculous.",whisper_canonical
1036,1036_w1133,1132,UNKNOWN,10,4698.211,4700.672,2.461,"That's the last, no politician should be making that decision.",whisper_canonical
1036,1036_w1134,1133,UNKNOWN,7,4701.052,4702.593,1.541,A doctor should be making those decisions.,whisper_canonical
1036,1036_w1135,1134,UNKNOWN,6,4702.913,4703.896,0.983,That's how it should be run.,whisper_canonical
1036,1036_w1136,1135,UNKNOWN,6,4704.418,4705.38,0.962,That's what you're going to do.,whisper_canonical
1036,1036_w1137,1136,UNKNOWN,10,4705.741,4707.567,1.826,"And if I'm elected, I'm going to restore Roe v.",whisper_canonical
1036,1036_w1138,1137,UNKNOWN,29,4707.587,4717.724,10.137,"Wade. So that means he can take the life of the baby in the ninth month and even after birth, because some states, Democrat run, take it after birth.",whisper_canonical
1036,1036_w1139,1138,UNKNOWN,19,4717.884,4722.787,4.903,"Again, the governor, former governor of Virginia, put the baby down, then we decide what to do with it.",whisper_canonical
1036,1036_w1140,1139,UNKNOWN,22,4723.107,4729.15,6.043,"So he's willing to, as we say, rip the baby out of the womb in the ninth month and kill the baby.",whisper_canonical
1036,1036_w1141,1140,UNKNOWN,8,4729.83,4732.651,2.821,"Nobody wants that to happen, Democrat or Republican.",whisper_canonical
1036,1036_w1142,1141,UNKNOWN,5,4732.711,4733.792,1.081,Nobody wants it to happen.,whisper_canonical
1036,1036_w1143,1142,UNKNOWN,5,4735.21,4736.652,1.442,That is simply not true.,whisper_canonical
1036,1036_w1144,1143,UNKNOWN,3,4736.672,4737.974,1.302,The Roe v.,whisper_canonical
1036,1036_w1145,1144,UNKNOWN,6,4738.014,4739.557,1.543,Wade does not provide for that.,whisper_canonical
1036,1036_w1146,1145,UNKNOWN,4,4739.897,4741.059,1.162,That's not the circumstance.,whisper_canonical
1036,1036_w1147,1146,UNKNOWN,12,4741.399,4743.423,2.024,"Only if a woman's life is in danger, she's going to die.",whisper_canonical
1036,1036_w1148,1147,UNKNOWN,9,4743.743,4745.626,1.883,That's the only circumstance in which that can happen.,whisper_canonical
1036,1036_w1149,1148,UNKNOWN,10,4746.006,4749.792,3.786,"But we are not for late-term abortion, period, period, period.",whisper_canonical
1036,1036_w1150,1149,UNKNOWN,9,4750.433,4753.097,2.664,"under Roe v Wade, you have late term abortion.",whisper_canonical
1036,1036_w1151,1150,UNKNOWN,10,4753.498,4755.601,2.103,"You can do whatever you want, depending on the state.",whisper_canonical
1036,1036_w1152,1151,UNKNOWN,6,4755.641,4756.682,1.041,You can do whatever you want.,whisper_canonical
1036,1036_w1153,1152,UNKNOWN,7,4757.143,4758.405,1.262,We don't think that's a good thing.,whisper_canonical
1036,1036_w1154,1153,UNKNOWN,6,4758.485,4759.787,1.302,We think it's a radical thing.,whisper_canonical
1036,1036_w1155,1154,UNKNOWN,10,4760.067,4762.952,2.885,"We think the Democrats are the radicals, not the Republicans.",whisper_canonical
1036,1036_w1156,1155,UNKNOWN,6,4763.152,4764.714,1.562,"For years, that was a law.",whisper_canonical
1036,1036_w1157,1156,UNKNOWN,12,4765.635,4768.056,2.421,years Constance of Scholarship said it was the right way to go.,whisper_canonical
1036,1036_w1158,1157,UNKNOWN,17,4768.737,4773.96,5.223,years and it was taken away because this guy put very conservative members on the Supreme Court.,whisper_canonical
1036,1036_w1159,1158,UNKNOWN,7,4774.24,4775.641,1.401,He takes credit for taking it away.,whisper_canonical
1036,1036_w1160,1159,UNKNOWN,5,4776.021,4776.801,0.78,What's he going to do?,whisper_canonical
1036,1036_w1161,1160,UNKNOWN,5,4777.121,4777.762,0.641,What's he going to do?,whisper_canonical
1036,1036_w1162,1161,UNKNOWN,41,4777.802,4792.53,14.728,"In fact, if the Maga Republicans, he gets elected and the Maga Republicans control the Congress and they pass a universal ban on abortion period across the board at six weeks or seven or eight or weeks, something very, very conservative.",whisper_canonical
1036,1036_w1163,1162,UNKNOWN,7,4792.91,4793.93,1.02,Is he going to sign that bill?,whisper_canonical
1036,1036_w1164,1163,UNKNOWN,3,4794.311,4794.971,0.66,I'll veto it.,whisper_canonical
1036,1036_w1165,1164,UNKNOWN,3,4795.291,4795.952,0.661,He'll sign it.,whisper_canonical
1036,1036_w1166,1165,UNKNOWN,2,4796.472,4796.852,0.38,Thank you.,whisper_canonical
1036,1036_w1167,1166,UNKNOWN,11,4797.393,4799.835,2.442,Let's turn out of the issue of immigration and border security.,whisper_canonical
1036,1036_w1168,1167,UNKNOWN,16,4799.935,4805.1,5.165,"President Biden, a record number of migrants have illegally crossed the southern border on your watch.",whisper_canonical
1036,1036_w1169,1168,UNKNOWN,22,4805.72,4812.686,6.966,Overwhelming border states and overburdening cities such as New York and Chicago and in some cases causing real safety and security concerns.,whisper_canonical
1036,1036_w1170,1169,UNKNOWN,11,4813.207,4816.45,3.243,"Given that, why should voters trust you to solve this crisis?",whisper_canonical
1036,1036_w1171,1170,UNKNOWN,46,4817.118,4830.582,13.464,"Because we worked very hard to get a bipartisan agreement that not only changed all of that, made sure that we are in a situation where you had no circumstance where they could come across the border with the number of border police there are now.",whisper_canonical
1036,1036_w1172,1171,UNKNOWN,8,4830.963,4833.483,2.52,We significantly increased the number of asylum officers.,whisper_canonical
1036,1036_w1173,1172,UNKNOWN,12,4833.783,4838.205,4.422,"Significantly, by the way, the Border Patrol endorsed me, endorsed my position.",whisper_canonical
1036,1036_w1174,1173,UNKNOWN,36,4838.745,4849.413,10.668,"In addition to that, we find ourselves in a situation where, when he was present, he was taking, separating babies from their mothers, putting them in cages, making sure they were, and the families were separated.",whisper_canonical
1036,1036_w1175,1174,UNKNOWN,7,4849.913,4851.154,1.241,That's not the right way to go.,whisper_canonical
1036,1036_w1176,1175,UNKNOWN,10,4851.535,4854.537,3.002,"What I've done since I've changed the law, what's happened.",whisper_canonical
1036,1036_w1177,1176,UNKNOWN,23,4854.937,4861.762,6.825,I've changed it in a way that now you're in a situation where there are percent fewer people coming across the border illegally.,whisper_canonical
1036,1036_w1178,1177,UNKNOWN,7,4862.102,4863.523,1.421,That's better than when he left office.,whisper_canonical
1036,1036_w1179,1178,UNKNOWN,13,4864.104,4866.606,2.502,And I'm going to continue to move until we get the total ban.,whisper_canonical
1036,1036_w1180,1179,UNKNOWN,19,4867.466,4875.327,7.861,on the total initiative relative to what we're going to do with more border patrol and more asylum officers.,whisper_canonical
1036,1036_w1181,1180,UNKNOWN,2,4875.868,4876.308,0.44,President Trump.,whisper_canonical
1036,1036_w1182,1181,UNKNOWN,13,4876.988,4879.088,2.1,I really don't know what he said at the end of that sentence.,whisper_canonical
1036,1036_w1183,1182,UNKNOWN,9,4879.388,4880.788,1.4,I don't think he knows what he said either.,whisper_canonical
1036,1036_w1184,1183,UNKNOWN,12,4880.848,4884.089,3.241,"Look, we had the safest border in the history of our country.",whisper_canonical
1036,1036_w1185,1184,UNKNOWN,10,4884.749,4886.129,1.38,"The board, all he had to do is leave it.",whisper_canonical
1036,1036_w1186,1185,UNKNOWN,8,4886.309,4887.27,0.961,All he had to do is leave it.,whisper_canonical
1036,1036_w1187,1186,UNKNOWN,17,4887.85,4893.911,6.061,"He decided to open up our border, open up our country to people that are from prisons.",whisper_canonical
1036,1036_w1188,1187,UNKNOWN,9,4894.671,4898.717,4.046,"People that are from mental institutions, insane asylum, terrorists.",whisper_canonical
1036,1036_w1189,1188,UNKNOWN,28,4898.817,4905.827,7.01,"We have the largest number of terrorists coming into our country right now, all terrorists, all over the world, not just in South America, all over the world.",whisper_canonical
1036,1036_w1190,1189,UNKNOWN,11,4905.867,4908.551,2.684,"They come from the Middle East everywhere, all over the world.",whisper_canonical
1036,1036_w1191,1190,UNKNOWN,3,4908.571,4909.152,0.581,They're pouring in.,whisper_canonical
1036,1036_w1192,1191,UNKNOWN,17,4910.013,4915.18,5.167,"And this guy just left it open, and he didn't need legislation, because I didn't have legislation.",whisper_canonical
1036,1036_w1193,1192,UNKNOWN,5,4915.22,4916.201,0.981,"I said, close the border.",whisper_canonical
1036,1036_w1194,1193,UNKNOWN,16,4916.221,4920.807,4.586,We had the safest border in history in that final couple of months of my presidency.,whisper_canonical
1036,1036_w1195,1194,UNKNOWN,29,4921.187,4928.516,7.329,"We had, according to Border Patrol, who is great, and by the way, who endorsed me for president, but I won't say that, but they endorsed me for president.",whisper_canonical
1036,1036_w1196,1195,UNKNOWN,5,4929.237,4930.579,1.342,Brandon just speak to him.,whisper_canonical
1036,1036_w1197,1196,UNKNOWN,9,4931.08,4933.703,2.623,"But look, we had the safest border in history.",whisper_canonical
1036,1036_w1198,1197,UNKNOWN,8,4933.983,4935.265,1.282,Now we have the worst border in history.,whisper_canonical
1036,1036_w1199,1198,UNKNOWN,6,4935.425,4936.827,1.402,There's never been anything like it.,whisper_canonical
1036,1036_w1200,1199,UNKNOWN,15,4937.107,4940.552,3.445,"And people are dying all over the place, including the people that are coming up.",whisper_canonical
1036,1036_w1201,1200,UNKNOWN,4,4940.932,4942.655,1.723,"President Trump, President Biden.",whisper_canonical
1036,1036_w1202,1201,UNKNOWN,37,4943.14,4957.89,14.75,"The only terrorist who's done anything across the border is one who came along and killed three under his administration, killed an al-Qaida person coming in and his administration, killed three American soldiers, killed three American soldiers.",whisper_canonical
1036,1036_w1203,1202,UNKNOWN,6,4958.291,4959.692,1.401,That's the only terrorist that's there.,whisper_canonical
1036,1036_w1204,1203,UNKNOWN,19,4960.032,4965.376,5.344,"I'm not saying no terrorist ever got through, but the idea, they're emptying their prisons, we're welcoming these people.",whisper_canonical
1036,1036_w1205,1204,UNKNOWN,4,4965.656,4966.697,1.041,That's simply not true.,whisper_canonical
1036,1036_w1206,1205,UNKNOWN,8,4966.737,4968.798,2.061,There's no data to support what he said.,whisper_canonical
1036,1036_w1207,1206,UNKNOWN,6,4969.218,4971.12,1.902,"Once again, he's exaggerating, he's lying.",whisper_canonical
1036,1036_w1208,1207,UNKNOWN,26,4972.202,4980.27,8.068,"President Trump, staying on the topic of immigration, you've said that you're going to carry out, quote, the largest domestic deportation operation in American history, unquote.",whisper_canonical
1036,1036_w1209,1208,UNKNOWN,32,4980.631,4990.741,10.11,"Does that mean that you will deport every undocumented immigrant in America, including those who have jobs, including those whose spouses are citizens, and including those who have lived here for decades?",whisper_canonical
1036,1036_w1210,1209,UNKNOWN,8,4990.861,4992.723,1.862,"And if so, how will you do it?",whisper_canonical
1036,1036_w1211,1210,UNKNOWN,3,4993.324,4994.004,0.68,Just one second.,whisper_canonical
1036,1036_w1212,1211,UNKNOWN,6,4994.044,4995.346,1.302,He said we killed three people.,whisper_canonical
1036,1036_w1213,1212,UNKNOWN,31,4996.178,5007.114,10.936,"The people we killed are Al-Baghdadi and Salomeini, the two greatest terrors, biggest terrors anywhere in the world, and it had a huge impact on everything, not just border on everything.",whisper_canonical
1036,1036_w1214,1213,UNKNOWN,11,5007.875,5010.118,2.243,"He's the one that killed people with the bad water, including",whisper_canonical
1036,1036_w1215,1214,UNKNOWN,15,5011.18,5016.364,5.184,hundreds of thousands of people dying and also killing our citizens when they come in.,whisper_canonical
1036,1036_w1216,1215,UNKNOWN,9,5016.845,5019.667,2.822,We are living right now in a rats nest.,whisper_canonical
1036,1036_w1217,1216,UNKNOWN,21,5019.968,5026.553,6.585,They're killing our people in New York and California and every state in the union because we don't have borders anymore.,whisper_canonical
1036,1036_w1218,1217,UNKNOWN,6,5026.673,5028.115,1.442,Every state is now a border.,whisper_canonical
1036,1036_w1219,1218,UNKNOWN,26,5028.655,5037.745,9.09,"And because of his ridiculous, insane, and very stupid policies, people are coming in and they're killing our citizens at a level that we've never seen.",whisper_canonical
1036,1036_w1220,1219,UNKNOWN,5,5037.785,5039.227,1.442,We call it migrant crime.,whisper_canonical
1036,1036_w1221,1220,UNKNOWN,6,5039.727,5041.669,1.942,I call it Biden migrant crime.,whisper_canonical
1036,1036_w1222,1221,UNKNOWN,12,5042.01,5045.213,3.203,They're killing our citizens at a level that we've never seen before.,whisper_canonical
1036,1036_w1223,1222,UNKNOWN,15,5045.514,5049.758,4.244,And you're reading it like these three incredible young girls over the last few days.,whisper_canonical
1036,1036_w1224,1223,UNKNOWN,20,5050.699,5056.203,5.504,"One of them had just spoke to the mother, and they just had the funeral for this girl, years old.",whisper_canonical
1036,1036_w1225,1224,UNKNOWN,6,5056.603,5058.704,2.101,This is horrible what's taken place.,whisper_canonical
1036,1036_w1226,1225,UNKNOWN,6,5058.764,5060.365,1.601,What's taken place in our country.,whisper_canonical
1036,1036_w1227,1226,UNKNOWN,6,5060.966,5064.007,3.041,We're literally an uncivilized country now.,whisper_canonical
1036,1036_w1228,1227,UNKNOWN,6,5064.488,5065.448,0.96,He doesn't want it to be.,whisper_canonical
1036,1036_w1229,1228,UNKNOWN,4,5065.488,5066.309,0.821,He just doesn't know.,whisper_canonical
1036,1036_w1230,1229,UNKNOWN,4,5066.609,5067.69,1.081,He opened the borders.,whisper_canonical
1036,1036_w1231,1230,UNKNOWN,6,5067.85,5069.511,1.661,Nobody's ever seen anything like it.,whisper_canonical
1036,1036_w1232,1231,UNKNOWN,26,5069.811,5074.734,4.923,"And we have to get a lot of these people out, and we have to get them out fast because they're going to destroy our country.",whisper_canonical
1036,1036_w1233,1232,UNKNOWN,8,5075.014,5076.315,1.301,Just take a look at where they're living.,whisper_canonical
1036,1036_w1234,1233,UNKNOWN,5,5076.715,5078.537,1.822,They're living in luxury hotels.,whisper_canonical
1036,1036_w1235,1234,UNKNOWN,7,5079.337,5080.798,1.461,in New York City and other places.,whisper_canonical
1036,1036_w1236,1235,UNKNOWN,6,5081.438,5082.779,1.341,Our veterans are on the street.,whisper_canonical
1036,1036_w1237,1236,UNKNOWN,9,5082.799,5084.9,2.101,They're dying because he doesn't care about our veterans.,whisper_canonical
1036,1036_w1238,1237,UNKNOWN,3,5084.94,5085.42,0.48,He doesn't care.,whisper_canonical
1036,1036_w1239,1238,UNKNOWN,7,5085.46,5087.081,1.621,He doesn't like the military at all.,whisper_canonical
1036,1036_w1240,1239,UNKNOWN,7,5087.661,5088.981,1.32,And he doesn't care about our veterans.,whisper_canonical
1036,1036_w1241,1240,UNKNOWN,3,5089.061,5089.902,0.841,Nobody's been worse.,whisper_canonical
1036,1036_w1242,1241,UNKNOWN,13,5090.342,5093.844,3.502,I had the highest approval rating for veterans taking care of the VA.,whisper_canonical
1036,1036_w1243,1242,UNKNOWN,4,5094.384,5095.024,0.64,He has the worst.,whisper_canonical
1036,1036_w1244,1243,UNKNOWN,23,5095.044,5101.167,6.123,"He's gotten rid of all the things that I approved, choice that I got through Congress, all of the different things I approved.",whisper_canonical
1036,1036_w1245,1244,UNKNOWN,2,5101.687,5102.468,0.781,They abandoned.,whisper_canonical
1036,1036_w1246,1245,UNKNOWN,24,5102.868,5108.714,5.846,"We had, by far, the highest, and now it's down in less than half because he's done all these great things that we did.",whisper_canonical
1036,1036_w1247,1246,UNKNOWN,14,5109.175,5112.118,2.943,"And I think he did it just because I approved it, which is crazy.",whisper_canonical
1036,1036_w1248,1247,UNKNOWN,19,5112.618,5116.823,4.205,But he has killed so many people at our border by allowing all of these people to come in.,whisper_canonical
1036,1036_w1249,1248,UNKNOWN,8,5117.203,5118.965,1.762,And it's a very sad day in America.,whisper_canonical
1036,1036_w1250,1249,UNKNOWN,6,5118.985,5119.806,0.821,"President Biden, you have the mic.",whisper_canonical
1036,1036_w1251,1250,UNKNOWN,8,5120.006,5121.527,1.521,Every single thing he said is a lie.,whisper_canonical
1036,1036_w1252,1251,UNKNOWN,3,5122.148,5122.908,0.76,Every single one.,whisper_canonical
1036,1036_w1253,1252,UNKNOWN,17,5123.249,5127.192,3.943,"For example, veterans are a hell of a lot better off since I passed the PACT Act.",whisper_canonical
1036,1036_w1254,1253,UNKNOWN,12,5127.892,5131.015,3.123,One million of them now have insurance and their families have it.,whisper_canonical
1036,1036_w1255,1254,UNKNOWN,20,5131.555,5137.54,5.985,"Their families have it because what happened, whether it was Agent Orange or Burn Pits, they're all being covered now.",whisper_canonical
1036,1036_w1256,1255,UNKNOWN,7,5138.061,5140.202,2.141,"And he opposed, his group opposed that.",whisper_canonical
1036,1036_w1257,1256,UNKNOWN,12,5140.603,5144.065,3.462,We're also in a situation where we have great respect for veterans.,whisper_canonical
1036,1036_w1258,1257,UNKNOWN,7,5144.106,5145.367,1.261,My son spent a year in Iraq.,whisper_canonical
1036,1036_w1259,1258,UNKNOWN,16,5146.027,5149.929,3.902,"leaving one of the next one of those burn pits, came back with stage four glioblastoma.",whisper_canonical
1036,1036_w1260,1259,UNKNOWN,18,5150.449,5157.552,7.103,"I was recently in France for a D-Day, and I spoke to all about those heroes that died.",whisper_canonical
1036,1036_w1261,1260,UNKNOWN,17,5157.992,5162.133,4.141,"I went to the World War II cemetery, World War I cemetery he refused to go to.",whisper_canonical
1036,1036_w1262,1261,UNKNOWN,29,5162.594,5168.136,5.542,"He was standing with his four-star general, and he told me, he said, I don't want to go in there because there are a bunch of losers and suckers.",whisper_canonical
1036,1036_w1263,1262,UNKNOWN,11,5168.616,5170.597,1.981,"My son was not a loser, he was not a sucker.",whisper_canonical
1036,1036_w1264,1263,UNKNOWN,6,5170.897,5172.437,1.54,"You're the sucker, you're the loser.",whisper_canonical
1036,1036_w1265,1264,UNKNOWN,2,5173.078,5173.518,0.44,President Trump?,whisper_canonical
1036,1036_w1266,1265,UNKNOWN,11,5174.769,5177.11,2.341,"First of all, that was a made-up quote, suckers and losers.",whisper_canonical
1036,1036_w1267,1266,UNKNOWN,4,5177.17,5177.811,0.641,They made it up.,whisper_canonical
1036,1036_w1268,1267,UNKNOWN,13,5177.891,5181.473,3.582,"It was in a third-rate magazine that's failing, like many of these magazines.",whisper_canonical
1036,1036_w1269,1268,UNKNOWN,4,5182.073,5182.713,0.64,He made that up.,whisper_canonical
1036,1036_w1270,1269,UNKNOWN,5,5183.114,5184.274,1.16,He put it in commercials.,whisper_canonical
1036,1036_w1271,1270,UNKNOWN,3,5184.374,5185.275,0.901,We've notified him.,whisper_canonical
1036,1036_w1272,1271,UNKNOWN,9,5185.655,5187.796,2.141,We had people that said I didn't say it.,whisper_canonical
1036,1036_w1273,1272,UNKNOWN,4,5187.856,5188.416,0.56,And think of this.,whisper_canonical
1036,1036_w1274,1273,UNKNOWN,13,5188.797,5192.498,3.701,Who would say I'm at a cemetery or I'm talking about our veterans?,whisper_canonical
1036,1036_w1275,1274,UNKNOWN,5,5192.739,5194.379,1.64,Because nobody's taking better care.,whisper_canonical
1036,1036_w1276,1275,UNKNOWN,11,5194.399,5196.701,2.302,"I'm so glad this came up, and he brought it up.",whisper_canonical
1036,1036_w1277,1276,UNKNOWN,12,5197.686,5200.689,3.003,There's nobody that's taken better care of our soldiers than I have.,whisper_canonical
1036,1036_w1278,1277,UNKNOWN,26,5201.31,5209.659,8.349,"To think that I would, in front of generals and others, say, suckers and losers, we have people that said it was never said by me.",whisper_canonical
1036,1036_w1279,1278,UNKNOWN,22,5210.18,5216.987,6.807,"It was made up by him, just like Russia, Russia, Russia was made up, just like the intelligence agents are made up.",whisper_canonical
1036,1036_w1280,1279,UNKNOWN,14,5217.588,5221.472,3.884,"Just like the new thing with the economists are talking, it's the same thing.",whisper_canonical
1036,1036_w1281,1280,UNKNOWN,9,5222.273,5226.818,4.545,intelligence agents said that the laptop was Russia disinformation.,whisper_canonical
1036,1036_w1282,1281,UNKNOWN,2,5226.958,5227.439,0.481,It wasn't.,whisper_canonical
1036,1036_w1283,1282,UNKNOWN,6,5227.719,5229.381,1.662,"That came from his son, Hunter.",whisper_canonical
1036,1036_w1284,1283,UNKNOWN,4,5229.961,5231.603,1.642,It wasn't Russia disinformation.,whisper_canonical
1036,1036_w1285,1284,UNKNOWN,15,5231.863,5235.928,4.065,"He made up the suckers and losers, so he should apologize to me right now.",whisper_canonical
1036,1036_w1286,1285,UNKNOWN,16,5236.77,5241.411,4.641,"Four-star General Stan and your side was on your staff who said you said it, period.",whisper_canonical
1036,1036_w1287,1286,UNKNOWN,3,5241.792,5242.532,0.74,That's number one.,whisper_canonical
1036,1036_w1288,1287,UNKNOWN,19,5243.072,5248.594,5.522,"And number two, the idea, the idea that I have to apologize to you for anything along the line.",whisper_canonical
1036,1036_w1289,1288,UNKNOWN,12,5249.014,5251.895,2.881,We've done more for veterans than any president has in American history.,whisper_canonical
1036,1036_w1290,1289,UNKNOWN,2,5252.395,5253.075,0.68,American history.,whisper_canonical
1036,1036_w1291,1290,UNKNOWN,7,5253.535,5254.957,1.422,And they now are in their family.,whisper_canonical
1036,1036_w1292,1291,UNKNOWN,30,5255.237,5262.085,6.848,The only sacred obligation we have as a country is to care for our veterans when they come home and their families and equip them when they go to war.,whisper_canonical
1036,1036_w1293,1292,UNKNOWN,4,5262.586,5263.507,0.921,That's what we're doing.,whisper_canonical
1036,1036_w1294,1293,UNKNOWN,7,5263.827,5265.229,1.402,That's what the VA is doing now.,whisper_canonical
1036,1036_w1295,1294,UNKNOWN,11,5265.609,5268.272,2.663,They're doing more for veterans than ever before in our history.,whisper_canonical
1036,1036_w1296,1295,UNKNOWN,2,5268.753,5268.973,0.22,All right.,whisper_canonical
1036,1036_w1297,1296,UNKNOWN,4,5269.053,5269.594,0.541,Thank you so much.,whisper_canonical
1036,1036_w1298,1297,UNKNOWN,22,5270.498,5277.124,6.626,"On the topic of foreign policy, I want to begin with Russia's war against Ukraine, which is now in its third year.",whisper_canonical
1036,1036_w1299,1298,UNKNOWN,31,5277.965,5291.736,13.771,"Former President Trump, Russian President Vladimir Putin says he'll only end this war if Russia keeps the Ukrainian territory it has already claimed, and Ukraine abandons its bid to join NATO.",whisper_canonical
1036,1036_w1300,1299,UNKNOWN,6,5292.597,5294.319,1.722,Are Putin's terms acceptable to you?,whisper_canonical
1036,1036_w1301,1300,UNKNOWN,9,5296.175,5299.316,3.141,our veterans and our soldiers can't stand this guy.,whisper_canonical
1036,1036_w1302,1301,UNKNOWN,4,5299.876,5300.897,1.021,They can't stand him.,whisper_canonical
1036,1036_w1303,1302,UNKNOWN,16,5301.177,5305.679,4.502,"They think he's the worst commander-in-chief if that's what you call them, that we've ever had.",whisper_canonical
1036,1036_w1304,1303,UNKNOWN,4,5305.819,5306.659,0.84,They can't stand him.,whisper_canonical
1036,1036_w1305,1304,UNKNOWN,5,5306.919,5307.94,1.021,So let's get that straight.,whisper_canonical
1036,1036_w1306,1305,UNKNOWN,11,5308.58,5310.661,2.081,And they like me more than just about any of them.,whisper_canonical
1036,1036_w1307,1306,UNKNOWN,9,5311.401,5314.102,2.701,And that's based on every single bit of information.,whisper_canonical
1036,1036_w1308,1307,UNKNOWN,25,5314.562,5322.466,7.904,"As far as Russia and Ukraine, if we had a real president, the president that knew, that was respected by Putin, He would have never.",whisper_canonical
1036,1036_w1309,1308,UNKNOWN,6,5322.526,5324.367,1.841,He would have never invaded Ukraine.,whisper_canonical
1036,1036_w1310,1309,UNKNOWN,13,5325.008,5327.89,2.882,"A lot of people are dead right now, much more than people know.",whisper_canonical
1036,1036_w1311,1310,UNKNOWN,6,5327.91,5329.111,1.201,"You know, they talk about numbers.",whisper_canonical
1036,1036_w1312,1311,UNKNOWN,9,5329.151,5331.433,2.282,"You can double those numbers, maybe triple those numbers.",whisper_canonical
1036,1036_w1313,1312,UNKNOWN,6,5332.314,5333.515,1.201,He did nothing to stop it.,whisper_canonical
1036,1036_w1314,1313,UNKNOWN,10,5333.535,5335.816,2.281,"In fact, I think he encouraged Russia from going in.",whisper_canonical
1036,1036_w1315,1314,UNKNOWN,5,5336.297,5337.057,0.76,I'll tell you what happened.,whisper_canonical
1036,1036_w1316,1315,UNKNOWN,6,5337.097,5338.779,1.682,He was so bad with Afghanistan.,whisper_canonical
1036,1036_w1317,1316,UNKNOWN,15,5338.859,5343.763,4.904,"It was such a horrible embarrassment, most embarrassing moment in the history of our country.",whisper_canonical
1036,1036_w1318,1317,UNKNOWN,66,5344.203,5363.694,19.491,that when Putin watched that and he saw the incompetence that he should he should have fired those generals like I fired the one that you mentioned and so he's got no love loss but he should have fired those generals no general got fired for the most embarrassing moment in the history of our country Afghanistan where we left billions of dollars of equipment behind.,whisper_canonical
1036,1036_w1319,1318,UNKNOWN,8,5363.974,5368.356,4.382,"We lost beautiful soldiers, and soldiers were obliterated.",whisper_canonical
1036,1036_w1320,1319,UNKNOWN,9,5368.476,5370.176,1.7,"And, by the way, we left people behind, too.",whisper_canonical
1036,1036_w1321,1320,UNKNOWN,5,5370.196,5371.877,1.681,We left American citizens behind.,whisper_canonical
1036,1036_w1322,1321,UNKNOWN,9,5372.297,5374.738,2.441,"When Putin saw that, he said, you know what?",whisper_canonical
1036,1036_w1323,1322,UNKNOWN,15,5375.038,5378.759,3.721,I think we're going to go in and maybe take my this was his dream.,whisper_canonical
1036,1036_w1324,1323,UNKNOWN,8,5378.939,5380.42,1.481,"I talked to him about it, his dream.",whisper_canonical
1036,1036_w1325,1324,UNKNOWN,9,5380.7,5384.321,3.621,The difference is he never would have invaded Ukraine.,whisper_canonical
1036,1036_w1326,1325,UNKNOWN,9,5384.502,5388.263,3.761,Never. Just like Israel would have never been invaded.,whisper_canonical
1036,1036_w1327,1326,UNKNOWN,6,5389.345,5391.026,1.681,in a million years by Hamas.,whisper_canonical
1036,1036_w1328,1327,UNKNOWN,3,5391.687,5392.167,0.48,You know why?,whisper_canonical
1036,1036_w1329,1328,UNKNOWN,6,5392.788,5394.649,1.861,Because Iran was broke with me.,whisper_canonical
1036,1036_w1330,1329,UNKNOWN,8,5394.889,5396.691,1.802,I wouldn't let anybody do business with them.,whisper_canonical
1036,1036_w1331,1330,UNKNOWN,5,5396.771,5397.731,0.96,They ran out of money.,whisper_canonical
1036,1036_w1332,1331,UNKNOWN,3,5397.772,5398.312,0.54,They were broke.,whisper_canonical
1036,1036_w1333,1332,UNKNOWN,6,5398.352,5399.573,1.221,They had no money for Hamas.,whisper_canonical
1036,1036_w1334,1333,UNKNOWN,6,5399.893,5401.294,1.401,They had no money for anything.,whisper_canonical
1036,1036_w1335,1334,UNKNOWN,4,5401.614,5402.375,0.761,No money for terror.,whisper_canonical
1036,1036_w1336,1335,UNKNOWN,11,5402.595,5406.178,3.583,That's why you had no terror at all during my administration.,whisper_canonical
1036,1036_w1337,1336,UNKNOWN,10,5406.678,5409.08,2.402,"This place, the whole world is blowing up under him.",whisper_canonical
1036,1036_w1338,1337,UNKNOWN,2,5410.721,5411.222,0.501,President Biden.,whisper_canonical
1036,1036_w1339,1338,UNKNOWN,10,5412.282,5414.123,1.841,I've never heard so much malarkey in my whole life.,whisper_canonical
1036,1036_w1340,1339,UNKNOWN,44,5414.183,5428.148,13.965,"Look, the fact of the matter is that we're in a situation where, let's take the last point first, Iran attacked American troops, killed or caused brain damage for a number of these troops, and he did nothing about it when he was president.",whisper_canonical
1036,1036_w1341,1340,UNKNOWN,3,5428.648,5429.449,0.801,They were attacked.,whisper_canonical
1036,1036_w1342,1341,UNKNOWN,6,5429.809,5431.37,1.561,He said they're just having headaches.,whisper_canonical
1036,1036_w1343,1342,UNKNOWN,4,5431.431,5432.191,0.76,That's all it is.,whisper_canonical
1036,1036_w1344,1343,UNKNOWN,10,5432.692,5435.154,2.462,We didn't do a thing when the attack took place.,whisper_canonical
1036,1036_w1345,1344,UNKNOWN,2,5435.194,5435.654,0.46,Number one.,whisper_canonical
1036,1036_w1346,1345,UNKNOWN,14,5436.175,5444.101,7.926,"Number two, we got over Americans and others out of Afghanistan during that airlift.",whisper_canonical
1036,1036_w1347,1346,UNKNOWN,37,5444.542,5456.587,12.045,"Number three, we found ourselves in a situation where, if you take a look at what Trump did in Ukraine, He said, this guy told Ukraine, told Trump, do whatever you want, and do whatever you want.",whisper_canonical
1036,1036_w1348,1347,UNKNOWN,14,5457.167,5461.909,4.742,"And that's exactly what Trump did to Putin, encourage him, do whatever you want.",whisper_canonical
1036,1036_w1349,1348,UNKNOWN,4,5462.249,5462.809,0.56,And he went in.,whisper_canonical
1036,1036_w1350,1349,UNKNOWN,10,5462.849,5464.229,1.38,And listen to what he said when he went in.,whisper_canonical
1036,1036_w1351,1350,UNKNOWN,10,5464.249,5466.75,2.501,"He was going to take Kiev in five days, remember?",whisper_canonical
1036,1036_w1352,1351,UNKNOWN,8,5467.07,5468.71,1.64,Because it's part of the old Soviet Union.,whisper_canonical
1036,1036_w1353,1352,UNKNOWN,7,5469.01,5471.491,2.481,"That's what he wanted to reestablish, Kiev.",whisper_canonical
1036,1036_w1354,1353,UNKNOWN,9,5471.871,5473.571,1.7,"And he, in fact, didn't do it at all.",whisper_canonical
1036,1036_w1355,1354,UNKNOWN,8,5473.631,5475.132,1.501,"He didn't, wasn't able to get it done.",whisper_canonical
1036,1036_w1356,1355,UNKNOWN,12,5475.552,5479.533,3.981,"And they've lost over, they've lost thousands and thousands of troops, troops.",whisper_canonical
1036,1036_w1357,1356,UNKNOWN,25,5481.373,5490.56,9.187,"President Trump, I just want to go back to my original question, which is, are Putin's terms acceptable to you, keeping the territory in Ukraine?",whisper_canonical
1036,1036_w1358,1357,UNKNOWN,4,5490.58,5491.241,0.661,"No, they're not acceptable.",whisper_canonical
1036,1036_w1359,1358,UNKNOWN,4,5491.401,5492.522,1.121,"No, they're not acceptable.",whisper_canonical
1036,1036_w1360,1359,UNKNOWN,11,5493.443,5495.945,2.502,"But look, this is a war that never should have started.",whisper_canonical
1036,1036_w1361,1360,UNKNOWN,12,5496.205,5499.267,3.062,"If we had a leader in this war, he let everybody along.",whisper_canonical
1036,1036_w1362,1361,UNKNOWN,6,5499.788,5500.788,1.0,He's given billion now or more.,whisper_canonical
1036,1036_w1363,1362,UNKNOWN,2,5503.36,5503.9,0.54,to Ukraine.,whisper_canonical
1036,1036_w1364,1363,UNKNOWN,3,5503.92,5505.281,1.361,He's given billion.,whisper_canonical
1036,1036_w1365,1364,UNKNOWN,5,5505.641,5506.721,1.08,That's a lot of money.,whisper_canonical
1036,1036_w1366,1365,UNKNOWN,9,5506.781,5508.541,1.76,I don't think there's ever been anything like it.,whisper_canonical
1036,1036_w1367,1366,UNKNOWN,13,5508.601,5512.983,4.382,"Every time that Zelensky comes to this country, he walks away with billion.",whisper_canonical
1036,1036_w1368,1367,UNKNOWN,5,5513.023,5514.303,1.28,He's the greatest salesman ever.,whisper_canonical
1036,1036_w1369,1368,UNKNOWN,5,5514.763,5515.783,1.02,And I'm not knocking him.,whisper_canonical
1036,1036_w1370,1369,UNKNOWN,4,5515.903,5516.964,1.061,I'm not knocking anything.,whisper_canonical
1036,1036_w1371,1370,UNKNOWN,16,5517.304,5523.306,6.002,I'm only saying the money that we're spending on this war And we shouldn't be spending.,whisper_canonical
1036,1036_w1372,1371,UNKNOWN,5,5523.666,5524.807,1.141,It should have never happened.,whisper_canonical
1036,1036_w1373,1372,UNKNOWN,19,5525.227,5532.951,7.724,I will have that war settled between Putin and Zelensky as President-elect before I take office on January 20th.,whisper_canonical
1036,1036_w1374,1373,UNKNOWN,5,5532.991,5533.972,0.981,I'll have that war settled.,whisper_canonical
1036,1036_w1375,1374,UNKNOWN,7,5534.492,5538.294,3.802,"People being killed so needlessly, so stupidly.",whisper_canonical
1036,1036_w1376,1375,UNKNOWN,16,5538.875,5542.597,3.722,"And I will get it settled, and I'll get it settled fast before I take office.",whisper_canonical
1036,1036_w1377,1376,UNKNOWN,6,5543.617,5544.778,1.161,"President Biden, you have a minute.",whisper_canonical
1036,1036_w1378,1377,UNKNOWN,9,5545.952,5548.073,2.121,The fact is that Putin is a war criminal.,whisper_canonical
1036,1036_w1379,1378,UNKNOWN,7,5548.633,5551.335,2.702,He's killed thousands and thousands of people.,whisper_canonical
1036,1036_w1380,1379,UNKNOWN,7,5552.055,5553.736,1.681,And he has made one thing clear.,whisper_canonical
1036,1036_w1381,1380,UNKNOWN,20,5554.236,5560.019,5.783,"He wants to reestablish what was part of the Soviet Empire, not just a peace that wants all of Ukraine.",whisper_canonical
1036,1036_w1382,1381,UNKNOWN,4,5560.379,5561.119,0.74,That's what he wants.,whisper_canonical
1036,1036_w1383,1382,UNKNOWN,7,5561.419,5562.72,1.301,And then you think he'll stop there?,whisper_canonical
1036,1036_w1384,1383,UNKNOWN,11,5562.74,5566.442,3.702,"Do you think he'll stop when he, if he takes Ukraine?",whisper_canonical
1036,1036_w1385,1384,UNKNOWN,7,5566.822,5568.022,1.2,What do you think happens to Poland?,whisper_canonical
1036,1036_w1386,1385,UNKNOWN,6,5568.042,5569.263,1.221,What do you think of Belarus?,whisper_canonical
1036,1036_w1387,1386,UNKNOWN,9,5569.283,5571.244,1.961,What do you think happens to those NATO countries?,whisper_canonical
1036,1036_w1388,1387,UNKNOWN,57,5571.764,5586.298,14.534,"And so if you want a war, you ought to find out what he's going to do, because if, in fact, he does what he says and walks away, by the way, all that money we give Ukraine and weapons we make here in the United States are given the weapons, not the money at this point.",whisper_canonical
1036,1036_w1389,1388,UNKNOWN,14,5586.699,5592.204,5.505,And our NATO allies have produced as much funding for Ukraine as we have.,whisper_canonical
1036,1036_w1390,1389,UNKNOWN,4,5592.624,5593.605,0.981,That's why we're strong.,whisper_canonical
1036,1036_w1391,1390,UNKNOWN,2,5595.308,5595.628,0.32,Thank you.,whisper_canonical
1036,1036_w1392,1391,UNKNOWN,6,5595.668,5596.889,1.221,Moving on to the Middle East.,whisper_canonical
1036,1036_w1393,1392,UNKNOWN,14,5597.529,5604.034,6.505,"In October, Hamas attacked Israel, killing more than people and taking hundreds of hostages.",whisper_canonical
1036,1036_w1394,1393,UNKNOWN,12,5604.554,5608.297,3.743,Among those held and thought to still be alive are five Americans.,whisper_canonical
1036,1036_w1395,1394,UNKNOWN,14,5609.097,5614.261,5.164,Israel's response has killed thousands of Palestinians and created a humanitarian crisis in Gaza.,whisper_canonical
1036,1036_w1396,1395,UNKNOWN,2,5614.961,5615.682,0.721,President Biden.,whisper_canonical
1036,1036_w1397,1396,UNKNOWN,28,5616.482,5628.086,11.604,"You've put forward a proposal to resolve this conflict, but so far Hamas has not released the remaining hostages, and Israel is continuing its military offensive in Gaza.",whisper_canonical
1036,1036_w1398,1397,UNKNOWN,16,5628.646,5634.428,5.782,So what additional leverage will you use to get Hamas and Israel to end the war?,whisper_canonical
1036,1036_w1399,1398,UNKNOWN,4,5634.508,5635.228,0.72,You have two minutes.,whisper_canonical
1036,1036_w1400,1399,UNKNOWN,39,5635.71,5650.083,14.373,"Number one, everyone from the United Nations Security Council straight through to the G7 to the Israelis and Netanyahu himself have endorsed the plan that put forward, endorsed the plan that put forward, which has three stages to it.",whisper_canonical
1036,1036_w1401,1400,UNKNOWN,10,5650.604,5655.388,4.784,"The first stage is, trade the hostages for a ceasefire.",whisper_canonical
1036,1036_w1402,1401,UNKNOWN,8,5655.868,5658.411,2.543,Second phase is a ceasefire with additional conditions.,whisper_canonical
1036,1036_w1403,1402,UNKNOWN,10,5658.831,5661.454,2.623,"The third phase is, no, the end of the war.",whisper_canonical
1036,1036_w1404,1403,UNKNOWN,13,5661.974,5665.137,3.163,"The only one who wants the war to continue is Hamas, number one.",whisper_canonical
1036,1036_w1405,1404,UNKNOWN,6,5665.277,5666.378,1.101,They're the only ones standing out.,whisper_canonical
1036,1036_w1406,1405,UNKNOWN,9,5666.738,5670.041,3.303,We're still pushing hard to get them to accept.,whisper_canonical
1036,1036_w1407,1406,UNKNOWN,5,5670.081,5671.863,1.782,"In the meantime, what's happened?",whisper_canonical
1036,1036_w1408,1407,UNKNOWN,4,5672.403,5673.364,0.961,"In Israel, we're fine.",whisper_canonical
1036,1036_w1409,1408,UNKNOWN,11,5673.424,5677.488,4.064,"I said the only thing I've denied Israel was 2,000-pound bombs.",whisper_canonical
1036,1036_w1410,1409,UNKNOWN,8,5677.848,5679.87,2.022,They don't work very well in populated areas.,whisper_canonical
1036,1036_w1411,1410,UNKNOWN,7,5679.91,5681.111,1.201,They kill a lot of innocent people.,whisper_canonical
1036,1036_w1412,1411,UNKNOWN,14,5681.591,5684.413,2.822,We're providing Israel with all the weapons they need and when they need them.,whisper_canonical
1036,1036_w1413,1412,UNKNOWN,24,5684.773,5694.157,9.384,"And by the way, I'm the guy that organized the world against Iran when they had a full-blown intercontinental ballistic missile attack on Israel.",whisper_canonical
1036,1036_w1414,1413,UNKNOWN,4,5694.638,5695.378,0.74,No one was hurt.,whisper_canonical
1036,1036_w1415,1414,UNKNOWN,10,5695.778,5700.401,4.623,"No one, one Israeli was accidentally killed and it stopped.",whisper_canonical
1036,1036_w1416,1415,UNKNOWN,3,5700.821,5701.821,1.0,We saved Israel.,whisper_canonical
1036,1036_w1417,1416,UNKNOWN,14,5701.941,5706.384,4.443,We are the biggest producer of support for Israel of anyone in the world.,whisper_canonical
1036,1036_w1418,1417,UNKNOWN,8,5706.904,5708.665,1.761,"And so that's, there are two different things.",whisper_canonical
1036,1036_w1419,1418,UNKNOWN,7,5709.425,5711.806,2.381,Moss cannot be allowed to be continued.,whisper_canonical
1036,1036_w1420,1419,UNKNOWN,23,5711.946,5717.729,5.783,We continue to send our experts and our intelligence people as to how they can get a Moss like we did Ben Laden.,whisper_canonical
1036,1036_w1421,1420,UNKNOWN,6,5718.129,5719.13,1.001,You don't have to do it.,whisper_canonical
1036,1036_w1422,1421,UNKNOWN,16,5719.45,5723.732,4.282,"And by the way, they've been greatly weakened to Moss, greatly weakened, and they should be.",whisper_canonical
1036,1036_w1423,1422,UNKNOWN,4,5724.112,5725.133,1.021,They should be eliminated.,whisper_canonical
1036,1036_w1424,1423,UNKNOWN,14,5725.613,5730.396,4.783,"But you've got to be careful for what, using certain weapons among population centers.",whisper_canonical
1036,1036_w1425,1424,UNKNOWN,8,5733.137,5734.838,1.701,Just going back to Ukraine for one second.,whisper_canonical
1036,1036_w1426,1425,UNKNOWN,6,5735.81,5737.511,1.701,We have an ocean separating us.,whisper_canonical
1036,1036_w1427,1426,UNKNOWN,15,5738.171,5744.753,6.582,"The European nations together have spent billion, or maybe more than that, less than us.",whisper_canonical
1036,1036_w1428,1427,UNKNOWN,5,5745.833,5746.933,1.1,Why doesn't he call them?,whisper_canonical
1036,1036_w1429,1428,UNKNOWN,13,5746.993,5749.194,2.201,So you got to put up your money like I did with NATO.,whisper_canonical
1036,1036_w1430,1429,UNKNOWN,11,5749.234,5751.715,2.481,I got them to put up hundreds of billions of dollars.,whisper_canonical
1036,1036_w1431,1430,UNKNOWN,15,5751.735,5755.816,4.081,The Secretary General of NATO said Trump did the most incredible job I've ever seen.,whisper_canonical
1036,1036_w1432,1431,UNKNOWN,12,5756.236,5758.337,2.101,You wouldn't they wouldn't have any they were going out of business.,whisper_canonical
1036,1036_w1433,1432,UNKNOWN,14,5758.377,5762.158,3.781,We were spending almost percent of the money was it was paid by us.,whisper_canonical
1036,1036_w1434,1433,UNKNOWN,4,5763.302,5763.982,0.68,He didn't do that.,whisper_canonical
1036,1036_w1435,1434,UNKNOWN,14,5764.602,5767.523,2.921,"He's getting all, you got to ask these people to put up the money.",whisper_canonical
1036,1036_w1436,1435,UNKNOWN,23,5767.803,5775.126,7.323,"We're over billion more spent and it has a bigger impact on them because of location, because we have an ocean in between.",whisper_canonical
1036,1036_w1437,1436,UNKNOWN,9,5775.466,5777.847,2.381,You got to ask them as far as Israel.,whisper_canonical
1036,1036_w1438,1437,UNKNOWN,2,5778.627,5779.867,1.24,And Hamas.,whisper_canonical
1036,1036_w1439,1438,UNKNOWN,8,5780.567,5781.668,1.101,Israel is the one that wants to go.,whisper_canonical
1036,1036_w1440,1439,UNKNOWN,12,5781.688,5783.988,2.3,He said the only one who wants to keep going is Hamas.,whisper_canonical
1036,1036_w1441,1440,UNKNOWN,5,5784.348,5785.569,1.221,"Actually, Israel is the one.",whisper_canonical
1036,1036_w1442,1441,UNKNOWN,12,5785.789,5787.929,2.14,And you should let him go and let him finish a job.,whisper_canonical
1036,1036_w1443,1442,UNKNOWN,6,5788.169,5788.929,0.76,He doesn't want to do it.,whisper_canonical
1036,1036_w1444,1443,UNKNOWN,16,5788.949,5793.491,4.542,"He's become like a Palestinian, but they don't like him because he's a very bad Palestinian.",whisper_canonical
1036,1036_w1445,1444,UNKNOWN,4,5793.551,5794.271,0.72,He's a weak one.,whisper_canonical
1036,1036_w1446,1445,UNKNOWN,7,5795.631,5796.811,1.18,"President Biden, do you have a minute?",whisper_canonical
1036,1036_w1447,1446,UNKNOWN,6,5797.211,5798.632,1.421,I've never heard so much foolishness.,whisper_canonical
1036,1036_w1448,1447,UNKNOWN,11,5798.992,5800.772,1.78,This is the guy who wants to get out of NATO.,whisper_canonical
1036,1036_w1449,1448,UNKNOWN,7,5800.792,5801.752,0.96,Are you going to stay in NATO?,whisper_canonical
1036,1036_w1450,1449,UNKNOWN,8,5801.772,5803.473,1.701,Are you going to pull out of NATO?,whisper_canonical
1036,1036_w1451,1450,UNKNOWN,13,5804.113,5807.814,3.701,"The idea that we have our strengths, lives, and our alliances as well.",whisper_canonical
1036,1036_w1452,1451,UNKNOWN,21,5808.722,5813.287,4.565,"It may be a big ocean, but we're ever able to avoid a war in Europe, a major war in Europe.",whisper_canonical
1036,1036_w1453,1452,UNKNOWN,13,5813.707,5817.852,4.145,"What happens if, in fact, you have Putin continue to go into NATO?",whisper_canonical
1036,1036_w1454,1453,UNKNOWN,5,5818.172,5819.433,1.261,We have an Article agreement.,whisper_canonical
1036,1036_w1455,1454,UNKNOWN,7,5819.754,5821.295,1.541,Attack on one is attack on all.,whisper_canonical
1036,1036_w1456,1455,UNKNOWN,11,5821.656,5823.858,2.202,You want to start the nuclear war he keeps talking about.,whisper_canonical
1036,1036_w1457,1456,UNKNOWN,2,5823.898,5824.339,0.441,Go ahead.,whisper_canonical
1036,1036_w1458,1457,UNKNOWN,7,5824.739,5827.222,2.483,Let Putin go in and control Ukraine.,whisper_canonical
1036,1036_w1459,1458,UNKNOWN,13,5827.642,5831.565,3.923,"and then move on to Poland and other places, see what happens then.",whisper_canonical
1036,1036_w1460,1459,UNKNOWN,9,5832.005,5833.866,1.861,He has no idea what Telly is talking about.,whisper_canonical
1036,1036_w1461,1460,UNKNOWN,36,5834.206,5847.855,13.649,"And by the way, I got other nations around the world to support Ukraine, including Japan and South Korea, because they understand that this kind of dislocation has a serious threat to the whole world peace.",whisper_canonical
1036,1036_w1462,1461,UNKNOWN,15,5847.975,5850.957,2.982,No major war in Europe has ever been able to be contained just to Europe.,whisper_canonical
1036,1036_w1463,1462,UNKNOWN,24,5852.203,5859.305,7.102,"President Trump, just to follow up, would you support the creation of an independent Palestinian state in order to achieve peace in the region?",whisper_canonical
1036,1036_w1464,1463,UNKNOWN,4,5859.545,5860.245,0.7,I'd have to see.,whisper_canonical
1036,1036_w1465,1464,UNKNOWN,16,5860.285,5864.527,4.242,"But before we do that, the problem we have is that we spend all the money.",whisper_canonical
1036,1036_w1466,1465,UNKNOWN,6,5865.067,5866.187,1.12,So they kill us on trade.,whisper_canonical
1036,1036_w1467,1466,UNKNOWN,9,5866.227,5868.928,2.701,I made great trade deals with the European nations.,whisper_canonical
1036,1036_w1468,1467,UNKNOWN,12,5869.854,5872.838,2.984,"Because if you add them up, they're about the same size economically.",whisper_canonical
1036,1036_w1469,1468,UNKNOWN,11,5873.378,5876.102,2.724,Their economy is about the same size as the United States.,whisper_canonical
1036,1036_w1470,1469,UNKNOWN,7,5876.522,5878.364,1.842,"And they were written no cars, no.",whisper_canonical
1036,1036_w1471,1470,UNKNOWN,7,5878.544,5879.806,1.262,They don't want anything that we have.,whisper_canonical
1036,1036_w1472,1471,UNKNOWN,13,5879.906,5883.731,3.825,"But we're supposed to take their cars, their food, their everything, their agriculture.",whisper_canonical
1036,1036_w1473,1472,UNKNOWN,3,5884.472,5885.152,0.68,I changed that.,whisper_canonical
1036,1036_w1474,1473,UNKNOWN,12,5885.753,5887.636,1.883,But the big thing I change is they don't want to pay.,whisper_canonical
1036,1036_w1475,1474,UNKNOWN,24,5887.656,5895.227,7.571,And the only reason that he can play games with NATO is because I got them to put up hundreds of billions of dollars.,whisper_canonical
1036,1036_w1476,1475,UNKNOWN,7,5895.307,5897.11,1.803,"I said, and he's right about this.",whisper_canonical
1036,1036_w1477,1476,UNKNOWN,13,5897.431,5900.395,2.964,"I said, no, I'm not going to support NATO if you don't pay.",whisper_canonical
1036,1036_w1478,1477,UNKNOWN,5,5901.056,5902.116,1.06,They asked me that question.,whisper_canonical
1036,1036_w1479,1478,UNKNOWN,13,5902.156,5905.818,3.662,Would you guard us against Russia at a very secret meeting of the,whisper_canonical
1036,1036_w1480,1479,UNKNOWN,8,5907.358,5909.679,2.321,"states at that time, nations at that time?",whisper_canonical
1036,1036_w1481,1480,UNKNOWN,12,5909.979,5912.52,2.541,"And I said, no, if you don't pay, I won't do that.",whisper_canonical
1036,1036_w1482,1481,UNKNOWN,5,5912.6,5913.36,0.76,And you know what happened?,whisper_canonical
1036,1036_w1483,1482,UNKNOWN,15,5913.98,5918.042,4.062,Billions and billions of dollars came flowing in the next day and the next months.,whisper_canonical
1036,1036_w1484,1483,UNKNOWN,7,5919.042,5920.784,1.742,But now we're in the same position.,whisper_canonical
1036,1036_w1485,1484,UNKNOWN,4,5920.984,5922.406,1.422,We're paying everybody's bills.,whisper_canonical
1036,1036_w1486,1485,UNKNOWN,7,5922.986,5924.588,1.602,Let's turn to the issue of democracy.,whisper_canonical
1036,1036_w1487,1486,UNKNOWN,32,5924.868,5936.621,11.753,"Former President Trump, I want to ask you about January After you rallied your supporters that day, some of them stormed the Capitol to stop the constitutionally mandated counting of electoral votes.",whisper_canonical
1036,1036_w1488,1487,UNKNOWN,15,5937.241,5942.429,5.188,"As president, you swore an oath to, quote, preserve, protect, and defend, unquote, the Constitution.",whisper_canonical
1036,1036_w1489,1488,UNKNOWN,27,5942.889,5949.639,6.75,What do you say to voters who believe that you violated that oath through your actions and inaction on January and worry that you'll do it again?,whisper_canonical
1036,1036_w1490,1489,UNKNOWN,8,5949.659,5951.302,1.643,"Well, I don't think too many believe that.",whisper_canonical
1036,1036_w1491,1490,UNKNOWN,7,5951.362,5952.604,1.242,And let me tell you about January,whisper_canonical
1036,1036_w1492,1491,UNKNOWN,8,5953.725,5956.306,2.581,"On January 6th, we had a great border.",whisper_canonical
1036,1036_w1493,1492,UNKNOWN,3,5956.927,5957.827,0.9,Nobody coming through.,whisper_canonical
1036,1036_w1494,1493,UNKNOWN,2,5957.887,5958.387,0.5,Very few.,whisper_canonical
1036,1036_w1495,1494,UNKNOWN,7,5959.068,5961.128,2.06,"On January 6th, we were energy independent.",whisper_canonical
1036,1036_w1496,1495,UNKNOWN,9,5961.249,5963.49,2.241,"On January 6th, we had the lowest taxes ever.",whisper_canonical
1036,1036_w1497,1496,UNKNOWN,6,5963.93,5965.631,1.701,We had the lowest regulations ever.,whisper_canonical
1036,1036_w1498,1497,UNKNOWN,10,5966.051,5968.812,2.761,"On January 6th, we were respected all over the world.",whisper_canonical
1036,1036_w1499,1498,UNKNOWN,7,5969.412,5971.013,1.601,"All over the world, we were respected.",whisper_canonical
1036,1036_w1500,1499,UNKNOWN,10,5971.473,5973.974,2.501,And then he comes in and we're now left at.,whisper_canonical
1036,1036_w1501,1500,UNKNOWN,7,5974.074,5975.855,1.781,We're like a bunch of stupid people.,whisper_canonical
1036,1036_w1502,1501,UNKNOWN,40,5976.876,5990.186,13.31,"What happened to the United States' reputation under this man's leadership is horrible, including weaponization, which I'm sure at some point you'll be talking about, where he goes after his political opponent because he can't beat him fair and square.",whisper_canonical
1036,1036_w1503,1502,UNKNOWN,4,5991.107,5992.468,1.361,You have seconds left.,whisper_canonical
1036,1036_w1504,1503,UNKNOWN,25,5992.588,6000.156,7.568,"My question was, what do you say to those voters who believe that you violated your constitutional oath through your actions and inaction on January",whisper_canonical
1036,1036_w1505,1504,UNKNOWN,7,6001.497,6002.618,1.121,and worry that you'll do it again?,whisper_canonical
1036,1036_w1506,1505,UNKNOWN,7,6002.778,6004.539,1.761,"Well, I didn't say that to anybody.",whisper_canonical
1036,1036_w1507,1506,UNKNOWN,5,6004.999,6007.061,2.062,I said peacefully and patriotically.,whisper_canonical
1036,1036_w1508,1507,UNKNOWN,24,6007.501,6015.525,8.024,"And Nancy Pelosi, if you just watched the news from two days ago, on tape to her daughter, who's a documentary filmmaker, they say.",whisper_canonical
1036,1036_w1509,1508,UNKNOWN,8,6016.306,6019.308,3.002,"But she's saying, oh no, it's my responsibility.",whisper_canonical
1036,1036_w1510,1509,UNKNOWN,5,6019.368,6020.688,1.32,I was responsible for this.,whisper_canonical
1036,1036_w1511,1510,UNKNOWN,8,6021.129,6023.91,2.781,Because I offered her soldiers or National Guard.,whisper_canonical
1036,1036_w1512,1511,UNKNOWN,5,6024.571,6025.511,0.94,And she turned them down.,whisper_canonical
1036,1036_w1513,1512,UNKNOWN,4,6025.571,6026.092,0.521,And the mayor of...,whisper_canonical
1036,1036_w1514,1513,UNKNOWN,16,6026.932,6031.294,4.362,"in writing, by the way, the mayor, in writing turned it down, the mayor of DC.",whisper_canonical
1036,1036_w1515,1514,UNKNOWN,4,6032.074,6032.854,0.78,They turned it down.,whisper_canonical
1036,1036_w1516,1515,UNKNOWN,6,6033.174,6035.455,2.281,I offered because I could see.,whisper_canonical
1036,1036_w1517,1516,UNKNOWN,6,6035.475,6037.796,2.321,I had virtually nothing to do.,whisper_canonical
1036,1036_w1518,1517,UNKNOWN,8,6037.836,6039.077,1.241,They asked me to go make a speech.,whisper_canonical
1036,1036_w1519,1518,UNKNOWN,6,6039.697,6040.697,1.0,I could see what was happening.,whisper_canonical
1036,1036_w1520,1519,UNKNOWN,11,6040.757,6042.898,2.141,Everybody was saying they're going to be there on January 6th.,whisper_canonical
1036,1036_w1521,1520,UNKNOWN,5,6042.918,6043.578,0.66,They're going to be there.,whisper_canonical
1036,1036_w1522,1521,UNKNOWN,6,6043.978,6044.859,0.881,"And I said, you know what?",whisper_canonical
1036,1036_w1523,1522,UNKNOWN,6,6044.879,6046.139,1.26,There's a lot of people coming.,whisper_canonical
1036,1036_w1524,1523,UNKNOWN,4,6046.199,6046.88,0.681,You could feel it.,whisper_canonical
1036,1036_w1525,1524,UNKNOWN,5,6047.02,6047.88,0.86,You could feel it too.,whisper_canonical
1036,1036_w1526,1525,UNKNOWN,5,6048.02,6048.86,0.84,And you could feel it.,whisper_canonical
1036,1036_w1527,1526,UNKNOWN,12,6049.361,6052.562,3.201,"And I said, they ought to have some National Guard or whatever.",whisper_canonical
1036,1036_w1528,1527,UNKNOWN,15,6053.422,6057.106,3.684,And I offered it to her and she now admits that she turned it down.,whisper_canonical
1036,1036_w1529,1528,UNKNOWN,26,6057.526,6063.072,5.546,"And it was the same day she was, I don't know, he can't be very happy with her daughter because it made her into a liar.",whisper_canonical
1036,1036_w1530,1529,UNKNOWN,9,6063.472,6067.076,3.604,"She said, I take full responsibility for January 6th.",whisper_canonical
1036,1036_w1531,1530,UNKNOWN,2,6068.197,6068.618,0.421,President Biden.,whisper_canonical
1036,1036_w1532,1531,UNKNOWN,14,6070.056,6073.961,3.905,"Look, he encouraged those folks to go up in the Capitol Hill, number one.",whisper_canonical
1036,1036_w1533,1532,UNKNOWN,10,6074.722,6076.765,2.043,I sat in the dining room off the Oval Office.,whisper_canonical
1036,1036_w1534,1533,UNKNOWN,28,6076.825,6085.718,8.893,"He sat there for three hours, three hours watching, begging, being begged by his vice president and a number of his colleagues in the Republican side as well.",whisper_canonical
1036,1036_w1535,1534,UNKNOWN,11,6086.118,6088.76,2.642,"to do something, to call for a stop, to end it.",whisper_canonical
1036,1036_w1536,1535,UNKNOWN,13,6089.12,6094.444,5.324,"Instead, they've talked about these people being patriots and great patrons of America.",whisper_canonical
1036,1036_w1537,1536,UNKNOWN,12,6094.884,6097.986,3.102,"In fact, he says he'll now forgive them for what they've done.",whisper_canonical
1036,1036_w1538,1537,UNKNOWN,3,6099.127,6099.987,0.86,They've been convicted.,whisper_canonical
1036,1036_w1539,1538,UNKNOWN,27,6100.287,6108.713,8.426,"He says he wants to commute their sentences and say that, no, he went to every single court in the nation, I don't know how many cases,",whisper_canonical
1036,1036_w1540,1539,UNKNOWN,25,6109.774,6118.617,8.843,"scores of cases, including the Supreme Court, And they said, they said, no, no, this guy, this guy is responsible for doing what was done.",whisper_canonical
1036,1036_w1541,1540,UNKNOWN,6,6118.857,6120.177,1.32,He did do a damn thing.,whisper_canonical
1036,1036_w1542,1541,UNKNOWN,7,6120.697,6122.157,1.46,And these people should be in jail.,whisper_canonical
1036,1036_w1543,1542,UNKNOWN,12,6122.577,6125.598,3.021,And they should be in the ones who are being held accountable.,whisper_canonical
1036,1036_w1544,1543,UNKNOWN,8,6125.938,6127.218,1.28,And he wants to let them all out.,whisper_canonical
1036,1036_w1545,1544,UNKNOWN,20,6127.579,6132.04,4.461,And now he says that he loses again such a whiner that he is that it could be a bloodbath.,whisper_canonical
1036,1036_w1546,1545,UNKNOWN,4,6132.34,6133.32,0.98,"Thank you, President Biden.",whisper_canonical
1036,1036_w1547,1546,UNKNOWN,2,6133.38,6133.88,0.5,President Trump.,whisper_canonical
1036,1036_w1548,1547,UNKNOWN,17,6135.241,6139.922,4.681,"where they've done to some people that are so innocent, you ought to be ashamed of yourself.",whisper_canonical
1036,1036_w1549,1548,UNKNOWN,13,6140.022,6143.063,3.041,"What you have done, how you've destroyed the lives of so many people.",whisper_canonical
1036,1036_w1550,1549,UNKNOWN,9,6143.803,6146.543,2.74,"When they rip down Portland, when they rip down",whisper_canonical
1036,1036_w1551,1550,UNKNOWN,19,6148.104,6154.425,6.321,"many other cities, you go to Minnesota, Minneapolis, what they've done there, with the fires all over the city.",whisper_canonical
1036,1036_w1552,1551,UNKNOWN,14,6154.465,6157.385,2.92,"If I didn't bring in the National Guard, that city would have been destroyed.",whisper_canonical
1036,1036_w1553,1552,UNKNOWN,14,6158.026,6162.168,4.142,When you look at all of the They took over big chunks of Seattle.,whisper_canonical
1036,1036_w1554,1553,UNKNOWN,10,6162.228,6164.089,1.861,I was all set to bring in the National Guard.,whisper_canonical
1036,1036_w1555,1554,UNKNOWN,3,6164.109,6164.67,0.561,They heard that.,whisper_canonical
1036,1036_w1556,1555,UNKNOWN,8,6164.73,6167.152,2.422,They saw them coming and they left immediately.,whisper_canonical
1036,1036_w1557,1556,UNKNOWN,10,6167.972,6171.655,3.683,What he said about this whole subject is so off.,whisper_canonical
1036,1036_w1558,1557,UNKNOWN,2,6172.136,6173.076,0.94,Peacefully patriotic.,whisper_canonical
1036,1036_w1559,1558,UNKNOWN,3,6173.276,6173.777,0.501,One other thing.,whisper_canonical
1036,1036_w1560,1559,UNKNOWN,38,6175.137,6189.748,14.611,"the unselect committee, which is basically two horrible Republicans that are all gone now out of office and Democrats, all Democrats, they destroyed and deleted all of the information they found because they found out we were right.",whisper_canonical
1036,1036_w1561,1560,UNKNOWN,3,6190.329,6190.929,0.6,We were right.,whisper_canonical
1036,1036_w1562,1561,UNKNOWN,9,6191.35,6193.791,2.441,And they deleted and destroyed all of the information.,whisper_canonical
1036,1036_w1563,1562,UNKNOWN,7,6193.832,6195.353,1.521,They should go to jail for that.,whisper_canonical
1036,1036_w1564,1563,UNKNOWN,9,6195.653,6197.254,1.601,"If a Republican did that, they'd go to jail.",whisper_canonical
1036,1036_w1565,1564,UNKNOWN,4,6197.274,6198.095,0.821,"Thank you, President Trump.",whisper_canonical
1036,1036_w1566,1565,UNKNOWN,9,6198.115,6199.436,1.321,"President Biden, I want to give you a minute.",whisper_canonical
1036,1036_w1567,1566,UNKNOWN,18,6199.973,6203.715,3.742,The only person on this stage is a convicted felon as the man I'm looking at right now.,whisper_canonical
1036,1036_w1568,1567,UNKNOWN,9,6204.476,6207.078,2.602,"And the fact of the matter is, he isn't.",whisper_canonical
1036,1036_w1569,1568,UNKNOWN,8,6207.178,6208.779,1.601,What he's telling you is simply not true.,whisper_canonical
1036,1036_w1570,1569,UNKNOWN,21,6209.259,6215.403,6.144,The fact is that there was no effort on his part to stop what was going on up in Capitol Hill.,whisper_canonical
1036,1036_w1571,1570,UNKNOWN,15,6215.683,6219.686,4.003,"And all those people, every one of those who were convicted, deserves to be convicted.",whisper_canonical
1036,1036_w1572,1571,UNKNOWN,22,6220.066,6227.972,7.906,"The idea that they didn't kill somebody just went in and broke down doors, broke the windows, occupied offices, turned over desks.",whisper_canonical
1036,1036_w1573,1572,UNKNOWN,4,6228.792,6229.853,1.061,turn them over statutes.,whisper_canonical
1036,1036_w1574,1573,UNKNOWN,9,6230.133,6233.996,3.863,"The idea that those people are patriots, come on.",whisper_canonical
1036,1036_w1575,1574,UNKNOWN,26,6234.616,6241.481,6.865,"When I asked him about first two debates we had, the debates we had the first time around, I said, will you denounce the proud boy?",whisper_canonical
1036,1036_w1576,1575,UNKNOWN,9,6241.961,6243.722,1.761,"He said, no, I'll tell them to stand by.",whisper_canonical
1036,1036_w1577,1576,UNKNOWN,9,6243.742,6247.745,4.003,"The idea he's refusing, will you denounce these guys?",whisper_canonical
1036,1036_w1578,1577,UNKNOWN,9,6248.346,6250.087,1.741,Will you denounce the people we're talking about now?,whisper_canonical
1036,1036_w1579,1578,UNKNOWN,9,6250.567,6252.989,2.422,Will you denounce the people who attack that capital?,whisper_canonical
1036,1036_w1580,1579,UNKNOWN,6,6253.689,6254.29,0.601,What are you going to do?,whisper_canonical
1036,1036_w1581,1580,UNKNOWN,15,6256.23,6260.814,4.584,"I'm going to give you a minute, President Trump, for a follow-up question I have.",whisper_canonical
1036,1036_w1582,1581,UNKNOWN,26,6262.115,6270.581,8.466,"After a jury convicted you of felonies last month, you said if re-elected, you would, quote, have every right to go after, unquote, your political opponents.",whisper_canonical
1036,1036_w1583,1582,UNKNOWN,15,6270.601,6274.564,3.963,You just talked about members of the select committee on January 6th going to jail.,whisper_canonical
1036,1036_w1584,1583,UNKNOWN,11,6275.065,6277.767,2.702,Your main political opponent is standing on stage with you tonight.,whisper_canonical
1036,1036_w1585,1584,UNKNOWN,20,6278.107,6282.771,4.664,Can you clarify exactly what it means about you feeling you have every right to go after your political opponents?,whisper_canonical
1036,1036_w1586,1585,UNKNOWN,10,6282.991,6285.994,3.003,"Well, I said my retribution is going to be success.",whisper_canonical
1036,1036_w1587,1586,UNKNOWN,15,6286.054,6289.417,3.363,"We're going to make this country successful again, because right now it's a failing nation.",whisper_canonical
1036,1036_w1588,1587,UNKNOWN,7,6289.997,6291.839,1.842,My retribution is going to be success.,whisper_canonical
1036,1036_w1589,1588,UNKNOWN,19,6292.379,6297.223,4.844,"But when he talks about a convicted felon, his son is a convicted felon at a very high level.",whisper_canonical
1036,1036_w1590,1589,UNKNOWN,12,6297.383,6300.546,3.163,"His son is convicted, going to be convicted probably numerous other times.",whisper_canonical
1036,1036_w1591,1590,UNKNOWN,21,6300.566,6307.272,6.706,"He should have been convicted before, but his Justice Department let the statute of limitations lapse on the most important things.",whisper_canonical
1036,1036_w1592,1591,UNKNOWN,15,6307.692,6310.494,2.802,But he could be a convicted felon as soon as he gets out of office.,whisper_canonical
1036,1036_w1593,1592,UNKNOWN,14,6310.554,6313.655,3.101,Joe could be a convicted felon with all of the things that he's done.,whisper_canonical
1036,1036_w1594,1593,UNKNOWN,4,6313.975,6314.996,1.021,He's done horrible things.,whisper_canonical
1036,1036_w1595,1594,UNKNOWN,8,6315.456,6317.477,2.021,All of the death cause at the border.,whisper_canonical
1036,1036_w1596,1595,UNKNOWN,17,6318.258,6323.3,5.042,Telling the Ukrainian people that we're going to want a billion dollars or you change the prosecutor.,whisper_canonical
1036,1036_w1597,1596,UNKNOWN,7,6323.78,6325.341,1.561,Otherwise you're not getting a billion dollars.,whisper_canonical
1036,1036_w1598,1597,UNKNOWN,9,6325.401,6328.003,2.602,"If I ever said that, that's quid pro quo.",whisper_canonical
1036,1036_w1599,1598,UNKNOWN,7,6328.843,6330.464,1.621,that we're not going to do anything.,whisper_canonical
1036,1036_w1600,1599,UNKNOWN,20,6330.764,6334.546,3.782,We're not going to give you a billion dollars unless you change your prosecutor having to do with the son.,whisper_canonical
1036,1036_w1601,1600,UNKNOWN,5,6335.186,6336.226,1.04,This man is a criminal.,whisper_canonical
1036,1036_w1602,1601,UNKNOWN,4,6336.667,6337.687,1.02,"This man, you're lucky.",whisper_canonical
1036,1036_w1603,1602,UNKNOWN,2,6337.987,6338.447,0.46,You're lucky.,whisper_canonical
1036,1036_w1604,1603,UNKNOWN,4,6338.748,6339.728,0.98,I did nothing wrong.,whisper_canonical
1036,1036_w1605,1604,UNKNOWN,9,6340.088,6342.669,2.581,We'd have a system that was rigged and disgusting.,whisper_canonical
1036,1036_w1606,1605,UNKNOWN,4,6342.789,6343.63,0.841,I did nothing wrong.,whisper_canonical
1036,1036_w1607,1606,UNKNOWN,4,6343.93,6344.93,1.0,"Thank you, President Trump.",whisper_canonical
1036,1036_w1608,1607,UNKNOWN,11,6344.95,6347.392,2.442,"President Biden, you have said, I'm coming right to you, sir.",whisper_canonical
1036,1036_w1609,1608,UNKNOWN,5,6348.632,6349.312,0.68,"Well, you want to respond?",whisper_canonical
1036,1036_w1610,1609,UNKNOWN,2,6349.332,6349.532,0.2,Go ahead.,whisper_canonical
1036,1036_w1611,1610,UNKNOWN,7,6349.553,6350.453,0.9,I'll give you a minute to respond.,whisper_canonical
1036,1036_w1612,1611,UNKNOWN,15,6350.977,6356.26,5.283,The idea that I did anything wrong relative to what you're talking about is outrageous.,whisper_canonical
1036,1036_w1613,1612,UNKNOWN,6,6356.8,6358.301,1.501,"It's simply a lie, number one.",whisper_canonical
1036,1036_w1614,1613,UNKNOWN,24,6358.821,6366.805,7.984,"Number two, the idea that you have a right to seek retribution against any American just because your president is wrong is simply wrong.",whisper_canonical
1036,1036_w1615,1614,UNKNOWN,8,6366.865,6368.666,1.801,No president has ever spoken like that before.,whisper_canonical
1036,1036_w1616,1615,UNKNOWN,10,6369.126,6371.327,2.201,No president in our history has spoken like that before.,whisper_canonical
1036,1036_w1617,1616,UNKNOWN,10,6371.827,6375.168,3.341,"Number three, the crimes that you are still charged with.",whisper_canonical
1036,1036_w1618,1617,UNKNOWN,9,6375.228,6376.749,1.521,And think of all the civil penalties you have.,whisper_canonical
1036,1036_w1619,1618,UNKNOWN,11,6376.949,6379.469,2.52,How many billions of dollars do you owe in civil penalties,whisper_canonical
1036,1036_w1620,1619,UNKNOWN,28,6380.51,6389.632,9.122,"for molesting a woman in public, for doing a whole range of things, of having sex with a porn star on the night while your wife was pregnant?",whisper_canonical
1036,1036_w1621,1620,UNKNOWN,7,6389.972,6391.992,2.02,"I mean, what are you talking about?",whisper_canonical
1036,1036_w1622,1621,UNKNOWN,8,6392.813,6394.433,1.62,You have the morals of an alley cat.,whisper_canonical
1036,1036_w1623,1622,UNKNOWN,10,6395.851,6398.933,3.082,"I didn't have sex with a porn star, number one.",whisper_canonical
1036,1036_w1624,1623,UNKNOWN,11,6399.433,6402.615,3.182,"Number two, that was a case that was started and moved.",whisper_canonical
1036,1036_w1625,1624,UNKNOWN,16,6402.695,6408.459,5.764,"They moved a high-ranking official, a DOJ, into the Manhattan DA's office to start that case.",whisper_canonical
1036,1036_w1626,1625,UNKNOWN,9,6408.899,6410.64,1.741,That case is going to be appealed in one.,whisper_canonical
1036,1036_w1627,1626,UNKNOWN,10,6411.22,6415.323,4.103,"We had a very terrible judge, a horrible judge, Democrat.",whisper_canonical
1036,1036_w1628,1627,UNKNOWN,15,6415.903,6422.947,7.044,"The prosecutor were all high-ranking Democrats, appointed people, and both the civil and the criminal.",whisper_canonical
1036,1036_w1629,1628,UNKNOWN,16,6423.407,6427.929,4.522,He basically went after his political opponent because he thought it was going to damage me.,whisper_canonical
1036,1036_w1630,1629,UNKNOWN,25,6427.969,6433.311,5.342,"But when the public found out about these cases, because they understand it better than he does, he has no idea what these cases are.",whisper_canonical
1036,1036_w1631,1630,UNKNOWN,13,6433.732,6436.573,2.841,"But when they found out about these cases, you know what they did?",whisper_canonical
1036,1036_w1632,1631,UNKNOWN,7,6436.933,6438.333,1.4,My poll numbers went up way up.,whisper_canonical
1036,1036_w1633,1632,UNKNOWN,7,6438.433,6439.774,1.341,You know that because you're reporting it.,whisper_canonical
1036,1036_w1634,1633,UNKNOWN,22,6440.214,6446.099,5.885,And we took in more money in the last two weeks than we've ever taken in in the history of any campaign.,whisper_canonical
1036,1036_w1635,1634,UNKNOWN,39,6446.139,6457.89,11.751,I don't think any campaign has ever taken hundreds of millions of dollars came pouring in because the public knows it's a scam and it's a guy that's after his political opponent because he can't win fair and square.,whisper_canonical
1036,1036_w1636,1635,UNKNOWN,4,6458.13,6458.91,0.78,"Thank you, President Trump.",whisper_canonical
1036,1036_w1637,1636,UNKNOWN,18,6458.93,6465.953,7.023,"President Biden, you have said, quote, Donald Trump and his MAGA Republicans are determined to destroy American democracy.",whisper_canonical
1036,1036_w1638,1637,UNKNOWN,24,6466.434,6473.997,7.563,Do you believe that the tens of millions of Americans who are likely to vote for President Trump will be voting against American democracy?,whisper_canonical
1036,1036_w1639,1638,UNKNOWN,9,6474.752,6476.714,1.962,"The more they know about what he's done, yes.",whisper_canonical
1036,1036_w1640,1639,UNKNOWN,8,6477.495,6479.036,1.541,The more they know about what he's done.,whisper_canonical
1036,1036_w1641,1640,UNKNOWN,5,6479.677,6480.698,1.021,And there's not more coming.,whisper_canonical
1036,1036_w1642,1641,UNKNOWN,11,6480.718,6483.701,2.983,He's got a lot of cases down the road coming around.,whisper_canonical
1036,1036_w1643,1642,UNKNOWN,11,6483.881,6486.564,2.683,He's got a whole range of issues he has to face.,whisper_canonical
1036,1036_w1644,1643,UNKNOWN,17,6487.044,6490.688,3.644,"I don't know what the juries will do, but I do know he has a real problem.",whisper_canonical
1036,1036_w1645,1644,UNKNOWN,20,6491.188,6496.595,5.407,"And so the fact that, could you ever think you heard any President say that I'm going to seek retribution?",whisper_canonical
1036,1036_w1646,1645,UNKNOWN,15,6496.615,6500.6,3.985,Do you ever hear any President say that I thought Hitler had some good ideas?,whisper_canonical
1036,1036_w1647,1646,UNKNOWN,21,6500.941,6505.726,4.785,"Would God be involved to run the first place after my son had died and decided in Iraq, because of Iraq?",whisper_canonical
1036,1036_w1648,1647,UNKNOWN,16,6506.507,6510.37,3.863,"I said I wasn't going to run again until I saw what happened in Charlottesville, Virginia.",whisper_canonical
1036,1036_w1649,1648,UNKNOWN,18,6510.79,6518.395,7.605,People coming out of the woods carrying swastikas on torches and singing the same anti-Semitic bile they sang,whisper_canonical
1036,1036_w1650,1649,UNKNOWN,3,6519.756,6520.577,0.821,back in Germany.,whisper_canonical
1036,1036_w1651,1650,UNKNOWN,6,6521.097,6522.798,1.701,And the young woman got killed.,whisper_canonical
1036,1036_w1652,1651,UNKNOWN,5,6522.818,6523.739,0.921,They spoke to the mother.,whisper_canonical
1036,1036_w1653,1652,UNKNOWN,13,6524.279,6528.002,3.723,"And they asked him, they said, what do you think of those people?",whisper_canonical
1036,1036_w1654,1653,UNKNOWN,28,6528.382,6534.126,5.744,"The people who, the ones who got killed, the one who tried to stop it, and the ones who said, I think they're fine people on both sides.",whisper_canonical
1036,1036_w1655,1654,UNKNOWN,6,6534.946,6537.75,2.804,What American president would ever say?,whisper_canonical
1036,1036_w1656,1655,UNKNOWN,17,6538.35,6546.159,7.809,"Nazis coming out of fields, carrying torches, singing the same anti-Semitic bile, carrying swastikas, or fine people.",whisper_canonical
1036,1036_w1657,1656,UNKNOWN,12,6546.82,6549.123,2.303,And this is the guy who says Hitler's done some good things.,whisper_canonical
1036,1036_w1658,1657,UNKNOWN,7,6549.523,6550.524,1.001,I'd like to know what they are.,whisper_canonical
1036,1036_w1659,1658,UNKNOWN,9,6551.005,6552.747,1.742,"The good things Hitler's done, that's what he said.",whisper_canonical
1036,1036_w1660,1659,UNKNOWN,8,6553.207,6555.47,2.263,This guy has no sense of American democracy.,whisper_canonical
1036,1036_w1661,1660,UNKNOWN,2,6556.677,6557.137,0.46,President Trump.,whisper_canonical
1036,1036_w1662,1661,UNKNOWN,20,6557.598,6563.442,5.844,"Jake, both of you know that Syria has been totally wiped out, because when you see the sentence, it said",whisper_canonical
1036,1036_w1663,1662,UNKNOWN,4,6564.543,6566.184,1.641,percent exoneration on this.,whisper_canonical
1036,1036_w1664,1663,UNKNOWN,6,6566.204,6567.184,0.98,So he just keeps it going.,whisper_canonical
1036,1036_w1665,1664,UNKNOWN,7,6567.204,6569.206,2.002,He says he ran because of Charlottesville.,whisper_canonical
1036,1036_w1666,1665,UNKNOWN,6,6569.226,6570.487,1.261,He didn't run because of Charlottesville.,whisper_canonical
1036,1036_w1667,1666,UNKNOWN,8,6570.927,6572.748,1.821,He ran because it was his last chance.,whisper_canonical
1036,1036_w1668,1667,UNKNOWN,6,6573.769,6575.17,1.401,He's not equipped to be president.,whisper_canonical
1036,1036_w1669,1668,UNKNOWN,7,6575.25,6576.231,0.981,"You know it, and I know it.",whisper_canonical
1036,1036_w1670,1669,UNKNOWN,2,6576.271,6576.911,0.64,It's ridiculous.,whisper_canonical
1036,1036_w1671,1670,UNKNOWN,4,6576.931,6577.532,0.601,We have a debate.,whisper_canonical
1036,1036_w1672,1671,UNKNOWN,6,6577.912,6580.033,2.121,We're trying to justify his presidency.,whisper_canonical
1036,1036_w1673,1672,UNKNOWN,17,6580.474,6587.299,6.825,"His presidency is Without question, the worst president, the worst presidency in the history of our country.",whisper_canonical
1036,1036_w1674,1673,UNKNOWN,8,6587.739,6589.42,1.681,We shouldn't be having a debate about it.,whisper_canonical
1036,1036_w1675,1674,UNKNOWN,4,6589.46,6590.481,1.021,There's nothing to debate.,whisper_canonical
1036,1036_w1676,1675,UNKNOWN,6,6590.881,6592.543,1.662,He made up the Charlottesville story.,whisper_canonical
1036,1036_w1677,1676,UNKNOWN,9,6592.883,6595.125,2.242,And you'll see it's debunked all over the place.,whisper_canonical
1036,1036_w1678,1677,UNKNOWN,8,6595.585,6599.288,3.703,"Every anchor, every reasonable anchor has debunked it.",whisper_canonical
1036,1036_w1679,1678,UNKNOWN,13,6599.748,6602.79,3.042,And just the other day it came out where it was fully debunked.,whisper_canonical
1036,1036_w1680,1679,UNKNOWN,4,6603.331,6605.072,1.741,It's a nonsense story.,whisper_canonical
1036,1036_w1681,1680,UNKNOWN,3,6605.152,6605.832,0.68,He knows that.,whisper_canonical
1036,1036_w1682,1681,UNKNOWN,7,6606.113,6607.734,1.621,And he didn't run because of Charlottesville.,whisper_canonical
1036,1036_w1683,1682,UNKNOWN,8,6607.754,6609.175,1.421,He used that as an excuse to run.,whisper_canonical
1036,1036_w1684,1683,UNKNOWN,2,6610.39,6610.83,0.44,President Biden.,whisper_canonical
1036,1036_w1685,1684,UNKNOWN,2,6611.07,6611.631,0.561,And debunked.,whisper_canonical
1036,1036_w1686,1685,UNKNOWN,2,6611.931,6612.471,0.54,It happened.,whisper_canonical
1036,1036_w1687,1686,UNKNOWN,14,6613.192,6615.293,2.101,All you have to do is listen to what was said at the time.,whisper_canonical
1036,1036_w1688,1687,UNKNOWN,11,6615.954,6618.856,2.902,And the idea that somehow that's the only reason I ran.,whisper_canonical
1036,1036_w1689,1688,UNKNOWN,14,6619.296,6621.757,2.461,I ran because I was worried a guy like this guy could get elected.,whisper_canonical
1036,1036_w1690,1689,UNKNOWN,25,6622.038,6630.223,8.185,"If he thought they were good people coming out of that forest, carrying those woods, carrying those torches, then he didn't deserve to be president.",whisper_canonical
1036,1036_w1691,1690,UNKNOWN,7,6630.603,6631.884,1.281,Didn't deserve to be president at all.,whisper_canonical
1036,1036_w1692,1691,UNKNOWN,11,6632.304,6636.187,3.883,And the idea that he's talking about all this being fabricated.,whisper_canonical
1036,1036_w1693,1692,UNKNOWN,7,6636.547,6637.548,1.001,We saw it with our own eyes.,whisper_canonical
1036,1036_w1694,1693,UNKNOWN,7,6637.588,6639.029,1.441,We saw what happened on January 6th.,whisper_canonical
1036,1036_w1695,1694,UNKNOWN,8,6639.329,6641.11,1.781,We saw the people breaking through the windows.,whisper_canonical
1036,1036_w1696,1695,UNKNOWN,8,6641.41,6644.272,2.862,We saw people occupying his own vice president.,whisper_canonical
1036,1036_w1697,1696,UNKNOWN,16,6644.552,6650.857,6.305,"Look, there's a reason why of his top cabinet officers refused to endorse him this time.",whisper_canonical
1036,1036_w1698,1697,UNKNOWN,8,6651.317,6653.118,1.801,His vice president hasn't endorsed him this time.,whisper_canonical
1036,1036_w1699,1698,UNKNOWN,2,6653.579,6654.099,0.52,So why?,whisper_canonical
1036,1036_w1700,1699,UNKNOWN,5,6654.719,6655.72,1.001,Why they know him well?,whisper_canonical
1036,1036_w1701,1700,UNKNOWN,4,6655.98,6656.641,0.661,They serve with him.,whisper_canonical
1036,1036_w1702,1701,UNKNOWN,6,6656.961,6658.242,1.281,Why are they not endorsing him?,whisper_canonical
1036,1036_w1703,1702,UNKNOWN,4,6659.062,6659.783,0.721,"Thank you, President Biden.",whisper_canonical
1036,1036_w1704,1703,UNKNOWN,13,6659.803,6662.825,3.022,We're going to be right back with more from the CNN presidential debate.,whisper_canonical
1036,1036_w1705,1704,UNKNOWN,6,6677.708,6678.568,0.86,The House will be in order.,whisper_canonical
1036,1036_w1706,1705,UNKNOWN,11,6679.328,6683.31,3.982,"This year, C-SPAN celebrates years of covering Congress like no other.",whisper_canonical
1036,1036_w1707,1706,UNKNOWN,32,6684.45,6696.794,12.344,"Since we've been your primary source for Capitol Hill, providing balanced, unfiltered coverage of government, taking you to where the policies debated and decided, all with the support of America's cable companies.",whisper_canonical
1036,1036_w1708,1707,UNKNOWN,7,6697.734,6701.335,3.601,"C-SPAN, years and counting, powered by cable.",whisper_canonical
1036,1036_w1709,1708,UNKNOWN,13,6704.66,6708.942,4.282,We'll welcome them into a great national crusade to make America great again.,whisper_canonical
1036,1036_w1710,1709,UNKNOWN,13,6709.342,6714.425,5.083,Is it our dream that has been earned for progress and for peace?,whisper_canonical
1036,1036_w1711,1710,UNKNOWN,4,6714.745,6716.546,1.801,"Taxes will go up,",whisper_canonical
1036,1036_w1712,1711,UNKNOWN,11,6717.547,6721.809,4.262,and anyone who says they won't is not telling the truth.,whisper_canonical
1036,1036_w1713,1712,UNKNOWN,17,6721.889,6726.251,4.362,"With our beloved nation at peace, we're in the midst of a springtime of hope for America.",whisper_canonical
1036,1036_w1714,1713,UNKNOWN,11,6726.731,6730.353,3.622,Because we are the party that believes in the American dream.,whisper_canonical
1036,1036_w1715,1714,UNKNOWN,3,6731.894,6733.735,1.841,Read my lips.,whisper_canonical
1036,1036_w1716,1715,UNKNOWN,8,6737.917,6742.142,4.225,I still believe in a place called hope.,whisper_canonical
1036,1036_w1717,1716,UNKNOWN,8,6742.623,6745.186,2.563,But here's the question for the American people.,whisper_canonical
1036,1036_w1718,1717,UNKNOWN,7,6746.167,6748.109,1.942,Who do you trust in this election?,whisper_canonical
1036,1036_w1719,1718,UNKNOWN,19,6748.249,6753.015,4.766,The real choice is whether we will build a bridge to the future or a bridge to the past.,whisper_canonical
1036,1036_w1720,1719,UNKNOWN,4,6753.355,6754.617,1.262,I have unlimited confidence.,whisper_canonical
1036,1036_w1721,1720,UNKNOWN,11,6756.098,6758.239,2.141,the wisdom of our people in the future of our country.,whisper_canonical
1036,1036_w1722,1721,UNKNOWN,20,6758.539,6764.861,6.322,"I stand here tonight as my own man, and I want you to know me for who I truly am.",whisper_canonical
1036,1036_w1723,1722,UNKNOWN,4,6765.321,6766.322,1.001,They had their chance.,whisper_canonical
1036,1036_w1724,1723,UNKNOWN,4,6766.802,6767.862,1.06,They have not led.,whisper_canonical
1036,1036_w1725,1724,UNKNOWN,2,6768.302,6768.802,0.5,We will.,whisper_canonical
1036,1036_w1726,1725,UNKNOWN,5,6769.443,6771.723,2.28,"I'm John Kerry, and I'm",whisper_canonical
1036,1036_w1727,1726,UNKNOWN,3,6772.864,6774.484,1.62,reporting for duty.,whisper_canonical
1036,1036_w1728,1727,UNKNOWN,14,6774.764,6778.406,3.642,These four years have brought moments I could not foresee and will not forget.,whisper_canonical
1036,1036_w1729,1728,UNKNOWN,7,6778.746,6781.787,3.041,It's time for us to change America.,whisper_canonical
1036,1036_w1730,1729,UNKNOWN,6,6782.465,6785.027,2.562,I wasn't my own man anymore.,whisper_canonical
1036,1036_w1731,1730,UNKNOWN,4,6785.907,6786.948,1.041,I was my country's.,whisper_canonical
1036,1036_w1732,1731,UNKNOWN,25,6787.328,6795.053,7.725,I don't believe that rolling back regulations on Wall Street will help the small business woman expand or the laid-off construction worker keep his home.,whisper_canonical
1036,1036_w1733,1732,UNKNOWN,4,6795.953,6796.874,0.921,We have been there.,whisper_canonical
1036,1036_w1734,1733,UNKNOWN,3,6797.154,6798.014,0.86,We've tried that.,whisper_canonical
1036,1036_w1735,1734,UNKNOWN,5,6798.114,6799.235,1.121,And we're not going back.,whisper_canonical
1036,1036_w1736,1735,UNKNOWN,5,6799.535,6801.056,1.521,"We are moving forward, America.",whisper_canonical
1036,1036_w1737,1736,UNKNOWN,9,6801.576,6804.698,3.122,"Under my administration, our friends will see more loyalty.",whisper_canonical
1036,1036_w1738,1737,UNKNOWN,2,6804.938,6805.339,0.401,And Mr.,whisper_canonical
1036,1036_w1739,1738,UNKNOWN,10,6805.379,6808.761,3.382,Putin will see a little less flexibility and more backbone.,whisper_canonical
1036,1036_w1740,1739,UNKNOWN,7,6809.474,6811.476,2.002,He wants to make America great again.,whisper_canonical
1036,1036_w1741,1740,UNKNOWN,11,6812.096,6816.701,4.605,"Well, he could start by actually making things in America again.",whisper_canonical
1036,1036_w1742,1741,UNKNOWN,6,6817.141,6820.484,3.343,We will make America safe again.,whisper_canonical
1036,1036_w1743,1742,UNKNOWN,7,6822.926,6826.189,3.263,And we will make America great again.,whisper_canonical
1036,1036_w1744,1743,UNKNOWN,8,6827.29,6829.672,2.382,Here and now I give you my word.,whisper_canonical
1036,1036_w1745,1744,UNKNOWN,18,6830.686,6835.952,5.266,"If you entrust me with the presidency, I will draw on the best of us, not the worst.",whisper_canonical
1036,1036_w1746,1745,UNKNOWN,18,6836.453,6845.483,9.03,This towering American spirit has prevailed over every challenge and lifted us to the summit of human endeavor.,whisper_canonical
1036,1036_w1747,1746,UNKNOWN,19,6846.43,6855.564,9.134,Watch C-SPAN's campaign live coverage of the Republican National Convention starting July and the Democratic National Convention beginning August,whisper_canonical
1036,1036_w1748,1747,UNKNOWN,10,6856.606,6861.013,4.407,"C-SPAN, your unfiltered view of the conventions, powered by cable.",whisper_canonical
1036,1036_w1749,1748,UNKNOWN,21,6869.778,6876.311,6.533,"And in just a moment, our simulcast of the CNN presidential debate between President Biden and former President Trump will resume.",whisper_canonical
1036,1036_w1750,1749,UNKNOWN,9,6876.832,6879.818,2.986,This is happening live from CNN Studios in Atlanta.,whisper_canonical
1036,1036_w1751,1750,UNKNOWN,10,6888.84,6893.024,4.184,Welcome back to the CNN presidential debate live from Georgia.,whisper_canonical
1036,1036_w1752,1751,UNKNOWN,21,6893.484,6900.43,6.946,Let's talk about persistent challenges you both faced in your first terms and you'd certainly face again in the second term.,whisper_canonical
1036,1036_w1753,1752,UNKNOWN,22,6901.011,6910.279,9.268,"President Biden, while black unemployment dropped to a record low under your presidency, black families still earn far less than white families.",whisper_canonical
1036,1036_w1754,1753,UNKNOWN,26,6910.839,6921.248,10.409,"Black mothers are still three times more likely to die from pregnancy-related causes, and Black Americans are imprisoned at five times the rate of White Americans.",whisper_canonical
1036,1036_w1755,1754,UNKNOWN,16,6922.088,6926.032,3.944,What do you say to Black voters who are disappointed that you haven't made more progress?,whisper_canonical
1036,1036_w1756,1755,UNKNOWN,10,6926.867,6928.908,2.041,"They acknowledge they made a lot of progress, number one.",whisper_canonical
1036,1036_w1757,1756,UNKNOWN,20,6929.328,6934.131,4.803,The facts of the matter is there's more small black businesses that have been started at any time in history.,whisper_canonical
1036,1036_w1758,1757,UNKNOWN,18,6934.771,6940.434,5.663,"Number two, the wages of black unemployment is the lowest level of spending in a long, long time.",whisper_canonical
1036,1036_w1759,1758,UNKNOWN,30,6941.074,6955.482,14.408,"Number three, we find them fighting housing for black Americans and dealing with the segregation that exists among these corporate corporations that collude to keep people out of their houses.",whisper_canonical
1036,1036_w1760,1759,UNKNOWN,11,6956.282,6960.285,4.003,"And in addition to that, we find that the impact of",whisper_canonical
1036,1036_w1761,1760,UNKNOWN,15,6962.607,6969.912,7.305,the choice that black families have to make relative to child care is incredibly difficult.,whisper_canonical
1036,1036_w1762,1761,UNKNOWN,21,6970.432,6976.737,6.305,"When we did the first major piece of legislation in the past, I was able to reduce black child care costs.",whisper_canonical
1036,1036_w1763,1762,UNKNOWN,7,6977.277,6979.119,1.842,"I cut them in half, in half.",whisper_canonical
1036,1036_w1764,1763,UNKNOWN,11,6979.659,6981.98,2.321,We've got to make sure we provide for child care costs.,whisper_canonical
1036,1036_w1765,1764,UNKNOWN,26,6982.3,6990.424,8.124,"We've got to make sure because when you provide that child care protections, you increase economic growth because more people can be in the job market.",whisper_canonical
1036,1036_w1766,1765,UNKNOWN,11,6991.044,6993.986,2.942,"So there's more to be done, considerably more to be done.",whisper_canonical
1036,1036_w1767,1766,UNKNOWN,17,6994.466,6997.767,3.301,But we've done a great deal so far and I'm not letting up and they know it.,whisper_canonical
1036,1036_w1768,1767,UNKNOWN,4,6998.648,7000.529,1.881,You have seconds left.,whisper_canonical
1036,1036_w1769,1768,UNKNOWN,15,7001.089,7005.251,4.162,What do you say to black voters who are disappointed with the progress so far?,whisper_canonical
1036,1036_w1770,1769,UNKNOWN,9,7005.713,7007.534,1.821,I say I don't blame them for being disappointed.,whisper_canonical
1036,1036_w1771,1770,UNKNOWN,6,7007.915,7009.656,1.741,Inflation is still hurting them badly.,whisper_canonical
1036,1036_w1772,1771,UNKNOWN,31,7010.096,7020.984,10.888,"For example, I provided for the idea that any black family first-time homebuyer should get a tax credit to be able to buy their first home so they can get started.",whisper_canonical
1036,1036_w1773,1772,UNKNOWN,36,7021.425,7032.693,11.268,"I made sure that we're in a situation where all those black families and those black individuals who provide it had to take out student loans that were ballooning, that if they were engaged in nursing,",whisper_canonical
1036,1036_w1774,1773,UNKNOWN,6,7035.094,7036.776,1.682,anything having to do with volunteerism.,whisper_canonical
1036,1036_w1775,1774,UNKNOWN,18,7037.316,7042.84,5.524,"If they paid their bills for years and their student debt, all the rest is forgiven after years.",whisper_canonical
1036,1036_w1776,1775,UNKNOWN,5,7043.32,7044.741,1.421,Millions have benefited from that.,whisper_canonical
1036,1036_w1777,1776,UNKNOWN,12,7045.282,7048.164,2.882,And we're going to do a whole lot more for Black families.,whisper_canonical
1036,1036_w1778,1777,UNKNOWN,4,7048.684,7049.565,0.881,"Thank you, President Trump.",whisper_canonical
1036,1036_w1779,1778,UNKNOWN,5,7050.294,7051.515,1.221,And he caused the inflation.,whisper_canonical
1036,1036_w1780,1779,UNKNOWN,3,7051.775,7053.017,1.242,He's blaming inflation.,whisper_canonical
1036,1036_w1781,1780,UNKNOWN,3,7053.637,7054.118,0.481,And he's right.,whisper_canonical
1036,1036_w1782,1781,UNKNOWN,4,7054.138,7055.019,0.881,It's been very bad.,whisper_canonical
1036,1036_w1783,1782,UNKNOWN,4,7055.679,7056.8,1.121,He caused the inflation.,whisper_canonical
1036,1036_w1784,1783,UNKNOWN,12,7056.92,7060.824,3.904,And it's killing black families and Hispanic families and just about everybody.,whisper_canonical
1036,1036_w1785,1784,UNKNOWN,3,7061.405,7062.225,0.82,It's killing people.,whisper_canonical
1036,1036_w1786,1785,UNKNOWN,5,7062.306,7064.267,1.961,They can't buy groceries anymore.,whisper_canonical
1036,1036_w1787,1786,UNKNOWN,2,7064.307,7064.688,0.381,They can't.,whisper_canonical
1036,1036_w1788,1787,UNKNOWN,14,7065.028,7068.892,3.864,You look at the cost of food where it's doubled and tripled and quadrupled.,whisper_canonical
1036,1036_w1789,1788,UNKNOWN,3,7069.452,7070.193,0.741,They can't live.,whisper_canonical
1036,1036_w1790,1789,UNKNOWN,4,7070.433,7071.574,1.141,They're not living anymore.,whisper_canonical
1036,1036_w1791,1790,UNKNOWN,4,7072.295,7073.616,1.321,He caused this inflation.,whisper_canonical
1036,1036_w1792,1791,UNKNOWN,10,7073.716,7077.717,4.001,"I gave him a country with no, essentially no inflation.",whisper_canonical
1036,1036_w1793,1792,UNKNOWN,3,7077.777,7078.637,0.86,It was perfect.,whisper_canonical
1036,1036_w1794,1793,UNKNOWN,4,7078.697,7079.318,0.621,It was so good.,whisper_canonical
1036,1036_w1795,1794,UNKNOWN,9,7079.378,7080.718,1.34,All he had to do was leave it alone.,whisper_canonical
1036,1036_w1796,1795,UNKNOWN,22,7081.058,7086.781,5.723,"He destroyed it with his green new scam and all of the other, all this money that's being thrown out the window.",whisper_canonical
1036,1036_w1797,1796,UNKNOWN,3,7087.241,7088.361,1.12,He caused inflation.,whisper_canonical
1036,1036_w1798,1797,UNKNOWN,31,7088.761,7098.544,9.783,"As sure as you're sitting there, The fact is that his big kill on the black people is the millions of people that he's allowed to come in through the border.",whisper_canonical
1036,1036_w1799,1798,UNKNOWN,5,7098.564,7100.105,1.541,They're taking black jobs now.,whisper_canonical
1036,1036_w1800,1799,UNKNOWN,11,7100.465,7104.586,4.121,And it could be It could be and even million people.,whisper_canonical
1036,1036_w1801,1800,UNKNOWN,9,7104.826,7107.847,3.021,They're taking black jobs and they're taking Hispanic jobs.,whisper_canonical
1036,1036_w1802,1801,UNKNOWN,6,7108.107,7109.188,1.081,And you haven't seen it yet.,whisper_canonical
1036,1036_w1803,1802,UNKNOWN,15,7109.488,7112.589,3.101,But you're going to see something that's going to be the worst in our history.,whisper_canonical
1036,1036_w1804,1803,UNKNOWN,2,7112.669,7113.069,0.4,Thank you.,whisper_canonical
1036,1036_w1805,1804,UNKNOWN,2,7113.309,7113.809,0.5,President Biden.,whisper_canonical
1036,1036_w1806,1805,UNKNOWN,8,7114.885,7117.626,2.741,There was no inflation when I became president.,whisper_canonical
1036,1036_w1807,1806,UNKNOWN,3,7117.646,7118.206,0.56,You know why?,whisper_canonical
1036,1036_w1808,1807,UNKNOWN,7,7118.226,7120.347,2.121,The economy was flat on its back.,whisper_canonical
1036,1036_w1809,1808,UNKNOWN,5,7121.508,7124.069,2.561,unemployment. He decimated the economy.,whisper_canonical
1036,1036_w1810,1809,UNKNOWN,4,7124.369,7125.809,1.44,Absolutely decimated the economy.,whisper_canonical
1036,1036_w1811,1810,UNKNOWN,9,7126.169,7128.43,2.261,That's why there was no inflation at the time.,whisper_canonical
1036,1036_w1812,1811,UNKNOWN,4,7128.73,7129.671,0.941,There were no jobs.,whisper_canonical
1036,1036_w1813,1812,UNKNOWN,17,7130.191,7135.656,5.465,"It provided thousands of millions of jobs for individuals who are in ball communities, including minority communities.",whisper_canonical
1036,1036_w1814,1813,UNKNOWN,8,7136.016,7137.817,1.801,We made sure that they have health insurance.,whisper_canonical
1036,1036_w1815,1814,UNKNOWN,26,7138.218,7147.125,8.907,"We have covered, if the ACA has increased, I made sure that they're per person in a family to get written off for the health care.",whisper_canonical
1036,1036_w1816,1815,UNKNOWN,7,7147.506,7148.847,1.341,But this guy wants to eliminate that.,whisper_canonical
1036,1036_w1817,1816,UNKNOWN,3,7148.887,7150.048,1.161,They try times.,whisper_canonical
1036,1036_w1818,1817,UNKNOWN,9,7150.368,7152.03,1.662,He wants to get rid of the ACA again.,whisper_canonical
1036,1036_w1819,1818,UNKNOWN,9,7152.61,7154.01,1.4,and they're going to try again if they win.,whisper_canonical
1036,1036_w1820,1819,UNKNOWN,25,7154.431,7163.633,9.202,"You find ourselves in a position where the idea that we're not doing anything, we put more police on the street than any administration has.",whisper_canonical
1036,1036_w1821,1820,UNKNOWN,6,7163.993,7165.174,1.181,He wants to cut the cops.,whisper_canonical
1036,1036_w1822,1821,UNKNOWN,14,7165.494,7170.675,5.181,We're providing for equity and making sure people have a shot to make it.,whisper_canonical
1036,1036_w1823,1822,UNKNOWN,22,7171.095,7179.858,8.763,"There's a lot going on, but in inflation, he caused it by his tremendous malfeasance in the way he handled the pandemic.",whisper_canonical
1036,1036_w1824,1823,UNKNOWN,2,7179.978,7180.398,0.42,Thank you.,whisper_canonical
1036,1036_w1825,1824,UNKNOWN,7,7180.638,7184.781,4.143,Another persistent challenge is the climate crisis.,whisper_canonical
1036,1036_w1826,1825,UNKNOWN,28,7184.861,7196.868,12.007,"was the hottest year in recorded history and communities across the country are confronting the devastating effects of extreme heat, intensifying wildfires, stronger hurricanes and rising sea levels.",whisper_canonical
1036,1036_w1827,1826,UNKNOWN,24,7197.568,7206.714,9.146,"Former President Trump, you've vowed to end your opponent's climate initiatives, but will you take any action as president to slow the climate crisis?",whisper_canonical
1036,1036_w1828,1827,UNKNOWN,13,7206.874,7209.835,2.961,"Well, let me just go back to what he said about the police.",whisper_canonical
1036,1036_w1829,1828,UNKNOWN,7,7210.635,7212.156,1.521,How close the police are to him.,whisper_canonical
1036,1036_w1830,1829,UNKNOWN,14,7212.636,7218.418,5.782,Almost every police group in the nation from every state is supporting Donald J.,whisper_canonical
1036,1036_w1831,1830,UNKNOWN,5,7218.458,7220.359,1.901,Trump. Almost every police group.,whisper_canonical
1036,1036_w1832,1831,UNKNOWN,21,7221.039,7227.242,6.203,"And what he's done to the black population is horrible, including the fact that for years he called them super predators.",whisper_canonical
1036,1036_w1833,1832,UNKNOWN,9,7227.282,7229.282,2.0,We can't in the 1990s we can't forget that.,whisper_canonical
1036,1036_w1834,1833,UNKNOWN,19,7229.663,7234.244,4.581,"Super predators was his name, and he called it to him for and they've taken great offense at it.",whisper_canonical
1036,1036_w1835,1834,UNKNOWN,6,7234.324,7235.465,1.141,And now they see it happening.,whisper_canonical
1036,1036_w1836,1835,UNKNOWN,41,7236.105,7250.492,14.387,"But when they see what I did for criminal justice reform and for the historically black colleges and universities, where I funded them and got them all funded, and the opportunity zones with Tim, as you know, Tim Scott was incredible.",whisper_canonical
1036,1036_w1837,1836,UNKNOWN,10,7250.512,7253.453,2.941,"He did a great job, great senator from South Carolina.",whisper_canonical
1036,1036_w1838,1837,UNKNOWN,13,7253.893,7255.994,2.101,"He came to me with the idea, and it was a great idea.",whisper_canonical
1036,1036_w1839,1838,UNKNOWN,15,7256.014,7261.037,5.023,"It's one of the most successful economic development acts ever in the country, opportunity zones.",whisper_canonical
1036,1036_w1840,1839,UNKNOWN,6,7261.677,7263.697,2.02,And the biggest beneficiary are blacks.,whisper_canonical
1036,1036_w1841,1840,UNKNOWN,24,7263.817,7271.919,8.102,"And that's why we have the best numbers with them in maybe ever, they're saying ever, I read this morning, wherever, the best numbers.",whisper_canonical
1036,1036_w1842,1841,UNKNOWN,16,7272.739,7278.5,5.761,He's lost much of the black population because he's done a horrible job for black people.,whisper_canonical
1036,1036_w1843,1842,UNKNOWN,8,7278.76,7281.541,2.781,He's also done a horrible job for Hispanics.,whisper_canonical
1036,1036_w1844,1843,UNKNOWN,20,7281.801,7286.122,4.321,But wait until you see these millions of people pouring into our country and they're going to take the jobs.,whisper_canonical
1036,1036_w1845,1844,UNKNOWN,4,7286.362,7287.442,1.08,And it's already started.,whisper_canonical
1036,1036_w1846,1845,UNKNOWN,6,7287.782,7289.323,1.541,And you haven't seen anything yet.,whisper_canonical
1036,1036_w1847,1846,UNKNOWN,3,7289.423,7290.203,0.78,It's a disaster.,whisper_canonical
1036,1036_w1848,1847,UNKNOWN,2,7291.644,7292.405,0.761,seconds left.,whisper_canonical
1036,1036_w1849,1848,UNKNOWN,14,7292.665,7297.573,4.908,"President Trump, will you take any action as president to slow the climate crisis?",whisper_canonical
1036,1036_w1850,1849,UNKNOWN,13,7297.958,7303.963,6.005,"So I want absolutely immaculate clean water, and I want absolutely clean air.",whisper_canonical
1036,1036_w1851,1850,UNKNOWN,4,7304.163,7304.863,0.7,And we had it.,whisper_canonical
1036,1036_w1852,1851,UNKNOWN,3,7305.364,7306.464,1.1,We had H2O.,whisper_canonical
1036,1036_w1853,1852,UNKNOWN,6,7306.805,7308.606,1.801,We had the best numbers ever.,whisper_canonical
1036,1036_w1854,1853,UNKNOWN,13,7309.286,7314.09,4.804,"And we did, we were using all forms of energy, all forms, everything.",whisper_canonical
1036,1036_w1855,1854,UNKNOWN,13,7314.51,7319.774,5.264,"And yet, during my four years, I had the best environmental numbers ever.",whisper_canonical
1036,1036_w1856,1855,UNKNOWN,17,7320.295,7324.778,4.483,"And my top environmental people gave me that statistic just before I walked on the stage, actually.",whisper_canonical
1036,1036_w1857,1856,UNKNOWN,17,7326.763,7331.446,4.683,"I don't know where the hell he's been, the idea, the name that he said is true.",whisper_canonical
1036,1036_w1858,1857,UNKNOWN,12,7332.267,7338.611,6.344,"I passed the most extensive climate change legislation in history, in history.",whisper_canonical
1036,1036_w1859,1858,UNKNOWN,32,7339.231,7351.859,12.628,"We find ourselves, and by the way, black colleges, I came up with billion for HBCUs, historic black universities and colleges, because they don't have the kind of contributors that they have",whisper_canonical
1036,1036_w1860,1859,UNKNOWN,6,7353.02,7354.581,1.561,build these laboratories and the like.,whisper_canonical
1036,1036_w1861,1860,UNKNOWN,15,7355.121,7358.222,3.101,Any black student is capable in college of doing what any white student can do.,whisper_canonical
1036,1036_w1862,1861,UNKNOWN,17,7358.622,7362.204,3.582,"They just have the money, but now they'll be able to get those jobs in high tech.",whisper_canonical
1036,1036_w1863,1862,UNKNOWN,23,7362.644,7371.287,8.643,"We're in a situation where the idea that he is claiming to have done something that had the cleanest water, The cleanest water?",whisper_canonical
1036,1036_w1864,1863,UNKNOWN,9,7371.848,7373.628,1.78,He hadn't done a damn thing in the environment.,whisper_canonical
1036,1036_w1865,1864,UNKNOWN,8,7374.048,7377.11,3.062,He pulled out of the Paris Climate Accord.,whisper_canonical
1036,1036_w1866,1865,UNKNOWN,19,7377.53,7383.932,6.402,"I immediately joined it because if we reach degrees Celsius and then he went forward, there's no way back.",whisper_canonical
1036,1036_w1867,1866,UNKNOWN,9,7384.232,7387.054,2.822,The only existential threat to humanity is climate change.,whisper_canonical
1036,1036_w1868,1867,UNKNOWN,9,7387.394,7388.934,1.54,And he didn't do a damn thing about it.,whisper_canonical
1036,1036_w1869,1868,UNKNOWN,8,7389.094,7390.495,1.401,He wants to undo all that I've done.,whisper_canonical
1036,1036_w1870,1869,UNKNOWN,20,7392.091,7398.516,6.425,"The Paris Accord was going to cost us a trillion dollars, and China nothing, and Russia nothing, and India nothing.",whisper_canonical
1036,1036_w1871,1870,UNKNOWN,8,7398.976,7400.937,1.961,It was a rip-off of the United States.,whisper_canonical
1036,1036_w1872,1871,UNKNOWN,17,7401.718,7406.081,4.363,And I ended it because I didn't want to waste that money because they treated us horribly.,whisper_canonical
1036,1036_w1873,1872,UNKNOWN,10,7406.121,7408.042,1.921,We were the only ones who was costing us money.,whisper_canonical
1036,1036_w1874,1873,UNKNOWN,6,7408.082,7409.403,1.321,Nobody else was paying into it.,whisper_canonical
1036,1036_w1875,1874,UNKNOWN,5,7409.803,7411.625,1.822,And it was a disaster.,whisper_canonical
1036,1036_w1876,1875,UNKNOWN,12,7412.065,7414.507,2.442,"But everything that he said just now, I'll give you an example.",whisper_canonical
1036,1036_w1877,1876,UNKNOWN,6,7414.547,7415.788,1.241,"I heard him say before, insolent.",whisper_canonical
1036,1036_w1878,1877,UNKNOWN,11,7416.288,7418.669,2.381,I'm the one that got the insulin down for the seniors.,whisper_canonical
1036,1036_w1879,1878,UNKNOWN,6,7419.09,7420.23,1.14,I took care of the seniors.,whisper_canonical
1036,1036_w1880,1879,UNKNOWN,18,7420.631,7426.674,6.043,"What he's doing is destroying all of our medical programs because the migrants coming in, they want everybody.",whisper_canonical
1036,1036_w1881,1880,UNKNOWN,10,7426.994,7429.436,2.442,"And look, I have the biggest heart on the stage.",whisper_canonical
1036,1036_w1882,1881,UNKNOWN,4,7429.496,7430.276,0.78,I guarantee you that.,whisper_canonical
1036,1036_w1883,1882,UNKNOWN,8,7430.756,7431.997,1.241,And I want to take care of people.,whisper_canonical
1036,1036_w1884,1883,UNKNOWN,5,7432.297,7433.698,1.401,But we're destroying our country.,whisper_canonical
1036,1036_w1885,1884,UNKNOWN,16,7433.958,7438.421,4.463,"They're taking over our schools, our hospitals, and they're going to be taking over Social Security.",whisper_canonical
1036,1036_w1886,1885,UNKNOWN,8,7438.761,7442.263,3.502,"He is destroying Social Security, Medicare, and Medicaid.",whisper_canonical
1036,1036_w1887,1886,UNKNOWN,22,7445.878,7455.124,9.246,"The idea is that we, in fact, we were the only ones of consequence who were not members of the Paris Accord.",whisper_canonical
1036,1036_w1888,1887,UNKNOWN,10,7455.644,7457.685,2.041,How can we do anything we've not able to do?,whisper_canonical
1036,1036_w1889,1888,UNKNOWN,8,7457.766,7460.067,2.301,The United States can't get us under control.,whisper_canonical
1036,1036_w1890,1889,UNKNOWN,14,7460.467,7464.69,4.223,"One of the largest polluters in the world, number one, we're making significant progress.",whisper_canonical
1036,1036_w1891,1890,UNKNOWN,8,7465.05,7467.792,2.742,By we will have cut pollution in half.,whisper_canonical
1036,1036_w1892,1891,UNKNOWN,11,7468.272,7472.515,4.243,We have made significant progress and we continue to make progress.,whisper_canonical
1036,1036_w1893,1892,UNKNOWN,23,7472.795,7478.458,5.663,"We set up a climate core for thousands of young people to learn how to deal with climate, just like the peace core.",whisper_canonical
1036,1036_w1894,1893,UNKNOWN,17,7479.019,7484.522,5.503,And we're moving in directions that are going to significantly change the elements of cause of pollution.,whisper_canonical
1036,1036_w1895,1894,UNKNOWN,19,7485.022,7490.825,5.803,But the idea that he claims that he has the biggest heart up here and he's really concerned about,whisper_canonical
1036,1036_w1896,1895,UNKNOWN,11,7492.546,7496.348,3.802,"pollution and about climate, I've not seen any indication of that.",whisper_canonical
1036,1036_w1897,1896,UNKNOWN,26,7496.788,7507.374,10.586,"And by the way, with regard to prescription drugs, one company agreed that they would reduce the price to which I was calling for one voluntarily.",whisper_canonical
1036,1036_w1898,1897,UNKNOWN,15,7507.974,7512.616,4.642,"I made sure every company in the world, every pharmaceutical company, cannot have to pay.",whisper_canonical
1036,1036_w1899,1898,UNKNOWN,2,7512.636,7512.856,0.22,Thank you.,whisper_canonical
1036,1036_w1900,1899,UNKNOWN,4,7513.297,7513.857,0.56,"And by the way,",whisper_canonical
1036,1036_w1901,1900,UNKNOWN,12,7515.946,7519.429,3.483,So every day millions of Americans struggle just to make ends meet.,whisper_canonical
1036,1036_w1902,1901,UNKNOWN,10,7519.469,7523.413,3.944,"For many older Americans, Social Security provides a critical lifeline.",whisper_canonical
1036,1036_w1903,1902,UNKNOWN,19,7523.853,7531.08,7.227,"President Biden, if nothing is done to Social Security seniors will see their benefits cut in just over years.",whisper_canonical
1036,1036_w1904,1903,UNKNOWN,17,7531.56,7536.745,5.185,Will you name tonight one specific step that you're willing to take to keep Social Security solvent?,whisper_canonical
1036,1036_w1905,1904,UNKNOWN,11,7536.925,7539.467,2.542,"Yes, make the very wealthy begin to pay their fair share.",whisper_canonical
1036,1036_w1906,1905,UNKNOWN,31,7540.128,7551.556,11.428,"Right now, everybody making under pays of their income of their paycheck every single time they get a paycheck from the time the first one they get when they're years old.",whisper_canonical
1036,1036_w1907,1906,UNKNOWN,16,7552.177,7558.962,6.785,"The idea that they're going to, I'm not proposing that everybody, they pay, The millionaires pay",whisper_canonical
1036,1036_w1908,1907,UNKNOWN,43,7561.103,7575.069,13.966,"So no one after, I would not raise the cost of Social Security for anybody under After that, I began to make the wealthy begin to pay their fair share by increasing from beyond to be able to guarantee the program for life.",whisper_canonical
1036,1036_w1909,1908,UNKNOWN,6,7575.92,7577.482,1.562,So you still have seconds left.,whisper_canonical
1036,1036_w1910,1909,UNKNOWN,23,7577.542,7583.469,5.927,Are there any other measures that you think that would be able to help keep social security solvent or is that one enough?,whisper_canonical
1036,1036_w1911,1910,UNKNOWN,8,7583.55,7585.772,2.222,"Well, that one enough will keep it solvent.",whisper_canonical
1036,1036_w1912,1911,UNKNOWN,20,7585.812,7590.979,5.167,But the biggest thing I'll do if we defeat this man because he wants to get rid of social security.,whisper_canonical
1036,1036_w1913,1912,UNKNOWN,9,7591.419,7593.58,2.161,He thinks there's plenty to cut in Social Security.,whisper_canonical
1036,1036_w1914,1913,UNKNOWN,10,7593.86,7596.721,2.861,He's wanted to cut Social Security and Medicare both times.,whisper_canonical
1036,1036_w1915,1914,UNKNOWN,27,7597.122,7606.166,9.044,"And if you look at the program put forward by the House Republican caucus that I believe supports, is in fact, want to cut it as well.",whisper_canonical
1036,1036_w1916,1915,UNKNOWN,12,7606.686,7611.908,5.222,The idea that we don't need to protect our seniors is ridiculous.,whisper_canonical
1036,1036_w1917,1916,UNKNOWN,15,7612.369,7617.331,4.962,"And by the way, American public has greater health care coverage today than ever before.",whisper_canonical
1036,1036_w1918,1917,UNKNOWN,12,7617.991,7621.274,3.283,"And on the ACA, as I said, you're in a circumstance where",whisper_canonical
1036,1036_w1919,1918,UNKNOWN,15,7623.036,7628.522,5.486,"people, I mean million people would not have insurance because they have a pre-existing condition.",whisper_canonical
1036,1036_w1920,1919,UNKNOWN,22,7628.542,7634.448,5.906,The only thing that allows them to have that insurance is the fact that they in fact are part of the ACA.,whisper_canonical
1036,1036_w1921,1920,UNKNOWN,20,7635.108,7640.633,5.525,"And by the way, the other thing is we're in a situation where I talk about education for black communities.",whisper_canonical
1036,1036_w1922,1921,UNKNOWN,27,7640.733,7652.297,11.564,"I've raised the number, the amount of money for Pell grants, another for anybody making under a year going to be able to get towards the tuition.",whisper_canonical
1036,1036_w1923,1922,UNKNOWN,8,7653.878,7655.218,1.34,He just doesn't know what he's talking about.,whisper_canonical
1036,1036_w1924,1923,UNKNOWN,4,7655.638,7656.299,0.661,"Thank you, President Biden.",whisper_canonical
1036,1036_w1925,1924,UNKNOWN,2,7656.319,7656.759,0.44,President Trump.,whisper_canonical
1036,1036_w1926,1925,UNKNOWN,8,7657.21,7660.072,2.862,So I've dealt with politicians all my life.,whisper_canonical
1036,1036_w1927,1926,UNKNOWN,13,7660.352,7664.314,3.962,I've been on this side of the equation for the last eight years.,whisper_canonical
1036,1036_w1928,1927,UNKNOWN,8,7665.775,7667.636,1.861,I've never seen anybody lie like this guy.,whisper_canonical
1036,1036_w1929,1928,UNKNOWN,2,7668.117,7668.597,0.48,He lies.,whisper_canonical
1036,1036_w1930,1929,UNKNOWN,11,7668.697,7670.438,1.741,I've never seen if he could look you in the face.,whisper_canonical
1036,1036_w1931,1930,UNKNOWN,7,7670.478,7672.66,2.182,So about so many other things too.,whisper_canonical
1036,1036_w1932,1931,UNKNOWN,5,7673.52,7674.78,1.26,And we mentioned the laptop.,whisper_canonical
1036,1036_w1933,1932,UNKNOWN,8,7674.82,7677.801,2.981,"We mentioned Russia, Russia, Russia, Ukraine, Ukraine, Ukraine.",whisper_canonical
1036,1036_w1934,1933,UNKNOWN,6,7677.981,7679.562,1.581,Everything he does is a lie.,whisper_canonical
1036,1036_w1935,1934,UNKNOWN,4,7679.982,7682.343,2.361,It's misinformation and disinformation.,whisper_canonical
1036,1036_w1936,1935,UNKNOWN,16,7683.463,7687.424,3.961,The losers and suckers story that he made up is a total lie on the military.,whisper_canonical
1036,1036_w1937,1936,UNKNOWN,3,7687.944,7688.704,0.76,It's a disgrace.,whisper_canonical
1036,1036_w1938,1937,UNKNOWN,3,7689.284,7690.345,1.061,But social security.,whisper_canonical
1036,1036_w1939,1938,UNKNOWN,19,7691.185,7696.888,5.703,"He's destroying it, because millions of people are pouring into our country, and they're putting them onto Social Security.",whisper_canonical
1036,1036_w1940,1939,UNKNOWN,6,7696.928,7698.589,1.661,"They're putting them onto Medicare, Medicaid.",whisper_canonical
1036,1036_w1941,1940,UNKNOWN,6,7698.949,7700.35,1.401,They're putting them in our hospitals.,whisper_canonical
1036,1036_w1942,1941,UNKNOWN,8,7700.65,7702.971,2.321,They're taking the place of our citizens there.,whisper_canonical
1036,1036_w1943,1942,UNKNOWN,11,7703.411,7706.573,3.162,"What they're doing to the VA, to our veterans, is unbelievable.",whisper_canonical
1036,1036_w1944,1943,UNKNOWN,15,7706.613,7710.495,3.882,"Our veterans are living in the street, and these people are living in luxury hotels.",whisper_canonical
1036,1036_w1945,1944,UNKNOWN,11,7711.135,7714.717,3.582,"He doesn't know what he's doing, and it's really coming back.",whisper_canonical
1036,1036_w1946,1945,UNKNOWN,9,7714.897,7717.758,2.861,I've never seen such anger in our country before.,whisper_canonical
1036,1036_w1947,1946,UNKNOWN,14,7719.61,7722.853,3.243,"The idea that veterans are not being taken care of, I told you before.",whisper_canonical
1036,1036_w1948,1947,UNKNOWN,19,7723.294,7728.478,5.184,"By the way, when I said suckers and losers, he said he acknowledged after that he fired that general.",whisper_canonical
1036,1036_w1949,1948,UNKNOWN,15,7729.139,7733.543,4.404,That general got fired because he's the one that acknowledged that that's what he said.,whisper_canonical
1036,1036_w1950,1949,UNKNOWN,11,7733.603,7735.685,2.082,He was the one standing with Trump when he said it.,whisper_canonical
1036,1036_w1951,1950,UNKNOWN,2,7736.246,7736.686,0.44,Number one.,whisper_canonical
1036,1036_w1952,1951,UNKNOWN,36,7736.786,7748.158,11.372,"Number two, the idea that we're going to be in a situation where All these millions and millions, the way he talks about it, illegal aliens are coming into the country and taking away our jobs.",whisper_canonical
1036,1036_w1953,1952,UNKNOWN,13,7748.558,7751.842,3.284,There's a reason why we have the fastest growing economy in the world.,whisper_canonical
1036,1036_w1954,1953,UNKNOWN,12,7752.242,7754.625,2.383,The reason why we have the most successful economy in the world.,whisper_canonical
1036,1036_w1955,1954,UNKNOWN,10,7755.226,7757.248,2.022,We're doing better than any other nation in the world.,whisper_canonical
1036,1036_w1956,1955,UNKNOWN,38,7757.808,7770.755,12.947,"And by the way, those Nobel laureates he talked about being phony, those Nobel laureates, economists, they all said that if Trump is re-elected or elected to have a recession and inflation is going to increasingly go up.",whisper_canonical
1036,1036_w1957,1956,UNKNOWN,23,7771.196,7778.68,7.484,"And by the way, worst president in history, presidential scholars voted him the worst president in history in the United States of America.",whisper_canonical
1036,1036_w1958,1957,UNKNOWN,6,7779.223,7780.164,0.941,"President Biden, thank you so much.",whisper_canonical
1036,1036_w1959,1958,UNKNOWN,14,7780.204,7784.226,4.022,"Let's turn to the cost of childcare, which many American families struggle to afford.",whisper_canonical
1036,1036_w1960,1959,UNKNOWN,13,7784.286,7788.389,4.103,"President Trump, both you and President Biden, have tried to address this issue.",whisper_canonical
1036,1036_w1961,1960,UNKNOWN,14,7788.809,7791.651,2.842,But the average cost of childcare in this country has risen to more than,whisper_canonical
1036,1036_w1962,1961,UNKNOWN,4,7792.671,7793.932,1.261,a year per child.,whisper_canonical
1036,1036_w1963,1962,UNKNOWN,15,7793.992,7798.975,4.983,"For many families, the cost of childcare for two children is more than their rent.",whisper_canonical
1036,1036_w1964,1963,UNKNOWN,13,7799.576,7803.038,3.462,"In your second term, what would you do to make childcare more affordable?",whisper_canonical
1036,1036_w1965,1964,UNKNOWN,13,7804.707,7808.172,3.465,"Just to go back, the general got fired because he was no good.",whisper_canonical
1036,1036_w1966,1965,UNKNOWN,11,7808.833,7810.615,1.782,"And if he said that, that's why he made it up.",whisper_canonical
1036,1036_w1967,1966,UNKNOWN,20,7810.656,7815.282,4.626,"But we have people that said I didn't say it, and they're very highly respected, much more so than him.",whisper_canonical
1036,1036_w1968,1967,UNKNOWN,4,7816.023,7816.804,0.781,The other thing is,whisper_canonical
1036,1036_w1969,1968,UNKNOWN,4,7818.146,7819.147,1.001,he doesn't fire people.,whisper_canonical
1036,1036_w1970,1969,UNKNOWN,4,7820.061,7821.082,1.021,He never fired people.,whisper_canonical
1036,1036_w1971,1970,UNKNOWN,6,7821.323,7822.524,1.201,I've never seen him fire anybody.,whisper_canonical
1036,1036_w1972,1971,UNKNOWN,5,7822.584,7823.285,0.701,I did fire a lot.,whisper_canonical
1036,1036_w1973,1972,UNKNOWN,8,7823.325,7824.847,1.522,I fired Comey because he was no good.,whisper_canonical
1036,1036_w1974,1973,UNKNOWN,14,7824.887,7827.93,3.043,"I fired a lot of the top people at the FBI, drained the swamp.",whisper_canonical
1036,1036_w1975,1974,UNKNOWN,4,7828.191,7828.891,0.7,They were no good.,whisper_canonical
1036,1036_w1976,1975,UNKNOWN,5,7829.272,7830.373,1.101,Not easy to fire people.,whisper_canonical
1036,1036_w1977,1976,UNKNOWN,11,7830.453,7832.496,2.043,"You'd pay a price for it, but they were no good.",whisper_canonical
1036,1036_w1978,1977,UNKNOWN,4,7832.556,7833.557,1.001,I inherited these people.,whisper_canonical
1036,1036_w1979,1978,UNKNOWN,4,7833.577,7834.058,0.481,I didn't put them.,whisper_canonical
1036,1036_w1980,1979,UNKNOWN,5,7834.138,7835.019,0.881,I didn't put Comey there.,whisper_canonical
1036,1036_w1981,1980,UNKNOWN,4,7835.079,7835.68,0.601,He was no good.,whisper_canonical
1036,1036_w1982,1981,UNKNOWN,3,7836.14,7836.961,0.821,I fired him.,whisper_canonical
1036,1036_w1983,1982,UNKNOWN,5,7837.402,7838.723,1.321,This guy hasn't fired anybody.,whisper_canonical
1036,1036_w1984,1983,UNKNOWN,3,7839.104,7839.684,0.58,He never fires.,whisper_canonical
1036,1036_w1985,1984,UNKNOWN,27,7840.385,7850.369,9.984,"He should have fired every military man that was involved with that Afghan, the Afghanistan horror show, the most embarrassing moment in the history of our country.",whisper_canonical
1036,1036_w1986,1985,UNKNOWN,3,7851.29,7851.83,0.54,He didn't fire.,whisper_canonical
1036,1036_w1987,1986,UNKNOWN,4,7851.85,7852.81,0.96,Did you fire anybody?,whisper_canonical
1036,1036_w1988,1987,UNKNOWN,22,7853.17,7857.912,4.742,"Did you fire anybody that's on the border, that's allowed us to have the worst border in the history of the world?",whisper_canonical
1036,1036_w1989,1988,UNKNOWN,15,7857.932,7865.375,7.443,"Did anybody get fired for allowing million people, many from prisons, many from mental institutions?",whisper_canonical
1036,1036_w1990,1989,UNKNOWN,11,7865.415,7868.457,3.042,Did you fire anybody that allowed our country to be destroyed?,whisper_canonical
1036,1036_w1991,1990,UNKNOWN,22,7869.217,7874.441,5.224,"Joe, our country is being destroyed as you and I sit up here and waste a lot of time on this debate.",whisper_canonical
1036,1036_w1992,1991,UNKNOWN,5,7874.761,7875.782,1.021,This shouldn't be a debate.,whisper_canonical
1036,1036_w1993,1992,UNKNOWN,5,7876.263,7877.443,1.18,He is the worst president.,whisper_canonical
1036,1036_w1994,1993,UNKNOWN,10,7877.644,7879.205,1.561,He just said it about me because I said it.,whisper_canonical
1036,1036_w1995,1994,UNKNOWN,12,7880.246,7883.108,2.862,"But look, he's the worst president in the history of our country.",whisper_canonical
1036,1036_w1996,1995,UNKNOWN,4,7883.388,7884.689,1.301,He's destroyed our country.,whisper_canonical
1036,1036_w1997,1996,UNKNOWN,15,7885.009,7887.251,2.242,"Now, all of a sudden, he's trying to get a little tough on the border.",whisper_canonical
1036,1036_w1998,1997,UNKNOWN,5,7887.291,7888.432,1.141,He came out with a,whisper_canonical
1036,1036_w1999,1998,UNKNOWN,9,7889.893,7891.855,1.962,"nothing deal, and it reduced it a little bit.",whisper_canonical
1036,1036_w2000,1999,UNKNOWN,6,7892.295,7893.915,1.62,"a little bit, like this much.",whisper_canonical
1036,1036_w2001,2000,UNKNOWN,2,7894.055,7895.416,1.361,It's insignificant.,whisper_canonical
1036,1036_w2002,2001,UNKNOWN,4,7895.836,7896.976,1.14,He wants open borders.,whisper_canonical
1036,1036_w2003,2002,UNKNOWN,18,7897.356,7902.118,4.762,He wants our country to either be destroyed or he wants to pick up those people as voters.,whisper_canonical
1036,1036_w2004,2003,UNKNOWN,10,7902.998,7905.558,2.56,And I don't think we just can't let it happen.,whisper_canonical
1036,1036_w2005,2004,UNKNOWN,21,7905.959,7913.26,7.301,"If he wins this election, our country doesn't have a chance, not even a chance, of coming out of this rut.",whisper_canonical
1036,1036_w2006,2005,UNKNOWN,8,7913.681,7915.941,2.26,We probably won't have a country left anymore.,whisper_canonical
1036,1036_w2007,2006,UNKNOWN,5,7915.981,7916.821,0.84,That's how bad it is.,whisper_canonical
1036,1036_w2008,2007,UNKNOWN,8,7917.101,7918.922,1.821,He is the worst in history by far.,whisper_canonical
1036,1036_w2009,2008,UNKNOWN,4,7919.602,7920.302,0.7,"Thank you, President Trump.",whisper_canonical
1036,1036_w2010,2009,UNKNOWN,2,7920.322,7920.823,0.501,President Biden.,whisper_canonical
1036,1036_w2011,2010,UNKNOWN,9,7921.023,7923.184,2.161,We are the most admired country in the world.,whisper_canonical
1036,1036_w2012,2011,UNKNOWN,6,7923.664,7925.405,1.741,We're the United States of America.,whisper_canonical
1036,1036_w2013,2012,UNKNOWN,5,7925.825,7927.386,1.561,There's nothing beyond our capacity.,whisper_canonical
1036,1036_w2014,2013,UNKNOWN,19,7927.706,7931.868,4.162,"We have the finest military in the history of the world, the finest in the history of the world.",whisper_canonical
1036,1036_w2015,2014,UNKNOWN,5,7932.469,7933.549,1.08,No one thinks we're weak.,whisper_canonical
1036,1036_w2016,2015,UNKNOWN,8,7934.01,7935.77,1.76,No one wants to screw around with us.,whisper_canonical
1036,1036_w2017,2016,UNKNOWN,3,7935.911,7937.271,1.36,Nobody. Number one.,whisper_canonical
1036,1036_w2018,2017,UNKNOWN,10,7937.671,7941.173,3.502,"Number two, the idea that we're talking about worst presidents.",whisper_canonical
1036,1036_w2019,2018,UNKNOWN,3,7941.513,7942.274,0.761,I wasn't joking.,whisper_canonical
1036,1036_w2020,2019,UNKNOWN,3,7942.614,7943.034,0.42,Look it up.,whisper_canonical
1036,1036_w2021,2020,UNKNOWN,2,7943.054,7943.234,0.18,Go online.,whisper_canonical
1036,1036_w2022,2021,UNKNOWN,7,7943.274,7944.695,1.421,or don't hold me the exact number.,whisper_canonical
1036,1036_w2023,2022,UNKNOWN,18,7948.357,7955.403,7.046,"Presidential historians, they've had meetings, and they voted, who's the worst president in American history, best to worst.",whisper_canonical
1036,1036_w2024,2023,UNKNOWN,11,7955.743,7958.846,3.103,They said he was the worst in all of American history.,whisper_canonical
1036,1036_w2025,2024,UNKNOWN,3,7959.166,7959.807,0.641,That's a fact.,whisper_canonical
1036,1036_w2026,2025,UNKNOWN,3,7960.207,7961.688,1.481,That's not conjecture.,whisper_canonical
1036,1036_w2027,2026,UNKNOWN,10,7962.169,7964.07,1.901,"He can argue they're wrong, but that's what they voted.",whisper_canonical
1036,1036_w2028,2027,UNKNOWN,12,7964.43,7968.454,4.024,"The idea that he is knowing, doing anything to deal with childcare.",whisper_canonical
1036,1036_w2029,2028,UNKNOWN,8,7969.254,7971.396,2.142,"He did very, for virtually nothing to childcare.",whisper_canonical
1036,1036_w2030,2029,UNKNOWN,8,7971.797,7974.359,2.562,We should significantly increase the childcare tax credit.,whisper_canonical
1036,1036_w2031,2030,UNKNOWN,21,7974.719,7981.165,6.446,We should significantly increase the availability of women and men or single parents to be able to go back to work.,whisper_canonical
1036,1036_w2032,2031,UNKNOWN,9,7981.646,7984.849,3.203,And we should encourage businesses to hold to have...,whisper_canonical
1036,1036_w2033,2032,UNKNOWN,4,7984.949,7985.79,0.841,"Thank you, President Biden.",whisper_canonical
1036,1036_w2034,2033,UNKNOWN,22,7985.81,7990.354,4.544,"President Trump, the question was about what would you do to make childcare more affordable if you want to take your minute?",whisper_canonical
1036,1036_w2035,2034,UNKNOWN,3,7990.654,7991.355,0.701,Just you understand.,whisper_canonical
1036,1036_w2036,2035,UNKNOWN,3,7992.594,7993.255,0.661,We have polling.,whisper_canonical
1036,1036_w2037,2036,UNKNOWN,6,7993.355,7995.236,1.881,We have other things that do.,whisper_canonical
1036,1036_w2038,2037,UNKNOWN,16,7995.356,7999.279,3.923,They rate him the worst because what he's done is so bad and they rate me.,whisper_canonical
1036,1036_w2039,2038,UNKNOWN,3,7999.519,8000.0,0.481,I'll show you.,whisper_canonical
1036,1036_w2040,2039,UNKNOWN,12,8000.06,8002.041,1.981,I will show you and they rate me one of the best.,whisper_canonical
1036,1036_w2041,2040,UNKNOWN,13,8002.241,8006.505,4.264,"Okay. And if I'm given another four years, I will be the best.",whisper_canonical
1036,1036_w2042,2041,UNKNOWN,6,8006.585,8007.525,0.94,I think I'll be the best.,whisper_canonical
1036,1036_w2043,2042,UNKNOWN,2,8008.126,8008.786,0.66,Nobody's ever.,whisper_canonical
1036,1036_w2044,2043,UNKNOWN,5,8009.685,8011.085,1.4,created an economy like us.,whisper_canonical
1036,1036_w2045,2044,UNKNOWN,6,8011.165,8012.786,1.621,Nobody ever cut taxes like us.,whisper_canonical
1036,1036_w2046,2045,UNKNOWN,6,8013.326,8014.146,0.82,He's the only one I know.,whisper_canonical
1036,1036_w2047,2046,UNKNOWN,9,8014.166,8016.607,2.441,He wants to raise your taxes by four times.,whisper_canonical
1036,1036_w2048,2047,UNKNOWN,9,8016.967,8020.067,3.1,He wants to raise everybody's taxes by four times.,whisper_canonical
1036,1036_w2049,2048,UNKNOWN,8,8020.107,8022.228,2.121,He wants the Trump tax cuts to expire.,whisper_canonical
1036,1036_w2050,2049,UNKNOWN,15,8022.568,8025.849,3.281,"So everybody, including the two of you, are going to pay four to five times.",whisper_canonical
1036,1036_w2051,2050,UNKNOWN,6,8026.249,8027.409,1.16,Nobody ever heard of this before.,whisper_canonical
1036,1036_w2052,2051,UNKNOWN,14,8027.829,8031.41,3.581,All my life I'd grow up and I'd see politicians talking about cutting taxes.,whisper_canonical
1036,1036_w2053,2052,UNKNOWN,11,8031.77,8034.951,3.181,"When we cut taxes, as I said, we did more business.",whisper_canonical
1036,1036_w2054,2053,UNKNOWN,13,8035.151,8039.252,4.101,"Apple and all these companies, they were bringing money back into our country.",whisper_canonical
1036,1036_w2055,2054,UNKNOWN,11,8040.132,8043.275,3.143,"The worst president in history by far, and everybody knows it.",whisper_canonical
1036,1036_w2056,2055,UNKNOWN,2,8043.875,8044.335,0.46,President Biden?,whisper_canonical
1036,1036_w2057,2056,UNKNOWN,12,8044.656,8047.478,2.822,"Look, the fact of the matter is that he's dead wrong about...",whisper_canonical
1036,1036_w2058,2057,UNKNOWN,4,8047.858,8050.12,2.262,He's increased the tariff.,whisper_canonical
1036,1036_w2059,2058,UNKNOWN,8,8050.22,8053.542,3.322,He will increase the taxes on middle-class people.,whisper_canonical
1036,1036_w2060,2059,UNKNOWN,14,8054.122,8058.786,4.664,I said I'd never raise the tax upon anybody making less than I didn't.,whisper_canonical
1036,1036_w2061,2060,UNKNOWN,6,8059.106,8060.807,1.701,But this tariff is percent tariffs.,whisper_canonical
1036,1036_w2062,2061,UNKNOWN,11,8061.147,8063.469,2.322,"Everything coming into the country, you know what the economists say?",whisper_canonical
1036,1036_w2063,2062,UNKNOWN,7,8063.889,8065.431,1.542,That's going to cost the average American,whisper_canonical
1036,1036_w2064,2063,UNKNOWN,21,8066.712,8073.879,7.167,a year more because they're going to have to pay the difference in food and all the things that are important.,whisper_canonical
1036,1036_w2065,2064,UNKNOWN,15,8074.46,8079.906,5.446,"Number two, he's in a situation where he talks about how he has not raised,",whisper_canonical
1036,1036_w2066,2065,UNKNOWN,6,8081.267,8083.169,1.902,he somehow helped the middle class.,whisper_canonical
1036,1036_w2067,2066,UNKNOWN,7,8083.85,8085.591,1.741,Little class have been devastated by you.,whisper_canonical
1036,1036_w2068,2067,UNKNOWN,21,8086.011,8092.254,6.243,"Now you want a new tax cut of trillion over the next years, which is going to fundamentally bankrupt the country.",whisper_canonical
1036,1036_w2069,2068,UNKNOWN,13,8092.574,8096.136,3.562,"You had the largest deficit of any president of American history, number one.",whisper_canonical
1036,1036_w2070,2069,UNKNOWN,14,8096.496,8103.4,6.904,"Number two, you have not, in fact, made any contact, any progress with China.",whisper_canonical
1036,1036_w2071,2070,UNKNOWN,10,8104.1,8107.582,3.482,We are at a lowest trade deficit with China since,whisper_canonical
1036,1036_w2072,2071,UNKNOWN,24,8110.163,8118.127,7.964,"Let's discuss an epidemic impacting millions of Americans that both of you have made a top priority in your first term, the opioid crisis.",whisper_canonical
1036,1036_w2073,2072,UNKNOWN,16,8118.187,8123.55,5.363,"And for both of you, the number of overdose deaths in this country has gone up.",whisper_canonical
1036,1036_w2074,2073,UNKNOWN,6,8123.83,8125.291,1.461,"Under your term, it went up.",whisper_canonical
1036,1036_w2075,2074,UNKNOWN,7,8125.411,8126.892,1.481,"Under your term, it has gone up.",whisper_canonical
1036,1036_w2076,2075,UNKNOWN,27,8127.532,8136.198,8.666,"Former President Trump, despite the efforts that both of you have made, more than Americans are dying from overdoses every year, primarily from fentanyl and other opioids.",whisper_canonical
1036,1036_w2077,2076,UNKNOWN,23,8136.498,8142.683,6.185,What will you do to help Americans right now in the throes of addiction who are struggling to get the treatment they need?,whisper_canonical
1036,1036_w2078,2077,UNKNOWN,15,8145.557,8149.18,3.623,We now have the largest deficit in the history of our country under this guy.,whisper_canonical
1036,1036_w2079,2078,UNKNOWN,7,8149.72,8151.761,2.041,We have the largest deficit with China.,whisper_canonical
1036,1036_w2080,2079,UNKNOWN,5,8152.462,8153.542,1.08,He gets paid by China.,whisper_canonical
1036,1036_w2081,2080,UNKNOWN,4,8153.582,8154.943,1.361,He's a Manchurian candidate.,whisper_canonical
1036,1036_w2082,2081,UNKNOWN,5,8154.983,8156.144,1.161,He gets money from China.,whisper_canonical
1036,1036_w2083,2082,UNKNOWN,11,8156.584,8158.886,2.302,So I think he's afraid to deal with them or something.,whisper_canonical
1036,1036_w2084,2083,UNKNOWN,25,8159.406,8165.17,5.764,But do you notice he never took out my tariffs because we bring in so much money with the tariffs that I imposed on China.,whisper_canonical
1036,1036_w2085,2084,UNKNOWN,5,8165.55,8166.471,0.921,He never took them away.,whisper_canonical
1036,1036_w2086,2085,UNKNOWN,7,8166.491,8168.032,1.541,He can't because it's too much money.,whisper_canonical
1036,1036_w2087,2086,UNKNOWN,2,8168.492,8169.373,0.881,It's tremendous.,whisper_canonical
1036,1036_w2088,2087,UNKNOWN,12,8169.433,8172.075,2.642,"And we saved our steel industries, and there was more to come.",whisper_canonical
1036,1036_w2089,2088,UNKNOWN,5,8172.495,8173.376,0.881,But he hasn't done that.,whisper_canonical
1036,1036_w2090,2089,UNKNOWN,14,8173.916,8177.419,3.503,But he hasn't cut the tariffs because he can't because it's too much money.,whisper_canonical
1036,1036_w2091,2090,UNKNOWN,12,8177.759,8181.322,3.563,But he's got the largest deficit in the history of our country.,whisper_canonical
1036,1036_w2092,2091,UNKNOWN,8,8181.582,8184.985,3.403,And he's got the worst situation with China.,whisper_canonical
1036,1036_w2093,2092,UNKNOWN,21,8185.305,8190.069,4.764,China is going to own us if you keep allowing them to do what they're doing to us as a country.,whisper_canonical
1036,1036_w2094,2093,UNKNOWN,8,8190.33,8192.311,1.981,"They are killing us as a country, Joe.",whisper_canonical
1036,1036_w2095,2094,UNKNOWN,6,8192.612,8193.953,1.341,And you can't let that happen.,whisper_canonical
1036,1036_w2096,2095,UNKNOWN,4,8194.033,8195.254,1.221,You're destroying our country.,whisper_canonical
1036,1036_w2097,2096,UNKNOWN,7,8196.329,8198.711,2.382,"So President Trump, you have seconds left.",whisper_canonical
1036,1036_w2098,2097,UNKNOWN,28,8198.731,8204.816,6.085,"The question was, what are you going to do to help Americans in the throes of addiction right now who are struggling to get the treatment they need?",whisper_canonical
1036,1036_w2099,2098,UNKNOWN,13,8205.276,8208.379,3.103,"Jake, we were doing very well at addiction until the COVID came along.",whisper_canonical
1036,1036_w2100,2099,UNKNOWN,21,8208.659,8213.923,5.264,"We had the two and a half, almost three years of like nobody's ever had before any country in every way.",whisper_canonical
1036,1036_w2101,2100,UNKNOWN,7,8214.724,8215.905,1.181,And then we had to get tough.,whisper_canonical
1036,1036_w2102,2101,UNKNOWN,14,8216.205,8221.909,5.704,And it was the drugs pouring across the border were It started to increase.,whisper_canonical
1036,1036_w2103,2102,UNKNOWN,4,8221.949,8223.13,1.181,We got great equipment.,whisper_canonical
1036,1036_w2104,2103,UNKNOWN,5,8223.191,8224.452,1.261,We bought the certain dog.,whisper_canonical
1036,1036_w2105,2104,UNKNOWN,15,8224.472,8228.015,3.543,"That's the most incredible thing that you've ever seen, the way they can spot it.",whisper_canonical
1036,1036_w2106,2105,UNKNOWN,4,8228.415,8229.076,0.661,We did a lot.,whisper_canonical
1036,1036_w2107,2106,UNKNOWN,13,8229.356,8233.099,3.743,"And we had we were getting very low numbers, very, very low numbers.",whisper_canonical
1036,1036_w2108,2107,UNKNOWN,4,8233.439,8234.34,0.901,Then he came along.,whisper_canonical
1036,1036_w2109,2108,UNKNOWN,8,8234.7,8236.762,2.062,The numbers have you seen the numbers now?,whisper_canonical
1036,1036_w2110,2109,UNKNOWN,22,8237.223,8243.208,5.985,It's not only the million people that I believe is even low because they the gotaways they don't even talk about gotaways.,whisper_canonical
1036,1036_w2111,2110,UNKNOWN,17,8244.069,8250.957,6.888,But the numbers of the amount of drugs and human trafficking in women coming across our border.,whisper_canonical
1036,1036_w2112,2111,UNKNOWN,19,8251.197,8256.92,5.723,"The worst thing I've ever seen at numbers that nobody's ever seen under him, because the border's so bad.",whisper_canonical
1036,1036_w2113,2112,UNKNOWN,18,8257.781,8263.044,5.263,But the number of drugs coming across our border now is the largest we've ever had by far.,whisper_canonical
1036,1036_w2114,2113,UNKNOWN,4,8263.484,8264.245,0.761,"President Trump, thank you.",whisper_canonical
1036,1036_w2115,2114,UNKNOWN,2,8264.265,8264.865,0.6,President Biden.,whisper_canonical
1036,1036_w2116,2115,UNKNOWN,11,8265.405,8268.907,3.502,Fentanyl and the byproducts of Fentanyl went down for a while.,whisper_canonical
1036,1036_w2117,2116,UNKNOWN,27,8269.648,8276.151,6.503,"And I wanted to make sure we use them in machinery that can detect Fentanyl, these big machines that roll over everything that comes across the border.",whisper_canonical
1036,1036_w2118,2117,UNKNOWN,7,8276.832,8277.892,1.06,And it cost a lot of money.,whisper_canonical
1036,1036_w2119,2118,UNKNOWN,12,8278.212,8281.314,3.102,"That was part of this deal we put together, this bipartisan deal.",whisper_canonical
1036,1036_w2120,2119,UNKNOWN,16,8281.835,8287.138,5.303,"More Fentanyl machines, more be able to detect drugs, more numbers of agents, more numbers of",whisper_canonical
1036,1036_w2121,2120,UNKNOWN,6,8289.939,8290.94,1.001,all the people at the border.,whisper_canonical
1036,1036_w2122,2121,UNKNOWN,17,8291.56,8296.922,5.362,"And when we had that deal done, he called his Republican colleagues and said, don't do it.",whisper_canonical
1036,1036_w2123,2122,UNKNOWN,6,8297.382,8298.563,1.181,It's going to hurt me politically.,whisper_canonical
1036,1036_w2124,2123,UNKNOWN,8,8299.323,8300.844,1.521,He never argued it's not a good bill.,whisper_canonical
1036,1036_w2125,2124,UNKNOWN,5,8301.304,8302.225,0.921,It's a really good bill.,whisper_canonical
1036,1036_w2126,2125,UNKNOWN,4,8302.805,8304.165,1.36,We need those machines.,whisper_canonical
1036,1036_w2127,2126,UNKNOWN,4,8304.526,8305.626,1.1,We need those machines.,whisper_canonical
1036,1036_w2128,2127,UNKNOWN,17,8306.006,8310.948,4.942,And we're coming down very hard in every country in Asia in terms of precursors from fentanyl.,whisper_canonical
1036,1036_w2129,2128,UNKNOWN,21,8311.329,8315.57,4.241,And Mexico is working with us to make sure they don't have the technology to be able to put it together.,whisper_canonical
1036,1036_w2130,2129,UNKNOWN,6,8316.131,8317.111,0.98,That's what we have to do.,whisper_canonical
1036,1036_w2131,2130,UNKNOWN,4,8317.231,8318.652,1.421,We need those machines.,whisper_canonical
1036,1036_w2132,2131,UNKNOWN,6,8319.152,8320.795,1.643,"Thank you, President Biden, President Trump.",whisper_canonical
1036,1036_w2133,2132,UNKNOWN,21,8320.815,8326.344,5.529,"And again, the question is about Americans and the throes of addiction right now struggling to get the treatment they need.",whisper_canonical
1036,1036_w2134,2133,UNKNOWN,8,8327.025,8328.688,1.663,This because this does pertain it to it.,whisper_canonical
1036,1036_w2135,2134,UNKNOWN,5,8329.429,8330.892,1.463,He ended remain in Mexico.,whisper_canonical
1036,1036_w2136,2135,UNKNOWN,3,8331.852,8333.133,1.281,He ended catch-and-release.,whisper_canonical
1036,1036_w2137,2136,UNKNOWN,9,8333.233,8336.155,2.922,"I made a catch-and-release in Mexico, not catch-and-release here.",whisper_canonical
1036,1036_w2138,2137,UNKNOWN,20,8336.775,8341.898,5.123,"We had so many things that we had done, hard negotiations with Mexico, and I got it off and nothing.",whisper_canonical
1036,1036_w2139,2138,UNKNOWN,15,8342.458,8345.94,3.482,"It's just like when you have a hostage, we always pay billion for a hostage.",whisper_canonical
1036,1036_w2140,2139,UNKNOWN,17,8346.02,8350.183,4.163,"Every time we say there's a hostage, now we have a hostage, a Wall Street Journal reporter.",whisper_canonical
1036,1036_w2141,2140,UNKNOWN,25,8351.325,8359.747,8.422,"I think a good guy, and he's over there because Putin is laughing at this guy, probably asking for billions of dollars for the reporter.",whisper_canonical
1036,1036_w2142,2141,UNKNOWN,7,8360.207,8362.648,2.441,I will have him out very quickly.,whisper_canonical
1036,1036_w2143,2142,UNKNOWN,27,8363.008,8371.01,8.002,"As soon as I take office, before I take office, I said, by literally, as soon as I win the election, I will have that reporter out.",whisper_canonical
1036,1036_w2144,2143,UNKNOWN,10,8371.27,8372.95,1.68,He should have had him out a long time ago.,whisper_canonical
1036,1036_w2145,2144,UNKNOWN,17,8373.29,8377.771,4.481,But Putin's probably asking for billions and billions of dollars because this guy pays it every time.,whisper_canonical
1036,1036_w2146,2145,UNKNOWN,4,8378.211,8379.052,0.841,We had two cases.,whisper_canonical
1036,1036_w2147,2146,UNKNOWN,6,8379.092,8381.132,2.04,We paid billion for five people.,whisper_canonical
1036,1036_w2148,2147,UNKNOWN,10,8382.112,8385.253,3.141,"So I got people out, and I paid essentially nothing.",whisper_canonical
1036,1036_w2149,2148,UNKNOWN,4,8386.133,8386.954,0.821,"Thank you, President Trump.",whisper_canonical
1036,1036_w2150,2149,UNKNOWN,12,8386.974,8390.494,3.52,Dana? Let's turn to concerns that voters have about each of you.,whisper_canonical
1036,1036_w2151,2150,UNKNOWN,5,8391.275,8392.755,1.48,"President Biden, you would be",whisper_canonical
1036,1036_w2152,2151,UNKNOWN,7,8394.095,8395.736,1.641,at the end of your second term.,whisper_canonical
1036,1036_w2153,2152,UNKNOWN,20,8396.416,8402.958,6.542,How do you address concerns about your capability to handle the toughest job in the world well into your 80s?,whisper_canonical
1036,1036_w2154,2153,UNKNOWN,9,8404.405,8407.349,2.944,"Well, first of all, I spent half my career",whisper_canonical
1036,1036_w2155,2154,UNKNOWN,8,8408.411,8411.555,3.144,"being criticized, being the youngest person in politics.",whisper_canonical
1036,1036_w2156,2155,UNKNOWN,13,8411.616,8414.82,3.204,I was the second youngest person ever elected to the United States Senate.,whisper_canonical
1036,1036_w2157,2156,UNKNOWN,5,8415.301,8416.202,0.901,And now I'm the oldest.,whisper_canonical
1036,1036_w2158,2157,UNKNOWN,10,8416.603,8418.926,2.323,This guy's three years younger and a lot less competent.,whisper_canonical
1036,1036_w2159,2158,UNKNOWN,23,8419.607,8424.47,4.863,"I think that just look at the record, look at what I've done, look, I've turned around the horrible situation he left me.",whisper_canonical
1036,1036_w2160,2159,UNKNOWN,26,8425.07,8436.896,11.826,"As I said, million new jobs, manufacturing jobs, more investment in America, over millions, billions of dollars in private investment in enterprises that we are growing.",whisper_canonical
1036,1036_w2161,2160,UNKNOWN,11,8437.416,8439.457,2.041,"We've, by the way, we brought an awful lot of people.",whisper_canonical
1036,1036_w2162,2161,UNKNOWN,6,8440.878,8442.82,1.942,the whole idea of computer chips.,whisper_canonical
1036,1036_w2163,2162,UNKNOWN,7,8442.84,8444.261,1.421,We used to have of the market.,whisper_canonical
1036,1036_w2164,2163,UNKNOWN,25,8444.642,8452.989,8.347,We invented those chips and we lost it because he was sending people to find the cheapest jobs overseas and to bring home a product.,whisper_canonical
1036,1036_w2165,2164,UNKNOWN,6,8453.449,8455.451,2.002,So I went to South Korea.,whisper_canonical
1036,1036_w2166,2165,UNKNOWN,13,8455.911,8459.795,3.884,I convinced Samsung to invest billions of dollars here in the United States.,whisper_canonical
1036,1036_w2167,2166,UNKNOWN,9,8460.415,8463.976,3.561,"And they're, guess what, those fabs they call, to",whisper_canonical
1036,1036_w2168,2167,UNKNOWN,15,8465.237,8470.378,5.141,"build these chips, those fabs pay over You don't need a college degree for them.",whisper_canonical
1036,1036_w2169,2168,UNKNOWN,27,8470.799,8480.982,10.183,"And there's billions, about billion already being invested and being built right now in the United States, creating significant jobs for Americans from all over the world.",whisper_canonical
1036,1036_w2170,2169,UNKNOWN,6,8481.642,8483.663,2.021,"President Biden, you have seconds left.",whisper_canonical
1036,1036_w2171,2170,UNKNOWN,6,8483.723,8484.623,0.9,Would you like to add anything?,whisper_canonical
1036,1036_w2172,2171,UNKNOWN,3,8484.843,8485.423,0.58,"Yeah, I would.",whisper_canonical
1036,1036_w2173,2172,UNKNOWN,9,8485.984,8490.165,4.181,"The idea that somehow we are this failing country,",whisper_canonical
1036,1036_w2174,2173,UNKNOWN,2,8492.223,8492.691,0.468,this before.,whisper_canonical
1036,1036_w2175,2174,UNKNOWN,7,8493.505,8495.206,1.701,We were the envy of the world.,whisper_canonical
1036,1036_w2176,2175,UNKNOWN,26,8495.226,8503.371,8.145,I named me a single major country president who didn't trade places with the United States of America for all our problems and all our opportunities.,whisper_canonical
1036,1036_w2177,2176,UNKNOWN,12,8503.951,8506.513,2.562,We're the most progressive country in the world in getting things done.,whisper_canonical
1036,1036_w2178,2177,UNKNOWN,7,8506.993,8508.434,1.441,We're the strongest country in the world.,whisper_canonical
1036,1036_w2179,2178,UNKNOWN,20,8508.834,8514.858,6.024,"We're a country in the world who keeps our word, and everybody trusts us, all of our allies, and our",whisper_canonical
1036,1036_w2180,2179,UNKNOWN,9,8516.099,8518.88,2.781,those who he coddles up to from Kim Jong-un.,whisper_canonical
1036,1036_w2181,2180,UNKNOWN,9,8518.9,8521.022,2.122,"He sends love letters to him, Putin, et cetera.",whisper_canonical
1036,1036_w2182,2181,UNKNOWN,8,8521.542,8523.023,1.481,They don't want to screw around with us.,whisper_canonical
1036,1036_w2183,2182,UNKNOWN,2,8523.934,8524.314,0.38,Thank you.,whisper_canonical
1036,1036_w2184,2183,UNKNOWN,16,8524.915,8529.417,4.502,"Former President Trump, to follow up, you would be at the end of your second term.",whisper_canonical
1036,1036_w2185,2184,UNKNOWN,14,8529.917,8533.979,4.062,What do you say to voters who have concerns about your capabilities to serve?,whisper_canonical
1036,1036_w2186,2185,UNKNOWN,7,8534.36,8536.281,1.921,"Well, I took two tests, cognitive tests.",whisper_canonical
1036,1036_w2187,2186,UNKNOWN,9,8536.381,8538.322,1.941,"I aced them, both of them, as you know.",whisper_canonical
1036,1036_w2188,2187,UNKNOWN,4,8538.822,8539.642,0.82,We made it public.,whisper_canonical
1036,1036_w2189,2188,UNKNOWN,3,8539.782,8540.363,0.581,He took none.,whisper_canonical
1036,1036_w2190,2189,UNKNOWN,13,8540.403,8542.964,2.561,"I'd like to see him take one, just one, a real easy one.",whisper_canonical
1036,1036_w2191,2190,UNKNOWN,7,8543.364,8544.865,1.501,"Like, go through the first five questions.",whisper_canonical
1036,1036_w2192,2191,UNKNOWN,4,8544.885,8545.465,0.58,He couldn't do it.,whisper_canonical
1036,1036_w2193,2192,UNKNOWN,6,8546.146,8547.546,1.4,But I took two cognitive tests.,whisper_canonical
1036,1036_w2194,2193,UNKNOWN,6,8547.647,8549.688,2.041,I took physical exams every year.,whisper_canonical
1036,1036_w2195,2194,UNKNOWN,18,8550.548,8555.171,4.623,"And, you know, we knock on wood wherever we may have wood, that I'm in very good health.",whisper_canonical
1036,1036_w2196,2195,UNKNOWN,13,8555.271,8559.774,4.503,"I just won two club championships, not even senior, two regular club championships.",whisper_canonical
1036,1036_w2197,2196,UNKNOWN,22,8559.834,8564.596,4.762,"To do that, you have to be quite smart, and you have to be able to hit the ball a long way.",whisper_canonical
1036,1036_w2198,2197,UNKNOWN,4,8565.037,8565.517,0.48,And I do it.,whisper_canonical
1036,1036_w2199,2198,UNKNOWN,4,8565.717,8566.297,0.58,He doesn't do it.,whisper_canonical
1036,1036_w2200,2199,UNKNOWN,6,8566.337,8567.538,1.201,He can't hit a ball yards.,whisper_canonical
1036,1036_w2201,2200,UNKNOWN,7,8567.558,8568.839,1.281,He challenged me to a golf match.,whisper_canonical
1036,1036_w2202,2201,UNKNOWN,6,8569.299,8570.54,1.241,He can't hit a ball yards.,whisper_canonical
1036,1036_w2203,2202,UNKNOWN,7,8571.561,8572.761,1.2,I think I'm in very good shape.,whisper_canonical
1036,1036_w2204,2203,UNKNOWN,12,8572.841,8576.824,3.983,I feel that I'm in good shape as I was years ago.,whisper_canonical
1036,1036_w2205,2204,UNKNOWN,7,8576.844,8578.425,1.581,"Actually, I'm probably a little bit lighter.",whisper_canonical
1036,1036_w2206,2205,UNKNOWN,10,8579.105,8581.346,2.241,But I'm in as good a shape as I was,whisper_canonical
1036,1036_w2207,2206,UNKNOWN,2,8582.427,8582.907,0.48,years ago.,whisper_canonical
1036,1036_w2208,2207,UNKNOWN,4,8582.947,8583.568,0.621,I feel very good.,whisper_canonical
1036,1036_w2209,2208,UNKNOWN,4,8583.588,8584.168,0.58,I feel the same.,whisper_canonical
1036,1036_w2210,2209,UNKNOWN,9,8584.528,8586.81,2.282,But I was willing to take a cognitive test.,whisper_canonical
1036,1036_w2211,2210,UNKNOWN,4,8587.07,8587.49,0.42,And you know what?,whisper_canonical
1036,1036_w2212,2211,UNKNOWN,8,8587.53,8588.891,1.361,"If I didn't do well, I aced him.",whisper_canonical
1036,1036_w2213,2212,UNKNOWN,13,8589.791,8593.574,3.783,"Dr. Ronnie Jackson, who's a great guy when he was White House doctor.",whisper_canonical
1036,1036_w2214,2213,UNKNOWN,9,8593.654,8595.215,1.561,"And then I took another one, a similar one.",whisper_canonical
1036,1036_w2215,2214,UNKNOWN,12,8595.955,8598.697,2.742,"And both, one of them said they've never seen anybody ace him.",whisper_canonical
1036,1036_w2216,2215,UNKNOWN,2,8599.117,8599.497,0.38,Thank you.,whisper_canonical
1036,1036_w2217,2216,UNKNOWN,2,8600.098,8600.598,0.5,President Biden.,whisper_canonical
1036,1036_w2218,2217,UNKNOWN,13,8601.441,8606.626,5.185,"You can see he is six foot five and only pounds, or pounds.",whisper_canonical
1036,1036_w2219,2218,UNKNOWN,5,8608.008,8611.532,3.524,"Well, you said Well, anyway,",whisper_canonical
1036,1036_w2220,2219,UNKNOWN,18,8613.013,8615.916,2.903,just take a look at what he says he is and take a look at what he is.,whisper_canonical
1036,1036_w2221,2220,UNKNOWN,11,8616.457,8619.38,2.923,"Look, I'd be happy to have a driving contest with him.",whisper_canonical
1036,1036_w2222,2221,UNKNOWN,14,8619.5,8623.604,4.104,"I got my handicap, which when I was vice president, down to a six.",whisper_canonical
1036,1036_w2223,2222,UNKNOWN,19,8625.686,8629.85,4.164,"And by the way, I told you before, I'm happy to play golf if you carry your own bag.",whisper_canonical
1036,1036_w2224,2223,UNKNOWN,6,8629.87,8631.711,1.841,I think you can do it.,whisper_canonical
1036,1036_w2225,2224,UNKNOWN,10,8632.592,8635.294,2.702,That's the biggest lie that he's a six-handicap of all.,whisper_canonical
1036,1036_w2226,2225,UNKNOWN,4,8635.875,8637.096,1.221,I was an eight-handicap.,whisper_canonical
1036,1036_w2227,2226,UNKNOWN,2,8637.136,8638.076,0.94,Yeah. Eight?,whisper_canonical
1036,1036_w2228,2227,UNKNOWN,5,8639.197,8641.819,2.622,Never. I've seen you swing.,whisper_canonical
1036,1036_w2229,2228,UNKNOWN,4,8641.859,8642.5,0.641,I know you swing.,whisper_canonical
1036,1036_w2230,2229,UNKNOWN,5,8643.08,8644.382,1.302,Let's not act like children.,whisper_canonical
1036,1036_w2231,2230,UNKNOWN,7,8644.402,8645.763,1.361,"President Trump, we're going to carry on.",whisper_canonical
1036,1036_w2232,2231,UNKNOWN,5,8645.783,8646.984,1.201,Let's not act like children.,whisper_canonical
1036,1036_w2233,2232,UNKNOWN,9,8647.826,8651.009,3.183,to a specific concern that voters have about you.,whisper_canonical
1036,1036_w2234,2233,UNKNOWN,25,8651.89,8661.078,9.188,Will you pledge tonight that once all legal challenges have been exhausted that you will accept the results of this election regardless of who wins?,whisper_canonical
1036,1036_w2235,2234,UNKNOWN,14,8661.759,8667.024,5.265,And you will say right now that political violence in any form is unacceptable.,whisper_canonical
1036,1036_w2236,2235,UNKNOWN,13,8667.763,8670.425,2.662,"Well, I shouldn't have to say that, but, of course, I believe that.",whisper_canonical
1036,1036_w2237,2236,UNKNOWN,3,8670.785,8672.146,1.361,It's totally unacceptable.,whisper_canonical
1036,1036_w2238,2237,UNKNOWN,38,8672.867,8680.773,7.906,"And if you would see my statements that I made on Twitter at the time, and also my statement that I made in the Rose Garden, you would say it's one of the strongest statements you've ever seen.",whisper_canonical
1036,1036_w2239,2238,UNKNOWN,19,8680.873,8685.456,4.583,"In addition to the speech I made, in front of, I believe, the largest crowd I've ever spoken to.",whisper_canonical
1036,1036_w2240,2239,UNKNOWN,10,8685.576,8687.878,2.302,"And I will tell you, nobody ever talks about that.",whisper_canonical
1036,1036_w2241,2240,UNKNOWN,14,8687.918,8691.661,3.743,They talk about a relatively small number of people that went to the Capitol.,whisper_canonical
1036,1036_w2242,2241,UNKNOWN,10,8692.221,8694.403,2.182,"And in many cases, we're ushered in by the police.",whisper_canonical
1036,1036_w2243,2242,UNKNOWN,11,8694.803,8698.406,3.603,"And as Nancy Pelosi said, it was her responsibility, not mine.",whisper_canonical
1036,1036_w2244,2243,UNKNOWN,6,8698.506,8699.727,1.221,She said that loud and clear.,whisper_canonical
1036,1036_w2245,2244,UNKNOWN,17,8700.288,8705.132,4.844,"But the answer is, if the election is fair, free, and I want that more than anybody.",whisper_canonical
1036,1036_w2246,2245,UNKNOWN,5,8705.652,8706.713,1.061,And I'll tell you something.,whisper_canonical
1036,1036_w2247,2246,UNKNOWN,14,8707.774,8710.575,2.801,I wish he was a great president because I wouldn't be here right now.,whisper_canonical
1036,1036_w2248,2247,UNKNOWN,10,8710.935,8714.515,3.58,I'd be at one of my many places enjoying myself.,whisper_canonical
1036,1036_w2249,2248,UNKNOWN,22,8714.795,8722.517,7.722,I wouldn't be under indictment because I wouldn't have been his political opponent because he indicted me because I was his opponent.,whisper_canonical
1036,1036_w2250,2249,UNKNOWN,7,8723.057,8724.637,1.58,I wish he was a great president.,whisper_canonical
1036,1036_w2251,2250,UNKNOWN,5,8724.998,8726.138,1.14,I would rather have that.,whisper_canonical
1036,1036_w2252,2251,UNKNOWN,4,8726.778,8727.538,0.76,I wouldn't be here.,whisper_canonical
1036,1036_w2253,2252,UNKNOWN,5,8727.938,8728.818,0.88,I don't mind being here.,whisper_canonical
1036,1036_w2254,2253,UNKNOWN,13,8728.978,8731.579,2.601,But the only reason I'm here is he's so bad as a president.,whisper_canonical
1036,1036_w2255,2254,UNKNOWN,8,8732.279,8733.9,1.621,that I'm going to make America great again.,whisper_canonical
1036,1036_w2256,2255,UNKNOWN,7,8733.921,8735.902,1.981,We're going to make America great again.,whisper_canonical
1036,1036_w2257,2256,UNKNOWN,6,8736.403,8737.904,1.501,We're a failing nation right now.,whisper_canonical
1036,1036_w2258,2257,UNKNOWN,5,8737.924,8739.606,1.682,We're a seriously failing nation.,whisper_canonical
1036,1036_w2259,2258,UNKNOWN,8,8740.146,8742.068,1.922,And we're a failing nation because of him.,whisper_canonical
1036,1036_w2260,2259,UNKNOWN,5,8742.468,8744.17,1.702,His policies are so bad.,whisper_canonical
1036,1036_w2261,2260,UNKNOWN,5,8745.171,8748.634,3.463,His military policies are insane.,whisper_canonical
1036,1036_w2262,2261,UNKNOWN,2,8748.654,8749.895,1.241,They're insane.,whisper_canonical
1036,1036_w2263,2262,UNKNOWN,9,8750.135,8751.836,1.701,These are wars that will never end with him.,whisper_canonical
1036,1036_w2264,2263,UNKNOWN,8,8752.377,8754.118,1.741,He will drive us into World War III.,whisper_canonical
1036,1036_w2265,2264,UNKNOWN,11,8754.239,8757.982,3.743,And we're closer to World War III than anybody can imagine.,whisper_canonical
1036,1036_w2266,2265,UNKNOWN,14,8758.202,8761.926,3.724,"We are very, very close to World War III, and he's driving us there.",whisper_canonical
1036,1036_w2267,2266,UNKNOWN,21,8762.286,8769.973,7.687,"And Kim Jong-un and President Xi of China, Kim Jong-un of North Korea, all of these Putin, they don't respect him.",whisper_canonical
1036,1036_w2268,2267,UNKNOWN,4,8770.273,8771.274,1.001,They don't fear him.,whisper_canonical
1036,1036_w2269,2268,UNKNOWN,7,8771.655,8773.837,2.182,They have nothing going with this gentleman.,whisper_canonical
1036,1036_w2270,2269,UNKNOWN,10,8774.177,8776.139,1.962,And he's going to drive us into World War III.,whisper_canonical
1036,1036_w2271,2270,UNKNOWN,20,8777.967,8783.771,5.804,"You want a World War III, let him follow and win and let Putin say, do what you want, NATO.",whisper_canonical
1036,1036_w2272,2271,UNKNOWN,5,8784.251,8785.072,0.821,Just do what you want.,whisper_canonical
1036,1036_w2273,2272,UNKNOWN,17,8785.712,8790.976,5.264,"There's a thing called Article V, an attack on one is attack on all, a required response.",whisper_canonical
1036,1036_w2274,2273,UNKNOWN,28,8791.536,8800.002,8.466,"The idea, the idea, I can't think of a single major leader in the world who wouldn't trade places with what job I've done and what they've done.",whisper_canonical
1036,1036_w2275,2274,UNKNOWN,6,8800.902,8802.322,1.42,because we are a powerful nation.,whisper_canonical
1036,1036_w2276,2275,UNKNOWN,4,8802.602,8803.323,0.721,We have wonderful people.,whisper_canonical
1036,1036_w2277,2276,UNKNOWN,13,8803.343,8806.043,2.7,"It's because of the people, not me, it's because of the American people.",whisper_canonical
1036,1036_w2278,2277,UNKNOWN,4,8806.423,8807.483,1.06,They're capable of anything.,whisper_canonical
1036,1036_w2279,2278,UNKNOWN,6,8807.523,8808.644,1.121,They step up when they're needed.,whisper_canonical
1036,1036_w2280,2279,UNKNOWN,5,8809.104,8810.684,1.58,"And right now, we're needed.",whisper_canonical
1036,1036_w2281,2280,UNKNOWN,14,8811.004,8814.045,3.041,We're needed to protect the world because of our own safety as a state.,whisper_canonical
1036,1036_w2282,2281,UNKNOWN,33,8814.585,8824.067,9.482,"And again, you want to have a war, just let Putin go ahead and take Kiev, make sure they move on, see what happens in Poland, Hungary, and other places along that border.",whisper_canonical
1036,1036_w2283,2282,UNKNOWN,5,8824.647,8825.387,0.74,Then you have a war.,whisper_canonical
1036,1036_w2284,2283,UNKNOWN,26,8826.79,8835.594,8.804,"President Trump, as I come back to you for a follow-up, the question was, will you accept the results of this election, regardless of who wins?",whisper_canonical
1036,1036_w2285,2284,UNKNOWN,9,8836.414,8838.375,1.961,"Just to finish what he said, if I might.",whisper_canonical
1036,1036_w2286,2285,UNKNOWN,9,8839.696,8842.297,2.601,"Russia, they took a lot of land from Bush.",whisper_canonical
1036,1036_w2287,2286,UNKNOWN,10,8843.037,8845.798,2.761,They took a lot of land from Obama and Biden.,whisper_canonical
1036,1036_w2288,2287,UNKNOWN,8,8846.839,8849.88,3.041,"They took no land, nothing from Trump, nothing.",whisper_canonical
1036,1036_w2289,2288,UNKNOWN,6,8849.92,8850.921,1.001,He knew not to do it.,whisper_canonical
1036,1036_w2290,2289,UNKNOWN,8,8851.762,8852.923,1.161,He's not going to play games with me.,whisper_canonical
1036,1036_w2291,2290,UNKNOWN,3,8852.983,8853.464,0.481,He knew that.,whisper_canonical
1036,1036_w2292,2291,UNKNOWN,14,8853.604,8855.986,2.382,"I got along with him very well, but he knew not to play games.",whisper_canonical
1036,1036_w2293,2292,UNKNOWN,5,8856.447,8857.648,1.201,He took nothing from me.,whisper_canonical
1036,1036_w2294,2293,UNKNOWN,14,8859.029,8862.452,3.423,But now he's going to take the whole thing from this man right here.,whisper_canonical
1036,1036_w2295,2294,UNKNOWN,8,8863.293,8865.095,1.802,That's a war that should have never started.,whisper_canonical
1036,1036_w2296,2295,UNKNOWN,8,8865.135,8867.798,2.663,It would have never started ever with me.,whisper_canonical
1036,1036_w2297,2296,UNKNOWN,6,8868.798,8870.259,1.461,And he's going to take Ukraine.,whisper_canonical
1036,1036_w2298,2297,UNKNOWN,28,8871.22,8878.147,6.927,"And, you know, you asked me a question before, would you do this with He's got us in such a bad position right now with Ukraine and Russia.",whisper_canonical
1036,1036_w2299,2298,UNKNOWN,7,8878.967,8880.569,1.602,Because Ukraine is not winning that war.,whisper_canonical
1036,1036_w2300,2299,UNKNOWN,9,8881.089,8883.191,2.102,"He said, I will never settle until such time.",whisper_canonical
1036,1036_w2301,2300,UNKNOWN,5,8883.592,8884.533,0.941,They're running out of people.,whisper_canonical
1036,1036_w2302,2301,UNKNOWN,5,8884.553,8885.573,1.02,They're running out of soldiers.,whisper_canonical
1036,1036_w2303,2302,UNKNOWN,5,8885.594,8886.755,1.161,They've lost so many people.,whisper_canonical
1036,1036_w2304,2303,UNKNOWN,3,8886.855,8887.635,0.78,It's so sad.,whisper_canonical
1036,1036_w2305,2304,UNKNOWN,28,8888.356,8896.947,8.591,"They've lost so many people, and they've lost those gorgeous cities with the golden domes that are a thousand years old, all because of him and stupid decisions.",whisper_canonical
1036,1036_w2306,2305,UNKNOWN,9,8897.448,8899.771,2.323,Russia would have never attacked if I were president.,whisper_canonical
1036,1036_w2307,2306,UNKNOWN,21,8899.791,8905.799,6.008,"President Trump, the question was, will you accept the results of the election, regardless of who wins, yes or no, please?",whisper_canonical
1036,1036_w2308,2307,UNKNOWN,10,8906.432,8910.395,3.963,"If it's a fair and legal and good election, absolutely.",whisper_canonical
1036,1036_w2309,2308,UNKNOWN,15,8910.775,8917.6,6.825,"I would have much rather accepted these, but the fraud and everything else was ridiculous.",whisper_canonical
1036,1036_w2310,2309,UNKNOWN,24,8917.68,8922.624,4.944,"And if you want, we'll have a news conference on it in a week, or we'll have another one of these in a week.",whisper_canonical
1036,1036_w2311,2310,UNKNOWN,9,8923.224,8927.067,3.843,"But I will absolutely, there's nothing I'd rather do.",whisper_canonical
1036,1036_w2312,2311,UNKNOWN,10,8927.167,8929.069,1.902,It would be much easier for me to do that.,whisper_canonical
1036,1036_w2313,2312,UNKNOWN,4,8929.98,8931.661,1.681,then I'm running again.,whisper_canonical
1036,1036_w2314,2313,UNKNOWN,14,8932.002,8936.065,4.063,I wasn't really going to run until I saw the horrible job he did.,whisper_canonical
1036,1036_w2315,2314,UNKNOWN,4,8936.525,8937.787,1.262,He's destroying our country.,whisper_canonical
1036,1036_w2316,2315,UNKNOWN,14,8938.127,8942.35,4.223,I would be very happy to be someplace else in a nice location someplace.,whisper_canonical
1036,1036_w2317,2316,UNKNOWN,18,8942.771,8948.556,5.785,"And again, no indictments, no political opponents stuff, because it's the only way he thinks he can win.",whisper_canonical
1036,1036_w2318,2317,UNKNOWN,20,8948.856,8954.541,5.685,"But unfortunately, it's driven up my numbers and driven up to a very high level because the people understand it.",whisper_canonical
1036,1036_w2319,2318,UNKNOWN,11,8955.563,8958.184,2.621,Let's see what your numbers are when this election is over.,whisper_canonical
1036,1036_w2320,2319,UNKNOWN,2,8959.004,8959.504,0.5,Let's see.,whisper_canonical
1036,1036_w2321,2320,UNKNOWN,3,8959.964,8960.644,0.68,You're a whiner.,whisper_canonical
1036,1036_w2322,2321,UNKNOWN,8,8961.064,8963.865,2.801,"When you lost the first time, you continued.",whisper_canonical
1036,1036_w2323,2322,UNKNOWN,10,8963.885,8966.366,2.481,You appealed and appealed to courts all across the country.,whisper_canonical
1036,1036_w2324,2323,UNKNOWN,18,8966.766,8974.207,7.441,"Not one single court in America said any of your claims, said any merit, state or local, none.",whisper_canonical
1036,1036_w2325,2324,UNKNOWN,16,8974.787,8982.01,7.223,"But you continue to provoke this lie about somehow there's all this misrepresentation, all this stealing.",whisper_canonical
1036,1036_w2326,2325,UNKNOWN,8,8982.29,8984.111,1.821,There is no evidence of that at all.,whisper_canonical
1036,1036_w2327,2326,UNKNOWN,16,8984.752,8988.313,3.561,"And I tell you what, I doubt whether you'll accept it, because you're such a whiner.",whisper_canonical
1036,1036_w2328,2327,UNKNOWN,16,8988.894,8992.795,3.901,"The idea, if you lose again, you accept it in anything, you can't stand the loss.",whisper_canonical
1036,1036_w2329,2328,UNKNOWN,10,8992.855,8994.856,2.001,Something snapped in you and you lost the last time.,whisper_canonical
1036,1036_w2330,2329,UNKNOWN,14,8996.417,9002.22,5.803,We'll be right back with more from the CNN presidential debate live from Georgia.,whisper_canonical
1036,1036_w2331,2330,UNKNOWN,20,9010.821,9017.464,6.643,"C-SPAN NOW is a free mobile app featuring your unfiltered view of what's happening in Washington, live and on demand.",whisper_canonical
1036,1036_w2332,2331,UNKNOWN,36,9017.964,9029.489,11.525,"Keep up with the day's biggest events with live streams of floor proceedings and hearings from the US Congress, White House events, the courts, campaigns, and more from the world of politics, all at your fingertips.",whisper_canonical
1036,1036_w2333,2332,UNKNOWN,29,9030.109,9040.213,10.104,"You can also stay current with the latest episodes of Washington Journal and find scheduling information for C-SPAN's TV networks and C-SPAN radio, plus a variety of compelling podcasts.",whisper_canonical
1036,1036_w2334,2333,UNKNOWN,11,9040.733,9043.815,3.082,Seaspan Now is available at the Apple Store and Google Play.,whisper_canonical
1036,1036_w2335,2334,UNKNOWN,17,9044.195,9050.46,6.265,"Scan the QR code to download it for free today, or visit our website, seaspan.org slash seaspannow.",whisper_canonical
1036,1036_w2336,2335,UNKNOWN,10,9051.1,9055.563,4.463,"Seaspan Now, your front row seat to Washington, anytime, anywhere.",whisper_canonical
1036,1036_w2337,2336,UNKNOWN,13,9059.706,9063.989,4.283,We'll welcome them into a great national crusade to make America great again.,whisper_canonical
1036,1036_w2338,2337,UNKNOWN,4,9064.389,9065.23,0.841,Is it our dream?,whisper_canonical
1036,1036_w2339,2338,UNKNOWN,8,9066.407,9069.528,3.121,has been earned for progress and for peace.,whisper_canonical
1036,1036_w2340,2339,UNKNOWN,15,9069.788,9076.851,7.063,"Taxes will go up, and anyone who says they won't is not telling the truth.",whisper_canonical
1036,1036_w2341,2340,UNKNOWN,17,9076.931,9081.313,4.382,"With our beloved nation at peace, we're in the midst of a springtime of hope for America.",whisper_canonical
1036,1036_w2342,2341,UNKNOWN,11,9081.773,9085.414,3.641,Because we are the party that believes in the American dream.,whisper_canonical
1036,1036_w2343,2342,UNKNOWN,6,9086.935,9092.097,5.162,"Read my lips, no new taxes.",whisper_canonical
1036,1036_w2344,2343,UNKNOWN,3,9092.977,9093.898,0.921,I still believe,whisper_canonical
1036,1036_w2345,2344,UNKNOWN,5,9094.906,9097.228,2.322,in a place called hope.,whisper_canonical
1036,1036_w2346,2345,UNKNOWN,7,9097.908,9100.15,2.242,Here's the question for the American people.,whisper_canonical
1036,1036_w2347,2346,UNKNOWN,7,9101.11,9103.031,1.921,Who do you trust in this election?,whisper_canonical
1036,1036_w2348,2347,UNKNOWN,19,9103.292,9108.055,4.763,The real choice is whether we will build a bridge to the future or a bridge to the past.,whisper_canonical
1036,1036_w2349,2348,UNKNOWN,4,9108.395,9109.676,1.281,I have unlimited confidence,whisper_canonical
1036,1036_w2350,2349,UNKNOWN,12,9111.077,9113.298,2.221,in the wisdom of our people and the future of our country.,whisper_canonical
1036,1036_w2351,2350,UNKNOWN,8,9113.598,9115.38,1.782,I stand here tonight as my own man.,whisper_canonical
1036,1036_w2352,2351,UNKNOWN,4,9116.537,9117.538,1.001,They had their chance.,whisper_canonical
1036,1036_w2353,2352,UNKNOWN,4,9117.998,9119.059,1.061,They have not led.,whisper_canonical
1036,1036_w2354,2353,UNKNOWN,2,9119.5,9120.02,0.52,We will.,whisper_canonical
1036,1036_w2355,2354,UNKNOWN,5,9120.661,9122.983,2.322,I'm John Kerry and I'm,whisper_canonical
1036,1036_w2356,2355,UNKNOWN,3,9124.084,9125.686,1.602,reporting for duty.,whisper_canonical
1036,1036_w2357,2356,UNKNOWN,14,9125.986,9129.63,3.644,These four years of broad moments I could not foresee and will not forget.,whisper_canonical
1036,1036_w2358,2357,UNKNOWN,7,9129.95,9133.093,3.143,It's time for us to change America.,whisper_canonical
1036,1036_w2359,2358,UNKNOWN,6,9133.493,9136.036,2.543,I wasn't my own man anymore.,whisper_canonical
1036,1036_w2360,2359,UNKNOWN,4,9136.917,9137.938,1.021,I was my country's.,whisper_canonical
1036,1036_w2361,2360,UNKNOWN,4,9138.325,9139.265,0.94,We have been there.,whisper_canonical
1036,1036_w2362,2361,UNKNOWN,8,9139.525,9141.606,2.081,We've tried that and we're not going back.,whisper_canonical
1036,1036_w2363,2362,UNKNOWN,5,9141.886,9143.427,1.541,"We are moving forward, America.",whisper_canonical
1036,1036_w2364,2363,UNKNOWN,11,9143.927,9147.708,3.781,"Under my administration, our friends will see more loyalty and Mr.",whisper_canonical
1036,1036_w2365,2364,UNKNOWN,10,9147.748,9151.229,3.481,Putin will see a little less flexibility and more backbone.,whisper_canonical
1036,1036_w2366,2365,UNKNOWN,7,9151.669,9153.69,2.021,He wants to make America great again.,whisper_canonical
1036,1036_w2367,2366,UNKNOWN,11,9154.31,9158.832,4.522,"Well, he could start by actually making things in America again.",whisper_canonical
1036,1036_w2368,2367,UNKNOWN,6,9159.092,9162.373,3.281,We will make America safe again.,whisper_canonical
1036,1036_w2369,2368,UNKNOWN,7,9164.896,9168.138,3.242,And we will make America great again.,whisper_canonical
1036,1036_w2370,2369,UNKNOWN,18,9168.498,9173.82,5.322,"If you entrust me with the presidency, I will draw on the best of us, not the worst.",whisper_canonical
1036,1036_w2371,2370,UNKNOWN,9,9174.281,9178.102,3.821,This towering American spirit has prevailed over every challenge.,whisper_canonical
1036,1036_w2372,2371,UNKNOWN,21,9178.763,9188.407,9.644,Watch C-SPAN's campaign live coverage of the Republican National Convention starting July 15th and the Democratic National Convention beginning August 19th.,whisper_canonical
1036,1036_w2373,2372,UNKNOWN,10,9189.168,9193.57,4.402,"C-SPAN, your unfiltered view of the conventions powered by cable.",whisper_canonical
1036,1036_w2374,2373,UNKNOWN,39,9201.002,9211.751,10.749,"Once again, waiting for the CNN presidential debate between President Biden and former President Trump to resume, a reminder that we will get your reaction to what you've seen and heard tonight as soon as the debate is over.",whisper_canonical
1036,1036_w2375,2374,UNKNOWN,10,9212.291,9215.634,3.343,Our live simulcast continues from Atlanta in just a moment.,whisper_canonical
1036,1036_w2376,2375,UNKNOWN,18,9222.194,9227.679,5.485,It is now time for the candidates to deliver their closing statements as predetermined by a coin toss.,whisper_canonical
1036,1036_w2377,2376,UNKNOWN,8,9227.699,9229.98,2.281,"We're going to begin with you, President Biden.",whisper_canonical
1036,1036_w2378,2377,UNKNOWN,4,9230.0,9230.801,0.801,You have two minutes.,whisper_canonical
1036,1036_w2379,2378,UNKNOWN,17,9234.164,9241.61,7.446,We've made significant progress from the debacle that was left by President Trump in his last term.,whisper_canonical
1036,1036_w2380,2379,UNKNOWN,20,9243.052,9248.6,5.548,"find ourselves in a situation where, number one, we have to make sure that we have a fairer tax system.",whisper_canonical
1036,1036_w2381,2380,UNKNOWN,22,9249.22,9254.868,5.648,"I ask anyone out there in the audience or anyone out watching this debate, do you think the tax system is fair?",whisper_canonical
1036,1036_w2382,2381,UNKNOWN,14,9255.589,9259.234,3.645,The fact is that I said nobody even making under had a single penny,whisper_canonical
1036,1036_w2383,2382,UNKNOWN,17,9261.176,9265.343,4.167,increase in their taxes and will not and if I'm reelected that will be the case again.,whisper_canonical
1036,1036_w2384,2383,UNKNOWN,11,9265.763,9269.889,4.126,But this guy has increased your taxes because of the deficit.,whisper_canonical
1036,1036_w2385,2384,UNKNOWN,18,9270.35,9276.279,5.929,"Number one, he's increased inflation because of the debacle he left after the way he handled the pandemic.",whisper_canonical
1036,1036_w2386,2385,UNKNOWN,30,9276.859,9284.104,7.245,And he finds himself in a position where he now wants to tax you more by putting a percent tariff on everything that comes into the United States of America.,whisper_canonical
1036,1036_w2387,2386,UNKNOWN,33,9284.724,9298.773,14.049,"What I did was, for example, he wants to get rid of the ability of Medicare for the ability for us to be able to negotiate drug prices with the big pharma companies.",whisper_canonical
1036,1036_w2388,2387,UNKNOWN,3,9299.313,9299.994,0.681,"Well, guess what?",whisper_canonical
1036,1036_w2389,2388,UNKNOWN,22,9301.915,9313.742,11.827,"We got it down to for insulin instead of no more than for every senior, no matter how much prescription they need.",whisper_canonical
1036,1036_w2390,2389,UNKNOWN,5,9314.082,9314.843,0.761,You know what that did?,whisper_canonical
1036,1036_w2391,2390,UNKNOWN,6,9315.343,9318.465,3.122,That reduced the federal debt by,whisper_canonical
1036,1036_w2392,2391,UNKNOWN,13,9319.805,9323.948,4.143,billion over years because the government doesn't have to pay the exorbitant prices.,whisper_canonical
1036,1036_w2393,2392,UNKNOWN,9,9324.448,9326.81,2.362,I'm going to make that available to every senior.,whisper_canonical
1036,1036_w2394,2393,UNKNOWN,10,9327.85,9331.571,3.721,all the longer it's happening now and everybody in America.,whisper_canonical
1036,1036_w2395,2394,UNKNOWN,7,9331.871,9332.871,1.0,He wants to get rid of that.,whisper_canonical
1036,1036_w2396,2395,UNKNOWN,9,9333.471,9335.592,2.121,I'm going to make sure that we have childcare.,whisper_canonical
1036,1036_w2397,2396,UNKNOWN,11,9335.952,9339.272,3.32,We're going to significantly increase the credit people have for childcare.,whisper_canonical
1036,1036_w2398,2397,UNKNOWN,29,9339.592,9348.214,8.622,I'm going to make sure we do something about what we're doing on lead pipes and all the things that are causing health problems for people across the country.,whisper_canonical
1036,1036_w2399,2398,UNKNOWN,15,9348.714,9352.435,3.721,We're going to continue to fight to bring down inflation and give people a break.,whisper_canonical
1036,1036_w2400,2399,UNKNOWN,4,9352.975,9353.835,0.86,"Thank you, President Biden.",whisper_canonical
1036,1036_w2401,2400,UNKNOWN,11,9353.875,9356.316,2.441,"President Trump, you now have two minutes for your closing statement.",whisper_canonical
1036,1036_w2402,2401,UNKNOWN,10,9357.282,9360.084,2.802,"Like so many politicians, this man is just a complainer.",whisper_canonical
1036,1036_w2403,2402,UNKNOWN,7,9360.484,9361.725,1.241,"He said, we want to do this.",whisper_canonical
1036,1036_w2404,2403,UNKNOWN,5,9361.785,9362.566,0.781,We want to do that.,whisper_canonical
1036,1036_w2405,2404,UNKNOWN,10,9362.626,9364.347,1.721,"We want to get rid of this tax, that tax.",whisper_canonical
1036,1036_w2406,2405,UNKNOWN,5,9365.207,9366.228,1.021,But he doesn't do anything.,whisper_canonical
1036,1036_w2407,2406,UNKNOWN,21,9366.768,9372.332,5.564,He doesn't do all he does is make our country unsafe by allowing millions and millions of people to pour in.,whisper_canonical
1036,1036_w2408,2407,UNKNOWN,5,9372.893,9374.434,1.541,Our military doesn't respect him.,whisper_canonical
1036,1036_w2409,2408,UNKNOWN,6,9374.474,9376.335,1.861,We look like fools in Afghanistan.,whisper_canonical
1036,1036_w2410,2409,UNKNOWN,3,9377.015,9377.656,0.641,We didn't stop.,whisper_canonical
1036,1036_w2411,2410,UNKNOWN,12,9378.236,9380.919,2.683,"Israel, it was such a horrible thing that would have never happened.",whisper_canonical
1036,1036_w2412,2411,UNKNOWN,5,9380.959,9381.92,0.961,It should have never happened.,whisper_canonical
1036,1036_w2413,2412,UNKNOWN,3,9382.0,9383.001,1.001,Iran was broke.,whisper_canonical
1036,1036_w2414,2413,UNKNOWN,16,9383.462,9388.227,4.765,"Anybody that did business with Iran, including China, they couldn't do business with the United States.",whisper_canonical
1036,1036_w2415,2414,UNKNOWN,3,9388.247,9389.008,0.761,They all passed.,whisper_canonical
1036,1036_w2416,2415,UNKNOWN,3,9389.208,9390.009,0.801,Iran was broke.,whisper_canonical
1036,1036_w2417,2416,UNKNOWN,12,9390.229,9394.114,3.885,"They had no money for Hamas or Hezbollah, Faterra, no money whatsoever.",whisper_canonical
1036,1036_w2418,2417,UNKNOWN,6,9394.694,9396.816,2.122,"Again, Ukraine should have never happened.",whisper_canonical
1036,1036_w2419,2418,UNKNOWN,17,9397.357,9400.08,2.723,"He talks about all the stuff, but he didn't do it for three and a half years.",whisper_canonical
1036,1036_w2420,2419,UNKNOWN,4,9400.12,9401.041,0.921,We're living in hell.,whisper_canonical
1036,1036_w2421,2420,UNKNOWN,14,9401.501,9405.745,4.244,We have the Palestinians and we have everybody else riding all over the place.,whisper_canonical
1036,1036_w2422,2421,UNKNOWN,4,9406.086,9407.407,1.321,You talk about Charlottesville.,whisper_canonical
1036,1036_w2423,2422,UNKNOWN,9,9407.827,9410.33,2.503,"This is a hundred times Charlottesville, a thousand times.",whisper_canonical
1036,1036_w2424,2423,UNKNOWN,28,9410.67,9418.478,7.808,The whole country is exploding because of you because they don't respect you and they have to respect their president and they don't respect you throughout the world.,whisper_canonical
1036,1036_w2425,2424,UNKNOWN,5,9419.665,9421.026,1.361,What we did was incredible.,whisper_canonical
1036,1036_w2426,2425,UNKNOWN,4,9421.066,9422.807,1.741,We rebuilt the military.,whisper_canonical
1036,1036_w2427,2426,UNKNOWN,14,9422.907,9426.648,3.741,"We got the largest tax cut in history, the largest regulation cut in history.",whisper_canonical
1036,1036_w2428,2427,UNKNOWN,24,9426.969,9433.272,6.303,"The reason he's got jobs is because I cut the regulations and gave jobs, but he's putting a lot of those regulations back on.",whisper_canonical
1036,1036_w2429,2428,UNKNOWN,113,9433.892,9467.44,33.548,"All of the things that we've done, nobody's ever never seen anything like even from a medical standpoint right to try well we can try space age materials instead of going to Asia or going to Europe and trying to get when you're terminally ill now you can go and you can get something you sign a document they've been trying to get it for years but you know what we did for the military was incredible choice for our soldiers where our soldiers Instead of waiting for three months to see a doctor, can go out and get themselves fixed up and readied up and take care of themselves and their living.",whisper_canonical
1036,1036_w2430,2429,UNKNOWN,15,9467.46,9470.863,3.403,And that's why I had the highest approval rating in the history of the VA.,whisper_canonical
1036,1036_w2431,2430,UNKNOWN,18,9471.324,9475.387,4.063,"So all of these things, we're in a failing nation, but it's not going to be failing anymore.",whisper_canonical
1036,1036_w2432,2431,UNKNOWN,7,9475.407,9476.528,1.121,We're going to make it great again.,whisper_canonical
1036,1036_w2433,2432,UNKNOWN,7,9477.52,9480.623,3.103,"Thank you, former President Trump, President Biden.",whisper_canonical
1036,1036_w2434,2433,UNKNOWN,11,9481.384,9485.008,3.624,Stay with us because we have full analysis of this debate.,whisper_canonical
1036,1036_w2435,2434,UNKNOWN,9,9485.409,9488.773,3.364,Anderson Cooper and Aaron Burnett starts now on CNN.,whisper_canonical
1036,1036_w2436,2435,UNKNOWN,4,9514.475,9515.235,0.76,And that's a wrap.,whisper_canonical
1036,1036_w2437,2436,UNKNOWN,12,9515.315,9520.198,4.883,The first presidential debate of the election cycle is in the books.,whisper_canonical
1036,1036_w2438,2437,UNKNOWN,26,9520.278,9533.103,12.825,"President Biden and former President Trump addressing several issues tonight with moderators Jake Tapper and Dana Bash, the economy, immigration, foreign policy, and abortion, among others.",whisper_canonical
1036,1036_w2439,2438,UNKNOWN,9,9533.564,9537.345,3.781,C-SPAN's coverage continues tonight of the first presidential debate.,whisper_canonical
1036,1036_w2440,2439,UNKNOWN,15,9537.785,9542.167,4.382,"A look now inside the spin room, live coverage, where Sarah gets for the candidates.",whisper_canonical
1036,1036_w2441,2440,UNKNOWN,12,9542.927,9548.149,5.222,We'll start talking to reporters to give their analysis of the evening.,whisper_canonical
1036,1036_w2442,2441,UNKNOWN,23,9548.229,9554.252,6.023,"C-SPAN's cameras are of course there on the ground, and we'll be bringing you highlights from there for the next hour or so.",whisper_canonical
1036,1036_w2443,2442,UNKNOWN,22,9555.212,9562.715,7.503,We will also take your calls until midnight tonight and at that point then we will re-air tonight's debate in its entirety.,whisper_canonical
1036,1036_w2444,2443,UNKNOWN,8,9563.155,9565.216,2.061,We want to hear from you first though.,whisper_canonical
1036,1036_w2445,2444,UNKNOWN,6,9565.336,9567.716,2.38,What's your reaction to tonight's debate?,whisper_canonical
1036,1036_w2446,2445,UNKNOWN,9,9567.956,9571.258,3.302,What did the candidates say that resonated with you?,whisper_canonical
1036,1036_w2447,2446,UNKNOWN,10,9571.778,9574.299,2.521,What did you want to hear that you didn't hear?,whisper_canonical
1036,1036_w2448,2447,UNKNOWN,6,9574.919,9576.319,1.4,We've divided the lines this way.,whisper_canonical
1036,1036_w2449,2448,UNKNOWN,6,9576.339,9580.181,3.842,"If you're supporting President Biden, call",whisper_canonical
1036,1036_w2450,2449,UNKNOWN,3,9581.622,9582.543,0.921,in at 202-748-8920.,whisper_canonical
1036,1036_w2451,2450,UNKNOWN,11,9582.723,9588.746,6.023,"If you support the former president, your line tonight is 202-748-8921.",whisper_canonical
1036,1036_w2452,2451,UNKNOWN,5,9589.406,9591.708,2.302,"If you're undecided, still undecided.",whisper_canonical
1036,1036_w2453,2452,UNKNOWN,7,9592.088,9593.809,1.721,"After tonight's debate, call in at 202-748-8922.",whisper_canonical
1036,1036_w2454,2453,UNKNOWN,16,9597.611,9605.915,8.304,"And if you've decided to support a third party candidate, you can call us at 202-748-8923.",whisper_canonical
1036,1036_w2455,2454,UNKNOWN,32,9606.375,9616.92,10.545,"Remember, you can join the conversation on X with the handle at C-SPAN, also on facebook.com slash c-SPAN, or you can text us with your first name, city, and state to 202-748-8903.",whisper_canonical
1036,1036_w2456,2455,UNKNOWN,11,9621.662,9626.123,4.461,"Calls are in Angie in Canton, Ohio, supporting the former president.",whisper_canonical
1036,1036_w2457,2456,UNKNOWN,4,9626.664,9628.324,1.66,"Angie, you're up first.",whisper_canonical
1036,1036_w2458,2457,UNKNOWN,7,9628.784,9630.765,1.981,What is your reaction to tonight's debate?,whisper_canonical
1036,1036_w2459,2458,UNKNOWN,2,9634.066,9634.446,0.38,Angie? Yes.,whisper_canonical
1036,1036_w2460,2459,UNKNOWN,2,9636.407,9636.887,0.48,You're up.,whisper_canonical
1036,1036_w2461,2460,UNKNOWN,2,9637.467,9638.027,0.56,Good evening.,whisper_canonical
1036,1036_w2462,2461,UNKNOWN,8,9638.047,9640.988,2.941,I didn't know I had anything to say.,whisper_canonical
1036,1036_w2463,2462,UNKNOWN,2,9641.028,9641.768,0.74,I'm sorry.,whisper_canonical
1036,1036_w2464,2463,UNKNOWN,5,9642.329,9644.909,2.58,"Peter, in New York, undecided.",whisper_canonical
1036,1036_w2465,2464,UNKNOWN,6,9645.19,9647.77,2.58,"Peter, your reaction to tonight's debate.",whisper_canonical
1036,1036_w2466,2465,UNKNOWN,9,9649.331,9654.452,5.121,"Well, I thought that the format for tonight's debate",whisper_canonical
1036,1036_w2467,2466,UNKNOWN,2,9655.572,9656.432,0.86,was excellent.,whisper_canonical
1036,1036_w2468,2467,UNKNOWN,4,9656.612,9658.133,1.521,I thought the moderators,whisper_canonical
1036,1036_w2469,2468,UNKNOWN,4,9659.153,9660.493,1.34,did a great job.,whisper_canonical
1036,1036_w2470,2469,UNKNOWN,11,9668.215,9672.316,4.101,You said that the performance tonight was excellent by the candidates.,whisper_canonical
1036,1036_w2471,2470,UNKNOWN,6,9672.376,9674.216,1.84,I thought the moderators did well.,whisper_canonical
1036,1036_w2472,2471,UNKNOWN,6,9675.097,9676.617,1.52,I thought they did real well.,whisper_canonical
1036,1036_w2473,2472,UNKNOWN,6,9679.268,9680.929,1.661,"Did you like the format, Peter?",whisper_canonical
1036,1036_w2474,2473,UNKNOWN,3,9681.689,9683.23,1.541,"Oh, yes, absolutely.",whisper_canonical
1036,1036_w2475,2474,UNKNOWN,4,9683.49,9685.43,1.94,Absolutely. A great format.,whisper_canonical
1036,1036_w2476,2475,UNKNOWN,7,9686.391,9690.132,3.741,Jake Taffer and Dana Bash were tremendous.,whisper_canonical
1036,1036_w2477,2476,UNKNOWN,3,9691.753,9693.593,1.84,"Now, the candidates,",whisper_canonical
1036,1036_w2478,2477,UNKNOWN,8,9694.634,9697.575,2.941,"holy mackerel, they're not exactly Lincoln and Douglas.",whisper_canonical
1036,1036_w2479,2478,UNKNOWN,3,9700.996,9702.036,1.04,I was undecided.,whisper_canonical
1036,1036_w2480,2479,UNKNOWN,5,9705.077,9706.338,1.261,Now I'm even more so.,whisper_canonical
1036,1036_w2481,2480,UNKNOWN,2,9707.353,9708.614,1.261,because actually,whisper_canonical
1036,1036_w2482,2481,UNKNOWN,4,9710.455,9711.415,0.96,"all they did was,",whisper_canonical
1036,1036_w2483,2482,UNKNOWN,7,9714.137,9716.539,2.402,all they did was attack each other.,whisper_canonical
1036,1036_w2484,2483,UNKNOWN,8,9718.7,9724.743,6.043,"And I don't, they didn't seem very presidential.",whisper_canonical
1036,1036_w2485,2484,UNKNOWN,4,9725.484,9726.925,1.441,Neither one of them.,whisper_canonical
1036,1036_w2486,2485,UNKNOWN,6,9727.105,9728.486,1.381,The two guys on the corner.,whisper_canonical
1036,1036_w2487,2486,UNKNOWN,2,9731.448,9733.338,1.89,Peter? Yeah.,whisper_canonical
1036,1036_w2488,2487,UNKNOWN,13,9733.738,9737.58,3.842,What do you want to hear from these candidates in order to decide?,whisper_canonical
1036,1036_w2489,2488,UNKNOWN,22,9737.78,9744.502,6.722,"Well, I would like them to talk about the issues, more about their own ideas rather than attack the other one ideas.",whisper_canonical
1036,1036_w2490,2489,UNKNOWN,2,9745.983,9746.243,0.26,And I'd,whisper_canonical
1036,1036_w2491,2490,UNKNOWN,9,9747.764,9749.924,2.16,like them to show a little bit more decorum.,whisper_canonical
1036,1036_w2492,2491,UNKNOWN,9,9750.925,9753.006,2.081,"Right now, I feel like hiding under a bed.",whisper_canonical
1036,1036_w2493,2492,UNKNOWN,2,9754.106,9754.426,0.32,All right.,whisper_canonical
1036,1036_w2494,2493,UNKNOWN,5,9754.866,9756.527,1.661,"Peter, undecided in New York.",whisper_canonical
1036,1036_w2495,2494,UNKNOWN,9,9756.587,9760.088,3.501,"Karen, in Greer, South Carolina, supporting the former president.",whisper_canonical
1036,1036_w2496,2495,UNKNOWN,6,9760.188,9761.909,1.721,"Karen, how did your candidate do?",whisper_canonical
1036,1036_w2497,2496,UNKNOWN,7,9764.67,9767.611,2.941,"Actually, I think he did quite well.",whisper_canonical
1036,1036_w2498,2497,UNKNOWN,3,9768.211,9768.891,0.68,He kept his,whisper_canonical
1036,1036_w2499,2498,UNKNOWN,5,9770.131,9773.252,3.121,"demeanor, cool, calm, and collected.",whisper_canonical
1036,1036_w2500,2499,UNKNOWN,5,9775.613,9777.433,1.82,"To me, he is the",whisper_canonical
1036,1036_w2501,2500,UNKNOWN,2,9779.894,9780.594,0.7,only one,whisper_canonical
1036,1036_w2502,2501,UNKNOWN,4,9781.694,9783.655,1.961,that can put America,whisper_canonical
1036,1036_w2503,2502,UNKNOWN,4,9784.815,9786.055,1.24,to be great again.,whisper_canonical
1036,1036_w2504,2503,UNKNOWN,10,9786.075,9796.059,9.984,"He has the relationship with other presidents throughout different countries,",whisper_canonical
1036,1036_w2505,2504,UNKNOWN,4,9797.9,9799.721,1.821,where Biden does not.,whisper_canonical
1036,1036_w2506,2505,UNKNOWN,4,9801.222,9802.423,1.201,And he was right.,whisper_canonical
1036,1036_w2507,2506,UNKNOWN,14,9802.763,9808.186,5.423,"All Biden does is keep printing off money and more money and more money,",whisper_canonical
1036,1036_w2508,2507,UNKNOWN,6,9810.067,9813.069,3.002,letting in people from the border.,whisper_canonical
1036,1036_w2509,2508,UNKNOWN,5,9814.81,9816.491,1.681,Give the Americans the job.,whisper_canonical
1036,1036_w2510,2509,UNKNOWN,3,9816.931,9817.491,0.56,We need it.,whisper_canonical
1036,1036_w2511,2510,UNKNOWN,4,9819.132,9820.293,1.161,Our children need it.,whisper_canonical
1036,1036_w2512,2511,UNKNOWN,4,9820.493,9821.974,1.481,Our grandchildren need it.,whisper_canonical
1036,1036_w2513,2512,UNKNOWN,4,9824.001,9825.902,1.901,So that's my opinion.,whisper_canonical
1036,1036_w2514,2513,UNKNOWN,11,9826.663,9832.026,5.363,"Karen, what did you like about President Trump's first four years?",whisper_canonical
1036,1036_w2515,2514,UNKNOWN,7,9832.926,9834.267,1.341,What did you like about his record?,whisper_canonical
1036,1036_w2516,2515,UNKNOWN,4,9836.929,9837.889,0.96,He kept his word.,whisper_canonical
1036,1036_w2517,2516,UNKNOWN,4,9839.33,9840.311,0.981,There was no war.,whisper_canonical
1036,1036_w2518,2517,UNKNOWN,8,9843.573,9847.615,4.042,More products were being made in the USA.,whisper_canonical
1036,1036_w2519,2518,UNKNOWN,3,9848.316,9849.316,1.0,Gas was being,whisper_canonical
1036,1036_w2520,2519,UNKNOWN,4,9852.312,9854.373,2.061,utilized from the USA.,whisper_canonical
1036,1036_w2521,2520,UNKNOWN,12,9854.393,9863.336,8.943,It just it it was just his way of handling the USA.,whisper_canonical
1036,1036_w2522,2521,UNKNOWN,16,9863.897,9868.639,4.742,"OK, Karen in South Carolina will go to a Biden supporter Janice in Cairo, New York.",whisper_canonical
1036,1036_w2523,2522,UNKNOWN,7,9868.679,9870.919,2.24,"Janice, how did your candidate do tonight?",whisper_canonical
1036,1036_w2524,2523,UNKNOWN,4,9872.4,9874.401,2.001,"Hi, he did wonderful.",whisper_canonical
1036,1036_w2525,2524,UNKNOWN,4,9875.001,9876.302,1.301,"You know, Joe is.",whisper_canonical
1036,1036_w2526,2525,UNKNOWN,4,9877.504,9879.184,1.68,"He's getting older, but",whisper_canonical
1036,1036_w2527,2526,UNKNOWN,26,9880.765,9889.707,8.942,"with the behavior that we get out of Trump and the way that he treats women and the rights that he has taken away from us,",whisper_canonical
1036,1036_w2528,2527,UNKNOWN,4,9891.107,9892.128,1.021,it says a lot.,whisper_canonical
1036,1036_w2529,2528,UNKNOWN,14,9892.628,9897.309,4.681,"It says a lot, and I wish more people would pay attention to that",whisper_canonical
1036,1036_w2530,2529,UNKNOWN,5,9899.049,9900.31,1.261,instead of some of these,whisper_canonical
1036,1036_w2531,2530,UNKNOWN,17,9902.145,9910.266,8.121,"Trump supporters that I see are just loud mouth, bright clothes, diaper wearing, you know, Trump supporters.",whisper_canonical
1036,1036_w2532,2531,UNKNOWN,7,9910.727,9914.947,4.22,"Janice, you said he is getting older.",whisper_canonical
1036,1036_w2533,2532,UNKNOWN,6,9915.487,9917.088,1.601,Did he show his age tonight?,whisper_canonical
1036,1036_w2534,2533,UNKNOWN,3,9917.988,9918.608,0.62,You know what?,whisper_canonical
1036,1036_w2535,2534,UNKNOWN,15,9919.188,9923.449,4.261,"He did a little bit and he looks a little tired, but it's awful late.",whisper_canonical
1036,1036_w2536,2535,UNKNOWN,11,9925.009,9929.29,4.281,"You know, he's not the only one who gets tired early.",whisper_canonical
1036,1036_w2537,2536,UNKNOWN,13,9930.28,9935.104,4.824,"Kelly O'Donnell, who reports for NBC at the White House, tweeting out at",whisper_canonical
1036,1036_w2538,2537,UNKNOWN,13,9936.345,9942.129,5.784,p.m. Two sources familiar with the situation say President Biden has a cold.,whisper_canonical
1036,1036_w2539,2538,UNKNOWN,20,9942.569,9950.335,7.766,Then she also tweets out at Multiple sources say the president was given COVID tests and is negative for COVID.,whisper_canonical
1036,1036_w2540,2539,UNKNOWN,24,9950.815,9959.262,8.447,"Let's go inside the spin room in Atlanta, Lisa Fonick, leader of the Republicans in the House, one of the leaders, talking to reporters.",whisper_canonical
1036,1036_w2541,2540,UNKNOWN,7,9960.012,9964.553,4.541,I think it was a weak performance.,whisper_canonical
1036,1036_w2542,2541,UNKNOWN,11,9964.713,9970.595,5.882,You don't get points for standing up and talking for minutes.,whisper_canonical
1036,1036_w2543,2542,UNKNOWN,7,9970.635,9972.495,1.86,What you have to do is defend,whisper_canonical
1036,1036_w2544,2543,UNKNOWN,8,9987.379,9989.441,2.062,"his record, which he absolutely failed to do.",whisper_canonical
1036,1036_w2545,2544,UNKNOWN,10,9989.961,9993.364,3.403,"The fact that we had a conversation about illegal immigration,",whisper_canonical
1036,1036_w2546,2545,UNKNOWN,9,9994.565,9996.807,2.242,million illegal immigrants who have come across the border.,whisper_canonical
1036,1036_w2547,2546,UNKNOWN,11,9997.087,9999.97,2.883,"We talked about fentanyl deaths, which are coming along with them.",whisper_canonical
1036,1036_w2548,2547,UNKNOWN,12,10000.27,10004.113,3.843,We talked about the strength on the American position around the world.,whisper_canonical
1036,1036_w2549,2548,UNKNOWN,28,10004.974,10013.401,8.427,"On every single one of those, President Trump was able to clearly articulate where an America needs to go, and President Biden was not able to do that.",whisper_canonical
1036,1036_w2550,2549,UNKNOWN,25,10013.721,10019.483,5.762,"But there was obviously a lot more restraint than he was four years ago in these debates, because not nearly a few could be realistic.",whisper_canonical
1036,1036_w2551,2550,UNKNOWN,6,10019.743,10021.623,1.88,Was that a clear strategic decision?,whisper_canonical
1036,1036_w2552,2551,UNKNOWN,28,10022.023,10029.365,7.342,"Look, what we wanted to do, what the president wanted to do, was be able to come out and talk about the issues that are affecting American people.",whisper_canonical
1036,1036_w2553,2552,UNKNOWN,27,10029.685,10036.607,6.922,"He was able to clearly articulate those issues, and he was able to clearly talk about the solutions that he's going to be putting on the table.",whisper_canonical
1036,1036_w2554,2553,UNKNOWN,5,10036.767,10038.207,1.44,Was temperament part of that?,whisper_canonical
1036,1036_w2555,2554,UNKNOWN,28,10038.388,10044.93,6.542,"Absolutely. Look, this was an opportunity for us to have the two men on the stage at the same time and talk about their vision for the world.",whisper_canonical
1036,1036_w2556,2555,UNKNOWN,34,10045.25,10052.392,7.142,"We wanted to make sure, he wanted to make sure that he was going to be able to get those points out in an articulate way and he did a fantastic job with it.",whisper_canonical
1036,1036_w2557,2556,UNKNOWN,3,10052.612,10053.132,0.52,"Thank you, Chairman.",whisper_canonical
1036,1036_w2558,2557,UNKNOWN,9,10053.152,10055.873,2.721,Do you think Biden's going to be the nominee?,whisper_canonical
1036,1036_w2559,2558,UNKNOWN,3,10055.913,10056.433,0.52,We will see.,whisper_canonical
1036,1036_w2560,2559,UNKNOWN,22,10056.574,10060.735,4.161,"I mean, certainly if they're going to try and remove him from the ticket, they're running out of time every single day.",whisper_canonical
1036,1036_w2561,2560,UNKNOWN,13,10061.48,10065.063,3.583,How does this translate into the upcoming convention in the next few weeks?,whisper_canonical
1036,1036_w2562,2561,UNKNOWN,9,10065.143,10067.605,2.462,What's sort of the plan to use this debate?,whisper_canonical
1036,1036_w2563,2562,UNKNOWN,8,10068.236,10069.656,1.42,"Well, I think it's a great launching point.",whisper_canonical
1036,1036_w2564,2563,UNKNOWN,19,10069.756,10074.697,4.941,"I think that he was able to articulate his vision for the next four years, which is tremendously important.",whisper_canonical
1036,1036_w2565,2564,UNKNOWN,19,10074.997,10079.438,4.441,"And really, when you think about it, it's not just a plan for America for the next four years.",whisper_canonical
1036,1036_w2566,2565,UNKNOWN,19,10079.798,10083.439,3.641,We are going to set the direction that the world is going to go in for decades to come.,whisper_canonical
1036,1036_w2567,2566,UNKNOWN,35,10083.859,10094.941,11.082,"This is going to be a transformative election because we are seeing right now a presidency defined by weakness, and we are going to transition back to President Trump in a presidency defined by strength.",whisper_canonical
1036,1036_w2568,2567,UNKNOWN,7,10095.061,10096.781,1.72,"On abortion pills, the answer on that.",whisper_canonical
1036,1036_w2569,2568,UNKNOWN,17,10098.642,10103.527,4.885,"Michael Wattley, the chair of the Republican National Committee, talking to reporters live in the spin room.",whisper_canonical
1036,1036_w2570,2569,UNKNOWN,7,10103.567,10106.27,2.703,C-SPAN cameras are there on the ground.,whisper_canonical
1036,1036_w2571,2570,UNKNOWN,4,10106.67,10107.951,1.281,We have not seen,whisper_canonical
1036,1036_w2572,2571,UNKNOWN,6,10108.972,10111.275,2.303,Democrats yet in the spin room.,whisper_canonical
1036,1036_w2573,2572,UNKNOWN,9,10111.295,10114.578,3.283,We're expecting to see some from the Biden camp.,whisper_canonical
1036,1036_w2574,2573,UNKNOWN,13,10114.638,10117.781,3.143,"And when we do, we will bring you back inside the spin room.",whisper_canonical
1036,1036_w2575,2574,UNKNOWN,18,10118.482,10125.326,6.844,"We are also taking your phone calls, your texts, your social media reaction to tonight's first presidential debate.",whisper_canonical
1036,1036_w2576,2575,UNKNOWN,5,10125.806,10128.427,2.621,"Paul, in Miami, undecided Paul.",whisper_canonical
1036,1036_w2577,2576,UNKNOWN,6,10128.848,10129.808,0.96,What did you think of tonight?,whisper_canonical
1036,1036_w2578,2577,UNKNOWN,18,10131.529,10138.513,6.984,I like the format that you didn't have mowing and catcalling and people screaming and just delaying it.,whisper_canonical
1036,1036_w2579,2578,UNKNOWN,8,10139.313,10141.875,2.562,Neither of these people are cognitively killing it.,whisper_canonical
1036,1036_w2580,2579,UNKNOWN,4,10142.655,10143.636,0.981,And what a choice.,whisper_canonical
1036,1036_w2581,2580,UNKNOWN,5,10143.656,10145.537,1.881,"I mean, binary two parties.",whisper_canonical
1036,1036_w2582,2581,UNKNOWN,63,10146.822,10169.055,22.233,again I'm not trying to be sarcastic about it but you know Biden definitely he's a decent person looked you know looked aged and Trump is you know I don't know ideology is me doesn't really stand for anything just stands for winning um that's again I don't know that it moved anything so for you for you how will you decide then,whisper_canonical
1036,1036_w2583,2582,UNKNOWN,6,10171.008,10172.73,1.722,I'm going to decide this way.,whisper_canonical
1036,1036_w2584,2583,UNKNOWN,4,10172.91,10173.911,1.001,"And it's, you know,",whisper_canonical
1036,1036_w2585,2584,UNKNOWN,21,10175.292,10180.576,5.284,"the polls like, you know, I'm undecided, you know, up until the minute I go, you know, that's kind of ridiculous.",whisper_canonical
1036,1036_w2586,2585,UNKNOWN,26,10180.596,10190.725,10.129,"I mean, I kind of am leaning basically, um, either just third party or, you know, I'm a little scared of that Trump in a sense.",whisper_canonical
1036,1036_w2587,2586,UNKNOWN,6,10191.265,10192.767,1.502,I don't think he's a racist.,whisper_canonical
1036,1036_w2588,2587,UNKNOWN,6,10192.787,10194.208,1.421,I don't think he's a fascist.,whisper_canonical
1036,1036_w2589,2588,UNKNOWN,39,10194.248,10206.365,12.117,"I don't think he's the worst person in the world, but I do think he is in four years is not fearful of anything and would do anything that he wants to do with no threat of doing anything.",whisper_canonical
1036,1036_w2590,2589,UNKNOWN,11,10206.385,10210.07,3.685,"And that's concerning to me, but I still am still waiting.",whisper_canonical
1036,1036_w2591,2590,UNKNOWN,3,10210.39,10212.332,1.942,There we are.,whisper_canonical
1036,1036_w2592,2591,UNKNOWN,14,10212.572,10215.656,3.084,So what could the former president do to convince you to vote for him?,whisper_canonical
1036,1036_w2593,2592,UNKNOWN,3,10219.682,10220.484,0.802,Biden gets sick.,whisper_canonical
1036,1036_w2594,2593,UNKNOWN,14,10220.844,10223.91,3.066,"No, I mean, I'm not I'm not I know that's not a Biden supporter.",whisper_canonical
1036,1036_w2595,2594,UNKNOWN,20,10224.07,10231.323,7.253,I just I really just it's it's sad it's a so for you it's third party or the former president.,whisper_canonical
1036,1036_w2596,2595,UNKNOWN,18,10232.912,10238.376,5.464,"third party or leaning a little bit towards Biden, but I don't think Biden is really running things.",whisper_canonical
1036,1036_w2597,2596,UNKNOWN,13,10238.456,10243.34,4.884,"I think it's a really good staff that is running it, but yeah.",whisper_canonical
1036,1036_w2598,2597,UNKNOWN,6,10243.58,10244.861,1.281,Let me run this by you.,whisper_canonical
1036,1036_w2599,2598,UNKNOWN,33,10244.901,10260.292,15.391,"Casey Hunt, CNN reporter, tweets out, the voice, open mouthed look, and visual contrast between President Biden and former President Trump have all Democrats I'm talking to nearly beside themselves watching this debate.",whisper_canonical
1036,1036_w2600,2599,UNKNOWN,22,10260.753,10273.318,12.565,"And then another reporter, Uh, the, uh, a prominent Democrat is texting, uh, saying, uh, Gavin, please, referring to the California governor.",whisper_canonical
1036,1036_w2601,2600,UNKNOWN,2,10274.218,10279.2,4.982,Paul. Yeah.,whisper_canonical
1036,1036_w2602,2601,UNKNOWN,12,10279.48,10283.842,4.362,"Um, I, it's no, you know, it's, this is, this is difficult.",whisper_canonical
1036,1036_w2603,2602,UNKNOWN,6,10283.962,10285.343,1.381,It's what a choice we have.,whisper_canonical
1036,1036_w2604,2603,UNKNOWN,5,10285.723,10287.223,1.5,"It's not, it's not nice.",whisper_canonical
1036,1036_w2605,2604,UNKNOWN,8,10287.323,10291.185,3.862,"It's a, these aren't tremendously talented candidates and,",whisper_canonical
1036,1036_w2606,2605,UNKNOWN,52,10292.268,10307.593,15.325,"You know, I think at this point, most people have made their mind unless there was a, if you remember the old governor, Edward Edwards of Louisiana, he said they're going to keep voting for me unless they find I'm in bed with a dead woman or a, or a live child.",whisper_canonical
1036,1036_w2607,2606,UNKNOWN,26,10307.954,10314.756,6.802,"And I think it's come to, we have bad choices and it's just going to be last second, you know, people are going to make it.",whisper_canonical
1036,1036_w2608,2607,UNKNOWN,13,10315.056,10320.62,5.564,"Paul, should they hold a second debate between these two candidates in September?",whisper_canonical
1036,1036_w2609,2608,UNKNOWN,4,10320.72,10321.421,0.701,Of course they should.,whisper_canonical
1036,1036_w2610,2609,UNKNOWN,5,10321.841,10324.903,3.062,"Absolutely. Same rules, same format.",whisper_canonical
1036,1036_w2611,2610,UNKNOWN,3,10325.864,10326.464,0.6,I like it,whisper_canonical
1036,1036_w2612,2611,UNKNOWN,13,10327.625,10333.77,6.145,"and I get it where the hosts or rather the moderators, Dana and",whisper_canonical
1036,1036_w2613,2612,UNKNOWN,6,10335.381,10336.862,1.481,"Jack, they have a difficult time.",whisper_canonical
1036,1036_w2614,2613,UNKNOWN,6,10337.022,10338.144,1.122,You got to push these people.,whisper_canonical
1036,1036_w2615,2614,UNKNOWN,14,10338.524,10341.347,2.823,"I worked in media years and years ago, but you got to push people.",whisper_canonical
1036,1036_w2616,2615,UNKNOWN,5,10341.367,10341.908,0.541,You got to get them.,whisper_canonical
1036,1036_w2617,2616,UNKNOWN,6,10342.088,10344.09,2.002,Just cut them off and stop.,whisper_canonical
1036,1036_w2618,2617,UNKNOWN,10,10344.15,10346.472,2.322,"Yeah, but thank you for the opportunity to share that.",whisper_canonical
1036,1036_w2619,2618,UNKNOWN,5,10346.572,10348.054,1.482,"Alright, Paul, undecided in Florida.",whisper_canonical
1036,1036_w2620,2619,UNKNOWN,7,10348.094,10349.255,1.161,Let's go back into the spin room.,whisper_canonical
1036,1036_w2621,2620,UNKNOWN,7,10349.916,10351.678,1.762,Senator Tim Scott is talking to reporters.,whisper_canonical
1036,1036_w2622,2621,UNKNOWN,11,10353.099,10355.52,2.421,Talk about what that meant to have that elevated for this.,whisper_canonical
1036,1036_w2623,2622,UNKNOWN,11,10355.54,10359.702,4.162,It's an exciting time for the people living in impoverished communities.,whisper_canonical
1036,1036_w2624,2623,UNKNOWN,11,10359.802,10363.164,3.362,"Under Donald Trump, we saw my opportunity zone sign into law.",whisper_canonical
1036,1036_w2625,2624,UNKNOWN,14,10363.444,10369.667,6.223,"What that means is billion committed to the poorest communities, oftentimes majority and minority.",whisper_canonical
1036,1036_w2626,2625,UNKNOWN,16,10370.647,10377.771,7.124,billion has led to in those communities about an wage growth versus outside of the zones.,whisper_canonical
1036,1036_w2627,2626,UNKNOWN,5,10377.811,10379.311,1.5,appreciation in your property values.,whisper_canonical
1036,1036_w2628,2627,UNKNOWN,4,10380.612,10381.873,1.261,the restoration of hope.,whisper_canonical
1036,1036_w2629,2628,UNKNOWN,23,10382.233,10388.656,6.423,It was a really good four years for people who grew up like I did in a single parent household mired of poverty.,whisper_canonical
1036,1036_w2630,2629,UNKNOWN,28,10388.716,10398.361,9.645,So talking about opportunity zones is talking about perhaps the most powerful force for good from an anti-poverty focus on the private sector we've seen in my lifetime.,whisper_canonical
1036,1036_w2631,2630,UNKNOWN,24,10398.781,10406.505,7.724,It's always good to hear your name called if it's called in a positive way but that bottom line is it's not about me.,whisper_canonical
1036,1036_w2632,2631,UNKNOWN,32,10407.425,10416.45,9.025,"It's about what can we do to make sure that the American people experience their version of the American dream, and that's what we should all be focused on and working towards.",whisper_canonical
1036,1036_w2633,2632,UNKNOWN,7,10416.47,10419.111,2.641,Thank you guys for your good night.,whisper_canonical
1036,1036_w2634,2633,UNKNOWN,25,10422.593,10432.558,9.965,"Senator Tim Scott of South Carolina also ran for president this year, rumored to be a possible pick for vice president by former president Trump.",whisper_canonical
1036,1036_w2635,2634,UNKNOWN,8,10433.684,10436.245,2.561,We are getting your reaction to tonight's debate.,whisper_canonical
1036,1036_w2636,2635,UNKNOWN,9,10436.305,10439.586,3.281,"Chase in Clifton Park, New York, supporting President Biden.",whisper_canonical
1036,1036_w2637,2636,UNKNOWN,6,10439.726,10440.947,1.221,"Chase, how did your guy do?",whisper_canonical
1036,1036_w2638,2637,UNKNOWN,8,10442.767,10446.168,3.401,"Honestly, I think he was getting pretty old.",whisper_canonical
1036,1036_w2639,2638,UNKNOWN,8,10446.208,10447.889,1.681,"I mean, they asked a few questions there.",whisper_canonical
1036,1036_w2640,2639,UNKNOWN,23,10447.949,10453.891,5.942,"I mean, a few first few minutes in, I mean, he got quiet and, you know, he kind of stumbled a little bit.",whisper_canonical
1036,1036_w2641,2640,UNKNOWN,14,10453.951,10456.552,2.601,"So, you know, other than that, you know, he put up a good fight.",whisper_canonical
1036,1036_w2642,2641,UNKNOWN,8,10457.557,10459.138,1.581,"You know, these two are pretty good debaters.",whisper_canonical
1036,1036_w2643,2642,UNKNOWN,14,10459.178,10461.821,2.643,"I mean, they got a lot of good points between the two of them.",whisper_canonical
1036,1036_w2644,2643,UNKNOWN,25,10461.861,10467.908,6.047,"But, you know, personally, myself, I'd like to see them both in a wrestling match or something, you know, just something safe, nothing too crazy.",whisper_canonical
1036,1036_w2645,2644,UNKNOWN,4,10467.968,10469.169,1.201,"It's just, you know,",whisper_canonical
1036,1036_w2646,2645,UNKNOWN,8,10470.55,10472.713,2.163,I'm pretty glad that nothing crazy happened tonight.,whisper_canonical
1036,1036_w2647,2646,UNKNOWN,18,10472.733,10476.537,3.804,"You know, nothing like the prior ones, people yelling out, but they put up a pretty good match.",whisper_canonical
1036,1036_w2648,2647,UNKNOWN,15,10476.617,10479.52,2.903,"I'm just scared for our country and everything that's going on in it, you know.",whisper_canonical
1036,1036_w2649,2648,UNKNOWN,6,10480.049,10482.891,2.842,"I mean, nobody's taken anything seriously.",whisper_canonical
1036,1036_w2650,2649,UNKNOWN,5,10483.191,10484.452,1.261,We need a real awakening.,whisper_canonical
1036,1036_w2651,2650,UNKNOWN,8,10484.532,10486.793,2.261,Everything's divided in the whole country right now.,whisper_canonical
1036,1036_w2652,2651,UNKNOWN,8,10486.853,10488.894,2.041,Everybody's got to come back together as one.,whisper_canonical
1036,1036_w2653,2652,UNKNOWN,7,10489.815,10491.536,1.721,"I mean, that's personally what I think.",whisper_canonical
1036,1036_w2654,2653,UNKNOWN,13,10491.596,10495.358,3.762,And it's really scary to think that nobody else sees it like that.,whisper_canonical
1036,1036_w2655,2654,UNKNOWN,6,10495.438,10496.559,1.121,It's not just these two guys.,whisper_canonical
1036,1036_w2656,2655,UNKNOWN,9,10496.579,10499.381,2.802,These two guys are just pawns on a chessboard.,whisper_canonical
1036,1036_w2657,2656,UNKNOWN,7,10499.421,10501.262,1.841,They got all these people behind them.,whisper_canonical
1036,1036_w2658,2657,UNKNOWN,4,10501.622,10502.383,0.761,They're just the face.,whisper_canonical
1036,1036_w2659,2658,UNKNOWN,4,10502.763,10503.423,0.66,That's all it is.,whisper_canonical
1036,1036_w2660,2659,UNKNOWN,3,10503.804,10504.504,0.7,"All right, Chase.",whisper_canonical
1036,1036_w2661,2660,UNKNOWN,4,10504.584,10506.065,1.481,Curtis and San Antonio.,whisper_canonical
1036,1036_w2662,2661,UNKNOWN,8,10506.745,10509.087,2.342,"Curtis, who are you supporting in this election?",whisper_canonical
1036,1036_w2663,2662,UNKNOWN,6,10509.908,10511.369,1.461,I'm going for the third party.,whisper_canonical
1036,1036_w2664,2663,UNKNOWN,6,10512.13,10515.013,2.883,"You know, I love President Biden.",whisper_canonical
1036,1036_w2665,2664,UNKNOWN,6,10515.073,10516.394,1.321,He's hard in the right place.,whisper_canonical
1036,1036_w2666,2665,UNKNOWN,5,10517.435,10518.576,1.141,But he's a little age.,whisper_canonical
1036,1036_w2667,2666,UNKNOWN,20,10518.797,10526.304,7.507,"And like it went before me was saying, I think it's time for him to sit down and don't Trump.",whisper_canonical
1036,1036_w2668,2667,UNKNOWN,5,10526.384,10527.725,1.341,I just don't support him.,whisper_canonical
1036,1036_w2669,2668,UNKNOWN,5,10528.005,10529.507,1.502,I just don't trust you.,whisper_canonical
1036,1036_w2670,2669,UNKNOWN,10,10529.607,10532.47,2.863,Are you saying that the president should step down now?,whisper_canonical
1036,1036_w2671,2670,UNKNOWN,13,10533.895,10537.978,4.083,"No, but I'm thinking when the, yeah, I don't think he should run.",whisper_canonical
1036,1036_w2672,2671,UNKNOWN,9,10538.318,10539.679,1.361,You don't think he should be running right now?,whisper_canonical
1036,1036_w2673,2672,UNKNOWN,6,10539.779,10541.18,1.401,Four months out from the election?,whisper_canonical
1036,1036_w2674,2673,UNKNOWN,3,10542.04,10542.801,0.761,"No, I don't.",whisper_canonical
1036,1036_w2675,2674,UNKNOWN,2,10543.481,10543.781,0.3,I don't.,whisper_canonical
1036,1036_w2676,2675,UNKNOWN,8,10543.961,10546.323,2.362,And not because he's not a good president.,whisper_canonical
1036,1036_w2677,2676,UNKNOWN,11,10546.443,10549.044,2.601,"He's an agent president, and I think his time is up.",whisper_canonical
1036,1036_w2678,2677,UNKNOWN,2,10549.304,10549.585,0.281,All right.,whisper_canonical
1036,1036_w2679,2678,UNKNOWN,12,10550.425,10554.588,4.163,"In the spin room, the Georgia Senator Ralph Warnock talking to reporters.",whisper_canonical
1036,1036_w2680,2679,UNKNOWN,3,10554.628,10555.168,0.54,Let's listen in.,whisper_canonical
1036,1036_w2681,2680,UNKNOWN,3,10556.49,10557.17,0.68,"One second, guys.",whisper_canonical
1036,1036_w2682,2681,UNKNOWN,6,10557.191,10560.112,2.921,We're going to do it after.,whisper_canonical
1036,1036_w2683,2682,UNKNOWN,2,10560.132,10561.513,1.381,You're good.,whisper_canonical
1036,1036_w2684,2683,UNKNOWN,3,10561.613,10564.435,2.822,You're totally fine.,whisper_canonical
1036,1036_w2685,2684,UNKNOWN,17,10564.455,10571.7,7.245,"Great. Proud to be joined here today with members of Fully Represent, Rich Diversity, the Biden-Harris Coalition.",whisper_canonical
1036,1036_w2686,2685,UNKNOWN,31,10572.28,10579.343,7.063,"Tonight, I think what you saw, again, what we knew we were going to see coming into tonight, which is a very clear contrast and very clear choice in this election.",whisper_canonical
1036,1036_w2687,2686,UNKNOWN,49,10579.363,10593.689,14.326,"What you saw out of Donald Trump tonight was a man who took the stage and lied the entire night, grew increasingly unhinged throughout the night, and reminded the American people by the end of the debate exactly why they fired him in the first place four years ago.",whisper_canonical
1036,1036_w2688,2687,UNKNOWN,33,10593.989,10603.656,9.667,"In contrast to that, you saw President Biden take the stage and did exactly what he did over the course of the last four years, fight relentlessly on behalf of the American people.",whisper_canonical
1036,1036_w2689,2688,UNKNOWN,53,10603.776,10619.248,15.472,"He fought through a cold and he made the case for his historic record of accomplishment, everything from million jobs, manufacturing jobs, the work that he has done since the day he took office to lower costs for Americans, cap on the cost of insulin at the work that he's done to cap",whisper_canonical
1036,1036_w2690,2689,UNKNOWN,24,10620.929,10626.831,5.902,"prescription drug costs out of pocket for our seniors at annually, the work that he's going to continue to do in a second term.",whisper_canonical
1036,1036_w2691,2690,UNKNOWN,43,10627.151,10640.975,13.824,"In Donald Trump, you saw somebody who repeatedly refused to say that he would accept the results of the election once again the same way that he did so in We saw the way that that played out most violently on January 6th.",whisper_canonical
1036,1036_w2692,2691,UNKNOWN,9,10641.235,10642.956,1.721,He is all but promising to do that again.,whisper_canonical
1036,1036_w2693,2692,UNKNOWN,5,10643.396,10644.476,1.08,He loses his election again.,whisper_canonical
1036,1036_w2694,2693,UNKNOWN,9,10644.516,10646.997,2.481,He's already spent his months out on the stump.,whisper_canonical
1036,1036_w2695,2694,UNKNOWN,13,10647.337,10649.698,2.361,saying that there's going to be a bloodbath if he loses his election.,whisper_canonical
1036,1036_w2696,2695,UNKNOWN,13,10649.718,10653.38,3.662,He reminded the American people in prime time of that very pledge tonight.,whisper_canonical
1036,1036_w2697,2696,UNKNOWN,10,10653.72,10655.52,1.8,We saw him talk about the fact that Roe v.,whisper_canonical
1036,1036_w2698,2697,UNKNOWN,6,10655.58,10657.081,1.501,"Wade, the overturning of Roe v.",whisper_canonical
1036,1036_w2699,2698,UNKNOWN,31,10657.121,10666.745,9.624,Wade was a great thing once again as he is out on the stump every day talking about the fact that these extreme state level abortion bans are playing out brilliantly.,whisper_canonical
1036,1036_w2700,2699,UNKNOWN,21,10667.105,10672.167,5.062,That is the fundamental contrast that the American people saw as this debate played out over the course of the night.,whisper_canonical
1036,1036_w2701,2700,UNKNOWN,13,10672.447,10676.169,3.722,"And with that, I'm going to turn it over to Congresswoman Jasmine Crocker.",whisper_canonical
1036,1036_w2702,2701,UNKNOWN,2,10679.257,10680.017,0.76,"Hello, everyone.",whisper_canonical
1036,1036_w2703,2702,UNKNOWN,13,10680.097,10685.12,5.023,"So I represent Texas, and we know that abortion is on the ballot.",whisper_canonical
1036,1036_w2704,2703,UNKNOWN,9,10685.18,10688.182,3.002,"And to be clear, tonight we saw two things.",whisper_canonical
1036,1036_w2705,2704,UNKNOWN,13,10688.702,10693.485,4.783,People can choose between a con in chief or a commander in chief.,whisper_canonical
1036,1036_w2706,2705,UNKNOWN,36,10693.845,10703.05,9.205,And so what we saw was someone who sat up there and was acting as if he was some used car salesman that wanted to just tell us whatever and pretend as if it was fact.,whisper_canonical
1036,1036_w2707,2706,UNKNOWN,13,10703.631,10708.414,4.783,The reality is that our president submitted to you what looks like substance.,whisper_canonical
1036,1036_w2708,2707,UNKNOWN,7,10708.874,10710.715,1.841,The substance of the issue was simple.,whisper_canonical
1036,1036_w2709,2708,UNKNOWN,14,10711.376,10715.499,4.123,We have somebody that is bragging about the fact that he took Roe v.,whisper_canonical
1036,1036_w2710,2709,UNKNOWN,4,10715.559,10717.0,1.441,Wade away from us.,whisper_canonical
1036,1036_w2711,2710,UNKNOWN,10,10717.7,10721.703,4.003,"Whereas we know the next step, they've gone after Mipropristone.",whisper_canonical
1036,1036_w2712,2711,UNKNOWN,6,10722.003,10723.704,1.701,They want to go after contraception.,whisper_canonical
1036,1036_w2713,2712,UNKNOWN,14,10724.065,10728.128,4.063,"And unfortunately, in the state of Texas, they're talking about instituting the death penalty.",whisper_canonical
1036,1036_w2714,2713,UNKNOWN,14,10728.928,10732.472,3.544,What the American people have to decide is that they're going to choose themselves.,whisper_canonical
1036,1036_w2715,2714,UNKNOWN,13,10732.893,10737.418,4.525,This election isn't about all of the lies that Trump is telling you.,whisper_canonical
1036,1036_w2716,2715,UNKNOWN,6,10737.458,10738.939,1.481,What it's about is the facts.,whisper_canonical
1036,1036_w2717,2716,UNKNOWN,21,10739.48,10744.386,4.906,"The facts are that he took that right away from us, and he wants to take more rights away from us.",whisper_canonical
1036,1036_w2718,2717,UNKNOWN,8,10744.646,10746.107,1.461,And he did not shy away from it.,whisper_canonical
1036,1036_w2719,2718,UNKNOWN,14,10746.248,10749.571,3.323,"Every time he didn't want to answer a question, he just decided to deflect.",whisper_canonical
1036,1036_w2720,2719,UNKNOWN,7,10750.232,10752.053,1.821,The reality is that people are dying.,whisper_canonical
1036,1036_w2721,2720,UNKNOWN,26,10752.093,10761.099,9.006,We had over women that were impregnated in the state of Texas alone in the last year since the Dove's decision as a result of rape.,whisper_canonical
1036,1036_w2722,2721,UNKNOWN,3,10761.699,10762.66,0.961,That is unacceptable.,whisper_canonical
1036,1036_w2723,2722,UNKNOWN,8,10762.72,10764.361,1.641,You all know the story of Kate Cox.,whisper_canonical
1036,1036_w2724,2723,UNKNOWN,6,10764.401,10765.801,1.4,You know the story of Dr.,whisper_canonical
1036,1036_w2725,2724,UNKNOWN,13,10765.841,10769.564,3.723,Genard. You know the story of women that are potentially losing their lives.,whisper_canonical
1036,1036_w2726,2725,UNKNOWN,8,10769.664,10771.685,2.021,And so there is only one clear choice.,whisper_canonical
1036,1036_w2727,2726,UNKNOWN,11,10772.025,10774.987,2.962,And that clear choice is Joe Biden and the blue team.,whisper_canonical
1036,1036_w2728,2727,UNKNOWN,6,10775.167,10776.408,1.241,And that's exactly why we're here.,whisper_canonical
1036,1036_w2729,2728,UNKNOWN,56,10787.394,10805.125,17.731,elections are about the character of a nation they are about jobs are about the economy about war peace a whole range of issues but at the end of the day it's really about the character of a country and the American people got a chance tonight to be reminded about the character of Donald Trump,whisper_canonical
1036,1036_w2730,2729,UNKNOWN,10,10806.53,10810.379,3.849,a man who stood there and lied for minutes straight.,whisper_canonical
1036,1036_w2731,2730,UNKNOWN,20,10811.121,10816.132,5.011,What I was also struck by was by what he did not say every time he was asked a question.,whisper_canonical
1036,1036_w2732,2731,UNKNOWN,23,10817.483,10823.966,6.483,that had something to do with the lives of the ordinary working class people that I represent here in the state of Georgia.,whisper_canonical
1036,1036_w2733,2732,UNKNOWN,22,10824.346,10831.409,7.063,"Did you notice he never answered the question when he was asked about childcare, which is a real issue in this country.",whisper_canonical
1036,1036_w2734,2733,UNKNOWN,13,10831.609,10834.27,2.661,A lot of people can't get to work because they don't have childcare.,whisper_canonical
1036,1036_w2735,2734,UNKNOWN,7,10834.97,10836.611,1.641,He didn't have an answer for that.,whisper_canonical
1036,1036_w2736,2735,UNKNOWN,14,10836.911,10842.334,5.423,He tried to take credit for capping the cost of insulin and prescription drugs.,whisper_canonical
1036,1036_w2737,2736,UNKNOWN,9,10842.554,10845.055,2.501,"Well, I know that's alive because that's my bill.",whisper_canonical
1036,1036_w2738,2737,UNKNOWN,10,10846.163,10850.924,4.761,"I passed it, and Joe Biden signed it into law.",whisper_canonical
1036,1036_w2739,2738,UNKNOWN,34,10850.964,10860.167,9.203,"When it came to anything having to do with ordinary people, he reminded us that this man wants to do the only thing that he's ever done, and that's focus on people like himself.",whisper_canonical
1036,1036_w2740,2739,UNKNOWN,15,10860.787,10864.668,3.881,That's why he passed a tax cut that went to the richest of the rich.,whisper_canonical
1036,1036_w2741,2740,UNKNOWN,10,10865.548,10871.053,5.505,"on the backs of ordinary working-class poor people, middle-class people.",whisper_canonical
1036,1036_w2742,2741,UNKNOWN,17,10871.693,10877.758,6.065,"We pass the tax cut, the largest tax cut for middle- and working-class people in American history.",whisper_canonical
1036,1036_w2743,2742,UNKNOWN,5,10877.798,10878.919,1.121,He's trying to divide us.,whisper_canonical
1036,1036_w2744,2743,UNKNOWN,19,10879.82,10885.744,5.924,"And we've got to make sure that we stand up as a nation, stand up for the American Covenant.",whisper_canonical
1036,1036_w2745,2744,UNKNOWN,8,10886.105,10887.886,1.781,He pulled us on him out of many.,whisper_canonical
1036,1036_w2746,2745,UNKNOWN,18,10888.987,10893.551,4.564,"One, and we should always be afraid of somebody who's telling us to be afraid of each other.",whisper_canonical
1036,1036_w2747,2746,UNKNOWN,3,10894.332,10895.092,0.76,That's Donald Trump.,whisper_canonical
1036,1036_w2748,2747,UNKNOWN,5,10895.673,10897.193,1.52,America's better than Donald Trump.,whisper_canonical
1036,1036_w2749,2748,UNKNOWN,29,10897.674,10905.438,7.764,"And I believe that come November 5th, the American people are going to stand up once again and prove it as he did in We're now going to go.",whisper_canonical
1036,1036_w2750,2749,UNKNOWN,7,10905.498,10908.279,2.781,We're going to get to everybody's questions.,whisper_canonical
1036,1036_w2751,2750,UNKNOWN,7,10908.359,10910.62,2.261,We're going to get to everybody's questions.,whisper_canonical
1036,1036_w2752,2751,UNKNOWN,8,10910.961,10914.462,3.501,We're now going to go to Governor Ducey.,whisper_canonical
1036,1036_w2753,2752,UNKNOWN,3,10915.903,10916.403,0.5,Thank you all.,whisper_canonical
1036,1036_w2754,2753,UNKNOWN,13,10916.503,10919.725,3.222,And I'll associate myself with any of the comments that were just made.,whisper_canonical
1036,1036_w2755,2754,UNKNOWN,8,10922.243,10923.684,1.441,"To me, that was just daylight and darkness.",whisper_canonical
1036,1036_w2756,2755,UNKNOWN,4,10924.064,10925.065,1.001,I'm a little old-fashioned.,whisper_canonical
1036,1036_w2757,2756,UNKNOWN,4,10926.166,10927.006,0.84,I care about substance.,whisper_canonical
1036,1036_w2758,2757,UNKNOWN,4,10927.066,10927.927,0.861,I care about policy.,whisper_canonical
1036,1036_w2759,2758,UNKNOWN,4,10928.147,10928.947,0.8,I care about facts.,whisper_canonical
1036,1036_w2760,2759,UNKNOWN,9,10930.228,10932.91,2.682,I care about people being accountable to their lives.,whisper_canonical
1036,1036_w2761,2760,UNKNOWN,7,10933.75,10935.472,1.722,What I saw tonight was Donald Trump,whisper_canonical
1036,1036_w2762,2761,UNKNOWN,4,10936.852,10938.674,1.822,"weakness, masquerading his strength.",whisper_canonical
1036,1036_w2763,2762,UNKNOWN,12,10939.494,10942.816,3.322,"The guy was incapable, as the senator said, answering any question directly,",whisper_canonical
1036,1036_w2764,2763,UNKNOWN,9,10943.817,10947.86,4.043,"obfuscating, pointing fingers, and more important than anything else,",whisper_canonical
1036,1036_w2765,2764,UNKNOWN,28,10948.892,10958.814,9.922,"disgusted by the fact that I heard ex-president United States talk down the American economy, talk down the United States of America, to the degree he did today.",whisper_canonical
1036,1036_w2766,2765,UNKNOWN,42,10959.014,10972.477,13.463,"As it relates to the president on the substance, on the comparic of trash, an economic record, we're just in the last three and a half years, that million jobs represents eight times more jobs in the last three Republican presidents combined,",whisper_canonical
1036,1036_w2767,2766,UNKNOWN,27,10973.898,10984.324,10.426,"GDP growth, envy of the world, where we're seeing inflation tamed down two-thirds in economic policy and a vision for the future to bring back American manufacturing.",whisper_canonical
1036,1036_w2768,2767,UNKNOWN,8,10984.685,10986.206,1.521,I was very proud of the President tonight.,whisper_canonical
1036,1036_w2769,2768,UNKNOWN,10,10986.506,10990.509,4.003,"So from my humble perspective, this is not about style.",whisper_canonical
1036,1036_w2770,2769,UNKNOWN,9,10991.13,10993.812,2.682,This is about delivering results for the American people.,whisper_canonical
1036,1036_w2771,2770,UNKNOWN,22,10994.212,11001.397,7.185,"And tonight, I think Joe Biden not only asserted himself, he reminded people of his accomplishments and his vision for the future.",whisper_canonical
1036,1036_w2772,2771,UNKNOWN,46,11008.2,11027.868,19.668,"California Governor Gavin Newsom there part of a team of Biden supporters answering first giving their individual statements about how they think their candidate didn't and then we expect them to answer a couple of questions this is the president's strategy tonight, his campaign strategy tonight.",whisper_canonical
1036,1036_w2773,2772,UNKNOWN,8,11027.948,11032.69,4.742,Politico reported earlier that instead of dispatching a,whisper_canonical
1036,1036_w2774,2773,UNKNOWN,49,11033.951,11050.237,16.286,"army of surrogates into a sea of reporters as the way they framed it, the Biden campaign planned to send in that team that you saw on their screen to deliver a succinct statements and then take a few questions, and then they planned to leave the spin room.",whisper_canonical
1036,1036_w2775,2774,UNKNOWN,24,11050.857,11057.807,6.95,"Now others in support of President Biden are expected to be in the spin room, but that is the strategy from the campaign tonight.",whisper_canonical
1036,1036_w2776,2775,UNKNOWN,21,11058.047,11066.539,8.492,"We've seen several Republicans talking to reporters, and we'll hear more from tonight while we also talk to all of you.",whisper_canonical
1036,1036_w2777,2776,UNKNOWN,8,11067.741,11070.502,2.761,"about tonight's debate, getting your reaction to it.",whisper_canonical
1036,1036_w2778,2777,UNKNOWN,23,11070.562,11080.927,10.365,"We've divided the lines by those that support the sitting president, those of you that support the former president, undecided, and third-party candidates.",whisper_canonical
1036,1036_w2779,2778,UNKNOWN,4,11081.487,11083.528,2.041,"Jim, in white-right Texas...",whisper_canonical
1036,1036_w2780,2779,UNKNOWN,2,11085.109,11085.989,0.88,"Hi, Jim.",whisper_canonical
1036,1036_w2781,2780,UNKNOWN,6,11086.409,11088.05,1.641,"Hi, you're supporting the former president.",whisper_canonical
1036,1036_w2782,2781,UNKNOWN,2,11088.91,11089.51,0.6,That's correct.,whisper_canonical
1036,1036_w2783,2782,UNKNOWN,7,11090.131,11091.011,0.88,What did you think of the debate?,whisper_canonical
1036,1036_w2784,2783,UNKNOWN,6,11092.492,11093.952,1.46,I thought he was very composed.,whisper_canonical
1036,1036_w2785,2784,UNKNOWN,23,11096.318,11102.579,6.261,I don't know how anyone can look at the president of the United States and say that there's nothing wrong with that person.,whisper_canonical
1036,1036_w2786,2785,UNKNOWN,4,11103.499,11105.08,1.581,Clearly it's elder abuse.,whisper_canonical
1036,1036_w2787,2786,UNKNOWN,14,11105.28,11108.62,3.34,I can't believe that his wife and his handlers are putting him through this.,whisper_canonical
1036,1036_w2788,2787,UNKNOWN,2,11109.681,11110.161,0.48,He looked,whisper_canonical
1036,1036_w2789,2788,UNKNOWN,5,11111.901,11114.442,2.541,lost most of the debate.,whisper_canonical
1036,1036_w2790,2789,UNKNOWN,6,11114.662,11115.962,1.3,He really didn't answer a question.,whisper_canonical
1036,1036_w2791,2790,UNKNOWN,11,11116.002,11118.762,2.76,He just kept repeating his talking points that he was given,whisper_canonical
1036,1036_w2792,2791,UNKNOWN,8,11119.883,11121.383,1.5,over the past two weeks at Camp David.,whisper_canonical
1036,1036_w2793,2792,UNKNOWN,10,11123.19,11126.271,3.081,"Jamie, have you been supporting the former president all along?",whisper_canonical
1036,1036_w2794,2793,UNKNOWN,7,11126.391,11129.612,3.221,Did you support him in and in,whisper_canonical
1036,1036_w2795,2794,UNKNOWN,2,11130.693,11131.093,0.4,I did.,whisper_canonical
1036,1036_w2796,2795,UNKNOWN,5,11131.553,11132.533,0.98,And if there was a,whisper_canonical
1036,1036_w2797,2796,UNKNOWN,11,11133.554,11136.395,2.841,"third party that was viable, I may have gone that way.",whisper_canonical
1036,1036_w2798,2797,UNKNOWN,8,11136.975,11139.856,2.881,But the economy is in shatters right now.,whisper_canonical
1036,1036_w2799,2798,UNKNOWN,5,11140.836,11142.237,1.401,The middle class is dying.,whisper_canonical
1036,1036_w2800,2799,UNKNOWN,4,11142.257,11143.397,1.14,They can't afford groceries.,whisper_canonical
1036,1036_w2801,2800,UNKNOWN,8,11143.817,11146.498,2.681,They're breaking into people's cars to feed themselves.,whisper_canonical
1036,1036_w2802,2801,UNKNOWN,5,11147.279,11147.979,0.7,Ask me how I know.,whisper_canonical
1036,1036_w2803,2802,UNKNOWN,4,11148.761,11150.743,1.982,And it's just ridiculous.,whisper_canonical
1036,1036_w2804,2803,UNKNOWN,27,11150.783,11162.471,11.688,The stat they gave that the moderates gave that a basket of groceries that was at the beginning of Biden's administration now is It's about for real.,whisper_canonical
1036,1036_w2805,2804,UNKNOWN,41,11163.452,11175.26,11.808,"I also thought it was interesting that the moderators would cut Biden off when he was getting ready to go over a cliff and that his mic was supposed to be silenced when it wasn't his turn, but indeed it wasn't.",whisper_canonical
1036,1036_w2806,2805,UNKNOWN,6,11176.945,11180.626,3.681,You believe that happened many times?,whisper_canonical
1036,1036_w2807,2806,UNKNOWN,2,11181.467,11182.067,0.6,Several times.,whisper_canonical
1036,1036_w2808,2807,UNKNOWN,11,11182.587,11185.768,3.181,He interrupted Trump and his mic was supposed to be silenced.,whisper_canonical
1036,1036_w2809,2808,UNKNOWN,24,11186.288,11194.611,8.323,"I'm also curious on which party demanded that no press was in the room, which is unprecedented, and no audience, which is also unprecedented.",whisper_canonical
1036,1036_w2810,2809,UNKNOWN,19,11195.231,11201.409,6.178,"Also, the Democrats are putting up speakers to answer a few questions and run away from the spin room.",whisper_canonical
1036,1036_w2811,2810,UNKNOWN,3,11201.909,11202.469,0.56,Why is that?,whisper_canonical
1036,1036_w2812,2811,UNKNOWN,24,11203.07,11207.852,4.782,"Jim, let me ask you, you said you would have been open to a third party candidate if there was one that was viable.",whisper_canonical
1036,1036_w2813,2812,UNKNOWN,10,11208.092,11211.033,2.941,Why? Do you have some concerns about the former president?,whisper_canonical
1036,1036_w2814,2813,UNKNOWN,4,11211.873,11212.673,0.8,"No, not at all.",whisper_canonical
1036,1036_w2815,2814,UNKNOWN,20,11212.694,11221.077,8.383,I would probably have looked at a third party in But I'm OK with the economy running all four cylinders.,whisper_canonical
1036,1036_w2816,2815,UNKNOWN,9,11221.497,11223.818,2.321,I'm OK with our adversaries being afraid of us.,whisper_canonical
1036,1036_w2817,2816,UNKNOWN,6,11224.318,11226.319,2.001,I'm a former year military man.,whisper_canonical
1036,1036_w2818,2817,UNKNOWN,16,11227.155,11231.679,4.524,"And other than the fact that he put out mean tweets, I really have no issues.",whisper_canonical
1036,1036_w2819,2818,UNKNOWN,23,11231.819,11240.345,8.526,"All the lies and stuff about him being racist in January 6th and Charlottesville, we all know you know that that's made up.",whisper_canonical
1036,1036_w2820,2819,UNKNOWN,10,11241.046,11243.427,2.381,All you have to do is listen to the transcripts.,whisper_canonical
1036,1036_w2821,2820,UNKNOWN,20,11243.908,11250.613,6.705,But most of Biden supporters just listen to what you and other mainstream media tell them and that's their life.,whisper_canonical
1036,1036_w2822,2821,UNKNOWN,19,11251.093,11255.897,4.804,"But again, I don't know how anyone can look at him and tell me there's nothing wrong with Biden.",whisper_canonical
1036,1036_w2823,2822,UNKNOWN,2,11256.353,11256.874,0.521,All right.,whisper_canonical
1036,1036_w2824,2823,UNKNOWN,16,11257.354,11261.978,4.624,He is fit to be the commander in chief and the leader of the free world.,whisper_canonical
1036,1036_w2825,2824,UNKNOWN,3,11262.318,11263.179,0.861,Jim's thoughts there.,whisper_canonical
1036,1036_w2826,2825,UNKNOWN,14,11263.319,11269.945,6.626,"And White right, Texas, Jim asking why reporters were not allowed in the studio.",whisper_canonical
1036,1036_w2827,2826,UNKNOWN,12,11270.565,11275.549,4.984,"There was some pressure earlier this evening, coming from the White House",whisper_canonical
1036,1036_w2828,2827,UNKNOWN,27,11277.611,11291.26,13.649,"Association. the White House, the Reporters Association at the White House, asking for the pool reporter who follows the president around to be allowed into the studio.",whisper_canonical
1036,1036_w2829,2828,UNKNOWN,8,11291.96,11294.262,2.302,They were not allowed in at the beginning.,whisper_canonical
1036,1036_w2830,2829,UNKNOWN,29,11294.482,11304.809,10.327,"Kelly O'Donnell, who represents the reporters at the White House for the association, tweeting out the print, the print pool reporter went into the debate studio during the commercial.",whisper_canonical
1036,1036_w2831,2830,UNKNOWN,15,11305.649,11312.754,7.105,the White House Association advocated for a pool reporter for the duration of tonight's debate.,whisper_canonical
1036,1036_w2832,2831,UNKNOWN,3,11313.174,11313.775,0.601,Here's a quote.,whisper_canonical
1036,1036_w2833,2832,UNKNOWN,19,11313.995,11320.339,6.344,"Potis and former President Donald Trump were both standing at their lecterns, staring straight ahead as photographers snapped photos.",whisper_canonical
1036,1036_w2834,2833,UNKNOWN,7,11320.92,11324.582,3.662,This was the pool reporter's report during,whisper_canonical
1036,1036_w2835,2834,UNKNOWN,19,11325.683,11330.927,5.244,"the break, the three and a half commercial break, three and a half minute commercial break that occurred tonight.",whisper_canonical
1036,1036_w2836,2835,UNKNOWN,5,11330.967,11332.368,1.401,There were two commercial breaks.,whisper_canonical
1036,1036_w2837,2836,UNKNOWN,2,11332.928,11333.528,0.6,this evening.,whisper_canonical
1036,1036_w2838,2837,UNKNOWN,14,11333.869,11338.691,4.822,So it sounds like the pool reporter was let in during that commercial break.,whisper_canonical
1036,1036_w2839,2838,UNKNOWN,4,11339.572,11341.793,2.221,"Rashad, incoming Georgia, undecided.",whisper_canonical
1036,1036_w2840,2839,UNKNOWN,5,11341.853,11343.094,1.241,"Rashad, let's hear from you.",whisper_canonical
1036,1036_w2841,2840,UNKNOWN,3,11345.435,11346.656,1.221,"Yes, good evening.",whisper_canonical
1036,1036_w2842,2841,UNKNOWN,3,11347.536,11350.818,3.282,"Well, still undecided.",whisper_canonical
1036,1036_w2843,2842,UNKNOWN,4,11351.178,11353.16,1.982,"Quite frankly, I'm a",whisper_canonical
1036,1036_w2844,2843,UNKNOWN,2,11354.46,11356.982,2.522,naturalized U.S.,whisper_canonical
1036,1036_w2845,2844,UNKNOWN,3,11357.122,11358.903,1.781,"citizen, proudly U.S.",whisper_canonical
1036,1036_w2846,2845,UNKNOWN,2,11359.263,11360.224,0.961,citizen and,whisper_canonical
1036,1036_w2847,2846,UNKNOWN,16,11361.796,11367.419,5.623,"I feel like after this debate that we continue to be, or I continue to be",whisper_canonical
1036,1036_w2848,2847,UNKNOWN,11,11369.36,11372.242,2.882,stuck between Iraq and a hard place when it comes to,whisper_canonical
1036,1036_w2849,2848,UNKNOWN,8,11373.403,11376.764,3.361,my decision of who shall I vote for?,whisper_canonical
1036,1036_w2850,2849,UNKNOWN,3,11377.925,11379.186,1.261,I believe that,whisper_canonical
1036,1036_w2851,2850,UNKNOWN,7,11380.266,11383.888,3.622,"the conversation will definitely, President Biden is,",whisper_canonical
1036,1036_w2852,2851,UNKNOWN,24,11385.269,11394.772,9.503,"in my opinion, is not a viable candidate by all means, regardless of What anybody say, I mean, that you cannot ignore the obvious.",whisper_canonical
1036,1036_w2853,2852,UNKNOWN,5,11395.272,11396.673,1.401,I wish the Democrats have,whisper_canonical
1036,1036_w2854,2853,UNKNOWN,7,11398.815,11402.457,3.642,presented a different candidate than President Biden.,whisper_canonical
1036,1036_w2855,2854,UNKNOWN,4,11404.038,11405.639,1.601,That is a fact.,whisper_canonical
1036,1036_w2856,2855,UNKNOWN,9,11405.719,11408.641,2.922,"In fact, are very stubborn and hard to ignore.",whisper_canonical
1036,1036_w2857,2856,UNKNOWN,14,11410.362,11418.607,8.245,President Trump has an excellent economic track record that is backing him up significantly.,whisper_canonical
1036,1036_w2858,2857,UNKNOWN,8,11420.275,11423.157,2.882,"In the other hand, I still believe that",whisper_canonical
1036,1036_w2859,2858,UNKNOWN,17,11424.338,11432.602,8.264,President Trump continues to be a threat to the democracy and the greatness of this nation because,whisper_canonical
1036,1036_w2860,2859,UNKNOWN,9,11435.984,11440.206,4.222,he was unable to clearly answer the question if,whisper_canonical
1036,1036_w2861,2860,UNKNOWN,8,11441.326,11444.808,3.482,he would accept the result of the election.,whisper_canonical
1036,1036_w2862,2861,UNKNOWN,5,11446.569,11447.75,1.181,"To me, that was not",whisper_canonical
1036,1036_w2863,2862,UNKNOWN,26,11449.187,11460.555,11.368,a good indication because he repeatedly said if it's fair or cannot remember the exact code I can code him but yeah but but he repeatedly,whisper_canonical
1036,1036_w2864,2863,UNKNOWN,26,11461.755,11473.138,11.383,stated that it's fair and clear and I mean that's by his standards but by the uh it's um he wouldn't probably acknowledge a fair election,whisper_canonical
1036,1036_w2865,2864,UNKNOWN,15,11474.219,11480.823,6.604,if it doesn't go along with what he would expect or would like to see.,whisper_canonical
1036,1036_w2866,2865,UNKNOWN,15,11481.544,11486.507,4.963,"It's, as I said, you know, again, it's a very, very hard decision to make.",whisper_canonical
1036,1036_w2867,2866,UNKNOWN,6,11487.388,11488.488,1.1,They're looking at both of them.,whisper_canonical
1036,1036_w2868,2867,UNKNOWN,12,11490.21,11494.212,4.002,"I believe President Biden inherited a very good economic, I would say,",whisper_canonical
1036,1036_w2869,2868,UNKNOWN,16,11497.254,11502.698,5.444,"momentum when he came into office, so he's taking credit for what President Trump has established.",whisper_canonical
1036,1036_w2870,2869,UNKNOWN,10,11503.138,11504.519,1.381,"All right, Collar, I'm going to leave it at that.",whisper_canonical
1036,1036_w2871,2870,UNKNOWN,8,11504.579,11505.7,1.121,I want to go into the spin room.,whisper_canonical
1036,1036_w2872,2871,UNKNOWN,9,11505.74,11509.683,3.943,"Jason Miller, Trump, Sarah, get there, speaking to reporters.",whisper_canonical
1036,1036_w2873,2872,UNKNOWN,2,11509.743,11510.143,0.4,Let's listen.,whisper_canonical
1036,1036_w2874,2873,UNKNOWN,29,11510.163,11518.209,8.046,"If you walk down your streets without getting stabbed or murdered, all the heinous things are happening in these migrant crimes, finally there's hope we can turn this around.",whisper_canonical
1036,1036_w2875,2874,UNKNOWN,19,11518.429,11524.012,5.583,So the rules and rules that we're supposed to control for President Trump were actually in favor of them.,whisper_canonical
1036,1036_w2876,2875,UNKNOWN,5,11524.052,11525.673,1.621,In favor of his performance.,whisper_canonical
1036,1036_w2877,2876,UNKNOWN,28,11525.773,11532.596,6.823,"Again, put that aside, as long as President Trump is able to deliver his vision, which he was able to tonight, we knew that President Trump would win.",whisper_canonical
1036,1036_w2878,2877,UNKNOWN,6,11532.636,11533.917,1.281,We've been saying that all along.,whisper_canonical
1036,1036_w2879,2878,UNKNOWN,16,11534.277,11537.358,3.081,We just want to get a fair shake for President Trump to lay out his vision.,whisper_canonical
1036,1036_w2880,2879,UNKNOWN,4,11537.618,11538.278,0.66,That's what he did.,whisper_canonical
1036,1036_w2881,2880,UNKNOWN,7,11538.638,11541.079,2.441,"In contrast, Joe Biden couldn't defend anything.",whisper_canonical
1036,1036_w2882,2881,UNKNOWN,28,11541.379,11548.1,6.721,"How many times did he sit there with that look on his face as President Trump was challenging Biden, saying, why have you done this to the board?",whisper_canonical
1036,1036_w2883,2882,UNKNOWN,9,11548.14,11550.261,2.121,How many illegals have you let in the country?,whisper_canonical
1036,1036_w2884,2883,UNKNOWN,8,11550.281,11551.361,1.08,What are you going to do to Mexico?,whisper_canonical
1036,1036_w2885,2884,UNKNOWN,5,11551.421,11552.461,1.04,Why did you do this?,whisper_canonical
1036,1036_w2886,2885,UNKNOWN,8,11552.722,11555.462,2.74,"Biden couldn't answer a single time, never once.",whisper_canonical
1036,1036_w2887,2886,UNKNOWN,2,11555.622,11555.842,0.22,Thank you.,whisper_canonical
1036,1036_w2888,2887,UNKNOWN,9,11560.725,11564.287,3.562,"Again, other people can go and talk about that.",whisper_canonical
1036,1036_w2889,2888,UNKNOWN,22,11564.568,11570.292,5.724,"We just knew that if President Trump was able to communicate his vision fairly without being cut off, we knew he'd win.",whisper_canonical
1036,1036_w2890,2889,UNKNOWN,19,11571.453,11576.037,4.584,Do you think that you're going to be maybe setting up a golf match between the president and Mr.,whisper_canonical
1036,1036_w2891,2890,UNKNOWN,10,11576.077,11579.36,3.283,Biden as they talked about their handicaps during tonight's debate?,whisper_canonical
1036,1036_w2892,2891,UNKNOWN,18,11579.38,11583.263,3.883,"I don't know, but that line when Biden said I got my handicap and I was vice president,",whisper_canonical
1036,1036_w2893,2892,UNKNOWN,7,11584.275,11585.337,1.062,"Man, that was not a good look.",whisper_canonical
1036,1036_w2894,2893,UNKNOWN,6,11585.577,11586.499,0.922,That was not a good look.,whisper_canonical
1036,1036_w2895,2894,UNKNOWN,11,11586.519,11589.223,2.704,I don't think Biden could even make it to the tee.,whisper_canonical
1036,1036_w2896,2895,UNKNOWN,10,11589.303,11593.85,4.547,"I mean, it just wasn't a good look for Biden.",whisper_canonical
1036,1036_w2897,2896,UNKNOWN,6,11593.87,11594.991,1.121,But President Trump should break off.,whisper_canonical
1036,1036_w2898,2897,UNKNOWN,18,11595.032,11599.198,4.166,"Jason, do you think there was enough spelling discussion about the future as opposed to justifying the past?",whisper_canonical
1036,1036_w2899,2898,UNKNOWN,9,11599.318,11602.699,3.381,"Jason Miller, senior advisor to the former president's campaign.",whisper_canonical
1036,1036_w2900,2899,UNKNOWN,4,11602.739,11604.34,1.601,They're talking to reporters.,whisper_canonical
1036,1036_w2901,2900,UNKNOWN,15,11605.28,11610.741,5.461,You heard him talking about the exchange between the two candidates about their golf games.,whisper_canonical
1036,1036_w2902,2901,UNKNOWN,11,11611.022,11615.743,4.721,"They also talked about some other issues, many policy issues tonight.",whisper_canonical
1036,1036_w2903,2902,UNKNOWN,12,11615.783,11618.484,2.701,We want to get your reaction to what you heard from them.,whisper_canonical
1036,1036_w2904,2903,UNKNOWN,13,11618.924,11624.087,5.163,"Frank Luntz, a pollster who's been on this program many times, held a",whisper_canonical
1036,1036_w2905,2904,UNKNOWN,8,11625.207,11627.989,2.782,"survey, a focus group with undecided voters tonight.",whisper_canonical
1036,1036_w2906,2905,UNKNOWN,6,11628.029,11629.71,1.681,He tweeted this out at p.m.,whisper_canonical
1036,1036_w2907,2906,UNKNOWN,5,11629.85,11631.131,1.281,after the first commercial break.,whisper_canonical
1036,1036_w2908,2907,UNKNOWN,20,11631.471,11636.854,5.383,I asked my focus group of undecided voters how many of them are more convinced to vote for Joe Biden?,whisper_canonical
1036,1036_w2909,2908,UNKNOWN,4,11637.334,11639.335,2.001,Zero raised their hands.,whisper_canonical
1036,1036_w2910,2909,UNKNOWN,11,11639.675,11643.397,3.722,Half of them said or say they voted for Biden in,whisper_canonical
1036,1036_w2911,2910,UNKNOWN,10,11645.255,11649.258,4.003,"Catherine in East Meadow, New York, you support President Biden.",whisper_canonical
1036,1036_w2912,2911,UNKNOWN,9,11649.879,11653.462,3.583,Are you are you concerned about his debate performance?,whisper_canonical
1036,1036_w2913,2912,UNKNOWN,4,11654.683,11657.045,2.362,"Uh, yes and no.",whisper_canonical
1036,1036_w2914,2913,UNKNOWN,4,11658.005,11659.647,1.642,"Uh, I felt that.",whisper_canonical
1036,1036_w2915,2914,UNKNOWN,14,11659.667,11667.973,8.306,"Uh, he tried to stick to the policies and everything in the time allotted.",whisper_canonical
1036,1036_w2916,2915,UNKNOWN,9,11667.993,11673.738,5.745,"Uh, former president Trump, he was with his rhetoric.",whisper_canonical
1036,1036_w2917,2916,UNKNOWN,3,11674.773,11675.914,1.141,of everything else.,whisper_canonical
1036,1036_w2918,2917,UNKNOWN,22,11676.134,11690.544,14.41,"I thought President Biden was presidential with just bringing up after Trump attacked him and attacked his son, calling him a criminal.",whisper_canonical
1036,1036_w2919,2918,UNKNOWN,10,11690.784,11695.447,4.663,"And after he leaves office, he will be indicted about",whisper_canonical
1036,1036_w2920,2919,UNKNOWN,2,11696.468,11697.669,1.201,Hunter Biden.,whisper_canonical
1036,1036_w2921,2920,UNKNOWN,5,11697.689,11699.97,2.281,I think that kind of,whisper_canonical
1036,1036_w2922,2921,UNKNOWN,15,11703.383,11713.005,9.622,"President Biden, a little bit more emotional in that moment before he regained his composure.",whisper_canonical
1036,1036_w2923,2922,UNKNOWN,13,11713.025,11719.867,6.842,"Katherine, what are some of the top issues for you in this campaign?",whisper_canonical
1036,1036_w2924,2923,UNKNOWN,4,11721.547,11725.408,3.861,"First, I think that",whisper_canonical
1036,1036_w2925,2924,UNKNOWN,23,11727.655,11739.525,11.87,"President Biden has to get, I think the news organizations have to take the questions that were asked and put down the facts.",whisper_canonical
1036,1036_w2926,2925,UNKNOWN,14,11740.466,11746.351,5.885,"As far as the economy goes, as far as job creations, as far as",whisper_canonical
1036,1036_w2927,2926,UNKNOWN,62,11747.382,11769.529,22.147,uh... when biden had turned around to say about he did make the mention about this congress he wasn't able to pass what he wants to do with the immigration right so captain there is lots of fact checking that happened during tonight's debate new york times washington post cnn politifact there are many outlets that you can go to to get,whisper_canonical
1036,1036_w2928,2927,UNKNOWN,13,11771.169,11775.971,4.802,to see what the candidates said and whether or not it was true.,whisper_canonical
1036,1036_w2929,2928,UNKNOWN,5,11776.132,11778.393,2.261,Politifact sent this tweet out.,whisper_canonical
1036,1036_w2930,2929,UNKNOWN,13,11778.453,11782.975,4.522,Donald Trump said million people have come over the border under Joe Biden.,whisper_canonical
1036,1036_w2931,2930,UNKNOWN,14,11783.115,11788.418,5.303,US Customs and Border data shows that nationwide border agents have stopped migrants about,whisper_canonical
1036,1036_w2932,2931,UNKNOWN,5,11789.818,11792.44,2.622,million times during Biden's presidency.,whisper_canonical
1036,1036_w2933,2932,UNKNOWN,7,11793.08,11795.643,2.563,Then you have Daniel Dale for CNN.,whisper_canonical
1036,1036_w2934,2933,UNKNOWN,11,11796.003,11800.067,4.064,Trump's claims about to million people entering under Biden is false.,whisper_canonical
1036,1036_w2935,2934,UNKNOWN,21,11800.248,11809.237,8.989,Total number of Biden-era encounters through May at both legal ports of entry and in between those ports was under million.,whisper_canonical
1036,1036_w2936,2935,UNKNOWN,15,11809.598,11814.022,4.424,Not all of those people are let in and many of them are repeat triers.,whisper_canonical
1036,1036_w2937,2936,UNKNOWN,6,11814.923,11816.105,1.182,Then you have political effect again.,whisper_canonical
1036,1036_w2938,2937,UNKNOWN,15,11816.145,11820.21,4.065,Donald Trump said virtually all the jobs created under Joe Biden have gone to migrants.,whisper_canonical
1036,1036_w2939,2938,UNKNOWN,3,11820.33,11821.011,0.681,This is false.,whisper_canonical
1036,1036_w2940,2939,UNKNOWN,8,11821.391,11824.154,2.763,"Under Biden, native born workers jobs rose by",whisper_canonical
1036,1036_w2941,2940,UNKNOWN,8,11825.256,11829.04,3.784,million. Foreign born workers jobs rose by million.,whisper_canonical
1036,1036_w2942,2941,UNKNOWN,9,11830.862,11833.605,2.743,Then you also have political effect on President Biden.,whisper_canonical
1036,1036_w2943,2942,UNKNOWN,8,11833.985,11835.987,2.002,Biden said Trump wanted to cut Social Security.,whisper_canonical
1036,1036_w2944,2943,UNKNOWN,15,11836.107,11840.351,4.244,Trump did tell CNBC that there's a lot you can do to cut Social Security.,whisper_canonical
1036,1036_w2945,2944,UNKNOWN,20,11840.751,11847.036,6.285,"But he quickly walked back his statement to match the position on his website, which is to protect the program.",whisper_canonical
1036,1036_w2946,2945,UNKNOWN,17,11848.357,11852.398,4.041,"Then there's this, Joe Biden said Donald Trump wants to get rid of the Affordable Care Act.",whisper_canonical
1036,1036_w2947,2946,UNKNOWN,3,11852.638,11853.578,0.94,That's half true.,whisper_canonical
1036,1036_w2948,2947,UNKNOWN,20,11853.898,11860.719,6.821,"For years, Trump vowed to repeal and replace the ACA, but in March, he changed his view without giving details.",whisper_canonical
1036,1036_w2949,2948,UNKNOWN,44,11861.179,11876.282,15.103,"There is fact checkers, and you can go to many websites, Politifact, CNN, Washington Post, New York Times, that's just some of them, but you can fact check yourself, look to see what people have researched on what you heard from the candidates tonight.",whisper_canonical
1036,1036_w2950,2949,UNKNOWN,9,11876.962,11881.125,4.163,"Sophia in Noblesville, Indiana, supporting a third party candidate.",whisper_canonical
1036,1036_w2951,2950,UNKNOWN,2,11881.185,11881.645,0.46,Which one?,whisper_canonical
1036,1036_w2952,2951,UNKNOWN,8,11883.667,11886.869,3.202,"Personally, after this debate, I am supporting Biden.",whisper_canonical
1036,1036_w2953,2952,UNKNOWN,13,11886.889,11894.774,7.885,I was really disappointed with how Trump did not really answer the question.,whisper_canonical
1036,1036_w2954,2953,UNKNOWN,25,11894.794,11901.879,7.085,She kept going back to Biden and saying he did not do rather than what he would do in those situations and answering the question.,whisper_canonical
1036,1036_w2955,2954,UNKNOWN,27,11903.851,11912.595,8.744,"Honestly, I thought Biden did a great job on being on topic and making sure to answer the questions while also addressing what Trump was also saying.",whisper_canonical
1036,1036_w2956,2955,UNKNOWN,14,11913.095,11918.497,5.402,"Sophia, your top issue in this campaign, why are you voting for President Biden?",whisper_canonical
1036,1036_w2957,2956,UNKNOWN,4,11919.618,11920.598,0.98,What are the issues?,whisper_canonical
1036,1036_w2958,2957,UNKNOWN,13,11921.539,11927.902,6.363,"I'm voting for Biden because honestly, I liked his answers during his debate.",whisper_canonical
1036,1036_w2959,2958,UNKNOWN,14,11928.722,11934.598,5.876,"Not only did he address the problem when he was asked, unlike Trump personally.",whisper_canonical
1036,1036_w2960,2959,UNKNOWN,26,11934.618,11944.501,9.883,I liked his stance on taxes specifically and how he was talking about the one percenters and the raising of taxes and his standpoint and why.,whisper_canonical
1036,1036_w2961,2960,UNKNOWN,19,11944.521,11954.285,9.764,I liked he I liked how he personally addressed the problems and also explained why he had those standpoints.,whisper_canonical
1036,1036_w2962,2961,UNKNOWN,16,11954.525,11960.147,5.622,Specifically I liked how he talked about Ukraine and Russia and addressing what Trump was saying.,whisper_canonical
1036,1036_w2963,2962,UNKNOWN,15,11960.727,11964.955,4.228,I thought that was that really turned my vote on how he was addressing that.,whisper_canonical
1036,1036_w2964,2963,UNKNOWN,8,11965.035,11969.919,4.884,And then also the issues with Iran specifically.,whisper_canonical
1036,1036_w2965,2964,UNKNOWN,5,11969.999,11971.42,1.421,I thought he was very.,whisper_canonical
1036,1036_w2966,2965,UNKNOWN,5,11972.421,11974.022,1.601,Well spoken during those moments.,whisper_canonical
1036,1036_w2967,2966,UNKNOWN,18,11974.223,11980.808,6.585,"All right, Sophia there in Indiana will go to Jacob here in Washington, DC, supporting the president Jacob.",whisper_canonical
1036,1036_w2968,2967,UNKNOWN,26,11982.409,11989.115,6.706,"Hi, yeah, I'm supporting Joe Biden in this election and I and I will say I'm not, you know, I'm not super thrilled about it man,",whisper_canonical
1036,1036_w2969,2968,UNKNOWN,24,11991.007,11998.052,7.045,We've gotten to a point now where to be a person in this country is to be frustrated with your leaders and your leadership.,whisper_canonical
1036,1036_w2970,2969,UNKNOWN,10,11998.352,12001.094,2.742,"And in this election, we really only have two choices.",whisper_canonical
1036,1036_w2971,2970,UNKNOWN,16,12001.594,12005.137,3.543,I don't really think RFK's brain worms are going to carry it over the finish line.,whisper_canonical
1036,1036_w2972,2971,UNKNOWN,8,12005.905,12010.247,4.342,And what do you make of Democratic strategists?,whisper_canonical
1036,1036_w2973,2972,UNKNOWN,7,12010.687,12013.948,3.261,Reporters are saying Democratic strategists are panicking.,whisper_canonical
1036,1036_w2974,2973,UNKNOWN,9,12014.588,12018.089,3.501,They didn't think that the president did well tonight.,whisper_canonical
1036,1036_w2975,2974,UNKNOWN,9,12018.99,12020.93,1.94,What do you make of that reaction from them?,whisper_canonical
1036,1036_w2976,2975,UNKNOWN,5,12020.95,12023.811,2.861,I think that's totally fair.,whisper_canonical
1036,1036_w2977,2976,UNKNOWN,8,12023.971,12026.432,2.461,"I mean, he had a really bad night.",whisper_canonical
1036,1036_w2978,2977,UNKNOWN,5,12026.552,12027.813,1.261,He didn't look very coherent.,whisper_canonical
1036,1036_w2979,2978,UNKNOWN,4,12027.833,12028.753,0.92,He didn't look strong.,whisper_canonical
1036,1036_w2980,2979,UNKNOWN,6,12029.193,12030.134,0.941,And it looked like he was,whisper_canonical
1036,1036_w2981,2980,UNKNOWN,14,12031.895,12036.578,4.683,quite frankly struggling to even make it through the full time of the debate.,whisper_canonical
1036,1036_w2982,2981,UNKNOWN,41,12036.598,12047.404,10.806,So yeah I mean it didn't really affect my position because I don't really think personally there's much of a choice just because of you know the fact that his opponent is a convicted felon who tried to overthrow the government.,whisper_canonical
1036,1036_w2983,2982,UNKNOWN,27,12049.205,12054.969,5.764,But yeah I mean he definitely had a bad night and honestly if this turned people off you know from voting for him I would understand that.,whisper_canonical
1036,1036_w2984,2983,UNKNOWN,4,12055.349,12056.23,0.881,All right Jacob there.,whisper_canonical
1036,1036_w2985,2984,UNKNOWN,5,12056.29,12056.95,0.66,Jacob how old are you?,whisper_canonical
1036,1036_w2986,2985,UNKNOWN,9,12060.178,12061.938,1.76,So this will be my first presidential election voting.,whisper_canonical
1036,1036_w2987,2986,UNKNOWN,3,12062.399,12062.979,0.58,"Oh, I'm sorry.",whisper_canonical
1036,1036_w2988,2987,UNKNOWN,4,12062.999,12063.599,0.6,I missed your age.,whisper_canonical
1036,1036_w2989,2988,UNKNOWN,4,12064.999,12067.44,2.441,I'm Jake up there.,whisper_canonical
1036,1036_w2990,2989,UNKNOWN,3,12067.94,12068.98,1.04,supporting the president.,whisper_canonical
1036,1036_w2991,2990,UNKNOWN,14,12069.6,12074.982,5.382,"On X, if you follow us on X at C-Span is our handle there.",whisper_canonical
1036,1036_w2992,2991,UNKNOWN,11,12075.022,12078.762,3.74,You can participate in a poll that we're doing this evening.,whisper_canonical
1036,1036_w2993,2992,UNKNOWN,6,12078.802,12081.563,2.761,Who won the CNN presidential debate?,whisper_canonical
1036,1036_w2994,2993,UNKNOWN,14,12081.643,12088.805,7.162,Right now it stands at of those participating saying that the former president won.,whisper_canonical
1036,1036_w2995,2994,UNKNOWN,14,12089.425,12097.087,7.662,"this first presidential debate over the sitting president, saying that Joe Biden won tonight.",whisper_canonical
1036,1036_w2996,2995,UNKNOWN,12,12097.207,12101.528,4.321,"Again, these are just the folks that are participating in our poll.",whisper_canonical
1036,1036_w2997,2996,UNKNOWN,19,12102.389,12107.57,5.181,"You can do it yourself if you'd like to, if you go to X at C-SPAN is our handle.",whisper_canonical
1036,1036_w2998,2997,UNKNOWN,6,12108.29,12110.511,2.221,"Jose and Rio Grande City, Texas.",whisper_canonical
1036,1036_w2999,2998,UNKNOWN,2,12111.491,12112.091,0.6,"Hi, Jose.",whisper_canonical
1036,1036_w3000,2999,UNKNOWN,6,12115.152,12117.793,2.641,"Jose and Texas, supporting President Trump.",whisper_canonical
1036,1036_w3001,3000,UNKNOWN,3,12117.993,12118.513,0.52,It's your turn.,whisper_canonical
1036,1036_w3002,3001,UNKNOWN,10,12120.922,12124.263,3.341,"All right, let me go to Sabrina, who's in Georgia.",whisper_canonical
1036,1036_w3003,3002,UNKNOWN,5,12124.443,12125.763,1.32,"Sabrina, who are you supporting?",whisper_canonical
1036,1036_w3004,3003,UNKNOWN,5,12125.783,12129.723,3.94,"Hi, I'm undecided right now.",whisper_canonical
1036,1036_w3005,3004,UNKNOWN,14,12130.444,12134.384,3.94,But I do feel like there is a life or death situation in America.,whisper_canonical
1036,1036_w3006,3005,UNKNOWN,9,12134.404,12136.425,2.021,And you need to either choose Trump or Biden.,whisper_canonical
1036,1036_w3007,3006,UNKNOWN,5,12136.445,12137.865,1.42,You can't choose third party.,whisper_canonical
1036,1036_w3008,3007,UNKNOWN,11,12137.885,12140.865,2.98,And why are you calling in on the third party line?,whisper_canonical
1036,1036_w3009,3008,UNKNOWN,10,12141.806,12145.806,4.0,I believe that third party is not feasible right now.,whisper_canonical
1036,1036_w3010,3009,UNKNOWN,6,12145.886,12147.567,1.681,And so you need to choose.,whisper_canonical
1036,1036_w3011,3010,UNKNOWN,9,12147.727,12149.927,2.2,And I have come to realization during this debate.,whisper_canonical
1036,1036_w3012,3011,UNKNOWN,11,12151.286,12153.368,2.082,"Okay, and what are the issues that are important to you?",whisper_canonical
1036,1036_w3013,3012,UNKNOWN,20,12154.569,12161.395,6.826,"Um, as a woman, I'm very pro-v-rovy-way, and that has made my realization that I need to vote for Biden.",whisper_canonical
1036,1036_w3014,3013,UNKNOWN,21,12161.996,12168.122,6.126,"And I was really upset, um, for Biden during this debate because he was not attacking Trump like he should have.",whisper_canonical
1036,1036_w3015,3014,UNKNOWN,29,12168.142,12176.309,8.167,"He seemed really weak, and Trump, on the other hand, was being overly attacking, and he was not able to discuss these issues and, uh, his points at all.",whisper_canonical
1036,1036_w3016,3015,UNKNOWN,2,12176.449,12176.85,0.401,And so...,whisper_canonical
1036,1036_w3017,3016,UNKNOWN,12,12177.41,12180.033,2.623,I'm leaning more towards Biden because of that and not third party.,whisper_canonical
1036,1036_w3018,3017,UNKNOWN,2,12180.314,12180.554,0.24,All right.,whisper_canonical
1036,1036_w3019,3018,UNKNOWN,15,12180.794,12186.421,5.627,That's Sabrina and Georgia says that abortion is the important issue for her this November.,whisper_canonical
1036,1036_w3020,3019,UNKNOWN,15,12186.942,12191.687,4.745,That topic did come up at the very beginning toward the beginning of tonight's debate.,whisper_canonical
1036,1036_w3021,3020,UNKNOWN,7,12192.048,12194.491,2.443,Hear both of the candidates on abortion.,whisper_canonical
1036,1036_w3022,3021,UNKNOWN,18,12195.764,12202.452,6.688,Seven states have no legal restrictions on how far into a pregnancy a woman can obtain an abortion.,whisper_canonical
1036,1036_w3023,3022,UNKNOWN,18,12203.152,12207.998,4.846,Do you support any legal limits on how late a woman should be able to terminate a pregnancy?,whisper_canonical
1036,1036_w3024,3023,UNKNOWN,10,12211.982,12214.342,2.36,The first time is between the woman and the doctor.,whisper_canonical
1036,1036_w3025,3024,UNKNOWN,11,12214.662,12218.283,3.621,The second time is between the doctor and an extreme situation.,whisper_canonical
1036,1036_w3026,3025,UNKNOWN,15,12218.643,12223.424,4.781,"The third time is between the doctor, I mean, between the woman and the state.",whisper_canonical
1036,1036_w3027,3026,UNKNOWN,22,12223.924,12231.605,7.681,"The idea that the politicians, that the founders want the politicians to be the ones making decisions about women's health is ridiculous.",whisper_canonical
1036,1036_w3028,3027,UNKNOWN,10,12231.905,12234.366,2.461,"That's the last, no politician should be making that decision.",whisper_canonical
1036,1036_w3029,3028,UNKNOWN,7,12234.746,12236.306,1.56,A doctor should be making those decisions.,whisper_canonical
1036,1036_w3030,3029,UNKNOWN,6,12236.626,12237.606,0.98,That's how it should be run.,whisper_canonical
1036,1036_w3031,3030,UNKNOWN,6,12238.106,12239.067,0.961,That's what you're going to do.,whisper_canonical
1036,1036_w3032,3031,UNKNOWN,10,12239.427,12241.247,1.82,"And if I'm elected, I'm going to restore Roe v.",whisper_canonical
1036,1036_w3033,3032,UNKNOWN,29,12241.287,12251.416,10.129,"Wade. So that means he can take the life of the baby in the ninth month and even after birth, because some states, Democrat run, take it after birth.",whisper_canonical
1036,1036_w3034,3033,UNKNOWN,19,12251.576,12256.478,4.902,"Again, the governor, former governor of Virginia, put the baby down, then we decide what to do with it.",whisper_canonical
1036,1036_w3035,3034,UNKNOWN,22,12256.798,12262.841,6.043,"So he's willing to, as we say, rip the baby out of the womb in the ninth month and kill the baby.",whisper_canonical
1036,1036_w3036,3035,UNKNOWN,8,12263.521,12266.342,2.821,"Nobody wants that to happen, Democrat or Republican.",whisper_canonical
1036,1036_w3037,3036,UNKNOWN,5,12266.402,12267.483,1.081,Nobody wants it to happen.,whisper_canonical
1036,1036_w3038,3037,UNKNOWN,5,12268.902,12270.324,1.422,That is simply not true.,whisper_canonical
1036,1036_w3039,3038,UNKNOWN,3,12270.344,12271.666,1.322,The Roe v.,whisper_canonical
1036,1036_w3040,3039,UNKNOWN,6,12271.706,12273.248,1.542,Wade does not provide for that.,whisper_canonical
1036,1036_w3041,3040,UNKNOWN,4,12273.588,12274.75,1.162,That's not the circumstance.,whisper_canonical
1036,1036_w3042,3041,UNKNOWN,12,12275.09,12277.113,2.023,"Only if a woman's life is in danger, she's going to die.",whisper_canonical
1036,1036_w3043,3042,UNKNOWN,9,12277.433,12279.316,1.883,That's the only circumstance in which that can happen.,whisper_canonical
1036,1036_w3044,3043,UNKNOWN,10,12279.696,12283.481,3.785,"But we are not for late-term abortion, period, period, period.",whisper_canonical
1036,1036_w3045,3044,UNKNOWN,9,12284.122,12286.786,2.664,"under Roe v Wade, you have late term abortion.",whisper_canonical
1036,1036_w3046,3045,UNKNOWN,10,12287.186,12289.289,2.103,"You can do whatever you want, depending on the state.",whisper_canonical
1036,1036_w3047,3046,UNKNOWN,6,12289.329,12290.371,1.042,You can do whatever you want.,whisper_canonical
1036,1036_w3048,3047,UNKNOWN,7,12290.832,12292.113,1.281,We don't think that's a good thing.,whisper_canonical
1036,1036_w3049,3048,UNKNOWN,6,12292.173,12293.475,1.302,We think it's a radical thing.,whisper_canonical
1036,1036_w3050,3049,UNKNOWN,10,12293.756,12296.66,2.904,"We think the Democrats are the radicals, not the Republicans.",whisper_canonical
1036,1036_w3051,3050,UNKNOWN,12,12299.323,12301.745,2.422,"years, Constance of Scholarship said it was the right way to go.",whisper_canonical
1036,1036_w3052,3051,UNKNOWN,17,12302.445,12307.649,5.204,"years, and it was taken away because this guy put very conservative members on the Supreme Court.",whisper_canonical
1036,1036_w3053,3052,UNKNOWN,7,12307.929,12309.35,1.421,He takes credit for taking it away.,whisper_canonical
1036,1036_w3054,3053,UNKNOWN,4,12309.73,12310.491,0.761,What's he gonna do?,whisper_canonical
1036,1036_w3055,3054,UNKNOWN,4,12310.811,12311.451,0.64,What's he gonna do?,whisper_canonical
1036,1036_w3056,3055,UNKNOWN,41,12311.511,12326.221,14.71,"In fact, if the Maga Republicans, he gets elected, and the Maga Republicans control the Congress, and they pass a universal ban on abortion period across the board at six weeks or seven or eight or weeks, something very, very conservative.",whisper_canonical
1036,1036_w3057,3056,UNKNOWN,6,12326.601,12327.622,1.021,Is he gonna sign that bill?,whisper_canonical
1036,1036_w3058,3057,UNKNOWN,3,12328.002,12328.663,0.661,I'll veto it.,whisper_canonical
1036,1036_w3059,3058,UNKNOWN,3,12328.983,12329.643,0.66,He'll sign it.,whisper_canonical
1036,1036_w3060,3059,UNKNOWN,23,12332.325,12339.969,7.644,"The two candidates tonight, squaring off in their first presidential debate, that issue right there, abortion, one of the many that they discussed.",whisper_canonical
1036,1036_w3061,3060,UNKNOWN,31,12341.13,12355.85,14.72,"In the spin room across from the studio that held the debate, the CNN presidential debate, Doug Burgum, the governor, former governor of North Dakota, one-time presidential candidates, talking to reporters.",whisper_canonical
1036,1036_w3062,3061,UNKNOWN,6,12356.051,12357.471,1.42,That's for the Democrats to decide.,whisper_canonical
1036,1036_w3063,3062,UNKNOWN,9,12357.511,12360.192,2.681,I think they've created this situation at their end.,whisper_canonical
1036,1036_w3064,3063,UNKNOWN,4,12360.252,12360.872,0.62,This is their end.,whisper_canonical
1036,1036_w3065,3064,UNKNOWN,10,12360.912,12362.572,1.66,They're going to have to work their way through that.,whisper_canonical
1036,1036_w3066,3065,UNKNOWN,6,12362.632,12364.093,1.461,But it doesn't matter who's up.,whisper_canonical
1036,1036_w3067,3066,UNKNOWN,9,12364.153,12365.553,1.4,President Trump is going to win in the fall.,whisper_canonical
1036,1036_w3068,3067,UNKNOWN,11,12365.573,12368.254,2.681,Do you think that the debate matters longer term for voters?,whisper_canonical
1036,1036_w3069,3068,UNKNOWN,29,12369.078,12378.468,9.39,"I think tonight maybe mattered more than any other presidential debate in history, because the contrast between President Trump's strength and Joe Biden's weakness was just so absolutely clear.",whisper_canonical
1036,1036_w3070,3069,UNKNOWN,21,12378.748,12383.793,5.045,"You could have watched this show tonight with the sound off, and you would have figured out who won that debate.",whisper_canonical
1036,1036_w3071,3070,UNKNOWN,6,12383.833,12384.915,1.082,It would have been President Trump.,whisper_canonical
1036,1036_w3072,3071,UNKNOWN,5,12386.236,12386.877,0.641,"Okay, we got to run.",whisper_canonical
1036,1036_w3073,3072,UNKNOWN,13,12386.897,12391.962,5.065,Do you have any indication of when President Trump's going to come forward?,whisper_canonical
1036,1036_w3074,3073,UNKNOWN,23,12394.337,12402.063,7.726,"That is the current governor of North Dakota there, Doug Burgum, also rumored to be a potential vice presidential pick for President Trump.",whisper_canonical
1036,1036_w3075,3074,UNKNOWN,11,12402.463,12406.166,3.703,"In the spin room in Atlanta, our cameras are there live.",whisper_canonical
1036,1036_w3076,3075,UNKNOWN,18,12406.406,12412.43,6.024,"This evening, we'll continue to show you what the supporters of these two candidates are telling the media.",whisper_canonical
1036,1036_w3077,3076,UNKNOWN,12,12412.87,12417.253,4.383,"And while we do that, we're getting your reaction to tonight's debate.",whisper_canonical
1036,1036_w3078,3077,UNKNOWN,10,12417.794,12422.497,4.703,"Arnold, in Miami, Florida, you're supporting the president, former president?",whisper_canonical
1036,1036_w3079,3078,UNKNOWN,3,12423.738,12424.298,0.56,"Yes, I am.",whisper_canonical
1036,1036_w3080,3079,UNKNOWN,4,12424.318,12426.7,2.382,Okay. Tell us why.,whisper_canonical
1036,1036_w3081,3080,UNKNOWN,2,12426.72,12428.721,2.001,All right.,whisper_canonical
1036,1036_w3082,3081,UNKNOWN,5,12428.761,12430.762,2.001,So in I didn't vote.,whisper_canonical
1036,1036_w3083,3082,UNKNOWN,6,12431.723,12433.624,1.901,But the economy has taken off.,whisper_canonical
1036,1036_w3084,3083,UNKNOWN,4,12434.845,12435.505,0.66,I was doing well.,whisper_canonical
1036,1036_w3085,3084,UNKNOWN,5,12436.386,12437.386,1.0,My family was doing well.,whisper_canonical
1036,1036_w3086,3085,UNKNOWN,7,12438.167,12440.148,1.981,And so I voted for him in,whisper_canonical
1036,1036_w3087,3086,UNKNOWN,2,12441.549,12442.069,0.52,And now,whisper_canonical
1036,1036_w3088,3087,UNKNOWN,2,12443.37,12443.75,0.38,it's it's,whisper_canonical
1036,1036_w3089,3088,UNKNOWN,4,12444.831,12445.671,0.84,everything's a lot harder.,whisper_canonical
1036,1036_w3090,3089,UNKNOWN,2,12446.312,12446.772,0.46,It's clear.,whisper_canonical
1036,1036_w3091,3090,UNKNOWN,2,12447.012,12447.312,0.3,"I mean,",whisper_canonical
1036,1036_w3092,3091,UNKNOWN,5,12448.333,12450.134,1.801,everything was reversed under Biden.,whisper_canonical
1036,1036_w3093,3092,UNKNOWN,19,12450.967,12456.19,5.223,"And all I know is my personal situation, and those are the things that matter to me, my family.",whisper_canonical
1036,1036_w3094,3093,UNKNOWN,6,12457.09,12458.531,1.441,That's why I'm voting for Trump.,whisper_canonical
1036,1036_w3095,3094,UNKNOWN,22,12460.492,12466.976,6.484,"And when we get to immigration too, I mean, we're talking about these numbers of fact checkers and, you know, million, million.",whisper_canonical
1036,1036_w3096,3095,UNKNOWN,5,12467.476,12468.757,1.281,"Listen, I worked in Manhattan.",whisper_canonical
1036,1036_w3097,3096,UNKNOWN,5,12469.077,12470.057,0.98,I lived in New Jersey.,whisper_canonical
1036,1036_w3098,3097,UNKNOWN,4,12472.139,12472.979,0.84,I have family there.,whisper_canonical
1036,1036_w3099,3098,UNKNOWN,2,12473.399,12474.08,0.681,It's visible.,whisper_canonical
1036,1036_w3100,3099,UNKNOWN,4,12474.9,12475.54,0.64,You can see it.,whisper_canonical
1036,1036_w3101,3100,UNKNOWN,5,12475.661,12476.681,1.02,The crime rate is up.,whisper_canonical
1036,1036_w3102,3101,UNKNOWN,5,12476.821,12478.262,1.441,It is directly affecting people.,whisper_canonical
1036,1036_w3103,3102,UNKNOWN,12,12479.08,12481.741,2.661,"So it doesn't matter what that number is, but it's affecting people.",whisper_canonical
1036,1036_w3104,3103,UNKNOWN,6,12482.622,12484.003,1.381,So we're voting based on that.,whisper_canonical
1036,1036_w3105,3104,UNKNOWN,2,12484.443,12484.703,0.26,All right.,whisper_canonical
1036,1036_w3106,3105,UNKNOWN,8,12484.943,12488.305,3.362,So that's why you're supporting the former president?,whisper_canonical
1036,1036_w3107,3106,UNKNOWN,3,12489.085,12490.006,0.921,Yes. All right.,whisper_canonical
1036,1036_w3108,3107,UNKNOWN,13,12490.046,12494.548,4.502,Do you have any concerns about the former president getting a second term?,whisper_canonical
1036,1036_w3109,3108,UNKNOWN,5,12496.249,12497.87,1.621,"No. No, not at all.",whisper_canonical
1036,1036_w3110,3109,UNKNOWN,22,12497.89,12503.553,5.663,"I mean, when he ran the first one, they said he was going to start World War III and this and that.",whisper_canonical
1036,1036_w3111,3110,UNKNOWN,4,12503.673,12504.513,0.84,None of that happening.,whisper_canonical
1036,1036_w3112,3111,UNKNOWN,6,12504.573,12506.274,1.701,Broker peace in the Middle East.,whisper_canonical
1036,1036_w3113,3112,UNKNOWN,6,12507.094,12508.195,1.101,You don't hear anything about that.,whisper_canonical
1036,1036_w3114,3113,UNKNOWN,15,12509.241,12513.764,4.523,"I'm less worried about that than I am, Biden looking like a corpse on TV.",whisper_canonical
1036,1036_w3115,3114,UNKNOWN,5,12514.525,12515.846,1.321,"All right, Arnold Sot's there.",whisper_canonical
1036,1036_w3116,3115,UNKNOWN,8,12515.926,12518.208,2.282,"We'll go to Brandon, who's undecided in Michigan.",whisper_canonical
1036,1036_w3117,3116,UNKNOWN,13,12518.568,12524.292,5.724,"Brandon, were you hoping tonight's debate would allow you to make a decision?",whisper_canonical
1036,1036_w3118,3117,UNKNOWN,18,12524.312,12531.157,6.845,"I was hoping that, but honestly, I think it was a pretty bad performance by both of them.",whisper_canonical
1036,1036_w3119,3118,UNKNOWN,10,12532.598,12538.442,5.844,Tell us where they both failed in your opinion tonight.,whisper_canonical
1036,1036_w3120,3119,UNKNOWN,20,12539.677,12544.058,4.381,"Obviously, age is a huge factor for Biden, but with Trump, for me, he couldn't stay on topic at all.",whisper_canonical
1036,1036_w3121,3120,UNKNOWN,23,12544.538,12550.16,5.622,"I mean, there were questions about climate change and how to help people get over addiction, and he kept coming back to immigration.",whisper_canonical
1036,1036_w3122,3121,UNKNOWN,18,12550.86,12558.902,8.042,And I'm undecided because I've been a staunch Bernie supporter since like I did vote for Biden in,whisper_canonical
1036,1036_w3123,3122,UNKNOWN,8,12559.903,12561.743,1.84,"Yeah, he's helping people out a little bit.",whisper_canonical
1036,1036_w3124,3123,UNKNOWN,14,12562.363,12566.805,4.442,"I cannot be good conscious, vote for someone who has this response towards Israel.",whisper_canonical
1036,1036_w3125,3124,UNKNOWN,24,12568.442,12573.217,4.775,"Trump, on the other hand, I'm open to listening to Republicans, but all I hear is things they want to take away from us.",whisper_canonical
1036,1036_w3126,3125,UNKNOWN,10,12573.518,12575.419,1.901,Not anything they want to do to help anybody out.,whisper_canonical
1036,1036_w3127,3126,UNKNOWN,17,12575.66,12581.984,6.324,"All right, Brandon, back in the spin room, Congressman Robert Garcia, Democrat of California, talking to reporters.",whisper_canonical
1036,1036_w3128,3127,UNKNOWN,12,12582.444,12586.187,3.743,"Every single day, the president is out doing events every single day.",whisper_canonical
1036,1036_w3129,3128,UNKNOWN,4,12586.407,12587.628,1.221,He's doing press conferences.,whisper_canonical
1036,1036_w3130,3129,UNKNOWN,4,12587.968,12589.029,1.061,He's out there campaigning.,whisper_canonical
1036,1036_w3131,3130,UNKNOWN,7,12589.129,12591.131,2.002,And we all see that every day.,whisper_canonical
1036,1036_w3132,3131,UNKNOWN,5,12591.151,12592.412,1.261,So this idea that somehow,whisper_canonical
1036,1036_w3133,3132,UNKNOWN,16,12594.533,12598.336,3.803,the cold is going to affect the outcome of the election I think is just so.,whisper_canonical
1036,1036_w3134,3133,UNKNOWN,59,12599.797,12618.072,18.275,"is that a problem is a problem though that you're getting questions about whether he's going to be on a ticket right I mean normally a candidate has a bad night and it's on to the next but you're getting these questions for a reason how much of a problem is that Look, I think you're asking the question.",whisper_canonical
1036,1036_w3135,3134,UNKNOWN,7,12618.092,12619.313,1.221,We're being very honest and very clear.,whisper_canonical
1036,1036_w3136,3135,UNKNOWN,5,12619.773,12621.074,1.301,Joe Biden is our nominee.,whisper_canonical
1036,1036_w3137,3136,UNKNOWN,4,12621.314,12622.035,0.721,He's a good man.,whisper_canonical
1036,1036_w3138,3137,UNKNOWN,3,12622.175,12622.755,0.58,We trust him.,whisper_canonical
1036,1036_w3139,3138,UNKNOWN,3,12622.815,12623.416,0.601,We're behind him.,whisper_canonical
1036,1036_w3140,3139,UNKNOWN,13,12623.996,12626.438,2.442,And I think the focus used to be on the contrast of tonight.,whisper_canonical
1036,1036_w3141,3140,UNKNOWN,19,12627.258,12632.922,5.664,The truth is that we had somebody in Donald Trump that all he did was lie every single time.,whisper_canonical
1036,1036_w3142,3141,UNKNOWN,6,12633.222,12634.683,1.461,He lied and lied and lied.,whisper_canonical
1036,1036_w3143,3142,UNKNOWN,27,12635.123,12642.628,7.505,And so I would much rather have a president that may have had a minor cold or maybe had a drink of water to clear his throat.,whisper_canonical
1036,1036_w3144,3143,UNKNOWN,35,12645.045,12655.914,10.869,"That's a good man that actually can deliver for the American people, because I know that Joe Biden is not going to lead a coup and lead a, essentially, an insurrectionist to attack the Capitol.",whisper_canonical
1036,1036_w3145,3144,UNKNOWN,11,12656.354,12658.736,2.382,Joe Biden is going to protect the Capitol and protect democracy.,whisper_canonical
1036,1036_w3146,3145,UNKNOWN,8,12659.096,12662.539,3.443,We have a convicted criminal in Donald Trump.,whisper_canonical
1036,1036_w3147,3146,UNKNOWN,9,12662.92,12665.602,2.682,"He's a criminal who faces multiple, multiple more counts.",whisper_canonical
1036,1036_w3148,3147,UNKNOWN,15,12665.882,12668.804,2.922,And I think that that contrast is going to be made to the American people.,whisper_canonical
1036,1036_w3149,3148,UNKNOWN,28,12670.346,12678.233,7.887,"Is it really fair to say that, for example, you're mentioning the conviction, but every indictment has polling numbers have only increased, has fundraising numbers have only increased.",whisper_canonical
1036,1036_w3150,3149,UNKNOWN,8,12678.294,12679.735,1.441,Is it really fair to make that argument?,whisper_canonical
1036,1036_w3151,3150,UNKNOWN,25,12680.015,12684.6,4.585,"Look, I think both candidates are obviously raising a lot of money, and I think at the end of the day polls have been close.",whisper_canonical
1036,1036_w3152,3151,UNKNOWN,11,12684.64,12686.502,1.862,We've always said this is going to be a close election.,whisper_canonical
1036,1036_w3153,3152,UNKNOWN,18,12686.522,12690.145,3.623,I think the Biden campaign has never once said this was not going to be a close election.,whisper_canonical
1036,1036_w3154,3153,UNKNOWN,9,12690.165,12691.847,1.682,It was always going to be a close election.,whisper_canonical
1036,1036_w3155,3154,UNKNOWN,62,12692.547,12710.3,17.753,"But the important thing is every single day from here to November, we're going to make a contrast between somebody that's lowered the price of insulin, expanded healthcare, protecting a woman's right to choose, and making sure that students in the LGBTQ plus community are supported versus someone who will literally let an attack on the Capitol and is a convicted criminal.",whisper_canonical
1036,1036_w3156,3155,UNKNOWN,7,12710.34,12712.021,1.681,And that's an important distinction to make.,whisper_canonical
1036,1036_w3157,3156,UNKNOWN,9,12714.675,12717.536,2.861,"Congressman Garcia, their Democrat of California, talking to reporters.",whisper_canonical
1036,1036_w3158,3157,UNKNOWN,11,12717.556,12723.077,5.521,You heard the reporters questioning him about concern by Democrats of,whisper_canonical
1036,1036_w3159,3158,UNKNOWN,7,12724.257,12726.118,1.861,President Joe Biden remaining as the nominee.,whisper_canonical
1036,1036_w3160,3159,UNKNOWN,25,12726.198,12733.98,7.782,"Peter Baker of the New York Times tweeting out, Biden hoped to build fresh momentum by agreeing to debate two months before he is nominated.",whisper_canonical
1036,1036_w3161,3160,UNKNOWN,25,12734.44,12745.563,11.123,"Instead, his halting and disjointed performance prompted a wave of panic among Democrats and reopened discussions of whether he should be the nominee at all.",whisper_canonical
1036,1036_w3162,3161,UNKNOWN,4,12746.163,12747.664,1.501,"Tim, Hanover Park, Illinois.",whisper_canonical
1036,1036_w3163,3162,UNKNOWN,8,12748.164,12750.305,2.141,"Tim, what did you think of tonight's debate?",whisper_canonical
1036,1036_w3164,3163,UNKNOWN,8,12752.387,12755.629,3.242,"I mean, I thought it was a joke.",whisper_canonical
1036,1036_w3165,3164,UNKNOWN,13,12755.849,12758.69,2.841,I watched the entire debate and I don't even remember anything that happened.,whisper_canonical
1036,1036_w3166,3165,UNKNOWN,3,12760.772,12761.372,0.6,I'd seem like...,whisper_canonical
1036,1036_w3167,3166,UNKNOWN,13,12762.613,12769.137,6.524,Can you recall the candidate's positions on one issue that you care about?,whisper_canonical
1036,1036_w3168,3167,UNKNOWN,5,12771.098,12772.419,1.321,"Yeah, I can recall the",whisper_canonical
1036,1036_w3169,3168,UNKNOWN,13,12773.477,12777.338,3.861,"the answer to the question about child care, none of them answered it.",whisper_canonical
1036,1036_w3170,3169,UNKNOWN,7,12777.658,12779.178,1.52,And I thought it was striking because,whisper_canonical
1036,1036_w3171,3170,UNKNOWN,9,12781.299,12785.479,4.18,Donald Trump in doubled the child care tax credit.,whisper_canonical
1036,1036_w3172,3171,UNKNOWN,10,12786.82,12788.34,1.52,And I bet he doesn't even know he did that.,whisper_canonical
1036,1036_w3173,3172,UNKNOWN,10,12789.46,12793.881,4.421,And in Joe Biden as part of the COVID stimulus,whisper_canonical
1036,1036_w3174,3173,UNKNOWN,15,12795.221,12800.502,5.281,increased it even more and said he was going to cut child poverty in half.,whisper_canonical
1036,1036_w3175,3174,UNKNOWN,13,12800.903,12806.984,6.081,"And then he let that expire, which naturally would did double child poverty.",whisper_canonical
1036,1036_w3176,3175,UNKNOWN,11,12807.445,12811.188,3.743,"So, and, and to, Donald Trump didn't even bring this up.",whisper_canonical
1036,1036_w3177,3176,UNKNOWN,21,12811.508,12816.553,5.045,"They don't even know what, they don't know what themselves have done and they don't know what each other have done.",whisper_canonical
1036,1036_w3178,3177,UNKNOWN,9,12817.214,12820.097,2.883,"They argued about, uh, golf school was a joke.",whisper_canonical
1036,1036_w3179,3178,UNKNOWN,21,12821.159,12829.686,8.527,"Okay, Tim there in Illinois, Matt Weiser tweeting out that the vice president, Kamala Harris was on CNN following tonight's debate.",whisper_canonical
1036,1036_w3180,3179,UNKNOWN,12,12830.287,12834.41,4.123,"And this is what she said, quote, Joe Biden is extraordinarily strong.",whisper_canonical
1036,1036_w3181,3180,UNKNOWN,15,12834.991,12838.413,3.422,What we saw tonight is the president making a very clear contrast with Donald Trump.,whisper_canonical
1036,1036_w3182,3181,UNKNOWN,14,12838.453,12843.558,5.105,"She says, yes, there was a slow start, but it was a strong finish.",whisper_canonical
1036,1036_w3183,3182,UNKNOWN,14,12844.699,12849.563,4.864,"John in Boise, Idaho, supporting the former president, John, how did your candidate do?",whisper_canonical
1036,1036_w3184,3183,UNKNOWN,11,12851.349,12854.031,2.682,"Biden, I don't think he's going to make it another term.",whisper_canonical
1036,1036_w3185,3184,UNKNOWN,5,12854.231,12856.011,1.78,He's going downhill pretty fast.,whisper_canonical
1036,1036_w3186,3185,UNKNOWN,15,12856.712,12863.195,6.483,"Donald Trump, when he was in office, he brought the work back to United States.",whisper_canonical
1036,1036_w3187,3186,UNKNOWN,5,12863.335,12864.595,1.26,He closed off the borders.,whisper_canonical
1036,1036_w3188,3187,UNKNOWN,10,12865.256,12870.398,5.142,"He did bring the work back, which I'm an electrician.",whisper_canonical
1036,1036_w3189,3188,UNKNOWN,9,12870.578,12874.0,3.422,"So they actually, he taxed me a union electrician.",whisper_canonical
1036,1036_w3190,3189,UNKNOWN,8,12874.36,12876.281,1.921,So he taxed me a little bit more.,whisper_canonical
1036,1036_w3191,3190,UNKNOWN,9,12876.781,12879.022,2.241,It didn't let me do my right office stuff.,whisper_canonical
1036,1036_w3192,3191,UNKNOWN,15,12879.594,12882.735,3.141,But I thought it was for the good because we had so much work is,whisper_canonical
1036,1036_w3193,3192,UNKNOWN,3,12884.056,12884.696,0.64,out of control.,whisper_canonical
1036,1036_w3194,3193,UNKNOWN,7,12885.636,12887.457,1.821,And so we made up for it.,whisper_canonical
1036,1036_w3195,3194,UNKNOWN,3,12889.037,12889.657,0.62,So I think,whisper_canonical
1036,1036_w3196,3195,UNKNOWN,4,12890.698,12891.718,1.02,I'm all for Trump.,whisper_canonical
1036,1036_w3197,3196,UNKNOWN,2,12892.198,12892.478,0.28,All right.,whisper_canonical
1036,1036_w3198,3197,UNKNOWN,15,12892.578,12898.02,5.442,"I think he's going to bring back the common commodity here and everything, the businesses.",whisper_canonical
1036,1036_w3199,3198,UNKNOWN,8,12898.56,12901.201,2.641,And I know Biden's got some businesses going.,whisper_canonical
1036,1036_w3200,3199,UNKNOWN,13,12901.901,12905.983,4.082,"And there is some stuff going on in Boise that he started, but",whisper_canonical
1036,1036_w3201,3200,UNKNOWN,7,12907.7,12909.422,1.722,Trump will do the exact same thing.,whisper_canonical
1036,1036_w3202,3201,UNKNOWN,5,12909.482,12910.783,1.301,He will not veto that.,whisper_canonical
1036,1036_w3203,3202,UNKNOWN,5,12911.424,12912.425,1.001,He will keep it going.,whisper_canonical
1036,1036_w3204,3203,UNKNOWN,3,12912.445,12914.267,1.822,Everything. All right.,whisper_canonical
1036,1036_w3205,3204,UNKNOWN,9,12914.868,12919.873,5.005,The candidates also talked about immigration tonight several times.,whisper_canonical
1036,1036_w3206,3205,UNKNOWN,17,12919.953,12924.057,4.104,"And if you missed any of tonight's debate, you'll be able to find it on our website.",whisper_canonical
1036,1036_w3207,3206,UNKNOWN,11,12924.077,12927.661,3.584,We're also going to re-arrot at midnight tonight in its entirety.,whisper_canonical
1036,1036_w3208,3207,UNKNOWN,13,12928.922,12931.965,3.043,"Not on the stage tonight, as many of you know, was Robert F.",whisper_canonical
1036,1036_w3209,3208,UNKNOWN,2,12932.025,12933.086,1.061,Kennedy Jr.,whisper_canonical
1036,1036_w3210,3209,UNKNOWN,23,12933.166,12941.333,8.167,He decided to hold his own debate where he would respond to the questions given to the two candidates at the CNN debate.,whisper_canonical
1036,1036_w3211,3210,UNKNOWN,4,12941.793,12943.235,1.442,Here's what RFK Jr.,whisper_canonical
1036,1036_w3212,3211,UNKNOWN,5,12943.255,12945.236,1.981,had to say on immigration.,whisper_canonical
1036,1036_w3213,3212,UNKNOWN,9,12947.318,12950.741,3.423,"Mr. Kennedy, the question which neither candidate answered was...",whisper_canonical
1036,1036_w3214,3213,UNKNOWN,10,12953.355,12957.596,4.241,There are millions of undocumented immigrants in the country now.,whisper_canonical
1036,1036_w3215,3214,UNKNOWN,4,12957.656,12958.376,0.72,What would you do?,whisper_canonical
1036,1036_w3216,3215,UNKNOWN,8,12959.437,12962.658,3.221,"Well, I want to comment on their digressions.",whisper_canonical
1036,1036_w3217,3216,UNKNOWN,16,12964.758,12969.239,4.481,Because I think President Trump is right that there's a lot of bad people coming across.,whisper_canonical
1036,1036_w3218,3217,UNKNOWN,4,12969.399,12971.02,1.621,I think that's undisputed.,whisper_canonical
1036,1036_w3219,3218,UNKNOWN,8,12971.12,12973.26,2.14,And we're seeing rise in crime that are,whisper_canonical
1036,1036_w3220,3219,UNKNOWN,4,12974.381,12975.541,1.16,associated with the immigrants.,whisper_canonical
1036,1036_w3221,3220,UNKNOWN,10,12975.581,12977.942,2.361,"But more importantly, there's just a sheer number of them.",whisper_canonical
1036,1036_w3222,3221,UNKNOWN,33,12979.222,12989.509,10.287,"And I think a lot of the Democrats allowed this to happen out of a humanitarian impulse, out of the impulse of compassion, but when you're actually down there and talking to people,",whisper_canonical
1036,1036_w3223,3222,UNKNOWN,5,12990.89,12992.531,1.641,it's not a compassionate solution.,whisper_canonical
1036,1036_w3224,3223,UNKNOWN,9,12992.991,12994.872,1.881,"The people that I talk to, many of them",whisper_canonical
1036,1036_w3225,3224,UNKNOWN,12,12995.933,12999.375,3.442,"have been extorted, they've been exploited, they've been robbed, they've been raped.",whisper_canonical
1036,1036_w3226,3225,UNKNOWN,18,13001.837,13006.52,4.683,We have an immigration policy in this country that is now being run by the Sinaloa drug cartel.,whisper_canonical
1036,1036_w3227,3226,UNKNOWN,13,13007.773,13011.215,3.442,The border patrol takes because they've been ordered not to do their job.,whisper_canonical
1036,1036_w3228,3227,UNKNOWN,4,13011.255,13012.796,1.541,They're catch and release.,whisper_canonical
1036,1036_w3229,3228,UNKNOWN,17,13013.857,13018.58,4.723,"They bring them to the Yuma airport, put them on a plane to any destination they want.",whisper_canonical
1036,1036_w3230,3229,UNKNOWN,3,13019.321,13020.001,0.68,This is true.,whisper_canonical
1036,1036_w3231,3230,UNKNOWN,7,13020.081,13021.822,1.741,"It sounds like hyperbole, but it's not.",whisper_canonical
1036,1036_w3232,3231,UNKNOWN,5,13022.022,13022.963,0.941,And they pay their ticket.,whisper_canonical
1036,1036_w3233,3232,UNKNOWN,4,13023.103,13026.785,3.682,And if they get,whisper_canonical
1036,1036_w3234,3233,UNKNOWN,3,13028.266,13029.347,1.081,"reimbursement from FEMA,",whisper_canonical
1036,1036_w3235,3234,UNKNOWN,2,13030.368,13030.928,0.56,it's insane.,whisper_canonical
1036,1036_w3236,3235,UNKNOWN,6,13031.328,13033.93,2.602,There's immigrants now in New York.,whisper_canonical
1036,1036_w3237,3236,UNKNOWN,4,13033.97,13035.031,1.061,And President Trump's right.,whisper_canonical
1036,1036_w3238,3237,UNKNOWN,6,13035.091,13036.352,1.261,They're being put up at hotels.,whisper_canonical
1036,1036_w3239,3238,UNKNOWN,7,13037.493,13038.677,1.184,Many of them are on the street.,whisper_canonical
1036,1036_w3240,3239,UNKNOWN,11,13040.834,13044.615,3.781,They have an asylum court date seven years in the future.,whisper_canonical
1036,1036_w3241,3240,UNKNOWN,4,13045.776,13046.976,1.2,They can't legally work.,whisper_canonical
1036,1036_w3242,3241,UNKNOWN,7,13047.676,13050.117,2.441,They're taking advantage of my predatory employers.,whisper_canonical
1036,1036_w3243,3242,UNKNOWN,14,13050.997,13056.999,6.002,"We're paying them or an hour, and those employers are bidding against union shops.",whisper_canonical
1036,1036_w3244,3243,UNKNOWN,14,13058.059,13062.08,4.021,"We're getting paid or an hour, and the union shops are losing the bid.",whisper_canonical
1036,1036_w3245,3244,UNKNOWN,19,13062.86,13068.562,5.702,They are camped out in Randall's Island on the playing fields where the children are supposed to be playing.,whisper_canonical
1036,1036_w3246,3245,UNKNOWN,2,13070.423,13072.285,1.862,"For sports,",whisper_canonical
1036,1036_w3247,3246,UNKNOWN,6,13073.367,13075.169,1.802,those fields were closed during COVID.,whisper_canonical
1036,1036_w3248,3247,UNKNOWN,29,13075.469,13084.821,9.352,"So these kids, these wonderful New York City kids or scholarship track could not play their sport and their lives were and now they're being the same things happening.",whisper_canonical
1036,1036_w3249,3248,UNKNOWN,8,13084.841,13086.843,2.002,They can't play their sport because there's immigrants.,whisper_canonical
1036,1036_w3250,3249,UNKNOWN,4,13086.883,13088.105,1.222,Time is up here.,whisper_canonical
1036,1036_w3251,3250,UNKNOWN,5,13090.757,13093.179,2.422,independent presidential candidate Robert F.,whisper_canonical
1036,1036_w3252,3251,UNKNOWN,2,13093.239,13094.159,0.92,Kennedy Jr.,whisper_canonical
1036,1036_w3253,3252,UNKNOWN,8,13094.76,13098.643,3.883,on the debate stage in a separate venue.,whisper_canonical
1036,1036_w3254,3253,UNKNOWN,26,13098.783,13108.509,9.726,"He held that debate responding to what the two candidates were asked at the CNN debate, streaming it on X and on a website as well.",whisper_canonical
1036,1036_w3255,3254,UNKNOWN,14,13109.47,13116.557,7.087,"We're getting your reaction to CNN's debate tonight, the first in this election cycle.",whisper_canonical
1036,1036_w3256,3255,UNKNOWN,7,13116.677,13119.06,2.383,There are the lines on your screen.,whisper_canonical
1036,1036_w3257,3256,UNKNOWN,7,13119.48,13121.202,1.722,Let's hear from Debbie in New York.,whisper_canonical
1036,1036_w3258,3257,UNKNOWN,6,13121.683,13123.424,1.741,"Debbie, why are you undecided still?",whisper_canonical
1036,1036_w3259,3258,UNKNOWN,2,13127.088,13127.849,0.761,Debbie. Hello.,whisper_canonical
1036,1036_w3260,3259,UNKNOWN,4,13128.089,13129.631,1.542,Hi. It's your turn.,whisper_canonical
1036,1036_w3261,3260,UNKNOWN,3,13130.031,13130.992,0.961,You are undecided.,whisper_canonical
1036,1036_w3262,3261,UNKNOWN,3,13131.032,13131.553,0.521,Tell us why.,whisper_canonical
1036,1036_w3263,3262,UNKNOWN,17,13133.646,13143.45,9.804,"I am undecided because the choice is really between Democrats, Republicans, as well as the third party.",whisper_canonical
1036,1036_w3264,3263,UNKNOWN,8,13143.851,13146.832,2.981,"I mean, it's like we have no hope.",whisper_canonical
1036,1036_w3265,3264,UNKNOWN,8,13148.292,13151.534,3.242,"It's really discouraging and disconcerting that we have,",whisper_canonical
1036,1036_w3266,3265,UNKNOWN,9,13152.734,13157.456,4.722,"you know, the choices we have are really disparaging.",whisper_canonical
1036,1036_w3267,3266,UNKNOWN,3,13157.577,13157.977,0.4,How are we?,whisper_canonical
1036,1036_w3268,3267,UNKNOWN,7,13159.205,13161.286,2.081,how and what can we possibly do?,whisper_canonical
1036,1036_w3269,3268,UNKNOWN,6,13161.346,13162.386,1.04,Where do we go from here?,whisper_canonical
1036,1036_w3270,3269,UNKNOWN,9,13162.686,13166.227,3.541,"Debbie, on the issues, who do you lean toward?",whisper_canonical
1036,1036_w3271,3270,UNKNOWN,2,13168.287,13169.267,0.98,Certainly Biden.,whisper_canonical
1036,1036_w3272,3271,UNKNOWN,4,13169.908,13173.749,3.841,His policies are excellent.,whisper_canonical
1036,1036_w3273,3272,UNKNOWN,4,13173.809,13175.609,1.8,He's accomplished so much.,whisper_canonical
1036,1036_w3274,3273,UNKNOWN,9,13176.469,13179.59,3.121,The only thing that concerns me is his health.,whisper_canonical
1036,1036_w3275,3274,UNKNOWN,9,13180.45,13183.091,2.641,"And I wish he was years younger, of course.",whisper_canonical
1036,1036_w3276,3275,UNKNOWN,8,13184.071,13185.511,1.44,Do you think he should be the nominee?,whisper_canonical
1036,1036_w3277,3276,UNKNOWN,11,13188.534,13191.496,2.962,I cannot say I don't think he should be the nominee.,whisper_canonical
1036,1036_w3278,3277,UNKNOWN,21,13191.576,13200.463,8.887,"I just wish that we had somebody who was younger, who was carrying the same policy, who thinks the same way,",whisper_canonical
1036,1036_w3279,3278,UNKNOWN,9,13201.484,13206.488,5.004,who accomplishes the same goals as President Biden does.,whisper_canonical
1036,1036_w3280,3279,UNKNOWN,13,13207.541,13210.662,3.121,"I really do like what he's doing, what he's done for the country.",whisper_canonical
1036,1036_w3281,3280,UNKNOWN,4,13210.682,13212.582,1.9,I like his decency.,whisper_canonical
1036,1036_w3282,3281,UNKNOWN,15,13212.662,13218.864,6.202,"I like him as a human being, as opposed to Trump who lies, I think.",whisper_canonical
1036,1036_w3283,3282,UNKNOWN,18,13219.264,13226.465,7.201,"I think we're, as Americans, we're all intelligent enough to know when we're being lied to so, so",whisper_canonical
1036,1036_w3284,3283,UNKNOWN,19,13227.526,13233.267,5.741,"blatantly. So Debbie, is there anything that the former president could do to convince you to vote for him?",whisper_canonical
1036,1036_w3285,3284,UNKNOWN,5,13236.796,13238.557,1.761,"No, to be honest, no.",whisper_canonical
1036,1036_w3286,3285,UNKNOWN,6,13238.757,13239.877,1.12,And then what would you do?,whisper_canonical
1036,1036_w3287,3286,UNKNOWN,14,13239.897,13244.8,4.903,"Because you sound you're leaning toward President Biden, but yet you say you're undecided.",whisper_canonical
1036,1036_w3288,3287,UNKNOWN,7,13244.9,13247.481,2.581,So what are you going to do?,whisper_canonical
1036,1036_w3289,3288,UNKNOWN,9,13247.581,13249.983,2.402,I am going to wait until the last moment.,whisper_canonical
1036,1036_w3290,3289,UNKNOWN,10,13250.243,13252.384,2.141,I have always been undecided to be honest with you.,whisper_canonical
1036,1036_w3291,3290,UNKNOWN,7,13252.744,13255.225,2.481,I was hoping Mitt Romney would run.,whisper_canonical
1036,1036_w3292,3291,UNKNOWN,6,13257.806,13259.647,1.841,anybody but Trump for God's sake.,whisper_canonical
1036,1036_w3293,3292,UNKNOWN,9,13260.087,13265.63,5.543,"OK, Tyler in Fort Morgan, Colorado, also undecided Tyler.",whisper_canonical
1036,1036_w3294,3293,UNKNOWN,5,13265.67,13266.81,1.14,Thanks for calling in tonight.,whisper_canonical
1036,1036_w3295,3294,UNKNOWN,16,13268.171,13272.112,3.941,"Yes ma'am, I just want to thank you so much for the opportunity to call in.",whisper_canonical
1036,1036_w3296,3295,UNKNOWN,7,13272.212,13274.293,2.081,I feel like more now than ever.,whisper_canonical
1036,1036_w3297,3296,UNKNOWN,5,13274.353,13276.854,2.501,This country is so divided.,whisper_canonical
1036,1036_w3298,3297,UNKNOWN,5,13276.974,13278.095,1.121,We need to come together.,whisper_canonical
1036,1036_w3299,3298,UNKNOWN,5,13279.195,13280.616,1.421,I'm leaning more towards Trump.,whisper_canonical
1036,1036_w3300,3299,UNKNOWN,10,13281.556,13284.838,3.282,I did vote for him in He's a viable leader.,whisper_canonical
1036,1036_w3301,3300,UNKNOWN,14,13286.068,13290.451,4.383,"When he came into office, he did what he promised to the American people.",whisper_canonical
1036,1036_w3302,3301,UNKNOWN,10,13292.613,13297.477,4.864,"With me being prior military, Trump is behind the troops.",whisper_canonical
1036,1036_w3303,3302,UNKNOWN,4,13297.537,13298.337,0.8,He's for the troops.,whisper_canonical
1036,1036_w3304,3303,UNKNOWN,4,13298.398,13299.418,1.02,He's for this country.,whisper_canonical
1036,1036_w3305,3304,UNKNOWN,18,13299.879,13308.846,8.967,And I've seen a lot more military programs underneath Trump as opposed to now where there's less programs.,whisper_canonical
1036,1036_w3306,3305,UNKNOWN,5,13308.906,13312.588,3.682,The VA is very undercompensated.,whisper_canonical
1036,1036_w3307,3306,UNKNOWN,6,13312.648,13314.51,1.862,The wait times are extremely longer.,whisper_canonical
1036,1036_w3308,3307,UNKNOWN,6,13315.541,13317.342,1.801,than what they were underneath Trump.,whisper_canonical
1036,1036_w3309,3308,UNKNOWN,6,13317.822,13320.102,2.28,"So, Tyler, what's your hesitation then?",whisper_canonical
1036,1036_w3310,3309,UNKNOWN,11,13320.703,13323.383,2.68,Why not say you're going to vote for the former president?,whisper_canonical
1036,1036_w3311,3310,UNKNOWN,12,13325.404,13329.065,3.661,I honestly was just trying to get through on the phone call.,whisper_canonical
1036,1036_w3312,3311,UNKNOWN,3,13329.425,13330.205,0.78,"Oh, all right.",whisper_canonical
1036,1036_w3313,3312,UNKNOWN,9,13330.245,13332.126,1.881,"I'm going to go to Roy in Garland, Texas.",whisper_canonical
1036,1036_w3314,3313,UNKNOWN,10,13332.626,13336.347,3.721,"Roy, you're going to vote for President Biden in November.",whisper_canonical
1036,1036_w3315,3314,UNKNOWN,7,13338.14,13343.281,5.141,"No, actually, the other line was busy.",whisper_canonical
1036,1036_w3316,3315,UNKNOWN,12,13343.701,13346.542,2.841,"Alright, come on guys, you gotta play along with the rules here.",whisper_canonical
1036,1036_w3317,3316,UNKNOWN,19,13346.562,13353.224,6.662,Call in on the line of the candidate you're supporting or if you're undecided or a third party candidate.,whisper_canonical
1036,1036_w3318,3317,UNKNOWN,4,13353.284,13354.724,1.44,"Debbie in Willis, Texas.",whisper_canonical
1036,1036_w3319,3318,UNKNOWN,2,13355.404,13356.224,0.82,Debbie? Yes.,whisper_canonical
1036,1036_w3320,3319,UNKNOWN,9,13356.484,13358.705,2.221,Who are you going to vote for in November?,whisper_canonical
1036,1036_w3321,3320,UNKNOWN,7,13359.993,13361.934,1.941,Donald Trump voted for him last time.,whisper_canonical
1036,1036_w3322,3321,UNKNOWN,11,13362.135,13365.257,3.122,I'll vote for him this time because he loves the U.S.,whisper_canonical
1036,1036_w3323,3322,UNKNOWN,9,13365.317,13366.798,1.481,and he will get us out of this mess.,whisper_canonical
1036,1036_w3324,3323,UNKNOWN,4,13367.298,13368.879,1.581,Biden is too old.,whisper_canonical
1036,1036_w3325,3324,UNKNOWN,6,13368.899,13370.64,1.741,I would never vote for him.,whisper_canonical
1036,1036_w3326,3325,UNKNOWN,2,13371.661,13372.021,0.36,"I mean,",whisper_canonical
1036,1036_w3327,3326,UNKNOWN,9,13373.162,13376.604,3.442,"you know, he's a joke and everybody knows it.",whisper_canonical
1036,1036_w3328,3327,UNKNOWN,8,13376.865,13378.366,1.501,He has nowhere he is half the time.,whisper_canonical
1036,1036_w3329,3328,UNKNOWN,3,13378.906,13379.867,0.961,Your top issues.,whisper_canonical
1036,1036_w3330,3329,UNKNOWN,2,13382.128,13382.469,0.341,The what?,whisper_canonical
1036,1036_w3331,3330,UNKNOWN,6,13382.689,13384.39,1.701,Your top issues in this campaign.,whisper_canonical
1036,1036_w3332,3331,UNKNOWN,5,13385.11,13385.871,0.761,What do you care about?,whisper_canonical
1036,1036_w3333,3332,UNKNOWN,16,13388.112,13392.114,4.002,All I care about is getting Trump in because he'll do the right thing with everything.,whisper_canonical
1036,1036_w3334,3333,UNKNOWN,6,13392.815,13393.735,0.92,He will take care of us.,whisper_canonical
1036,1036_w3335,3334,UNKNOWN,8,13394.156,13396.737,2.581,Our country is falling apart and everybody's scared.,whisper_canonical
1036,1036_w3336,3335,UNKNOWN,7,13397.237,13399.138,1.901,And Biden leaving all these immigrants in.,whisper_canonical
1036,1036_w3337,3336,UNKNOWN,9,13399.819,13403.581,3.762,I'm We're all scared because people are being killed.,whisper_canonical
1036,1036_w3338,3337,UNKNOWN,6,13403.901,13405.702,1.801,Thousands of them are coming across.,whisper_canonical
1036,1036_w3339,3338,UNKNOWN,4,13406.783,13407.843,1.06,He's not stopping it.,whisper_canonical
1036,1036_w3340,3339,UNKNOWN,4,13408.184,13409.124,0.94,Trump will stop it.,whisper_canonical
1036,1036_w3341,3340,UNKNOWN,19,13409.244,13413.907,4.663,"And I think they should put electric wire up there so that anybody tries to get in, zap them.",whisper_canonical
1036,1036_w3342,3341,UNKNOWN,14,13414.46,13420.643,6.183,"All right, Debbie Willis in Willis, Texas, talking about immigration, supporting the former president.",whisper_canonical
1036,1036_w3343,3342,UNKNOWN,32,13420.923,13436.65,15.727,"Many of you mentioned the topic of age, the president's age, as we showed you reporters talking to Democratic operatives and they are expressing concern about the president's performance and his age.",whisper_canonical
1036,1036_w3344,3343,UNKNOWN,7,13437.15,13439.452,2.302,It was brought up at tonight's debate.,whisper_canonical
1036,1036_w3345,3344,UNKNOWN,3,13439.692,13440.152,0.46,Take a listen.,whisper_canonical
1036,1036_w3346,3345,UNKNOWN,5,13441.778,13443.26,1.482,"President Biden, you would be",whisper_canonical
1036,1036_w3347,3346,UNKNOWN,7,13444.622,13446.244,1.622,at the end of your second term.,whisper_canonical
1036,1036_w3348,3347,UNKNOWN,20,13446.925,13453.473,6.548,How do you address concerns about your capability to handle the toughest job in the world well into your 80s?,whisper_canonical
1036,1036_w3349,3348,UNKNOWN,17,13454.907,13462.069,7.162,"Well, first of all, I spent half my career being criticized, being the youngest person in politics.",whisper_canonical
1036,1036_w3350,3349,UNKNOWN,18,13462.109,13466.711,4.602,"I was the second youngest person ever elected to the United States Senate, and now I'm the oldest.",whisper_canonical
1036,1036_w3351,3350,UNKNOWN,11,13467.091,13469.432,2.341,This guy is three years younger and a lot less competent.,whisper_canonical
1036,1036_w3352,3351,UNKNOWN,24,13470.132,13474.994,4.862,"I think that just look at the record, look at what I've done, look how I've turned around the horrible situation he left me.",whisper_canonical
1036,1036_w3353,3352,UNKNOWN,16,13475.334,13479.835,4.501,"Former President Trump, to follow up, you would be at the end of your second term.",whisper_canonical
1036,1036_w3354,3353,UNKNOWN,14,13480.336,13484.357,4.021,What do you say to voters who have concerns about your capabilities to serve?,whisper_canonical
1036,1036_w3355,3354,UNKNOWN,7,13484.765,13486.687,1.922,"Well, I took two tests, cognitive tests.",whisper_canonical
1036,1036_w3356,3355,UNKNOWN,9,13486.787,13488.73,1.943,"I aced them, both of them, as you know.",whisper_canonical
1036,1036_w3357,3356,UNKNOWN,4,13489.23,13490.051,0.821,We made it public.,whisper_canonical
1036,1036_w3358,3357,UNKNOWN,3,13490.191,13490.772,0.581,He took none.,whisper_canonical
1036,1036_w3359,3358,UNKNOWN,7,13490.812,13491.873,1.061,I'd like to see him take one.,whisper_canonical
1036,1036_w3360,3359,UNKNOWN,6,13491.934,13493.355,1.421,"Just one, a real easy one.",whisper_canonical
1036,1036_w3361,3360,UNKNOWN,7,13493.796,13495.277,1.481,"Like, go through the first five questions.",whisper_canonical
1036,1036_w3362,3361,UNKNOWN,4,13495.297,13495.898,0.601,He couldn't do it.,whisper_canonical
1036,1036_w3363,3362,UNKNOWN,6,13496.559,13497.961,1.402,But I took two cognitive tests.,whisper_canonical
1036,1036_w3364,3363,UNKNOWN,6,13498.061,13500.103,2.042,I took physical exams every year.,whisper_canonical
1036,1036_w3365,3364,UNKNOWN,18,13500.964,13505.587,4.623,"And, you know, we knock on wood wherever we may have wood, that I'm in very good health.",whisper_canonical
1036,1036_w3366,3365,UNKNOWN,13,13505.687,13510.191,4.504,"I just won two club championships, not even senior, two regular club championships.",whisper_canonical
1036,1036_w3367,3366,UNKNOWN,22,13510.231,13515.014,4.783,"To do that, you have to be quite smart, and you have to be able to hit the ball a long way.",whisper_canonical
1036,1036_w3368,3367,UNKNOWN,4,13515.434,13515.935,0.501,And I do it.,whisper_canonical
1036,1036_w3369,3368,UNKNOWN,4,13516.135,13516.715,0.58,He doesn't do it.,whisper_canonical
1036,1036_w3370,3369,UNKNOWN,6,13516.755,13517.936,1.181,He can't hit a ball yards.,whisper_canonical
1036,1036_w3371,3370,UNKNOWN,7,13517.976,13519.257,1.281,He challenged me to a golf match.,whisper_canonical
1036,1036_w3372,3371,UNKNOWN,6,13519.717,13520.938,1.221,He can't hit a ball yards.,whisper_canonical
1036,1036_w3373,3372,UNKNOWN,7,13521.959,13523.18,1.221,I think I'm in very good shape.,whisper_canonical
1036,1036_w3374,3373,UNKNOWN,10,13523.26,13525.621,2.361,I feel that I'm in good shape as I was,whisper_canonical
1036,1036_w3375,3374,UNKNOWN,2,13526.882,13527.242,0.36,years ago.,whisper_canonical
1036,1036_w3376,3375,UNKNOWN,7,13527.262,13528.844,1.582,"Actually, I'm probably a little bit lighter.",whisper_canonical
1036,1036_w3377,3376,UNKNOWN,10,13529.524,13531.785,2.261,But I'm in as good a shape as I was,whisper_canonical
1036,1036_w3378,3377,UNKNOWN,2,13532.845,13533.325,0.48,years ago.,whisper_canonical
1036,1036_w3379,3378,UNKNOWN,4,13533.345,13533.965,0.62,I feel very good.,whisper_canonical
1036,1036_w3380,3379,UNKNOWN,4,13533.985,13534.585,0.6,I feel the same.,whisper_canonical
1036,1036_w3381,3380,UNKNOWN,11,13534.925,13537.226,2.301,"But I took, I was willing to take a cognitive test.",whisper_canonical
1036,1036_w3382,3381,UNKNOWN,12,13537.486,13539.287,1.801,"And you know what, if I didn't do well, I aced him.",whisper_canonical
1036,1036_w3383,3382,UNKNOWN,27,13540.127,13548.349,8.222,"You can see he is six foot five and only pounds or I told you before, I'm happy to play golf if you carry your own bag.",whisper_canonical
1036,1036_w3384,3383,UNKNOWN,5,13549.409,13550.169,0.76,Think you can do it?,whisper_canonical
1036,1036_w3385,3384,UNKNOWN,11,13551.03,13553.75,2.72,That's the biggest lie that he's a six handicap of all.,whisper_canonical
1036,1036_w3386,3385,UNKNOWN,5,13554.33,13555.551,1.221,I was an eight handicap.,whisper_canonical
1036,1036_w3387,3386,UNKNOWN,2,13555.591,13556.511,0.92,Yeah. Eight.,whisper_canonical
1036,1036_w3388,3387,UNKNOWN,8,13559.493,13560.936,1.443,"I've seen you swing, I know you swing.",whisper_canonical
1036,1036_w3389,3388,UNKNOWN,5,13561.538,13562.981,1.443,Let's not act like children.,whisper_canonical
1036,1036_w3390,3389,UNKNOWN,6,13563.001,13564.224,1.223,"President Trump, we're going to learn.",whisper_canonical
1036,1036_w3391,3390,UNKNOWN,5,13564.244,13565.447,1.203,Let's not act like children.,whisper_canonical
1036,1036_w3392,3391,UNKNOWN,29,13567.709,13579.759,12.05,"One of the moments from tonight's presidential debate, the first in this election cycle with the two presumptive nominees from each party, a debate taking place before the conventions.",whisper_canonical
1036,1036_w3393,3392,UNKNOWN,26,13580.279,13591.769,11.49,"Republicans will meet in Milwaukee in July for their convention, Democrats in Chicago in August to formally nominate these two candidates, Jeff and Flowery Branch, Georgia.",whisper_canonical
1036,1036_w3394,3393,UNKNOWN,5,13592.409,13593.61,1.201,"Jeff, who do you support?",whisper_canonical
1036,1036_w3395,3394,UNKNOWN,4,13593.73,13595.772,2.042,"Yes, yes, that's correct.",whisper_canonical
1036,1036_w3396,3395,UNKNOWN,2,13595.812,13596.172,0.36,Good evening.,whisper_canonical
1036,1036_w3397,3396,UNKNOWN,4,13596.252,13597.353,1.101,I'm an independent voter.,whisper_canonical
1036,1036_w3398,3397,UNKNOWN,12,13597.373,13601.036,3.663,I wish there was a stronger third party in the United States.,whisper_canonical
1036,1036_w3399,3398,UNKNOWN,34,13602.017,13610.684,8.667,I would like to point out to a lot of the callers that call in that you know the border problem has existed since the 60s or even a little bit earlier than that.,whisper_canonical
1036,1036_w3400,3399,UNKNOWN,17,13611.145,13617.51,6.365,So how many presidents have we had for both parties that have not dealt with that issue?,whisper_canonical
1036,1036_w3401,3400,UNKNOWN,7,13618.03,13619.912,1.882,So that's not an issue just today.,whisper_canonical
1036,1036_w3402,3401,UNKNOWN,12,13620.132,13624.375,4.243,It's been an issue that existed for years and years and years.,whisper_canonical
1036,1036_w3403,3402,UNKNOWN,11,13624.956,13631.201,6.245,Now the GOP party cut the border funding by They passed,whisper_canonical
1036,1036_w3404,3403,UNKNOWN,14,13633.042,13639.087,6.045,"a law, or not a law, one of their programs, that cut security guards.",whisper_canonical
1036,1036_w3405,3404,UNKNOWN,6,13639.128,13640.789,1.661,So Biden and Henry build that.,whisper_canonical
1036,1036_w3406,3405,UNKNOWN,15,13641.61,13646.431,4.821,"And the thing that I like to point out is Okay, so Biden struggled tonight.",whisper_canonical
1036,1036_w3407,3406,UNKNOWN,8,13646.531,13648.492,1.961,I didn't think it was an impressive performance.,whisper_canonical
1036,1036_w3408,3407,UNKNOWN,8,13649.093,13651.774,2.681,But the other candidate never answered a question.,whisper_canonical
1036,1036_w3409,3408,UNKNOWN,13,13652.375,13656.537,4.162,"The only thing I ever heard through the whole conversation was, I'm great.",whisper_canonical
1036,1036_w3410,3409,UNKNOWN,3,13656.557,13657.418,0.861,I'm the greatest.,whisper_canonical
1036,1036_w3411,3410,UNKNOWN,5,13657.778,13658.839,1.061,I've been the greatest ever.,whisper_canonical
1036,1036_w3412,3411,UNKNOWN,4,13658.959,13659.679,0.72,I'll be the greatest.,whisper_canonical
1036,1036_w3413,3412,UNKNOWN,5,13660.159,13661.8,1.641,That's all that man said.,whisper_canonical
1036,1036_w3414,3413,UNKNOWN,7,13662.081,13663.561,1.48,"So Jeff, who are you voting for?",whisper_canonical
1036,1036_w3415,3414,UNKNOWN,7,13663.641,13665.002,1.361,Who are you voting for in November?,whisper_canonical
1036,1036_w3416,3415,UNKNOWN,6,13666.383,13667.864,1.481,I am leaning towards Joe Biden.,whisper_canonical
1036,1036_w3417,3416,UNKNOWN,33,13668.224,13680.302,12.078,"But the reason I'm leading towards Joe Biden is you can't put a person in office Number one, because of his convicted felons, he now cannot visit so many countries in the world.",whisper_canonical
1036,1036_w3418,3417,UNKNOWN,15,13681.442,13687.287,5.845,"Number two, this individual said, I'm the second Messiah that came out of his mouth.",whisper_canonical
1036,1036_w3419,3418,UNKNOWN,7,13687.827,13690.289,2.462,He said he is the white Mandela.,whisper_canonical
1036,1036_w3420,3419,UNKNOWN,14,13691.51,13697.955,6.445,He's also referred Hitler numerous times and that he wants to be a dictator.,whisper_canonical
1036,1036_w3421,3420,UNKNOWN,5,13698.536,13700.197,1.661,You can't put it individual.,whisper_canonical
1036,1036_w3422,3421,UNKNOWN,12,13700.882,13705.123,4.241,in the White House that says he wants to be a dictator.,whisper_canonical
1036,1036_w3423,3422,UNKNOWN,9,13705.424,13707.564,2.14,And that's the only thing he's out to be.,whisper_canonical
1036,1036_w3424,3423,UNKNOWN,3,13707.864,13708.465,0.601,"All right, Jeff.",whisper_canonical
1036,1036_w3425,3424,UNKNOWN,10,13708.805,13714.026,5.221,"William in Winwood, Oklahoma, supporting President Trump, former President Trump.",whisper_canonical
1036,1036_w3426,3425,UNKNOWN,3,13714.066,13714.567,0.501,Is that right?,whisper_canonical
1036,1036_w3427,3426,UNKNOWN,4,13715.827,13716.627,0.8,"Yes, ma'am, it is.",whisper_canonical
1036,1036_w3428,3427,UNKNOWN,2,13716.807,13717.147,0.34,All right.,whisper_canonical
1036,1036_w3429,3428,UNKNOWN,5,13717.448,13718.628,1.18,And what did you like?,whisper_canonical
1036,1036_w3430,3429,UNKNOWN,10,13718.928,13721.849,2.921,What did you hear from him tonight that you liked?,whisper_canonical
1036,1036_w3431,3430,UNKNOWN,8,13721.869,13726.29,4.421,I liked his immigration policy he talked about.,whisper_canonical
1036,1036_w3432,3431,UNKNOWN,5,13726.31,13727.791,1.481,I don't think he really,whisper_canonical
1036,1036_w3433,3432,UNKNOWN,29,13729.233,13741.0,11.767,"I fully went in the depth about his plan for the mass deportations, but I believe that that is a viable and probably a good direction for our country.",whisper_canonical
1036,1036_w3434,3433,UNKNOWN,12,13741.02,13744.402,3.382,"I think if you look at most the countries in the world,",whisper_canonical
1036,1036_w3435,3434,UNKNOWN,11,13745.663,13749.385,3.722,this kind of immigration has never been seen before in history.,whisper_canonical
1036,1036_w3436,3435,UNKNOWN,10,13749.405,13753.987,4.582,"And the, it's playing a fire if you ask me.",whisper_canonical
1036,1036_w3437,3436,UNKNOWN,10,13754.688,13756.449,1.761,And I think we need to take a step back.,whisper_canonical
1036,1036_w3438,3437,UNKNOWN,8,13759.062,13765.365,6.303,"and kind of reevaluate, I guess, what's happening.",whisper_canonical
1036,1036_w3439,3438,UNKNOWN,5,13765.385,13767.365,1.98,"I mean, this is unprecedented.",whisper_canonical
1036,1036_w3440,3439,UNKNOWN,9,13767.385,13769.406,2.021,It never happened before in history on this scale.,whisper_canonical
1036,1036_w3441,3440,UNKNOWN,2,13770.026,13770.707,0.681,All right.,whisper_canonical
1036,1036_w3442,3441,UNKNOWN,14,13771.367,13776.009,4.642,Yes. So I think his immigration was a big thing I was focusing on.,whisper_canonical
1036,1036_w3443,3442,UNKNOWN,9,13776.289,13780.41,4.121,"OK. John, in Illinois, supporting President Biden, right, John?",whisper_canonical
1036,1036_w3444,3443,UNKNOWN,4,13782.831,13783.712,0.881,"Yes, yes, I am.",whisper_canonical
1036,1036_w3445,3444,UNKNOWN,4,13784.272,13785.132,0.86,And tell us why.,whisper_canonical
1036,1036_w3446,3445,UNKNOWN,9,13785.172,13786.913,1.741,What did you hear from him that you liked?,whisper_canonical
1036,1036_w3447,3446,UNKNOWN,14,13788.836,13793.778,4.942,"Well, I wasn't so much what I heard from the president that I liked.",whisper_canonical
1036,1036_w3448,3447,UNKNOWN,6,13794.238,13795.358,1.12,It's more what he didn't say.,whisper_canonical
1036,1036_w3449,3448,UNKNOWN,26,13795.418,13803.021,7.603,"What I mean by that is, you know, I'm counting on President Biden to really take a different stance, especially on foreign policy coming up here.",whisper_canonical
1036,1036_w3450,3449,UNKNOWN,7,13803.761,13805.302,1.541,Because I think that's one place where,whisper_canonical
1036,1036_w3451,3450,UNKNOWN,9,13806.542,13809.983,3.441,"there is domestic, Trump also really gets through on,",whisper_canonical
1036,1036_w3452,3451,UNKNOWN,6,13811.224,13812.964,1.74,"you know, with his anti-China rhetoric.",whisper_canonical
1036,1036_w3453,3452,UNKNOWN,12,13813.084,13815.165,2.081,Something like that is what I'm expecting to come from the president.,whisper_canonical
1036,1036_w3454,3453,UNKNOWN,18,13816.902,13823.167,6.265,"John, what do you make of the consternation by Democrats that the president did not perform well tonight?",whisper_canonical
1036,1036_w3455,3454,UNKNOWN,10,13825.309,13828.271,2.962,"Well, the consternation, that really comes down to, I think,",whisper_canonical
1036,1036_w3456,3455,UNKNOWN,20,13829.372,13836.617,7.245,"just kind of how, you know, bothered the president seemed to be at least with just with Trump's presence there.",whisper_canonical
1036,1036_w3457,3456,UNKNOWN,47,13837.018,13851.719,14.701,"You know, again, what I'm really counting on Biden to do, though it is a specific policy option, I want him and expecting him to line up several divisions of the army, roll up Mexico all the way to Columbia, and then drop some paratroopers on Mexico.",whisper_canonical
1036,1036_w3458,3457,UNKNOWN,7,13851.739,13854.08,2.341,We'll go to Camille in New York.,whisper_canonical
1036,1036_w3459,3458,UNKNOWN,4,13854.64,13856.22,1.58,"Camille, you were undecided.",whisper_canonical
1036,1036_w3460,3459,UNKNOWN,4,13857.301,13858.801,1.5,"Yes, so I am.",whisper_canonical
1036,1036_w3461,3460,UNKNOWN,12,13859.241,13862.262,3.021,"And what did you think of the debate tonight, given you're undecided?",whisper_canonical
1036,1036_w3462,3461,UNKNOWN,10,13863.523,13866.263,2.74,"Well, I thought the moderators did a very good job.",whisper_canonical
1036,1036_w3463,3462,UNKNOWN,18,13866.504,13870.905,4.401,I thought that they asked very relevant questions to issues that a lot of people have concerns about.,whisper_canonical
1036,1036_w3464,3463,UNKNOWN,10,13872.332,13875.495,3.163,I was not impressed with any answers from either side.,whisper_canonical
1036,1036_w3465,3464,UNKNOWN,5,13875.515,13877.896,2.381,I am a registered Democrat.,whisper_canonical
1036,1036_w3466,3465,UNKNOWN,10,13877.976,13880.498,2.522,I did vote for President Biden at the previous election.,whisper_canonical
1036,1036_w3467,3466,UNKNOWN,23,13881.979,13889.424,7.445,"During the Democratic primaries in New York, I handed in a blank slip because I've been unhappy with how Biden has been running.",whisper_canonical
1036,1036_w3468,3467,UNKNOWN,10,13889.444,13892.646,3.202,I don't think I would ever vote for Donald Trump.,whisper_canonical
1036,1036_w3469,3468,UNKNOWN,15,13893.307,13896.629,3.322,I'm just really not sure what to do right now with what we're being given.,whisper_canonical
1036,1036_w3470,3469,UNKNOWN,9,13897.069,13899.431,2.362,And what are you concerned about with the president?,whisper_canonical
1036,1036_w3471,3470,UNKNOWN,3,13900.271,13901.112,0.841,The foreign policy?,whisper_canonical
1036,1036_w3472,3471,UNKNOWN,3,13902.603,13903.864,1.261,absolutely foreign policy.,whisper_canonical
1036,1036_w3473,3472,UNKNOWN,15,13903.944,13908.086,4.142,I'm concerned about a free state of Palestine and how things in Israel are going.,whisper_canonical
1036,1036_w3474,3473,UNKNOWN,7,13909.386,13911.707,2.321,Just concerns in general with Roe v.,whisper_canonical
1036,1036_w3475,3474,UNKNOWN,5,13911.747,13915.069,3.322,"Wade being overturned, LGBTQ rights,",whisper_canonical
1036,1036_w3476,3475,UNKNOWN,20,13916.31,13922.432,6.122,how things are going with education and things that have been passed in other states regarding religion in the schools.,whisper_canonical
1036,1036_w3477,3476,UNKNOWN,2,13922.753,13922.973,0.22,And I,whisper_canonical
1036,1036_w3478,3477,UNKNOWN,11,13924.113,13927.015,2.902,think that things are just a little bit scary right now.,whisper_canonical
1036,1036_w3479,3478,UNKNOWN,10,13927.355,13932.74,5.385,"Camille, What should the president do to get your vote?",whisper_canonical
1036,1036_w3480,3479,UNKNOWN,18,13934.461,13937.924,3.463,I think he should take a harder stance on a lot of these issues that I mentioned previously.,whisper_canonical
1036,1036_w3481,3480,UNKNOWN,11,13937.944,13944.548,6.604,Do you think he should remain the nominee after tonight's debate?,whisper_canonical
1036,1036_w3482,3481,UNKNOWN,13,13944.568,13949.051,4.483,"To be totally honest in a perfect role, I don't think he would.",whisper_canonical
1036,1036_w3483,3482,UNKNOWN,5,13949.692,13950.392,0.7,I don't think he should.,whisper_canonical
1036,1036_w3484,3483,UNKNOWN,5,13950.432,13951.153,0.721,You don't think he should.,whisper_canonical
1036,1036_w3485,3484,UNKNOWN,4,13951.393,13952.974,1.581,Who would replace him?,whisper_canonical
1036,1036_w3486,3485,UNKNOWN,9,13954.035,13958.038,4.003,"At this point, it's June 27th, four months away.",whisper_canonical
1036,1036_w3487,3486,UNKNOWN,4,13960.1,13963.283,3.183,from the general election.,whisper_canonical
1036,1036_w3488,3487,UNKNOWN,5,13963.363,13964.204,0.841,I don't have an answer.,whisper_canonical
1036,1036_w3489,3488,UNKNOWN,3,13964.224,13964.824,0.6,I don't know.,whisper_canonical
1036,1036_w3490,3489,UNKNOWN,5,13965.925,13967.486,1.561,Camille there in New York.,whisper_canonical
1036,1036_w3491,3490,UNKNOWN,26,13967.626,13974.953,7.327,"More of your calls coming up here, but first joining us from inside the spin room is Meg Kinard, National Politics reporter with the Associated Press.",whisper_canonical
1036,1036_w3492,3491,UNKNOWN,10,13975.473,13978.656,3.183,"Meg Kinard, what is the headline tomorrow from this debate?",whisper_canonical
1036,1036_w3493,3492,UNKNOWN,8,13981.407,13982.548,1.141,"Hey there, it's good to be with you.",whisper_canonical
1036,1036_w3494,3493,UNKNOWN,18,13982.608,13987.713,5.105,I think the headline from this debate is it probably didn't change a whole lot of Americans' minds.,whisper_canonical
1036,1036_w3495,3494,UNKNOWN,47,13988.094,14002.509,14.415,"We often hear that coming into these things, but I would say that coming out of tonight, there are probably those who don't love Donald Trump, who are probably still feeling that way, and voters who don't love Joe Biden are probably still feeling that way, too.",whisper_canonical
1036,1036_w3496,3495,UNKNOWN,30,14002.969,14011.072,8.103,"Of course, we're hearing different versions of who won, who lost, and who's up and who's down from a lot of the surrogates doing spin in the room behind me.",whisper_canonical
1036,1036_w3497,3496,UNKNOWN,24,14011.532,14017.834,6.302,But it's those voters in the middle who really haven't yet decided exactly what's going on for them when it comes to November 5th.,whisper_canonical
1036,1036_w3498,3497,UNKNOWN,20,14018.335,14022.656,4.321,I still don't feel like they necessarily have a clear picture of what they're going to be doing after tonight.,whisper_canonical
1036,1036_w3499,3498,UNKNOWN,17,14023.296,14027.398,4.102,"And they have a couple more months to decide, but that timeline is getting shorter and shorter.",whisper_canonical
1036,1036_w3500,3499,UNKNOWN,11,14028.158,14034.844,6.686,What questions are reporters asking of those supporters for President Biden?,whisper_canonical
1036,1036_w3501,3500,UNKNOWN,12,14035.425,14038.508,3.083,What are they asking of those supporters in the spin room tonight?,whisper_canonical
1036,1036_w3502,3501,UNKNOWN,10,14040.611,14043.695,3.084,There was one scrum with all of the Biden surrogates.,whisper_canonical
1036,1036_w3503,3502,UNKNOWN,4,14043.936,14044.577,0.641,I was in it.,whisper_canonical
1036,1036_w3504,3503,UNKNOWN,15,14044.997,14049.583,4.586,"And over and over, there were questions about how they felt about President Biden's performance.",whisper_canonical
1036,1036_w3505,3504,UNKNOWN,19,14049.964,14057.494,7.53,"Were they confident in his performance and of Gavin Newsom particularly, did he regret not running himself this cycle?",whisper_canonical
1036,1036_w3506,3505,UNKNOWN,10,14058.115,14060.055,1.94,And there weren't a lot of clear answers to those.,whisper_canonical
1036,1036_w3507,3506,UNKNOWN,10,14060.115,14062.296,2.181,"Of course, these are surrogates on behalf of the president.",whisper_canonical
1036,1036_w3508,3507,UNKNOWN,16,14062.356,14066.177,3.821,And so they are going to be saying something positive about the performance that they saw.,whisper_canonical
1036,1036_w3509,3508,UNKNOWN,23,14066.737,14073.719,6.982,"But the questions that came up from reporters like me who are in the spin room, how do you really feel about this?",whisper_canonical
1036,1036_w3510,3509,UNKNOWN,3,14073.899,14074.639,0.74,Are you sure?,whisper_canonical
1036,1036_w3511,3510,UNKNOWN,15,14074.839,14079.48,4.641,Is this something that you feel good about as a supporter of the president's campaign?,whisper_canonical
1036,1036_w3512,3511,UNKNOWN,39,14080.3,14092.831,12.531,"And obviously these are folks who have been supporting President Biden and they're arguing that this is one debate and of course, you know, everyone is going to read into certain pauses or other things that happened during it.",whisper_canonical
1036,1036_w3513,3512,UNKNOWN,5,14093.431,14095.053,1.622,They're all portraying that confidence.,whisper_canonical
1036,1036_w3514,3513,UNKNOWN,50,14095.533,14110.722,15.189,But I can tell you that there are also a lot of texts flying around from different Democrats that I'm in touch with and other former Biden adjacent people that I've worked with in the past who were expressing concern and saying they didn't really like what they saw tonight.,whisper_canonical
1036,1036_w3515,3514,UNKNOWN,19,14111.162,14115.585,4.423,"So I'm sure that there are a lot of tough conversations happening on that side of things tonight, too.",whisper_canonical
1036,1036_w3516,3515,UNKNOWN,16,14116.765,14123.248,6.483,What are the reporters in the room asking of those that are supporting the former president?,whisper_canonical
1036,1036_w3517,3516,UNKNOWN,9,14123.308,14126.29,2.982,What are they following up on from tonight's debate?,whisper_canonical
1036,1036_w3518,3517,UNKNOWN,16,14128.915,14136.281,7.366,"They're following up on some specifics, certainly repeatedly Trump pivoted back to immigration over and over.",whisper_canonical
1036,1036_w3519,3518,UNKNOWN,16,14136.461,14141.786,5.325,"And so they're asking for clarity on, is this obviously still a top issue for him?",whisper_canonical
1036,1036_w3520,3519,UNKNOWN,20,14142.447,14148.332,5.885,And what would he continue to say about things that he portrays as Joe Biden's failures along the U.S.-Mexico border?,whisper_canonical
1036,1036_w3521,3520,UNKNOWN,23,14148.692,14155.336,6.644,"But a lot of what we're hearing unprompted from those surrogates is, Yeah, we feel really great about how our guy did tonight.",whisper_canonical
1036,1036_w3522,3521,UNKNOWN,6,14155.716,14158.177,2.461,Joe Biden didn't do that well.,whisper_canonical
1036,1036_w3523,3522,UNKNOWN,25,14158.557,14165.36,6.803,"And, you know, of course, we'd heard in the days leading up to tonight, the Trump surrogates and the Trump campaign kind of portraying this.",whisper_canonical
1036,1036_w3524,3523,UNKNOWN,14,14165.48,14168.741,3.261,Joe Biden is a very seasoned debater and he's been doing it for decades.,whisper_canonical
1036,1036_w3525,3524,UNKNOWN,22,14169.401,14175.984,6.583,"And, you know, kind of just saying that they were coming into this thinking that he would be a very tough opponent.",whisper_canonical
1036,1036_w3526,3525,UNKNOWN,31,14176.084,14186.827,10.743,"And then tonight we heard a very big flip from that of, yeah, this wasn't a great night for the Democratic president and we as Trump supporters are feeling super great.",whisper_canonical
1036,1036_w3527,3526,UNKNOWN,4,14186.967,14187.667,0.7,I heard the words,whisper_canonical
1036,1036_w3528,3527,UNKNOWN,15,14188.928,14192.489,3.561,devastation being thrown around by some of the surrogates who were back there behind me.,whisper_canonical
1036,1036_w3529,3528,UNKNOWN,5,14192.549,14193.789,1.24,Clearly that's not my opinion.,whisper_canonical
1036,1036_w3530,3529,UNKNOWN,14,14193.829,14197.25,3.421,That's just how it's being portrayed from some folks in the Trump camp tonight.,whisper_canonical
1036,1036_w3531,3530,UNKNOWN,31,14197.73,14205.792,8.062,But clearly their mood was rather jubilant and there were a whole lot of them out there on the floor a long time before any of Joe Biden surrogates showed up.,whisper_canonical
1036,1036_w3532,3531,UNKNOWN,15,14206.212,14209.253,3.041,And the last I checked they were still out there after his surrogates had left.,whisper_canonical
1036,1036_w3533,3532,UNKNOWN,7,14209.954,14211.769,1.815,Where do these two candidates go next?,whisper_canonical
1036,1036_w3534,3533,UNKNOWN,23,14214.508,14222.274,7.766,"Well, the Trump campaign is tonight having a different event with some of those who are purported to be on his VP shortlist.",whisper_canonical
1036,1036_w3535,3534,UNKNOWN,27,14222.334,14229.86,7.526,Some of the names that we've heard thrown around as potential running mates for the former president going into the Republican convention that we'll see next month.,whisper_canonical
1036,1036_w3536,3535,UNKNOWN,28,14230.56,14236.445,5.885,"And Joe Biden is heading up to North Carolina, which is one of those states that's very much up for grabs when it comes to the general election.",whisper_canonical
1036,1036_w3537,3536,UNKNOWN,11,14236.465,14239.587,3.122,That's where he plans to be to meet with folks tonight.,whisper_canonical
1036,1036_w3538,3537,UNKNOWN,13,14239.827,14242.849,3.022,And then we will see from there where this crazy campaign schedule goes.,whisper_canonical
1036,1036_w3539,3538,UNKNOWN,8,14243.65,14246.992,3.342,"Yeah, on Friday, tomorrow, the president will be",whisper_canonical
1036,1036_w3540,3539,UNKNOWN,8,14248.413,14251.275,2.862,"in Raleigh, North Carolina, at noon Eastern time.",whisper_canonical
1036,1036_w3541,3540,UNKNOWN,22,14251.336,14258.641,7.305,"We're going to have coverage of it on C-SPAN also on our free video mobile app, C-SPAN Now, and online at cspan.org.",whisper_canonical
1036,1036_w3542,3541,UNKNOWN,16,14258.681,14265.065,6.384,"And then we will have live coverage of the former president in Chesapeake, Virginia, at p.m.",whisper_canonical
1036,1036_w3543,3542,UNKNOWN,2,14265.225,14265.966,0.741,Eastern time.,whisper_canonical
1036,1036_w3544,3543,UNKNOWN,15,14266.326,14272.05,5.724,"Again, on C-SPAN on C-SPAN Now, our free video mobile app, and online at cspan.org.",whisper_canonical
1036,1036_w3545,3544,UNKNOWN,16,14273.471,14278.134,4.663,"What is the strategy for these two campaigns, Medconard, to reach voters in the coming weeks?",whisper_canonical
1036,1036_w3546,3545,UNKNOWN,27,14280.315,14286.079,5.764,"We've said it a million times, but it really is a question of how do they get to those folks who haven't necessarily made up their minds?",whisper_canonical
1036,1036_w3547,3546,UNKNOWN,34,14286.599,14295.584,8.985,We've all talked to undecided voters and people who have maybe flip-flopped between the two campaigns over the different campaign cycles where they've had options to be selecting Biden or Trump in the past.,whisper_canonical
1036,1036_w3548,3547,UNKNOWN,59,14296.005,14308.874,12.869,"But I think they're going to need to be continuing to highlight those contrasts and some of these key issues, like the economy, which was the first thing that we heard come up tonight, Obviously immigration is also a major concern for a lot of voters that I talk to, but it's always the economy that comes up first.",whisper_canonical
1036,1036_w3549,3548,UNKNOWN,53,14309.414,14322.665,13.251,"And so for the Biden campaign, what we have heard from some advisors in those circles are the president is going to need to continue to argue specifics on how he has improved the economy on this kitchen table type issues that are at the top of mind for a lot of people.",whisper_canonical
1036,1036_w3550,3549,UNKNOWN,13,14323.245,14326.266,3.021,"And I think for former President Donald Trump, he is already doing it.",whisper_canonical
1036,1036_w3551,3550,UNKNOWN,62,14326.306,14342.011,15.705,"He was doing it tonight, trying to remind people of how strong the economy was during his administration and arguing that any failures that are happening these days are just because Joe Biden is in the White House and not him, and he would take it right back to where it was should he occupy the White House again himself as president.",whisper_canonical
1036,1036_w3552,3551,UNKNOWN,15,14342.391,14345.292,2.901,So I think we're going to be continuing to hear a lot of that messaging.,whisper_canonical
1036,1036_w3553,3552,UNKNOWN,20,14345.572,14349.693,4.121,And it's those voters in the middle who really they're going to need to try to reach with that message.,whisper_canonical
1036,1036_w3554,3553,UNKNOWN,11,14350.333,14353.517,3.184,Meg Kanard is the National Politics Reporter with the Associated Press.,whisper_canonical
1036,1036_w3555,3554,UNKNOWN,6,14353.577,14354.918,1.341,We thank you for your time.,whisper_canonical
1036,1036_w3556,3555,UNKNOWN,2,14356.76,14357.021,0.261,Thank you.,whisper_canonical
1036,1036_w3557,3556,UNKNOWN,10,14359.461,14363.865,4.404,The conversation will continue tomorrow morning on The Washington Journal.,whisper_canonical
1036,1036_w3558,3557,UNKNOWN,10,14363.985,14368.93,4.945,Your reaction to tonight's CNN presidential debate starting at a.m.,whisper_canonical
1036,1036_w3559,3558,UNKNOWN,2,14369.19,14370.131,0.941,Eastern Time.,whisper_canonical
1036,1036_w3560,3559,UNKNOWN,13,14371.212,14375.356,4.144,"And also, thanks for joining us, our coverage of tonight's CNN presidential debate.",whisper_canonical
1036,1036_w3561,3560,UNKNOWN,11,14375.396,14380.701,5.305,For those watching on C-SPAN we'll continue now with other programming.,whisper_canonical
1036,1036_w3562,3561,UNKNOWN,21,14382.454,14390.658,8.204,"And for those watching on C-SPAN or listening on C-SPAN radio, we'll have a full replay of tonight's debate starting now.",whisper_canonical
1036,1036_w3563,3562,UNKNOWN,7,14399.722,14401.863,2.141,C-SPAN is your unfiltered view of government.,whisper_canonical
1036,1036_w3564,3563,UNKNOWN,10,14402.183,14406.185,4.002,"We're funded by these television companies and more, including Comcast.",whisper_canonical
1036,1036_w3565,3564,UNKNOWN,9,14407.453,14409.319,1.866,Are you think this is just a community sensor?,whisper_canonical
1036,1036_w3566,3565,UNKNOWN,6,14409.68,14411.385,1.705,No. It's way more than that.,whisper_canonical
1036,1036_w3567,3566,UNKNOWN,29,14411.726,14419.769,8.043,Comcast is partnering with a thousand community centers to create Wi-Fi enabled lift systems so students from low-income families can get the tools they need to be ready for,whisper_canonical
