unit_id,speaker,text,Annotator 1 - Phase A (DAMSL),Annotator 1 - Phase A notes,Annotator 1 - Phase B (Beads),Annotator 1 - Phase B notes,Annotator 2 - Phase A (DAMSL),Annotator 2 - Phase A notes,Annotator 2 - Phase B (Beads),Annotator 2 - Phase B notes,Annotator 3 - Phase A (DAMSL),Annotator 3 - Phase A notes,Annotator 3 - Phase B (Beads),Annotator 3 - Phase B notes
1,LEHRER,"Good evening from the University of Miami Convocation Center in Coral Gables, Florida.",GR,,,,GR,,,,GR,,,
2,LEHRER,I’m Jim Lehrer of “The NewsHour” on PBS.,S,,,,S,,,,S,,,
3,LEHRER,And I welcome you to the first of the 2004 presidential debates between President George W.,GR; HS,,,,GR; HS,,,,GR; HS,,,
4,LEHRER,"Bush, the Republican nominee, and Senator John Kerry, the Democratic nominee.",S,,,,S,,,,S,,,
5,LEHRER,These debates are sponsored by the Commission on Presidential Debates.,S,,,,S,,,,S,,,
6,LEHRER,"Tonight’s will last 90 minutes, following detailed rules of engagement worked out by representatives of the candidates.",S-Inform,,,,S-Inform,,,,S-Inform,,,
7,LEHRER,I have agreed to enforce their rules on them.,S,,,,S,,,,S,,,
8,LEHRER,"The umbrella topic is foreign policy and homeland security, but the specific subjects were chosen by me, the questions were composed by me, the candidates have not been told what they are, nor has anyone else.",S,,,,S,,,,S,,,
9,LEHRER,"For each question there can only be a two-minute response, a 90- second rebuttal and, at my discretion, a discussion extension of one minute.",S,,,,S,,,,S,,,
10,LEHRER,"A green light will come on when 30 seconds remain in any given answer, yellow at 15, red at five seconds, and then flashing red means time’s up.",S,,,,S,,,,S,,,
11,LEHRER,There is also a backup buzzer system if needed.,S,,,,S,,,,S,,,
12,LEHRER,Candidates may not direct a question to each other.,S,,,,S,,,,S,,,
13,LEHRER,"There will be two-minute closing statements, but no opening statements.",S,,,,S,,,,S,,,
14,LEHRER,"There is an audience here in the hall, but they will remain absolutely silent for the next 90 minutes, except for now, when they join me in welcoming President Bush and Senator Kerry.",S; GR,,,,S; GR,,,,S; GR,,,
15,LEHRER,"Good evening, Mr.",GR,,,,GR,,,,GR,,,
16,LEHRER,"President, Senator Kerry.",GR,,,,GR,,,,GR,,,
17,LEHRER,"As determined by a coin toss, the first question goes to you, Senator Kerry.",S; TG,,,,S; TG,,,,S; TG,,,
18,LEHRER,You have two minutes.,S,,,,S,,,,S,,,
19,LEHRER,Do you believe you could do a better job than President Bush in preventing another 9/11-type terrorist attack on the United States?,YNQ,,,,YNQ,,,,YNQ,,,
20,KERRY,"Yes, I do.",ANS,,,,ANS,,,,ANS,,,
21,KERRY,"But before I answer further, let me thank you for moderating.",THK; TT,,,,THK; TT,,,,THK; TT,,,
22,KERRY,I want to thank the University of Miami for hosting us.,THK,,,,THK,,,,THK,,,
23,KERRY,And I know the president will join me in welcoming all of Florida to this debate.,S; GR,,UF,,S; GR,,UF,,S; GR,,UF,
24,KERRY,You’ve been through the roughest weeks anybody could imagine.,S,,AE,,S,,AE,,S,,AE,
25,KERRY,Our hearts go out to you.,S,,AE,,S,,AE,,S,,AE,
26,KERRY,And we admire your pluck and perseverance.,S,,AE,,S,,AE,,S,,AE,
27,KERRY,I can make American safer than President Bush has made us.,S,,IT; IP; REB,,S,,IT; IP; REB,,S,,IT; IP; REB,
28,KERRY,And I believe President Bush and I both love our country equally.,S,,UF; IP,,S,,UF; IP,,S,,UF; IP,
29,KERRY,But we just have a different set of convictions about how you make America safe.,S,,IP,,S,,IP,,S,,IP,
30,KERRY,I believe America is safest and strongest when we are leading the world and we are leading strong alliances.,S,,AP; IP,,S,,AP; IP,,S,,AP; IP,
31,KERRY,I’ll never give a veto to any country over our security.,S,,IP,,S,,IP,,S,,IP,
32,KERRY,But I also know how to lead those alliances.,S,,IT,,S,,IT,,S,,IT,
33,KERRY,"This president has left them in shatters across the globe, and we’re now 90 percent of the casualties in Iraq and 90 percent of the costs.",S-Inform; CH,,ATTR; REB; SE,,S-Inform; CH,,ATTR; REB; SE,,S-Inform; CH,,ATTR; REB; SE,
34,KERRY,"I think that’s wrong, and I think we can do better.",S,,IP; REB,,S,,IP; REB,,S,,IP; REB,
35,KERRY,I have a better plan for homeland security.,S,,IT,,S,,IT,,S,,IT,
36,KERRY,"I have a better plan to be able to fight the war on terror by strengthening our military, strengthening our intelligence, by going after the financing more authoritatively, by doing what we need to do to rebuild the alliances, by reaching out to the Muslim world, which the president has almost not done, and beginning to isolate the radical Islamic Muslims, not have them isolate the United States of America.",S,,IT; ATTR,,S,,IT; ATTR,,S,,IT; ATTR,
37,KERRY,I know I can do a better job in Iraq.,S,,IT; IP,,S,,IT; IP,,S,,IT; IP,
38,KERRY,"I have a plan to have a summit with all of the allies, something this president has not yet achieved, not yet been able to do to bring people to the table.",S,,IT; ATTR,,S,,IT; ATTR,,S,,IT; ATTR,
39,KERRY,"We can do a better job of training the Iraqi forces to defend themselves, and I know that we can do a better job of preparing for elections.",S,,IP; IA,,S,,IP; IA,,S,,IP; IA,
40,KERRY,"All of these, and especially homeland security, which we’ll talk about a little bit later.",S; MS,,,,S; MS,,,,S; MS,,,
41,LEHRER,Mr.,ACK,,,,ACK,,,,ACK,,,
42,LEHRER,"President, you have a 90-second rebuttal.",S; TG,,,,S; TG,,,,S; TG,,,
43,BUSH,"I, too, thank the University of Miami, and say our prayers are with the good people of this state, who’ve suffered a lot.",AGR; THK,,AE; AP,,AGR; THK,,AE; AP,,AGR; THK,,AE; AP,
44,BUSH,September the 11th changed how America must look at the world.,S; HS,,AF,,S; HS,,AF,,S; HS,,AF,
45,BUSH,"And since that day, our nation has been on a multi-pronged strategy to keep our country safer.",S,,AF; UF,,S,,AF; UF,,S,,AF; UF,
46,BUSH,We pursued Al Qaida wherever Al Qaida tries to hide.,S; IAFA,,,,S; IAFA,,,,S; IAFA,,,
47,BUSH,Seventy-five percent of known Al Qaida leaders have been brought to justice.,S-Inform,,IT; SE,,S-Inform,,IT; SE,,S-Inform,,IT; SE,
48,BUSH,The rest of them know we’re after them.,S,,AF,,S,,AF,,S,,AF,
49,BUSH,"We’ve upheld the doctrine that said if you harbor a terrorist, you’re equally as guilty as the terrorist.",S; IAFA,,IT,,S; IAFA,,IT,,S; IAFA,,IT,
50,BUSH,And the Taliban are no longer in power.,S,,IT,,S,,IT,,S,,IT,
51,BUSH,Ten million people have registered to vote in Afghanistan in the upcoming presidential election.,S-Inform,,SE,,S-Inform,,SE,,S-Inform,,SE,
52,BUSH,"In Iraq, we saw a threat, and we realized that after September the 11th, we must take threats seriously, before they fully materialize.",S; HS,,AF,,S; HS,,AF,,S; HS,,AF,
53,BUSH,Saddam Hussein now sits in a prison cell.,S-Inform,,IT,,S-Inform,,IT,,S-Inform,,IT,
54,BUSH,America and the world are safer for it.,S,,IT,,S,,IT,,S,,IT,
55,BUSH,We continue to pursue our policy of disrupting those who proliferate weapons of mass destruction.,S,,IT,,S,,IT,,S,,IT,
56,BUSH,Libya has disarmed.,S-Inform,,IT,,S-Inform,,IT,,S-Inform,,IT,
57,BUSH,The A.,S,,,,S,,,,S,,,
58,BUSH,Khan network has been brought to justice.,S,,IT,,S,,IT,,S,,IT,
59,BUSH,"And, as well, we’re pursuing a strategy of freedom around the world, because I understand free nations will reject terror.",S; EXPL,,APAT; IP,,S; EXPL,,APAT; IP,,S; EXPL,,APAT; IP,
60,BUSH,Free nations will answer the hopes and aspirations of their people.,S,,APAT,,S,,APAT,,S,,APAT,
61,BUSH,Free nations will help us achieve the peace we all want.,S,,APAT; UF,,S,,APAT; UF,,S,,APAT; UF,
62,LEHRER,"New question, Mr.",S,,,,S,,,,S,,,
63,LEHRER,"President, two minutes.",S,,,,S,,,,S,,,
64,LEHRER,Do you believe the election of Senator Kerry on November the 2nd would increase the chances of the U.,YNQ,,AF,,YNQ,,AF,,YNQ,,AF,
65,LEHRER,being hit by another 9/11-type terrorist attack?,YNQ,,AF,,YNQ,,AF,,YNQ,,AF,
66,BUSH,"No, I don’t believe it’s going to happen.",REJ; ANS,,,,REJ; ANS,,,,REJ; ANS,,,
67,BUSH,"I believe I’m going to win, because the American people know I know how to lead.",S; EXPL,,IT; IP,,S; EXPL,,IT; IP,,S; EXPL,,IT; IP,
68,BUSH,I’ve shown the American people I know how to lead.,S,,IT,,S,,IT,,S,,IT,
69,BUSH,I have — I understand everybody in this country doesn’t agree with the decisions I’ve made.,S,,IP,,S,,IP,,S,,IP,
70,BUSH,And I made some tough decisions.,S,,IT,,S,,IT,,S,,IT,
71,BUSH,But people know where I stand.,S,,,,S,,,,S,,,
72,BUSH,People out there listening know what I believe.,S,,,,S,,,,S,,,
73,BUSH,And that’s how best it is to keep the peace.,S,,,,S,,,,S,,,
74,BUSH,This nation of ours has got a solemn duty to defeat this ideology of hate.,S,,AF; APAT; UF,,S,,AF; APAT; UF,,S,,AF; APAT; UF,
75,BUSH,And that’s what they are.,S,,,,S,,,,S,,,
76,BUSH,"This is a group of killers who will not only kill here, but kill children in Russia, that’ll attack unmercifully in Iraq, hoping to shake our will.",S,,AF; AE,,S,,AF; AE,,S,,AF; AE,
77,BUSH,We have a duty to defeat this enemy.,S,,AF; UF,,S,,AF; UF,,S,,AF; UF,
78,BUSH,We have a duty to protect our children and grandchildren.,S,,AF; AE; UF,,S,,AF; AE; UF,,S,,AF; AE; UF,
79,BUSH,"The best way to defeat them is to never waver, to be strong, to use every asset at our disposal, is to constantly stay on the offensive and, at the same time, spread liberty.",S,,APAT; IP,,S,,APAT; IP,,S,,APAT; IP,
80,BUSH,And that’s what people are seeing now is happening in Afghanistan.,S,,,,S,,,,S,,,
81,BUSH,Ten million citizens have registered to vote.,S-Inform,,SE,,S-Inform,,SE,,S-Inform,,SE,
82,BUSH,It’s a phenomenal statistic.,S,,AP,,S,,AP,,S,,AP,
83,BUSH,"That if given a chance to be free, they will show up at the polls.",S,,APAT,,S,,APAT,,S,,APAT,
84,BUSH,Forty-one percent of those 10 million are women.,S-Inform,,SE,,S-Inform,,SE,,S-Inform,,SE,
85,BUSH,"In Iraq, no doubt about it, it’s tough.",S,,,,S,,,,S,,,
86,BUSH,It’s hard work.,S,,,,S,,,,S,,,
87,BUSH,It’s incredibly hard.,S,,,,S,,,,S,,,
88,BUSH,You know why?,Q-RHET,,,,Q-RHET,,,,Q-RHET,,,
89,BUSH,Because an enemy realizes the stakes.,S; EXPL,,AF,,S; EXPL,,AF,,S; EXPL,,AF,
90,BUSH,The enemy understands a free Iraq will be a major defeat in their ideology of hatred.,S,,AF,,S,,AF,,S,,AF,
91,BUSH,That’s why they’re fighting so vociferously.,S; EXPL,,AF,,S; EXPL,,AF,,S; EXPL,,AF,
92,BUSH,"They showed up in Afghanistan when they were there, because they tried to beat us and they didn’t.",S; EXPL; HS,,,,S; EXPL; HS,,,,S; EXPL; HS,,,
93,BUSH,And they’re showing up in Iraq for the same reason.,S,,AF,,S,,AF,,S,,AF,
94,BUSH,They’re trying to defeat us.,S,,AF,,S,,AF,,S,,AF,
95,BUSH,"And if we lose our will, we lose.",S,,AF; CB,,S,,AF; CB,,S,,AF; CB,
96,BUSH,"But if we remain strong and resolute, we will defeat this enemy.",S,,AF; AP,,S,,AF; AP,,S,,AF; AP,
97,LEHRER,"Ninety second response, Senator Kerry.",TG,,,,TG,,,,TG,,,
98,KERRY,I believe in being strong and resolute and determined.,S,,IP,,S,,IP,,S,,IP,
99,KERRY,"And I will hunt down and kill the terrorists, wherever they are.",S,,AF; IP,,S,,AF; IP,,S,,AF; IP,
100,KERRY,"But we also have to be smart, Jim.",S,,IP,,S,,IP,,S,,IP,
101,KERRY,"And smart means not diverting your attention from the real war on terror in Afghanistan against Osama bin Laden and taking if off to Iraq where the 9/11 Commission confirms there was no connection to 9/11 itself and Saddam Hussein, and where the reason for going to war was weapons of mass destruction, not the removal of Saddam Hussein.",S-Inform; CH,,ATTR; REB; SE,,S-Inform; CH,,ATTR; REB; SE,,S-Inform; CH,,ATTR; REB; SE,
102,KERRY,"This president has made, I regret to say, a colossal error of judgment.",S; CH,,PER; ATTR; REB,,S; CH,,PER; ATTR; REB,,S; CH,,PER; ATTR; REB,
103,KERRY,And judgment is what we look for in the president of the United States of America.,S,,IP,,S,,IP,,S,,IP,
104,KERRY,"I’m proud that important military figures who are supporting me in this race: former Chairman of the Joint Chiefs of Staff John Shalikashvili; just yesterday, General Eisenhower’s son, General John Eisenhower, endorsed me; General Admiral William Crown; General Tony McBeak, who ran the Air Force war so effectively for his father — all believe I would make a stronger commander in chief.",S-Inform; HS,,AP; IT,,S-Inform; HS,,AP; IT,,S-Inform; HS,,AP; IT,
105,KERRY,And they believe it because they know I would not take my eye off of the goal: Osama bin Laden.,S,,IT,,S,,IT,,S,,IT,
106,KERRY,"Unfortunately, he escaped in the mountains of Tora Bora.",S; HS,,ATTR,,S; HS,,ATTR,,S; HS,,ATTR,
107,KERRY,We had him surrounded.,S,,,,S,,,,S,,,
108,KERRY,"But we didn’t use American forces, the best trained in the world, to go kill him.",S; CH,,ATTR; REB,,S; CH,,ATTR; REB,,S; CH,,ATTR; REB,
109,KERRY,The president relied on Afghan warlords and he outsourced that job too.,S; CH,,ATTR; REB,,S; CH,,ATTR; REB,,S; CH,,ATTR; REB,
110,KERRY,That’s wrong.,S; CH,,REB,,S; CH,,REB,,S; CH,,REB,
111,LEHRER,"New question, two minutes, Senator Kerry.",Q-W; TG,,,,Q-W; TG,,,,Q-W; TG,,,
112,LEHRER,“Colossal misjudgments.,S,,,,S,,,,S,,,
113,LEHRER,"” What colossal misjudgments, in your opinion, has President Bush made in these areas?",Q-W; OQ,,BQ; CBias,,Q-W; OQ,,BQ; CBias,,Q-W; OQ,,BQ; CBias,
114,KERRY,"Well, where do you want me to begin?",Q-RHET; TT,,,,Q-RHET; TT,,,,Q-RHET; TT,,,
115,KERRY,"First of all, he made the misjudgment of saying to America that he was going to build a true alliance, that he would exhaust the remedies of the United Nations and go through the inspections.",S; CH,,ATTR; REB,,S; CH,,ATTR; REB,,S; CH,,ATTR; REB,
116,KERRY,"In fact, he first didn’t even want to do that.",S; CH,,ATTR; REB,,S; CH,,ATTR; REB,,S; CH,,ATTR; REB,
117,KERRY,And it wasn’t until former Secretary of State Jim Baker and General Scowcroft and others pushed publicly and said you’ve got to go to the U.,S-Inform; HS,,ATTR; REB,,S-Inform; HS,,ATTR; REB,,S-Inform; HS,,ATTR; REB,
118,KERRY,", that the president finally changed his mind — his campaign has a word for that — and went to the United Nations.",S,,PER; ATTR; REB,,S,,PER; ATTR; REB,,S,,PER; ATTR; REB,
119,KERRY,"Now, once there, we could have continued those inspections.",S,,,,S,,,,S,,,
120,KERRY,We had Saddam Hussein trapped.,S,,,,S,,,,S,,,
121,KERRY,He also promised America that he would go to war as a last resort.,S,,REB,,S,,REB,,S,,REB,
122,KERRY,"Those words mean something to me, as somebody who has been in combat.",S; HS,,AE; IP,,S; HS,,AE; IP,,S; HS,,AE; IP,
123,KERRY,“Last resort.,S,,,,S,,,,S,,,
124,KERRY,"” You’ve got to be able to look in the eyes of families and say to those parents, “I tried to do everything in my power to prevent the loss of your son and daughter.",S,,AE,,S,,AE,,S,,AE,
125,KERRY,” I don’t believe the United States did that.,S; CH,,IP; REB,,S; CH,,IP; REB,,S; CH,,IP; REB,
126,KERRY,And we pushed our allies aside.,S,,ATTR; REB,,S,,ATTR; REB,,S,,ATTR; REB,
127,KERRY,"And so, today, we are 90 percent of the casualties and 90 percent of the cost: $200 billion — $200 billion that could have been used for health care, for schools, for construction, for prescription drugs for seniors, and it’s in Iraq.",S-Inform,,REB; SE,,S-Inform,,REB; SE,,S-Inform,,REB; SE,
128,KERRY,And Iraq is not even the center of the focus of the war on terror.,S,,REB,,S,,REB,,S,,REB,
129,KERRY,"The center is Afghanistan, where, incidentally, there were more Americans killed last year than the year before; where the opium production is 75 percent of the world’s opium production; where 40 to 60 percent of the economy of Afghanistan is based on opium; where the elections have been postponed three times.",S-Inform,,AF; SE,,S-Inform,,AF; SE,,S-Inform,,AF; SE,
130,KERRY,"The president moved the troops, so he’s got 10 times the number of troops in Iraq than he has in Afghanistan, where Osama bin Laden is.",S-Inform; CH,,ATTR; REB; SE,,S-Inform; CH,,ATTR; REB; SE,,S-Inform; CH,,ATTR; REB; SE,
131,KERRY,"Does that mean that Saddam Hussein was 10 times more important than Osama bin Laden — than, excuse me, Saddam Hussein more important than Osama bin Laden?",YNQ; Q-RHET,,REB; CB,,YNQ; Q-RHET,,REB; CB,,YNQ; Q-RHET,,REB; CB,
132,KERRY,I don’t think so.,S; ANS,,IP,,S; ANS,,IP,,S; ANS,,IP,
133,LEHRER,"Ninety-second response, Mr.",TG,,,,TG,,,,TG,,,
134,LEHRER,President.,TG,,,,TG,,,,TG,,,
135,BUSH,My opponent looked at the same intelligence I looked at and declared in 2002 that Saddam Hussein was a grave threat.,S; CH,,ATTR; REB,,S; CH,,ATTR; REB,,S; CH,,ATTR; REB,
136,BUSH,He also said in December of 2003 that anyone who doubts that the world is safer without Saddam Hussein does not have the judgment to be president.,S; CH; HS,,PER; REB,,S; CH; HS,,PER; REB,,S; CH; HS,,PER; REB,
137,BUSH,I agree with him.,AGR,,IP,,AGR,,IP,,AGR,,IP,
138,BUSH,The world is better off without Saddam Hussein.,S,,IP,,S,,IP,,S,,IP,
139,BUSH,I was hoping diplomacy would work.,S,,IP,,S,,IP,,S,,IP,
140,BUSH,I understand the serious consequences of committing our troops into harm’s way.,S,,IP,,S,,IP,,S,,IP,
141,BUSH,It’s the hardest decision a president makes.,S,,,,S,,,,S,,,
142,BUSH,So I went to the United Nations.,S,,IT,,S,,IT,,S,,IT,
143,BUSH,I didn’t need anybody to tell me to go to the United Nations.,S,,IT,,S,,IT,,S,,IT,
144,BUSH,I decided to go there myself.,S,,IT,,S,,IT,,S,,IT,
145,BUSH,"And I went there hoping that, once and for all, the free world would act in concert to get Saddam Hussein to listen to our demands.",S,,UF; IT,,S,,UF; IT,,S,,UF; IT,
146,BUSH,"They passed the resolution that said, “Disclose, disarm, or face serious consequences.",S-Inform; HS,,,,S-Inform; HS,,,,S-Inform; HS,,,
147,BUSH,"” I believe, when an international body speaks, it must mean what it says.",S,,IP,,S,,IP,,S,,IP,
148,BUSH,Saddam Hussein had no intention of disarming.,S,,PER; ATTR,,S,,PER; ATTR,,S,,PER; ATTR,
149,BUSH,Why should he?,Q-RHET,,CB,,Q-RHET,,CB,,Q-RHET,,CB,
150,BUSH,He had 16 other resolutions and nothing took place.,S-Inform,,ATTR; SE,,S-Inform,,ATTR; SE,,S-Inform,,ATTR; SE,
151,BUSH,"As a matter of fact, my opponent talks about inspectors.",S,,REB,,S,,REB,,S,,REB,
152,BUSH,The facts are that he was systematically deceiving the inspectors.,S; CH,,ATTR; REB,,S; CH,,ATTR; REB,,S; CH,,ATTR; REB,
153,BUSH,That wasn’t going to work.,S,,,,S,,,,S,,,
154,BUSH,"That’s kind of a pre-September 10th mentality, the hope that somehow resolutions and failed inspections would make this world a more peaceful place.",S,,AF; REB; CB,,S,,AF; REB; CB,,S,,AF; REB; CB,
155,BUSH,He was hoping we’d turn away.,S,,ATTR,,S,,ATTR,,S,,ATTR,
156,BUSH,But there was fortunately others beside myself who believed that we ought to take action.,S,,IT; IP,,S,,IT; IP,,S,,IT; IP,
157,BUSH,We did.,S,,IT,,S,,IT,,S,,IT,
158,BUSH,The world is safer without Saddam Hussein.,S,,AP; IT,,S,,AP; IT,,S,,AP; IT,
159,LEHRER,"New question, Mr.",MS,,,,MS,,,,MS,,,
160,LEHRER,President.,MS,,,,MS,,,,MS,,,
161,LEHRER,Two minutes.,S,,,,S,,,,S,,,
162,LEHRER,"What about Senator Kerry’s point, the comparison he drew between the priorities of going after Osama bin Laden and going after Saddam Hussein?",Q-W; OQ,,,,Q-W; OQ,,,,Q-W; OQ,,,
163,BUSH,"Jim, we’ve got the capability of doing both.",S,,,,S,,,,S,,,
164,BUSH,"As a matter of fact, this is a global effort.",S,,,,S,,,,S,,,
165,BUSH,"We’re facing a group of folks who have such hatred in their heart, they’ll strike anywhere, with any means.",S,,AF,,S,,AF,,S,,AF,
166,BUSH,"And that’s why it’s essential that we have strong alliances, and we do.",S; EXPL,,IT,,S; EXPL,,IT,,S; EXPL,,IT,
167,BUSH,"That’s why it’s essential that we make sure that we keep weapons of mass destruction out of the hands of people like Al Qaida, which we are.",S; EXPL,,AF; IT,,S; EXPL,,AF; IT,,S; EXPL,,AF; IT,
168,BUSH,But to say that there’s only one focus on the war on terror doesn’t really understand the nature of the war on terror.,S; CH,,REB; CB,,S; CH,,REB; CB,,S; CH,,REB; CB,
169,BUSH,Of course we’re after Saddam Hussein — I mean bin Laden.,S; CORR,,,,S; CORR,,,,S; CORR,,,
170,BUSH,He’s isolated.,S,,,,S,,,,S,,,
171,BUSH,Seventy-five percent of his people have been brought to justice.,S-Inform,,IT; SE,,S-Inform,,IT; SE,,S-Inform,,IT; SE,
172,BUSH,"The killer — the mastermind of the September 11th attacks, Khalid Sheik Mohammed, is in prison.",S-Inform; HS,,IT,,S-Inform; HS,,IT,,S-Inform; HS,,IT,
173,BUSH,We’re making progress.,S,,IT,,S,,IT,,S,,IT,
174,BUSH,But the front on this war is more than just one place.,S,,,,S,,,,S,,,
175,BUSH,The Philippines — we’ve got help — we’re helping them there to bring — to bring Al Qaida affiliates to justice there.,S,,IT,,S,,IT,,S,,IT,
176,BUSH,"And, of course, Iraq is a central part in the war on terror.",S,,CB,,S,,CB,,S,,CB,
177,BUSH,That’s why Zarqawi and his people are trying to fight us.,S; EXPL,,,,S; EXPL,,,,S; EXPL,,,
178,BUSH,Their hope is that we grow weary and we leave.,S,,AF,,S,,AF,,S,,AF,
179,BUSH,The biggest disaster that could happen is that we not succeed in Iraq.,S,,AF,,S,,AF,,S,,AF,
180,BUSH,We will succeed.,S,,,,S,,,,S,,,
181,BUSH,We’ve got a plan to do so.,S,,IT,,S,,IT,,S,,IT,
182,BUSH,And the main reason we’ll succeed is because the Iraqis want to be free.,S; EXPL,,,,S; EXPL,,,,S; EXPL,,,
183,BUSH,I had the honor of visiting with Prime Minister Allawi.,S,,,,S,,,,S,,,
184,BUSH,"He’s a strong, courageous leader.",S,,,,S,,,,S,,,
185,BUSH,He believes in the freedom of the Iraqi people.,S,,,,S,,,,S,,,
186,BUSH,He doesn’t want U.,S,,,,S,,,,S,,,
187,BUSH,"leadership, however, to send mixed signals, to not stand with the Iraqi people.",S,,,,S,,,,S,,,
188,BUSH,"He believes, like I believe, that the Iraqis are ready to fight for their own freedom.",S,,IP,,S,,IP,,S,,IP,
189,BUSH,They just need the help to be trained.,S,,,,S,,,,S,,,
190,BUSH,There will be elections in January.,S-Inform,,,,S-Inform,,,,S-Inform,,,
191,BUSH,We’re spending reconstruction money.,S,,IT,,S,,IT,,S,,IT,
192,BUSH,And our alliance is strong.,S,,AP,,S,,AP,,S,,AP,
193,BUSH,That’s the plan for victory.,S,,,,S,,,,S,,,
194,BUSH,"And when Iraq if free, America will be more secure.",S,,AF; APAT,,S,,AF; APAT,,S,,AF; APAT,
195,LEHRER,"Senator Kerry, 90 seconds.",TG,,,,TG,,,,TG,,,
196,KERRY,The president just talked about Iraq as a center of the war on terror.,S,,REB,,S,,REB,,S,,REB,
197,KERRY,Iraq was not even close to the center of the war on terror before the president invaded it.,S; CH,,ATTR; REB,,S; CH,,ATTR; REB,,S; CH,,ATTR; REB,
198,KERRY,The president made the judgment to divert forces from under General Tommy Franks from Afghanistan before the Congress even approved it to begin to prepare to go to war in Iraq.,S-Inform; CH,,IT; ATTR; REB,,S-Inform; CH,,IT; ATTR; REB,,S-Inform; CH,,IT; ATTR; REB,
199,KERRY,And he rushed the war in Iraq without a plan to win the peace.,S; CH,,ATTR; REB,,S; CH,,ATTR; REB,,S; CH,,ATTR; REB,
200,KERRY,"Now, that is not the judgment that a president of the United States ought to make.",S,,IP; REB,,S,,IP; REB,,S,,IP; REB,
201,KERRY,You don’t take America to war unless have the plan to win the peace.,S,,REB; CB,,S,,REB; CB,,S,,REB; CB,
202,KERRY,You don’t send troops to war without the body armor that they need.,S,,REB; CB,,S,,REB; CB,,S,,REB; CB,
203,KERRY,"I’ve met kids in Ohio, parents in Wisconsin places, Iowa, where they’re going out on the Internet to get the state-of-the-art body gear to send to their kids.",S; S-Inform,,AE,,S; S-Inform,,AE,,S; S-Inform,,AE,
204,KERRY,Some of them got it for a birthday present.,S,,AE,,S,,AE,,S,,AE,
205,KERRY,I think that’s wrong.,S,,IP,,S,,IP,,S,,IP,
206,KERRY,"Humvees — 10,000 out of 12,000 Humvees that are over there aren’t armored.",S-Inform,,SE,,S-Inform,,SE,,S-Inform,,SE,
207,KERRY,And you go visit some of those kids in the hospitals today who were maimed because they don’t have the armament.,IAFA,,AE,,IAFA,,AE,,IAFA,,AE,
208,KERRY,This president just — I don’t know if he sees what’s really happened over there.,S; CH,,PER; ATTR; REB,,S; CH,,PER; ATTR; REB,,S; CH,,PER; ATTR; REB,
209,KERRY,But it’s getting worse by the day.,S,,AF,,S,,AF,,S,,AF,
210,KERRY,More soldiers killed in June than before.,S-Inform,,AF; SE,,S-Inform,,AF; SE,,S-Inform,,AF; SE,
211,KERRY,More in July than June.,S-Inform,,AF; SE,,S-Inform,,AF; SE,,S-Inform,,AF; SE,
212,KERRY,More in August than July.,S-Inform,,AF; SE,,S-Inform,,AF; SE,,S-Inform,,AF; SE,
213,KERRY,More in September than in August.,S-Inform,,AF; SE,,S-Inform,,AF; SE,,S-Inform,,AF; SE,
214,KERRY,And now we see beheadings.,S,,AF,,S,,AF,,S,,AF,
215,KERRY,"And we got weapons of mass destruction crossing the border every single day, and they’re blowing people up.",S,,AF,,S,,AF,,S,,AF,
216,KERRY,And we don’t have enough troops there.,S,,AF,,S,,AF,,S,,AF,
217,BUSH,Can I respond to that?,T-REQ,,,,T-REQ,,,,T-REQ,,,
218,LEHRER,Let’s do one of these one-minute extensions.,IAFA; MS,,,,IAFA; MS,,,,IAFA; MS,,,
219,LEHRER,You have 30 seconds.,S,,,,S,,,,S,,,
220,BUSH,"Thank you, sir.",THK,,,,THK,,,,THK,,,
221,BUSH,"First of all, what my opponent wants you to forget is that he voted to authorize the use of force and now says it’s the wrong war at the wrong time at the wrong place.",S; REJ; CH,,PER; ATTR; REB,,S; REJ; CH,,PER; ATTR; REB,,S; REJ; CH,,PER; ATTR; REB,
222,BUSH,"I don’t see how you can lead this country to succeed in Iraq if you say wrong war, wrong time, wrong place.",S,,IP; REB; CB,,S,,IP; REB; CB,,S,,IP; REB; CB,
223,BUSH,What message does that send our troops?,Q-W; Q-RHET,,REB; CB,,Q-W; Q-RHET,,REB; CB,,Q-W; Q-RHET,,REB; CB,
224,BUSH,What message does that send to our allies?,Q-W; Q-RHET,,REB; CB,,Q-W; Q-RHET,,REB; CB,,Q-W; Q-RHET,,REB; CB,
225,BUSH,What message does that send the Iraqis?,Q-W; Q-RHET,,REB; CB,,Q-W; Q-RHET,,REB; CB,,Q-W; Q-RHET,,REB; CB,
226,BUSH,"No, the way to win this is to be steadfast and resolved and to follow through on the plan that I’ve just outlined.",S; REJ,,IP,,S; REJ,,IP,,S; REJ,,IP,
227,LEHRER,"Thirty seconds, Senator.",S,,,,S,,,,S,,,
228,KERRY,"Yes, we have to be steadfast and resolved, and I am.",S; AGR; ANS,,IP,,S; AGR; ANS,,IP,,S; AGR; ANS,,IP,
229,KERRY,"And I will succeed for those troops, now that we’re there.",S,,IP,,S,,IP,,S,,IP,
230,KERRY,We have to succeed.,S,,,,S,,,,S,,,
231,KERRY,We can’t leave a failed Iraq.,S,,AF,,S,,AF,,S,,AF,
232,KERRY,But that doesn’t mean it wasn’t a mistake of judgment to go there and take the focus off of Osama bin Laden.,S; CH,,ATTR; REB,,S; CH,,ATTR; REB,,S; CH,,ATTR; REB,
233,KERRY,It was.,S,,,,S,,,,S,,,
234,KERRY,"Now, we can succeed.",S,,,,S,,,,S,,,
235,KERRY,But I don’t believe this president can.,S; DIS,,IP; ATTR; REB,,S; DIS,,IP; ATTR; REB,,S; DIS,,IP; ATTR; REB,
236,KERRY,I think we need a president who has the credibility to bring the allies back to the table and to do what’s necessary to make it so America isn’t doing this alone.,S,,IP; REB,,S,,IP; REB,,S,,IP; REB,
237,LEHRER,We’ll come back to Iraq in a moment.,MS,,,,MS,,,,MS,,,
238,LEHRER,"But I want to come back to where I began, on homeland security.",TT; MS,,,,TT; MS,,,,TT; MS,,,
239,LEHRER,"This is a two-minute new question, Senator Kerry.",S,,,,S,,,,S,,,
240,LEHRER,"As president, what would you do, specifically, in addition to or differently to increase the homeland security of the United States than what President Bush is doing?",Q-W; OQ,,,,Q-W; OQ,,,,Q-W; OQ,,,
241,KERRY,"Jim, let me tell you exactly what I’ll do.",S; TT,,IP,,S; TT,,IP,,S; TT,,IP,
242,KERRY,And there are a long list of thing.,S,,,,S,,,,S,,,
243,KERRY,"First of all, what kind of mixed message does it send when you have $500 million going over to Iraq to put police officers in the streets of Iraq, and the president is cutting the COPS program in America?",Q-W; Q-RHET; S-Inform,,ATTR; AEX; REB; SE,,Q-W; Q-RHET; S-Inform,,ATTR; AEX; REB; SE,,Q-W; Q-RHET; S-Inform,,ATTR; AEX; REB; SE,
244,KERRY,"What kind of message does it send to be sending money to open firehouses in Iraq, but we’re shutting firehouses who are the first- responders here in America.",Q-RHET; S,,AE; ATTR; REB; SE,,Q-RHET; S,,AE; ATTR; REB; SE,,Q-RHET; S,,AE; ATTR; REB; SE,
245,KERRY,"The president hasn’t put one nickel, not one nickel into the effort to fix some of our tunnels and bridges and most exposed subway systems.",S; CH,,ATTR; REB,,S; CH,,ATTR; REB,,S; CH,,ATTR; REB,
246,KERRY,That’s why they had to close down the subway in New York when the Republican Convention was there.,S-Inform; EXPL; HS,,ATTR; SE,,S-Inform; EXPL; HS,,ATTR; SE,,S-Inform; EXPL; HS,,ATTR; SE,
247,KERRY,We hadn’t done the work that ought to be done.,S,,REB,,S,,REB,,S,,REB,
248,KERRY,"The president — 95 percent of the containers that come into the ports, right here in Florida, are not inspected.",S-Inform,,AF; SE,,S-Inform,,AF; SE,,S-Inform,,AF; SE,
249,KERRY,"Civilians get onto aircraft, and their luggage is X-rayed, but the cargo hold is not X- rayed.",S-Inform,,AF; SE,,S-Inform,,AF; SE,,S-Inform,,AF; SE,
250,KERRY,Does that make you feel safer in America?,YNQ; Q-RHET,,AF; BQ,,YNQ; Q-RHET,,AF; BQ,,YNQ; Q-RHET,,AF; BQ,
251,KERRY,This president thought it was more important to give the wealthiest people in America a tax cut rather than invest in homeland security.,S; CH,,ATTR; REB,,S; CH,,ATTR; REB,,S; CH,,ATTR; REB,
252,KERRY,Those aren’t my values.,S,,IP,,S,,IP,,S,,IP,
253,KERRY,I believe in protecting America first.,S,,APAT; IP,,S,,APAT; IP,,S,,APAT; IP,
254,KERRY,"And long before President Bush and I get a tax cut — and that’s who gets it — long before we do, I’m going to invest in homeland security and I’m going to make sure we’re not cutting COPS programs in America and we’re fully staffed in our firehouses and that we protect the nuclear and chemical plants.",S,,IT; IP,,S,,IT; IP,,S,,IT; IP,
255,KERRY,"The president also unfortunately gave in to the chemical industry, which didn’t want to do some of the things necessary to strengthen our chemical plant exposure.",S; CH,,ATTR; REB,,S; CH,,ATTR; REB,,S; CH,,ATTR; REB,
256,KERRY,And there’s an enormous undone job to protect the loose nuclear materials in the world that are able to get to terrorists.,S,,AF,,S,,AF,,S,,AF,
257,KERRY,"That’s a whole other subject, but I see we still have a little bit more time.",S; TT,,,,S; TT,,,,S; TT,,,
258,KERRY,"Let me just quickly say, at the current pace, the president will not secure the loose material in the Soviet Union — former Soviet Union for 13 years.",S-Inform; CH; TT,,AF; ATTR; REB,,S-Inform; CH; TT,,AF; ATTR; REB,,S-Inform; CH; TT,,AF; ATTR; REB,
259,KERRY,I’m going to do it in four years.,S,,IP,,S,,IP,,S,,IP,
260,KERRY,And we’re going to keep it out of the hands of terrorists.,S,,AF; UF,,S,,AF; UF,,S,,AF; UF,
261,LEHRER,"Ninety-second response, Mr.",TG,,,,TG,,,,TG,,,
262,LEHRER,President.,TG,,,,TG,,,,TG,,,
263,BUSH,I don’t think we want to get to how he’s going to pay for all these promises.,S; CH,,DF; IP; REB,,S; CH,,DF; IP; REB,,S; CH,,DF; IP; REB,
264,BUSH,It’s like a huge tax gap.,S,,REB; CB,,S,,REB; CB,,S,,REB; CB,
265,BUSH,"Anyway, that’s for another debate.",S,,DF; IA,,S,,DF; IA,,S,,DF; IA,
266,BUSH,My administration has tripled the amount of money we’re spending on homeland security to $30 billion a year.,S-Inform,,IT,,S-Inform,,IT,,S-Inform,,IT,
267,BUSH,My administration worked with the Congress to create the Department of Homeland Security so we could better coordinate our borders and ports.,S-Inform,,IT,,S-Inform,,IT,,S-Inform,,IT,
268,BUSH,"We’ve got 1,000 extra border patrol on the southern border; want 1,000 on the northern border.",S-Inform,,IT,,S-Inform,,IT,,S-Inform,,IT,
269,BUSH,We’re modernizing our borders.,S,,IT,,S,,IT,,S,,IT,
270,BUSH,We spent $3.,S-Inform,,IT,,S-Inform,,IT,,S-Inform,,IT,
271,BUSH,"1 billion for fire and police, $3.",S-Inform,,IT,,S-Inform,,IT,,S-Inform,,IT,
272,BUSH,1 billion.,S-Inform,,,,S-Inform,,,,S-Inform,,,
273,BUSH,We’re doing our duty to provide the funding.,S,,IT,,S,,IT,,S,,IT,
274,BUSH,But the best way to protect this homeland is to stay on the offense.,S,,AF; IP,,S,,AF; IP,,S,,AF; IP,
275,BUSH,"You know, we have to be right 100 percent of the time.",S,,AF,,S,,AF,,S,,AF,
276,BUSH,And the enemy only has to be right once to hurt us.,S,,AF,,S,,AF,,S,,AF,
277,BUSH,There’s a lot of good people working hard.,S,,,,S,,,,S,,,
278,BUSH,"And by the way, we’ve also changed the culture of the FBI to have counterterrorism as its number one priority.",S-Inform,,IT,,S-Inform,,IT,,S-Inform,,IT,
279,BUSH,We’re communicating better.,S,,,,S,,,,S,,,
280,BUSH,We’re going to reform our intelligence services to make sure that we get the best intelligence possible.,S,,IP,,S,,IP,,S,,IP,
281,BUSH,The Patriot Act is vital — is vital that the Congress renew the Patriot Act which enables our law enforcement to disrupt terror cells.,S; S-Inform,,IP,,S; S-Inform,,IP,,S; S-Inform,,IP,
282,BUSH,"But again, I repeat to my fellow citizens, the best way to protection is to stay on the offense.",S; MS,,AF; IP,,S; MS,,AF; IP,,S; MS,,AF; IP,
283,LEHRER,"Yes, let’s do a little — yes, 30 seconds.",S; TA,,,,S; TA,,,,S; TA,,,
284,KERRY,The president just said the FBI had changed its culture.,S; REJ,,REB,,S; REJ,,REB,,S; REJ,,REB,
285,KERRY,"We just read on the front pages of America’s papers that there are over 100,000 hours of tapes, unlistened to.",S-Inform; CH,,REB; SE,,S-Inform; CH,,REB; SE,,S-Inform; CH,,REB; SE,
286,KERRY,On one of those tapes may be the enemy being right the next time.,S,,AF,,S,,AF,,S,,AF,
287,KERRY,And the test is not whether you’re spending more money.,S,,REB; CB,,S,,REB; CB,,S,,REB; CB,
288,KERRY,"The test is, are you doing everything possible to make America safe?",Q-RHET; S,,CB,,Q-RHET; S,,CB,,Q-RHET; S,,CB,
289,KERRY,We didn’t need that tax cut.,S,,IP,,S,,IP,,S,,IP,
290,KERRY,America needed to be safe.,S,,AF,,S,,AF,,S,,AF,
291,BUSH,Of course we’re doing everything we can to protect America.,S,,IT,,S,,IT,,S,,IT,
292,BUSH,I wake up every day thinking about how best to protect America.,S,,IT,,S,,IT,,S,,IT,
293,BUSH,That’s my job.,S,,,,S,,,,S,,,
294,BUSH,"I work with Director Mueller of the FBI; comes in my office when I’m in Washington every morning, talking about how to protect us.",S-Inform,,IT,,S-Inform,,IT,,S-Inform,,IT,
295,BUSH,There’s a lot of really good people working hard to do so.,S,,,,S,,,,S,,,
296,BUSH,It’s hard work.,S,,,,S,,,,S,,,
297,BUSH,"But, again, I want to tell the American people, we’re doing everything we can at home, but you better have a president who chases these terrorists down and bring them to justice before they hurt us again.",S; MS,,AF; IT,,S; MS,,AF; IT,,S; MS,,AF; IT,
298,LEHRER,"New question, Mr.",MS,,,,MS,,,,MS,,,
299,LEHRER,President.,S,,,,S,,,,S,,,
300,LEHRER,Two minutes.,S,,,,S,,,,S,,,
301,LEHRER,What criteria would you use to determine when to start bringing U.,Q-W; OQ,,,,Q-W; OQ,,,,Q-W; OQ,,,
302,LEHRER,troops home from Iraq?,Q-W; OQ,,,,Q-W; OQ,,,,Q-W; OQ,,,
303,BUSH,Let me first tell you that the best way for Iraq to be safe and secure is for Iraqi citizens to be trained to do the job.,S; TT,,IP,,S; TT,,IP,,S; TT,,IP,
304,BUSH,And that’s what we’re doing.,S,,IT,,S,,IT,,S,,IT,
305,BUSH,"We’ve got 100,000 trained now, 125,000 by the end of this year, 200,000 by the end of next year.",S-Inform,,IT; SE,,S-Inform,,IT; SE,,S-Inform,,IT; SE,
306,BUSH,That is the best way.,S,,,,S,,,,S,,,
307,BUSH,We’ll never succeed in Iraq if the Iraqi citizens do not want to take matters into their own hands to protect themselves.,S,,CB,,S,,CB,,S,,CB,
308,BUSH,I believe they want to.,S,,IP,,S,,IP,,S,,IP,
309,BUSH,Prime Minister Allawi believes they want to.,S,,,,S,,,,S,,,
310,BUSH,"And so the best indication about when we can bring our troops home — which I really want to do, but I don’t want to do so for the sake of bringing them home; I want to do so because we’ve achieved an objective — is to see the Iraqis perform and to see the Iraqis step up and take responsibility.",S; EXPL,,IP,,S; EXPL,,IP,,S; EXPL,,IP,
311,BUSH,"And so, the answer to your question is: When our general is on the ground and Ambassador Negroponte tells me that Iraq is ready to defend herself from these terrorists, that elections will have been held by then, that their stability and that they’re on their way to, you know, a nation that’s free; that’s when.",S; ANS,,IP,,S; ANS,,IP,,S; ANS,,IP,
312,BUSH,And I hope it’s as soon as possible.,S,,IP,,S,,IP,,S,,IP,
313,BUSH,But I know putting artificial deadlines won’t work.,S,,IP; CB,,S,,IP; CB,,S,,IP; CB,
314,BUSH,"My opponent at one time said, “Well, get me elected, I’ll have them out of there in six months.",S; HS,,ATTR; REB,,S; HS,,ATTR; REB,,S; HS,,ATTR; REB,
315,BUSH,” You can’t do that and expect to win the war on terror.,S; CH,,AF; REB; CB,,S; CH,,AF; REB; CB,,S; CH,,AF; REB; CB,
316,BUSH,"My message to our troops is, “Thank you for what you’re doing.",S; THK,,AE; AP,,S; THK,,AE; AP,,S; THK,,AE; AP,
317,BUSH,We’re standing with you strong.,S,,AP; UF,,S,,AP; UF,,S,,AP; UF,
318,BUSH,We’ll give you all the equipment you need.,S,,UF,,S,,UF,,S,,UF,
319,BUSH,"And we’ll get you home as soon as the mission’s done, because this is a vital mission.",S,,AE,,S,,AE,,S,,AE,
320,BUSH,"” A free Iraq will be an ally in the war on terror, and that’s essential.",S,,AP,,S,,AP,,S,,AP,
321,BUSH,A free Iraq will set a powerful example in the part of the world that is desperate for freedom.,S,,APAT,,S,,APAT,,S,,APAT,
322,BUSH,A free Iraq will help secure Israel.,S,,,,S,,,,S,,,
323,BUSH,A free Iraq will enforce the hopes and aspirations of the reformers in places like Iran.,S,,APAT,,S,,APAT,,S,,APAT,
324,BUSH,A free Iraq is essential for the security of this country.,S,,AF,,S,,AF,,S,,AF,
325,LEHRER,"Ninety seconds, Senator Kerry.",TG,,,,TG,,,,TG,,,
326,KERRY,"Thank you, Jim.",THK,,,,THK,,,,THK,,,
327,KERRY,"My message to the troops is also: Thank you for what they’re doing, but it’s also help is on the way.",S; THK,,AE,,S; THK,,AE,,S; THK,,AE,
328,KERRY,I believe those troops deserve better than what they are getting today.,S,,IP; REB,,S,,IP; REB,,S,,IP; REB,
329,KERRY,"You know, it’s interesting.",S,,,,S,,,,S,,,
330,KERRY,"When I was in a rope line just the other day, coming out here from Wisconsin, a couple of young returnees were in the line, one active duty, one from the Guard.",S; HS,,AE,,S; HS,,AE,,S; HS,,AE,
331,KERRY,And they both looked at me and said: We need you.,S,,AE,,S,,AE,,S,,AE,
332,KERRY,You’ve got to help us over there.,S,,AE,,S,,AE,,S,,AE,
333,KERRY,Now I believe there’s a better way to do this.,S,,IP,,S,,IP,,S,,IP,
334,KERRY,"You know, the president’s father did not go into Iraq, into Baghdad, beyond Basra.",S; HS,,SE,,S; HS,,SE,,S; HS,,SE,
335,KERRY,"And the reason he didn’t is, he said — he wrote in his book — because there was no viable exit strategy.",S; EXPL; HS,,SE,,S; EXPL; HS,,SE,,S; EXPL; HS,,SE,
336,KERRY,And he said our troops would be occupiers in a bitterly hostile land.,S,,AF; SE,,S,,AF; SE,,S,,AF; SE,
337,KERRY,That’s exactly where we find ourselves today.,S,,REB,,S,,REB,,S,,REB,
338,KERRY,There’s a sense of American occupation.,S,,,,S,,,,S,,,
339,KERRY,The only building that was guarded when the troops when into Baghdad was the oil ministry.,S-Inform; CH,,REB; SE,,S-Inform; CH,,REB; SE,,S-Inform; CH,,REB; SE,
340,KERRY,We didn’t guard the nuclear facilities.,S; CH,,ATTR; REB,,S; CH,,ATTR; REB,,S; CH,,ATTR; REB,
341,KERRY,"We didn’t guard the foreign office, where you might have found information about weapons of mass destruction.",S; CH,,ATTR; REB,,S; CH,,ATTR; REB,,S; CH,,ATTR; REB,
342,KERRY,We didn’t guard the borders.,S; CH,,ATTR; REB,,S; CH,,ATTR; REB,,S; CH,,ATTR; REB,
343,KERRY,"Almost every step of the way, our troops have been left on these extraordinarily difficult missions.",S,,REB,,S,,REB,,S,,REB,
344,KERRY,I know what it’s like to go out on one of those missions when you don’t know what’s around the corner.,S; HS,,AE; IP,,S; HS,,AE; IP,,S; HS,,AE; IP,
345,KERRY,And I believe our troops need other allies helping.,S,,IP,,S,,IP,,S,,IP,
346,KERRY,I’m going to hold that summit.,S,,IT,,S,,IT,,S,,IT,
347,KERRY,"I will bring fresh credibility, a new start, and we will get the job done right.",S,,IT,,S,,IT,,S,,IT,
348,LEHRER,"All right, go ahead.",IAFA; TG,,,,IAFA; TG,,,,IAFA; TG,,,
349,LEHRER,"Yes, sir?",YNQ; TG,,,,YNQ; TG,,,,YNQ; TG,,,
350,BUSH,I think it’s worthy for a follow-up.,S; IAFA,,,,S; IAFA,,,,S; IAFA,,,
351,LEHRER,"Sure, right.",ACK; AGR,,,,ACK; AGR,,,,ACK; AGR,,,
352,LEHRER,LEHRER: We can do 30 seconds each here.,S,,,,S,,,,S,,,
353,LEHRER,All right.,ACK,,,,ACK,,,,ACK,,,
354,BUSH,"My opponent says help is on the way, but what kind of message does it say to our troops in harm’s way, “wrong war, wrong place, wrong time”?",Q-RHET; S; CH,,AF; PER; REB,,Q-RHET; S; CH,,AF; PER; REB,,Q-RHET; S; CH,,AF; PER; REB,
355,BUSH,"Not a message a commander in chief gives, or this is a “great diversion.",S; CH,,PER; REB,,S; CH,,PER; REB,,S; CH,,PER; REB,
356,BUSH,"” As well, help is on the way, but it’s certainly hard to tell it when he voted against the $87-billion supplemental to provide equipment for our troops, and then said he actually did vote for it before he voted against it.",S-Inform; CH,,ATTR; REB; SE,,S-Inform; CH,,ATTR; REB; SE,,S-Inform; CH,,ATTR; REB; SE,
357,BUSH,Not what a commander in chief does when you’re trying to lead troops.,S; CH,,PER; ATTR; REB,,S; CH,,PER; ATTR; REB,,S; CH,,PER; ATTR; REB,
358,LEHRER,"Senator Kerry, 30 seconds.",TG,,,,TG,,,,TG,,,
359,KERRY,"Well, you know, when I talked about the $87 billion, I made a mistake in how I talk about the war.",S; CORR,,IP,,S; CORR,,IP,,S; CORR,,IP,
360,KERRY,But the president made a mistake in invading Iraq.,S; CH,,ATTR; REB,,S; CH,,ATTR; REB,,S; CH,,ATTR; REB,
361,KERRY,Which is worse?,Q-RHET,,REB; CB,,Q-RHET,,REB; CB,,Q-RHET,,REB; CB,
362,KERRY,"I believe that when you know something’s going wrong, you make it right.",S,,IP,,S,,IP,,S,,IP,
363,KERRY,That’s what I learned in Vietnam.,S; HS,,IP,,S; HS,,IP,,S; HS,,IP,
364,KERRY,When I came back from that war I saw that it was wrong.,S; HS,,IP,,S; HS,,IP,,S; HS,,IP,
365,KERRY,"Some people don’t like the fact that I stood up to say no, but I did.",S; HS,,IP,,S; HS,,IP,,S; HS,,IP,
366,KERRY,And that’s what I did with that vote.,S,,,,S,,,,S,,,
367,KERRY,And I’m going to lead those troops to victory.,S,,IT,,S,,IT,,S,,IT,
368,LEHRER,"All right, new question.",MS,,,,MS,,,,MS,,,
369,LEHRER,"Two minutes, Senator Kerry.",S,,,,S,,,,S,,,
370,LEHRER,"Speaking of Vietnam, you spoke to Congress in 1971, after you came back from Vietnam, and you said, quote, “How do you ask a man to be the last man to die for a mistake?",Q-W; HS,,CB,,Q-W; HS,,CB,,Q-W; HS,,CB,
371,LEHRER,” Are Americans now dying in Iraq for a mistake?,YNQ,,BQ; CB,,YNQ,,BQ; CB,,YNQ,,BQ; CB,
372,KERRY,"No, and they don’t have to, providing we have the leadership that we put — that I’m offering.",S; ANS,,IT; IP,,S; ANS,,IT; IP,,S; ANS,,IT; IP,
373,KERRY,I believe that we have to win this.,S; IAFA,,IP,,S; IAFA,,IP,,S; IAFA,,IP,
374,KERRY,The president and I have always agreed on that.,S,,,,S,,,,S,,,
375,KERRY,"And from the beginning, I did vote to give the authority, because I thought Saddam Hussein was a threat, and I did accept that intelligence.",S; HS,,IT; IP,,S; HS,,IT; IP,,S; HS,,IT; IP,
376,KERRY,But I also laid out a very strict series of things we needed to do in order to proceed from a position of strength.,S,,IT,,S,,IT,,S,,IT,
377,KERRY,"Then the president, in fact, promised them.",S,,ATTR; REB,,S,,ATTR; REB,,S,,ATTR; REB,
378,KERRY,"He went to Cincinnati and he gave a speech in which he said, “We will plan carefully.",S; HS,,REB,,S; HS,,REB,,S; HS,,REB,
379,KERRY,We will proceed cautiously.,S,,,,S,,,,S,,,
380,KERRY,We will not make war inevitable.,S,,,,S,,,,S,,,
381,KERRY,We will go with our allies.,S,,,,S,,,,S,,,
382,KERRY,” He didn’t do any of those things.,S; CH,,ATTR; REB,,S; CH,,ATTR; REB,,S; CH,,ATTR; REB,
383,KERRY,They didn’t do the planning.,S; CH,,ATTR; REB,,S; CH,,ATTR; REB,,S; CH,,ATTR; REB,
384,KERRY,They left the planning of the State Department in the State Department desks.,S; CH,,ATTR; REB,,S; CH,,ATTR; REB,,S; CH,,ATTR; REB,
385,KERRY,They avoided even the advice of their own general.,S; CH,,ATTR; REB,,S; CH,,ATTR; REB,,S; CH,,ATTR; REB,
386,KERRY,"General Shinsheki, the Army chief of staff, said you’re going to need several hundred thousand troops.",S-Inform; HS,,SE,,S-Inform; HS,,SE,,S-Inform; HS,,SE,
387,KERRY,"Instead of listening to him, they retired him.",S; CH,,ATTR; REB,,S; CH,,ATTR; REB,,S; CH,,ATTR; REB,
388,KERRY,"The terrorism czar, who has worked for every president since Ronald Reagan, said, “Invading Iraq in response to 9/11 would be like Franklin Roosevelt invading Mexico in response to Pearl Harbor.",S-Inform; HS,,REB; SE,,S-Inform; HS,,REB; SE,,S-Inform; HS,,REB; SE,
389,KERRY,” That’s what we have here.,S,,,,S,,,,S,,,
390,KERRY,And what we need now is a president who understands how to bring these other countries together to recognize their stakes in this.,S,,IP; CB,,S,,IP; CB,,S,,IP; CB,
391,KERRY,They do have stakes in it.,S,,,,S,,,,S,,,
392,KERRY,They’ve always had stakes in it.,S,,,,S,,,,S,,,
393,KERRY,The Arab countries have a stake in not having a civil war.,S,,,,S,,,,S,,,
394,KERRY,The European countries have a stake in not having total disorder on their doorstep.,S,,AF,,S,,AF,,S,,AF,
395,KERRY,But this president hasn’t even held the kind of statesman-like summits that pull people together and get them to invest in those states.,S; CH,,ATTR; REB,,S; CH,,ATTR; REB,,S; CH,,ATTR; REB,
396,KERRY,"In fact, he’s done the opposite.",S; CH,,ATTR; REB,,S; CH,,ATTR; REB,,S; CH,,ATTR; REB,
397,KERRY,He pushed them away.,S; CH,,ATTR; REB,,S; CH,,ATTR; REB,,S; CH,,ATTR; REB,
398,KERRY,"When the Secretary General Kofi Annan offered the United Nations, he said, “No, no, we’ll go do this alone.",S-Inform; HS,,ATTR; REB; SE,,S-Inform; HS,,ATTR; REB; SE,,S-Inform; HS,,ATTR; REB; SE,
399,KERRY,"” To save for Halliburton the spoils of the war, they actually issued a memorandum from the Defense Department saying, “If you weren’t with us in the war, don’t bother applying for any construction.",S-Inform; CH,,ATTR; REB; SE,,S-Inform; CH,,ATTR; REB; SE,,S-Inform; CH,,ATTR; REB; SE,
400,KERRY,” That’s not a way to invite people.,S; CH,,REB,,S; CH,,REB,,S; CH,,REB,
401,LEHRER,Ninety seconds.,S,,,,S,,,,S,,,
402,BUSH,That’s totally absurd.,REJ; CH,,REB,,REJ; CH,,REB,,REJ; CH,,REB,
403,BUSH,"Of course, the U.",S,,,,S,,,,S,,,
404,BUSH,was invited in.,S,,,,S,,,,S,,,
405,BUSH,And we support the U.,S,,,,S,,,,S,,,
406,BUSH,efforts there.,S,,,,S,,,,S,,,
407,BUSH,They pulled out after Sergio de Mello got killed.,S-Inform,,,,S-Inform,,,,S-Inform,,,
408,BUSH,But they’re now back in helping with elections.,S,,,,S,,,,S,,,
409,BUSH,My opponent says we didn’t have any allies in this war.,S; REJ,,REB,,S; REJ,,REB,,S; REJ,,REB,
410,BUSH,What’s he say to Tony Blair?,Q-W; Q-RHET,,REB; CB,,Q-W; Q-RHET,,REB; CB,,Q-W; Q-RHET,,REB; CB,
411,BUSH,What’s he say to Alexander Kwasniewski of Poland?,Q-W; Q-RHET,,REB; CB,,Q-W; Q-RHET,,REB; CB,,Q-W; Q-RHET,,REB; CB,
412,BUSH,You can’t expect to build an alliance when you denigrate the contributions of those who are serving side by side with American troops in Iraq.,S; CH,,ATTR; REB,,S; CH,,ATTR; REB,,S; CH,,ATTR; REB,
413,BUSH,"Plus, he says the cornerstone of his plan to succeed in Iraq is to call upon nations to serve.",S,,REB,,S,,REB,,S,,REB,
414,BUSH,So what’s the message going to be: “Please join us in Iraq.,Q-RHET; MS,,REB; CB,,Q-RHET; MS,,REB; CB,,Q-RHET; MS,,REB; CB,
415,BUSH,For a grand diversion.,S; CH,,REB; CB,,S; CH,,REB; CB,,S; CH,,REB; CB,
416,BUSH,Join us for a war that is the wrong war at the wrong place at the wrong time?,Q-RHET,,AF; REB; CB,,Q-RHET,,AF; REB; CB,,Q-RHET,,AF; REB; CB,
417,BUSH,” I know how these people think.,S,,IT,,S,,IT,,S,,IT,
418,BUSH,I deal with them all the time.,S,,IT,,S,,IT,,S,,IT,
419,BUSH,I sit down with the world leaders frequently and talk to them on the phone frequently.,S,,IT,,S,,IT,,S,,IT,
420,BUSH,"They’re not going to follow somebody who says, “This is the wrong war at the wrong place at the wrong time.",S; CH,,ATTR; REB,,S; CH,,ATTR; REB,,S; CH,,ATTR; REB,
421,BUSH,” They’re not going to follow somebody who says this is the wrong war at the wrong place at the wrong time.,S; CH,,ATTR; REB,,S; CH,,ATTR; REB,,S; CH,,ATTR; REB,
422,BUSH,They’re not going to follow somebody whose core convictions keep changing because of politics in America.,S; CH,,PER; REB,,S; CH,,PER; REB,,S; CH,,PER; REB,
423,BUSH,"And finally, he says we ought to have a summit.",S,,REB,,S,,REB,,S,,REB,
424,BUSH,"Well, there are summits being held.",S,,REB,,S,,REB,,S,,REB,
425,BUSH,Japan is going to have a summit for the donors; $14 billion pledged.,S-Inform,,,,S-Inform,,,,S-Inform,,,
426,BUSH,"And Prime Minister Koizumi is going to call countries to account, to get them to contribute.",S,,,,S,,,,S,,,
427,BUSH,"And there’s going to be an Arab summit, of the neighborhood countries.",S,,,,S,,,,S,,,
428,BUSH,And Colin Powell helped set up that summit.,S,,IT,,S,,IT,,S,,IT,
429,LEHRER,"30 seconds, Senator.",S,,,,S,,,,S,,,
430,KERRY,"The United Nations, Kofi Annan offered help after Baghdad fell.",S-Inform; HS,,,,S-Inform; HS,,,,S-Inform; HS,,,
431,KERRY,And we never picked him up on that and did what was necessary to transfer authority and to transfer reconstruction.,S; CH,,ATTR; REB,,S; CH,,ATTR; REB,,S; CH,,ATTR; REB,
432,KERRY,It was always American-run.,S,,REB,,S,,REB,,S,,REB,
433,KERRY,"Secondly, when we went in, there were three countries: Great Britain, Australia and the United States.",S-Inform; HS,,SE,,S-Inform; HS,,SE,,S-Inform; HS,,SE,
434,KERRY,That’s not a grand coalition.,S; CH,,REB,,S; CH,,REB,,S; CH,,REB,
435,KERRY,We can do better.,S,,,,S,,,,S,,,
436,LEHRER,"Thirty seconds, Mr.",S,,,,S,,,,S,,,
437,LEHRER,President.,S,,,,S,,,,S,,,
438,BUSH,"Well, actually, he forgot Poland.",S; CH,,REB; CBias,,S; CH,,REB; CBias,,S; CH,,REB; CBias,
439,BUSH,"And now there’s 30 nations involved, standing side by side with our American troops.",S-Inform,,AP,,S-Inform,,AP,,S-Inform,,AP,
440,BUSH,And I honor their sacrifices.,S,,AE,,S,,AE,,S,,AE,
441,BUSH,And I don’t appreciate it when a candidate for president denigrates the contributions of these brave soldiers.,S; CH,,PER; IP; REB,,S; CH,,PER; IP; REB,,S; CH,,PER; IP; REB,
442,BUSH,You cannot lead the world if you do not honor the contributions of those who are with us.,S,,REB; CB,,S,,REB; CB,,S,,REB; CB,
443,BUSH,He called them coerced and the bribed.,S; CH,,ATTR; REB,,S; CH,,ATTR; REB,,S; CH,,ATTR; REB,
444,BUSH,That’s not how you bring people together.,S; CH,,PER; REB,,S; CH,,PER; REB,,S; CH,,PER; REB,
445,BUSH,Our coalition is strong.,S,,IT,,S,,IT,,S,,IT,
446,BUSH,"It will remain strong, so long as I’m the president.",S,,IT,,S,,IT,,S,,IT,
447,LEHRER,"New question, Mr.",MS,,,,MS,,,,MS,,,
448,LEHRER,"President, two minutes.",MS,,,,MS,,,,MS,,,
449,LEHRER,"You have said there was a, quote, “miscalculation,” of what the conditions would be in post-war Iraq.",S,,,,S,,,,S,,,
450,LEHRER,"What was the miscalculation, and how did it happen?",Q-W; SEEP,,,,Q-W; SEEP,,,,Q-W; SEEP,,,
451,BUSH,"No, what I said was that, because we achieved such a rapid victory, more of the Saddam loyalists were around.",ANS; CORR,,IT; IP,,ANS; CORR,,IT; IP,,ANS; CORR,,IT; IP,
452,BUSH,"I mean, we thought we’d whip more of them going in.",S; EXPL,,IP,,S; EXPL,,IP,,S; EXPL,,IP,
453,BUSH,"But because Tommy Franks did such a great job in planning the operations, we moved rapidly, and a lot of the Baathists and Saddam loyalists laid down their arms and disappeared.",S; EXPL,,IT; SE,,S; EXPL,,IT; SE,,S; EXPL,,IT; SE,
454,BUSH,"I thought they would stay and fight, but they didn’t.",S,,IP,,S,,IP,,S,,IP,
455,BUSH,And now we’re fighting them now.,S,,,,S,,,,S,,,
456,BUSH,And it’s hard work.,S,,,,S,,,,S,,,
457,BUSH,I understand how hard it is.,S,,AE; IP,,S,,AE; IP,,S,,AE; IP,
458,BUSH,I get the casualty reports every day.,S-Inform,,AE,,S-Inform,,AE,,S-Inform,,AE,
459,BUSH,I see on the TV screens how hard it is.,S,,,,S,,,,S,,,
460,BUSH,But it’s necessary work.,S,,,,S,,,,S,,,
461,BUSH,And I’m optimistic.,S,,IP,,S,,IP,,S,,IP,
462,BUSH,"See, I think you can be realistic and optimistic at the same time.",S,,IP,,S,,IP,,S,,IP,
463,BUSH,I’m optimistic we’ll achieve — I know we won’t achieve if we send mixed signals.,S,,IP,,S,,IP,,S,,IP,
464,BUSH,"I know we’re not going to achieve our objective if we send mixed signals to our troops, our friends, the Iraqi citizens.",S,,IP; CB,,S,,IP; CB,,S,,IP; CB,
465,BUSH,We’ve got a plan in place.,S,,IT,,S,,IT,,S,,IT,
466,BUSH,"The plan says there will be elections in January, and there will be.",S; S-Inform,,,,S; S-Inform,,,,S; S-Inform,,,
467,BUSH,"The plan says we’ll train Iraqi soldiers so they can do the hard work, and we are.",S,,IT,,S,,IT,,S,,IT,
468,BUSH,"And it’s not only just America, but NATO is now helping, Jordan’s helping train police, UAE is helping train police.",S; S-Inform,,,,S; S-Inform,,,,S; S-Inform,,,
469,BUSH,We’ve allocated $7 billion over the next months for reconstruction efforts.,S-Inform; IAFA,,IT,,S-Inform; IAFA,,IT,,S-Inform; IAFA,,IT,
470,BUSH,And we’re making progress there.,S,,IT,,S,,IT,,S,,IT,
471,BUSH,And our alliance is strong.,S,,,,S,,,,S,,,
472,BUSH,"And as I just told you, there’s going to be a summit of the Arab nations.",S; MS,,,,S; MS,,,,S; MS,,,
473,BUSH,Japan will be hosting a summit.,S-Inform,,,,S-Inform,,,,S-Inform,,,
474,BUSH,We’re making progress.,S,,IT,,S,,IT,,S,,IT,
475,BUSH,It is hard work.,S,,,,S,,,,S,,,
476,BUSH,It is hard work to go from a tyranny to a democracy.,S,,,,S,,,,S,,,
477,BUSH,"It’s hard work to go from a place where people get their hands cut off, or executed, to a place where people are free.",S,,AF; AE,,S,,AF; AE,,S,,AF; AE,
478,BUSH,But it’s necessary work.,S,,,,S,,,,S,,,
479,BUSH,And a free Iraq is going to make this world a more peaceful place.,S,,AP; IP,,S,,AP; IP,,S,,AP; IP,
480,LEHRER,"Ninety seconds, Senator Kerry.",S,,,,S,,,,S,,,
481,KERRY,What I think troubles a lot of people in our country is that the president has just sort of described one kind of mistake.,S; CH,,IP; REB,,S; CH,,IP; REB,,S; CH,,IP; REB,
482,KERRY,"But what he has said is that, even knowing there were no weapons of mass destruction, even knowing there was no imminent threat, even knowing there was no connection with Al Qaida, he would still have done everything the same way.",S; CH,,ATTR; REB,,S; CH,,ATTR; REB,,S; CH,,ATTR; REB,
483,KERRY,Those are his words.,S,,REB,,S,,REB,,S,,REB,
484,KERRY,"Now, I would not.",S,,IP,,S,,IP,,S,,IP,
485,KERRY,So what I’m trying to do is just talk the truth to the American people and to the world.,S,,IT; IP,,S,,IT; IP,,S,,IT; IP,
486,KERRY,The truth is what good policy is based on.,S,,IP,,S,,IP,,S,,IP,
487,KERRY,It’s what leadership is based on.,S,,,,S,,,,S,,,
488,KERRY,The president says that I’m denigrating these troops.,S; CH,,REB,,S; CH,,REB,,S; CH,,REB,
489,KERRY,"I have nothing but respect for the British, Tony Blair, and for what they’ve been willing to do.",S,,,,S,,,,S,,,
490,KERRY,"But you can’t tell me that when the most troops any other country has on the ground is Great Britain, with 8,300, and below that the four others are below 4,000, and below that, there isn’t anybody out of the hundreds, that we have a genuine coalition to get this job done.",S-Inform; CH,,REB; SE,,S-Inform; CH,,REB; SE,,S-Inform; CH,,REB; SE,
491,KERRY,"You can’t tell me that on the day that we went into that war and it started — it was principally the United States, the America and Great Britain and one or two others.",S; CH,,REB,,S; CH,,REB,,S; CH,,REB,
492,KERRY,That’s it.,S,,,,S,,,,S,,,
493,KERRY,"And today, we are 90 percent of the casualties and 90 percent of the costs.",S-Inform,,REB; SE,,S-Inform,,REB; SE,,S-Inform,,REB; SE,
494,KERRY,"And meanwhile, North Korea has got nuclear weapons.",S-Inform,,AF; REB,,S-Inform,,AF; REB,,S-Inform,,AF; REB,
495,KERRY,Talk about mixed messages.,S; CH,,ATTR; REB,,S; CH,,ATTR; REB,,S; CH,,ATTR; REB,
496,KERRY,"The president is the one that said, “We can’t allow countries to get nuclear weapons.",S; CH,,ATTR; REB,,S; CH,,ATTR; REB,,S; CH,,ATTR; REB,
497,KERRY,” They have.,S,,REB,,S,,REB,,S,,REB,
498,KERRY,I’ll change that.,S,,IT,,S,,IT,,S,,IT,
499,LEHRER,New question.,MS,,,,MS,,,,MS,,,
500,LEHRER,"Senator Kerry, two minutes.",TG,,,,TG,,,,TG,,,
501,LEHRER,"You just — you’ve repeatedly accused President Bush — not here tonight, but elsewhere before — of not telling the truth about Iraq, essentially of lying to the American people about Iraq.",S; CH,,PER; ATTR,,S; CH,,PER; ATTR,,S; CH,,PER; ATTR,
502,LEHRER,Give us some examples of what you consider to be his not telling the truth.,OQ; IAFA,,BQ,,OQ; IAFA,,BQ,,OQ; IAFA,,BQ,
503,KERRY,"Well, I’ve never, ever used the harshest word, as you did just then.",S; CORR,,IP,,S; CORR,,IP,,S; CORR,,IP,
504,KERRY,And I try not to.,S,,,,S,,,,S,,,
505,KERRY,I’ve been — but I’ll nevertheless tell you that I think he has not been candid with the American people.,S; CH,,IP; ATTR; REB,,S; CH,,IP; ATTR; REB,,S; CH,,IP; ATTR; REB,
506,KERRY,And I’ll tell you exactly how.,S; TT,,,,S; TT,,,,S; TT,,,
507,KERRY,"First of all, we all know that in his state of the union message, he told Congress about nuclear materials that didn’t exist.",S-Inform; CH,,ATTR; REB; SE,,S-Inform; CH,,ATTR; REB; SE,,S-Inform; CH,,ATTR; REB; SE,
508,KERRY,We know that he promised America that he was going to build this coalition.,S; CH,,ATTR; REB,,S; CH,,ATTR; REB,,S; CH,,ATTR; REB,
509,KERRY,I just described the coalition.,S,,,,S,,,,S,,,
510,KERRY,It is not the kind of coalition we were described when we were talking about voting for this.,S; CH,,REB,,S; CH,,REB,,S; CH,,REB,
511,KERRY,The president said he would exhaust the remedies of the United Nations and go through that full process.,S; HS,,ATTR,,S; HS,,ATTR,,S; HS,,ATTR,
512,KERRY,He didn’t.,S; CH,,ATTR; REB,,S; CH,,ATTR; REB,,S; CH,,ATTR; REB,
513,KERRY,"He cut if off, sort of arbitrarily.",S; CH,,ATTR; REB,,S; CH,,ATTR; REB,,S; CH,,ATTR; REB,
514,KERRY,And we know that there were further diplomatic efforts under way.,S; S-Inform,,REB,,S; S-Inform,,REB,,S; S-Inform,,REB,
515,KERRY,They just decided the time for diplomacy is over and rushed to war without planning for what happens afterwards.,S; CH,,ATTR; REB,,S; CH,,ATTR; REB,,S; CH,,ATTR; REB,
516,KERRY,"Now, he misled the American people in his speech when he said we will plan carefully.",S; CH,,PER; ATTR; REB,,S; CH,,PER; ATTR; REB,,S; CH,,PER; ATTR; REB,
517,KERRY,They obviously didn’t.,S; CH,,ATTR; REB,,S; CH,,ATTR; REB,,S; CH,,ATTR; REB,
518,KERRY,He misled the American people when he said we’d go to war as a last resort.,S; CH,,PER; ATTR; REB,,S; CH,,PER; ATTR; REB,,S; CH,,PER; ATTR; REB,
519,KERRY,We did not go as a last resort.,S,,REB,,S,,REB,,S,,REB,
520,KERRY,And most Americans know the difference.,S,,CB,,S,,CB,,S,,CB,
521,KERRY,"Now, this has cost us deeply in the world.",S,,AF; ATTR,,S,,AF; ATTR,,S,,AF; ATTR,
522,KERRY,I believe that it is important to tell the truth to the American people.,S,,IP,,S,,IP,,S,,IP,
523,KERRY,"I’ve worked with those leaders the president talks about, I’ve worked with them for 20 years, for longer than this president.",S; HS,,IT; REB,,S; HS,,IT; REB,,S; HS,,IT; REB,
524,KERRY,"And I know what many of them say today, and I know how to bring them back to the table.",S,,IT,,S,,IT,,S,,IT,
525,KERRY,"And I believe that a fresh start, new credibility, a president who can understand what we have to do to reach out to the Muslim world to make it clear that this is not, you know — Osama bin Laden uses the invasion of Iraq in order to go out to people and say that America has declared war on Islam.",S; EXPL,,AF; IP; REB,,S; EXPL,,AF; IP; REB,,S; EXPL,,AF; IP; REB,
526,KERRY,We need to be smarter about now we wage a war on terror.,S,,UF,,S,,UF,,S,,UF,
527,KERRY,We need to deny them the recruits.,S,,UF,,S,,UF,,S,,UF,
528,KERRY,We need to deny them the safe havens.,S,,UF,,S,,UF,,S,,UF,
529,KERRY,We need to rebuild our alliances.,S,,UF,,S,,UF,,S,,UF,
530,KERRY,"I believe that Ronald Reagan, John Kennedy, and the others did that more effectively, and I’m going to try to follow in their footsteps.",S; HS,,IP,,S; HS,,IP,,S; HS,,IP,
531,LEHRER,"Ninety seconds, Mr.",S,,,,S,,,,S,,,
532,LEHRER,President.,S,,,,S,,,,S,,,
533,BUSH,My opponent just said something amazing.,S; CH,,REB,,S; CH,,REB,,S; CH,,REB,
534,BUSH,He said Osama bin Laden uses the invasion of Iraq as an excuse to spread hatred for America.,S; CH,,REB,,S; CH,,REB,,S; CH,,REB,
535,BUSH,Osama bin Laden isn’t going to determine how we defend ourselves.,S,,AP,,S,,AP,,S,,AP,
536,BUSH,Osama bin Laden doesn’t get to decide.,S,,,,S,,,,S,,,
537,BUSH,The American people decide.,S,,AP; UF,,S,,AP; UF,,S,,AP; UF,
538,BUSH,I decided the right action was in Iraq.,S,,IT,,S,,IT,,S,,IT,
539,BUSH,My opponent calls it a mistake.,S; REJ,,REB,,S; REJ,,REB,,S; REJ,,REB,
540,BUSH,It wasn’t a mistake.,S; REJ,,REB,,S; REJ,,REB,,S; REJ,,REB,
541,BUSH,He said I misled on Iraq.,S,,REB,,S,,REB,,S,,REB,
542,BUSH,I don’t think he was misleading when he called Iraq a grave threat in the fall of 2002.,S; HS,,IP; REB; SE,,S; HS,,IP; REB; SE,,S; HS,,IP; REB; SE,
543,BUSH,I don’t think he was misleading when he said that it was right to disarm Iraq in the spring of 2003.,S; HS,,IP; REB; SE,,S; HS,,IP; REB; SE,,S; HS,,IP; REB; SE,
544,BUSH,"I don’t think he misled you when he said that, you know, anyone who doubted whether the world was better off without Saddam Hussein in power didn’t have the judgment to be president.",S; HS,,IP; REB; SE,,S; HS,,IP; REB; SE,,S; HS,,IP; REB; SE,
545,BUSH,I don’t think he was misleading.,S,,IP; REB,,S,,IP; REB,,S,,IP; REB,
546,BUSH,I think what is misleading is to say you can lead and succeed in Iraq if you keep changing your positions on this war.,S; CH,,PER; IP; REB,,S; CH,,PER; IP; REB,,S; CH,,PER; IP; REB,
547,BUSH,And he has.,S,,ATTR; REB,,S,,ATTR; REB,,S,,ATTR; REB,
548,BUSH,"As the politics change, his positions change.",S,,PER; ATTR; REB,,S,,PER; ATTR; REB,,S,,PER; ATTR; REB,
549,BUSH,And that’s not how a commander in chief acts.,S; CH,,PER; REB,,S; CH,,PER; REB,,S; CH,,PER; REB,
550,BUSH,Let me finish.,IAFA; TT,,,,IAFA; TT,,,,IAFA; TT,,,
551,BUSH,"The intelligence I looked at was the same intelligence my opponent looked at, the very same intelligence.",S; REJ,,REB,,S; REJ,,REB,,S; REJ,,REB,
552,BUSH,"And when I stood up there and spoke to the Congress, I was speaking off the same intelligence he looked at to make his decisions to support the authorization of force.",S; HS,,REB,,S; HS,,REB,,S; HS,,REB,
553,LEHRER,Thirty seconds.,S,,,,S,,,,S,,,
554,LEHRER,We’ll do a 30 second here.,S,,,,S,,,,S,,,
555,KERRY,I wasn’t misleading when I said he was a threat.,S; REJ,,IP; REB,,S; REJ,,IP; REB,,S; REJ,,IP; REB,
556,KERRY,Nor was I misleading on the day that the president decided to go to war when I said that he had made a mistake in not building strong alliances and that I would have preferred that he did more diplomacy.,S; CH,,ATTR; REB,,S; CH,,ATTR; REB,,S; CH,,ATTR; REB,
557,KERRY,"I’ve had one position, one consistent position, that Saddam Hussein was a threat.",S,,IP,,S,,IP,,S,,IP,
558,KERRY,There was a right way to disarm him and a wrong way.,S,,,,S,,,,S,,,
559,KERRY,And the president chose the wrong way.,S; CH,,ATTR; REB,,S; CH,,ATTR; REB,,S; CH,,ATTR; REB,
560,LEHRER,"Thirty seconds, Mr.",S,,,,S,,,,S,,,
561,LEHRER,President.,S,,,,S,,,,S,,,
562,BUSH,The only thing consistent about my opponent’s position is that he’s been inconsistent.,S; CH,,PER; ATTR; REB,,S; CH,,PER; ATTR; REB,,S; CH,,PER; ATTR; REB,
563,BUSH,He changes positions.,S,,PER; REB,,S,,PER; REB,,S,,PER; REB,
564,BUSH,And you cannot change positions in this war on terror if you expect to win.,S,,CB,,S,,CB,,S,,CB,
565,BUSH,And I expect to win.,S,,IP,,S,,IP,,S,,IP,
566,BUSH,It’s necessary we win.,S,,AF,,S,,AF,,S,,AF,
567,BUSH,We’re being challenged like never before.,S,,AF,,S,,AF,,S,,AF,
568,BUSH,"And we have a duty to our country and to future generations of America to achieve a free Iraq, a free Afghanistan, and to rid the world of weapons of mass destruction.",S,,AE; APAT; UF,,S,,AE; APAT; UF,,S,,AE; APAT; UF,
569,LEHRER,"New question, Mr.",MS,,,,MS,,,,MS,,,
570,LEHRER,President.,MS,,,,MS,,,,MS,,,
571,LEHRER,Two minutes.,S,,,,S,,,,S,,,
572,LEHRER,"Has the war in Iraq been worth the cost of American lives, 1,052 as of today?",YNQ; S-Inform,,,,YNQ; S-Inform,,,,YNQ; S-Inform,,,
573,BUSH,"You know, every life is precious.",S,,AE,,S,,AE,,S,,AE,
574,BUSH,Every life matters.,S,,AE,,S,,AE,,S,,AE,
575,BUSH,"You know, my hardest — the hardest part of the job is to know that I committed the troops in harm’s way and then do the best I can to provide comfort for the loved ones who lost a son or a daughter or a husband or wife.",S,,AE,,S,,AE,,S,,AE,
576,BUSH,"You know, I think about Missy Johnson.",S,,AE,,S,,AE,,S,,AE,
577,BUSH,"She’s a fantastic lady I met in Charlotte, North Carolina.",S,,AE,,S,,AE,,S,,AE,
578,BUSH,"She and her son Bryan, they came to see me.",S,,AE,,S,,AE,,S,,AE,
579,BUSH,Her husband PJ got killed.,S,,,,S,,,,S,,,
580,BUSH,"He’d been in Afghanistan, went to Iraq.",S,,,,S,,,,S,,,
581,BUSH,"You know, it’s hard work to try to love her as best as I can, knowing full well that the decision I made caused her loved one to be in harm’s way.",S,,AE,,S,,AE,,S,,AE,
582,BUSH,I told her after we prayed and teared up and laughed some that I thought her husband’s sacrifice was noble and worthy.,S,,AE,,S,,AE,,S,,AE,
583,BUSH,Because I understand the stakes of this war on terror.,S; EXPL,,AF,,S; EXPL,,AF,,S; EXPL,,AF,
584,BUSH,I understand that we must find Al Qaida wherever they hide.,S; IAFA,,AF,,S; IAFA,,AF,,S; IAFA,,AF,
585,BUSH,We must deal with threats before they fully materialize.,S,,AF,,S,,AF,,S,,AF,
586,BUSH,"And Saddam Hussein was a threat, and that we must spread liberty because in the long run, the way to defeat hatred and tyranny and oppression is to spread freedom.",S,,AF; APAT,,S,,AF; APAT,,S,,AF; APAT,
587,BUSH,Missy understood that.,S,,AE,,S,,AE,,S,,AE,
588,BUSH,That’s what she told me her husband understood.,S,,AE,,S,,AE,,S,,AE,
589,BUSH,"So you say, “Was it worth it?",YNQ; Q-RHET,,AE,,YNQ; Q-RHET,,AE,,YNQ; Q-RHET,,AE,
590,BUSH,” Every life is precious.,S,,AE,,S,,AE,,S,,AE,
591,BUSH,That’s what distinguishes us from the enemy.,S,,AP; UF,,S,,AP; UF,,S,,AP; UF,
592,BUSH,Everybody matters.,S,,AE,,S,,AE,,S,,AE,
593,BUSH,"But I think it’s worth it, Jim.",S; IAFA,,IP,,S; IAFA,,IP,,S; IAFA,,IP,
594,BUSH,"I think it’s worth it, because I think — I know in the long term a free Iraq, a free Afghanistan, will set such a powerful example in a part of the world that’s desperate for freedom.",S; IAFA; EXPL,,AE; APAT; IP,,S; IAFA; EXPL,,AE; APAT; IP,,S; IAFA; EXPL,,AE; APAT; IP,
595,BUSH,It will help change the world; that we can look back and say we did our duty.,S,,AE; UF,,S,,AE; UF,,S,,AE; UF,
596,LEHRER,"Senator, 90 seconds.",MS,,,,MS,,,,MS,,,
597,KERRY,"I understand what the president is talking about, because I know what it means to lose people in combat.",S; EXPL,,AE; IP,,S; EXPL,,AE; IP,,S; EXPL,,AE; IP,
598,KERRY,"And the question, is it worth the cost, reminds me of my own thinking when I came back from fighting in that war.",S; HS,,AE; IP,,S; HS,,AE; IP,,S; HS,,AE; IP,
599,KERRY,"And it reminds me that it is vital for us not to confuse the war, ever, with the warriors.",S,,AP; IP,,S,,AP; IP,,S,,AP; IP,
600,KERRY,That happened before.,S,,,,S,,,,S,,,
601,KERRY,"And that’s one of the reasons why I believe I can get this job done, because I am determined for those soldiers and for those families, for those kids who put their lives on the line.",S; EXPL,,AE; IP,,S; EXPL,,AE; IP,,S; EXPL,,AE; IP,
602,KERRY,That is noble.,S,,AP,,S,,AP,,S,,AP,
603,KERRY,That’s the most noble thing that anybody can do.,S,,AE; AP,,S,,AE; AP,,S,,AE; AP,
604,KERRY,And I want to make sure the outcome honors that nobility.,S,,IP,,S,,IP,,S,,IP,
605,KERRY,"Now, we have a choice here.",S,,CB,,S,,CB,,S,,CB,
606,KERRY,"I’ve laid out a plan by which I think we can be successful in Iraq: with a summit, by doing better training, faster, by cutting — by doing what we need to do with respect to the U.",S; IAFA,,IT; IP,,S; IAFA,,IT; IP,,S; IAFA,,IT; IP,
607,KERRY,and the elections.,S,,,,S,,,,S,,,
608,KERRY,There’s only 25 percent of the people in there.,S-Inform,,SE,,S-Inform,,SE,,S-Inform,,SE,
609,KERRY,They can’t have an election right now.,S,,,,S,,,,S,,,
610,KERRY,The president’s not getting the job done.,S; CH,,ATTR; REB,,S; CH,,ATTR; REB,,S; CH,,ATTR; REB,
611,KERRY,"So the choice for America is, you can have a plan that I’ve laid out in four points, each of which I can tell you more about or you can go to johnkerry.",S,,IP; CB,,S,,IP; CB,,S,,IP; CB,
612,KERRY,"com and see more of it; or you have the president’s plan, which is four words: more of the same.",S; CH,,REB; CB,,S; CH,,REB; CB,,S; CH,,REB; CB,
613,KERRY,I think my plan is better.,S,,IT; IP,,S,,IT; IP,,S,,IT; IP,
614,KERRY,And my plan has a better chance of standing up and fighting for those troops.,S,,IT; IP,,S,,IT; IP,,S,,IT; IP,
615,KERRY,"I will never let those troops down, and will hunt and kill the terrorists wherever they are.",S,,AF; IT,,S,,AF; IT,,S,,AF; IT,
616,LEHRER,"All right, sir, go ahead.",IAFA; TG,,,,IAFA; TG,,,,IAFA; TG,,,
617,LEHRER,Thirty seconds.,S,,,,S,,,,S,,,
618,BUSH,"Yes, I understand what it means to the commander in chief.",S; ANS,,IP,,S; ANS,,IP,,S; ANS,,IP,
619,BUSH,"And if I were to ever say, “This is the wrong war at the wrong time at the wrong place,” the troops would wonder, how can I follow this guy?",Q-RHET; S,,AE; IP,,Q-RHET; S,,AE; IP,,Q-RHET; S,,AE; IP,
620,BUSH,"You cannot lead the war on terror if you keep changing positions on the war on terror and say things like, “Well, this is just a grand diversion.",S; CH,,PER; REB,,S; CH,,PER; REB,,S; CH,,PER; REB,
621,BUSH,” It’s not a grand diversion.,S; DIS,,REB,,S; DIS,,REB,,S; DIS,,REB,
622,BUSH,This is an essential that we get it right.,S,,IP,,S,,IP,,S,,IP,
623,BUSH,"And so, the plan he talks about simply won’t work.",S; CH,,ATTR; REB,,S; CH,,ATTR; REB,,S; CH,,ATTR; REB,
624,LEHRER,"Senator Kerry, you have 30 seconds.",TG,,,,TG,,,,TG,,,
625,LEHRER,"You have 30 seconds, right.",TG,,,,TG,,,,TG,,,
626,LEHRER,And then the president.,TG,,,,TG,,,,TG,,,
627,KERRY,"Secretary of State Colin Powell told this president the Pottery Barn rule: If you break it, you fix it.",S; HS,,ATTR,,S; HS,,ATTR,,S; HS,,ATTR,
628,KERRY,"Now, if you break it, you made a mistake.",S,,ATTR; REB,,S,,ATTR; REB,,S,,ATTR; REB,
629,KERRY,It’s the wrong thing to do.,S,,IP,,S,,IP,,S,,IP,
630,KERRY,But you own it.,S,,ATTR; REB,,S,,ATTR; REB,,S,,ATTR; REB,
631,KERRY,And then you’ve got to fix it and do something with it.,S,,,,S,,,,S,,,
632,KERRY,Now that’s what we have to do.,S,,UF,,S,,UF,,S,,UF,
633,KERRY,There’s no inconsistency.,S,,REB,,S,,REB,,S,,REB,
634,KERRY,Soldiers know over there that this isn’t being done right yet.,S,,AF,,S,,AF,,S,,AF,
635,KERRY,"I’m going to get it right for those soldiers, because it’s important to Israel, it’s important to America, it’s important to the world, it’s important to the fight on terror.",S,,AF; AP; IT,,S,,AF; AP; IT,,S,,AF; AP; IT,
636,KERRY,But I have a plan to do it.,S,,IT,,S,,IT,,S,,IT,
637,KERRY,He doesn’t.,S,,ATTR; REB,,S,,ATTR; REB,,S,,ATTR; REB,
638,LEHRER,"Speaking of your plan, new question, Senator Kerry.",TG; MS,,,,TG; MS,,,,TG; MS,,,
639,LEHRER,Two minutes.,S,,,,S,,,,S,,,
640,LEHRER,"Can you give us specifics, in terms of a scenario, time lines, et cetera, for ending major U.",YNQ; OQ,,,,YNQ; OQ,,,,YNQ; OQ,,,
641,LEHRER,military involvement in Iraq?,Q-W,,,,Q-W,,,,Q-W,,,
642,KERRY,"The time line that I’ve set out — and again, I want to correct the president, because he’s misled again this evening on what I’ve said.",S; CORR; CH,,PER; ATTR; REB,,S; CORR; CH,,PER; ATTR; REB,,S; CORR; CH,,PER; ATTR; REB,
643,KERRY,I didn’t say I would bring troops out in six months.,S; CORR,,REB,,S; CORR,,REB,,S; CORR,,REB,
644,KERRY,"I said, if we do the things that I’ve set out and we are successful, we could begin to draw the troops down in six months.",S; CORR,,IP,,S; CORR,,IP,,S; CORR,,IP,
645,KERRY,And I think a critical component of success in Iraq is being able to convince the Iraqis and the Arab world that the United States doesn’t have long-term designs on it.,S; IAFA; IAFA-OF,,IP,,S; IAFA; IAFA-OF,,IP,,S; IAFA; IAFA-OF,,IP,
646,KERRY,"As I understand it, we’re building some 14 military bases there now, and some people say they’ve got a rather permanent concept to them.",S-Inform,,SE,,S-Inform,,SE,,S-Inform,,SE,
647,KERRY,"When you guard the oil ministry, but you don’t guard the nuclear facilities, the message to a lot of people is maybe, “Wow, maybe they’re interested in our oil.",S,,AE; CB,,S,,AE; CB,,S,,AE; CB,
648,KERRY,"” Now, the problem is that they didn’t think these things through properly.",S; CH,,ATTR; REB,,S; CH,,ATTR; REB,,S; CH,,ATTR; REB,
649,KERRY,And these are the things you have to think through.,S,,,,S,,,,S,,,
650,KERRY,What I want to do is change the dynamics on the ground.,S,,IP,,S,,IP,,S,,IP,
651,KERRY,"And you have to do that by beginning to not back off of the Fallujahs and other places, and send the wrong message to the terrorists.",S,,AF,,S,,AF,,S,,AF,
652,KERRY,You have to close the borders.,S,,,,S,,,,S,,,
653,KERRY,You’ve got to show you’re serious in that regard.,S,,,,S,,,,S,,,
654,KERRY,But you’ve also got to show that you are prepared to bring the rest of the world in and share the stakes.,S,,,,S,,,,S,,,
655,KERRY,I will make a flat statement: The United States of America has no long-term designs on staying in Iraq.,S; CORR,,IP,,S; CORR,,IP,,S; CORR,,IP,
656,KERRY,And our goal in my administration would be to get all of the troops out of there with a minimal amount you need for training and logistics as we do in some other countries in the world after a war to be able to sustain the peace.,S,,IP,,S,,IP,,S,,IP,
657,KERRY,"But that’s how we’re going to win the peace, by rapidly training the Iraqis themselves.",S; EXPL,,UF,,S; EXPL,,UF,,S; EXPL,,UF,
658,KERRY,"Even the administration has admitted they haven’t done the training, because they came back to Congress a few weeks ago and asked for a complete reprogramming of the money.",S-Inform; CH,,ATTR; REB; SE,,S-Inform; CH,,ATTR; REB; SE,,S-Inform; CH,,ATTR; REB; SE,
659,KERRY,"Now what greater admission is there, 16 months afterwards.",Q-RHET,,REB; CB,,Q-RHET,,REB; CB,,Q-RHET,,REB; CB,
660,KERRY,"“Oops, we haven’t done the job.",S,,REB,,S,,REB,,S,,REB,
661,KERRY,We have to start to spend the money now.,S,,REB,,S,,REB,,S,,REB,
662,KERRY,Will you guys give us permission to shift it over into training?,YNQ,,REB; CB,,YNQ,,REB; CB,,YNQ,,REB; CB,
663,LEHRER,Ninety seconds.,S,,,,S,,,,S,,,
664,BUSH,"There are 100,000 troops trained, police, guard, special units, border patrol.",S-Inform,,IT; SE,,S-Inform,,IT; SE,,S-Inform,,IT; SE,
665,BUSH,"There’s going to be 125,000 trained by the end of this year.",S-Inform,,IT; SE,,S-Inform,,IT; SE,,S-Inform,,IT; SE,
666,BUSH,"Yes, we’re getting the job done.",ANS,,IT,,ANS,,IT,,ANS,,IT,
667,BUSH,It’s hard work.,S,,,,S,,,,S,,,
668,BUSH,"Everybody knows it’s hard work, because there’s a determined enemy that’s trying to defeat us.",S; EXPL,,AF,,S; EXPL,,AF,,S; EXPL,,AF,
669,BUSH,"Now, my opponent says he’s going to try to change the dynamics on the ground.",S,,REB,,S,,REB,,S,,REB,
670,BUSH,"Well, Prime Minister Allawi was here.",S,,,,S,,,,S,,,
671,BUSH,He is the leader of that country.,S,,,,S,,,,S,,,
672,BUSH,"He’s a brave, brave man.",S,,,,S,,,,S,,,
673,BUSH,"When he came, after giving a speech to the Congress, my opponent questioned his credibility.",S,,ATTR; REB,,S,,ATTR; REB,,S,,ATTR; REB,
674,BUSH,You can’t change the dynamics on the ground if you’ve criticized the brave leader of Iraq.,S,,REB; CB,,S,,REB; CB,,S,,REB; CB,
675,BUSH,One of his campaign people alleged that Prime Minister Allawi was like a puppet.,S,,ATTR; REB,,S,,ATTR; REB,,S,,ATTR; REB,
676,BUSH,"That’s no way to treat somebody who’s courageous and brave, that is trying to lead his country forward.",S; CH,,REB,,S; CH,,REB,,S; CH,,REB,
677,BUSH,"The way to make sure that we succeed is to send consistent, sound messages to the Iraqi people that when we give our word, we will keep our word, that we stand with you, that we believe you want to be free.",S,,IP,,S,,IP,,S,,IP,
678,BUSH,And I do.,S,,IP,,S,,IP,,S,,IP,
679,BUSH,"I believe that 25 million people, the vast majority, long to have elections.",S,,IP,,S,,IP,,S,,IP,
680,BUSH,"I reject this notion — and I’m suggesting my opponent isn’t — I reject the notion that some say that if you’re Muslim you can’t free, you don’t desire freedom.",S; REJ,,IP,,S; REJ,,IP,,S; REJ,,IP,
681,BUSH,"I disagree, strongly disagree with that.",DIS,,IP,,DIS,,IP,,DIS,,IP,
682,LEHRER,Thirty seconds.,S,,,,S,,,,S,,,
683,KERRY,I couldn’t agree more that the Iraqis want to be free and that they could be free.,AGR,,IP,,AGR,,IP,,AGR,,IP,
684,KERRY,"But I think the president, again, still hasn’t shown how he’s going to go about it the right way.",S; CH,,IP; REB,,S; CH,,IP; REB,,S; CH,,IP; REB,
685,KERRY,He has more of the same.,S; CH,,ATTR; REB,,S; CH,,ATTR; REB,,S; CH,,ATTR; REB,
686,KERRY,"Now, Prime Minister Allawi came here, and he said the terrorists are pouring over the border.",S-Inform; HS,,AF,,S-Inform; HS,,AF,,S-Inform; HS,,AF,
687,KERRY,That’s Allawi’s assessment.,S,,,,S,,,,S,,,
688,KERRY,"The national intelligence assessment that was given to the president in July said, best-case scenario, more of the same of what we see today; worst-case scenario, civil war.",S-Inform; HS,,AF; SE,,S-Inform; HS,,AF; SE,,S-Inform; HS,,AF; SE,
689,KERRY,I can do better.,S,,IT,,S,,IT,,S,,IT,
690,BUSH,"Yes, let me…",TT; TA,,,,TT; TA,,,,TT; TA,,,
691,LEHRER,"Yes, 30 seconds.",TA,,,,TA,,,,TA,,,
692,BUSH,The reason why Prime Minister Allawi said they’re coming across the border is because he recognizes that this is a central part of the war on terror.,S; EXPL,,CB,,S; EXPL,,CB,,S; EXPL,,CB,
693,BUSH,They’re fighting us because they’re fighting freedom.,S,,AF; CB,,S,,AF; CB,,S,,AF; CB,
694,BUSH,They understand that a free Afghanistan or a free Iraq will be a major defeat for them.,S,,APAT,,S,,APAT,,S,,APAT,
695,BUSH,And those are the stakes.,S,,AF,,S,,AF,,S,,AF,
696,BUSH,And that’s why it is essential we not leave.,S,,AF; IP,,S,,AF; IP,,S,,AF; IP,
697,BUSH,That’s why it’s essential we hold the line.,S,,AF; IP,,S,,AF; IP,,S,,AF; IP,
698,BUSH,That’s why it’s essential we win.,S,,AP; IP,,S,,AP; IP,,S,,AP; IP,
699,BUSH,And we will.,S,,,,S,,,,S,,,
700,BUSH,Under my leadership we’re going to win this war in Iraq.,S,,IT,,S,,IT,,S,,IT,
701,LEHRER,Mr.,S,,,,S,,,,S,,,
702,LEHRER,"President, new question.",S,,,,S,,,,S,,,
703,LEHRER,Two minutes.,S,,,,S,,,,S,,,
704,LEHRER,Does the Iraq experience make it more likely or less likely that you would take the United States into another preemptive military action?,YNQ,,,,YNQ,,,,YNQ,,,
705,BUSH,I would hope I never have to.,S; ANS,,IP,,S; ANS,,IP,,S; ANS,,IP,
706,BUSH,I understand how hard it is to commit troops.,S,,IP,,S,,IP,,S,,IP,
707,BUSH,Never wanted to commit troops.,S,,,,S,,,,S,,,
708,BUSH,"When I was running — when we had the debate in 2000, never dreamt I’d be doing that.",S; HS,,,,S; HS,,,,S; HS,,,
709,BUSH,"But the enemy attacked us, Jim, and I have a solemn duty to protect the American people, to do everything I can to protect us.",S,,AF; AE,,S,,AF; AE,,S,,AF; AE,
710,BUSH,"I think that by speaking clearly and doing what we say and not sending mixed messages, it is less likely we’ll ever have to use troops.",S,,IP,,S,,IP,,S,,IP,
711,BUSH,But a president must always be willing to use troops.,S,,IP,,S,,IP,,S,,IP,
712,BUSH,It must — as a last resort.,S,,,,S,,,,S,,,
713,BUSH,I was hopeful diplomacy would work in Iraq.,S,,IP,,S,,IP,,S,,IP,
714,BUSH,It was falling apart.,S,,,,S,,,,S,,,
715,BUSH,There was no doubt in my mind that Saddam Hussein was hoping that the world would turn a blind eye.,S,,IP; CB,,S,,IP; CB,,S,,IP; CB,
716,BUSH,"And if he had been in power, in other words, if we would have said, “Let the inspectors work, or let’s, you know, hope to talk him out.",S,,CB,,S,,CB,,S,,CB,
717,BUSH,"Maybe an 18th resolution would work,” he would have been stronger and tougher, and the world would have been a lot worse off.",S,,AF; CB,,S,,AF; CB,,S,,AF; CB,
718,BUSH,"There’s just no doubt in my mind we would rue the day, had Saddam Hussein been in power.",S,,AF; IP; CB,,S,,AF; IP; CB,,S,,AF; IP; CB,
719,BUSH,"So we use diplomacy every chance we get, believe me.",S,,IT,,S,,IT,,S,,IT,
720,BUSH,And I would hope to never have to use force.,S; IAFA-OF,,IP,,S; IAFA-OF,,IP,,S; IAFA-OF,,IP,
721,BUSH,"But by speaking clearly and sending messages that we mean what we say, we’ve affected the world in a positive way.",S,,IT,,S,,IT,,S,,IT,
722,BUSH,Look at Libya.,IAFA,,SE,,IAFA,,SE,,IAFA,,SE,
723,BUSH,Libya was a threat.,S,,AF,,S,,AF,,S,,AF,
724,BUSH,Libya is now peacefully dismantling its weapons programs.,S; S-Inform,,IT; SE,,S; S-Inform,,IT; SE,,S; S-Inform,,IT; SE,
725,BUSH,Libya understood that America and others will enforce doctrine and that the world is better for it.,S,,AP; IT,,S,,AP; IT,,S,,AP; IT,
726,BUSH,"So to answer your question, I would hope we never have to.",S; ANS,,,,S; ANS,,,,S; ANS,,,
727,BUSH,"I think by acting firmly and decisively, it will mean it is less likely we have to use force.",S,,IP,,S,,IP,,S,,IP,
728,LEHRER,"Senator Kerry, 90 seconds.",TG,,,,TG,,,,TG,,,
729,KERRY,"Jim, the president just said something extraordinarily revealing and frankly very important in this debate.",S; CH,,PER; REB,,S; CH,,PER; REB,,S; CH,,PER; REB,
730,KERRY,"In answer to your question about Iraq and sending people into Iraq, he just said, “The enemy attacked us.",S; CH,,ATTR; REB,,S; CH,,ATTR; REB,,S; CH,,ATTR; REB,
731,KERRY,” Saddam Hussein didn’t attack us.,S; CORR; CH,,REB; CB,,S; CORR; CH,,REB; CB,,S; CORR; CH,,REB; CB,
732,KERRY,Osama bin Laden attacked us.,S-Inform; CORR,,REB,,S-Inform; CORR,,REB,,S-Inform; CORR,,REB,
733,KERRY,Al Qaida attacked us.,S-Inform; CORR,,REB,,S-Inform; CORR,,REB,,S-Inform; CORR,,REB,
734,KERRY,"And when we had Osama bin Laden cornered in the mountains of Tora Bora, 1,000 of his cohorts with him in those mountains.",S-Inform; HS,,SE,,S-Inform; HS,,SE,,S-Inform; HS,,SE,
735,KERRY,"With the American military forces nearby and in the field, we didn’t use the best trained troops in the world to go kill the world’s number one criminal and terrorist.",S; CH,,ATTR; REB,,S; CH,,ATTR; REB,,S; CH,,ATTR; REB,
736,KERRY,"They outsourced the job to Afghan warlords, who only a week earlier had been on the other side fighting against us, neither of whom trusted each other.",S-Inform; CH,,ATTR; REB; SE,,S-Inform; CH,,ATTR; REB; SE,,S-Inform; CH,,ATTR; REB; SE,
737,KERRY,That’s the enemy that attacked us.,S,,REB,,S,,REB,,S,,REB,
738,KERRY,That’s the enemy that was allowed to walk out of those mountains.,S; CH,,ATTR; REB,,S; CH,,ATTR; REB,,S; CH,,ATTR; REB,
739,KERRY,"That’s the enemy that is now in 60 countries, with stronger recruits.",S; S-Inform,,AF,,S; S-Inform,,AF,,S; S-Inform,,AF,
740,KERRY,He also said Saddam Hussein would have been stronger.,S,,REB,,S,,REB,,S,,REB,
741,KERRY,That is just factually incorrect.,DIS; CH,,REB,,DIS; CH,,REB,,DIS; CH,,REB,
742,KERRY,Two-thirds of the country was a no-fly zone when we started this war.,S-Inform,,SE,,S-Inform,,SE,,S-Inform,,SE,
743,KERRY,We would have had sanctions.,S,,,,S,,,,S,,,
744,KERRY,We would have had the U.,S,,,,S,,,,S,,,
745,KERRY,inspectors.,S,,,,S,,,,S,,,
746,KERRY,Saddam Hussein would have been continually weakening.,S,,CB,,S,,CB,,S,,CB,
747,KERRY,"If the president had shown the patience to go through another round of resolution, to sit down with those leaders, say, “What do you need, what do you need now, how much more will it take to get you to join us?",S,,ATTR; CB,,S,,ATTR; CB,,S,,ATTR; CB,
748,KERRY,” we’d be in a stronger place today.,S,,REB; CB,,S,,REB; CB,,S,,REB; CB,
749,LEHRER,Thirty seconds.,S,,,,S,,,,S,,,
750,BUSH,"First of all, of course I know Osama bin Laden attacked us.",S,,IP,,S,,IP,,S,,IP,
751,BUSH,I know that.,S,,IP,,S,,IP,,S,,IP,
752,BUSH,"And secondly, to think that another round of resolutions would have caused Saddam Hussein to disarm, disclose, is ludicrous, in my judgment.",S; REJ,,PER; IP; REB,,S; REJ,,PER; IP; REB,,S; REJ,,PER; IP; REB,
753,BUSH,It just shows a significant difference of opinion.,S,,REB,,S,,REB,,S,,REB,
754,BUSH,We tried diplomacy.,S,,IT,,S,,IT,,S,,IT,
755,BUSH,We did our best.,S,,IT,,S,,IT,,S,,IT,
756,BUSH,He was hoping to turn a blind eye.,S,,ATTR,,S,,ATTR,,S,,ATTR,
757,BUSH,"And, yes, he would have been stronger had we not dealt with him.",S; ANS,,CB,,S; ANS,,CB,,S; ANS,,CB,
758,BUSH,"He had the capability of making weapons, and he would have made weapons.",S,,AF; CB,,S,,AF; CB,,S,,AF; CB,
759,LEHRER,"Thirty seconds, Senator.",MS,,,,MS,,,,MS,,,
760,KERRY,Thirty-five to forty countries in the world had a greater capability of making weapons at the moment the president invaded than Saddam Hussein.,S-Inform; CH,,REB; CB; SE,,S-Inform; CH,,REB; CB; SE,,S-Inform; CH,,REB; CB; SE,
761,KERRY,"And while he’s been diverted, with 9 out of 10 active duty divisions of our Army, either going to Iraq, coming back from Iraq, or getting ready to go, North Korea’s gotten nuclear weapons and the world is more dangerous.",S-Inform; CH,,AF; ATTR; REB,,S-Inform; CH,,AF; ATTR; REB,,S-Inform; CH,,AF; ATTR; REB,
762,KERRY,Iran is moving toward nuclear weapons and the world is more dangerous.,S-Inform,,AF,,S-Inform,,AF,,S-Inform,,AF,
763,KERRY,Darfur has a genocide.,S-Inform,,AF,,S-Inform,,AF,,S-Inform,,AF,
764,KERRY,The world is more dangerous.,S,,AF,,S,,AF,,S,,AF,
765,KERRY,I’d have made a better choice.,S,,IT; REB,,S,,IT; REB,,S,,IT; REB,
766,LEHRER,New question.,MS,,,,MS,,,,MS,,,
767,LEHRER,"Two minutes, Senator Kerry.",MS,,,,MS,,,,MS,,,
768,LEHRER,What is your position on the whole concept of preemptive war?,Q-W; OQ,,,,Q-W; OQ,,,,Q-W; OQ,,,
769,LEHRER,"KERRY: The president always has the right, and always has had the right, for preemptive strike.",S,,,,S,,,,S,,,
770,LEHRER,That was a great doctrine throughout the Cold War.,S; HS,,IP,,S; HS,,IP,,S; HS,,IP,
771,LEHRER,And it was always one of the things we argued about with respect to arms control.,S; HS,,,,S; HS,,,,S; HS,,,
772,LEHRER,"No president, through all of American history, has ever ceded, and nor would I, the right to preempt in any way necessary to protect the United States of America.",S; HS,,APAT; IP,,S; HS,,APAT; IP,,S; HS,,APAT; IP,
773,LEHRER,"But if and when you do it, Jim, you have to do it in a way that passes the test, that passes the global test where your countrymen, your people understand fully why you’re doing what you’re doing and you can prove to the world that you did it for legitimate reasons.",S; EXPL,,IP; CB,,S; EXPL,,IP; CB,,S; EXPL,,IP; CB,
774,LEHRER,Here we have our own secretary of state who has had to apologize to the world for the presentation he made to the United Nations.,S,,ATTR; REB; SE,,S,,ATTR; REB; SE,,S,,ATTR; REB; SE,
775,LEHRER,"I mean, we can remember when President Kennedy in the Cuban missile crisis sent his secretary of state to Paris to meet with DeGaulle.",S; HS,,SE,,S; HS,,SE,,S; HS,,SE,
776,LEHRER,"And in the middle of the discussion, to tell them about the missiles in Cuba, he said, “Here, let me show you the photos.",S; HS,,,,S; HS,,,,S; HS,,,
777,LEHRER,"” And DeGaulle waved them off and said, “No, no, no, no.",S,,,,S,,,,S,,,
778,LEHRER,The word of the president of the United States is good enough for me.,S; HS,,APAT,,S; HS,,APAT,,S; HS,,APAT,
779,LEHRER,"” How many leaders in the world today would respond to us, as a result of what we’ve done, in that way?",Q-RHET,,CB,,Q-RHET,,CB,,Q-RHET,,CB,
780,LEHRER,So what is at test here is the credibility of the United States of America and how we lead the world.,S,,IP,,S,,IP,,S,,IP,
781,LEHRER,And Iran and Iraq are now more dangerous — Iran and North Korea are now more dangerous.,S,,AF; ATTR,,S,,AF; ATTR,,S,,AF; ATTR,
782,LEHRER,"Now, whether preemption is ultimately what has to happen, I don’t know yet.",S,,IP,,S,,IP,,S,,IP,
783,LEHRER,"But I’ll tell you this: As president, I’ll never take my eye off that ball.",S,,IP,,S,,IP,,S,,IP,
784,LEHRER,I’ve been fighting for proliferation the entire time — anti-proliferation the entire time I’ve been in the Congress.,S,,IT,,S,,IT,,S,,IT,
785,LEHRER,And we’ve watched this president actually turn away from some of the treaties that were on the table.,S; CH,,ATTR; REB,,S; CH,,ATTR; REB,,S; CH,,ATTR; REB,
786,LEHRER,"You don’t help yourself with other nations when you turn away from the global warming treaty, for instance, or when you refuse to deal at length with the United Nations.",S; CH,,ATTR; REB,,S; CH,,ATTR; REB,,S; CH,,ATTR; REB,
787,LEHRER,You have to earn that respect.,S,,,,S,,,,S,,,
788,LEHRER,And I think we have a lot of earning back to do.,S,,IP,,S,,IP,,S,,IP,
789,LEHRER,Ninety seconds.,S,,,,S,,,,S,,,
790,BUSH,"Let me — I’m not exactly sure what you mean, “passes the global test,” you take preemptive action if you pass a global test.",S; TT,,IP; REB,,S; TT,,IP; REB,,S; TT,,IP; REB,
791,BUSH,"My attitude is you take preemptive action in order to protect the American people, that you act in order to make this country secure.",S; IAFA,,IP,,S; IAFA,,IP,,S; IAFA,,IP,
792,BUSH,My opponent talks about me not signing certain treaties.,S; REJ,,REB,,S; REJ,,REB,,S; REJ,,REB,
793,BUSH,"Let me tell you one thing I didn’t sign, and I think it shows the difference of our opinion — the difference of opinions.",S; TT,,IP; REB,,S; TT,,IP; REB,,S; TT,,IP; REB,
794,BUSH,"And that is, I wouldn’t join the International Criminal Court.",S,,IP,,S,,IP,,S,,IP,
795,BUSH,This is a body based in The Hague where unaccountable judges and prosecutors can pull our troops or diplomats up for trial.,S-Inform,,AF,,S-Inform,,AF,,S-Inform,,AF,
796,BUSH,And I wouldn’t join it.,S,,IP,,S,,IP,,S,,IP,
797,BUSH,And I understand that in certain capitals around the world that that wasn’t a popular move.,S,,IP,,S,,IP,,S,,IP,
798,BUSH,But it’s the right move not to join a foreign court that could — where our people could be prosecuted.,S,,AF; IP,,S,,AF; IP,,S,,AF; IP,
799,BUSH,My opponent is for joining the International Criminal Court.,S,,,,S,,,,S,,,
800,BUSH,"I just think trying to be popular, kind of, in the global sense, if it’s not in our best interest makes no sense.",S; IAFA,,,,S; IAFA,,,,S; IAFA,,,
801,BUSH,I’m interested in working with our nations and do a lot of it.,S,,IP,,S,,IP,,S,,IP,
802,BUSH,But I’m not going to make decisions that I think are wrong for America.,S,,AP; IP,,S,,AP; IP,,S,,AP; IP,
803,LEHRER,"New question, Mr.",Q-W,,,,Q-W,,,,Q-W,,,
804,LEHRER,President.,S,,,,S,,,,S,,,
805,LEHRER,Do you believe that diplomacy and sanctions can resolve the nuclear problems with North Korea and Iran?,YNQ,,,,YNQ,,,,YNQ,,,
806,LEHRER,Take them in any order you would like.,IAFA; IAFA-OF,,,,IAFA; IAFA-OF,,,,IAFA; IAFA-OF,,,
807,BUSH,"North Korea, first, I do.",ANS,,,,ANS,,,,ANS,,,
808,BUSH,Let me say — I certainly hope so.,S; TT,,,,S; TT,,,,S; TT,,,
809,BUSH,"Before I was sworn in, the policy of this government was to have bilateral negotiations with North Korea.",S; HS,,,,S; HS,,,,S; HS,,,
810,BUSH,And we signed an agreement with North Korea that my administration found out that was not being honored by the North Koreans.,S; HS,,ATTR,,S; HS,,ATTR,,S; HS,,ATTR,
811,BUSH,"And so I decided that a better way to approach the issue was to get other nations involved, just besides us.",S; IAFA; IAFA-OF; INT,,,,S; IAFA; IAFA-OF; INT,,,,S; IAFA; IAFA-OF; INT,,,
812,BUSH,"And in Crawford, Texas, Jiang Zemin and I agreed that the nuclear-weapons-free peninsula, Korean Peninsula, was in his interest and our interest and the world’s interest.",S; HS,,IT,,S; HS,,IT,,S; HS,,IT,
813,BUSH,"And so we began a new dialogue with North Korea, one that included not only the United States, but now China.",S; IAFA,,IT,,S; IAFA,,IT,,S; IAFA,,IT,
814,BUSH,"And China’s a got a lot of influence over North Korea, some ways more than we do.",S; S-Inform,,,,S; S-Inform,,,,S; S-Inform,,,
815,BUSH,"As well, we included South Korea, Japan and Russia.",S; HS,,IT,,S; HS,,IT,,S; HS,,IT,
816,BUSH,"So now there are five voices speaking to Kim Jong Il, not just one.",S; S-Inform,,IT,,S; S-Inform,,IT,,S; S-Inform,,IT,
817,BUSH,"And so if Kim Jong Il decides again to not honor an agreement, he’s not only doing injustice to America, he’d be doing injustice to China, as well.",S,,AF,,S,,AF,,S,,AF,
818,BUSH,And I think this will work.,S,,IP,,S,,IP,,S,,IP,
819,BUSH,It’s not going to work if we open up a dialogue with Kim Jong Il.,S,,CB,,S,,CB,,S,,CB,
820,BUSH,Thatâ€™s what he wants.,S,,,,S,,,,S,,,
821,BUSH,"He wants to unravel the six- party talks, or the five-nation coalition that’s sending him a clear message.",S,,,,S,,,,S,,,
822,BUSH,"On Iran, I hope we can do the same thing, continue to work with the world to convince the Iranian mullahs to abandon their nuclear ambitions.",S,,IP,,S,,IP,,S,,IP,
823,BUSH,"We worked very closely with the foreign ministers of France, Germany and Great Britain, who have been the folks delivering the message to the mullahs that if you expect to be part of the world of nations, get rid of your nuclear programs.",S; S-Inform,,IT,,S; S-Inform,,IT,,S; S-Inform,,IT,
824,BUSH,The IAEA is involved.,S,,,,S,,,,S,,,
825,BUSH,There’s a special protocol recently been passed that allows for inspections.,S; S-Inform,,,,S; S-Inform,,,,S; S-Inform,,,
826,BUSH,I hope we can do it.,S,,IP,,S,,IP,,S,,IP,
827,BUSH,And we’ve got a good strategy.,S,,IT,,S,,IT,,S,,IT,
828,LEHRER,"Senator Kerry, 90 seconds.",TG,,,,TG,,,,TG,,,
829,KERRY,"With respect to Iran, the British, French, and Germans were the ones who initiated an effort without the United States, regrettably, to begin to try to move to curb the nuclear possibilities in Iran.",S-Inform; HS,,SE,,S-Inform; HS,,SE,,S-Inform; HS,,SE,
830,KERRY,I believe we could have done better.,S,,IP,,S,,IP,,S,,IP,
831,KERRY,"I think the United States should have offered the opportunity to provide the nuclear fuel, test them, see whether or not they were actually looking for it for peaceful purposes.",S,,IP,,S,,IP,,S,,IP,
832,KERRY,"If they weren’t willing to work a deal, then we could have put sanctions together.",S,,,,S,,,,S,,,
833,KERRY,The president did nothing.,S; CH,,ATTR; REB,,S; CH,,ATTR; REB,,S; CH,,ATTR; REB,
834,KERRY,"With respect to North Korea, the real story: We had inspectors and television cameras in the nuclear reactor in North Korea.",S-Inform; HS,,,,S-Inform; HS,,,,S-Inform; HS,,,
835,KERRY,Secretary Bill Perry negotiated that under President Clinton.,S-Inform; HS,,,,S-Inform; HS,,,,S-Inform; HS,,,
836,KERRY,And we knew where the fuel rods were.,S,,,,S,,,,S,,,
837,KERRY,And we knew the limits on their nuclear power.,S,,,,S,,,,S,,,
838,KERRY,"Colin Powell, our secretary of state, announced one day that we were going to continue the dialog of working with the North Koreans.",S-Inform; HS,,,,S-Inform; HS,,,,S-Inform; HS,,,
839,KERRY,The president reversed it publicly while the president of South Korea was here.,S,,ATTR,,S,,ATTR,,S,,ATTR,
840,KERRY,And the president of South Korea went back to South Korea bewildered and embarrassed because it went against his policy.,S,,AE; ATTR,,S,,AE; ATTR,,S,,AE; ATTR,
841,KERRY,"And for two years, this administration didn’t talk at all to North Korea.",S,,ATTR; REB,,S,,ATTR; REB,,S,,ATTR; REB,
842,KERRY,"While they didn’t talk at all, the fuel rods came out, the inspectors were kicked out, the television cameras were kicked out.",S; S-Inform,,ATTR; SE,,S; S-Inform,,ATTR; SE,,S; S-Inform,,ATTR; SE,
843,KERRY,"And today, there are four to seven nuclear weapons in the hands of North Korea.",S-Inform,,AF; ATTR,,S-Inform,,AF; ATTR,,S-Inform,,AF; ATTR,
844,KERRY,That happened on this president’s watch.,S,,ATTR,,S,,ATTR,,S,,ATTR,
845,KERRY,"Now, that, I think, is one of the most serious, sort of, reversals or mixed messages that you could possibly send.",S,,IP; REB,,S,,IP; REB,,S,,IP; REB,
846,LEHRER,"I want to make sure — yes, sir — but in this one minute, I want to make sure that we understand — the people watching understand the differences between the two of you on this.",TT; MS,,,,TT; MS,,,,TT; MS,,,
847,LEHRER,"You want to continue the multinational talks, correct?",YNQ; Q-RHET,,,,YNQ; Q-RHET,,,,YNQ; Q-RHET,,,
848,BUSH,Right.,AGR; ANS,,,,AGR; ANS,,,,AGR; ANS,,,
849,LEHRER,And you’re willing to do it…,YNQ,,,,YNQ,,,,YNQ,,,
850,KERRY,Both.,ANS,,,,ANS,,,,ANS,,,
851,KERRY,"I want bilateral talks which put all of the issues, from the armistice of 1952, the economic issues, the human rights issues, the artillery disposal issues, the DMZ issues and the nuclear issues on the table.",S; S-Inform,,IP,,S; S-Inform,,IP,,S; S-Inform,,IP,
852,LEHRER,And you’re opposed to that.,S,,REB,,S,,REB,,S,,REB,
853,LEHRER,Right?,Q-RHET,,REB,,Q-RHET,,REB,,Q-RHET,,REB,
854,BUSH,"The minute we have bilateral talks, the six-party talks will unwind.",S,,CB,,S,,CB,,S,,CB,
855,BUSH,That’s exactly what Kim Jong Il wants.,S,,CB,,S,,CB,,S,,CB,
856,BUSH,"And by the way, the breach on the agreement was not through plutonium.",S; CH,,REB,,S; CH,,REB,,S; CH,,REB,
857,BUSH,The breach on the agreement is highly enriched uranium.,S; S-Inform; CH,,REB,,S; S-Inform; CH,,REB,,S; S-Inform; CH,,REB,
858,BUSH,That’s what we caught him doing.,S,,ATTR,,S,,ATTR,,S,,ATTR,
859,BUSH,That’s where he was breaking the agreement.,S; CH,,ATTR; REB,,S; CH,,ATTR; REB,,S; CH,,ATTR; REB,
860,BUSH,"Secondly, he said — my opponent said where he worked to put sanctions on Iran — we’ve already sanctioned Iran.",S; CH,,REB,,S; CH,,REB,,S; CH,,REB,
861,BUSH,We can’t sanction them any more.,S,,REB,,S,,REB,,S,,REB,
862,BUSH,There are sanctions in place on Iran.,S,,,,S,,,,S,,,
863,BUSH,"And finally, we were a party to the convention — to working with Germany, France and Great Britain to send their foreign ministers into Iran.",S; S-Inform,,IT,,S; S-Inform,,IT,,S; S-Inform,,IT,
864,LEHRER,"New question, two minutes.",S,,,,S,,,,S,,,
865,LEHRER,"Senator Kerry, you mentioned Darfur, the Darfur region of Sudan.",S; MS,,,,S; MS,,,,S; MS,,,
866,LEHRER,Fifty thousand people have already died in that area.,S-Inform,,,,S-Inform,,,,S-Inform,,,
867,LEHRER,More than a million are homeless.,S-Inform,,,,S-Inform,,,,S-Inform,,,
868,LEHRER,And it’s been labeled an act of ongoing genocide.,S,,,,S,,,,S,,,
869,LEHRER,Yet neither one of you or anyone else connected with your campaigns or your administration that I can find has discussed the possibility of sending in troops.,S,,,,S,,,,S,,,
870,LEHRER,Why not?,Q-W; SEEP,,,,Q-W; SEEP,,,,Q-W; SEEP,,,
871,KERRY,"Well, I’ll tell you exactly why not, but I first want to say something about those sanctions on Iran.",ANS; TT,,DF; IP,,ANS; TT,,DF; IP,,ANS; TT,,DF; IP,
872,KERRY,"Only the United States put the sanctions on alone, and that’s exactly what I’m talking about.",S-Inform,,,,S-Inform,,,,S-Inform,,,
873,KERRY,"In order for the sanctions to be effective, we should have been working with the British, French and Germans and other countries.",S,,IP; REB,,S,,IP; REB,,S,,IP; REB,
874,KERRY,And that’s the difference between the president and me.,S,,REB,,S,,REB,,S,,REB,
875,KERRY,"And there, again, he sort of slid by the question.",S; CH,,PER; ATTR; REB,,S; CH,,PER; ATTR; REB,,S; CH,,PER; ATTR; REB,
876,KERRY,"Now, with respect to Darfur, yes, it is a genocide.",S; ANS,,,,S; ANS,,,,S; ANS,,,
877,KERRY,"And months ago, many of us were pressing for action.",S; HS,,IT,,S; HS,,IT,,S; HS,,IT,
878,KERRY,I think the reason that we’re not saying send American troops in at this point is severalfold.,ANS; EXPL,,IP,,ANS; EXPL,,IP,,ANS; EXPL,,IP,
879,KERRY,"Number one, we can do this through the African Union, providing we give them the logistical support.",S,,IP,,S,,IP,,S,,IP,
880,KERRY,Right now all the president is providing is humanitarian support.,S,,REB; SE,,S,,REB; SE,,S,,REB; SE,
881,KERRY,We need to do more than that.,S,,IP,,S,,IP,,S,,IP,
882,KERRY,They’ve got to have the logistical capacity to go in and stop the killing.,S,,,,S,,,,S,,,
883,KERRY,And that’s going to require more than is on the table today.,S,,REB,,S,,REB,,S,,REB,
884,KERRY,I also believe that it is — one of the reasons we can’t do it is we’re overextended.,S; EXPL,,IP; REB,,S; EXPL,,IP; REB,,S; EXPL,,IP; REB,
885,KERRY,Ask the people in the armed forces today.,IAFA,,,,IAFA,,,,IAFA,,,
886,KERRY,We’ve got Guards and Reserves who are doing double duties.,S-Inform,,SE,,S-Inform,,SE,,S-Inform,,SE,
887,KERRY,"We’ve got a backdoor draft taking place in America today: people with stop-loss programs where they’re told you can’t get out of the military; nine out of our 10 active duty divisions committed to Iraq one way or the other, either going, coming or preparing.",S-Inform,,AF; ATTR; SE,,S-Inform,,AF; ATTR; SE,,S-Inform,,AF; ATTR; SE,
888,KERRY,So this is the way the president has overextended the United States.,S,,ATTR; REB,,S,,ATTR; REB,,S,,ATTR; REB,
889,KERRY,"That’s why, in my plan, I add two active duty divisions to the United States Army, not for Iraq, but for our general demands across the globe.",S-Inform,,IT,,S-Inform,,IT,,S-Inform,,IT,
890,KERRY,I also intend to double the number of special forces so that we can do the job we need to do with respect fighting the terrorists around the world.,S,,IT; IP,,S,,IT; IP,,S,,IT; IP,
891,KERRY,"And if we do that, then we have the ability to be able to respond more rapidly.",S,,,,S,,,,S,,,
892,KERRY,"But I’ll tell you this, as president, if it took American forces to some degree to coalesce the African Union, I’d be prepared to do it because we could never allow another Rwanda.",S,,AF; IP,,S,,AF; IP,,S,,AF; IP,
893,KERRY,It’s a moral responsibility for us and the world.,S,,AE; UF,,S,,AE; UF,,S,,AE; UF,
894,LEHRER,Ninety seconds.,S,,,,S,,,,S,,,
895,BUSH,"Back to Iran, just for a second.",MS,,,,MS,,,,MS,,,
896,BUSH,It was not my administration that put the sanctions on Iran.,S,,DF,,S,,DF,,S,,DF,
897,BUSH,"That happened long before I arrived in Washington, D.",S,,,,S,,,,S,,,
898,BUSH,"In terms of Darfur, I agree it’s genocide.",AGR,,IP,,AGR,,IP,,AGR,,IP,
899,BUSH,And Colin Powell so stated.,S; HS,,,,S; HS,,,,S; HS,,,
900,BUSH,We have committed $200 million worth of aid.,S-Inform,,IT,,S-Inform,,IT,,S-Inform,,IT,
901,BUSH,We’re the leading donor in the world to help the suffering people there.,S; S-Inform,,AP; IT,,S; S-Inform,,AP; IT,,S; S-Inform,,AP; IT,
902,BUSH,We will commit more over time to help.,S,,,,S,,,,S,,,
903,BUSH,We were very much involved at the U.,S,,,,S,,,,S,,,
904,BUSH,on the sanction policy of the Bashir government in the Sudan.,S,,,,S,,,,S,,,
905,BUSH,"Prior to Darfur, Ambassador Jack Danforth had been negotiating a north-south agreement that we would have hoped would have brought peace to the Sudan.",S; HS,,,,S; HS,,,,S; HS,,,
906,BUSH,I agree with my opponent that we shouldn’t be committing troops.,S; AGR,,IP,,S; AGR,,IP,,S; AGR,,IP,
907,BUSH,We ought to be working with the African Union to do so — precisely what we did in Liberia.,S,,UF; IT,,S,,UF; IT,,S,,UF; IT,
908,BUSH,"We helped stabilize the situation with some troops, and when the African Union came, we moved them out.",S; HS,,IT,,S; HS,,IT,,S; HS,,IT,
909,BUSH,My hope is that the African Union moves rapidly to help save lives.,S,,IP,,S,,IP,,S,,IP,
910,BUSH,"And fortunately the rainy season will be ending shortly, which will make it easier to get aid there and help the long-suffering people there.",S,,,,S,,,,S,,,
911,LEHRER,"New question, President Bush.",S,,,,S,,,,S,,,
912,LEHRER,"Clearly, as we have heard, major policy differences between the two of you.",S,,,,S,,,,S,,,
913,LEHRER,"Are there also underlying character issues that you believe, that you believe are serious enough to deny Senator Kerry the job as commander in chief of the United States?",YNQ,,BQ,,YNQ,,BQ,,YNQ,,BQ,
914,BUSH,That’s a loaded question.,S; CH,,REB,,S; CH,,REB,,S; CH,,REB,
915,BUSH,"Well, first of all, I admire Senator Kerry’s service to our country.",S,,,,S,,,,S,,,
916,BUSH,I admire the fact that he is a great dad.,S,,,,S,,,,S,,,
917,BUSH,"I appreciate the fact that his daughters have been so kind to my daughters in what has been a pretty hard experience for, I guess, young girls, seeing their dads out there campaigning.",S,,,,S,,,,S,,,
918,BUSH,I admire the fact that he served for 20 years in the Senate.,S-Inform,,,,S-Inform,,,,S-Inform,,,
919,BUSH,Although I’m not so sure I admire the record.,S,,IP; REB,,S,,IP; REB,,S,,IP; REB,
920,BUSH,I won’t hold it against him that he went to Yale.,S,,REB,,S,,REB,,S,,REB,
921,BUSH,There’s nothing wrong with that.,S,,,,S,,,,S,,,
922,BUSH,"My concerns about the senator is that, in the course of this campaign, I’ve been listening very carefully to what he says, and he changes positions on the war in Iraq.",S; CH,,IP; ATTR; REB,,S; CH,,IP; ATTR; REB,,S; CH,,IP; ATTR; REB,
923,BUSH,"He changes positions on something as fundamental as what you believe in your core, in your heart of hearts, is right in Iraq.",S; CH,,ATTR; REB,,S; CH,,ATTR; REB,,S; CH,,ATTR; REB,
924,BUSH,You cannot lead if you send mixed messages.,S,,REB; CB,,S,,REB; CB,,S,,REB; CB,
925,BUSH,Mixed messages send the wrong signals to our troops.,S,,AF; CB,,S,,AF; CB,,S,,AF; CB,
926,BUSH,Mixed messages send the wrong signals to our allies.,S,,AF; CB,,S,,AF; CB,,S,,AF; CB,
927,BUSH,Mixed messages send the wrong signals to the Iraqi citizens.,S,,AF; CB,,S,,AF; CB,,S,,AF; CB,
928,BUSH,And that’s my biggest concern about my opponent.,S,,IP; REB,,S,,IP; REB,,S,,IP; REB,
929,BUSH,I admire his service.,S,,,,S,,,,S,,,
930,BUSH,"But I just know how this world works, and that in the councils of government, there must be certainty from the U.",S; IAFA,,,,S; IAFA,,,,S; IAFA,,,
931,BUSH,president.,S,,,,S,,,,S,,,
932,BUSH,"Of course, we change tactics when need to, but we never change our beliefs, the strategic beliefs that are necessary to protect this country in the world.",S,,AF; IP,,S,,AF; IP,,S,,AF; IP,
933,LEHRER,"Ninety second response, Senator.",IAFA-OF,,,,IAFA-OF,,,,IAFA-OF,,,
934,KERRY,"Well, first of all, I appreciate enormously the personal comments the president just made.",S; THK,,,,S; THK,,,,S; THK,,,
935,KERRY,And I share them with him.,S; AGR,,,,S; AGR,,,,S; AGR,,,
936,KERRY,I think only if you’re doing this — and he’s done it more than I have in terms of the presidency — can you begin to get a sense of what it means to your families.,S,,AE; IP,,S,,AE; IP,,S,,AE; IP,
937,KERRY,And it’s tough.,S,,AE,,S,,AE,,S,,AE,
938,KERRY,And so I acknowledge that his daughters — I’ve watched them.,S; ACK,,,,S; ACK,,,,S; ACK,,,
939,KERRY,I’ve chuckled a few times at some of their comments.,S,,,,S,,,,S,,,
940,KERRY,And…,TT,,,,TT,,,,TT,,,
941,BUSH,I’m trying to put a leash on them.,S,,,,S,,,,S,,,
942,KERRY,"Well, I know.",ACK,,,,ACK,,,,ACK,,,
943,KERRY,I’ve learned not to do that.,S,,,,S,,,,S,,,
944,KERRY,And I have great respect and admiration for his wife.,S,,,,S,,,,S,,,
945,KERRY,I think she’s a terrific person…,S,,IP,,S,,IP,,S,,IP,
946,BUSH,Thank you.,THK,,,,THK,,,,THK,,,
947,KERRY,… and a great first lady.,S,,,,S,,,,S,,,
948,KERRY,But we do have differences.,S,,,,S,,,,S,,,
949,KERRY,I’m not going to talk about a difference of character.,S,,,,S,,,,S,,,
950,KERRY,I don’t think that’s my job or my business.,S; IAFA,,CB,,S; IAFA,,CB,,S; IAFA,,CB,
951,KERRY,But let me talk about something that the president just sort of finished up with.,TT; MS,,,,TT; MS,,,,TT; MS,,,
952,KERRY,"Maybe someone would call it a character trait, maybe somebody wouldn’t.",S,,,,S,,,,S,,,
953,KERRY,But this issue of certainty.,S,,,,S,,,,S,,,
954,KERRY,"It’s one thing to be certain, but you can be certain and be wrong.",S,,,,S,,,,S,,,
955,KERRY,"It’s another to be certain and be right, or to be certain and be moving in the right direction, or be certain about a principle and then learn new facts and take those new facts and put them to use in order to change and get your policy right.",S,,IP,,S,,IP,,S,,IP,
956,KERRY,"What I worry about with the president is that he’s not acknowledging what’s on the ground, he’s not acknowledging the realities of North Korea, he’s not acknowledging the truth of the science of stem-cell research or of global warming and other issues.",S; CH,,IP; ATTR; REB,,S; CH,,IP; ATTR; REB,,S; CH,,IP; ATTR; REB,
957,KERRY,And certainty sometimes can get you in trouble.,S,,REB,,S,,REB,,S,,REB,
958,LEHRER,Thirty seconds.,S,,,,S,,,,S,,,
959,BUSH,"Well, I think — listen, I fully agree that one should shift tactics, and we will, in Iraq.",S; AGR,,IP,,S; AGR,,IP,,S; AGR,,IP,
960,BUSH,Our commanders have got all the flexibility to do what is necessary to succeed.,S,,,,S,,,,S,,,
961,BUSH,But what I won’t do is change my core values because of politics or because of pressure.,S,,IP,,S,,IP,,S,,IP,
962,BUSH,"And it is one of the things I’ve learned in the White House, is that there’s enormous pressure on the president, and he cannot wilt under that pressure.",S,,IP,,S,,IP,,S,,IP,
963,BUSH,"Otherwise, the world won’t be better off.",S,,AF,,S,,AF,,S,,AF,
964,LEHRER,Thirty seconds.,S,,,,S,,,,S,,,
965,KERRY,I have no intention of wilting.,S,,IP,,S,,IP,,S,,IP,
966,KERRY,I’ve never wilted in my life.,S,,IT,,S,,IT,,S,,IT,
967,KERRY,And I’ve never wavered in my life.,S,,IT,,S,,IT,,S,,IT,
968,KERRY,"I know exactly what we need to do in Iraq, and my position has been consistent: Saddam Hussein is a threat.",S; S-Inform,,AF; IT,,S; S-Inform,,AF; IT,,S; S-Inform,,AF; IT,
969,KERRY,He needed to be disarmed.,S,,,,S,,,,S,,,
970,KERRY,We needed to go to the U.,S,,,,S,,,,S,,,
971,KERRY,"The president needed the authority to use force in order to be able to get him to do something, because he never did it without the threat of force.",S; EXPL,,,,S; EXPL,,,,S; EXPL,,,
972,KERRY,But we didn’t need to rush to war without a plan to win the peace.,S,,REB; CB,,S,,REB; CB,,S,,REB; CB,
973,LEHRER,"New question, two minutes, Senator Kerry.",S,,,,S,,,,S,,,
974,LEHRER,"If you are elected president, what will you take to that office thinking is the single most serious threat to the national security to the United States?",Q-W; OQ; TG,,,,Q-W; OQ; TG,,,,Q-W; OQ; TG,,,
975,KERRY,Nuclear proliferation.,ANS,,,,ANS,,,,ANS,,,
976,KERRY,Nuclear proliferation.,ANS,,,,ANS,,,,ANS,,,
977,KERRY,There’s some 600-plus tons of unsecured material still in the former Soviet Union and Russia.,S-Inform,,AF,,S-Inform,,AF,,S-Inform,,AF,
978,KERRY,"At the rate that the president is currently securing it, it’ll take 13 years to get it.",S-Inform,,AF; ATTR; REB,,S-Inform,,AF; ATTR; REB,,S-Inform,,AF; ATTR; REB,
979,KERRY,I did a lot of work on this.,S,,IT,,S,,IT,,S,,IT,
980,KERRY,"I wrote a book about it several years ago — six, seven years ago — called “The New War,” which saw the difficulties of this international criminal network.",S-Inform; HS,,IT,,S-Inform; HS,,IT,,S-Inform; HS,,IT,
981,KERRY,"And back then, we intercepted a suitcase in a Middle Eastern country with nuclear materials in it.",S-Inform; HS,,AF,,S-Inform; HS,,AF,,S-Inform; HS,,AF,
982,KERRY,And the black market sale price was about $250 million.,S-Inform,,AF,,S-Inform,,AF,,S-Inform,,AF,
983,KERRY,"Now, there are terrorists trying to get their hands on that stuff today.",S,,AF; AE,,S,,AF; AE,,S,,AF; AE,
984,KERRY,"And this president, I regret to say, has secured less nuclear material in the last two years since 9/11 than we did in the two years preceding 9/11.",S-Inform; CH; HS,,ATTR; REB; SE,,S-Inform; CH; HS,,ATTR; REB; SE,,S-Inform; CH; HS,,ATTR; REB; SE,
985,KERRY,We have to do this job.,S,,UF,,S,,UF,,S,,UF,
986,KERRY,"And to do the job, you can’t cut the money for it.",S,,,,S,,,,S,,,
987,KERRY,The president actually cut the money for it.,S; CH,,ATTR; REB,,S; CH,,ATTR; REB,,S; CH,,ATTR; REB,
988,KERRY,You have to put the money into it and the funding and the leadership.,S,,UF,,S,,UF,,S,,UF,
989,KERRY,And part of that leadership is sending the right message to places like North Korea.,S,,,,S,,,,S,,,
990,KERRY,Right now the president is spending hundreds of millions of dollars to research bunker-busting nuclear weapons.,S-Inform; CH,,ATTR; REB; SE,,S-Inform; CH,,ATTR; REB; SE,,S-Inform; CH,,ATTR; REB; SE,
991,KERRY,The United States is pursuing a new set of nuclear weapons.,S,,,,S,,,,S,,,
992,KERRY,It doesn’t make sense.,S; DIS,,REB,,S; DIS,,REB,,S; DIS,,REB,
993,KERRY,You talk about mixed messages.,S; CH,,ATTR; REB,,S; CH,,ATTR; REB,,S; CH,,ATTR; REB,
994,KERRY,"We’re telling other people, “You can’t have nuclear weapons,” but we’re pursuing a new nuclear weapon that we might even contemplate using.",S; CH,,REB; CB,,S; CH,,REB; CB,,S; CH,,REB; CB,
995,KERRY,Not this president.,S; REJ,,ATTR; REB,,S; REJ,,ATTR; REB,,S; REJ,,ATTR; REB,
996,KERRY,"I’m going to shut that program down, and we’re going to make it clear to the world we’re serious about containing nuclear proliferation.",S,,IT; IP,,S,,IT; IP,,S,,IT; IP,
997,KERRY,And we’re going to get the job of containing all of that nuclear material in Russia done in four years.,S,,IT,,S,,IT,,S,,IT,
998,KERRY,And we’re going to build the strongest international network to prevent nuclear proliferation.,S,,IT,,S,,IT,,S,,IT,
999,KERRY,This is the scale of what President Kennedy set out to do with the nuclear test ban treaty.,S; HS,,CB,,S; HS,,CB,,S; HS,,CB,
1000,KERRY,It’s our generation’s equivalent.,S,,,,S,,,,S,,,
1001,KERRY,And I intend to get it done.,S,,IP,,S,,IP,,S,,IP,
1002,LEHRER,"Ninety seconds, Mr.",TG,,,,TG,,,,TG,,,
1003,LEHRER,President.,TG,,,,TG,,,,TG,,,
1004,BUSH,"Actually, we’ve increased funding for dealing with nuclear proliferation about 35 percent since I’ve been the president.",S-Inform,,IT,,S-Inform,,IT,,S-Inform,,IT,
1005,BUSH,"Secondly, we’ve set up what’s called the — well, first of all, I agree with my opponent that the biggest threat facing this country is weapons of mass destruction in the hands of a terrorist network.",S; AGR,,AF,,S; AGR,,AF,,S; AGR,,AF,
1006,BUSH,And that’s why proliferation is one of the centerpieces of a multi-prong strategy to make the country safer.,S; EXPL,,IT,,S; EXPL,,IT,,S; EXPL,,IT,
1007,BUSH,My administration started what’s called the Proliferation Security Initiative.,S,,IT,,S,,IT,,S,,IT,
1008,BUSH,Over 60 nations involved with disrupting the trans-shipment of information and/or weapons of mass destruction materials.,S-Inform,,IT,,S-Inform,,IT,,S-Inform,,IT,
1009,BUSH,And we’ve been effective.,S,,IT,,S,,IT,,S,,IT,
1010,BUSH,We busted the A.,S,,IT,,S,,IT,,S,,IT,
1011,BUSH,Khan network.,S,,,,S,,,,S,,,
1012,BUSH,This was a proliferator out of Pakistan that was selling secrets to places like North Korea and Libya.,S-Inform,,,,S-Inform,,,,S-Inform,,,
1013,BUSH,We convinced Libya to disarm.,S,,IT,,S,,IT,,S,,IT,
1014,BUSH,It’s a central part of dealing with weapons of mass destruction and proliferation.,S,,,,S,,,,S,,,
1015,BUSH,I’ll tell you another way to help protect America in the long run is to continue with missile defenses.,S; TT,,IP,,S; TT,,IP,,S; TT,,IP,
1016,BUSH,And we’ve got a robust research and development program that has been ongoing during my administration.,S,,IT,,S,,IT,,S,,IT,
1017,BUSH,We’ll be implementing a missile-defense system relatively quickly.,S,,,,S,,,,S,,,
1018,BUSH,And that is another way to help deal with the threats that we face in the 21st century.,S,,AF,,S,,AF,,S,,AF,
1019,BUSH,My opponent opposed the missile defenses.,S,,ATTR; REB,,S,,ATTR; REB,,S,,ATTR; REB,
1020,LEHRER,"Just for this one-minute discussion here, just for whatever seconds it takes: So it’s correct to say, that if somebody is listening to this, that both of you agree, if you’re reelected, Mr.",YNQ; TT,,,,YNQ; TT,,,,YNQ; TT,,,
1021,LEHRER,"President, and if you are elected, the single most serious threat you believe, both of you believe, is nuclear proliferation?",YNQ,,,,YNQ,,,,YNQ,,,
1022,BUSH,In the hands of a terrorist enemy.,S,,AF,,S,,AF,,S,,AF,
1023,KERRY,"Weapons of mass destruction, nuclear proliferation.",S,,AF,,S,,AF,,S,,AF,
1024,KERRY,"But again, the test or the difference between us, the president has had four years to try to do something about it, and North Korea has got more weapons; Iran is moving towards weapons.",S-Inform; CH,,ATTR; REB; SE,,S-Inform; CH,,ATTR; REB; SE,,S-Inform; CH,,ATTR; REB; SE,
1025,KERRY,"And at his pace, it will take 13 years to secure those weapons in Russia.",S-Inform,,ATTR; SE,,S-Inform,,ATTR; SE,,S-Inform,,ATTR; SE,
1026,KERRY,"I’m going to do it in four years, and I’m going to immediately set out to have bilateral talks with North Korea.",S,,IT; IP,,S,,IT; IP,,S,,IT; IP,
1027,LEHRER,Your response to that?,OQ; TG,,,,OQ; TG,,,,OQ; TG,,,
1028,BUSH,"Again, I can’t tell you how big a mistake I think that is, to have bilateral talks with North Korea.",S; DIS,,IP; REB,,S; DIS,,IP; REB,,S; DIS,,IP; REB,
1029,BUSH,It’s precisely what Kim Jong Il wants.,S,,AF; CB,,S,,AF; CB,,S,,AF; CB,
1030,BUSH,It will cause the six-party talks to evaporate.,S,,AF,,S,,AF,,S,,AF,
1031,BUSH,"It will mean that China no longer is involved in convincing, along with us, for Kim Jong Il to get rid of his weapons.",S,,AF,,S,,AF,,S,,AF,
1032,BUSH,It’s a big mistake to do that.,S,,IP; REB,,S,,IP; REB,,S,,IP; REB,
1033,BUSH,"We must have China’s leverage on Kim Jong Il, besides ourselves.",S,,IP,,S,,IP,,S,,IP,
1034,BUSH,"And if you enter bilateral talks, they’ll be happy to walk away from the table.",S,,AF; REB,,S,,AF; REB,,S,,AF; REB,
1035,BUSH,I don’t think that’ll work.,S; DIS,,IP; REB,,S; DIS,,IP; REB,,S; DIS,,IP; REB,
1036,LEHRER,All right.,ACK,,,,ACK,,,,ACK,,,
1037,LEHRER,Mr.,S,,,,S,,,,S,,,
1038,LEHRER,"President, this is the last question.",S,,,,S,,,,S,,,
1039,LEHRER,And two minutes.,S,,,,S,,,,S,,,
1040,LEHRER,"It’s a new subject — new question, and it has to do with President Putin and Russia.",S; MS,,,,S; MS,,,,S; MS,,,
1041,LEHRER,Did you misjudge him or are you — do you feel that what he is doing in the name of antiterrorism by changing some democratic processes is OK?,YNQ; SEEP,,,,YNQ; SEEP,,,,YNQ; SEEP,,,
1042,BUSH,"No, I don’t think it’s OK, and said so publicly.",S; ANS,,IP,,S; ANS,,IP,,S; ANS,,IP,
1043,BUSH,"I think that there needs to be checks and balances in a democracy, and made that very clear that by consolidating power in the central government, he’s sending a signal to the Western world and United States that perhaps he doesn’t believe in checks and balances, and I told him that.",S; EXPL,,IP,,S; EXPL,,IP,,S; EXPL,,IP,
1044,BUSH,"I mean, he’s also a strong ally in the war on terror.",S,,,,S,,,,S,,,
1045,BUSH,"He is — listen, they went through a horrible situation in Beslan, where these terrorists gunned down young school kids.",S; HS,,AF; AE,,S; HS,,AF; AE,,S; HS,,AF; AE,
1046,BUSH,"That’s the nature of the enemy, by the way.",S,,AF,,S,,AF,,S,,AF,
1047,BUSH,That’s why we need to be firm and resolved in bringing them to justice.,S; EXPL,,UF,,S; EXPL,,UF,,S; EXPL,,UF,
1048,BUSH,"That’s precisely what Vladimir Putin understands, as well.",S,,,,S,,,,S,,,
1049,BUSH,I’ve got a good relation with Vladimir.,S,,IP,,S,,IP,,S,,IP,
1050,BUSH,"And it’s important that we do have a good relation, because that enables me to better comment to him, and to better to discuss with him, some of the decisions he makes.",S; EXPL,,IP,,S; EXPL,,IP,,S; EXPL,,IP,
1051,BUSH,"I found that, in this world, that it’s important to establish good personal relationships with people so that when you have disagreements, you’re able to disagree in a way that is effective.",S,,IP,,S,,IP,,S,,IP,
1052,BUSH,And so I’ve told him my opinion.,S,,IT,,S,,IT,,S,,IT,
1053,BUSH,"I look forward to discussing it more with him, as time goes on.",S,,IP,,S,,IP,,S,,IP,
1054,BUSH,Russia is a country in transition.,S,,,,S,,,,S,,,
1055,BUSH,Vladimir is going to have to make some hard choices.,S,,,,S,,,,S,,,
1056,BUSH,"And I think it’s very important for the American president, as well as other Western leaders, to remind him of the great benefits of democracy, that democracy will best help the people realize their hopes and aspirations and dreams.",S,,APAT; IP,,S,,APAT; IP,,S,,APAT; IP,
1057,BUSH,And I will continue working with him over the next four years.,S,,IT,,S,,IT,,S,,IT,
1058,LEHRER,"Ninety seconds, Senator Kerry.",TG,,,,TG,,,,TG,,,
1059,KERRY,"Well, let me just say quickly that I’ve had an extraordinary experience of watching up close and personal that transition in Russia, because I was there right after the transformation.",S; TT; HS,,IT,,S; TT; HS,,IT,,S; TT; HS,,IT,
1060,KERRY,"And I was probably one of the first senators, along with Senator Bob Smith of New Hampshire, a former senator, to go down into the KGB underneath Treblinka Square and see reams of files with names in them.",S-Inform; HS,,IT,,S-Inform; HS,,IT,,S-Inform; HS,,IT,
1061,KERRY,It sort of brought home the transition to democracy that Russia was trying to make.,S,,,,S,,,,S,,,
1062,KERRY,I regret what’s happened in these past months.,S,,IP,,S,,IP,,S,,IP,
1063,KERRY,And I think it goes beyond just the response to terror.,S,,IP,,S,,IP,,S,,IP,
1064,KERRY,Mr.,S,,,,S,,,,S,,,
1065,KERRY,Putin now controls all the television stations.,S,,,,S,,,,S,,,
1066,KERRY,His political opposition is being put in jail.,S,,,,S,,,,S,,,
1067,KERRY,"And I think it’s very important to the United States, obviously, to have a working relationship that is good.",S,,IP,,S,,IP,,S,,IP,
1068,KERRY,This is a very important country to us.,S,,,,S,,,,S,,,
1069,KERRY,We want a partnership.,S,,UF,,S,,UF,,S,,UF,
1070,KERRY,But we always have to stand up for democracy.,S,,APAT; UF,,S,,APAT; UF,,S,,APAT; UF,
1071,KERRY,"As George Will said the other day, “Freedom on the march; not in Russia right now.",S; HS,,APAT,,S; HS,,APAT,,S; HS,,APAT,
1072,KERRY,"” Now, I’d like to come back for a quick moment, if I can, to that issue about China and the talks.",TT; MS,,,,TT; MS,,,,TT; MS,,,
1073,KERRY,Because that’s one of the most critical issues here: North Korea.,S; EXPL,,,,S; EXPL,,,,S; EXPL,,,
1074,KERRY,"Just because the president says it can’t be done, that you’d lose China, doesn’t mean it can’t be done.",S; CH,,REB; CB,,S; CH,,REB; CB,,S; CH,,REB; CB,
1075,KERRY,"I mean, this is the president who said “There were weapons of mass destruction,” said “Mission accomplished,” said we could fight the war on the cheap — none of which were true.",S; CH,,PER; ATTR; REB; SE,,S; CH,,PER; ATTR; REB; SE,,S; CH,,PER; ATTR; REB; SE,
1076,KERRY,We could have bilateral talks with Kim Jong Il.,S,,IP,,S,,IP,,S,,IP,
1077,KERRY,And we can get those weapons at the same time as we get China.,S,,IP,,S,,IP,,S,,IP,
1078,KERRY,"Because China has an interest in the outcome, too.",S; EXPL,,,,S; EXPL,,,,S; EXPL,,,
1079,LEHRER,"Thirty seconds, Mr.",S,,,,S,,,,S,,,
1080,LEHRER,President.,S,,,,S,,,,S,,,
1081,BUSH,You know my opinion on North Korea.,S; IAFA,,IP,,S; IAFA,,IP,,S; IAFA,,IP,
1082,BUSH,I can’t say it any more plainly.,S,,IP,,S,,IP,,S,,IP,
1083,LEHRER,"Well, but when he used the word “truth” again…",S; MS,,,,S; MS,,,,S; MS,,,
1084,BUSH,Pardon me?,R-REQ,,,,R-REQ,,,,R-REQ,,,
1085,LEHRER,… talking about the truth of the matter.,S,,,,S,,,,S,,,
1086,LEHRER,He used the word “truth” again.,S,,,,S,,,,S,,,
1087,LEHRER,Did that raise any hackles with you?,YNQ,,,,YNQ,,,,YNQ,,,
1088,BUSH,"Oh, I’m a pretty calm guy.",S; ANS,,IP,,S; ANS,,IP,,S; ANS,,IP,
1089,BUSH,I don’t take it personally.,S,,IP,,S,,IP,,S,,IP,
1090,LEHRER,OK.,ACK,,,,ACK,,,,ACK,,,
1091,LEHRER,All right.,ACK,,,,ACK,,,,ACK,,,
1092,BUSH,"You know, we looked at the same intelligence and came to the same conclusion: that Saddam Hussein was a grave threat.",S,,AF,,S,,AF,,S,,AF,
1093,BUSH,And I don’t hold it against him that he said grave threat.,S,,IP,,S,,IP,,S,,IP,
1094,BUSH,"I’m not going to go around the country saying he didn’t tell the truth, when he looked at the same intelligence I did.",S,,IP,,S,,IP,,S,,IP,
1095,KERRY,It was a threat.,S,,,,S,,,,S,,,
1096,KERRY,That’s not the issue.,S,,DF,,S,,DF,,S,,DF,
1097,KERRY,The issue is what you do about it.,S,,DF,,S,,DF,,S,,DF,
1098,KERRY,"The president said he was going to build a true coalition, exhaust the remedies of the U.",S,,ATTR; REB,,S,,ATTR; REB,,S,,ATTR; REB,
1099,KERRY,and go to war as a last resort.,S,,,,S,,,,S,,,
1100,KERRY,Those words really have to mean something.,S,,IP,,S,,IP,,S,,IP,
1101,KERRY,"And, unfortunately, he didn’t go to war as a last resort.",S; CH,,ATTR; REB,,S; CH,,ATTR; REB,,S; CH,,ATTR; REB,
1102,KERRY,Now we have this incredible mess in Iraq — $200 billion.,S-Inform,,AF; ATTR,,S-Inform,,AF; ATTR,,S-Inform,,AF; ATTR,
1103,KERRY,It’s not what the American people thought they were getting when they voted.,S; CH,,REB,,S; CH,,REB,,S; CH,,REB,
1104,LEHRER,"All right, that brings us to closing statements.",S; MS,,,,S; MS,,,,S; MS,,,
1105,LEHRER,"And, again, as determined by a coin toss, Senator Kerry, you go first, and you have two minutes.",S; TG,,,,S; TG,,,,S; TG,,,
1106,KERRY,"Thank you, Jim, very much.",THK,,,,THK,,,,THK,,,
1107,KERRY,"Thank you very much to the university, again.",THK,,,,THK,,,,THK,,,
1108,KERRY,"Thank you, Mr.",THK,,,,THK,,,,THK,,,
1109,KERRY,President.,S,,,,S,,,,S,,,
1110,KERRY,"My fellow Americans, as I’ve said at the very beginning of this debate, both President Bush and I love this country very much.",S; HS,,AP; APAT,,S; HS,,AP; APAT,,S; HS,,AP; APAT,
1111,KERRY,"There’s no doubt, I think, about that.",S; IAFA,,IP,,S; IAFA,,IP,,S; IAFA,,IP,
1112,KERRY,But we have a different set of convictions about how we make our country stronger here at home and respected again in the world.,S,,AP; IP,,S,,AP; IP,,S,,AP; IP,
1113,KERRY,"I know that for many of you sitting at home, parents of kids in Iraq, you want to know who’s the person who could be a commander in chief who could get your kids home and get the job done and win the peace.",S,,AE,,S,,AE,,S,,AE,
1114,KERRY,"And for all the rest of the parents in America who are wondering about their kids going to the school or anywhere else in the world, what kind of world they’re going to grow up in, let me look you in the eye and say to you: I defended this country as a young man in war, and I will defend it as president of the United States.",S; HS,,AE; APAT; IT,,S; HS,,AE; APAT; IT,,S; HS,,AE; APAT; IT,
1115,KERRY,But I have a difference with this president.,S; DIS,,IP; REB,,S; DIS,,IP; REB,,S; DIS,,IP; REB,
1116,KERRY,I believe when we’re strongest when we reach out and lead the world and build strong alliances.,S,,IP,,S,,IP,,S,,IP,
1117,KERRY,I have a plan for Iraq.,S,,IT,,S,,IT,,S,,IT,
1118,KERRY,I believe we can be successful.,S,,IP,,S,,IP,,S,,IP,
1119,KERRY,I’m not talking about leaving.,S; CORR,,,,S; CORR,,,,S; CORR,,,
1120,KERRY,I’m talking about winning.,S,,,,S,,,,S,,,
1121,KERRY,"And we need a fresh start, a new credibility, a president who can bring allies to our side.",S,,AE; UF,,S,,AE; UF,,S,,AE; UF,
1122,KERRY,"I also have a plan to win the war on terror, funding homeland security, strengthening our military, cutting our finances, reaching out to the world, again building strong alliances.",S,,IT; IP,,S,,IT; IP,,S,,IT; IP,
1123,KERRY,"I believe America’s best days are ahead of us because I believe that the future belongs to freedom, not to fear.",S,,AE; APAT; IP,,S,,AE; APAT; IP,,S,,AE; APAT; IP,
1124,KERRY,That’s the country that I’m going to fight for.,S,,AP,,S,,AP,,S,,AP,
1125,KERRY,And I ask you to give me the opportunity to make you proud.,IAFA,,AE; AP,,IAFA,,AE; AP,,IAFA,,AE; AP,
1126,KERRY,"I ask you to give me the opportunity to lead this great nation, so that we can be stronger here at home, respected again in the world, and have responsible leadership that we deserve.",IAFA,,AP; APAT; UF,,IAFA,,AP; APAT; UF,,IAFA,,AP; APAT; UF,
1127,KERRY,Thank you.,THK,,,,THK,,,,THK,,,
1128,KERRY,And God bless America.,S,,APAT,,S,,APAT,,S,,APAT,
1129,LEHRER,Mr.,TT,,,,TT,,,,TT,,,
1130,LEHRER,"President, two minutes.",S,,,,S,,,,S,,,
1131,BUSH,"Thank you very much tonight, Jim.",THK,,,,THK,,,,THK,,,
1132,BUSH,Senator.,GR,,,,GR,,,,GR,,,
1133,BUSH,"If America shows uncertainty or weakness in this decade, the world will drift toward tragedy.",S,,AF; AE,,S,,AF; AE,,S,,AF; AE,
1134,BUSH,"That’s not going to happen, so long as I’m your president.",S,,IT,,S,,IT,,S,,IT,
1135,BUSH,The next four years we will continue to strengthen our homeland defenses.,S,,,,S,,,,S,,,
1136,BUSH,We will strengthen our intelligence-gathering services.,S,,,,S,,,,S,,,
1137,BUSH,We will reform our military.,S,,,,S,,,,S,,,
1138,BUSH,The military will be an all-volunteer army.,S-Inform,,,,S-Inform,,,,S-Inform,,,
1139,BUSH,We will continue to stay on the offense.,S,,,,S,,,,S,,,
1140,BUSH,We will fight the terrorists around the world so we do not have to face them here at home.,S,,AF,,S,,AF,,S,,AF,
1141,BUSH,We’ll continue to build our alliances.,S,,,,S,,,,S,,,
1142,BUSH,"I’ll never turn over America’s national security needs to leaders of other countries, as we continue to build those alliances.",S,,APAT; IP,,S,,APAT; IP,,S,,APAT; IP,
1143,BUSH,And we’ll continue to spread freedom.,S,,APAT,,S,,APAT,,S,,APAT,
1144,BUSH,I believe in the transformational power of liberty.,S,,APAT; IP,,S,,APAT; IP,,S,,APAT; IP,
1145,BUSH,I believe that the free Iraq is in this nation’s interests.,S,,IP,,S,,IP,,S,,IP,
1146,BUSH,I believe a free Afghanistan is in this nation’s interest.,S,,IP,,S,,IP,,S,,IP,
1147,BUSH,And I believe both a free Afghanistan and a free Iraq will serve as a powerful example for millions who plead in silence for liberty in the broader Middle East.,S,,AE; APAT; IP,,S,,AE; APAT; IP,,S,,AE; APAT; IP,
1148,BUSH,We’ve done a lot of hard work together over the last three and a half years.,S,,UF; IT,,S,,UF; IT,,S,,UF; IT,
1149,BUSH,"We’ve been challenged, and we’ve risen to those challenges.",S,,AP; UF,,S,,AP; UF,,S,,AP; UF,
1150,BUSH,We’ve climbed the mighty mountain.,S,,AP; UF,,S,,AP; UF,,S,,AP; UF,
1151,BUSH,"I see the valley below, and it’s a valley of peace.",S,,AE,,S,,AE,,S,,AE,
1152,BUSH,"By being steadfast and resolute and strong, by keeping our word, by supporting our troops, we can achieve the peace we all want.",S,,AP; APAT; UF,,S,,AP; APAT; UF,,S,,AP; APAT; UF,
1153,BUSH,I appreciate your listening tonight.,THK,,,,THK,,,,THK,,,
1154,BUSH,I ask for your vote.,S,,,,S,,,,S,,,
1155,BUSH,And may God continue to bless our great land.,S,,AP; APAT,,S,,AP; APAT,,S,,AP; APAT,
1156,LEHRER,And that ends tonight’s debate.,S,,,,S,,,,S,,,
1157,LEHRER,"A reminder, the second presidential debate will be a week from tomorrow, October 8th, from Washington University in St.",S-Inform,,,,S-Inform,,,,S-Inform,,,
1158,LEHRER,Louis.,S,,,,S,,,,S,,,
1159,LEHRER,Charles Gibson of ABC News will moderate a town hall-type event.,S-Inform,,,,S-Inform,,,,S-Inform,,,
1160,LEHRER,"Then, on October 13th, from Arizona State University in Tempe, Bob Schieffer of CBS News will moderate an exchange on domestic policy that will be similar in format to tonight’s.",S-Inform; HS,,,,S-Inform; HS,,,,S-Inform; HS,,,
1161,LEHRER,"Also, this coming Tuesday, at Case Western Reserve University in Cleveland, the vice presidential candidates, Vice President Cheney and Senator Edwards, will debate with my PBS colleague, Gwen Ifill, moderating.",S-Inform; HS,,,,S-Inform; HS,,,,S-Inform; HS,,,
1162,LEHRER,"For now, thank you, Senator Kerry, President Bush.",THK,,,,THK,,,,THK,,,
1163,LEHRER,"From Coral Gables, Florida, I’m Jim Lehrer.",S,,,,S,,,,S,,,
1164,LEHRER,Thank you and good night.,GR; THK,,,,GR; THK,,,,GR; THK,,,
