unit_id,speaker,text,Annotator 1 - Phase A (DAMSL),Annotator 1 - Phase A notes,Annotator 1 - Phase B (Beads),Annotator 1 - Phase B notes,Annotator 2 - Phase A (DAMSL),Annotator 2 - Phase A notes,Annotator 2 - Phase B (Beads),Annotator 2 - Phase B notes,Annotator 3 - Phase A (DAMSL),Annotator 3 - Phase A notes,Annotator 3 - Phase B (Beads),Annotator 3 - Phase B notes
1,SCHIEFFER,"Good evening from Arizona State University in Tempe, Arizona.",GR,,,,GR,,,,GR,,,
2,SCHIEFFER,I’m Bob Schieffer of CBS News.,S,,,,S,,,,S,,,
3,SCHIEFFER,I want to welcome you to the third and last of the 2004 debates between President George Bush and Senator John Kerry.,S; GR,,,,S; GR,,,,S; GR,,,
4,SCHIEFFER,"As Jim Lehrer told you before the first one, these debates are sponsored by the Commission on Presidential Debates.",S; HS,,,,S; HS,,,,S; HS,,,
5,SCHIEFFER,"Tonight the topic will be domestic affairs, but the format will be the same as that first debate.",S,,,,S,,,,S,,,
6,SCHIEFFER,"I’ll moderate our discussion under detailed rules agreed to by the candidates, but the questions and the areas to be covered were chosen by me.",S,,,,S,,,,S,,,
7,SCHIEFFER,I have not told the candidates or anyone else what they are.,S,,,,S,,,,S,,,
8,SCHIEFFER,"To refresh your memory on the rules, I will ask a question.",S,,,,S,,,,S,,,
9,SCHIEFFER,The candidate is allowed two minutes to answer.,S,,,,S,,,,S,,,
10,SCHIEFFER,His opponent then has a minute and a half to offer a rebuttal.,S,,,,S,,,,S,,,
11,SCHIEFFER,"At my discretion, I can extend the discussion by offering each candidate an additional 30 seconds.",S-Inform,,,,S-Inform,,,,S-Inform,,,
12,SCHIEFFER,A green light will come on to signal the candidate has 30 seconds left.,S-Inform,,,,S-Inform,,,,S-Inform,,,
13,SCHIEFFER,A yellow light signals 15 seconds left.,S-Inform,,,,S-Inform,,,,S-Inform,,,
14,SCHIEFFER,A red light means five seconds left.,S-Inform,,,,S-Inform,,,,S-Inform,,,
15,SCHIEFFER,"There is also a buzzer, if it is needed.",S,,,,S,,,,S,,,
16,SCHIEFFER,The candidates may not question each other directly.,S,,,,S,,,,S,,,
17,SCHIEFFER,"There are no opening statements, but there will be two-minute closing statements.",S-Inform,,,,S-Inform,,,,S-Inform,,,
18,SCHIEFFER,"There is an audience here tonight, but they have agreed to remain silent, except for right now, when they join me in welcoming President George Bush and Senator John Kerry.",S; GR,,,,S; GR,,,,S; GR,,,
19,SCHIEFFER,"Gentlemen, welcome to you both.",GR,,,,GR,,,,GR,,,
20,SCHIEFFER,"By coin toss, the first question goes to Senator Kerry.",S,,,,S,,,,S,,,
21,SCHIEFFER,"Senator, I want to set the stage for this discussion by asking the question that I think hangs over all of our politics today and is probably on the minds of many people watching this debate tonight.",S; TT,,,,S; TT,,,,S; TT,,,
22,SCHIEFFER,"And that is, will our children and grandchildren ever live in a world as safe and secure as the world in which we grew up?",YNQ; OQ,,AF; AE,,YNQ; OQ,,AF; AE,,YNQ; OQ,,AF; AE,
23,KERRY,"Well, first of all, Bob, thank you for moderating tonight.",THK,,,,THK,,,,THK,,,
24,KERRY,"Thank you, Arizona State, for welcoming us.",THK,,,,THK,,,,THK,,,
25,KERRY,And thank you to the Presidential Commission for undertaking this enormous task.,THK,,,,THK,,,,THK,,,
26,KERRY,We’re proud to be here.,S,,AP,,S,,AP,,S,,AP,
27,KERRY,Mr.,GR,,,,GR,,,,GR,,,
28,KERRY,"President, I’m glad to be here with you again to share similarities and differences with the American people.",S; GR,,,,S; GR,,,,S; GR,,,
29,KERRY,Will we ever be safe and secure again?,YNQ; Q-RHET,,,,YNQ; Q-RHET,,,,YNQ; Q-RHET,,,
30,KERRY,Yes.,ANS,,,,ANS,,,,ANS,,,
31,KERRY,We absolutely must be.,S,,,,S,,,,S,,,
32,KERRY,That’s the goal.,S,,,,S,,,,S,,,
33,KERRY,"Now, how do we achieve it is the most critical component of it.",S,,,,S,,,,S,,,
34,KERRY,"I believe that this president, regrettably, rushed us into a war, made decisions about foreign policy, pushed alliances away.",S; CH,,IP; ATTR; REB,,S; CH,,IP; ATTR; REB,,S; CH,,IP; ATTR; REB,
35,KERRY,"And, as a result, America is now bearing this extraordinary burden where we are not as safe as we ought to be.",S,,AF; ATTR; REB,,S,,AF; ATTR; REB,,S,,AF; ATTR; REB,
36,KERRY,The measurement is not: Are we safer?,S,,CB,,S,,CB,,S,,CB,
37,KERRY,The measurement is: Are we as safe as we ought to be?,S,,CB,,S,,CB,,S,,CB,
38,KERRY,"And there are a host of options that this president had available to him, like making sure that at all our ports in America containers are inspected.",S; CH,,ATTR; REB,,S; CH,,ATTR; REB,,S; CH,,ATTR; REB,
39,KERRY,Only 95 percent of them — 95 percent come in today uninspected.,S-Inform,,AF; SE,,S-Inform,,AF; SE,,S-Inform,,AF; SE,
40,KERRY,That’s not good enough.,S; CH,,REB,,S; CH,,REB,,S; CH,,REB,
41,KERRY,"People who fly on airplanes today, the cargo hold is not X-rayed, but the baggage is.",S-Inform,,AF,,S-Inform,,AF,,S-Inform,,AF,
42,KERRY,That’s not good enough.,S,,CB,,S,,CB,,S,,CB,
43,KERRY,Firehouses don’t have enough firefighters in them.,S,,AF,,S,,AF,,S,,AF,
44,KERRY,Police officers are being cut from the streets of America because the president decided to cut the COPS program.,S; CH,,AF; ATTR,,S; CH,,AF; ATTR,,S; CH,,AF; ATTR,
45,KERRY,So we can do a better job of homeland security.,S,,IP,,S,,IP,,S,,IP,
46,KERRY,"I can do a better job of waging a smarter, more effective war on terror and guarantee that we will go after the terrorists.",S,,IT; IP,,S,,IT; IP,,S,,IT; IP,
47,KERRY,"I will hunt them down, and we’ll kill them, we’ll capture them.",S,,IT,,S,,IT,,S,,IT,
48,KERRY,We’ll do whatever is necessary to be safe.,S,,,,S,,,,S,,,
49,KERRY,"But I pledge this to you, America: I will do it in the way that Franklin Roosevelt and Ronald Reagan and John Kennedy and others did, where we build the strongest alliances, where the world joins together, where we have the best intelligence and where we are able, ultimately, to be more safe and secure.",S; HS,,AP; UF; IP,,S; HS,,AP; UF; IP,,S; HS,,AP; UF; IP,
50,SCHIEFFER,Mr.,,,,,,,,,,,,
51,SCHIEFFER,"President, you have 90 seconds.",S,,,,S,,,,S,,,
52,BUSH,"Bob, thank you very much.",THK,,,,THK,,,,THK,,,
53,BUSH,I want to thank Arizona State as well.,THK,,,,THK,,,,THK,,,
54,BUSH,"Yes, we can be safe and secure, if we stay on the offense against the terrorists and if we spread freedom and liberty around the world.",S,,AF; APAT,,S,,AF; APAT,,S,,AF; APAT,
55,BUSH,"I have got a comprehensive strategy to not only chase down the Al Qaida, wherever it exists — and we’re making progress; three-quarters of Al Qaida leaders have been brought to justice — but to make sure that countries that harbor terrorists are held to account.",S-Inform; INT,,IT; SE,,S-Inform; INT,,IT; SE,,S-Inform; INT,,IT; SE,
56,BUSH,"As a result of securing ourselves and ridding the Taliban out of Afghanistan, the Afghan people had elections this weekend.",S-Inform; HS,,APAT; IT,,S-Inform; HS,,APAT; IT,,S-Inform; HS,,APAT; IT,
57,BUSH,And the first voter was a 19-year-old woman.,S-Inform,,AE,,S-Inform,,AE,,S-Inform,,AE,
58,BUSH,Think about that.,IAFA,,AE,,IAFA,,AE,,IAFA,,AE,
59,BUSH,Freedom is on the march.,S,,AP; APAT,,S,,AP; APAT,,S,,AP; APAT,
60,BUSH,We held to account a terrorist regime in Saddam Hussein.,S,,IT,,S,,IT,,S,,IT,
61,BUSH,"In other words, in order to make sure we’re secure, there must be a comprehensive plan.",S; EXPL,,IP,,S; EXPL,,IP,,S; EXPL,,IP,
62,BUSH,"My opponent just this weekend talked about how terrorism could be reduced to a nuisance, comparing it to prostitution, illegal gambling.",S; CH,,ATTR; REB,,S; CH,,ATTR; REB,,S; CH,,ATTR; REB,
63,BUSH,I think that attitude and that point of view is dangerous.,S,,AF; IP; REB,,S,,AF; IP; REB,,S,,AF; IP; REB,
64,BUSH,I don’t think you can secure America for the long run if you don’t have a comprehensive view as to how to defeat these people.,S,,AF; IP,,S,,AF; IP,,S,,AF; IP,
65,BUSH,"At home, we’ll do everything we can to protect the homeland.",S,,,,S,,,,S,,,
66,BUSH,I signed the homeland security bill to better align our assets and resources.,S; S-Inform,,IT,,S; S-Inform,,IT,,S; S-Inform,,IT,
67,BUSH,My opponent voted against it.,S; CH,,ATTR; REB,,S; CH,,ATTR; REB,,S; CH,,ATTR; REB,
68,BUSH,We’re doing everything we can to protect our borders and ports.,S,,IT,,S,,IT,,S,,IT,
69,BUSH,But absolutely we can be secure in the long run.,S,,IP,,S,,IP,,S,,IP,
70,BUSH,"It just takes good, strong leadership.",S,,IP,,S,,IP,,S,,IP,
71,SCHIEFFER,"Anything to add, Senator Kerry?",OQ; TG,,,,OQ; TG,,,,OQ; TG,,,
72,KERRY,Yes.,ANS; TA,,,,ANS; TA,,,,ANS; TA,,,
73,KERRY,"When the president had an opportunity to capture or kill Osama bin Laden, he took his focus off of them, outsourced the job to Afghan warlords, and Osama bin Laden escaped.",S-Inform; CH,,ATTR; REB; SE,,S-Inform; CH,,ATTR; REB; SE,,S-Inform; CH,,ATTR; REB; SE,
74,KERRY,"Six months after he said Osama bin Laden must be caught dead or alive, this president was asked, “Where is Osama bin Laden?",S-Inform; CH; HS,,ATTR; REB; SE,,S-Inform; CH; HS,,ATTR; REB; SE,,S-Inform; CH; HS,,ATTR; REB; SE,
75,KERRY,"” He said, “I don’t know.",S,,ATTR,,S,,ATTR,,S,,ATTR,
76,KERRY,I don’t really think about him very much.,S,,ATTR,,S,,ATTR,,S,,ATTR,
77,KERRY,I’m not that concerned.,S,,ATTR,,S,,ATTR,,S,,ATTR,
78,KERRY,“ We need a president who stays deadly focused on the real war on terror.,S,,AF; UF; IP,,S,,AF; UF; IP,,S,,AF; UF; IP,
79,SCHIEFFER,Mr.,TG,,,,TG,,,,TG,,,
80,SCHIEFFER,President?,TG,,,,TG,,,,TG,,,
81,BUSH,"Gosh, I just don’t think I ever said I’m not worried about Osama bin Laden.",S; DIS,,REB; CB,,S; DIS,,REB; CB,,S; DIS,,REB; CB,
82,BUSH,It’s kind of one of those exaggerations.,S; CH,,REB,,S; CH,,REB,,S; CH,,REB,
83,BUSH,Of course we’re worried about Osama bin Laden.,S,,,,S,,,,S,,,
84,BUSH,We’re on the hunt after Osama bin Laden.,S,,IT,,S,,IT,,S,,IT,
85,BUSH,We’re using every asset at our disposal to get Osama bin Laden.,S,,IT,,S,,IT,,S,,IT,
86,BUSH,My opponent said this war is a matter of intelligence and law enforcement.,S,,ATTR; REB,,S,,ATTR; REB,,S,,ATTR; REB,
87,BUSH,"No, this war is a matter of using every asset at our disposal to keep the American people protected.",S; DIS; REJ,,REB; CB,,S; DIS; REJ,,REB; CB,,S; DIS; REJ,,REB; CB,
88,SCHIEFFER,"New question, Mr.",MS,,,,MS,,,,MS,,,
89,SCHIEFFER,"President, to you.",TG; MS,,,,TG; MS,,,,TG; MS,,,
90,SCHIEFFER,"We are talking about protecting ourselves from the unexpected, but the flu season is suddenly upon us.",S,,,,S,,,,S,,,
91,SCHIEFFER,Flu kills thousands of people every year.,S-Inform,,,,S-Inform,,,,S-Inform,,,
92,SCHIEFFER,Suddenly we find ourselves with a severe shortage of flu vaccine.,S,,,,S,,,,S,,,
93,SCHIEFFER,How did that happen?,Q-W; OQ,,,,Q-W; OQ,,,,Q-W; OQ,,,
94,BUSH,"Bob, we relied upon a company out of England to provide about half of the flu vaccines for the United States citizen, and it turned out that the vaccine they were producing was contaminated.",S-Inform; EXPL,,ATTR; SE,,S-Inform; EXPL,,ATTR; SE,,S-Inform; EXPL,,ATTR; SE,
95,BUSH,And so we took the right action and didn’t allow contaminated medicine into our country.,S; IAFA,,IT,,S; IAFA,,IT,,S; IAFA,,IT,
96,BUSH,We’re working with Canada to hopefully — that they’ll produce a — help us realize the vaccine necessary to make sure our citizens have got flu vaccinations during this upcoming season.,S,,IT,,S,,IT,,S,,IT,
97,BUSH,"My call to our fellow Americans is if you’re healthy, if you’re younger, don’t get a flu shot this year.",IAFA,,AE; UF,,IAFA,,AE; UF,,IAFA,,AE; UF,
98,BUSH,"Help us prioritize those who need to get the flu shot, the elderly and the young.",IAFA,,AE; UF,,IAFA,,AE; UF,,IAFA,,AE; UF,
99,BUSH,"The CDC, responsible for health in the United States, is setting those priorities and is allocating the flu vaccine accordingly.",S-Inform,,,,S-Inform,,,,S-Inform,,,
100,BUSH,"I haven’t gotten a flu shot, and I don’t intend to because I want to make sure those who are most vulnerable get treated.",S; EXPL,,AE; IP,,S; EXPL,,AE; IP,,S; EXPL,,AE; IP,
101,BUSH,We have a problem with litigation in the United States of America.,S,,,,S,,,,S,,,
102,BUSH,"Vaccine manufacturers are worried about getting sued, and therefore they have backed off from providing this kind of vaccine.",S,,,,S,,,,S,,,
103,BUSH,One of the reasons I’m such a strong believer in legal reform is so that people aren’t afraid of producing a product that is necessary for the health of our citizens and then end up getting sued in a court of law.,S; EXPL,,IT; IP,,S; EXPL,,IT; IP,,S; EXPL,,IT; IP,
104,BUSH,"But the best thing we can do now, Bob, given the circumstances with the company in England is for those of us who are younger and healthy, don’t get a flu shot.",S; IAFA,,IP,,S; IAFA,,IP,,S; IAFA,,IP,
105,SCHIEFFER,Senator Kerry?,TG,,,,TG,,,,TG,,,
106,KERRY,This really underscores the problem with the American health-care system.,S,,,,S,,,,S,,,
107,KERRY,It’s not working for the American family.,S,,,,S,,,,S,,,
108,KERRY,And it’s gotten worse under President Bush over the course of the last years.,S,,ATTR; REB,,S,,ATTR; REB,,S,,ATTR; REB,
109,KERRY,Five million Americans have lost their health insurance in this country.,S-Inform,,SE,,S-Inform,,SE,,S-Inform,,SE,
110,KERRY,"You’ve got about a million right here in Arizona, just shy, 950,000, who have no health insurance at all.",S-Inform,,SE,,S-Inform,,SE,,S-Inform,,SE,
111,KERRY,"82,000 Arizonians lost their health insurance under President Bush’s watch.",S-Inform,,ATTR; SE,,S-Inform,,ATTR; SE,,S-Inform,,ATTR; SE,
112,KERRY,"223,000 kids in Arizona have no health insurance at all.",S-Inform,,SE,,S-Inform,,SE,,S-Inform,,SE,
113,KERRY,"All across our country — go to Ohio, 1.",S; IAFA,,,,S; IAFA,,,,S; IAFA,,,
114,KERRY,"4 million Ohioans have no health insurance, 114,000 of them lost it under President Bush; Wisconsin, 82,000 Wisconsinites lost it under President Bush.",S-Inform,,ATTR; SE,,S-Inform,,ATTR; SE,,S-Inform,,ATTR; SE,
115,KERRY,This president has turned his back on the wellness of America.,S; CH,,PER; ATTR; REB,,S; CH,,PER; ATTR; REB,,S; CH,,PER; ATTR; REB,
116,KERRY,And there is no system.,S,,REB,,S,,REB,,S,,REB,
117,KERRY,"In fact, it’s starting to fall apart not because of lawsuits — though they are a problem, and John Edwards and I are committed to fixing them — but because of the larger issue that we don’t cover Americans.",S; EXPL,,IT; REB,,S; EXPL,,IT; REB,,S; EXPL,,IT; REB,
118,KERRY,Children across our country don’t have health care.,S,,AE,,S,,AE,,S,,AE,
119,KERRY,"We’re the richest country on the face of the planet, the only industrialized nation in the world not to do it.",S-Inform,,AP; CB,,S-Inform,,AP; CB,,S-Inform,,AP; CB,
120,KERRY,I have a plan to cover all Americans.,S,,IT; IP,,S,,IT; IP,,S,,IT; IP,
121,KERRY,We’re going to make it affordable and accessible.,S,,,,S,,,,S,,,
122,KERRY,We’re going to let everybody buy into the same health-care plan senators and congressmen give themselves.,S,,IT,,S,,IT,,S,,IT,
123,SCHIEFFER,Mr.,S,,,,S,,,,S,,,
124,SCHIEFFER,"President, would you like to add something?",YNQ; IAFA-OF; TG,,,,YNQ; IAFA-OF; TG,,,,YNQ; IAFA-OF; TG,,,
125,BUSH,I would.,ANS; TA,,,,ANS; TA,,,,ANS; TA,,,
126,BUSH,Thank you.,THK,,,,THK,,,,THK,,,
127,BUSH,"I want to remind people listening tonight that a plan is not a litany of complaints, and a plan is not to lay out programs that you can’t pay for.",S; CH,,REB; CB,,S; CH,,REB; CB,,S; CH,,REB; CB,
128,BUSH,He just said he wants everybody to be able to buy in to the same plan that senators and congressmen get.,S; CH,,REB,,S; CH,,REB,,S; CH,,REB,
129,BUSH,"That costs the government $7,700 per family.",S-Inform,,SE,,S-Inform,,SE,,S-Inform,,SE,
130,BUSH,"If every family in America signed up, like the senator suggested, if would cost us $5 trillion over 10 years.",S-Inform; CH,,AF; REB; SE,,S-Inform; CH,,AF; REB; SE,,S-Inform; CH,,AF; REB; SE,
131,BUSH,It’s an empty promise.,S,,REB,,S,,REB,,S,,REB,
132,BUSH,It’s called bait and switch.,S,,REB; CB,,S,,REB; CB,,S,,REB; CB,
133,SCHIEFFER,Time’s up.,S,,,,S,,,,S,,,
134,BUSH,Thank you.,THK,,,,THK,,,,THK,,,
135,KERRY,"Actually, it’s not an empty promise.",S; DIS; CH,,REB,,S; DIS; CH,,REB,,S; DIS; CH,,REB,
136,KERRY,"It’s really interesting, because the president used that very plan as a reason for seniors to accept his prescription drug plan.",S; EXPL,,REB; SE,,S; EXPL,,REB; SE,,S; EXPL,,REB; SE,
137,KERRY,"He said, if it’s good enough for the congressmen and senators to have choice, seniors ought to have choice.",S; HS,,REB,,S; HS,,REB,,S; HS,,REB,
138,KERRY,What we do is we have choice.,S,,,,S,,,,S,,,
139,KERRY,I choose Blue Cross/Blue Shield.,S,,,,S,,,,S,,,
140,KERRY,"Other senators, other congressmen choose other programs.",S,,,,S,,,,S,,,
141,KERRY,"But the fact is, we’re going to help Americans be able to buy into it.",S,,IT,,S,,IT,,S,,IT,
142,KERRY,Those that can afford it are going to buy in themselves.,S,,,,S,,,,S,,,
143,KERRY,We’re not giving this away for nothing.,S,,,,S,,,,S,,,
144,SCHIEFFER,All right.,ACK,,,,ACK,,,,ACK,,,
145,SCHIEFFER,"Senator Kerry, a new question.",MS,,,,MS,,,,MS,,,
146,SCHIEFFER,Let’s talk about economic security.,MS,,,,MS,,,,MS,,,
147,SCHIEFFER,"You pledged during the last debate that you would not raise taxes on those making less than $200,000 a year.",S-Inform; HS,,,,S-Inform; HS,,,,S-Inform; HS,,,
148,SCHIEFFER,"But the price of everything is going up, and we all know it.",S,,,,S,,,,S,,,
149,SCHIEFFER,"Health-care costs, as you are talking about, is skyrocketing, the cost of the war.",S,,AF,,S,,AF,,S,,AF,
150,SCHIEFFER,"My question is, how can you or any president, whoever is elected next time, keep that pledge without running this country deeper into debt and passing on more of the bills that we’re running up to our children?",Q-W; SEEP,,AE; CB,,Q-W; SEEP,,AE; CB,,Q-W; SEEP,,AE; CB,
151,KERRY,"I’ll tell you exactly how I can do it: by reinstating what President Bush took away, which is called pay as you go.",S; EXPL,,IT; ATTR,,S; EXPL,,IT; ATTR,,S; EXPL,,IT; ATTR,
152,KERRY,"During the 1990s, we had pay-as-you-go rules.",S; HS,,,,S; HS,,,,S; HS,,,
153,KERRY,"If you were going to pass something in the Congress, you had to show where you are going to pay for it and how.",S; EXPL; HS,,,,S; EXPL; HS,,,,S; EXPL; HS,,,
154,KERRY,President Bush has taken — he’s the only president in history to do this.,S; CH,,ATTR; REB; SE,,S; CH,,ATTR; REB; SE,,S; CH,,ATTR; REB; SE,
155,KERRY,He’s also the only president in 72 years to lose jobs — 1.,S-Inform; CH,,ATTR; REB; SE,,S-Inform; CH,,ATTR; REB; SE,,S-Inform; CH,,ATTR; REB; SE,
156,KERRY,6 million jobs lost.,S-Inform,,ATTR; SE,,S-Inform,,ATTR; SE,,S-Inform,,ATTR; SE,
157,KERRY,He’s the only president to have incomes of families go down for the last three years; the only president to see exports go down; the only president to see the lowest level of business investment in our country as it is today.,S; CH,,ATTR; REB; SE,,S; CH,,ATTR; REB; SE,,S; CH,,ATTR; REB; SE,
158,KERRY,"Now, I’m going to reverse that.",S,,IT,,S,,IT,,S,,IT,
159,KERRY,I’m going to change that.,S,,IT,,S,,IT,,S,,IT,
160,KERRY,We’re going to restore the fiscal discipline we had in the 1990s.,S; HS,,UF; IT,,S; HS,,UF; IT,,S; HS,,UF; IT,
161,KERRY,"Every plan that I have laid out — my health-care plan, my plan for education, my plan for kids to be able to get better college loans — I’ve shown exactly how I’m going to pay for those.",S,,IT,,S,,IT,,S,,IT,
162,KERRY,"And we start — we don’t do it exclusively — but we start by rolling back George Bush’s unaffordable tax cut for the wealthiest people, people earning more than $200,000 a year, and we pass, hopefully, the McCain-Kerry Commission which identified some $60 billion that we can get.",S-Inform,,IT; ATTR,,S-Inform,,IT; ATTR,,S-Inform,,IT; ATTR,
163,KERRY,We shut the loophole which has American workers actually subsidizing the loss of their own job.,S,,IT,,S,,IT,,S,,IT,
164,KERRY,"They just passed an expansion of that loophole in the last few days: $43 billion of giveaways, including favors to the oil and gas industry and the people importing ceiling fans from China.",S-Inform; CH,,ATTR; SE,,S-Inform; CH,,ATTR; SE,,S-Inform; CH,,ATTR; SE,
165,KERRY,I’m going to stand up and fight for the American worker.,S,,AP; IT,,S,,AP; IT,,S,,AP; IT,
166,KERRY,And I am going to do it in a way that’s fiscally sound.,S,,IT,,S,,IT,,S,,IT,
167,KERRY,"I show how I pay for the health care, how we pay for the education.",S,,IT,,S,,IT,,S,,IT,
168,KERRY,I have a manufacturing jobs credit.,S,,IT,,S,,IT,,S,,IT,
169,KERRY,We pay for it by shutting that loophole overseas.,S,,IT,,S,,IT,,S,,IT,
170,KERRY,We raise the student loans.,S,,IT,,S,,IT,,S,,IT,
171,KERRY,I pay for it by changing the relationship with the banks.,S,,IT,,S,,IT,,S,,IT,
172,KERRY,This president has never once vetoed one bill; the first president in a hundred years not to do that.,S-Inform; CH,,ATTR; REB; SE,,S-Inform; CH,,ATTR; REB; SE,,S-Inform; CH,,ATTR; REB; SE,
173,SCHIEFFER,Mr.,TG,,,,TG,,,,TG,,,
174,SCHIEFFER,President?,TG,,,,TG,,,,TG,,,
175,BUSH,"Well, his rhetoric doesn’t match his record.",S; CH,,PER; REB,,S; CH,,PER; REB,,S; CH,,PER; REB,
176,BUSH,He been a senator for 20 years.,S-Inform,,ATTR,,S-Inform,,ATTR,,S-Inform,,ATTR,
177,BUSH,He voted to increase taxes 98 times.,S-Inform; CH,,ATTR; REB; SE,,S-Inform; CH,,ATTR; REB; SE,,S-Inform; CH,,ATTR; REB; SE,
178,BUSH,"When they tried to reduce taxes, he voted against that 127 times.",S-Inform; CH,,ATTR; REB; SE,,S-Inform; CH,,ATTR; REB; SE,,S-Inform; CH,,ATTR; REB; SE,
179,BUSH,"He talks about being a fiscal conservative, or fiscally sound, but he voted over — he voted 277 times to waive the budget caps, which would have cost the taxpayers $4.",S-Inform; CH,,ATTR; REB; SE,,S-Inform; CH,,ATTR; REB; SE,,S-Inform; CH,,ATTR; REB; SE,
180,BUSH,2 trillion.,S-Inform,,SE,,S-Inform,,SE,,S-Inform,,SE,
181,BUSH,He talks about PAYGO.,S,,,,S,,,,S,,,
182,BUSH,"I’ll tell you what PAYGO means, when you’re a senator from Massachusetts, when you’re a colleague of Ted Kennedy, pay go means: You pay, and he goes ahead and spends.",S; CH,,PER; ATTR; REB,,S; CH,,PER; ATTR; REB,,S; CH,,PER; ATTR; REB,
183,BUSH,He’s proposed $2.,S-Inform; CH,,ATTR; REB,,S-Inform; CH,,ATTR; REB,,S-Inform; CH,,ATTR; REB,
184,BUSH,"2 trillion of new spending, and yet the so-called tax on the rich, which is also a tax on many small-business owners in America, raises $600 million by our account — billion, $800 billion by his account.",S-Inform; CH,,ATTR; REB; SE,,S-Inform; CH,,ATTR; REB; SE,,S-Inform; CH,,ATTR; REB; SE,
185,BUSH,There is a tax gap.,S,,,,S,,,,S,,,
186,BUSH,And guess who usually ends up filling the tax gap?,Q-RHET,,AE; CB,,Q-RHET,,AE; CB,,Q-RHET,,AE; CB,
187,BUSH,The middle class.,ANS,,AE,,ANS,,AE,,ANS,,AE,
188,BUSH,"I propose a detailed budget, Bob.",S,,IT,,S,,IT,,S,,IT,
189,BUSH,"I sent up my budget man to the Congress, and he says, here’s how we’re going to reduce the deficit in half by five years.",S-Inform,,IT,,S-Inform,,IT,,S-Inform,,IT,
190,BUSH,It requires pro-growth policies that grow our economy and fiscal sanity in the halls of Congress.,S,,IP,,S,,IP,,S,,IP,
191,SCHIEFFER,"Let’s go to a new question, Mr.",TT; MS,,,,TT; MS,,,,TT; MS,,,
192,SCHIEFFER,President.,S,,,,S,,,,S,,,
193,SCHIEFFER,Two minutes.,S,,,,S,,,,S,,,
194,SCHIEFFER,And let’s continue on jobs.,MS,,,,MS,,,,MS,,,
195,SCHIEFFER,"You know, there are all kind of statistics out there, but I want to bring it down to an individual.",S,,,,S,,,,S,,,
196,SCHIEFFER,Mr.,S,,,,S,,,,S,,,
197,SCHIEFFER,"President, what do you say to someone in this country who has lost his job to someone overseas who’s being paid a fraction of what that job paid here in the United States?",Q-W; OQ,,,,Q-W; OQ,,,,Q-W; OQ,,,
198,BUSH,"I’d say, Bob, I’ve got policies to continue to grow our economy and create the jobs of the 21st century.",S; ANS,,IT; IP,,S; ANS,,IT; IP,,S; ANS,,IT; IP,
199,BUSH,And here’s some help for you to go get an education.,S,,,,S,,,,S,,,
200,BUSH,Here’s some help for you to go to a community college.,S,,,,S,,,,S,,,
201,BUSH,We’ve expanded trade adjustment assistance.,S; INT,,IT,,S; INT,,IT,,S; INT,,IT,
202,BUSH,We want to help pay for you to gain the skills necessary to fill the jobs of the 21st century.,S,,IT,,S,,IT,,S,,IT,
203,BUSH,"You know, there’s a lot of talk about how to keep the economy growing.",S,,,,S,,,,S,,,
204,BUSH,We talk about fiscal matters.,S,,,,S,,,,S,,,
205,BUSH,But perhaps the best way to keep jobs here in America and to keep this economy growing is to make sure our education system works.,S,,IP,,S,,IP,,S,,IP,
206,BUSH,I went to Washington to solve problems.,S; HS,,IT,,S; HS,,IT,,S; HS,,IT,
207,BUSH,And I saw a problem in the public education system in America.,S,,IT,,S,,IT,,S,,IT,
208,BUSH,"They were just shuffling too many kids through the system, year after year, grade after grade, without learning the basics.",S; EXPL,,SE,,S; EXPL,,SE,,S; EXPL,,SE,
209,BUSH,And so we said: Let’s raise the standards.,S,,IT,,S,,IT,,S,,IT,
210,BUSH,"We’re spending more money, but let’s raise the standards and measure early and solve problems now, before it’s too late.",S,,IT,,S,,IT,,S,,IT,
211,BUSH,"No, education is how to help the person who’s lost a job.",S; ANS,,,,S; ANS,,,,S; ANS,,,
212,BUSH,Education is how to make sure we’ve got a workforce that’s productive and competitive.,S,,,,S,,,,S,,,
213,BUSH,"Got four more years, I’ve got more to do to continue to raise standards, to continue to reward teachers and school districts that are working, to emphasize math and science in the classrooms, to continue to expand Pell Grants to make sure that people have an opportunity to start their career with a college diploma.",S; INT,,,,S; INT,,,,S; INT,,,
214,BUSH,"And so the person you talked to, I say, here’s some help, here’s some trade adjustment assistance money for you to go a community college in your neighborhood, a community college which is providing the skills necessary to fill the jobs of the 21st century.",S,,IT,,S,,IT,,S,,IT,
215,BUSH,And that’s what I would say to that person.,S,,,,S,,,,S,,,
216,SCHIEFFER,Senator Kerry?,TG,,,,TG,,,,TG,,,
217,KERRY,I want you to notice how the president switched away from jobs and started talking about education principally.,S; CH,,ATTR; REB,,S; CH,,ATTR; REB,,S; CH,,ATTR; REB,
218,KERRY,"Let me come back in one moment to that, but I want to speak for a second, if I can, to what the president said about fiscal responsibility.",TT; MS,,,,TT; MS,,,,TT; MS,,,
219,KERRY,Being lectured by the president on fiscal responsibility is a little bit like Tony Soprano talking to me about law and order in this country.,S; CH,,PER; AEX; REB,,S; CH,,PER; AEX; REB,,S; CH,,PER; AEX; REB,
220,KERRY,This president has taken a $5.,S-Inform; CH,,ATTR; REB,,S-Inform; CH,,ATTR; REB,,S-Inform; CH,,ATTR; REB,
221,KERRY,6 trillion surplus and turned it into deficits as far as the eye can see.,S-Inform,,ATTR; SE,,S-Inform,,ATTR; SE,,S-Inform,,ATTR; SE,
222,KERRY,Health-care costs for the average American have gone up 64 percent; tuitions have gone up 35 percent; gasoline prices up 30 percent; Medicare premiums went up 17 percent a few days ago; prescription drugs are up 12 percent a year.,S-Inform,,SE,,S-Inform,,SE,,S-Inform,,SE,
223,KERRY,"But guess what, America?",Q-RHET,,AE,,Q-RHET,,AE,,Q-RHET,,AE,
224,KERRY,The wages of Americans have gone down.,S-Inform,,SE,,S-Inform,,SE,,S-Inform,,SE,
225,KERRY,"The jobs that are being created in Arizona right now are paying about $13,700 less than the jobs that we’re losing.",S-Inform,,SE,,S-Inform,,SE,,S-Inform,,SE,
226,KERRY,And the president just walks on by this problem.,S,,PER; ATTR,,S,,PER; ATTR,,S,,PER; ATTR,
227,KERRY,The fact is that he’s cut job-training money.,S-Inform; CH,,ATTR; REB,,S-Inform; CH,,ATTR; REB,,S-Inform; CH,,ATTR; REB,
228,KERRY,$1 billion was cut.,S-Inform,,ATTR,,S-Inform,,ATTR,,S-Inform,,ATTR,
229,KERRY,They only added a little bit back this year because it’s an election year.,S,,PB; ATTR,,S,,PB; ATTR,,S,,PB; ATTR,
230,KERRY,They’ve cut the Pell Grants and the Perkins loans to help kids be able to go to college.,S-Inform,,AE; ATTR,,S-Inform,,AE; ATTR,,S-Inform,,AE; ATTR,
231,KERRY,They’ve cut the training money.,S,,ATTR,,S,,ATTR,,S,,ATTR,
232,KERRY,They’ve wound up not even extending unemployment benefits and not even extending health care to those people who are unemployed.,S,,ATTR; REB,,S,,ATTR; REB,,S,,ATTR; REB,
233,KERRY,"I’m going to do those things, because that’s what’s right in America: Help workers to transition in every respect.",S,,AP; IT; IP,,S,,AP; IT; IP,,S,,AP; IT; IP,
234,SCHIEFFER,"New question to you, Senator Kerry, two minutes.",S,,,,S,,,,S,,,
235,SCHIEFFER,And it’s still on jobs.,S; MS,,,,S; MS,,,,S; MS,,,
236,SCHIEFFER,"You know, many experts say that a president really doesn’t have much control over jobs.",S,,,,S,,,,S,,,
237,SCHIEFFER,"For example, if someone invents a machine that does the work of five people, that’s progress.",S,,CB,,S,,CB,,S,,CB,
238,SCHIEFFER,That’s not the president’s fault.,S,,,,S,,,,S,,,
239,SCHIEFFER,"So I ask you, is it fair to blame the administration entirely for this loss of jobs?",YNQ; OQ,,CB,,YNQ; OQ,,CB,,YNQ; OQ,,CB,
240,KERRY,I don’t blame them entirely for it.,S; ANS,,,,S; ANS,,,,S; ANS,,,
241,KERRY,I blame the president for the things the president could do that has an impact on it.,S,,IP; ATTR,,S,,IP; ATTR,,S,,IP; ATTR,
242,KERRY,Outsourcing is going to happen.,S,,,,S,,,,S,,,
243,KERRY,I’ve acknowledged that in union halls across the country.,S,,IT,,S,,IT,,S,,IT,
244,KERRY,"I’ve had shop stewards stand up and say, “Will you promise me you’re going to stop all this outsourcing?",S; HS,,,,S; HS,,,,S; HS,,,
245,KERRY,"“And I’ve looked them in the eye and I’ve said, “No, I can’t do that.",S; REJ,,,,S; REJ,,,,S; REJ,,,
246,KERRY,"“ What I can promise you is that I will make the playing field as fair as possible, that I will, for instance, make certain that with respect to the tax system that you as a worker in America are not subsidizing the loss of your job.",S,,AE; IT,,S,,AE; IT,,S,,AE; IT,
247,KERRY,"Today, if you’re an American business, you actually get a benefit for going overseas.",S-Inform,,,,S-Inform,,,,S-Inform,,,
248,KERRY,You get to defer your taxes.,S-Inform,,,,S-Inform,,,,S-Inform,,,
249,KERRY,"So if you’re looking at a competitive world, you say to yourself, “Hey, I do better overseas than I do here in America.",S,,CB,,S,,CB,,S,,CB,
250,KERRY,“ That’s not smart.,S,,IP,,S,,IP,,S,,IP,
251,KERRY,I don’t want American workers subsidizing the loss of their own job.,S; IAFA,,IP,,S; IAFA,,IP,,S; IAFA,,IP,
252,KERRY,"And when I’m president, we’re going to shut that loophole in a nanosecond and we’re going to use that money to lower corporate tax rates in America for all corporations, 5 percent.",S-Inform,,IT,,S-Inform,,IT,,S-Inform,,IT,
253,KERRY,And we’re going to have a manufacturing jobs credit and a job hiring credit so we actually help people be able to hire here.,S,,IT,,S,,IT,,S,,IT,
254,KERRY,The second thing that we can do is provide a fair trade playing field.,S,,,,S,,,,S,,,
255,KERRY,This president didn’t stand up for Boeing when Airbus was violating international rules and subsidies.,S; CH,,ATTR; REB,,S; CH,,ATTR; REB,,S; CH,,ATTR; REB,
256,KERRY,He discovered Boeing during the course of this campaign after I’d been talking about it for months.,S; CH,,PER; ATTR; REB,,S; CH,,PER; ATTR; REB,,S; CH,,PER; ATTR; REB,
257,KERRY,The fact is that the president had an opportunity to stand up and take on China for currency manipulation.,S; CH,,ATTR; REB,,S; CH,,ATTR; REB,,S; CH,,ATTR; REB,
258,KERRY,There are companies that wanted to petition the administration.,S,,,,S,,,,S,,,
259,KERRY,They were told: Don’t even bother; we’re not going to listen to it.,S; CH,,ATTR; REB; SE,,S; CH,,ATTR; REB; SE,,S; CH,,ATTR; REB; SE,
260,KERRY,The fact is that there have been markets shut to us that we haven’t stood up and fought for.,S; CH,,ATTR; REB,,S; CH,,ATTR; REB,,S; CH,,ATTR; REB,
261,KERRY,I’m going to fight for a fair trade playing field for the American worker.,S,,IP,,S,,IP,,S,,IP,
262,KERRY,And I will fight for the American worker just as hard as I fight for my own job.,S,,AP; IP,,S,,AP; IP,,S,,AP; IP,
263,KERRY,That’s what the American worker wants.,S,,,,S,,,,S,,,
264,KERRY,"And if we do that, we can have an impact.",S,,UF,,S,,UF,,S,,UF,
265,KERRY,"Plus, we need fiscal discipline.",S,,UF,,S,,UF,,S,,UF,
266,KERRY,"Restore fiscal discipline, we’ll do a lot better.",S,,UF,,S,,UF,,S,,UF,
267,SCHIEFFER,Mr.,TG,,,,TG,,,,TG,,,
268,SCHIEFFER,President?,TG,,,,TG,,,,TG,,,
269,BUSH,Whew!,TT,,,,TT,,,,TT,,,
270,BUSH,Let me start with the Pell Grants.,TT; MS,,,,TT; MS,,,,TT; MS,,,
271,BUSH,In his last litany of misstatements.,S; CH,,PER; REB,,S; CH,,PER; REB,,S; CH,,PER; REB,
272,BUSH,He said we cut Pell Grants.,S; CH,,ATTR; REB,,S; CH,,ATTR; REB,,S; CH,,ATTR; REB,
273,BUSH,We’ve increased Pell Grants by a million students.,S-Inform,,IT; SE,,S-Inform,,IT; SE,,S-Inform,,IT; SE,
274,BUSH,That’s a fact.,S,,,,S,,,,S,,,
275,BUSH,"You know, he talks to the workers.",S,,REB,,S,,REB,,S,,REB,
276,BUSH,Let me talk to the workers.,IAFA; TT,,AE,,IAFA; TT,,AE,,IAFA; TT,,AE,
277,BUSH,You’ve got more money in your pocket as a result of the tax relief we passed and he opposed.,S-Inform,,IT; REB,,S-Inform,,IT; REB,,S-Inform,,IT; REB,
278,BUSH,"If you have a child, you got a $1,000 child credit.",S-Inform,,AE; IT,,S-Inform,,AE; IT,,S-Inform,,AE; IT,
279,BUSH,That’s money in your pocket.,S,,IT,,S,,IT,,S,,IT,
280,BUSH,"If you’re married, we reduced the marriage penalty.",S-Inform,,IT,,S-Inform,,IT,,S-Inform,,IT,
281,BUSH,"The code ought to encourage marriage, not discourage marriage.",S,,IP,,S,,IP,,S,,IP,
282,BUSH,We created a 10 percent bracket to help lower-income Americans.,S-Inform,,IT,,S-Inform,,IT,,S-Inform,,IT,
283,BUSH,"A family of four making $40,000 received about $1,700 in tax relief.",S-Inform,,IT; SE,,S-Inform,,IT; SE,,S-Inform,,IT; SE,
284,BUSH,It’s your money.,S,,,,S,,,,S,,,
285,BUSH,"The way my opponent talks, he said, “We’re going to spend the government’s money.",S; CH,,ATTR; REB,,S; CH,,ATTR; REB,,S; CH,,ATTR; REB,
286,BUSH,"“No, we’re spending your money.",S; CORR,,REB,,S; CORR,,REB,,S; CORR,,REB,
287,BUSH,"And when you have more money in your pocket, you’re able to better afford things you want.",S,,AE,,S,,AE,,S,,AE,
288,BUSH,"I believe the role of government is to stand side by side with our citizens to help them realize their dreams, not tell citizens how to live their lives.",S,,IP,,S,,IP,,S,,IP,
289,BUSH,My opponent talks about fiscal sanity.,S,,REB,,S,,REB,,S,,REB,
290,BUSH,His record in the United States Senate does not match his rhetoric.,S; CH,,PER; ATTR; REB,,S; CH,,PER; ATTR; REB,,S; CH,,PER; ATTR; REB,
291,BUSH,He voted to increase taxes 98 times and to bust the budget 277 times.,S-Inform; CH,,ATTR; SE,,S-Inform; CH,,ATTR; SE,,S-Inform; CH,,ATTR; SE,
292,SCHIEFFER,Senator Kerry?,TG,,,,TG,,,,TG,,,
293,KERRY,"Bob, anybody can play with these votes.",S; CH,,DF; REB,,S; CH,,DF; REB,,S; CH,,DF; REB,
294,KERRY,Everybody knows that.,S,,CB,,S,,CB,,S,,CB,
295,KERRY,I have supported or voted for tax cuts over 600 times.,S-Inform,,IT,,S-Inform,,IT,,S-Inform,,IT,
296,KERRY,"I broke with my party in order to balance the budget, and Ronald Reagan signed into law the tax cut that we voted for.",S-Inform; HS,,IT,,S-Inform; HS,,IT,,S-Inform; HS,,IT,
297,KERRY,I voted for IRA tax cuts.,S-Inform,,IT,,S-Inform,,IT,,S-Inform,,IT,
298,KERRY,I voted for small-business tax cuts.,S-Inform,,IT,,S-Inform,,IT,,S-Inform,,IT,
299,KERRY,But you know why the Pell Grants have gone up in their numbers?,Q-W; OQ,,DF,,Q-W; OQ,,DF,,Q-W; OQ,,DF,
300,KERRY,Because more people qualify for them because they don’t have money.,ANS; EXPL,,,,ANS; EXPL,,,,ANS; EXPL,,,
301,KERRY,"But they’re not getting the $5,100 the president promised them.",S-Inform; CH,,ATTR; REB,,S-Inform; CH,,ATTR; REB,,S-Inform; CH,,ATTR; REB,
302,KERRY,They’re getting less money.,S,,REB,,S,,REB,,S,,REB,
303,KERRY,We have more people who qualify.,S,,,,S,,,,S,,,
304,KERRY,That’s not what we want.,S,,IP,,S,,IP,,S,,IP,
305,BUSH,"Senator, no one’s playing with your votes.",S; REJ,,REB,,S; REJ,,REB,,S; REJ,,REB,
306,BUSH,You voted to increase taxes 98 times.,S-Inform; CH,,ATTR; REB; SE,,S-Inform; CH,,ATTR; REB; SE,,S-Inform; CH,,ATTR; REB; SE,
307,BUSH,"When they voted — when they proposed reducing taxes, you voted against it 126 times.",S-Inform; CH,,ATTR; REB; SE,,S-Inform; CH,,ATTR; REB; SE,,S-Inform; CH,,ATTR; REB; SE,
308,BUSH,He voted to violate the budget cap 277 times.,S-Inform; CH,,ATTR; REB; SE,,S-Inform; CH,,ATTR; REB; SE,,S-Inform; CH,,ATTR; REB; SE,
309,BUSH,"You know, there’s a main stream in American politics and you sit right on the far left bank.",S,,PB; PER,,S,,PB; PER,,S,,PB; PER,
310,BUSH,"As a matter of fact, your record is such that Ted Kennedy, your colleague, is the conservative senator from Massachusetts.",S; CH,,PB; PER; SE,,S; CH,,PB; PER; SE,,S; CH,,PB; PER; SE,
311,SCHIEFFER,Mr.,TT,,,,TT,,,,TT,,,
312,SCHIEFFER,"President, let’s get back to economic issues.",IAFA; MS,,,,IAFA; MS,,,,IAFA; MS,,,
313,SCHIEFFER,But let’s shift to some other questions here.,IAFA; MS,,,,IAFA; MS,,,,IAFA; MS,,,
314,SCHIEFFER,Both of you are opposed to gay marriage.,S,,,,S,,,,S,,,
315,SCHIEFFER,"But to understand how you have come to that conclusion, I want to ask you a more basic question.",S; TT,,,,S; TT,,,,S; TT,,,
316,SCHIEFFER,Do you believe homosexuality is a choice?,YNQ,,,,YNQ,,,,YNQ,,,
317,BUSH,"You know, Bob, I don’t know.",ANS,,,,ANS,,,,ANS,,,
318,BUSH,I just don’t know.,S,,,,S,,,,S,,,
319,BUSH,I do know that we have a choice to make in America and that is to treat people with tolerance and respect and dignity.,S,,AP; UF; IP,,S,,AP; UF; IP,,S,,AP; UF; IP,
320,BUSH,It’s important that we do that.,S,,IP,,S,,IP,,S,,IP,
321,BUSH,"And I also know in a free society people, consenting adults can live the way they want to live.",S,,APAT,,S,,APAT,,S,,APAT,
322,BUSH,And that’s to be honored.,S,,,,S,,,,S,,,
323,BUSH,"But as we respect someone’s rights, and as we profess tolerance, we shouldn’t change — or have to change — our basic views on the sanctity of marriage.",S,,IP; CBias,,S,,IP; CBias,,S,,IP; CBias,
324,BUSH,I believe in the sanctity of marriage.,S,,IP; CBias,,S,,IP; CBias,,S,,IP; CBias,
325,BUSH,"I think it’s very important that we protect marriage as an institution, between a man and a woman.",S,,IP; CBias,,S,,IP; CBias,,S,,IP; CBias,
326,BUSH,I proposed a constitutional amendment.,S; IAFA,,IT,,S; IAFA,,IT,,S; IAFA,,IT,
327,BUSH,"The reason I did so was because I was worried that activist judges are actually defining the definition of marriage, and the surest way to protect marriage between a man and woman is to amend the Constitution.",S; EXPL,,AF; IP; CB,,S; EXPL,,AF; IP; CB,,S; EXPL,,AF; IP; CB,
328,BUSH,It has also the benefit of allowing citizens to participate in the process.,S,,,,S,,,,S,,,
329,BUSH,"After all, when you amend the Constitution, state legislatures must participate in the ratification of the Constitution.",S-Inform; EXPL,,,,S-Inform; EXPL,,,,S-Inform; EXPL,,,
330,BUSH,I’m deeply concerned that judges are making those decisions and not the citizenry of the United States.,S,,AF; IP,,S,,AF; IP,,S,,AF; IP,
331,BUSH,"You know, Congress passed a law called DOMA, the Defense of Marriage Act.",S-Inform; HS,,,,S-Inform; HS,,,,S-Inform; HS,,,
332,BUSH,My opponent was against it.,S,,ATTR; REB,,S,,ATTR; REB,,S,,ATTR; REB,
333,BUSH,It basically protected states from the action of one state to another.,S,,,,S,,,,S,,,
334,BUSH,It also defined marriage as between a man and woman.,S,,,,S,,,,S,,,
335,BUSH,But I’m concerned that that will get overturned.,S,,AF; IP,,S,,AF; IP,,S,,AF; IP,
336,BUSH,"And if it gets overturned, then we’ll end up with marriage being defined by courts, and I don’t think that’s in our nation’s interests.",S; EXPL,,AF; IP,,S; EXPL,,AF; IP,,S; EXPL,,AF; IP,
337,SCHIEFFER,Senator Kerry?,TG,,,,TG,,,,TG,,,
338,KERRY,"We’re all God’s children, Bob.",S,,AE; UF,,S,,AE; UF,,S,,AE; UF,
339,KERRY,"And I think if you were to talk to Dick Cheney’s daughter, who is a lesbian, she would tell you that she’s being who she was, she’s being who she was born as.",S,,AE; IP,,S,,AE; IP,,S,,AE; IP,
340,KERRY,"I think if you talk to anybody, it’s not choice.",S,,IP,,S,,IP,,S,,IP,
341,KERRY,"I’ve met people who struggled with this for years, people who were in a marriage because they were living a sort of convention, and they struggled with it.",S,,AE,,S,,AE,,S,,AE,
342,KERRY,"And I’ve met wives who are supportive of their husbands or vice versa when they finally sort of broke out and allowed themselves to live who they were, who they felt God had made them.",S,,AE,,S,,AE,,S,,AE,
343,KERRY,I think we have to respect that.,S,,IP,,S,,IP,,S,,IP,
344,KERRY,The president and I share the belief that marriage is between a man and a woman.,S,,IP,,S,,IP,,S,,IP,
345,KERRY,I believe that.,S,,IP,,S,,IP,,S,,IP,
346,KERRY,I believe marriage is between a man and a woman.,S,,IP,,S,,IP,,S,,IP,
347,KERRY,"But I also believe that because we are the United States of America, we’re a country with a great, unbelievable Constitution, with rights that we afford people, that you can’t discriminate in the workplace.",S,,AP; APAT; IP,,S,,AP; APAT; IP,,S,,AP; APAT; IP,
348,KERRY,You can’t discriminate in the rights that you afford people.,S,,,,S,,,,S,,,
349,KERRY,You can’t disallow someone the right to visit their partner in a hospital.,S,,,,S,,,,S,,,
350,KERRY,"You have to allow people to transfer property, which is why I’m for partnership rights and so forth.",S,,IP,,S,,IP,,S,,IP,
351,KERRY,"Now, with respect to DOMA and the marriage laws, the states have always been able to manage those laws.",S,,,,S,,,,S,,,
352,KERRY,"And they’re proving today, every state, that they can manage them adequately.",S-Inform,,SE,,S-Inform,,SE,,S-Inform,,SE,
353,SCHIEFFER,"Senator Kerry, a new question for you.",MS,,,,MS,,,,MS,,,
354,SCHIEFFER,The New York Times reports that some Catholic archbishops are telling their church members that it would be a sin to vote for a candidate like you because you support a woman’s right to choose an abortion and unlimited stem-cell research.,S-Inform; HS,,CBias,,S-Inform; HS,,CBias,,S-Inform; HS,,CBias,
355,SCHIEFFER,What is your reaction to that?,Q-W; OQ; TG,,,,Q-W; OQ; TG,,,,Q-W; OQ; TG,,,
356,KERRY,I respect their views.,S,,IP,,S,,IP,,S,,IP,
357,KERRY,I completely respect their views.,S,,IP,,S,,IP,,S,,IP,
358,KERRY,I am a Catholic.,S,,IP,,S,,IP,,S,,IP,
359,KERRY,And I grew up learning how to respect those views.,S,,,,S,,,,S,,,
360,KERRY,"But I disagree with them, as do many.",S; DIS,,IP,,S; DIS,,IP,,S; DIS,,IP,
361,KERRY,I believe that I can’t legislate or transfer to another American citizen my article of faith.,S,,IP,,S,,IP,,S,,IP,
362,KERRY,What is an article of faith for me is not something that I can legislate on somebody who doesn’t share that article of faith.,S; EXPL,,IP,,S; EXPL,,IP,,S; EXPL,,IP,
363,KERRY,I believe that choice is a woman’s choice.,S,,IP,,S,,IP,,S,,IP,
364,KERRY,"It’s between a woman, God and her doctor.",S,,IP,,S,,IP,,S,,IP,
365,KERRY,And that’s why I support that.,S; EXPL,,IP,,S; EXPL,,IP,,S; EXPL,,IP,
366,KERRY,"Now, I will not allow somebody to come in and change Roe v.",S,,IP,,S,,IP,,S,,IP,
367,KERRY,Wade.,S,,,,S,,,,S,,,
368,KERRY,The president has never said whether or not he would do that.,S; CH,,ATTR; REB,,S; CH,,ATTR; REB,,S; CH,,ATTR; REB,
369,KERRY,But we know from the people he’s tried to appoint to the court he wants to.,S,,ATTR; REB; SE,,S,,ATTR; REB; SE,,S,,ATTR; REB; SE,
370,KERRY,I will not.,S,,IP,,S,,IP,,S,,IP,
371,KERRY,I will defend the right of Roe v.,S; IAFA,,IP,,S; IAFA,,IP,,S; IAFA,,IP,
372,KERRY,Wade.,S,,,,S,,,,S,,,
373,KERRY,"Now, with respect to religion, you know, as I said, I grew up a Catholic.",S; HS,,IP,,S; HS,,IP,,S; HS,,IP,
374,KERRY,I was an altar boy.,S; HS,,,,S; HS,,,,S; HS,,,
375,KERRY,I know that throughout my life this has made a difference to me.,S,,IP,,S,,IP,,S,,IP,
376,KERRY,"And as President Kennedy said when he ran for president, he said, “I’m not running to be a Catholic president.",S; HS,,APAT,,S; HS,,APAT,,S; HS,,APAT,
377,KERRY,I’m running to be a president who happens to be Catholic.,S; HS,,,,S; HS,,,,S; HS,,,
378,KERRY,"“ My faith affects everything that I do, in truth.",S,,IP,,S,,IP,,S,,IP,
379,KERRY,"There’s a great passage of the Bible that says, “What does it mean, my brother, to say you have faith if there are no deeds?",S; HS,,AE,,S; HS,,AE,,S; HS,,AE,
380,KERRY,Faith without works is dead.,S,,AE,,S,,AE,,S,,AE,
381,KERRY,"“ And I think that everything you do in public life has to be guided by your faith, affected by your faith, but without transferring it in any official way to other people.",S; IAFA,,IP,,S; IAFA,,IP,,S; IAFA,,IP,
382,KERRY,That’s why I fight against poverty.,S; EXPL,,IT; IP,,S; EXPL,,IT; IP,,S; EXPL,,IT; IP,
383,KERRY,That’s why I fight to clean up the environment and protect this earth.,S; EXPL,,IT; IP,,S; EXPL,,IT; IP,,S; EXPL,,IT; IP,
384,KERRY,That’s why I fight for equality and justice.,S; EXPL,,IT; IP,,S; EXPL,,IT; IP,,S; EXPL,,IT; IP,
385,KERRY,All of those things come out of that fundamental teaching and belief of faith.,S,,IP,,S,,IP,,S,,IP,
386,KERRY,"But I know this, that President Kennedy in his inaugural address told all of us that here on Earth, God’s work must truly be our own.",S; HS,,APAT,,S; HS,,APAT,,S; HS,,APAT,
387,KERRY,And that’s what we have to — I think that’s the test of public service.,S,,IP,,S,,IP,,S,,IP,
388,SCHIEFFER,Mr.,TG,,,,TG,,,,TG,,,
389,SCHIEFFER,President?,TG,,,,TG,,,,TG,,,
390,BUSH,I think it’s important to promote a culture of life.,S,,IP,,S,,IP,,S,,IP,
391,BUSH,I think a hospitable society is a society where every being counts and every person matters.,S; IAFA,,UF; IP,,S; IAFA,,UF; IP,,S; IAFA,,UF; IP,
392,BUSH,I believe the ideal world is one in which every child is protected in law and welcomed to life.,S,,AE; IP,,S,,AE; IP,,S,,AE; IP,
393,BUSH,"I understand there’s great differences on this issue of abortion, but I believe reasonable people can come together and put good law in place that will help reduce the number of abortions.",S,,UF; IP,,S,,UF; IP,,S,,UF; IP,
394,BUSH,"Take, for example, the ban on partial birth abortion.",S,,SE,,S,,SE,,S,,SE,
395,BUSH,It’s a brutal practice.,S,,,,S,,,,S,,,
396,BUSH,People from both political parties came together in the halls of Congress and voted overwhelmingly to ban that practice.,S-Inform,,UF,,S-Inform,,UF,,S-Inform,,UF,
397,BUSH,It made a lot of sense.,S,,IP,,S,,IP,,S,,IP,
398,BUSH,"My opponent, in that he’s out of the mainstream, voted against that law.",S; CH,,PER; ATTR; REB,,S; CH,,PER; ATTR; REB,,S; CH,,PER; ATTR; REB,
399,BUSH,"What I’m saying is, is that as we promote life and promote a culture of life, surely there are ways we can work together to reduce the number of abortions: continue to promote adoption laws — it’s a great alternative to abortion — continue to fund and promote maternity group homes; I will continue to promote abstinence programs.",S; EXPL,,IT; IP,,S; EXPL,,IT; IP,,S; EXPL,,IT; IP,
400,BUSH,"The last debate, my opponent said his wife was involved with those programs.",S; HS,,REB,,S; HS,,REB,,S; HS,,REB,
401,BUSH,That’s great.,ACK,,,,ACK,,,,ACK,,,
402,BUSH,I appreciate that very much.,THK,,,,THK,,,,THK,,,
403,BUSH,All of us ought to be involved with programs that provide a viable alternative to abortion.,S,,UF; IP,,S,,UF; IP,,S,,UF; IP,
404,SCHIEFFER,Mr.,GR,,,,GR,,,,GR,,,
405,SCHIEFFER,"President, let’s have a new question.",TG; MS,,,,TG; MS,,,,TG; MS,,,
406,SCHIEFFER,It goes to you.,TG,,,,TG,,,,TG,,,
407,SCHIEFFER,And let’s get back to economic issues.,MS,,,,MS,,,,MS,,,
408,SCHIEFFER,Health insurance costs have risen over 36 percent over the last four years according to The Washington Post.,S-Inform,,,,S-Inform,,,,S-Inform,,,
409,SCHIEFFER,We’re paying more.,S,,,,S,,,,S,,,
410,SCHIEFFER,We’re getting less.,S,,,,S,,,,S,,,
411,SCHIEFFER,I would like to ask you: Who bears responsibility for this?,Q-W; TT,,,,Q-W; TT,,,,Q-W; TT,,,
412,SCHIEFFER,Is it the government?,YNQ,,,,YNQ,,,,YNQ,,,
413,SCHIEFFER,Is it the insurance companies?,YNQ,,,,YNQ,,,,YNQ,,,
414,SCHIEFFER,Is it the lawyers?,YNQ,,,,YNQ,,,,YNQ,,,
415,SCHIEFFER,Is it the doctors?,YNQ,,,,YNQ,,,,YNQ,,,
416,SCHIEFFER,Is it the administration?,YNQ,,,,YNQ,,,,YNQ,,,
417,BUSH,"Gosh, I sure hope it’s not the administration.",S,,DF; IP,,S,,DF; IP,,S,,DF; IP,
418,BUSH,"There’s a — no, look, there’s a systemic problem.",S,,,,S,,,,S,,,
419,BUSH,Health-care costs are on the rise because the consumers are not involved in the decision-making process.,S-Inform; EXPL,,,,S-Inform; EXPL,,,,S-Inform; EXPL,,,
420,BUSH,Most health-care costs are covered by third parties.,S-Inform,,,,S-Inform,,,,S-Inform,,,
421,BUSH,"And therefore, the actual user of health care is not the purchaser of health care.",S,,,,S,,,,S,,,
422,BUSH,And there’s no market forces involved with health care.,S,,CB,,S,,CB,,S,,CB,
423,BUSH,It’s one of the reasons I’m a strong believer in what they call health savings accounts.,S,,IP,,S,,IP,,S,,IP,
424,BUSH,"These are accounts that allow somebody to buy a low-premium, high-deductible catastrophic plan and couple it with tax-free savings.",S; S-Inform,,,,S; S-Inform,,,,S; S-Inform,,,
425,BUSH,"Businesses can contribute, employees can contribute on a contractual basis.",S,,,,S,,,,S,,,
426,BUSH,But this is a way to make sure people are actually involved with the decision-making process on health care.,S,,IP,,S,,IP,,S,,IP,
427,BUSH,"Secondly, I do believe the lawsuits — I don’t believe, I know — that the lawsuits are causing health-care costs to rise in America.",S; CORR,,IP,,S; CORR,,IP,,S; CORR,,IP,
428,BUSH,That’s why I’m such a strong believer in medical liability reform.,S; EXPL,,IT; IP,,S; EXPL,,IT; IP,,S; EXPL,,IT; IP,
429,BUSH,"In the last debate, my opponent said those lawsuits only caused the cost to go up by 1 percent.",S; HS,,REB,,S; HS,,REB,,S; HS,,REB,
430,BUSH,"Well, he didn’t include the defensive practice of medicine that costs the federal government some $28 billion a year and costs our society between $60 billion and $100 billion a year.",S; S-Inform; CH,,REB; SE,,S; S-Inform; CH,,REB; SE,,S; S-Inform; CH,,REB; SE,
431,BUSH,"Thirdly, one of the reasons why there’s still high cost in medicine is because this is — they don’t use any information technology.",S; EXPL,,,,S; EXPL,,,,S; EXPL,,,
432,BUSH,"It’s like if you looked at the — it’s the equivalent of the buggy and horse days, compared to other industries here in America.",S,,CB,,S,,CB,,S,,CB,
433,BUSH,"And so, we’ve got to introduce high technology into health care.",S,,UF,,S,,UF,,S,,UF,
434,BUSH,We’re beginning to do it.,S,,IT,,S,,IT,,S,,IT,
435,BUSH,We’re changing the language.,S,,,,S,,,,S,,,
436,BUSH,"We want there to be electronic medical records to cut down on error, as well as reduce cost.",S,,IP,,S,,IP,,S,,IP,
437,BUSH,"People tell me that when the health-care field is fully integrated with information technology, it’ll wring some 20 percent of the cost out of the system.",S-Inform,,SE,,S-Inform,,SE,,S-Inform,,SE,
438,BUSH,"And finally, moving generic drugs to the market quicker.",S,,,,S,,,,S,,,
439,BUSH,"And so, those are four ways to help control the costs in health care.",S,,,,S,,,,S,,,
440,SCHIEFFER,Senator Kerry?,TG,,,,TG,,,,TG,,,
441,KERRY,"The reason health-care costs are getting higher, one of the principal reasons is that this administration has stood in the way of common-sense efforts that would have reduced the costs.",S; EXPL; CH,,ATTR; REB,,S; EXPL; CH,,ATTR; REB,,S; EXPL; CH,,ATTR; REB,
442,KERRY,Let me give you a prime example.,IAFA-OF; TT,,,,IAFA-OF; TT,,,,IAFA-OF; TT,,,
443,KERRY,In the Senate we passed the right of Americans to import drugs from Canada.,S-Inform; HS,,IT,,S-Inform; HS,,IT,,S-Inform; HS,,IT,
444,KERRY,"But the president and his friends took it out in the House, and now you don’t have that right.",S; CH,,ATTR; REB,,S; CH,,ATTR; REB,,S; CH,,ATTR; REB,
445,KERRY,The president blocked you from the right to have less expensive drugs from Canada.,S; CH,,ATTR; REB,,S; CH,,ATTR; REB,,S; CH,,ATTR; REB,
446,KERRY,We also wanted Medicare to be able to negotiate bulk purchasing.,S,,,,S,,,,S,,,
447,KERRY,The VA does that.,S,,,,S,,,,S,,,
448,KERRY,The VA provides lower-cost drugs to our veterans.,S-Inform,,,,S-Inform,,,,S-Inform,,,
449,KERRY,We could have done that in Medicare.,S,,,,S,,,,S,,,
450,KERRY,Medicare is paid for by the American taxpayer.,S,,,,S,,,,S,,,
451,KERRY,Medicare belongs to you.,S,,,,S,,,,S,,,
452,KERRY,"Medicare is for seniors, who many of them are on fixed income, to lift them out of poverty.",S,,AE,,S,,AE,,S,,AE,
453,KERRY,"But rather than help you, the taxpayer, have lower cost, rather than help seniors have less expensive drugs, the president made it illegal — illegal — for Medicare to actually go out and bargain for lower prices.",S; CH,,ATTR; REB,,S; CH,,ATTR; REB,,S; CH,,ATTR; REB,
454,KERRY,Result: $139 billion windfall profit to the drug companies coming out of your pockets.,S-Inform,,ATTR; SE,,S-Inform,,ATTR; SE,,S-Inform,,ATTR; SE,
455,KERRY,That’s a large part of your 17 percent increase in Medicare premiums.,S-Inform,,ATTR; SE,,S-Inform,,ATTR; SE,,S-Inform,,ATTR; SE,
456,KERRY,"When I’m president, I’m sending that back to Congress and we’re going to get a real prescription drug benefit.",S,,IP,,S,,IP,,S,,IP,
457,KERRY,"Now, we also have people sicker because they don’t have health insurance.",S,,,,S,,,,S,,,
458,KERRY,"So whether it’s diabetes or cancer, they come to hospitals later and it costs America more.",S; EXPL,,,,S; EXPL,,,,S; EXPL,,,
459,KERRY,We got to have health care for all Americans.,S,,UF,,S,,UF,,S,,UF,
460,SCHIEFFER,"Go ahead, Mr.",TG,,,,TG,,,,TG,,,
461,SCHIEFFER,President.,S,,,,S,,,,S,,,
462,BUSH,"I think it’s important, since he talked about the Medicare plan, has he been in the United States Senate for 20 years?",YNQ; MS,,REB; CB,,YNQ; MS,,REB; CB,,YNQ; MS,,REB; CB,
463,BUSH,He has no record on reforming of health care.,S; CH,,ATTR; REB,,S; CH,,ATTR; REB,,S; CH,,ATTR; REB,
464,BUSH,No record at all.,S; CH,,ATTR; REB,,S; CH,,ATTR; REB,,S; CH,,ATTR; REB,
465,BUSH,He introduced some 300 bills and he’s passed five.,S-Inform; CH,,ATTR; REB; SE,,S-Inform; CH,,ATTR; REB; SE,,S-Inform; CH,,ATTR; REB; SE,
466,BUSH,No record of leadership.,S; CH,,ATTR; REB,,S; CH,,ATTR; REB,,S; CH,,ATTR; REB,
467,BUSH,I came to Washington to solve problems.,S,,IT,,S,,IT,,S,,IT,
468,BUSH,I was deeply concerned about seniors having to choose between prescription drugs and food.,S,,AE; IT,,S,,AE; IT,,S,,AE; IT,
469,BUSH,And so I led.,S,,IT,,S,,IT,,S,,IT,
470,BUSH,"And in 2006, our seniors will get a prescription drug coverage in Medicare.",S-Inform,,IT,,S-Inform,,IT,,S-Inform,,IT,
471,SCHIEFFER,Senator Kerry?,TG,,,,TG,,,,TG,,,
472,SCHIEFFER,Thirty seconds.,S,,,,S,,,,S,,,
473,KERRY,"Once again, the president is misleading America.",S; CH,,PER; ATTR; REB,,S; CH,,PER; ATTR; REB,,S; CH,,PER; ATTR; REB,
474,KERRY,"I’ve actually passed 56 individual bills that I’ve personally written and, in addition to that, and not always under my name, there is amendments on certain bills.",S-Inform,,IT,,S-Inform,,IT,,S-Inform,,IT,
475,KERRY,"But more importantly, with respect to the question of no record, I helped write — I did write, I was one of the original authors of the early childhood health care and the expansion of health care that we did in the middle of the 1990s.",S-Inform; HS,,IT,,S-Inform; HS,,IT,,S-Inform; HS,,IT,
476,KERRY,And I’m very proud of that.,S,,IT; IP,,S,,IT; IP,,S,,IT; IP,
477,KERRY,So the president’s wrong.,REJ; CH,,ATTR; REB,,REJ; CH,,ATTR; REB,,REJ; CH,,ATTR; REB,
478,SCHIEFFER,"Let me direct the next question to you, Senator Kerry, and again, let’s stay on health care.",TG; MS,,,,TG; MS,,,,TG; MS,,,
479,SCHIEFFER,"You have, as you have proposed and as the president has commented on tonight, proposed a massive plan to extend health-care coverage to children.",S,,,,S,,,,S,,,
480,SCHIEFFER,You’re also talking about the government picking up a big part of the catastrophic bills that people get at the hospital.,S,,,,S,,,,S,,,
481,SCHIEFFER,And you have said that you can pay for this by rolling back the president’s tax cut on the upper 2 percent.,S,,,,S,,,,S,,,
482,SCHIEFFER,You heard the president say earlier tonight that it’s going to cost a whole lot more money than that.,S; HS,,,,S; HS,,,,S; HS,,,
483,SCHIEFFER,"I’d just ask you, where are you going to get the money?",Q-W; OQ; TG,,,,Q-W; OQ; TG,,,,Q-W; OQ; TG,,,
484,KERRY,"Well, two leading national news networks have both said the president’s characterization of my health-care plan is incorrect.",S-Inform; CH,,REB; SE,,S-Inform; CH,,REB; SE,,S-Inform; CH,,REB; SE,
485,KERRY,One called it fiction.,S; CH,,REB,,S; CH,,REB,,S; CH,,REB,
486,KERRY,The other called it untrue.,S; CH,,REB,,S; CH,,REB,,S; CH,,REB,
487,KERRY,"The fact is that my health-care plan, America, is very simple.",S,,IP,,S,,IP,,S,,IP,
488,KERRY,It gives you the choice.,S,,,,S,,,,S,,,
489,KERRY,I don’t force you to do anything.,S,,,,S,,,,S,,,
490,KERRY,It’s not a government plan.,S,,REB,,S,,REB,,S,,REB,
491,KERRY,The government doesn’t require you to do anything.,S,,,,S,,,,S,,,
492,KERRY,You choose your doctor.,S,,,,S,,,,S,,,
493,KERRY,You choose your plan.,S,,,,S,,,,S,,,
494,KERRY,"If you don’t want to take the offer of the plan that I want to put forward, you don’t have do.",S,,IP,,S,,IP,,S,,IP,
495,KERRY,"You can keep what you have today, keep a high deductible, keep high premiums, keep a high co-pay, keep low benefits.",S,,CB,,S,,CB,,S,,CB,
496,KERRY,But I got a better plan.,S,,IT; IP,,S,,IT; IP,,S,,IT; IP,
497,KERRY,And I don’t think a lot of people are going to want to keep what they have today.,S,,IP,,S,,IP,,S,,IP,
498,KERRY,Here’s what I do: We take over Medicaid children from the states so that every child in America is covered.,S; S-Inform,,IT,,S; S-Inform,,IT,,S; S-Inform,,IT,
499,KERRY,"And in exchange, if the states want to — they’re not forced to, they can choose to — they cover individuals up to 300 percent of poverty.",S; S-Inform,,,,S; S-Inform,,,,S; S-Inform,,,
500,KERRY,It’s their choice.,S,,,,S,,,,S,,,
501,KERRY,"I think they’ll choose it, because it’s a net plus of $5 billion to them.",Q-W; YNQ; S; S-Inform; IAFA; REJ; EXPL,,IT,,Q-W; YNQ; S; S-Inform; IAFA; REJ; EXPL,,IT,,Q-W; YNQ; S; S-Inform; IAFA; REJ; EXPL,,IT,
502,KERRY,"We allow you — if you choose to, you don’t have to — but we give you broader competition to allow you to buy into the same health care plan that senators and congressmen give themselves.",S; IAFA-OF,,IT,,S; IAFA-OF,,IT,,S; IAFA-OF,,IT,
503,KERRY,"If it’s good enough for us, it’s good enough for every American.",S,,AP; CB,,S,,AP; CB,,S,,AP; CB,
504,KERRY,"I believe that your health care is just as important as any politician in Washington, D.",S; IAFA,,IP,,S; IAFA,,IP,,S; IAFA,,IP,
505,KERRY,C.,S,,,,S,,,,S,,,
506,KERRY,"You want to buy into it, you can.",S,,,,S,,,,S,,,
507,KERRY,We give you broader competition.,S,,IT,,S,,IT,,S,,IT,
508,KERRY,That helps lower prices.,S,,,,S,,,,S,,,
509,KERRY,"In addition to that, we’re going to allow people 55 to 64 to buy into Medicare early.",S-Inform,,IT,,S-Inform,,IT,,S-Inform,,IT,
510,KERRY,"And most importantly, we give small business a 50 percent tax credit so that after we lower the costs of health care, they also get, whether they’re self-employed or a small business, a lower cost to be able to cover their employees.",S-Inform,,IT,,S-Inform,,IT,,S-Inform,,IT,
511,KERRY,"Now, what happens is when you begin to get people covered like that — for instance in diabetes, if you diagnose diabetes early, you could save $50 billion in the health care system of America by avoiding surgery and dialysis.",S-Inform,,SE,,S-Inform,,SE,,S-Inform,,SE,
512,KERRY,It works.,S,,,,S,,,,S,,,
513,KERRY,And I’m going to offer it to America.,S; IAFA-OF,,IT,,S; IAFA-OF,,IT,,S; IAFA-OF,,IT,
514,SCHIEFFER,Mr.,TG,,,,TG,,,,TG,,,
515,SCHIEFFER,President?,TG,,,,TG,,,,TG,,,
516,BUSH,"In all due respect, I’m not so sure it’s credible to quote leading news organizations about — oh, never mind.",S; CH,,REB; CB,,S; CH,,REB; CB,,S; CH,,REB; CB,
517,BUSH,"Anyway, let me quote the Lewin report.",S; TT,,,,S; TT,,,,S; TT,,,
518,BUSH,The Lewin report is a group of folks who are not politically affiliated.,S,,,,S,,,,S,,,
519,BUSH,They analyzed the senator’s plan.,S,,,,S,,,,S,,,
520,BUSH,It cost $1.,S-Inform,,REB; SE,,S-Inform,,REB; SE,,S-Inform,,REB; SE,
521,BUSH,2 trillion.,S-Inform,,,,S-Inform,,,,S-Inform,,,
522,BUSH,"The Lewin report accurately noted that there are going to be 20 million people, over 20 million people added to government-controlled health care.",S-Inform; HS,,SE; CBias,,S-Inform; HS,,SE; CBias,,S-Inform; HS,,SE; CBias,
523,BUSH,It would be the largest increase in government health care ever.,S,,AF; CB,,S,,AF; CB,,S,,AF; CB,
524,BUSH,"If you raise the Medicaid to 300 percent, it provides an incentive for small businesses not to provide private insurance to their employees.",S-Inform,,AF; CB,,S-Inform,,AF; CB,,S-Inform,,AF; CB,
525,BUSH,Why should they insure somebody when the government’s going to insure it for them?,Q-RHET,,REB; CB,,Q-RHET,,REB; CB,,Q-RHET,,REB; CB,
526,BUSH,It’s estimated that 8 million people will go from private insurance to government insurance.,S-Inform,,SE,,S-Inform,,SE,,S-Inform,,SE,
527,BUSH,We have a fundamental difference of opinion.,S,,IP; REB,,S,,IP; REB,,S,,IP; REB,
528,BUSH,"I think government- run health will lead to poor-quality health, will lead to rationing, will lead to less choice.",S,,AF; IP; CB,,S,,AF; IP; CB,,S,,AF; IP; CB,
529,BUSH,"Once a health-care program ends up in a line item in the federal government budget, it leads to more controls.",S,,AF; CB,,S,,AF; CB,,S,,AF; CB,
530,BUSH,And just look at other countries that have tried to have federally controlled health care.,IAFA,,CB; SE,,IAFA,,CB; SE,,IAFA,,CB; SE,
531,BUSH,They have poor-quality health care.,S,,,,S,,,,S,,,
532,BUSH,"Our health-care system is the envy of the world because we believe in making sure that the decisions are made by doctors and patients, not by officials in the nation’s capital.",S,,AP; CB,,S,,AP; CB,,S,,AP; CB,
533,SCHIEFFER,Senator?,TG,,,,TG,,,,TG,,,
534,KERRY,The president just said that government-run health care results in poor quality.,S; REJ,,REB,,S; REJ,,REB,,S; REJ,,REB,
535,KERRY,"Now, maybe that explains why he hasn’t fully funded the VA and the VA hospital is having trouble and veterans are complaining.",S; CH,,ATTR; REB; SE,,S; CH,,ATTR; REB; SE,,S; CH,,ATTR; REB; SE,
536,KERRY,Maybe that explains why Medicare patients are complaining about being pushed off of Medicare.,S; CH,,ATTR; REB; SE,,S; CH,,ATTR; REB; SE,,S; CH,,ATTR; REB; SE,
537,KERRY,He doesn’t adequately fund it.,S; CH,,ATTR; REB,,S; CH,,ATTR; REB,,S; CH,,ATTR; REB,
538,KERRY,But let me just say to America: I am not proposing a government-run program.,S; CORR; TT,,IP,,S; CORR; TT,,IP,,S; CORR; TT,,IP,
539,KERRY,That’s not what I have.,S; CORR,,,,S; CORR,,,,S; CORR,,,
540,KERRY,I have Blue Cross/Blue Shield.,S,,,,S,,,,S,,,
541,KERRY,Senators and congressmen have a wide choice.,S,,,,S,,,,S,,,
542,KERRY,Americans ought to have it too.,S,,,,S,,,,S,,,
543,SCHIEFFER,Mr.,TG,,,,TG,,,,TG,,,
544,SCHIEFFER,President?,TG,,,,TG,,,,TG,,,
545,BUSH,Talk about the VA: We’ve increased VA funding by $22 billion in the four years since I’ve been president.,S-Inform,,IT,,S-Inform,,IT,,S-Inform,,IT,
546,BUSH,That’s twice the amount that my predecessor increased VA funding.,S-Inform,,IT; SE,,S-Inform,,IT; SE,,S-Inform,,IT; SE,
547,BUSH,"Of course we’re meeting our obligation to our veterans, and the veterans know that.",S,,IT,,S,,IT,,S,,IT,
548,BUSH,We’re expanding veterans’ health care throughout the country.,S,,IT,,S,,IT,,S,,IT,
549,BUSH,We’re aligning facilities where the veterans live now.,S,,IT,,S,,IT,,S,,IT,
550,BUSH,"Veterans are getting very good health care under my administration, and they will continue to do so during the next four years.",S,,IT,,S,,IT,,S,,IT,
551,SCHIEFFER,Mr.,TT,,,,TT,,,,TT,,,
552,SCHIEFFER,"President, the next question is to you.",S,,,,S,,,,S,,,
553,SCHIEFFER,"We all know that Social Security is running out of money, and it has to be fixed.",S,,AF; CB,,S,,AF; CB,,S,,AF; CB,
554,SCHIEFFER,You have proposed to fix it by letting people put some of the money collected to pay benefits into private savings accounts.,S-Inform,,,,S-Inform,,,,S-Inform,,,
555,SCHIEFFER,But the critics are saying that’s going to mean finding $1 trillion over the next 10 years to continue paying benefits as those accounts are being set up.,S-Inform,,REB,,S-Inform,,REB,,S-Inform,,REB,
556,SCHIEFFER,So where do you get the money?,Q-W; TG,,,,Q-W; TG,,,,Q-W; TG,,,
557,SCHIEFFER,Are you going to have to increase the deficit by that much over 10 years?,YNQ,,CB,,YNQ,,CB,,YNQ,,CB,
558,BUSH,"First, let me make sure that every senior listening today understands that when we’re talking about reforming Social Security, that they’ll still get their checks.",S; TT,,AE; IP,,S; TT,,AE; IP,,S; TT,,AE; IP,
559,BUSH,"I remember the 2000 campaign, people said if George W.",S; HS,,REB,,S; HS,,REB,,S; HS,,REB,
560,BUSH,"gets elected, your check will be taken away.",S,,AF,,S,,AF,,S,,AF,
561,BUSH,"Well, people got their checks, and they’ll continue to get their checks.",S,,,,S,,,,S,,,
562,BUSH,"There is a problem for our youngsters, a real problem.",S,,AF,,S,,AF,,S,,AF,
563,BUSH,"And if we don’t act today, the problem will be valued in the trillions.",S; S-Inform,,AF; AE,,S; S-Inform,,AF; AE,,S; S-Inform,,AF; AE,
564,BUSH,And so I think we need to think differently.,S,,IP,,S,,IP,,S,,IP,
565,BUSH,We’ll honor our commitment to our seniors.,S,,,,S,,,,S,,,
566,BUSH,"But for our children and our grandchildren, we need to have a different strategy.",S,,AE,,S,,AE,,S,,AE,
567,BUSH,"And recognizing that, I called together a group of our fellow citizens to study the issue.",S; IAFA,,IT,,S; IAFA,,IT,,S; IAFA,,IT,
568,BUSH,"It was a committee chaired by the late Senator Daniel Patrick Moynihan of New York, a Democrat.",S; HS,,,,S; HS,,,,S; HS,,,
569,BUSH,And they came up with a variety of ideas for people to look at.,S,,,,S,,,,S,,,
570,BUSH,"I believe that younger workers ought to be allowed to take some of their own money and put it in a personal savings account, because I understand that they need to get better rates of return than the rates of return being given in the current Social Security trust.",S; EXPL,,IP,,S; EXPL,,IP,,S; EXPL,,IP,
571,BUSH,And the compounding rate of interest effect will make it more likely that the Social Security system is solvent for our children and our grandchildren.,S,,AE,,S,,AE,,S,,AE,
572,BUSH,I will work with Republicans and Democrats.,S,,UF,,S,,UF,,S,,UF,
573,BUSH,It’ll be a vital issue in my second term.,S,,,,S,,,,S,,,
574,BUSH,"It is an issue that I am willing to take on, and so I’ll bring Republicans and Democrats together.",S,,UF; IP,,S,,UF; IP,,S,,UF; IP,
575,BUSH,And we’re of course going to have to consider the costs.,S,,,,S,,,,S,,,
576,BUSH,"But I want to warn my fellow citizens: The cost of doing nothing, the cost of saying the current system is OK, far exceeds the costs of trying to make sure we save the system for our children.",S; IAFA,,AF; AE,,S; IAFA,,AF; AE,,S; IAFA,,AF; AE,
577,SCHIEFFER,Senator Kerry?,TG,,,,TG,,,,TG,,,
578,KERRY,You just heard the president say that young people ought to be able to take money out of Social Security and put it in their own accounts.,S,,REB,,S,,REB,,S,,REB,
579,KERRY,"Now, my fellow Americans, that’s an invitation to disaster.",S,,AF; AE; REB,,S,,AF; AE; REB,,S,,AF; AE; REB,
580,KERRY,"The CBO said very clearly that if you were to adopt the president’s plan, there would be a $2 trillion hole in Social Security, because today’s workers pay in to the system for today’s retirees.",S-Inform,,AF; REB; SE,,S-Inform,,AF; REB; SE,,S-Inform,,AF; REB; SE,
581,KERRY,And the CBO said — that’s the Congressional Budget Office; it’s bipartisan — they said that there would have to be a cut in benefits of 25 percent to 40 percent.,S-Inform; HS,,SE,,S-Inform; HS,,SE,,S-Inform; HS,,SE,
582,KERRY,"Now, the president has never explained to America, ever, hasn’t done it tonight, where does the transitional money, that $2 trillion, come from?",Q-W; CH,,ATTR; REB,,Q-W; CH,,ATTR; REB,,Q-W; CH,,ATTR; REB,
583,KERRY,"He’s already got $3 trillion, according to The Washington Post, of expenses that he’s put on the line from his convention and the promises of this campaign, none of which are paid for.",S-Inform; CH,,ATTR; REB; SE,,S-Inform; CH,,ATTR; REB; SE,,S-Inform; CH,,ATTR; REB; SE,
584,KERRY,Not one of them are paid for.,S,,ATTR; REB,,S,,ATTR; REB,,S,,ATTR; REB,
585,KERRY,The fact is that the president is driving the largest deficits in American history.,S; CH,,ATTR; REB,,S; CH,,ATTR; REB,,S; CH,,ATTR; REB,
586,KERRY,He’s broken the pay-as-you-go rules.,S; CH,,ATTR; REB,,S; CH,,ATTR; REB,,S; CH,,ATTR; REB,
587,KERRY,I have a record of fighting for fiscal responsibility.,S,,IT,,S,,IT,,S,,IT,
588,KERRY,"In 1985, I was one of the first Democrats — broke with my party.",S; HS,,IT,,S; HS,,IT,,S; HS,,IT,
589,KERRY,We balanced the budget in the ’90s.,S; HS,,IT,,S; HS,,IT,,S; HS,,IT,
590,KERRY,We paid down the debt for two years.,S-Inform; HS,,IT,,S-Inform; HS,,IT,,S-Inform; HS,,IT,
591,KERRY,And that’s what we’re going to do.,S,,,,S,,,,S,,,
592,KERRY,We’re going to protect Social Security.,S,,IT,,S,,IT,,S,,IT,
593,KERRY,I will not privatize it.,S,,IP,,S,,IP,,S,,IP,
594,KERRY,I will not cut the benefits.,S,,IP,,S,,IP,,S,,IP,
595,KERRY,And we’re going to be fiscally responsible.,S,,,,S,,,,S,,,
596,KERRY,And we will take care of Social Security.,S,,,,S,,,,S,,,
597,SCHIEFFER,"Let me just stay on Social Security with a new question for Senator Kerry, because, Senator Kerry, you have just said you will not cut benefits.",TT; MS,,,,TT; MS,,,,TT; MS,,,
598,SCHIEFFER,"Alan Greenspan, the chairman of the Federal Reserve, says there’s no way that Social Security can pay retirees what we have promised them unless we recalibrate.",S-Inform; HS,,SE,,S-Inform; HS,,SE,,S-Inform; HS,,SE,
599,SCHIEFFER,"What he’s suggesting, we’re going to cut benefits or we’re going to have to raise the retirement age.",S,,CB,,S,,CB,,S,,CB,
600,SCHIEFFER,We may have to take some other reform.,S,,,,S,,,,S,,,
601,SCHIEFFER,"But if you’ve just said, you’ve promised no changes, does that mean you’re just going to leave this as a problem, another problem for our children to solve?",YNQ,,BQ; CB,,YNQ,,BQ; CB,,YNQ,,BQ; CB,
602,KERRY,Not at all.,REJ; ANS,,,,REJ; ANS,,,,REJ; ANS,,,
603,KERRY,"Absolutely not, Bob.",REJ; ANS,,,,REJ; ANS,,,,REJ; ANS,,,
604,KERRY,"This is the same thing we heard — remember, I appeared on “Meet the Press” with Tim Russert in 1990-something.",S; HS,,,,S; HS,,,,S; HS,,,
605,KERRY,We heard the same thing.,S,,,,S,,,,S,,,
606,KERRY,We fixed it.,S,,IT,,S,,IT,,S,,IT,
607,KERRY,"In fact, we put together a $5.",S-Inform,,IT; SE,,S-Inform,,IT; SE,,S-Inform,,IT; SE,
608,KERRY,6 trillion surplus in the ’90s that was for the purpose of saving Social Security.,S-Inform,,SE,,S-Inform,,SE,,S-Inform,,SE,
609,KERRY,If you take the tax cut that the president of the United States has given — President Bush gave to Americans in the top 1 percent of America — just that tax cut that went to the top 1 percent of America would have saved Social Security until the year 2075.,S-Inform,,ATTR; REB; SE,,S-Inform,,ATTR; REB; SE,,S-Inform,,ATTR; REB; SE,
610,KERRY,The president decided to give it to the wealthiest Americans in a tax cut.,S,,ATTR; REB,,S,,ATTR; REB,,S,,ATTR; REB,
611,KERRY,"Now, Alan Greenspan, who I think has done a terrific job in monetary policy, supports the president’s tax cut.",S,,,,S,,,,S,,,
612,KERRY,I don’t.,S; DIS,,IP,,S; DIS,,IP,,S; DIS,,IP,
613,KERRY,"I support it for the middle class, not that part of it that goes to people earning more than $200,000 a year.",S-Inform,,IP,,S-Inform,,IP,,S-Inform,,IP,
614,KERRY,"And when I roll it back and we invest in the things that I have talked about to move our economy, we’re going to grow sufficiently, it would begin to cut the deficit in half, and we get back to where we were at the end of the 1990s when we balanced the budget and paid down the debt of this country.",S; HS,,IT,,S; HS,,IT,,S; HS,,IT,
615,KERRY,"Now, we can do that.",S,,,,S,,,,S,,,
616,KERRY,"Now, if later on after a period of time we find that Social Security is in trouble, we’ll pull together the top experts of the country.",S; HS,,AF,,S; HS,,AF,,S; HS,,AF,
617,KERRY,We’ll do exactly what we did in the 1990s.,S; HS,,,,S; HS,,,,S; HS,,,
618,KERRY,And we’ll make whatever adjustment is necessary.,S,,,,S,,,,S,,,
619,KERRY,But the first and most important thing is to start creating jobs in America.,S,,IP,,S,,IP,,S,,IP,
620,KERRY,"The jobs the president is creating pay $9,000 less than the jobs that we’re losing.",S-Inform,,ATTR; SE,,S-Inform,,ATTR; SE,,S-Inform,,ATTR; SE,
621,KERRY,"And this is the first president in 72 years to preside over an economy in America that has lost jobs, 1.",S-Inform; CH; HS,,ATTR; REB; SE,,S-Inform; CH; HS,,ATTR; REB; SE,,S-Inform; CH; HS,,ATTR; REB; SE,
622,KERRY,6 million jobs.,S-Inform,,SE,,S-Inform,,SE,,S-Inform,,SE,
623,KERRY,"Eleven other presidents — six Democrats and five Republicans — had wars, had recessions, had great difficulties; none of them lost jobs the way this president has.",S-Inform; CH; HS,,ATTR; REB; SE,,S-Inform; CH; HS,,ATTR; REB; SE,,S-Inform; CH; HS,,ATTR; REB; SE,
624,KERRY,I have a plan to put America back to work.,S,,IT,,S,,IT,,S,,IT,
625,KERRY,"And if we’re fiscally responsible and put America back to work, we’re going to fix Social Security.",S,,IT; IP,,S,,IT; IP,,S,,IT; IP,
626,SCHIEFFER,Mr.,TG,,,,TG,,,,TG,,,
627,SCHIEFFER,President?,TG,,,,TG,,,,TG,,,
628,BUSH,He forgot to tell you he voted to tax Social Security benefits more than one time.,S-Inform; CH,,PER; ATTR; REB,,S-Inform; CH,,PER; ATTR; REB,,S-Inform; CH,,PER; ATTR; REB,
629,BUSH,I didn’t hear any plan to fix Social Security.,S; CH,,REB,,S; CH,,REB,,S; CH,,REB,
630,BUSH,I heard more of the same.,S; CH,,REB,,S; CH,,REB,,S; CH,,REB,
631,BUSH,He talks about middle-class tax cuts.,S,,,,S,,,,S,,,
632,BUSH,That’s exactly where the tax cuts went.,S,,REB,,S,,REB,,S,,REB,
633,BUSH,Most of the tax cuts went to low- and middle-income Americans.,S-Inform,,IT; SE,,S-Inform,,IT; SE,,S-Inform,,IT; SE,
634,BUSH,And now the tax code is more fair.,S,,IT,,S,,IT,,S,,IT,
635,BUSH,Twenty percent of the upper-income people pay about 80 percent of the taxes in America today because of how we structured the tax cuts.,S-Inform,,IT; SE,,S-Inform,,IT; SE,,S-Inform,,IT; SE,
636,BUSH,People listening out there know the benefits of the tax cuts we passed.,S,,IT,,S,,IT,,S,,IT,
637,BUSH,"If you have a child, you got tax relief.",S,,IT,,S,,IT,,S,,IT,
638,BUSH,"If you’re married, you got tax relief.",S,,IT,,S,,IT,,S,,IT,
639,BUSH,"If you pay any tax at all, you got tax relief.",S,,IT,,S,,IT,,S,,IT,
640,BUSH,All of which was opposed by my opponent.,S; CH,,ATTR; REB,,S; CH,,ATTR; REB,,S; CH,,ATTR; REB,
641,BUSH,And the tax relief was important to spur consumption and investment to get us out of this recession.,S,,IT,,S,,IT,,S,,IT,
642,BUSH,"People need to remember: Six months prior to my arrival, the stock market started to go down.",S; IAFA,,SE,,S; IAFA,,SE,,S; IAFA,,SE,
643,BUSH,And it was one of the largest declines in our history.,S; HS,,SE,,S; HS,,SE,,S; HS,,SE,
644,BUSH,"And then we had a recession and we got attacked, which cost us 1 million jobs.",S; HS,,,,S; HS,,,,S; HS,,,
645,BUSH,But we acted.,S,,IT,,S,,IT,,S,,IT,
646,BUSH,I led the Congress.,S,,IT,,S,,IT,,S,,IT,
647,BUSH,We passed tax relief.,S,,IT,,S,,IT,,S,,IT,
648,BUSH,And now this economy is growing.,S,,IT,,S,,IT,,S,,IT,
649,BUSH,We added 1.,S-Inform,,IT,,S-Inform,,IT,,S-Inform,,IT,
650,BUSH,9 million new jobs over the last 13 months.,S-Inform,,IT; SE,,S-Inform,,IT; SE,,S-Inform,,IT; SE,
651,BUSH,"Sure, there’s more work to do.",S; ACK,,,,S; ACK,,,,S; ACK,,,
652,BUSH,But the way to make sure our economy grows is not to raise taxes on small-business owners.,S,,IP; CB,,S,,IP; CB,,S,,IP; CB,
653,BUSH,It’s not to increase the scope of the federal government.,S,,IP,,S,,IP,,S,,IP,
654,BUSH,It’s to make sure we have fiscal sanity and keep taxes low.,S,,IP,,S,,IP,,S,,IP,
655,SCHIEFFER,"Let’s go to a new question, Mr.",TG; MS,,,,TG; MS,,,,TG; MS,,,
656,SCHIEFFER,President.,MS,,,,MS,,,,MS,,,
657,SCHIEFFER,I got more e-mail this week on this question than any other question.,S,,,,S,,,,S,,,
658,SCHIEFFER,And it is about immigration.,S,,,,S,,,,S,,,
659,SCHIEFFER,"I’m told that at least 8,000 people cross our borders illegally every day.",S-Inform,,,,S-Inform,,,,S-Inform,,,
660,SCHIEFFER,"Some people believe this is a security issue, as you know.",S,,,,S,,,,S,,,
661,SCHIEFFER,Some believe it’s an economic issue.,S,,,,S,,,,S,,,
662,SCHIEFFER,Some see it as a human-rights issue.,S,,,,S,,,,S,,,
663,SCHIEFFER,How do you see it?,Q-W; OQ; TG,,,,Q-W; OQ; TG,,,,Q-W; OQ; TG,,,
664,SCHIEFFER,And what do we need to do about it?,Q-W; OQ,,,,Q-W; OQ,,,,Q-W; OQ,,,
665,BUSH,I see it as a serious problem.,S; ANS; INT,,IP,,S; ANS; INT,,IP,,S; ANS; INT,,IP,
666,BUSH,"I see it as a security issue, I see it as an economic issue, and I see it as a human-rights issue.",S; INT,,IP,,S; INT,,IP,,S; INT,,IP,
667,BUSH,We’re increasing the border security of the United States.,S,,IT,,S,,IT,,S,,IT,
668,BUSH,"We’ve got 1,000 more Border Patrol agents on the southern border.",S-Inform,,IT,,S-Inform,,IT,,S-Inform,,IT,
669,BUSH,We’re using new equipment.,S,,IT,,S,,IT,,S,,IT,
670,BUSH,We’re using unmanned vehicles to spot people coming across.,S,,IT,,S,,IT,,S,,IT,
671,BUSH,And we’ll continue to do so over the next four years.,S,,,,S,,,,S,,,
672,BUSH,It’s a subject I’m very familiar with.,S,,IP,,S,,IP,,S,,IP,
673,BUSH,"After all, I was a border governor for a while.",S; HS,,IT,,S; HS,,IT,,S; HS,,IT,
674,BUSH,Many people are coming to this country for economic reasons.,S,,,,S,,,,S,,,
675,BUSH,They’re coming here to work.,S,,,,S,,,,S,,,
676,BUSH,"If you can make 50 cents in the heart of Mexico, for example, or make $5 here in America, $5.",S; S-Inform,,,,S; S-Inform,,,,S; S-Inform,,,
677,BUSH,"15, you’re going to come here if you’re worth your salt, if you want to put food on the table for your families.",S; S-Inform,,AE,,S; S-Inform,,AE,,S; S-Inform,,AE,
678,BUSH,And that’s what’s happening.,S,,,,S,,,,S,,,
679,BUSH,"And so in order to take pressure off the borders, in order to make the borders more secure, I believe there ought to be a temporary worker card that allows a willing worker and a willing employer to mate up, so long as there’s not an American willing to do that job, to join up in order to be able to fulfill the employers’ needs.",S,,IP,,S,,IP,,S,,IP,
680,BUSH,That has the benefit of making sure our employers aren’t breaking the law as they try to fill their workforce needs.,S,,,,S,,,,S,,,
681,BUSH,"It makes sure that the people coming across the border are humanely treated, that they’re not kept in the shadows of our society, that they’re able to go back and forth to see their families.",S,,AE,,S,,AE,,S,,AE,
682,BUSH,"See, the card, it’ll have a period of time attached to it.",S; MS,,,,S; MS,,,,S; MS,,,
683,BUSH,It also means it takes pressure off the border.,S,,,,S,,,,S,,,
684,BUSH,"If somebody is coming here to work with a card, it means they’re not going to have to sneak across the border.",S; EXPL,,,,S; EXPL,,,,S; EXPL,,,
685,BUSH,It means our border patrol will be more likely to be able to focus on doing their job.,S,,,,S,,,,S,,,
686,BUSH,"Now, it’s very important for our citizens to also know that I don’t believe we ought to have amnesty.",S,,IP,,S,,IP,,S,,IP,
687,BUSH,I don’t think we ought to reward illegal behavior.,S,,IP,,S,,IP,,S,,IP,
688,BUSH,There are plenty of people standing in line to become a citizen.,S,,,,S,,,,S,,,
689,BUSH,And we ought not to crowd these people ahead of them in line.,S,,,,S,,,,S,,,
690,BUSH,"If they want to become a citizen, they can stand in line, too.",S,,,,S,,,,S,,,
691,BUSH,And here is where my opponent and I differ.,S; MS,,REB,,S; MS,,REB,,S; MS,,REB,
692,BUSH,"In September 2003, he supported amnesty for illegal aliens.",S-Inform; CH; HS,,ATTR; REB; SE,,S-Inform; CH; HS,,ATTR; REB; SE,,S-Inform; CH; HS,,ATTR; REB; SE,
693,SCHIEFFER,Time’s up.,S,,,,S,,,,S,,,
694,SCHIEFFER,Senator?,TG,,,,TG,,,,TG,,,
695,KERRY,"Let me just answer one part of the last question quickly, and then I’ll come to immigration.",ANS; TT,,,,ANS; TT,,,,ANS; TT,,,
696,KERRY,"The American middle-class family isn’t making it right now, Bob.",S,,AE,,S,,AE,,S,,AE,
697,KERRY,"And what the president said about the tax cuts has been wiped out by the increase in health care, the increase in gasoline, the increase in tuitions, the increase in prescription drugs.",S; CH,,ATTR; REB,,S; CH,,ATTR; REB,,S; CH,,ATTR; REB,
698,KERRY,"The fact is, the take-home pay of a typical American family as a share of national income is lower than it’s been since 1929.",S-Inform; HS,,SE,,S-Inform; HS,,SE,,S-Inform; HS,,SE,
699,KERRY,And the take-home pay of the richest .,S-Inform,,SE,,S-Inform,,SE,,S-Inform,,SE,
700,KERRY,1 percent of Americans is the highest it’s been since 1928.,S-Inform; HS,,SE,,S-Inform; HS,,SE,,S-Inform; HS,,SE,
701,KERRY,"Under President Bush, the middle class has seen their tax burden go up and the wealthiest’s tax burden has gone down.",S-Inform; CH,,ATTR; REB; SE,,S-Inform; CH,,ATTR; REB; SE,,S-Inform; CH,,ATTR; REB; SE,
702,KERRY,Now that’s wrong.,S,,IP; REB,,S,,IP; REB,,S,,IP; REB,
703,KERRY,"Now, with respect to immigration reform, the president broke his promise on immigration reform.",S; CH,,ATTR; REB,,S; CH,,ATTR; REB,,S; CH,,ATTR; REB,
704,KERRY,He said he would reform it.,S,,REB,,S,,REB,,S,,REB,
705,KERRY,Four years later he is now promising another plan.,S; CH,,ATTR; REB,,S; CH,,ATTR; REB,,S; CH,,ATTR; REB,
706,KERRY,"Here’s what I’ll do: Number one, the borders are more leaking today than they were before 9/11.",S; S-Inform,,AF,,S; S-Inform,,AF,,S; S-Inform,,AF,
707,KERRY,"The fact is, we haven’t done what we need to do to toughen up our borders, and I will.",S,,IT; IP,,S,,IT; IP,,S,,IT; IP,
708,KERRY,"Secondly, we need a guest-worker program, but if it’s all we have, it’s not going to solve the problem.",S,,,,S,,,,S,,,
709,KERRY,The second thing we need is to crack down on illegal hiring.,S,,,,S,,,,S,,,
710,KERRY,"It’s against the law in the United States to hire people illegally, and we ought to be enforcing that law properly.",S; S-Inform,,,,S; S-Inform,,,,S; S-Inform,,,
711,KERRY,"And thirdly, we need an earned-legalization program for people who have been here for a long time, stayed out of trouble, got a job, paid their taxes, and their kids are American.",S,,IP,,S,,IP,,S,,IP,
712,KERRY,"We got to start moving them toward full citizenship, out of the shadows.",S,,UF,,S,,UF,,S,,UF,
713,KERRY,"SCHIEFFER: Do you want to respond, Mr.",YNQ; TG,,,,YNQ; TG,,,,YNQ; TG,,,
714,KERRY,President?,TG,,,,TG,,,,TG,,,
715,BUSH,"Well, to say that the borders are not as protected as they were prior to September the 11th shows he doesn’t know the borders.",S; CH,,PER; ATTR; REB,,S; CH,,PER; ATTR; REB,,S; CH,,PER; ATTR; REB,
716,BUSH,They’re much better protected today than they were when I was the governor of Texas.,S; CH,,IT; REB,,S; CH,,IT; REB,,S; CH,,IT; REB,
717,BUSH,We have much more manpower and much more equipment there.,S-Inform,,IT,,S-Inform,,IT,,S-Inform,,IT,
718,BUSH,"He just doesn’t understand how the borders work, evidently, to say that.",S; CH,,PER; ATTR; REB,,S; CH,,PER; ATTR; REB,,S; CH,,PER; ATTR; REB,
719,BUSH,That is an outrageous claim.,S; CH,,REB,,S; CH,,REB,,S; CH,,REB,
720,BUSH,And we’ll continue to protect our borders.,S,,APAT,,S,,APAT,,S,,APAT,
721,BUSH,We’re continuing to increase manpower and equipment.,S,,IT,,S,,IT,,S,,IT,
722,SCHIEFFER,Senator?,TG,,,,TG,,,,TG,,,
723,KERRY,Four thousand people a day are coming across the border.,S-Inform,,AF,,S-Inform,,AF,,S-Inform,,AF,
724,KERRY,"The fact is that we now have people from the Middle East, allegedly, coming across the border.",S-Inform,,AF; SE,,S-Inform,,AF; SE,,S-Inform,,AF; SE,
725,KERRY,And we’re not doing what we ought to do in terms of the technology.,S,,IP; ATTR,,S,,IP; ATTR,,S,,IP; ATTR,
726,KERRY,We have iris-identification technology.,S-Inform,,,,S-Inform,,,,S-Inform,,,
727,KERRY,"We have thumbprint, fingerprint technology today.",S-Inform,,,,S-Inform,,,,S-Inform,,,
728,KERRY,"We can know who the people are, that they’re really the people they say they are when they cross the border.",S,,,,S,,,,S,,,
729,KERRY,We could speed it up.,S,,,,S,,,,S,,,
730,KERRY,There are huge delays.,S,,,,S,,,,S,,,
731,KERRY,"The fact is our borders are not as secure as they ought to be, and I’ll make them secure.",S,,IT; IP,,S,,IT; IP,,S,,IT; IP,
732,SCHIEFFER,"Next question to you, Senator Kerry.",TG,,,,TG,,,,TG,,,
733,SCHIEFFER,The gap between rich and poor is growing wider.,S,,,,S,,,,S,,,
734,SCHIEFFER,More people are dropping into poverty.,S,,,,S,,,,S,,,
735,SCHIEFFER,"Yet the minimum wage has been stuck at, what, $5.",S-Inform,,,,S-Inform,,,,S-Inform,,,
736,SCHIEFFER,15 an hour now for about seven years.,S-Inform,,,,S-Inform,,,,S-Inform,,,
737,SCHIEFFER,Is it time to raise it?,YNQ,,,,YNQ,,,,YNQ,,,
738,KERRY,"Well, I’m glad you raised that question.",S; THK,,,,S; THK,,,,S; THK,,,
739,KERRY,It’s long overdue time to raise the minimum wage.,S,,IP,,S,,IP,,S,,IP,
740,KERRY,"And, America, this is one of those issues that separates the president and myself.",S,,REB,,S,,REB,,S,,REB,
741,KERRY,We have fought to try to raise the minimum wage in the last years.,S,,IT,,S,,IT,,S,,IT,
742,KERRY,But the Republican leadership of the House and Senate won’t even let us have a vote on it.,S; CH,,PB; ATTR; REB,,S; CH,,PB; ATTR; REB,,S; CH,,PB; ATTR; REB,
743,KERRY,We’re not allowed to vote on it.,S,,PB,,S,,PB,,S,,PB,
744,KERRY,They don’t want to raise the minimum wage.,S; CH,,PB; ATTR,,S; CH,,PB; ATTR,,S; CH,,PB; ATTR,
745,KERRY,The minimum wage is the lowest minimum wage value it has been in our nation in 50 years.,S-Inform,,SE,,S-Inform,,SE,,S-Inform,,SE,
746,KERRY,"If we raise the minimum wage, which I will do over several years to $7 an hour, 9.",S-Inform,,IT; IP,,S-Inform,,IT; IP,,S-Inform,,IT; IP,
747,KERRY,"2 million women who are trying to raise their families would earn another $3,800 a year.",S-Inform,,AE; SE,,S-Inform,,AE; SE,,S-Inform,,AE; SE,
748,KERRY,The president has denied 9.,S-Inform; CH,,ATTR; REB,,S-Inform; CH,,ATTR; REB,,S-Inform; CH,,ATTR; REB,
749,KERRY,"2 million women $3,800 a year, but he doesn’t hesitate to fight for $136,000 to a millionaire.",S-Inform; CH,,AE; ATTR; REB; SE,,S-Inform; CH,,AE; ATTR; REB; SE,,S-Inform; CH,,AE; ATTR; REB; SE,
750,KERRY,"One percent of America got $89 billion last year in a tax cut, but people working hard, playing by the rules, trying to take care of their kids, family values, that we’re supposed to value so much in America — I’m tired of politicians who talk about family values and don’t value families.",S-Inform; CH,,AE; PER; CB; SE,,S-Inform; CH,,AE; PER; CB; SE,,S-Inform; CH,,AE; PER; CB; SE,
751,KERRY,What we need to do is raise the minimum wage.,S,,,,S,,,,S,,,
752,KERRY,We also need to hold on to equal pay.,S,,,,S,,,,S,,,
753,KERRY,Women work for 76 cents on the dollar for the same work that men do.,S-Inform,,SE,,S-Inform,,SE,,S-Inform,,SE,
754,KERRY,That’s not right in America.,S,,AE; IP,,S,,AE; IP,,S,,AE; IP,
755,KERRY,And we had an initiative that we were working on to raise women’s pay.,S; HS,,IT,,S; HS,,IT,,S; HS,,IT,
756,KERRY,They’ve cut it off.,S,,ATTR; REB,,S,,ATTR; REB,,S,,ATTR; REB,
757,KERRY,They’ve stopped it.,S,,ATTR; REB,,S,,ATTR; REB,,S,,ATTR; REB,
758,KERRY,They don’t enforce these kinds of things.,S,,ATTR; REB,,S,,ATTR; REB,,S,,ATTR; REB,
759,KERRY,"Now, I think that it’s a matter of fundamental right that if we raise the minimum wage, 15 million Americans would be positively affected.",S-Inform,,AE; IP,,S-Inform,,AE; IP,,S-Inform,,AE; IP,
760,KERRY,"We’d put money into the hands of people who work hard, who obey the rules, who play for the American dream.",S,,AE; AP,,S,,AE; AP,,S,,AE; AP,
761,KERRY,"And if we did that, we’d have more consumption ability in America, which is what we need right now in order to kick our economy into gear.",S,,CB,,S,,CB,,S,,CB,
762,KERRY,I will fight tooth and nail to pass the minimum wage.,S,,IP,,S,,IP,,S,,IP,
763,BUSH,"Actually, Mitch McConnell had a minimum-wage plan that I supported that would have increased the minimum wage.",S-Inform,,IT,,S-Inform,,IT,,S-Inform,,IT,
764,BUSH,But let me talk about what’s really important for the worker you’re referring to.,TT; MS,,DF,,TT; MS,,DF,,TT; MS,,DF,
765,BUSH,And that’s to make sure the education system works.,S,,,,S,,,,S,,,
766,BUSH,It’s to make sure we raise standards.,S,,,,S,,,,S,,,
767,BUSH,"Listen, the No Child Left Behind Act is really a jobs act when you think about it.",S; TT,,IP,,S; TT,,IP,,S; TT,,IP,
768,BUSH,"The No Child Left Behind Act says, “We’ll raise standards.",S,,,,S,,,,S,,,
769,BUSH,We’ll increase federal spending.,S,,,,S,,,,S,,,
770,BUSH,"But in return for extra spending, we now want people to measure — states and local jurisdictions to measure to show us whether or not a child can read or write or add and subtract.",S-Inform,,,,S-Inform,,,,S-Inform,,,
771,BUSH,“ You cannot solve a problem unless you diagnose the problem.,S,,CB,,S,,CB,,S,,CB,
772,BUSH,And we weren’t diagnosing problems.,S,,,,S,,,,S,,,
773,BUSH,And therefore just kids were being shuffled through the school.,S,,,,S,,,,S,,,
774,BUSH,And guess who would get shuffled through?,Q-RHET,,AE,,Q-RHET,,AE,,Q-RHET,,AE,
775,BUSH,Children whose parents wouldn’t speak English as a first language just move through.,S,,AE,,S,,AE,,S,,AE,
776,BUSH,Many inner-city kids just move through.,S,,AE; RB,,S,,AE; RB,,S,,AE; RB,
777,BUSH,We’ve stopped that practice now by measuring early.,S,,IT,,S,,IT,,S,,IT,
778,BUSH,"And when we find a problem, we spend extra money to correct it.",S,,IT,,S,,IT,,S,,IT,
779,BUSH,"I remember a lady in Houston, Texas, told me, “Reading is the new civil right,” and she’s right.",S; HS,,AE; RB,,S; HS,,AE; RB,,S; HS,,AE; RB,
780,BUSH,"In order to make sure people have jobs for the 21st century, we’ve got to get it right in the education system, and we’re beginning to close a minority achievement gap now.",S,,IT; RB,,S,,IT; RB,,S,,IT; RB,
781,BUSH,"You see, we’ll never be able to compete in the 21st century unless we have an education system that doesn’t quit on children, an education system that raises standards, an education that makes sure there’s excellence in every classroom.",S,,AF; AE,,S,,AF; AE,,S,,AF; AE,
782,SCHIEFFER,Mr.,GR,,,,GR,,,,GR,,,
783,SCHIEFFER,"President, I want to go back to something Senator Kerry said earlier tonight and ask a follow-up of my own.",TT; MS,,,,TT; MS,,,,TT; MS,,,
784,SCHIEFFER,He said — and this will be a new question to you — he said that you had never said whether you would like to overturn Roe v.,S; MS,,,,S; MS,,,,S; MS,,,
785,SCHIEFFER,Wade.,S,,,,S,,,,S,,,
786,SCHIEFFER,"So I’d ask you directly, would you like to?",YNQ,,,,YNQ,,,,YNQ,,,
787,BUSH,"What he’s asking me is, will I have a litmus test for my judges?",Q-W; MS,,DF,,Q-W; MS,,DF,,Q-W; MS,,DF,
788,BUSH,"And the answer is, no, I will not have a litmus test.",ANS,,,,ANS,,,,ANS,,,
789,BUSH,"I will pick judges who will interpret the Constitution, but I’ll have no litmus test.",S,,IP,,S,,IP,,S,,IP,
790,SCHIEFFER,"Senator Kerry, you’d like to respond?",TG,,,,TG,,,,TG,,,
791,KERRY,Is that a new question or a 30-second question?,YNQ; T-REQ,,,,YNQ; T-REQ,,,,YNQ; T-REQ,,,
792,SCHIEFFER,That’s a new question for Senator — for President Bush.,S,,,,S,,,,S,,,
793,KERRY,Which time limit.,Q-W,,,,Q-W,,,,Q-W,,,
794,SCHIEFFER,You have 90 seconds.,S-Inform,,,,S-Inform,,,,S-Inform,,,
795,KERRY,Thank you very much.,THK,,,,THK,,,,THK,,,
796,KERRY,"Well, again, the president didn’t answer the question.",S; CH; MS,,ATTR; REB; IA,,S; CH; MS,,ATTR; REB; IA,,S; CH; MS,,ATTR; REB; IA,
797,KERRY,I’ll answer it straight to America.,S; ANS,,IP,,S; ANS,,IP,,S; ANS,,IP,
798,KERRY,"I’m not going to appoint a judge to the Court who’s going to undo a constitutional right, whether it’s the First Amendment, or the Fifth Amendment, or some other right that’s given under our courts today — under the Constitution.",S,,APAT; IP,,S,,APAT; IP,,S,,APAT; IP,
799,KERRY,And I believe that the right of choice is a constitutional right.,S,,IP,,S,,IP,,S,,IP,
800,KERRY,So I don’t intend to see it undone.,S,,IP,,S,,IP,,S,,IP,
801,KERRY,"Clearly, the president wants to leave in ambivalence or intends to undo it.",S,,IP; ATTR; REB,,S,,IP; ATTR; REB,,S,,IP; ATTR; REB,
802,KERRY,But let me go a step further.,TT,,,,TT,,,,TT,,,
803,KERRY,We have a long distance yet to travel in terms of fairness in America.,S,,IP,,S,,IP,,S,,IP,
804,KERRY,"I don’t know how you can govern in this country when you look at New York City and you see that 50 percent of the black males there are unemployed, when you see 40 percent of Hispanic children — of black children in some cities — dropping out of high school.",S-Inform,,AE; RB; SE,,S-Inform,,AE; RB; SE,,S-Inform,,AE; RB; SE,
805,KERRY,And yet the president who talks about No Child Left Behind refused to fully fund — by $28 billion — that particular program so you can make a difference in the lives of those young people.,S-Inform; CH,,AE; ATTR; REB,,S-Inform; CH,,AE; ATTR; REB,,S-Inform; CH,,AE; ATTR; REB,
806,KERRY,"Now right here in Arizona, that difference would have been $131 million to the state of Arizona to help its kids be able to have better education and to lift the property tax burden from its citizens.",S-Inform,,SE,,S-Inform,,SE,,S-Inform,,SE,
807,KERRY,The president reneged on his promise to fund No Child Left Behind.,S; CH,,ATTR; REB,,S; CH,,ATTR; REB,,S; CH,,ATTR; REB,
808,KERRY,"He’ll tell you he’s raised the money, and he has.",S,,REB,,S,,REB,,S,,REB,
809,KERRY,"But he didn’t put in what he promised, and that makes a difference in the lives of our children.",S; CH,,AE; ATTR; REB,,S; CH,,AE; ATTR; REB,,S; CH,,AE; ATTR; REB,
810,SCHIEFFER,"Yes, sir?",ACK; TG,,,,ACK; TG,,,,ACK; TG,,,
811,BUSH,Two things.,S,,,,S,,,,S,,,
812,BUSH,"One, he clearly has a litmus test for his judges, which I disagree with.",S; DIS,,IP; ATTR; REB,,S; DIS,,IP; ATTR; REB,,S; DIS,,IP; ATTR; REB,
813,BUSH,"And secondly, only a liberal senator from Massachusetts would say that a 49 percent increase in funding for education was not enough.",S-Inform; CH,,PB; PER; REB; SE,,S-Inform; CH,,PB; PER; REB; SE,,S-Inform; CH,,PB; PER; REB; SE,
814,BUSH,We’ve increased funds.,S; IAFA,,IT,,S; IAFA,,IT,,S; IAFA,,IT,
815,BUSH,"But more importantly, we’ve reformed the system to make sure that we solve problems early, before they’re too late.",S,,IT,,S,,IT,,S,,IT,
816,BUSH,He talked about the unemployed.,S,,,,S,,,,S,,,
817,BUSH,Absolutely we’ve got to make sure they get educated.,S; AGR,,UF,,S; AGR,,UF,,S; AGR,,UF,
818,BUSH,He talked about children whose parents don’t speak English as a first language?,YNQ,,,,YNQ,,,,YNQ,,,
819,BUSH,Absolutely we’ve got to make sure they get educated.,S; AGR,,UF,,S; AGR,,UF,,S; AGR,,UF,
820,BUSH,And that’s what the No Child Left Behind Act does.,S-Inform,,IT,,S-Inform,,IT,,S-Inform,,IT,
821,SCHIEFFER,Senator?,TG,,,,TG,,,,TG,,,
822,KERRY,You don’t measure it by a percentage increase.,S; REJ,,REB; CB,,S; REJ,,REB; CB,,S; REJ,,REB; CB,
823,KERRY,Mr.,S,,,,S,,,,S,,,
824,KERRY,"President, you measure it by whether you’re getting the job done.",S,,IP; REB,,S,,IP; REB,,S,,IP; REB,
825,KERRY,Five hundred thousand kids lost after-school programs because of your budget.,S-Inform; CH,,ATTR; REB; SE,,S-Inform; CH,,ATTR; REB; SE,,S-Inform; CH,,ATTR; REB; SE,
826,KERRY,"Now, that’s not in my gut.",S,,AE; IP,,S,,AE; IP,,S,,AE; IP,
827,KERRY,"That’s not in my value system, and certainly not so that the wealthiest people in America can walk away with another tax cut.",S,,AE; IP; REB,,S,,AE; IP; REB,,S,,AE; IP; REB,
828,KERRY,"$89 billion last year to the top 1 percent of Americans, but kids lost their after-school programs.",S-Inform,,AE; ATTR; SE,,S-Inform,,AE; ATTR; SE,,S-Inform,,AE; ATTR; SE,
829,KERRY,You be the judge.,IAFA,,AE,,IAFA,,AE,,IAFA,,AE,
830,SCHIEFFER,"All right, let’s go to another question.",TG; MS,,,,TG; MS,,,,TG; MS,,,
831,SCHIEFFER,And it is to Senator Kerry.,S,,,,S,,,,S,,,
832,SCHIEFFER,"You have two minutes, sir.",S,,,,S,,,,S,,,
833,SCHIEFFER,"Senator, the last debate, President Bush said he did not favor a draft.",S; HS,,,,S; HS,,,,S; HS,,,
834,SCHIEFFER,You agreed with him.,S,,,,S,,,,S,,,
835,SCHIEFFER,But our National Guard and Reserve forces are being severely strained because many of them are being held beyond their enlistments.,S-Inform,,,,S-Inform,,,,S-Inform,,,
836,SCHIEFFER,Some of them say that it’s a back-door draft.,S,,,,S,,,,S,,,
837,SCHIEFFER,Is there any relief that could be offered to these brave Americans and their families?,YNQ,,,,YNQ,,,,YNQ,,,
838,SCHIEFFER,"If you became president, Senator Kerry, what would you do about this situation of holding National Guard and Reservists for these extended periods of time and these repeated call-ups that they’re now facing?",Q-W; OQ,,,,Q-W; OQ,,,,Q-W; OQ,,,
839,KERRY,"Well, I think the fact that they’re facing these repeated call-ups, some of them two and three deployments, and there’s a stop- loss policy that prevents people from being able to get out when their time was up, is a reflection of the bad judgment this president exercised in how he has engaged in the world and deployed our forces.",S; CH,,PER; IP; ATTR; REB,,S; CH,,PER; IP; ATTR; REB,,S; CH,,PER; IP; ATTR; REB,
840,KERRY,Our military is overextended.,S,,REB,,S,,REB,,S,,REB,
841,KERRY,"Nine out of 10 active-duty Army divisions are either in Iraq, going to Iraq or have come back from Iraq.",S-Inform,,SE,,S-Inform,,SE,,S-Inform,,SE,
842,KERRY,"One way or the other, they’re wrapped up in it.",S,,,,S,,,,S,,,
843,KERRY,"Now, I’ve proposed adding two active-duty divisions to the armed forces of the United States — one combat, one support.",S; S-Inform,,IT; IP,,S; S-Inform,,IT; IP,,S; S-Inform,,IT; IP,
844,KERRY,"In addition, I’m going to double the number of Special Forces so that we can fight a more effective war on terror, with less pressure on the National Guard and Reserve.",S,,IT; IP,,S,,IT; IP,,S,,IT; IP,
845,KERRY,And what I would like to do is see the National Guard and Reserve be deployed differently here in our own country.,S,,IP,,S,,IP,,S,,IP,
846,KERRY,There’s much we can do with them with respect to homeland security.,S,,,,S,,,,S,,,
847,KERRY,We ought to be doing that.,S,,UF,,S,,UF,,S,,UF,
848,KERRY,And that would relieve an enormous amount of pressure.,S,,,,S,,,,S,,,
849,KERRY,"But the most important thing to relieve the pressure on all of the armed forces is frankly to run a foreign policy that recognizes that America is strongest when we are working with real alliances, when we are sharing the burdens of the world by working through our statesmanship at the highest levels and our diplomacy to bring other nations to our side.",S,,UF; IP,,S,,UF; IP,,S,,UF; IP,
850,KERRY,"I’ve said it before, I say it again: I believe the president broke faith with the American people in the way that he took this nation to war.",S; CH,,PER; IP; ATTR; REB,,S; CH,,PER; IP; ATTR; REB,,S; CH,,PER; IP; ATTR; REB,
851,KERRY,He said he would work through a real alliance.,S,,REB,,S,,REB,,S,,REB,
852,KERRY,"He said in Cincinnati we would plan carefully, we would take every precaution.",S; HS,,REB; SE,,S; HS,,REB; SE,,S; HS,,REB; SE,
853,KERRY,"Well, we didn’t.",S,,ATTR; REB,,S,,ATTR; REB,,S,,ATTR; REB,
854,KERRY,And the result is our forces today are overextended.,S; EXPL,,ATTR,,S; EXPL,,ATTR,,S; EXPL,,ATTR,
855,KERRY,The fact is that he did not choose to go to war as a last result.,S; CH,,ATTR; REB,,S; CH,,ATTR; REB,,S; CH,,ATTR; REB,
856,KERRY,"And America now is paying, already $120 billion, up to $200 billion before we’re finished and much more probably.",S-Inform,,AF; ATTR; SE,,S-Inform,,AF; ATTR; SE,,S-Inform,,AF; ATTR; SE,
857,KERRY,And that is the result of this president taking his eye off of Osama bin Laden.,S; CH,,ATTR; REB,,S; CH,,ATTR; REB,,S; CH,,ATTR; REB,
858,SCHIEFFER,Mr.,TG,,,,TG,,,,TG,,,
859,SCHIEFFER,President?,TG,,,,TG,,,,TG,,,
860,BUSH,"The best way to take the pressure off our troops is to succeed in Iraq, is to train Iraqis so they can do the hard work of democracy, is to give them a chance to defend their country, which is precisely what we’re doing.",S,,IT; IP,,S,,IT; IP,,S,,IT; IP,
861,BUSH,"We’ll have 125,000 troops trained by the end of this year.",S-Inform; INT,,IT,,S-Inform; INT,,IT,,S-Inform; INT,,IT,
862,BUSH,"I remember going on an airplane in Bangor, Maine, to say thanks to the reservists and Guard that were headed overseas from Tennessee and North Carolina, Georgia.",S; HS,,,,S; HS,,,,S; HS,,,
863,BUSH,Some of them had been there before.,S,,,,S,,,,S,,,
864,BUSH,The people I talked to their spirits were high.,S,,AE,,S,,AE,,S,,AE,
865,BUSH,They didn’t view their service as a back-door draft.,S,,REB,,S,,REB,,S,,REB,
866,BUSH,They viewed their service as an opportunity to serve their country.,S,,AP; APAT,,S,,AP; APAT,,S,,AP; APAT,
867,BUSH,"My opponent, the senator, talks about foreign policy.",S,,REB,,S,,REB,,S,,REB,
868,BUSH,In our first debate he proposed America pass a global test.,S; CH,,ATTR; REB,,S; CH,,ATTR; REB,,S; CH,,ATTR; REB,
869,BUSH,"In order to defend ourselves, we’d have to get international approval.",S,,REB; CB,,S,,REB; CB,,S,,REB; CB,
870,BUSH,That’s one of the major differences we have about defending our country.,S,,REB,,S,,REB,,S,,REB,
871,BUSH,I’ll work with allies.,S,,,,S,,,,S,,,
872,BUSH,I’ll work with friends.,S,,,,S,,,,S,,,
873,BUSH,We’ll continue to build strong coalitions.,S,,UF,,S,,UF,,S,,UF,
874,BUSH,But I will never turn over our national- security decisions to leaders of other countries.,S,,APAT,,S,,APAT,,S,,APAT,
875,BUSH,"We’ll be resolute, we’ll be strong, and we’ll wage a comprehensive war against the terrorists.",S,,AF; UF,,S,,AF; UF,,S,,AF; UF,
876,SCHIEFFER,Senator?,TG,,,,TG,,,,TG,,,
877,KERRY,I have never suggested a test where we turn over our security to any nation.,S; DIS,,REB,,S; DIS,,REB,,S; DIS,,REB,
878,KERRY,"In fact, I’ve said the opposite: I will never turn the security of the United States over to any nation.",S; CORR,,APAT; REB,,S; CORR,,APAT; REB,,S; CORR,,APAT; REB,
879,KERRY,No nation will ever have a veto over us.,S,,APAT,,S,,APAT,,S,,APAT,
880,KERRY,"But I think it makes sense, I think most Americans in their guts know, that we ought to pass a sort of truth standard.",S,,UF; IP,,S,,UF; IP,,S,,UF; IP,
881,KERRY,"That’s how you gain legitimacy with your own countrypeople, and that’s how you gain legitimacy in the world.",S,,IP,,S,,IP,,S,,IP,
882,KERRY,But I’ll never fail to protect the United States of America.,S,,APAT; IT,,S,,APAT; IT,,S,,APAT; IT,
883,BUSH,"In 1990, there was a vast coalition put together to run Saddam Hussein out of Kuwait.",S-Inform; HS,,,,S-Inform; HS,,,,S-Inform; HS,,,
884,BUSH,"The international community, the international world said this is the right thing to do, but when it came time to authorize the use of force on the Senate floor, my opponent voted against the use of force.",S-Inform; CH; HS,,ATTR; REB; SE,,S-Inform; CH; HS,,ATTR; REB; SE,,S-Inform; CH; HS,,ATTR; REB; SE,
885,BUSH,Apparently you can’t pass any test under his vision of the world.,S; CH,,PER; REB; CB,,S; CH,,PER; REB; CB,,S; CH,,PER; REB; CB,
886,SCHIEFFER,Mr.,S,,,,S,,,,S,,,
887,SCHIEFFER,"President, new question, two minutes.",S,,,,S,,,,S,,,
888,SCHIEFFER,"You said that if Congress would vote to extend the ban on assault weapons, that you’d sign the legislation, but you did nothing to encourage the Congress to extend it.",S; CH,,ATTR; REB,,S; CH,,ATTR; REB,,S; CH,,ATTR; REB,
889,SCHIEFFER,Why not?,Q-W; SEEP,,,,Q-W; SEEP,,,,Q-W; SEEP,,,
890,BUSH,"Actually, I made my intentions — made my views clear.",S; CORR,,IP,,S; CORR,,IP,,S; CORR,,IP,
891,BUSH,"I did think we ought to extend the assault weapons ban, and was told the fact that the bill was never going to move, because Republicans and Democrats were against the assault weapon ban, people of both parties.",S,,IP,,S,,IP,,S,,IP,
892,BUSH,I believe law-abiding citizens ought to be able to own a gun.,S,,IP,,S,,IP,,S,,IP,
893,BUSH,I believe in background checks at gun shows or anywhere to make sure that guns don’t get in the hands of people that shouldn’t have them.,S,,IP,,S,,IP,,S,,IP,
894,BUSH,But the best way to protect our citizens from guns is to prosecute those who commit crimes with guns.,S,,,,S,,,,S,,,
895,BUSH,And that’s why early in my administration I called the attorney general and the U.,S; IAFA,,IT,,S; IAFA,,IT,,S; IAFA,,IT,
896,BUSH,S.,S,,,,S,,,,S,,,
897,BUSH,attorneys and said: Put together a task force all around the country to prosecute those who commit crimes with guns.,S,,IT,,S,,IT,,S,,IT,
898,BUSH,And the prosecutions are up by about 68 percent — I believe — is the number.,S-Inform,,IT; SE,,S-Inform,,IT; SE,,S-Inform,,IT; SE,
899,BUSH,Neighborhoods are safer when we crack down on people who commit crimes with guns.,S,,,,S,,,,S,,,
900,BUSH,"To me, that’s the best way to secure America.",S,,IP,,S,,IP,,S,,IP,
901,SCHIEFFER,Senator?,TG,,,,TG,,,,TG,,,
902,KERRY,I believe it was a failure of presidential leadership not to reauthorize the assault weapons ban.,S; CH,,IP; ATTR; REB,,S; CH,,IP; ATTR; REB,,S; CH,,IP; ATTR; REB,
903,KERRY,I am a hunter.,S,,,,S,,,,S,,,
904,KERRY,I’m a gun owner.,S,,,,S,,,,S,,,
905,KERRY,"I’ve been a hunter since I was a kid, 12, 13 years old.",S,,,,S,,,,S,,,
906,KERRY,And I respect the Second Amendment and I will not tamper with the Second Amendment.,S,,APAT; IP,,S,,APAT; IP,,S,,APAT; IP,
907,KERRY,But I’ll tell you this.,TT,,,,TT,,,,TT,,,
908,KERRY,I’m also a former law enforcement officer.,S,,IT,,S,,IT,,S,,IT,
909,KERRY,"I ran one of the largest district attorney’s offices in America, one of the ten largest.",S-Inform,,IT,,S-Inform,,IT,,S-Inform,,IT,
910,KERRY,I put people behind bars for the rest of their life.,S,,IT,,S,,IT,,S,,IT,
911,KERRY,I’ve broken up organized crime.,S,,IT,,S,,IT,,S,,IT,
912,KERRY,I know something about prosecuting.,S,,IT,,S,,IT,,S,,IT,
913,KERRY,And most of the law enforcement agencies in America wanted that assault weapons ban.,S-Inform,,SE,,S-Inform,,SE,,S-Inform,,SE,
914,KERRY,They don’t want to go into a drug bust and be facing an AK-47.,S,,AF,,S,,AF,,S,,AF,
915,KERRY,"I was hunting in Iowa last year with a sheriff from one of the counties there, and he pointed to a house in back of us, and said, “See the house over?",S; HS,,,,S; HS,,,,S; HS,,,
916,KERRY,"We just did a drug bust a week earlier, and the guy we arrested had an AK-47 lying on the bed right beside him.",S,,AF,,S,,AF,,S,,AF,
917,KERRY,"“ Because of the president’s decision today, law enforcement officers will walk into a place that will be more dangerous.",S; CH,,AF; ATTR,,S; CH,,AF; ATTR,,S; CH,,AF; ATTR,
918,KERRY,"Terrorists can now come into America and go to a gun show and, without even a background check, buy an assault weapon today.",S,,AF,,S,,AF,,S,,AF,
919,KERRY,"And that’s what Osama bin Laden’s handbook said, because we captured it in Afghanistan.",S-Inform,,AF,,S-Inform,,AF,,S-Inform,,AF,
920,KERRY,It encouraged them to do it.,S,,AF,,S,,AF,,S,,AF,
921,KERRY,So I believe America’s less safe.,S; IAFA,,AF; IP,,S; IAFA,,AF; IP,,S; IAFA,,AF; IP,
922,KERRY,"If Tom DeLay or someone in the House said to me, “Sorry, we don’t have the votes,” I’d have said, “Then we’re going to have a fight.",S,,IT,,S,,IT,,S,,IT,
923,KERRY,“ And I’d have taken it out to the country and I’d have had every law enforcement officer in the country visit those congressmen.,S,,IT,,S,,IT,,S,,IT,
924,KERRY,We’d have won what Bill Clinton won.,S; HS,,IT,,S; HS,,IT,,S; HS,,IT,
925,SCHIEFFER,Let’s go to a new question.,IAFA; MS,,,,IAFA; MS,,,,IAFA; MS,,,
926,SCHIEFFER,"For you, Senator Kerry, two minutes.",TG,,,,TG,,,,TG,,,
927,SCHIEFFER,"Affirmative action: Do you see a need for affirmative action programs, or have we moved far enough along that we no longer need to use race and gender as a factor in school admissions and federal and state contracts and so on?",YNQ; OQ,,RB; GB; CB,,YNQ; OQ,,RB; GB; CB,,YNQ; OQ,,RB; GB; CB,
928,KERRY,"No, Bob, regrettably, we have not moved far enough along.",S; ANS,,IP,,S; ANS,,IP,,S; ANS,,IP,
929,KERRY,And I regret to say that this administration has even blocked steps that could help us move further along.,S; CH,,ATTR; REB,,S; CH,,ATTR; REB,,S; CH,,ATTR; REB,
930,KERRY,I’ll give you an example.,S; TT,,,,S; TT,,,,S; TT,,,
931,KERRY,I served on the Small Business Committee for a long time.,S; HS,,IT,,S; HS,,IT,,S; HS,,IT,
932,KERRY,I was chairman of it once.,S; HS,,IT,,S; HS,,IT,,S; HS,,IT,
933,KERRY,Now I’m the senior Democrat on it.,S,,IT,,S,,IT,,S,,IT,
934,KERRY,"We used to — you know, we have a goal there for minority set-aside programs, to try to encourage ownership in the country.",S,,,,S,,,,S,,,
935,KERRY,They don’t reach those goals.,S; CH,,ATTR; REB,,S; CH,,ATTR; REB,,S; CH,,ATTR; REB,
936,KERRY,They don’t even fight to reach those goals.,S; CH,,ATTR; REB,,S; CH,,ATTR; REB,,S; CH,,ATTR; REB,
937,KERRY,They’ve tried to undo them.,S; CH,,ATTR; REB,,S; CH,,ATTR; REB,,S; CH,,ATTR; REB,
938,KERRY,"The fact is that in too many parts of our country, we still have discrimination.",S,,IP,,S,,IP,,S,,IP,
939,KERRY,And affirmative action is not just something that applies to people of color.,S,,IP,,S,,IP,,S,,IP,
940,KERRY,Some people have a mistaken view of it in America.,S,,,,S,,,,S,,,
941,KERRY,"It also is with respect to women, it’s with respect to other efforts to try to reach out and be inclusive in our country.",S,,UF,,S,,UF,,S,,UF,
942,KERRY,"I think that we have a long way to go, regrettably.",S; INT,,IP,,S; INT,,IP,,S; INT,,IP,
943,KERRY,"If you look at what’s happened — we’ve made progress, I want to say that at the same time.",S,,IT,,S,,IT,,S,,IT,
944,KERRY,"During the Clinton years, as you may recall, there was a fight over affirmative action.",S; HS,,,,S; HS,,,,S; HS,,,
945,KERRY,"And there were many people, like myself, who opposed quotas, who felt there were places where it was overreaching.",S; HS,,IP,,S; HS,,IP,,S; HS,,IP,
946,KERRY,"So we had a policy called “Mend it, don’t end it.",S,,,,S,,,,S,,,
947,KERRY,“We fixed it.,S,,IT,,S,,IT,,S,,IT,
948,KERRY,"And we fixed it for a reason: because there are too many people still in this country who feel the stark resistance of racism, and so we have a distance to travel.",S; EXPL,,AE; RB,,S; EXPL,,AE; RB,,S; EXPL,,AE; RB,
949,KERRY,"As president, I will make certain we travel it.",S,,IT,,S,,IT,,S,,IT,
950,KERRY,"Now, let me just share something.",TT,,,,TT,,,,TT,,,
951,KERRY,"This president is the first president ever, I think, not to meet with the NAACP.",S-Inform; CH,,ATTR; REB; RB; SE,,S-Inform; CH,,ATTR; REB; RB; SE,,S-Inform; CH,,ATTR; REB; RB; SE,
952,KERRY,This is a president who hasn’t met with the Black Congressional Caucus.,S; CH,,ATTR; REB; RB,,S; CH,,ATTR; REB; RB,,S; CH,,ATTR; REB; RB,
953,KERRY,This is a president who has not met with the civil rights leadership of our country.,S; CH,,ATTR; REB; RB,,S; CH,,ATTR; REB; RB,,S; CH,,ATTR; REB; RB,
954,KERRY,"If a president doesn’t reach out and bring people in and be inclusive, then how are we going to get over those barriers?",Q-RHET,,REB; CB,,Q-RHET,,REB; CB,,Q-RHET,,REB; CB,
955,KERRY,"I see that as part of my job as president, and I’ll make my best effort to do it.",S; IAFA-OF,,IT; IP,,S; IAFA-OF,,IT; IP,,S; IAFA-OF,,IT; IP,
956,SCHIEFFER,Mr.,TG,,,,TG,,,,TG,,,
957,SCHIEFFER,President?,TG,,,,TG,,,,TG,,,
958,BUSH,"Well, first of all, it is just not true that I haven’t met with the Black Congressional Caucus.",DIS; REJ; CH,,IP; REB,,DIS; REJ; CH,,IP; REB,,DIS; REJ; CH,,IP; REB,
959,BUSH,I met with the Black Congressional Caucus at the White House.,S-Inform; EXPL,,REB,,S-Inform; EXPL,,REB,,S-Inform; EXPL,,REB,
960,BUSH,"And secondly, like my opponent, I don’t agree we ought to have quotas.",S; DIS,,IP; REB,,S; DIS,,IP; REB,,S; DIS,,IP; REB,
961,BUSH,"I agree, we shouldn’t have quotas.",S; AGR,,,,S; AGR,,,,S; AGR,,,
962,BUSH,"But we ought to have an aggressive effort to make sure people are educated, to make sure when they get out of high school there’s Pell Grants available for them, which is what we’ve done.",S; IAFA-OF,,IT,,S; IAFA-OF,,IT,,S; IAFA-OF,,IT,
963,BUSH,We’ve expanded Pell Grants by a million students.,S-Inform,,IT,,S-Inform,,IT,,S-Inform,,IT,
964,BUSH,"Do you realize today in America, we spend $73 billion to help 10 million low- and middle-income families better afford college?",YNQ; S-Inform,,IT,,YNQ; S-Inform,,IT,,YNQ; S-Inform,,IT,
965,BUSH,"That’s the access I believe is necessary, is to make sure every child learns to read, write, add and subtract early, to be able to build on that education by going to college so they can start their careers with a college diploma.",S; IAFA-OF,,IP,,S; IAFA-OF,,IP,,S; IAFA-OF,,IP,
966,BUSH,"I believe the best way to help our small businesses is not only through small-business loans, which we have increased since I’ve been the president of the United States, but to unbundle government contracts so people have a chance to be able to bid and receive a contract to help get their business going.",S,,IT; IP,,S,,IT; IP,,S,,IT; IP,
967,BUSH,"Minority ownership of businesses are up, because we created an environment for the entrepreneurial spirit to be strong.",S-Inform; EXPL,,IT,,S-Inform; EXPL,,IT,,S-Inform; EXPL,,IT,
968,BUSH,I believe part of a hopeful society is one in which somebody owns something.,S,,IP,,S,,IP,,S,,IP,
969,BUSH,Today in America more minorities own a home than ever before.,S-Inform,,IT,,S-Inform,,IT,,S-Inform,,IT,
970,BUSH,"And that’s hopeful, and that’s positive.",S,,,,S,,,,S,,,
971,SCHIEFFER,Mr.,TT,,,,TT,,,,TT,,,
972,SCHIEFFER,"President, let’s go to a new question.",TT; MS,,,,TT; MS,,,,TT; MS,,,
973,SCHIEFFER,"You were asked before the invasion, or after the invasion, of Iraq if you’d checked with your dad.",S; HS,,,,S; HS,,,,S; HS,,,
974,SCHIEFFER,"And I believe, I don’t remember the quote exactly, but I believe you said you had checked with a higher authority.",S; HS,,,,S; HS,,,,S; HS,,,
975,SCHIEFFER,"I would like to ask you, what part does your faith play on your policy decisions?",Q-W; OQ,,,,Q-W; OQ,,,,Q-W; OQ,,,
976,SCHIEFFER,"First, my faith plays a lot — a big part in my life.",S; ANS,,IP,,S; ANS,,IP,,S; ANS,,IP,
977,SCHIEFFER,"And that’s, when I was answering that question, what I was really saying to the person was that I pray a lot.",S; EXPL,,,,S; EXPL,,,,S; EXPL,,,
978,SCHIEFFER,And I do.,S,,,,S,,,,S,,,
979,SCHIEFFER,And my faith is a very — it’s very personal.,S,,IP,,S,,IP,,S,,IP,
980,SCHIEFFER,I pray for strength.,S,,,,S,,,,S,,,
981,SCHIEFFER,I pray for wisdom.,S,,,,S,,,,S,,,
982,SCHIEFFER,I pray for our troops in harm’s way.,S,,,,S,,,,S,,,
983,SCHIEFFER,I pray for my family.,S,,,,S,,,,S,,,
984,SCHIEFFER,I pray for my little girls.,S,,,,S,,,,S,,,
985,SCHIEFFER,But I’m mindful in a free society that people can worship if they want to or not.,S,,APAT,,S,,APAT,,S,,APAT,
986,SCHIEFFER,You’re equally an American if you choose to worship an almighty and if you choose not to.,S,,APAT; UF,,S,,APAT; UF,,S,,APAT; UF,
987,SCHIEFFER,"If you’re a Christian, Jew or Muslim, you’re equally an American.",S,,APAT; UF,,S,,APAT; UF,,S,,APAT; UF,
988,SCHIEFFER,"That’s the great thing about America, is the right to worship the way you see fit.",S,,AP; APAT,,S,,AP; APAT,,S,,AP; APAT,
989,SCHIEFFER,Prayer and religion sustain me.,S,,IP,,S,,IP,,S,,IP,
990,SCHIEFFER,I receive calmness in the storms of the presidency.,S,,IP,,S,,IP,,S,,IP,
991,SCHIEFFER,I love the fact that people pray for me and my family all around the country.,S,,AE,,S,,AE,,S,,AE,
992,SCHIEFFER,"Somebody asked me one time, “Well, how do you know?",S; HS,,,,S; HS,,,,S; HS,,,
993,SCHIEFFER,"“I said, “I just feel it.",S,,,,S,,,,S,,,
994,SCHIEFFER,“ Religion is an important part.,S,,,,S,,,,S,,,
995,SCHIEFFER,I never want to impose my religion on anybody else.,S,,IP,,S,,IP,,S,,IP,
996,SCHIEFFER,"But when I make decisions, I stand on principle, and the principles are derived from who I am.",S,,IP,,S,,IP,,S,,IP,
997,SCHIEFFER,"I believe we ought to love our neighbor like we love ourself, as manifested in public policy through the faith-based initiative where we’ve unleashed the armies of compassion to help heal people who hurt.",S,,APAT; IT; IP,,S,,APAT; IT; IP,,S,,APAT; IT; IP,
998,SCHIEFFER,I believe that God wants everybody to be free.,S,,APAT; IP,,S,,APAT; IP,,S,,APAT; IP,
999,SCHIEFFER,That’s what I believe.,S,,IP,,S,,IP,,S,,IP,
1000,SCHIEFFER,And that’s been part of my foreign policy.,S,,IT,,S,,IT,,S,,IT,
1001,SCHIEFFER,"In Afghanistan, I believe that the freedom there is a gift from the Almighty.",S; IAFA-OF,,APAT; IP,,S; IAFA-OF,,APAT; IP,,S; IAFA-OF,,APAT; IP,
1002,SCHIEFFER,And I can’t tell you how encouraged I am to see freedom on the march.,S,,AE; IP,,S,,AE; IP,,S,,AE; IP,
1003,SCHIEFFER,"And so my principles that I make decisions on are a part of me, and religion is a part of me.",S,,IP,,S,,IP,,S,,IP,
1004,SCHIEFFER,Senator Kerry?,TG,,,,TG,,,,TG,,,
1005,KERRY,"Well, I respect everything that the president has said and certainly respect his faith.",S; AGR,,IP,,S; AGR,,IP,,S; AGR,,IP,
1006,KERRY,I think it’s important and I share it.,S,,IP,,S,,IP,,S,,IP,
1007,KERRY,I think that he just said that freedom is a gift from the Almighty.,S,,IP,,S,,IP,,S,,IP,
1008,KERRY,Everything is a gift from the Almighty.,S,,,,S,,,,S,,,
1009,KERRY,"And as I measure the words of the Bible — and we all do; different people measure different things — the Koran, the Torah, or, you know, Native Americans who gave me a blessing the other day had their own special sense of connectedness to a higher being.",S,,IP; CBias,,S,,IP; CBias,,S,,IP; CBias,
1010,KERRY,And people all find their ways to express it.,S,,,,S,,,,S,,,
1011,KERRY,"I was taught — I went to a church school and I was taught that the two greatest commandments are: Love the Lord, your God, with all your mind, your body and your soul, and love your neighbor as yourself.",S; HS,,IP; CBias,,S; HS,,IP; CBias,,S; HS,,IP; CBias,
1012,KERRY,"And frankly, I think we have a lot more loving of our neighbor to do in this country and on this planet.",S; IAFA,,,,S; IAFA,,,,S; IAFA,,,
1013,KERRY,We have a separate and unequal school system in the United States of America.,S,,CB,,S,,CB,,S,,CB,
1014,KERRY,"There’s one for the people who have, and there’s one for the people who don’t have.",S,,CB,,S,,CB,,S,,CB,
1015,KERRY,And we’re struggling with that today.,S,,,,S,,,,S,,,
1016,KERRY,And the president and I have a difference of opinion about how we live out our sense of our faith.,S,,IP; REB,,S,,IP; REB,,S,,IP; REB,
1017,KERRY,I talked about it earlier when I talked about the works and faith without works being dead.,S; HS,,,,S; HS,,,,S; HS,,,
1018,KERRY,I think we’ve got a lot more work to do.,S,,IP,,S,,IP,,S,,IP,
1019,KERRY,"And as president, I will always respect everybody’s right to practice religion as they choose — or not to practice — because that’s part of America.",S,,APAT; IP,,S,,APAT; IP,,S,,APAT; IP,
1020,SCHIEFFER,"Senator Kerry, after 9/11 — and this is a new question for you — it seemed to me that the country came together as I’ve never seen it come together since World War II.",S; HS,,UF,,S; HS,,UF,,S; HS,,UF,
1021,SCHIEFFER,But some of that seems to have melted away.,S,,,,S,,,,S,,,
1022,SCHIEFFER,"I think it’s fair to say we’ve become pretty polarized, perhaps because of the political season.",S; INT,,,,S; INT,,,,S; INT,,,
1023,SCHIEFFER,"But if you were elected president, or whoever is elected president, will you set a priority in trying to bring the nation back together?",YNQ; OQ,,,,YNQ; OQ,,,,YNQ; OQ,,,
1024,SCHIEFFER,Or what would be your attitude on that?,Q-W; OQ; TG,,,,Q-W; OQ; TG,,,,Q-W; OQ; TG,,,
1025,KERRY,Very much so.,ANS,,,,ANS,,,,ANS,,,
1026,KERRY,"Let me pay a compliment to the president, if I may.",TT,,,,TT,,,,TT,,,
1027,KERRY,"I think in those days after 9/11, I thought the president did a terrific job.",S; INT,,IP,,S; INT,,IP,,S; INT,,IP,
1028,KERRY,"And I really was moved, as well as impressed, by the speech that he gave to the Congress.",S; HS,,AE; IP,,S; HS,,AE; IP,,S; HS,,AE; IP,
1029,KERRY,"And I think the hug Tom Daschle gave him at that moment was about as genuine a sense of there being no Democrats, no Republicans, we were all just Americans.",S; HS,,UF; IP,,S; HS,,UF; IP,,S; HS,,UF; IP,
1030,KERRY,That’s where we were.,S,,UF,,S,,UF,,S,,UF,
1031,KERRY,That’s not where we are today.,S,,,,S,,,,S,,,
1032,KERRY,"I regret to say that the president who called himself a uniter, not a divider, is now presiding over the most divided America in the recent memory of our country.",S; CH,,PER; ATTR; REB,,S; CH,,PER; ATTR; REB,,S; CH,,PER; ATTR; REB,
1033,KERRY,I’ve never seen such ideological squabbles in the Congress of the United States.,S; HS,,,,S; HS,,,,S; HS,,,
1034,KERRY,I’ve never seen members of a party locked out of meetings the way they’re locked out today.,S,,ATTR,,S,,ATTR,,S,,ATTR,
1035,KERRY,We have to change that.,S,,UF,,S,,UF,,S,,UF,
1036,KERRY,"And as president, I am committed to changing that.",S,,IP,,S,,IP,,S,,IP,
1037,KERRY,I don’t care if the idea comes from the other side or this side.,S,,UF; IP,,S,,UF; IP,,S,,UF; IP,
1038,KERRY,I think we have to come together and work to change it.,S,,UF; IP,,S,,UF; IP,,S,,UF; IP,
1039,KERRY,And I’ve done that.,S,,IT,,S,,IT,,S,,IT,
1040,KERRY,"Over 20 years in the United States Senate, I’ve worked with John McCain, who’s sitting here, I’ve worked with other colleagues.",S; HS,,IT,,S; HS,,IT,,S; HS,,IT,
1041,KERRY,I’ve reached across the aisle.,S; IAFA,,IT,,S; IAFA,,IT,,S; IAFA,,IT,
1042,KERRY,"I’ve tried to find the common ground, because that’s what makes us strong as Americans.",S; EXPL,,AP; UF; IT,,S; EXPL,,AP; UF; IT,,S; EXPL,,AP; UF; IT,
1043,KERRY,"And if Americans trust me with the presidency, I can pledge to you, we will have the most significant effort, openly — not secret meetings in the White House with special interests, not ideologically driven efforts to push people aside — but a genuine effort to try to restore America’s hope and possibilities by bringing people together.",S,,AE; UF; IP,,S,,AE; UF; IP,,S,,AE; UF; IP,
1044,KERRY,"And one of the ways we’re going to do it is, I’m going to work with my friend, John McCain, to further campaign finance reform so we get these incredible amounts of money out of the system and open it up to average people, so America is really represented by the people who make up America.",S,,UF; IT,,S,,UF; IT,,S,,UF; IT,
1045,SCHIEFFER,Mr.,TG,,,,TG,,,,TG,,,
1046,SCHIEFFER,President?,TG,,,,TG,,,,TG,,,
1047,BUSH,My biggest disappointment in Washington is how partisan the town is.,S,,IP,,S,,IP,,S,,IP,
1048,BUSH,"I had a record of working with Republicans and Democrats as the governor of Texas, and I was hopeful I’d be able to do the same thing.",S; HS,,IT,,S; HS,,IT,,S; HS,,IT,
1049,BUSH,And we made good progress early on.,S,,IT,,S,,IT,,S,,IT,
1050,BUSH,"The No Child Left Behind Act, incredibly enough, was good work between me and my administration and people like Senator Ted Kennedy.",S-Inform; HS,,IT,,S-Inform; HS,,IT,,S-Inform; HS,,IT,
1051,BUSH,And we worked together with Democrats to relieve the tax burden on the middle class and all who pay taxes in order to make sure this economy continues to grow.,S; INT,,UF; IT,,S; INT,,UF; IT,,S; INT,,UF; IT,
1052,BUSH,But Washington is a tough town.,S,,,,S,,,,S,,,
1053,BUSH,"And the way I view it is there’s a lot of entrenched special interests there, people who are, you know, on one side of the issue or another and they spend enormous sums of money and they convince different senators to taut their way or different congressmen to talk about their issue, and they dig in.",S,,PB,,S,,PB,,S,,PB,
1054,BUSH,"I’ll continue, in the four years, to continue to try to work to do so.",S,,IT,,S,,IT,,S,,IT,
1055,BUSH,My opponent said this is a bitterly divided time.,S,,REB,,S,,REB,,S,,REB,
1056,BUSH,Pretty divided in the 2000 election.,S,,SE,,S,,SE,,S,,SE,
1057,BUSH,"So in other words, it’s pretty divided during the 1990s as well.",S; EXPL,,SE,,S; EXPL,,SE,,S; EXPL,,SE,
1058,BUSH,"We’re just in a period — we’ve got to work to bring it — my opponent keeps mentioning John McCain, and I’m glad he did.",S; MS,,UF,,S; MS,,UF,,S; MS,,UF,
1059,BUSH,John McCain is for me for president because he understands I have the right view in winning the war on terror and that my plan will succeed in Iraq.,S,,IT; IP,,S,,IT; IP,,S,,IT; IP,
1060,BUSH,And my opponent has got a plan of retreat and defeat in Iraq.,S; CH,,AF; ATTR; REB,,S; CH,,AF; ATTR; REB,,S; CH,,AF; ATTR; REB,
1061,SCHIEFFER,"We’ve come, gentlemen, to our last question.",S; MS,,,,S; MS,,,,S; MS,,,
1062,SCHIEFFER,And it occurred to me as I came to this debate tonight that the three of us share something.,S,,,,S,,,,S,,,
1063,SCHIEFFER,All three of us are surrounded by very strong women.,S,,,,S,,,,S,,,
1064,SCHIEFFER,We’re all married to strong women.,S,,,,S,,,,S,,,
1065,SCHIEFFER,Each of us have two daughters that make us very proud.,S,,,,S,,,,S,,,
1066,SCHIEFFER,"I’d like to ask each of you, what is the most important thing you’ve learned from these strong women?",Q-W; OQ; TG,,,,Q-W; OQ; TG,,,,Q-W; OQ; TG,,,
1067,BUSH,To listen to them.,ANS,,,,ANS,,,,ANS,,,
1068,BUSH,To stand up straight and not scowl.,ANS,,,,ANS,,,,ANS,,,
1069,BUSH,I love the strong women around me.,S,,,,S,,,,S,,,
1070,BUSH,I can’t tell you how much I love my wife and our daughters.,S,,AE,,S,,AE,,S,,AE,
1071,BUSH,I am — you know it’s really interesting.,S,,,,S,,,,S,,,
1072,BUSH,"I tell the people on the campaign trail, when I asked Laura to marry me, she said, “Fine, just so long as I never have to give a speech.",S,,,,S,,,,S,,,
1073,BUSH,"“I said, “OK, you’ve got a deal.",S,,,,S,,,,S,,,
1074,BUSH,"“Fortunately, she didn’t hold me to that deal.",S,,,,S,,,,S,,,
1075,BUSH,And she’s out campaigning along with our girls.,S,,,,S,,,,S,,,
1076,BUSH,And she speaks English a lot better than I do.,S,,,,S,,,,S,,,
1077,BUSH,I think people understand what she’s saying.,S; IAFA,,IP,,S; IAFA,,IP,,S; IAFA,,IP,
1078,BUSH,"But they see a compassionate, strong, great first lady in Laura Bush.",S,,AE,,S,,AE,,S,,AE,
1079,BUSH,I can’t tell you how lucky I am.,S,,,,S,,,,S,,,
1080,BUSH,"When I met her in the backyard at Joe and Jan O’Neill’s in Midland, Texas, it was the classic backyard barbecue.",S; HS,,,,S; HS,,,,S; HS,,,
1081,BUSH,"O’Neill said, “Come on over.",S; IAFA,,,,S; IAFA,,,,S; IAFA,,,
1082,BUSH,I think you’ll find somebody who might interest you.,S; IAFA,,,,S; IAFA,,,,S; IAFA,,,
1083,BUSH,“So I said all right.,S,,,,S,,,,S,,,
1084,BUSH,Bopped over there.,S,,,,S,,,,S,,,
1085,BUSH,There was only four of us there.,S-Inform,,,,S-Inform,,,,S-Inform,,,
1086,BUSH,"And not only did she interest me, I guess you would say it was love at first sight.",S,,,,S,,,,S,,,
1087,SCHIEFFER,Senator Kerry?,TG,,,,TG,,,,TG,,,
1088,KERRY,"Well, I guess the president and you and I are three examples of lucky people who married up.",S; IAFA-OF,,IP,,S; IAFA-OF,,IP,,S; IAFA-OF,,IP,
1089,KERRY,And some would say maybe me more so than others.,S,,,,S,,,,S,,,
1090,KERRY,But I can take it.,S,,,,S,,,,S,,,
1091,KERRY,"Can I say, if I could just say a word about a woman that you didn’t ask about, but my mom passed away a couple years ago, just before I was deciding to run.",S; TT; T-REQ,,AE,,S; TT; T-REQ,,AE,,S; TT; T-REQ,,AE,
1092,KERRY,"And she was in the hospital, and I went in to talk to her and tell her what I was thinking of doing.",S,,AE,,S,,AE,,S,,AE,
1093,KERRY,"And she looked at me from her hospital bed and she just looked at me and she said, “Remember: integrity, integrity, integrity.",S,,AE,,S,,AE,,S,,AE,
1094,KERRY,“Those are the three words that she left me with.,S,,AE,,S,,AE,,S,,AE,
1095,KERRY,"And my daughters and my wife are people who just are filled with that sense of what’s right, what’s wrong.",S,,AE,,S,,AE,,S,,AE,
1096,KERRY,They also kick me around.,S,,,,S,,,,S,,,
1097,KERRY,They keep me honest.,S,,,,S,,,,S,,,
1098,KERRY,They don’t let me get away with anything.,S,,,,S,,,,S,,,
1099,KERRY,I can sometimes take myself too seriously.,S,,,,S,,,,S,,,
1100,KERRY,They surely don’t let me do that.,S,,,,S,,,,S,,,
1101,KERRY,"And I’m blessed, as I think the president is blessed, as I said last time.",S,,IP,,S,,IP,,S,,IP,
1102,KERRY,"I’ve watched him with the first lady, who I admire a great deal, and his daughters.",S,,IP,,S,,IP,,S,,IP,
1103,KERRY,He’s a great father.,S,,,,S,,,,S,,,
1104,KERRY,And I think we’re both very lucky.,S,,IP,,S,,IP,,S,,IP,
1105,SCHIEFFER,"Well, gentlemen, that brings us to the closing statements.",S; MS,,,,S; MS,,,,S; MS,,,
1106,SCHIEFFER,"Senator Kerry, I believe you’re first.",S; TG,,,,S; TG,,,,S; TG,,,
1107,KERRY,"My fellow Americans, as you heard from Bob Schieffer a moment ago, America is being tested by division.",S; GR,,AF; AE,,S; GR,,AF; AE,,S; GR,,AF; AE,
1108,KERRY,"More than ever, we need to be united as a country.",S,,UF,,S,,UF,,S,,UF,
1109,KERRY,"And, like Franklin Roosevelt, I don’t care whether an idea is a Republican idea or a Democrat idea.",S; HS,,UF; IP,,S; HS,,UF; IP,,S; HS,,UF; IP,
1110,KERRY,I just care whether it works for America and whether it’s going to make us stronger.,S,,AP; IP,,S,,AP; IP,,S,,AP; IP,
1111,KERRY,These are dangerous times.,S,,AF,,S,,AF,,S,,AF,
1112,KERRY,"I believe I offer tested, strong leadership that can calm the waters of the troubled world.",S,,IT; IP,,S,,IT; IP,,S,,IT; IP,
1113,KERRY,And I believe that we can together do things that are within the grasp of Americans.,S,,UF; IP,,S,,UF; IP,,S,,UF; IP,
1114,KERRY,We can lift our schools up.,S,,UF,,S,,UF,,S,,UF,
1115,KERRY,We can create jobs that pay more than the jobs we’re losing overseas.,S,,UF,,S,,UF,,S,,UF,
1116,KERRY,We can have health care for all Americans.,S,,UF,,S,,UF,,S,,UF,
1117,KERRY,We can further the cause of equality in our nation.,S,,UF,,S,,UF,,S,,UF,
1118,KERRY,Let me just make it clear: I will never allow any country to have a veto over our security.,S; TT,,AF; IP,,S; TT,,AF; IP,,S; TT,,AF; IP,
1119,KERRY,"Just as I fought for our country as a young man, with the same passion I will fight to defend this nation that I love.",S; HS,,AP; APAT; IT,,S; HS,,AP; APAT; IT,,S; HS,,AP; APAT; IT,
1120,KERRY,"And, with faith in God and with conviction in the mission of America, I believe that we can reach higher.",S,,APAT; UF; IP,,S,,APAT; UF; IP,,S,,APAT; UF; IP,
1121,KERRY,I believe we can do better.,S; IAFA-OF,,IP,,S; IAFA-OF,,IP,,S; IAFA-OF,,IP,
1122,KERRY,"I think the greatest possibilities of our country, our dreams and our hopes, are out there just waiting for us to grab onto them.",S,,AE; AP; IP,,S,,AE; AP; IP,,S,,AE; AP; IP,
1123,KERRY,And I ask you to embark on that journey with me.,IAFA,,AE; UF,,IAFA,,AE; UF,,IAFA,,AE; UF,
1124,KERRY,I ask you for your trust.,IAFA,,AE,,IAFA,,AE,,IAFA,,AE,
1125,KERRY,I ask you for your help.,IAFA,,AE,,IAFA,,AE,,IAFA,,AE,
1126,KERRY,"I ask you to allow me the privilege of leading this great nation of ours, of helping us to be stronger here at home and to be respected again in the world and, most of all, to be safer forever.",IAFA,,AE; AP; APAT; UF,,IAFA,,AE; AP; APAT; UF,,IAFA,,AE; AP; APAT; UF,
1127,KERRY,Thank you.,THK,,,,THK,,,,THK,,,
1128,KERRY,Goodnight.,GR,,,,GR,,,,GR,,,
1129,KERRY,And God bless the United States of America.,S,,AP; APAT,,S,,AP; APAT,,S,,AP; APAT,
1130,SCHIEFFER,Mr.,GR,,,,GR,,,,GR,,,
1131,SCHIEFFER,President?,TG,,,,TG,,,,TG,,,
1132,BUSH,"In the Oval Office, there’s a painting by a friend of Laura and mine named — by Tom Lee.",S,,,,S,,,,S,,,
1133,BUSH,"And it’s a West Texas painting, a painting of a mountain scene.",S,,,,S,,,,S,,,
1134,BUSH,And he said this about it.,S,,,,S,,,,S,,,
1135,BUSH,"He said, “Sarah and I live on the east side of the mountain.",S,,,,S,,,,S,,,
1136,BUSH,"It’s the sunrise side, not the sunset side.",S,,,,S,,,,S,,,
1137,BUSH,"It’s the side to see the day that is coming, not to see the day that is gone.",S,,AE,,S,,AE,,S,,AE,
1138,BUSH,"“ I love the optimism in that painting, because that’s how I feel about America.",S; IAFA,,AP; IP,,S; IAFA,,AP; IP,,S; IAFA,,AP; IP,
1139,BUSH,And we’ve been through a lot together during the last 3 3/4 years.,S,,UF,,S,,UF,,S,,UF,
1140,BUSH,"We’ve come through a recession, a stock market decline, an attack on our country.",S; HS,,AF; UF,,S; HS,,AF; UF,,S; HS,,AF; UF,
1141,BUSH,"And yet, because of the hard work of the American people and good policies, this economy is growing.",S,,IT,,S,,IT,,S,,IT,
1142,BUSH,"Over the next four years, we’ll make sure the economy continues to grow.",S,,,,S,,,,S,,,
1143,BUSH,"We reformed our school system, and now there’s an achievement gap in America that’s beginning to close.",S,,IT,,S,,IT,,S,,IT,
1144,BUSH,"Over the next four years, we’ll continue to insist on excellence in every classroom in America so that our children have a chance to realize the great promise of America.",S,,AP; UF,,S,,AP; UF,,S,,AP; UF,
1145,BUSH,"Over the next four years, we’ll continue to work to make sure health care is available and affordable.",S,,,,S,,,,S,,,
1146,BUSH,"Over the next four years, we’ll continue to rally the armies of compassion, to help heal the hurt that exists in some of our country’s neighborhoods.",S,,AE; UF,,S,,AE; UF,,S,,AE; UF,
1147,BUSH,"I’m optimistic that we’ll win the war on terror, but I understand it requires firm resolve and clear purpose.",S,,AF; IP,,S,,AF; IP,,S,,AF; IP,
1148,BUSH,We must never waver in the face of this enemy that — these ideologues of hate.,S,,AF; UF,,S,,AF; UF,,S,,AF; UF,
1149,BUSH,"And as we pursue the enemy wherever it exists, we’ll also spread freedom and liberty.",S,,APAT,,S,,APAT,,S,,APAT,
1150,BUSH,"We got great faith in the ability of liberty to transform societies, to convert a hostile world to a peaceful world.",S,,AP; APAT,,S,,AP; APAT,,S,,AP; APAT,
1151,BUSH,"My hope for America is a prosperous America, a hopeful America and a safer world.",S,,AP; APAT; IP,,S,,AP; APAT; IP,,S,,AP; APAT; IP,
1152,BUSH,I want to thank you for listening tonight.,THK,,,,THK,,,,THK,,,
1153,BUSH,I’m asking for your vote.,S,,,,S,,,,S,,,
1154,BUSH,God bless you.,GR,,APAT,,GR,,APAT,,GR,,APAT,
1155,SCHIEFFER,"Thank you, Mr.",THK,,,,THK,,,,THK,,,
1156,SCHIEFFER,President.,S,,,,S,,,,S,,,
1157,SCHIEFFER,"Thank you, Senator Kerry.",THK,,,,THK,,,,THK,,,
1158,SCHIEFFER,"Well, that brings these debates to a close, but the campaign goes on.",S,,,,S,,,,S,,,
1159,SCHIEFFER,I want to wish both of you the very best of luck between now and Election Day.,S,,,,S,,,,S,,,
1160,SCHIEFFER,"That’s it for us from Arizona State University in Tempe, Arizona.",S,,,,S,,,,S,,,
1161,SCHIEFFER,I’m Bob Schieffer at CBS News.,S,,,,S,,,,S,,,
1162,SCHIEFFER,"Goodnight, everyone.",GR,,,,GR,,,,GR,,,
1163,KERRY,.,S,,,,S,,,,S,,,
1164,KERRY,.,S,,,,S,,,,S,,,
