unit_id,speaker,text,Annotator 1 - Phase A (DAMSL),Annotator 1 - Phase A notes,Annotator 1 - Phase B (Beads),Annotator 1 - Phase B notes,Annotator 2 - Phase A (DAMSL),Annotator 2 - Phase A notes,Annotator 2 - Phase B (Beads),Annotator 2 - Phase B notes,Annotator 3 - Phase A (DAMSL),Annotator 3 - Phase A notes,Annotator 3 - Phase B (Beads),Annotator 3 - Phase B notes
1,GIBSON,Good evening from the Field House at Washington University in St.,GR,,,,GR,,,,GR,,,
2,GIBSON,Louis.,S,,,,S,,,,S,,,
3,GIBSON,I’m Charles Gibson of ABC News and “Good Morning America.,S,,,,S,,,,S,,,
4,GIBSON,” I welcome you to the second of the 2004 presidential debates between President George W.,S-Inform; GR,,,,S-Inform; GR,,,,S-Inform; GR,,,
5,GIBSON,"Bush, the Republican nominee, and Senator John Kerry, the Democratic nominee.",S,,,,S,,,,S,,,
6,GIBSON,The debates are sponsored by the Commission on Presidential Debates.,S,,,,S,,,,S,,,
7,GIBSON,Tonight’s format is going to be a bit different.,S,,,,S,,,,S,,,
8,GIBSON,We have assembled a town-hall meeting.,S,,,,S,,,,S,,,
9,GIBSON,"We’re in the Show-Me State, as everyone knows Missouri to be, so Missouri residents will ask the questions.",S,,,,S,,,,S,,,
10,GIBSON,These 140 citizens were identified by the Gallup Organization as not yet committed in this election.,S-Inform,,,,S-Inform,,,,S-Inform,,,
11,GIBSON,"Now, earlier today, each audience member gave me two questions on cards like this, one they’d like to ask the president, the other they’d like to ask the senator.",S,,,,S,,,,S,,,
12,GIBSON,I have selected the questions to be asked and the order.,S,,,,S,,,,S,,,
13,GIBSON,"No one has seen the final list of questions but me, certainly not the candidates.",S,,,,S,,,,S,,,
14,GIBSON,No audience member knows if he or she will be called upon.,S,,,,S,,,,S,,,
15,GIBSON,Audience microphones will be turned off after a question is asked.,S,,,,S,,,,S,,,
16,GIBSON,Audience members will address their question to a specific candidate.,S,,,,S,,,,S,,,
17,GIBSON,He’ll have two minutes to answer.,S-Inform,,,,S-Inform,,,,S-Inform,,,
18,GIBSON,The other candidate will have a minute and a half for rebuttal.,S-Inform,,,,S-Inform,,,,S-Inform,,,
19,GIBSON,"And I have the option of extending discussion for one minute, to be divided equally between the two men.",S-Inform,,,,S-Inform,,,,S-Inform,,,
20,GIBSON,All subjects are open for discussion.,S,,,,S,,,,S,,,
21,GIBSON,And you probably know the light system by now.,S,,,,S,,,,S,,,
22,GIBSON,"Green light at 30 seconds, yellow at 15, red at five, and flashing red means you’re done.",S-Inform,,,,S-Inform,,,,S-Inform,,,
23,GIBSON,Those are the candidates’ rules.,S,,,,S,,,,S,,,
24,GIBSON,"I will hold the candidates to the time limits forcefully but politely, I hope.",S,,,,S,,,,S,,,
25,GIBSON,"And now, please join me in welcoming with great respect, President Bush and Senator Kerry.",GR,,,,GR,,,,GR,,,
26,GIBSON,"Gentlemen, to the business at hand.",MS,,,,MS,,,,MS,,,
27,GIBSON,"The first question is for Senator Kerry, and it will come from Cheryl Otis, who is right behind me.",S,,,,S,,,,S,,,
28,OTIS,"Senator Kerry, after talking with several co-workers and family and friends, I asked the ones who said they were not voting for you, “Why?",Q-W; S,,,,Q-W; S,,,,Q-W; S,,,
29,OTIS,” They said that you were too wishy-washy.,S,,,,S,,,,S,,,
30,OTIS,Do you have a reply for them?,YNQ,,,,YNQ,,,,YNQ,,,
31,KERRY,"Yes, I certainly do.",ANS,,,,ANS,,,,ANS,,,
32,KERRY,"But let me just first, Cheryl, if you will, I want to thank Charlie for moderating.",THK; TT,,,,THK; TT,,,,THK; TT,,,
33,KERRY,I want to thank Washington University for hosting us here this evening.,THK,,,,THK,,,,THK,,,
34,KERRY,Mr.,S,,,,S,,,,S,,,
35,KERRY,"President, it’s good to be with you again this evening, sir.",GR,,,,GR,,,,GR,,,
36,KERRY,"Cheryl, the president didn’t find weapons of mass destruction in Iraq, so he’s really turned his campaign into a weapon of mass deception.",S; CH,,PER; ATTR; REB; SE,,S; CH,,PER; ATTR; REB; SE,,S; CH,,PER; ATTR; REB; SE,
37,KERRY,And the result is that you’ve been bombarded with advertisements suggesting that I’ve changed a position on this or that or the other.,S,,ATTR; REB,,S,,ATTR; REB,,S,,ATTR; REB,
38,KERRY,"Now, the three things they try to say I’ve changed position on are the Patriot Act; I haven’t.",S; REJ,,REB,,S; REJ,,REB,,S; REJ,,REB,
39,KERRY,I support it.,S,,IP,,S,,IP,,S,,IP,
40,KERRY,"I just don’t like the way John Ashcroft has applied it, and we’re going to change a few things.",S,,IP; ATTR,,S,,IP; ATTR,,S,,IP; ATTR,
41,KERRY,The chairman of the Republican Party thinks we ought to change a few things.,S; S-Inform,,,,S; S-Inform,,,,S; S-Inform,,,
42,KERRY,"No Child Left Behind Act, I voted for it.",S,,,,S,,,,S,,,
43,KERRY,I support it.,S,,IP,,S,,IP,,S,,IP,
44,KERRY,I support the goals.,S,,IP,,S,,IP,,S,,IP,
45,KERRY,But the president has underfunded it by $28 billion.,S-Inform; CH,,ATTR; REB,,S-Inform; CH,,ATTR; REB,,S-Inform; CH,,ATTR; REB,
46,KERRY,Right here in St.,S,,,,S,,,,S,,,
47,KERRY,"Louis, you’ve laid off 350 teachers.",S-Inform; CH,,ATTR; REB,,S-Inform; CH,,ATTR; REB,,S-Inform; CH,,ATTR; REB,
48,KERRY,"You’re 150 — excuse me, I think it’s a little more, about $100 million shy of what you ought to be under the No Child Left Behind Act to help your education system here.",S-Inform; CORR,,REB; SE,,S-Inform; CORR,,REB; SE,,S-Inform; CORR,,REB; SE,
49,KERRY,So I complain about that.,S,,IP,,S,,IP,,S,,IP,
50,KERRY,I’ve argued that we should fully funded it.,S; IAFA,,IP,,S; IAFA,,IP,,S; IAFA,,IP,
51,KERRY,The president says I’ve changed my mind.,S,,REB,,S,,REB,,S,,REB,
52,KERRY,I haven’t changed my mind: I’m going to fully fund it.,S; CORR,,IP; REB,,S; CORR,,IP; REB,,S; CORR,,IP; REB,
53,KERRY,So these are the differences.,S,,,,S,,,,S,,,
54,KERRY,"Now, the president has presided over an economy where we’ve lost 1.",S-Inform; CH,,ATTR; REB,,S-Inform; CH,,ATTR; REB,,S-Inform; CH,,ATTR; REB,
55,KERRY,6 million jobs.,S-Inform,,,,S-Inform,,,,S-Inform,,,
56,KERRY,The first president in 72 years to lose jobs.,S-Inform; HS,,ATTR; SE,,S-Inform; HS,,ATTR; SE,,S-Inform; HS,,ATTR; SE,
57,KERRY,I have a plan to put people back to work.,S,,IT,,S,,IT,,S,,IT,
58,KERRY,That’s not wishy- washy.,S,,,,S,,,,S,,,
59,KERRY,I’m going to close the loopholes that actually encourage companies to go overseas.,S,,IT,,S,,IT,,S,,IT,
60,KERRY,The president wants to keep them open.,S; CH,,ATTR; REB,,S; CH,,ATTR; REB,,S; CH,,ATTR; REB,
61,KERRY,I think I’m right.,S,,IP,,S,,IP,,S,,IP,
62,KERRY,I think he’s wrong.,S; DIS,,IP; REB,,S; DIS,,IP; REB,,S; DIS,,IP; REB,
63,KERRY,I’m going to give you a tax cut.,S; IAFA-OF,,IT,,S; IAFA-OF,,IT,,S; IAFA-OF,,IT,
64,KERRY,"The president gave the top 1 percent of income-earners in America, got $89 billion last year, more than the 80 percent of people who earn $100,000 or less all put together.",S-Inform,,ATTR; REB; SE,,S-Inform,,ATTR; REB; SE,,S-Inform,,ATTR; REB; SE,
65,KERRY,I think that’s wrong.,S; DIS,,IP,,S; DIS,,IP,,S; DIS,,IP,
66,KERRY,"That’s not wishy-washy, and that’s what I’m fighting for, you.",S,,IP,,S,,IP,,S,,IP,
67,GIBSON,Mr.,S,,,,S,,,,S,,,
68,GIBSON,"President, a minute and a half.",S,,,,S,,,,S,,,
69,BUSH,"Charlie, thank you, and thank our panelists.",THK,,,,THK,,,,THK,,,
70,BUSH,"And, Senator, thank you.",THK,,,,THK,,,,THK,,,
71,BUSH,"I can — and thanks, Washington U.",THK,,,,THK,,,,THK,,,
72,BUSH,as well.,S,,,,S,,,,S,,,
73,BUSH,"I can see why people at your workplace think he changes positions a lot, because he does.",S; CH,,PER; ATTR; REB,,S; CH,,PER; ATTR; REB,,S; CH,,PER; ATTR; REB,
74,BUSH,"He said he voted for the $87 billion, and voted against it right before he voted for it.",S-Inform; CH,,ATTR; REB; SE,,S-Inform; CH,,ATTR; REB; SE,,S-Inform; CH,,ATTR; REB; SE,
75,BUSH,And that sends a confusing signal to people.,S,,REB,,S,,REB,,S,,REB,
76,BUSH,"He said he thought Saddam Hussein was a grave threat, and now he said it was a mistake to remove Saddam Hussein from power.",S; CH,,ATTR; REB,,S; CH,,ATTR; REB,,S; CH,,ATTR; REB,
77,BUSH,"No, I can see why people think that he changes position quite often, because he does.",S; ANS,,PER; REB,,S; ANS,,PER; REB,,S; ANS,,PER; REB,
78,BUSH,"You know, for a while he was a strong supporter of getting rid of Saddam Hussein.",S,,REB,,S,,REB,,S,,REB,
79,BUSH,"He saw the wisdom — until the Democrat primary came along and Howard Dean, the anti-war candidate, began to gain on him, and he changed positions.",S; HS,,PER; ATTR; REB,,S; HS,,PER; ATTR; REB,,S; HS,,PER; ATTR; REB,
80,BUSH,"I don’t see how you can lead this country in a time of war, in a time of uncertainty, if you change your mind because of politics.",S,,AF; IP; REB,,S,,AF; IP; REB,,S,,AF; IP; REB,
81,BUSH,He just brought up the tax cut.,S,,REB,,S,,REB,,S,,REB,
82,BUSH,"You remember we increased that child credit by $1,000, reduced the marriage penalty, created a 10 percent tax bracket for the lower-income Americans.",S-Inform,,IT,,S-Inform,,IT,,S-Inform,,IT,
83,BUSH,That’s right at the middle class.,S,,IT,,S,,IT,,S,,IT,
84,BUSH,He voted against it.,S; CH,,ATTR; REB,,S; CH,,ATTR; REB,,S; CH,,ATTR; REB,
85,BUSH,And yet he tells you he’s for a middle- class tax cut.,S,,ATTR; REB,,S,,ATTR; REB,,S,,ATTR; REB,
86,BUSH,It’s — you’ve got to be consistent when you’re the president.,S,,IP; CB,,S,,IP; CB,,S,,IP; CB,
87,BUSH,There’s a lot of pressures.,S,,,,S,,,,S,,,
88,BUSH,And you’ve got to be firm and consistent.,S,,IP,,S,,IP,,S,,IP,
89,GIBSON,Mr.,S,,,,S,,,,S,,,
90,GIBSON,"President, I would follow up, but we have a series of questions on Iraq, and so I will turn to the next questioner.",S; TG; MS,,,,S; TG; MS,,,,S; TG; MS,,,
91,GIBSON,"The question is for President Bush, and the questioner is Robin Dahle.",S; TG,,,,S; TG,,,,S; TG,,,
92,DAHLE,Mr.,S,,,,S,,,,S,,,
93,DAHLE,"President, yesterday in a statement you admitted that Iraq did not have weapons of mass destruction, but justified the invasion by stating, I quote, “He retained the knowledge, the materials, the means and the intent to produce weapons of mass destruction and could have passed this knowledge to our terrorist enemies.",S-Inform; HS,,SE,,S-Inform; HS,,SE,,S-Inform; HS,,SE,
94,DAHLE,"” Do you sincerely believe this to be a reasonable justification for invasion when this statement applies to so many other countries, including North Korea?",YNQ; SEEP,,BQ; CB,,YNQ; SEEP,,BQ; CB,,YNQ; SEEP,,BQ; CB,
95,BUSH,"Each situation is different, Robin.",S,,,,S,,,,S,,,
96,BUSH,And obviously we hope that diplomacy works before you ever use force.,S,,IP,,S,,IP,,S,,IP,
97,BUSH,The hardest decision a president makes is ever to use force.,S,,,,S,,,,S,,,
98,BUSH,"After 9/11, we had to look at the world differently.",S; HS,,AF,,S; HS,,AF,,S; HS,,AF,
99,BUSH,"After 9/11, we had to recognize that when we saw a threat, we must take it seriously before it comes to hurt us.",S; HS,,AF,,S; HS,,AF,,S; HS,,AF,
100,BUSH,"In the old days we’d see a threat, and we could deal with it if we felt like it or not.",S,,,,S,,,,S,,,
101,BUSH,But 9/11 changed it all.,S; HS,,,,S; HS,,,,S; HS,,,
102,BUSH,I vowed to our countrymen that I would do everything I could to protect the American people.,S,,AE; IT,,S,,AE; IT,,S,,AE; IT,
103,BUSH,That’s why we’re bringing Al Qaida to justice.,S; EXPL,,IT,,S; EXPL,,IT,,S; EXPL,,IT,
104,BUSH,Seventy five percent of them have been brought to justice.,S-Inform,,IT; SE,,S-Inform,,IT; SE,,S-Inform,,IT; SE,
105,BUSH,"That’s why I said to Afghanistan: If you harbor a terrorist, you’re just as guilty as the terrorist.",S; HS,,AF,,S; HS,,AF,,S; HS,,AF,
106,BUSH,"And the Taliban is no longer in power, and Al Qaida no longer has a place to plan.",S; INT,,IT,,S; INT,,IT,,S; INT,,IT,
107,BUSH,"And I saw a unique threat in Saddam Hussein, as did my opponent, because we thought he had weapons of mass destruction.",S,,IP,,S,,IP,,S,,IP,
108,BUSH,"And the unique threat was that he could give weapons of mass destruction to an organization like Al Qaida, and the harm they inflicted on us with airplanes would be multiplied greatly by weapons of mass destruction.",S,,AF,,S,,AF,,S,,AF,
109,BUSH,"And that was the serious, serious threat.",S,,AF,,S,,AF,,S,,AF,
110,BUSH,"So I tried diplomacy, went to the United Nations.",S; IAFA,,IT,,S; IAFA,,IT,,S; IAFA,,IT,
111,BUSH,"But as we learned in the same report I quoted, Saddam Hussein was gaming the oil-for-food program to get rid of sanctions.",S-Inform; HS,,SE,,S-Inform; HS,,SE,,S-Inform; HS,,SE,
112,BUSH,He was trying to get rid of sanctions for a reason: He wanted to restart his weapons programs.,S; EXPL,,,,S; EXPL,,,,S; EXPL,,,
113,BUSH,"We all thought there was weapons there, Robin.",S,,,,S,,,,S,,,
114,BUSH,My opponent thought there was weapons there.,S,,ATTR,,S,,ATTR,,S,,ATTR,
115,BUSH,That’s why he called him a grave threat.,S; EXPL,,,,S; EXPL,,,,S; EXPL,,,
116,BUSH,"I wasn’t happy when we found out there wasn’t weapons, and we’ve got an intelligence group together to figure out why.",S,,IP,,S,,IP,,S,,IP,
117,BUSH,But Saddam Hussein was a unique threat.,S,,AF,,S,,AF,,S,,AF,
118,BUSH,And the world is better off without him in power.,S,,,,S,,,,S,,,
119,BUSH,"And my opponent’s plans lead me to conclude that Saddam Hussein would still be in power, and the world would be more dangerous.",S,,AF; REB; CB,,S,,AF; REB; CB,,S,,AF; REB; CB,
120,BUSH,"Thank you, sir.",THK,,,,THK,,,,THK,,,
121,GIBSON,"Senator Kerry, a minute and a half.",TG,,,,TG,,,,TG,,,
122,KERRY,"Robin, I’m going to answer your question.",S; TT,,,,S; TT,,,,S; TT,,,
123,KERRY,"I’m also going to talk — respond to what you asked, Cheryl, at the same time.",S; TT,,,,S; TT,,,,S; TT,,,
124,KERRY,The world is more dangerous today.,S,,AF,,S,,AF,,S,,AF,
125,KERRY,The world is more dangerous today because the president didn’t make the right judgments.,S; CH,,ATTR; REB,,S; CH,,ATTR; REB,,S; CH,,ATTR; REB,
126,KERRY,"Now, the president wishes that I had changed my mind.",S,,REB,,S,,REB,,S,,REB,
127,KERRY,He wants you to believe that because he can’t come here and tell you that he’s created new jobs for America.,S; CH,,ATTR; REB,,S; CH,,ATTR; REB,,S; CH,,ATTR; REB,
128,KERRY,He’s lost jobs.,S; CH,,ATTR; REB,,S; CH,,ATTR; REB,,S; CH,,ATTR; REB,
129,KERRY,"He can’t come here and tell you that he’s created health care for Americans because, what, we’ve got 5 million Americans who have lost their health care, 96,000 of them right here in Missouri.",S-Inform; CH,,ATTR; REB; SE,,S-Inform; CH,,ATTR; REB; SE,,S-Inform; CH,,ATTR; REB; SE,
130,KERRY,He can’t come here and tell you that he’s left no child behind because he didn’t fund no child left behind.,S; CH,,ATTR; REB,,S; CH,,ATTR; REB,,S; CH,,ATTR; REB,
131,KERRY,So what does he do?,Q-RHET,,DF; REB,,Q-RHET,,DF; REB,,Q-RHET,,DF; REB,
132,KERRY,He’s trying to attack me.,S; CH,,ATTR; REB,,S; CH,,ATTR; REB,,S; CH,,ATTR; REB,
133,KERRY,He wants you to believe that I can’t be president.,S,,REB,,S,,REB,,S,,REB,
134,KERRY,And he’s trying to make you believe it because he wants you to think I change my mind.,S,,REB,,S,,REB,,S,,REB,
135,KERRY,"Well, let me tell you straight up: I’ve never changed my mind about Iraq.",S; TT,,IP,,S; TT,,IP,,S; TT,,IP,
136,KERRY,I do believe Saddam Hussein was a threat.,S,,IP,,S,,IP,,S,,IP,
137,KERRY,I always believed he was a threat.,S,,IP,,S,,IP,,S,,IP,
138,KERRY,Believed it in 1998 when Clinton was president.,S; HS,,IP,,S; HS,,IP,,S; HS,,IP,
139,KERRY,I wanted to give Clinton the power to use force if necessary.,S; HS,,IP,,S; HS,,IP,,S; HS,,IP,
140,KERRY,"But I would have used that force wisely, I would have used that authority wisely, not rushed to war without a plan to win the peace.",S,,IT; IP; REB,,S,,IT; IP; REB,,S,,IT; IP; REB,
141,KERRY,I would have brought our allies to our side.,S,,IT,,S,,IT,,S,,IT,
142,KERRY,I would have fought to make certain our troops had everybody possible to help them win the mission.,S,,IT,,S,,IT,,S,,IT,
143,KERRY,"This president rushed to war, pushed our allies aside.",S; CH,,PER; ATTR; REB,,S; CH,,PER; ATTR; REB,,S; CH,,PER; ATTR; REB,
144,KERRY,"And Iran now is more dangerous, and so is North Korea, with nuclear weapons.",S; S-Inform,,AF; ATTR,,S; S-Inform,,AF; ATTR,,S; S-Inform,,AF; ATTR,
145,KERRY,"He took his eye off the ball, off of Osama bin Laden.",S; CH,,ATTR; REB,,S; CH,,ATTR; REB,,S; CH,,ATTR; REB,
146,GIBSON,Mr.,TT,,,,TT,,,,TT,,,
147,GIBSON,"President, I do want to follow up on this one, because there were several questions from the audience along this line.",S; MS,,,,S; MS,,,,S; MS,,,
148,GIBSON,Go ahead.,IAFA; TG,,,,IAFA; TG,,,,IAFA; TG,,,
149,GIBSON,Go ahead.,IAFA; TG,,,,IAFA; TG,,,,IAFA; TG,,,
150,GIBSON,"Well, I was going to have you do the rebuttal on it, but you go ahead.",S; TG,,,,S; TG,,,,S; TG,,,
151,GIBSON,You’re up.,TG,,,,TG,,,,TG,,,
152,BUSH,You remember the last debate?,YNQ; Q-RHET,,,,YNQ; Q-RHET,,,,YNQ; Q-RHET,,,
153,BUSH,My opponent said that America must pass a global test before we used force to protect ourselves.,S; CH,,ATTR; REB,,S; CH,,ATTR; REB,,S; CH,,ATTR; REB,
154,BUSH,That’s the kind of mindset that says sanctions were working.,S; CH,,PER; REB; CB,,S; CH,,PER; REB; CB,,S; CH,,PER; REB; CB,
155,BUSH,"That’s the kind of mindset that said, “Let’s keep it at the United Nations and hope things go well.",S,,CB,,S,,CB,,S,,CB,
156,BUSH,” Saddam Hussein was a threat because he could have given weapons of mass destruction to terrorist enemies.,S,,AF,,S,,AF,,S,,AF,
157,BUSH,Sanctions were not working.,S,,IP,,S,,IP,,S,,IP,
158,BUSH,The United Nations was not effective at removing Saddam Hussein.,S,,,,S,,,,S,,,
159,GIBSON,Senator?,TG,,,,TG,,,,TG,,,
160,KERRY,"The goal of the sanctions was not to remove Saddam Hussein, it was to remove the weapons of mass destruction.",S; CH,,REB,,S; CH,,REB,,S; CH,,REB,
161,KERRY,"And, Mr.",TT,,,,TT,,,,TT,,,
162,KERRY,"President, just yesterday the Duelfer report told you and the whole world they worked.",S-Inform; CH,,REB; SE,,S-Inform; CH,,REB; SE,,S-Inform; CH,,REB; SE,
163,KERRY,"He didn’t have weapons of mass destruction, Mr.",S; CH,,REB,,S; CH,,REB,,S; CH,,REB,
164,KERRY,President.,S,,,,S,,,,S,,,
165,KERRY,That was the objective.,S,,,,S,,,,S,,,
166,KERRY,"And if we’d used smart diplomacy, we could have saved $200 billion and an invasion of Iraq.",S; CH,,REB; CB; SE,,S; CH,,REB; CB; SE,,S; CH,,REB; CB; SE,
167,KERRY,"And right now, Osama bin Laden might be in jail or dead.",S; CH,,REB; CB,,S; CH,,REB; CB,,S; CH,,REB; CB,
168,KERRY,That’s the war against terror.,S,,,,S,,,,S,,,
169,GIBSON,We’re going to have another question now on the subject of Iraq.,S; MS,,,,S; MS,,,,S; MS,,,
170,GIBSON,And I’m going to turn to Anthony Baldi with a question for Senator Kerry.,S; TG,,,,S; TG,,,,S; TG,,,
171,GIBSON,Mr.,S,,,,S,,,,S,,,
172,GIBSON,Baldi?,TG,,,,TG,,,,TG,,,
173,BALDI,"Senator Kerry, the U.",S,,,,S,,,,S,,,
174,BALDI,is preparing a new Iraq government and will proceed to withdraw U.,S-Inform,,,,S-Inform,,,,S-Inform,,,
175,BALDI,troops.,S,,,,S,,,,S,,,
176,BALDI,Would you proceed with the same plans as President Bush?,YNQ,,,,YNQ,,,,YNQ,,,
177,KERRY,"Anthony, I would not.",ANS,,,,ANS,,,,ANS,,,
178,KERRY,"I have laid out a different plan, because the president’s plan is not working.",S; EXPL; CH,,ATTR; REB,,S; EXPL; CH,,ATTR; REB,,S; EXPL; CH,,ATTR; REB,
179,KERRY,You see that every night on television.,S,,CB,,S,,CB,,S,,CB,
180,KERRY,There’s chaos in Iraq.,S,,AF,,S,,AF,,S,,AF,
181,KERRY,King Abdullah of Jordan said just yesterday or the day before you can’t hold elections in Iraq with the chaos that’s going on today.,S-Inform; HS,,AF; SE,,S-Inform; HS,,AF; SE,,S-Inform; HS,,AF; SE,
182,KERRY,"Senator Richard Lugar, the Republican chairman of the Foreign Relations Committee, said that the handling of the reconstruction aid in Iraq by this administration has been incompetent.",S-Inform; CH; HS,,ATTR; REB; SE,,S-Inform; CH; HS,,ATTR; REB; SE,,S-Inform; CH; HS,,ATTR; REB; SE,
183,KERRY,Those are the Republican chairman’s words.,S,,SE,,S,,SE,,S,,SE,
184,KERRY,"Senator Hagel of Nebraska said that the handling of Iraq is beyond pitiful, beyond embarrassing; it’s in the zone of dangerous.",S-Inform; CH; HS,,AF; ATTR; REB; SE,,S-Inform; CH; HS,,AF; ATTR; REB; SE,,S-Inform; CH; HS,,AF; ATTR; REB; SE,
185,KERRY,"Those are the words of two Republicans, respected, both on the Foreign Relations Committee.",S; HS,,SE,,S; HS,,SE,,S; HS,,SE,
186,KERRY,"Now, I have to tell you, I would do something different.",S; IAFA-OF; TT,,IP,,S; IAFA-OF; TT,,IP,,S; IAFA-OF; TT,,IP,
187,KERRY,I would reach out to our allies in a way that this president hasn’t.,S,,IP; REB,,S,,IP; REB,,S,,IP; REB,
188,KERRY,"He pushed them away time and again, pushed them away at the U.",S,,ATTR; REB,,S,,ATTR; REB,,S,,ATTR; REB,
189,KERRY,", pushed them away individually.",S,,ATTR,,S,,ATTR,,S,,ATTR,
190,KERRY,"Two weeks ago, there was a meeting of the North Atlantic Council, which is the political arm of NATO.",S; S-Inform; HS,,,,S; S-Inform; HS,,,,S; S-Inform; HS,,,
191,KERRY,They discussed the possibility of a small training unit or having a total takeover of the training in Iraq.,S; S-Inform,,,,S; S-Inform,,,,S; S-Inform,,,
192,KERRY,Did our administration push for the total training of Iraq?,YNQ; Q-RHET,,REB; CB,,YNQ; Q-RHET,,REB; CB,,YNQ; Q-RHET,,REB; CB,
193,KERRY,No.,REJ; ANS,,ATTR; REB,,REJ; ANS,,ATTR; REB,,REJ; ANS,,ATTR; REB,
194,KERRY,Were they silent?,YNQ; Q-RHET,,REB; CB,,YNQ; Q-RHET,,REB; CB,,YNQ; Q-RHET,,REB; CB,
195,KERRY,Yes.,ANS,,,,ANS,,,,ANS,,,
196,KERRY,Was there an effort to bring all the allies together around that?,YNQ,,,,YNQ,,,,YNQ,,,
197,KERRY,"No, because they’ve always wanted this to be an American effort.",S; ANS; EXPL,,ATTR; REB,,S; ANS; EXPL,,ATTR; REB,,S; ANS; EXPL,,ATTR; REB,
198,KERRY,"You know, they even had the Defense Department issue a memorandum saying, “Don’t bother applying for assistance or for being part of the reconstruction if you weren’t part of our original coalition.",S-Inform,,ATTR; REB; SE,,S-Inform,,ATTR; REB; SE,,S-Inform,,ATTR; REB; SE,
199,KERRY,"” Now, that’s not a good way to build support and reduce the risk for our troops and make America safer.",S; CH,,AF; ATTR; REB,,S; CH,,AF; ATTR; REB,,S; CH,,AF; ATTR; REB,
200,KERRY,I’m going to get the training done for our troops.,S,,IT; IP,,S,,IT; IP,,S,,IT; IP,
201,KERRY,I’m going to get the training of Iraqis done faster.,S,,IT; IP,,S,,IT; IP,,S,,IT; IP,
202,KERRY,And I’m going to get our allies back to the table.,S,,IT; IP,,S,,IT; IP,,S,,IT; IP,
203,BUSH,"Two days ago in the Oval Office, I met with the finance minister from Iraq.",S-Inform; HS,,,,S-Inform; HS,,,,S-Inform; HS,,,
204,BUSH,He came to see me.,S,,,,S,,,,S,,,
205,BUSH,And he talked about how optimistic he was and the country was about heading toward elections.,S,,,,S,,,,S,,,
206,BUSH,Think about it: They’re going from tyranny to elections.,S; IAFA,,AE,,S; IAFA,,AE,,S; IAFA,,AE,
207,BUSH,He talked about the reconstruction efforts that are beginning to take hold.,S,,,,S,,,,S,,,
208,BUSH,He talked about the fact that Iraqis love to be free.,S,,,,S,,,,S,,,
209,BUSH,"He said he was optimistic when he came here, then he turned on the TV and listened to the political rhetoric and all of a sudden he was pessimistic.",S,,,,S,,,,S,,,
210,BUSH,"Now, this is guy a who, along with others, has taken great risk for great freedom.",S,,AP,,S,,AP,,S,,AP,
211,BUSH,And we need to stand with him.,S,,UF,,S,,UF,,S,,UF,
212,BUSH,"My opponent says he has a plan; it sounds familiar, because it’s called the Bush plan.",S; CH,,PER; REB,,S; CH,,PER; REB,,S; CH,,PER; REB,
213,BUSH,"We’re going to train troops, and we are.",S,,IT,,S,,IT,,S,,IT,
214,BUSH,"We’ll have 125,000 trained by the end of December.",S-Inform,,IT,,S-Inform,,IT,,S-Inform,,IT,
215,BUSH,We’re spending about $7 billion.,S-Inform,,,,S-Inform,,,,S-Inform,,,
216,BUSH,He talks about a grand idea: Let’s have a summit; we’re going to solve the problem in Iraq by holding a summit.,S,,REB; CB,,S,,REB; CB,,S,,REB; CB,
217,BUSH,And what is he going to say to those people that show up at the summit?,Q-W; Q-RHET,,REB; CB,,Q-W; Q-RHET,,REB; CB,,Q-W; Q-RHET,,REB; CB,
218,BUSH,Join me in the wrong war at the wrong time at the wrong place.,Q-RHET; S,,AEX; REB,,Q-RHET; S,,AEX; REB,,Q-RHET; S,,AEX; REB,
219,BUSH,Risk your troops in a war you’ve called a mistake.,IAFA,,AF; REB,,IAFA,,AF; REB,,IAFA,,AF; REB,
220,BUSH,Nobody is going to follow somebody who doesn’t believe we can succeed and with somebody who says that war where we are is a mistake.,S,,REB; CB,,S,,REB; CB,,S,,REB; CB,
221,BUSH,I know how these people think.,S,,IT; IP,,S,,IT; IP,,S,,IT; IP,
222,BUSH,I meet with them all the time.,S,,IT,,S,,IT,,S,,IT,
223,BUSH,I talk to Tony Blair all the time.,S,,IT,,S,,IT,,S,,IT,
224,BUSH,I talk to Silvio Berlusconi.,S,,IT,,S,,IT,,S,,IT,
225,BUSH,They’re not going to follow an American president who says follow me into a mistake.,S,,CB,,S,,CB,,S,,CB,
226,BUSH,Our plan is working.,S; IAFA,,IT,,S; IAFA,,IT,,S; IAFA,,IT,
227,BUSH,We’re going to make elections.,S,,,,S,,,,S,,,
228,BUSH,"And Iraq is going to be free, and America will be better off for it.",S,,AP,,S,,AP,,S,,AP,
229,GIBSON,"Do you want to follow up, Senator?",YNQ; TG,,,,YNQ; TG,,,,YNQ; TG,,,
230,KERRY,"Yes, sir, please.",ANS; TA,,,,ANS; TA,,,,ANS; TA,,,
231,KERRY,"Ladies and gentlemen, the right war was Osama bin Laden and Afghanistan.",S; GR,,REB,,S; GR,,REB,,S; GR,,REB,
232,KERRY,That was the right place.,S,,REB,,S,,REB,,S,,REB,
233,KERRY,"And the right time was Tora Bora, when we had him cornered in the mountains.",S,,REB; SE,,S,,REB; SE,,S,,REB; SE,
234,KERRY,"Now, everyone in the world knows that there were no weapons of mass destruction.",S; S-Inform,,REB; CB,,S; S-Inform,,REB; CB,,S; S-Inform,,REB; CB,
235,KERRY,"That was the reason Congress gave him the authority to use force, not after excuse to get rid of the regime.",S; EXPL,,REB; SE,,S; EXPL,,REB; SE,,S; EXPL,,REB; SE,
236,KERRY,Now we have to succeed.,S,,,,S,,,,S,,,
237,KERRY,I’ve always said that.,S,,IP,,S,,IP,,S,,IP,
238,KERRY,I have been consistent.,S,,IT; IP,,S,,IT; IP,,S,,IT; IP,
239,KERRY,"Yes, we have to succeed, and I have a better plan to help us do it.",S,,IT; IP,,S,,IT; IP,,S,,IT; IP,
240,BUSH,"First of all, we didn’t find out he didn’t have weapons until we got there, and my opponent thought he had weapons and told everybody he thought he had weapons.",S; CH,,ATTR; REB,,S; CH,,ATTR; REB,,S; CH,,ATTR; REB,
241,BUSH,"And secondly, it’s a fundamental misunderstanding to say that the war on terror is only Osama bin Laden.",S; CH,,REB; CB,,S; CH,,REB; CB,,S; CH,,REB; CB,
242,BUSH,The war on terror is to make sure that these terrorist organizations do not end up with weapons of mass destruction.,S,,IP,,S,,IP,,S,,IP,
243,BUSH,That’s what the war on terror is about.,S; EXPL,,,,S; EXPL,,,,S; EXPL,,,
244,BUSH,"Of course, we’re going to find Osama bin Laden.",S,,,,S,,,,S,,,
245,BUSH,We’ve already 75 percent of his people.,S-Inform,,IT; SE,,S-Inform,,IT; SE,,S-Inform,,IT; SE,
246,BUSH,And we’re on the hunt for him.,S,,,,S,,,,S,,,
247,BUSH,But this is a global conflict that requires firm resolve.,S,,AF,,S,,AF,,S,,AF,
248,GIBSON,"The next question is for President Bush, and it comes from Nikki Washington.",TG; MS,,,,TG; MS,,,,TG; MS,,,
249,WASHINGTON,Thank you.,THK,,,,THK,,,,THK,,,
250,WASHINGTON,Mr.,GR,,,,GR,,,,GR,,,
251,WASHINGTON,"President, my mother and sister traveled abroad this summer, and when they got back they talked to us about how shocked they were at the intensity of aggravation that other countries had with how we handled the Iraq situation.",S,,CB,,S,,CB,,S,,CB,
252,WASHINGTON,Diplomacy is obviously something that we really have to really work on.,S; IAFA,,IP,,S; IAFA,,IP,,S; IAFA,,IP,
253,WASHINGTON,What is your plan to repair relations with other countries given the current situation?,Q-W; OQ,,,,Q-W; OQ,,,,Q-W; OQ,,,
254,BUSH,"No, I appreciate that.",ACK; THK,,,,ACK; THK,,,,ACK; THK,,,
255,BUSH,"I — listen, I — we’ve got a great country.",S,,AP,,S,,AP,,S,,AP,
256,BUSH,I love our values.,S,,AP; IP,,S,,AP; IP,,S,,AP; IP,
257,BUSH,And I recognize I’ve made some decisions that have caused people to not understand the great values of our country.,S,,AP; IP,,S,,AP; IP,,S,,AP; IP,
258,BUSH,I remember when Ronald Reagan was the president; he stood on principle.,S; HS,,AP,,S; HS,,AP,,S; HS,,AP,
259,BUSH,Somebody called that stubborn.,S,,,,S,,,,S,,,
260,BUSH,"He stood on principle standing up to the Soviet Union, and we won that conflict.",S; HS,,AP; IT,,S; HS,,AP; IT,,S; HS,,AP; IT,
261,BUSH,"Yet at the same time, he was very — we were very unpopular in Europe because of the decisions he made.",S,,,,S,,,,S,,,
262,BUSH,I recognize that taking Saddam Hussein out was unpopular.,S,,IT; IP,,S,,IT; IP,,S,,IT; IP,
263,BUSH,But I made the decision because I thought it was in the right interests of our security.,S; EXPL,,IT; IP,,S; EXPL,,IT; IP,,S; EXPL,,IT; IP,
264,BUSH,"You know, I’ve made some decisions on Israel that’s unpopular.",S,,IT; IP,,S,,IT; IP,,S,,IT; IP,
265,BUSH,"I wouldn’t deal with Arafat, because I felt like he had let the former president down, and I don’t think he’s the kind of person that can lead toward a Palestinian state.",S; EXPL,,IP,,S; EXPL,,IP,,S; EXPL,,IP,
266,BUSH,And people in Europe didn’t like that decision.,S,,,,S,,,,S,,,
267,BUSH,"And that was unpopular, but it was the right thing to do.",S,,IP,,S,,IP,,S,,IP,
268,BUSH,"I believe Palestinians ought to have a state, but I know they need leadership that’s committed to a democracy and freedom, leadership that would be willing to reject terrorism.",S,,IP,,S,,IP,,S,,IP,
269,BUSH,"I made a decision not to join the International Criminal Court in The Hague, which is where our troops could be brought to — brought in front of a judge, an unaccounted judge.",S; IAFA-OF,,IT,,S; IAFA-OF,,IT,,S; IAFA-OF,,IT,
270,BUSH,I don’t think we ought to join that.,S,,IP,,S,,IP,,S,,IP,
271,BUSH,That was unpopular.,S,,,,S,,,,S,,,
272,BUSH,"And so, what I’m telling you is, is that sometimes in this world you make unpopular decisions because you think they’re right.",S; EXPL,,IP,,S; EXPL,,IP,,S; EXPL,,IP,
273,BUSH,We’ll continue to reach out.,S,,,,S,,,,S,,,
274,BUSH,"Listen, there is 30 nations involved in Iraq, some 40 nations involved in Afghanistan.",S-Inform; TT,,SE,,S-Inform; TT,,SE,,S-Inform; TT,,SE,
275,BUSH,People love America.,S,,AP,,S,,AP,,S,,AP,
276,BUSH,"Sometimes they don’t like the decisions made by America, but I don’t think you want a president who tries to become popular and does the wrong thing.",S,,IP; CB,,S,,IP; CB,,S,,IP; CB,
277,BUSH,You don’t want to join the International Criminal Court just because it’s popular in certain capitals in Europe.,S,,IP; CBias,,S,,IP; CBias,,S,,IP; CBias,
278,GIBSON,"Senator Kerry, a minute and a half.",TG,,,,TG,,,,TG,,,
279,KERRY,"Nikki, that’s a question that’s been raised by a lot of people around the country.",S; ACK,,,,S; ACK,,,,S; ACK,,,
280,KERRY,"Let me address it but also talk about the weapons the president just talked about, because every part of the president’s answer just now promises you more of the same over the next four years.",S; TT,,ATTR; REB,,S; TT,,ATTR; REB,,S; TT,,ATTR; REB,
281,KERRY,"The president stood right here in this hall four years ago, and he was asked a question by somebody just like you, “Under what circumstances would you send people to war?",S; HS,,REB,,S; HS,,REB,,S; HS,,REB,
282,KERRY,"” And his answer was, “With a viable exit strategy and only with enough forces to get the job done.",S,,REB,,S,,REB,,S,,REB,
283,KERRY,” He didn’t do that.,S,,ATTR; REB,,S,,ATTR; REB,,S,,ATTR; REB,
284,KERRY,He broke that promise.,S; CH,,PER; ATTR; REB,,S; CH,,PER; ATTR; REB,,S; CH,,PER; ATTR; REB,
285,KERRY,We didn’t have enough forces.,S,,ATTR,,S,,ATTR,,S,,ATTR,
286,KERRY,"General Shinseki, the Army chief of staff, told him he was going to need several hundred thousand.",S-Inform; HS,,SE,,S-Inform; HS,,SE,,S-Inform; HS,,SE,
287,KERRY,And guess what?,Q-RHET,,CB,,Q-RHET,,CB,,Q-RHET,,CB,
288,KERRY,They retired General Shinseki for telling him that.,S; CH,,ATTR; REB,,S; CH,,ATTR; REB,,S; CH,,ATTR; REB,
289,KERRY,This president hasn’t listened.,S; CH,,PER; ATTR; REB,,S; CH,,PER; ATTR; REB,,S; CH,,PER; ATTR; REB,
290,KERRY,I went to meet with the members of the Security Council in the week before we voted.,S; HS,,IT,,S; HS,,IT,,S; HS,,IT,
291,KERRY,I went to New York.,S,,IT,,S,,IT,,S,,IT,
292,KERRY,I talked to all of them to find out how serious they were about really holding Saddam Hussein accountable.,S,,IT,,S,,IT,,S,,IT,
293,KERRY,"I came away convinced that, if we worked at it, if we were ready to work and letting Hans Blix do his job and thoroughly go through the inspections, that if push came to shove, they’d be there with us.",S,,IT; IP,,S,,IT; IP,,S,,IT; IP,
294,KERRY,"But the president just arbitrarily brought the hammer down and said, “Nope.",S; CH,,PER; ATTR; REB,,S; CH,,PER; ATTR; REB,,S; CH,,PER; ATTR; REB,
295,KERRY,"Sorry, time for diplomacy is over.",S,,AF,,S,,AF,,S,,AF,
296,KERRY,We’re going.,S,,,,S,,,,S,,,
297,KERRY,” He rushed to war without a plan to win the peace.,S; CH,,ATTR; REB,,S; CH,,ATTR; REB,,S; CH,,ATTR; REB,
298,KERRY,"Ladies and gentleman, he gave you a speech and told you he’d plan carefully, take every precaution, take our allies with us.",S; CH,,AE; ATTR; REB,,S; CH,,AE; ATTR; REB,,S; CH,,AE; ATTR; REB,
299,KERRY,He didn’t.,S; CH,,ATTR; REB,,S; CH,,ATTR; REB,,S; CH,,ATTR; REB,
300,KERRY,He broke his word.,S; CH,,PER; ATTR; REB,,S; CH,,PER; ATTR; REB,,S; CH,,PER; ATTR; REB,
301,GIBSON,Mr.,TG,,,,TG,,,,TG,,,
302,GIBSON,President?,TG,,,,TG,,,,TG,,,
303,BUSH,"I remember sitting in the White House looking at those generals, saying, “Do you have what you need in this war?",S; HS,,IT,,S; HS,,IT,,S; HS,,IT,
304,BUSH,Do you have what it takes?,S; HS,,IT,,S; HS,,IT,,S; HS,,IT,
305,BUSH,"” I remember going down to the basement of the White House the day we committed our troops as last resort, looking at Tommy Franks and the generals on the ground, asking them, “Do we have the right plan with the right troop level?",S; HS,,IT,,S; HS,,IT,,S; HS,,IT,
306,BUSH,"” And they looked me in the eye and said, “Yes, sir, Mr.",S,,,,S,,,,S,,,
307,BUSH,"” Of course, I listen to our generals.",S,,IP,,S,,IP,,S,,IP,
308,BUSH,That’s what a president does.,S,,,,S,,,,S,,,
309,BUSH,A president sets the strategy and relies upon good military people to execute that strategy.,S,,,,S,,,,S,,,
310,GIBSON,Senator?,TG,,,,TG,,,,TG,,,
311,KERRY,"You rely on good military people to execute the military component of the strategy, but winning the peace is larger than just the military component.",S,,REB,,S,,REB,,S,,REB,
312,KERRY,"General Shinseki had the wisdom to say, “You’re going to need several hundred thousand troops to win the peace.",S; HS,,REB; SE,,S; HS,,REB; SE,,S; HS,,REB; SE,
313,KERRY,” The military’s job is to win the war.,S,,,,S,,,,S,,,
314,KERRY,A president’s job is to win the peace.,S,,REB,,S,,REB,,S,,REB,
315,KERRY,The president did not do what was necessary.,S; CH,,ATTR; REB,,S; CH,,ATTR; REB,,S; CH,,ATTR; REB,
316,KERRY,Didn’t bring in enough nation.,S; CH,,ATTR; REB; SE,,S; CH,,ATTR; REB; SE,,S; CH,,ATTR; REB; SE,
317,KERRY,Didn’t deliver the help.,S; CH,,ATTR; REB; SE,,S; CH,,ATTR; REB; SE,,S; CH,,ATTR; REB; SE,
318,KERRY,Didn’t close off the borders.,S; CH,,ATTR; REB; SE,,S; CH,,ATTR; REB; SE,,S; CH,,ATTR; REB; SE,
319,KERRY,Didn’t even guard the ammo dumps.,S; CH,,ATTR; REB; SE,,S; CH,,ATTR; REB; SE,,S; CH,,ATTR; REB; SE,
320,KERRY,And now our kids are being killed with ammos right out of that dump.,S-Inform; CH,,AF; AE; ATTR; REB,,S-Inform; CH,,AF; AE; ATTR; REB,,S-Inform; CH,,AF; AE; ATTR; REB,
321,GIBSON,"The next question is for Senator Kerry, and it comes from over here, from Randee Jacobs.",S; TG,,,,S; TG,,,,S; TG,,,
322,GIBSON,You’ll need a microphone.,S,,,,S,,,,S,,,
323,KERRY,Is it Randee?,YNQ,,,,YNQ,,,,YNQ,,,
324,JACOBS,"Yes, Randee.",ANS,,,,ANS,,,,ANS,,,
325,JACOBS,Iran sponsors terrorism and has missiles capable of hitting Israel and southern Europe.,S-Inform,,AF,,S-Inform,,AF,,S-Inform,,AF,
326,JACOBS,Iran will have nuclear weapons in two to three years time.,S-Inform,,AF,,S-Inform,,AF,,S-Inform,,AF,
327,JACOBS,In the event that U.,S,,,,S,,,,S,,,
328,JACOBS,"sanctions don’t stop this threat, what will you do as president?",Q-W; OQ,,AF,,Q-W; OQ,,AF,,Q-W; OQ,,AF,
329,KERRY,I don’t think you can just rely on U.,S; IAFA,,IP,,S; IAFA,,IP,,S; IAFA,,IP,
330,KERRY,"sanctions, Randee.",S,,,,S,,,,S,,,
331,KERRY,"But you’re absolutely correct, it is a threat, it’s a huge threat.",S; AGR,,AF,,S; AGR,,AF,,S; AGR,,AF,
332,KERRY,"And what’s interesting is, it’s a threat that has grown while the president has been preoccupied with Iraq, where there wasn’t a threat.",S,,ATTR; REB,,S,,ATTR; REB,,S,,ATTR; REB,
333,KERRY,"If he’d let the inspectors do their job and go on, we wouldn’t have 10 times the numbers of forces in Iraq that we have in Afghanistan chasing Osama bin Laden.",S,,ATTR; REB; CB,,S,,ATTR; REB; CB,,S,,ATTR; REB; CB,
334,KERRY,"Meanwhile, while Iran is moving toward nuclear weapons, some 37 tons of what they called yellow cake, the stuff they use to make enriched uranium, while they’re doing that, North Korea has moved from one bomb maybe, maybe, to four to seven bombs.",S-Inform,,AF; SE,,S-Inform,,AF; SE,,S-Inform,,AF; SE,
335,KERRY,"For two years, the president didn’t even engage with North Korea, did nothing at all, while it was growing more dangerous, despite the warnings of former Secretary of Defense William Perry, who negotiated getting television cameras and inspectors into that reactor.",S-Inform; CH; HS,,AF; ATTR; REB; SE,,S-Inform; CH; HS,,AF; ATTR; REB; SE,,S-Inform; CH; HS,,AF; ATTR; REB; SE,
336,KERRY,We were safer before President Bush came to office.,S; CH,,AF; ATTR; REB,,S; CH,,AF; ATTR; REB,,S; CH,,AF; ATTR; REB,
337,KERRY,Now they have the bombs and we’re less safe.,S,,AF; REB,,S,,AF; REB,,S,,AF; REB,
338,KERRY,So what do we do?,Q-W; Q-RHET,,,,Q-W; Q-RHET,,,,Q-W; Q-RHET,,,
339,KERRY,"We’ve got to join with the British and the French, with the Germans, who’ve been involved, in their initiative.",S,,UF,,S,,UF,,S,,UF,
340,KERRY,We’ve got to lead the world now to crack down on proliferation as a whole.,S,,UF,,S,,UF,,S,,UF,
341,KERRY,"But the president’s been slow to do that, even in Russia.",S; CH,,ATTR; REB,,S; CH,,ATTR; REB,,S; CH,,ATTR; REB,
342,KERRY,"At his pace, it’s going to take 13 years to reduce and get ahold of all the loose nuclear material in the former Soviet Union.",S-Inform; CH,,AF; ATTR; REB; SE,,S-Inform; CH,,AF; ATTR; REB; SE,,S-Inform; CH,,AF; ATTR; REB; SE,
343,KERRY,I’ve proposed a plan that can capture it and contain it and clean it within four years.,S-Inform,,IT,,S-Inform,,IT,,S-Inform,,IT,
344,KERRY,And the president is moving to the creation of our own bunker- busting nuclear weapon.,S; CH,,AF; ATTR; REB,,S; CH,,AF; ATTR; REB,,S; CH,,AF; ATTR; REB,
345,KERRY,It’s very hard to get other countries to give up their weapons when you’re busy developing a new one.,S,,CB,,S,,CB,,S,,CB,
346,KERRY,I’m going to lead the world in the greatest counterproliferation effort.,S,,IT,,S,,IT,,S,,IT,
347,KERRY,"And if we have to get tough with Iran, believe me, we will get tough.",S,,AF,,S,,AF,,S,,AF,
348,GIBSON,Mr.,TG,,,,TG,,,,TG,,,
349,GIBSON,"President, a minute and a half.",TG,,,,TG,,,,TG,,,
350,BUSH,That answer almost made me want to scowl.,S,,PER,,S,,PER,,S,,PER,
351,BUSH,"He keeps talking about, “Let the inspectors do their job.",S; CH,,REB,,S; CH,,REB,,S; CH,,REB,
352,BUSH,” It’s naive and dangerous to say that.,S; CH,,AF; REB,,S; CH,,AF; REB,,S; CH,,AF; REB,
353,BUSH,That’s what the Duelfer report showed.,S-Inform; CH,,REB; SE,,S-Inform; CH,,REB; SE,,S-Inform; CH,,REB; SE,
354,BUSH,He was deceiving the inspectors.,S; CH,,ATTR; REB,,S; CH,,ATTR; REB,,S; CH,,ATTR; REB,
355,BUSH,"Secondly, of course we’ve been involved with Iran.",S,,,,S,,,,S,,,
356,BUSH,I fully understand the threat.,S,,IP,,S,,IP,,S,,IP,
357,BUSH,"And that’s why we’re doing what he suggested we do: Get the Brits, the Germans and the French to go make it very clear to the Iranians that if they expect to be a party to the world to give up their nuclear ambitions.",S,,,,S,,,,S,,,
358,BUSH,We’ve been doing that.,S,,IT,,S,,IT,,S,,IT,
359,BUSH,Let me talk about North Korea.,TT; MS,,,,TT; MS,,,,TT; MS,,,
360,BUSH,"It is naive and dangerous to take a policy that he suggested the other day, which is to have bilateral relations with North Korea.",S; CH,,AF; PER; REB,,S; CH,,AF; PER; REB,,S; CH,,AF; PER; REB,
361,BUSH,"Remember, he’s the person who’s accusing me of not acting multilaterally.",S; CH,,PER; REB,,S; CH,,PER; REB,,S; CH,,PER; REB,
362,BUSH,"He now wants to take the six-party talks we have — China, North Korea, South Korea, Russia, Japan and the United States — and undermine them by having bilateral talks.",S; CH,,ATTR; REB,,S; CH,,ATTR; REB,,S; CH,,ATTR; REB,
363,BUSH,That’s what President Clinton did.,S; HS,,,,S; HS,,,,S; HS,,,
364,BUSH,He had bilateral talks with the North Koreans.,S; HS,,,,S; HS,,,,S; HS,,,
365,BUSH,And guess what happened?,Q-RHET,,CB,,Q-RHET,,CB,,Q-RHET,,CB,
366,BUSH,He didn’t honor the agreement.,S,,ATTR; REB,,S,,ATTR; REB,,S,,ATTR; REB,
367,BUSH,He was enriching uranium.,S,,AF; ATTR,,S,,AF; ATTR,,S,,AF; ATTR,
368,BUSH,That is a bad policy.,S,,IP; REB,,S,,IP; REB,,S,,IP; REB,
369,BUSH,"Of course, we’re paying attention to these.",S,,,,S,,,,S,,,
370,BUSH,It’s a great question about Iran.,S,,,,S,,,,S,,,
371,BUSH,"That’s why in my speech to the Congress I said: There’s an “Axis of Evil,” Iraq, Iran and North Korea, and we’re paying attention to it.",S; HS,,AF,,S; HS,,AF,,S; HS,,AF,
372,BUSH,And we’re making progress.,S,,IT,,S,,IT,,S,,IT,
373,GIBSON,"We’re going to move on, Mr.",MS,,,,MS,,,,MS,,,
374,GIBSON,"President, with a question for you.",TG; MS,,,,TG; MS,,,,TG; MS,,,
375,GIBSON,And it comes from Daniel Farley.,S,,,,S,,,,S,,,
376,GIBSON,Mr.,S,,,,S,,,,S,,,
377,GIBSON,Farley?,TG,,,,TG,,,,TG,,,
378,FARLEY,Mr.,S,,,,S,,,,S,,,
379,FARLEY,"President, since we continue to police the world, how do you intend to maintain our military presence without reinstituting a draft?",Q-W,,,,Q-W,,,,Q-W,,,
380,BUSH,"Yes, that’s a great question.",S; ANS,,,,S; ANS,,,,S; ANS,,,
381,BUSH,Thanks.,THK,,,,THK,,,,THK,,,
382,BUSH,I hear there’s rumors on the Internets that we’re going to have a draft.,S,,,,S,,,,S,,,
383,BUSH,"We’re not going to have a draft, period.",S; REJ,,,,S; REJ,,,,S; REJ,,,
384,BUSH,The all- volunteer army works.,S,,,,S,,,,S,,,
385,BUSH,It works particularly when we pay our troops well.,S,,,,S,,,,S,,,
386,BUSH,"It works when we make sure they’ve got housing, like we have done in the last military budgets.",S,,IT,,S,,IT,,S,,IT,
387,BUSH,"An all-volunteer army is best suited to fight the new wars of the 21st century, which is to be specialized and to find these people as they hide around the world.",S,,,,S,,,,S,,,
388,BUSH,We don’t need mass armies anymore.,S,,,,S,,,,S,,,
389,BUSH,One of the things we’ve done is we’ve taken the — we’re beginning to transform our military.,S,,IT,,S,,IT,,S,,IT,
390,BUSH,And by that I mean we’re moving troops out of Korea and replacing them with more effective weapons.,S; EXPL,,IT,,S; EXPL,,IT,,S; EXPL,,IT,
391,BUSH,We don’t need as much manpower on the Korean Peninsula to keep a deterrent.,S,,,,S,,,,S,,,
392,BUSH,"In Europe, we have massed troops as if the Soviet Union existed and was going to invade into Europe, but those days are over with.",S,,,,S,,,,S,,,
393,BUSH,And so we’re moving troops out of Europe and replacing it with more effective equipment.,S,,IT,,S,,IT,,S,,IT,
394,BUSH,"So to answer your question is, we’re withdrawing, not from the world, we’re withdrawing manpower so they can be stationed here in America, so there’s less rotation, so life is easier on their families and therefore more likely to be — we’ll be more likely to be able to keep people in the all-volunteer army.",S; ANS,,IT,,S; ANS,,IT,,S; ANS,,IT,
395,BUSH,One of the more important things we’re doing in this administration is transformation.,S,,IT,,S,,IT,,S,,IT,
396,BUSH,There are some really interesting technologies.,S,,,,S,,,,S,,,
397,BUSH,"For instance, we’re flying unmanned vehicles that can send real- time messages back to stations in the United States.",S-Inform,,IT,,S-Inform,,IT,,S-Inform,,IT,
398,BUSH,"That saves manpower, and it saves equipment.",S,,,,S,,,,S,,,
399,BUSH,"It also means that we can target things easier and move more quickly, which means we need to be lighter and quicker and more facile and highly trained.",S,,,,S,,,,S,,,
400,BUSH,"Now, forget all this talk about a draft.",IAFA,,DF,,IAFA,,DF,,IAFA,,DF,
401,BUSH,We’re not going to have a draft so long as I am the president.,S,,IP,,S,,IP,,S,,IP,
402,GIBSON,"Senator Kerry, a minute and a half.",TG,,,,TG,,,,TG,,,
403,KERRY,"Daniel, I don’t support a draft.",S; ANS,,IP,,S; ANS,,IP,,S; ANS,,IP,
404,KERRY,But let me tell you where the president’s policies have put us.,TT; MS,,ATTR; REB,,TT; MS,,ATTR; REB,,TT; MS,,ATTR; REB,
405,KERRY,"The president — and this is one of the reasons why I am very proud in this race to have the support of General John Shalikashvili, former chairman of the Joint Chiefs of Staff; Admiral William Crowe, former chairman of the Joint Chiefs of Staff; General Tony McPeak, who ran the air war for the president’s father and did a brilliant job, supporting me; General Wes Clark, who won the war in Kosovo, supporting me; because they all — and General Baca, who was the head of the National Guard, supporting me.",S; IAFA-OF,,IT; SE,,S; IAFA-OF,,IT; SE,,S; IAFA-OF,,IT; SE,
406,KERRY,Why?,Q-W; Q-RHET,,,,Q-W; Q-RHET,,,,Q-W; Q-RHET,,,
407,KERRY,Because they understand that our military is overextended under the president.,S; EXPL; CH,,ATTR; REB,,S; EXPL; CH,,ATTR; REB,,S; EXPL; CH,,ATTR; REB,
408,KERRY,Our Guard and reserves have been turned into almost active duty.,S,,AF; ATTR,,S,,AF; ATTR,,S,,AF; ATTR,
409,KERRY,You’ve got people doing two and three rotations.,S,,SE,,S,,SE,,S,,SE,
410,KERRY,"You’ve got stop-loss policies, so people can’t get out when they were supposed to.",S; S-Inform,,SE,,S; S-Inform,,SE,,S; S-Inform,,SE,
411,KERRY,You’ve got a back-door draft right now.,S,,AF; ATTR,,S,,AF; ATTR,,S,,AF; ATTR,
412,KERRY,And a lot of our military are underpaid.,S,,ATTR,,S,,ATTR,,S,,ATTR,
413,KERRY,These are families that get hurt.,S,,AE,,S,,AE,,S,,AE,
414,KERRY,It hurts the middle class.,S,,AE,,S,,AE,,S,,AE,
415,KERRY,"It hurts communities, because these are our first responders.",S; EXPL,,AE,,S; EXPL,,AE,,S; EXPL,,AE,
416,KERRY,And they’re called up.,S,,,,S,,,,S,,,
417,KERRY,"And they’re over there, not over here.",S,,,,S,,,,S,,,
418,KERRY,"Now, I’m going to add 40,000 active duty forces to the military, and I’m going to make people feel good about being safe in our military, and not overextended, because I’m going to run a foreign policy that actually does what President Reagan did, President Eisenhower did, and others.",S; S-Inform; HS,,AE; IT,,S; S-Inform; HS,,AE; IT,,S; S-Inform; HS,,AE; IT,
419,KERRY,We’re going to build alliances.,S,,UF,,S,,UF,,S,,UF,
420,KERRY,We’re not going to go unilaterally.,S,,,,S,,,,S,,,
421,KERRY,We’re not going to go alone like this president did.,S; CH,,ATTR; REB,,S; CH,,ATTR; REB,,S; CH,,ATTR; REB,
422,GIBSON,Mr.,GR,,,,GR,,,,GR,,,
423,GIBSON,"President, let’s extend for a minute…",TT; MS,,,,TT; MS,,,,TT; MS,,,
424,BUSH,Let me just — I’ve got to answer this.,TT; T-REQ,,,,TT; T-REQ,,,,TT; T-REQ,,,
425,GIBSON,Exactly.,AGR,,,,AGR,,,,AGR,,,
426,GIBSON,And with Reservists being held on duty…,S,,,,S,,,,S,,,
427,BUSH,"Let me answer what he just said, about around the world.",TT,,REB,,TT,,REB,,TT,,REB,
428,GIBSON,"Well, I want to get into the issue of the back-door draft…",S; MS,,IP,,S; MS,,IP,,S; MS,,IP,
429,BUSH,You tell Tony Blair we’re going alone.,IAFA,,REB; CB,,IAFA,,REB; CB,,IAFA,,REB; CB,
430,BUSH,Tell Tony Blair we’re going alone.,IAFA,,REB; CB,,IAFA,,REB; CB,,IAFA,,REB; CB,
431,BUSH,Tell Silvio Berlusconi we’re going alone.,IAFA,,REB; CB,,IAFA,,REB; CB,,IAFA,,REB; CB,
432,BUSH,Tell Aleksander Kwasniewski of Poland we’re going alone.,IAFA; HS,,REB; CB,,IAFA; HS,,REB; CB,,IAFA; HS,,REB; CB,
433,BUSH,There are 30 countries there.,S-Inform,,REB; SE,,S-Inform,,REB; SE,,S-Inform,,REB; SE,
434,BUSH,"It denigrates an alliance to say we’re going alone, to discount their sacrifices.",S; CH,,REB,,S; CH,,REB,,S; CH,,REB,
435,BUSH,"You cannot lead an alliance if you say, you know, you’re going alone.",S,,IP; CB,,S,,IP; CB,,S,,IP; CB,
436,BUSH,And people listen.,S,,,,S,,,,S,,,
437,BUSH,They’re sacrificing with us.,S,,,,S,,,,S,,,
438,GIBSON,Senator?,TG,,,,TG,,,,TG,,,
439,KERRY,Mr.,S,,,,S,,,,S,,,
440,KERRY,"President, countries are leaving the coalition, not joining.",S-Inform; CH,,REB; SE,,S-Inform; CH,,REB; SE,,S-Inform; CH,,REB; SE,
441,KERRY,Eight countries have left it.,S-Inform,,REB; SE,,S-Inform,,REB; SE,,S-Inform,,REB; SE,
442,KERRY,"If Missouri, just given the number of people from Missouri who are in the military over there today, were a country, it would be the third largest country in the coalition, behind Great Britain and the United States.",S-Inform,,REB; SE,,S-Inform,,REB; SE,,S-Inform,,REB; SE,
443,KERRY,That’s not a grand coalition.,S; CH,,REB,,S; CH,,REB,,S; CH,,REB,
444,KERRY,Ninety percent of the casualties are American.,S-Inform,,REB; SE,,S-Inform,,REB; SE,,S-Inform,,REB; SE,
445,KERRY,Ninety percent of the costs are coming out of your pockets.,S-Inform,,AF; CB,,S-Inform,,AF; CB,,S-Inform,,AF; CB,
446,KERRY,I could do a better job.,S,,IT; IP,,S,,IT; IP,,S,,IT; IP,
447,KERRY,My plan does a better job.,S,,IT,,S,,IT,,S,,IT,
448,KERRY,And that’s why I’ll be a better commander in chief.,S; EXPL,,IT,,S; EXPL,,IT,,S; EXPL,,IT,
449,GIBSON,"The next question, Senator Kerry, is for you, and it comes from Ann Bronsing, who I believe is over in this area.",S; TG,,,,S; TG,,,,S; TG,,,
450,BRONSING,"Senator Kerry, we have been fortunate that there have been no further terrorist attacks on American soil since 9/11.",S; HS,,,,S; HS,,,,S; HS,,,
451,BRONSING,Why do you think this is?,Q-W; SEEP,,,,Q-W; SEEP,,,,Q-W; SEEP,,,
452,BRONSING,"And if elected, what will you do to assure our safety?",Q-W; OQ,,,,Q-W; OQ,,,,Q-W; OQ,,,
453,KERRY,"Thank you very much, Ann.",THK,,,,THK,,,,THK,,,
454,KERRY,"I’ve asked in my security briefings why that is, and I can’t go into all the answers, et cetera, but let me say this to you.",S; TT,,IA,,S; TT,,IA,,S; TT,,IA,
455,KERRY,"This president and his administration have told you and all of us it’s not a question of when, it’s a question of — excuse me — not a question of if, it’s a question of when.",S; CORR,,AF,,S; CORR,,AF,,S; CORR,,AF,
456,KERRY,We’ve been told that.,S,,,,S,,,,S,,,
457,KERRY,The when I can’t tell you.,S,,,,S,,,,S,,,
458,KERRY,"Between the World Trade Center bombing in, what was it, 1993 or so, and the next time was five years, seven years.",S-Inform; HS,,,,S-Inform; HS,,,,S-Inform; HS,,,
459,KERRY,These people wait.,S,,AF,,S,,AF,,S,,AF,
460,KERRY,They’ll plan.,S,,AF,,S,,AF,,S,,AF,
461,KERRY,They plot.,S,,AF,,S,,AF,,S,,AF,
462,KERRY,I agree with the president that we have to go after them and get them wherever they are.,S; AGR,,IP,,S; AGR,,IP,,S; AGR,,IP,
463,KERRY,"I just think I can do that far more effectively, because the most important weapon in doing that is intelligence.",S,,IT; IP,,S,,IT; IP,,S,,IT; IP,
464,KERRY,You’ve got to have the best intelligence in the world.,S,,,,S,,,,S,,,
465,KERRY,"And in order to have the best intelligence in the world to know who the terrorists are and where they are and what they’re plotting, you’ve got to have the best cooperation you’ve ever had in the world.",S,,,,S,,,,S,,,
466,KERRY,"Now, to go back to your question, Nikki, we’re not getting the best cooperation in the world today.",S; MS,,REB,,S; MS,,REB,,S; MS,,REB,
467,KERRY,We’ve got a whole bunch of countries that pay a price for dealing with the United States of America now.,S,,ATTR,,S,,ATTR,,S,,ATTR,
468,KERRY,I’m going to change that.,S,,IT,,S,,IT,,S,,IT,
469,KERRY,And I’m going to put in place a better homeland security effort.,S,,IT,,S,,IT,,S,,IT,
470,KERRY,"Look, 95 percent of our containers coming into this country are not inspected today.",S-Inform; IAFA,,AF; SE,,S-Inform; IAFA,,AF; SE,,S-Inform; IAFA,,AF; SE,
471,KERRY,"When you get on an airplane, your bag is X- rayed, but the cargo hold isn’t X-rayed.",S-Inform,,AF,,S-Inform,,AF,,S-Inform,,AF,
472,KERRY,Do you feel safer?,YNQ,,AF; AE,,YNQ,,AF; AE,,YNQ,,AF; AE,
473,KERRY,"This president in the last debate said, “Well, that would be a big tax gap if we did that.",S; CH,,REB,,S; CH,,REB,,S; CH,,REB,
474,KERRY,"” Ladies and gentlemen, it’s his tax plan.",S; CH,,ATTR; REB,,S; CH,,ATTR; REB,,S; CH,,ATTR; REB,
475,KERRY,He chose a tax cut for the wealthiest Americans over getting that equipment out into the homeland as fast as possible.,S,,ATTR; REB; SE,,S,,ATTR; REB; SE,,S,,ATTR; REB; SE,
476,KERRY,"We have bridges and tunnels that aren’t being secured, chemical plants, nuclear plants that aren’t secured, hospitals that are overcrowded with their emergency rooms.",S,,AF,,S,,AF,,S,,AF,
477,KERRY,"If we had a disaster today, could they handle it?",YNQ; Q-RHET,,AF; CB,,YNQ; Q-RHET,,AF; CB,,YNQ; Q-RHET,,AF; CB,
478,KERRY,This president chose a tax cut over homeland security.,S,,ATTR; REB,,S,,ATTR; REB,,S,,ATTR; REB,
479,KERRY,Wrong choice.,S,,REB; CB,,S,,REB; CB,,S,,REB; CB,
480,GIBSON,Mr.,TG,,,,TG,,,,TG,,,
481,GIBSON,President?,TG,,,,TG,,,,TG,,,
482,BUSH,"That’s an odd thing to say, since we’ve tripled the homeland security budget from $10 billion to $30 billion.",S-Inform; REJ; CH,,IT; REB,,S-Inform; REJ; CH,,IT; REB,,S-Inform; REJ; CH,,IT; REB,
483,BUSH,"Listen, we’ll do everything we can to protect the homeland.",S; TT,,IT,,S; TT,,IT,,S; TT,,IT,
484,BUSH,"My opponent’s right, we need good intelligence.",S; AGR,,REB,,S; AGR,,REB,,S; AGR,,REB,
485,BUSH,It’s also a curious thing for him to say since right after 1993 he voted to cut the intelligence budget by $7.,S-Inform; CH; HS,,ATTR; REB; SE,,S-Inform; CH; HS,,ATTR; REB; SE,,S-Inform; CH; HS,,ATTR; REB; SE,
486,BUSH,5 billion.,S-Inform,,SE,,S-Inform,,SE,,S-Inform,,SE,
487,BUSH,The best way to defend America in this world we live in is to stay on the offense.,S,,IP,,S,,IP,,S,,IP,
488,BUSH,"We got to be right 100 percent of the time here at home, and they got to be right once.",S,,AF,,S,,AF,,S,,AF,
489,BUSH,And that’s the reality.,S,,,,S,,,,S,,,
490,BUSH,And there’s a lot of good people working hard.,S,,,,S,,,,S,,,
491,BUSH,We’re doing the best we possibly can to share information.,S,,,,S,,,,S,,,
492,BUSH,That’s why the Patriot Act was important.,S; EXPL,,,,S; EXPL,,,,S; EXPL,,,
493,BUSH,"The Patriot Act is vital, by the way.",S,,IP,,S,,IP,,S,,IP,
494,BUSH,It’s a tool that law enforcement now uses to be able to talk between each other.,S,,,,S,,,,S,,,
495,BUSH,My opponent says he hadn’t changed his position on it.,S,,REB,,S,,REB,,S,,REB,
496,BUSH,"No, but he’s for weakening it.",S; CH,,ATTR; REB,,S; CH,,ATTR; REB,,S; CH,,ATTR; REB,
497,BUSH,I don’t think my opponent has got the right view about the world to make us safe; I really don’t.,S; IAFA; INT,,,,S; IAFA; INT,,,,S; IAFA; INT,,,
498,BUSH,"First of all, I don’t think he can succeed in Iraq.",Q-RHET; S; IAFA; REJ; INT,,REB; CB,,Q-RHET; S; IAFA; REJ; INT,,REB; CB,,Q-RHET; S; IAFA; REJ; INT,,REB; CB,
499,BUSH,"And if Iraq were to fail, it’d be a haven for terrorists, and there would be money and the world would be much more dangerous.",S,,AF; CB,,S,,AF; CB,,S,,AF; CB,
500,BUSH,I don’t see how you can win in Iraq if you don’t believe we should be there in the first place.,S,,IP; REB; CB,,S,,IP; REB; CB,,S,,IP; REB; CB,
501,BUSH,I don’t see how you can lead troops if you say it’s the wrong war at the wrong place at the wrong time.,S,,REB; CB,,S,,REB; CB,,S,,REB; CB,
502,BUSH,I don’t see how the Iraqis are going to have confidence in the American president if all they hear is that it was a mistake to be there in the first place.,S,,REB; CB,,S,,REB; CB,,S,,REB; CB,
503,BUSH,"This war is a long, long war, and it requires steadfast determination and it requires a complete understanding that we not only chase down Al Qaida but we disrupt terrorist safe havens as well as people who could provide the terrorists with support.",S,,AF; UF,,S,,AF; UF,,S,,AF; UF,
504,GIBSON,"I want to extend for a minute, Senator.",TT; T-REQ,,,,TT; T-REQ,,,,TT; T-REQ,,,
505,GIBSON,And I’m curious about something you said.,S,,,,S,,,,S,,,
506,GIBSON,"You said, “It’s not when, but if.",S; HS,,,,S; HS,,,,S; HS,,,
507,GIBSON,” You think it’s inevitable because the sense of security is a very basic thing with everybody in this country worried about their kids.,S,,AF; AE,,S,,AF; AE,,S,,AF; AE,
508,KERRY,"Well, the president and his experts have told America that it’s not a question of if; it’s a question of when.",S; EXPL,,AF,,S; EXPL,,AF,,S; EXPL,,AF,
509,KERRY,And I accept what the president has said.,AGR,,,,AGR,,,,AGR,,,
510,KERRY,"These terrorists are serious, they’re deadly, and they know nothing except trying to kill.",S,,AF,,S,,AF,,S,,AF,
511,KERRY,I understand that.,ACK,,,,ACK,,,,ACK,,,
512,KERRY,That’s why I will never stop at anything to hunt down and kill the terrorists.,S,,AF; IP,,S,,AF; IP,,S,,AF; IP,
513,KERRY,But you heard the president just say to you that we’ve added money.,S; REJ; MS,,REB,,S; REJ; MS,,REB,,S; REJ; MS,,REB,
514,KERRY,"Folks, the test is not if you’ve added money; the test is that you’ve done everything possible to make America secure.",S,,REB; CB,,S,,REB; CB,,S,,REB; CB,
515,KERRY,He chose a tax cut for wealthy Americans over the things that I listed to you.,S,,ATTR; REB,,S,,ATTR; REB,,S,,ATTR; REB,
516,GIBSON,Mr.,TG,,,,TG,,,,TG,,,
517,GIBSON,President?,TG,,,,TG,,,,TG,,,
518,BUSH,"Well, we’ll talk about the tax cut for middle class here in a minute.",S; MS,,DF,,S; MS,,DF,,S; MS,,DF,
519,BUSH,"But yes, I’m worried.",S; IAFA,,,,S; IAFA,,,,S; IAFA,,,
520,BUSH,I’m worried.,S,,AE,,S,,AE,,S,,AE,
521,BUSH,I’m worried about our country.,S,,AE; AP,,S,,AE; AP,,S,,AE; AP,
522,BUSH,"And all I can tell you is every day I know that there’s people working overtime, doing the very best they can.",S,,AE,,S,,AE,,S,,AE,
523,BUSH,And the reason I’m worried is because there’s a vicious enemy that has an ideology of hate.,S; EXPL,,AF,,S; EXPL,,AF,,S; EXPL,,AF,
524,BUSH,"And the way to defeat them long-term, by the way, is to spread freedom.",S,,APAT; UF,,S,,APAT; UF,,S,,APAT; UF,
525,BUSH,Liberty can change habits.,S,,APAT,,S,,APAT,,S,,APAT,
526,BUSH,And that’s what’s happening in Afghanistan and Iraq.,S,,IT,,S,,IT,,S,,IT,
527,GIBSON,Mr.,GR,,,,GR,,,,GR,,,
528,GIBSON,"President, we’re going to turn to questions now on domestic policy.",S; MS,,,,S; MS,,,,S; MS,,,
529,GIBSON,And we’re going to start with health issues.,S; MS,,,,S; MS,,,,S; MS,,,
530,GIBSON,And the first question is for President Bush and it’s from John Horstman.,S; TG,,,,S; TG,,,,S; TG,,,
531,HORSTMAN,Mr.,GR,,,,GR,,,,GR,,,
532,HORSTMAN,"President, why did you block the reimportation of safer and inexpensive drugs from Canada which would have cut 40 to 60 percent off of the cost?",Q-W; SEEP,,BQ; SE,,Q-W; SEEP,,BQ; SE,,Q-W; SEEP,,BQ; SE,
533,BUSH,I haven’t yet.,S; ANS,,,,S; ANS,,,,S; ANS,,,
534,BUSH,Just want to make sure they’re safe.,S; EXPL,,DF,,S; EXPL,,DF,,S; EXPL,,DF,
535,BUSH,"When a drug comes in from Canada, I want to make sure it cures you and doesn’t kill you.",S; IAFA,,AF; AE,,S; IAFA,,AF; AE,,S; IAFA,,AF; AE,
536,BUSH,And that’s why the FDA and that’s why the surgeon general are looking very carefully to make sure it can be done in a safe way.,S; EXPL,,,,S; EXPL,,,,S; EXPL,,,
537,BUSH,I’ve got an obligation to make sure our government does everything we can to protect you.,S,,AE; IP,,S,,AE; IP,,S,,AE; IP,
538,BUSH,"And what my worry is is that, you know, it looks like it’s from Canada, and it might be from a third world.",S; IAFA,,AF; CBias,,S; IAFA,,AF; CBias,,S; IAFA,,AF; CBias,
539,BUSH,"And we’ve just got to make sure, before somebody thinks they’re buying a product, that it works.",S,,,,S,,,,S,,,
540,BUSH,And that’s why we’re doing what we’re doing.,S; EXPL,,IT,,S; EXPL,,IT,,S; EXPL,,IT,
541,BUSH,"Now, it may very well be here in December you’ll hear me say, I think there’s a safe way to do it.",S,,IP,,S,,IP,,S,,IP,
542,BUSH,There are other ways to make sure drugs are cheaper.,S,,,,S,,,,S,,,
543,BUSH,"One is to speed up generic drugs to the marketplace, quicker.",S,,,,S,,,,S,,,
544,BUSH,"Pharmaceuticals were using loopholes to keep brand — brand drugs in place, and generics are much less expensive than brand drugs.",S; S-Inform,,,,S; S-Inform,,,,S; S-Inform,,,
545,BUSH,And we’re doing just that.,S,,IT,,S,,IT,,S,,IT,
546,BUSH,"Another is to pass — to get our seniors to sign up to these drug discount cards, and they’re working.",S,,IT,,S,,IT,,S,,IT,
547,BUSH,"Wanda Blackmore I met here from Missouri, the first time she bought drugs with her drug discount card, she paid $1.",S-Inform; HS,,AE; SE,,S-Inform; HS,,AE; SE,,S-Inform; HS,,AE; SE,
548,BUSH,"14, I think it was, for about $10 worth of drugs.",S-Inform,,SE,,S-Inform,,SE,,S-Inform,,SE,
549,BUSH,These cards make sense.,S,,IP,,S,,IP,,S,,IP,
550,BUSH,"And, you know, in 2006 seniors are going to get prescription drug coverage for the first time in Medicare.",S-Inform; HS,,IT,,S-Inform; HS,,IT,,S-Inform; HS,,IT,
551,BUSH,Because I went to Washington to fix problems.,S; EXPL,,IT,,S; EXPL,,IT,,S; EXPL,,IT,
552,BUSH,Medicare — the issue of Medicare used to be called “Mediscare.,S; HS,,,,S; HS,,,,S; HS,,,
553,BUSH,” People didn’t want to touch it for fear of getting hurt politically.,S,,CB,,S,,CB,,S,,CB,
554,BUSH,I wanted to get something done.,S,,IT,,S,,IT,,S,,IT,
555,BUSH,I think our seniors deserve a modern medical system.,S; IAFA,,AE; IP,,S; IAFA,,AE; IP,,S; IAFA,,AE; IP,
556,BUSH,"And in 2006, our seniors will get prescription drug coverage.",S-Inform,,IT,,S-Inform,,IT,,S-Inform,,IT,
557,BUSH,Thank you for asking.,THK,,,,THK,,,,THK,,,
558,GIBSON,"Senator, a minute and a half.",TG,,,,TG,,,,TG,,,
559,KERRY,"John, you heard the president just say that he thought he might try to be for it.",S; CH,,ATTR; REB,,S; CH,,ATTR; REB,,S; CH,,ATTR; REB,
560,KERRY,"Four years ago, right here in this forum, he was asked the same question: Can’t people be able to import drugs from Canada?",YNQ; S; HS,,ATTR; REB,,YNQ; S; HS,,ATTR; REB,,YNQ; S; HS,,ATTR; REB,
561,KERRY,You know what he said?,YNQ,,REB,,YNQ,,REB,,YNQ,,REB,
562,KERRY,“I think that makes sense.,S,,REB,,S,,REB,,S,,REB,
563,KERRY,I think that’s a good idea” — four years ago.,S; HS,,REB; SE,,S; HS,,REB; SE,,S; HS,,REB; SE,
564,KERRY,"Now, the president said, “I’m not blocking that.",S,,ATTR; REB,,S,,ATTR; REB,,S,,ATTR; REB,
565,KERRY,"” Ladies and gentlemen, the president just didn’t level with you right now again.",S; CH,,PER; ATTR; REB,,S; CH,,PER; ATTR; REB,,S; CH,,PER; ATTR; REB,
566,KERRY,"He did block it, because we passed it in the United States Senate.",S; EXPL,,IT; REB,,S; EXPL,,IT; REB,,S; EXPL,,IT; REB,
567,KERRY,"We sent it over to the House, that you could import drugs.",S,,IT,,S,,IT,,S,,IT,
568,KERRY,We took care of the safety issues.,S,,IT,,S,,IT,,S,,IT,
569,KERRY,We’re not talking about third-world drugs.,S,,,,S,,,,S,,,
570,KERRY,We’re talking about drugs made right here in the United States of America that have American brand names on them and American bottles.,S; S-Inform,,AP,,S; S-Inform,,AP,,S; S-Inform,,AP,
571,KERRY,And we’re asking to be able to allow you to get them.,S,,,,S,,,,S,,,
572,KERRY,The president blocked it.,S; CH,,ATTR; REB,,S; CH,,ATTR; REB,,S; CH,,ATTR; REB,
573,KERRY,"The president also took Medicare, which belongs to you.",S,,ATTR; REB,,S,,ATTR; REB,,S,,ATTR; REB,
574,KERRY,And he could have lowered the cost of Medicare and lowered your taxes and lowered the costs to seniors.,S,,ATTR; REB,,S,,ATTR; REB,,S,,ATTR; REB,
575,KERRY,You know what he did?,Q-W,,AEX; CB,,Q-W,,AEX; CB,,Q-W,,AEX; CB,
576,KERRY,"He made it illegal, illegal for Medicare to do what the V.",S; CH,,ATTR; REB,,S; CH,,ATTR; REB,,S; CH,,ATTR; REB,
577,KERRY,"does, which is bulk purchase drugs so that you can lower the price and get them out to you lower.",S; EXPL,,REB,,S; EXPL,,REB,,S; EXPL,,REB,
578,KERRY,He put $139 billion of windfall profit into the pockets of the drug companies right out of your pockets.,S-Inform; CH,,AE; ATTR; REB,,S-Inform; CH,,AE; ATTR; REB,,S-Inform; CH,,AE; ATTR; REB,
579,KERRY,That’s the difference between us.,S,,,,S,,,,S,,,
580,KERRY,"The president sides with the power companies, the oil companies, the drug companies.",S; CH,,PB; ATTR; REB,,S; CH,,PB; ATTR; REB,,S; CH,,PB; ATTR; REB,
581,KERRY,"And I’m fighting to let you get those drugs from Canada, and I’m fighting to let Medicare survive.",S,,IT; IP,,S,,IT; IP,,S,,IT; IP,
582,KERRY,I’m fighting for the middle class.,S,,AE; IT,,S,,AE; IT,,S,,AE; IT,
583,KERRY,That is the difference.,S,,,,S,,,,S,,,
584,BUSH,"If they’re safe, they’re coming.",S,,,,S,,,,S,,,
585,BUSH,I want to remind you that it wasn’t just my administration that made the decision on safety.,S; MS,,DF; IP,,S; MS,,DF; IP,,S; MS,,DF; IP,
586,BUSH,"President Clinton did the same thing, because we have an obligation to protect you.",S; EXPL; HS,,AE; IT,,S; EXPL; HS,,AE; IT,,S; EXPL; HS,,AE; IT,
587,BUSH,"Now, he talks about Medicare.",S; MS,,,,S; MS,,,,S; MS,,,
588,BUSH,He’s been in the United States Senate 20 years.,S-Inform,,ATTR; SE,,S-Inform,,ATTR; SE,,S-Inform,,ATTR; SE,
589,BUSH,Show me one accomplishment toward Medicare that he accomplished.,IAFA; CH,,ATTR; AEX; REB,,IAFA; CH,,ATTR; AEX; REB,,IAFA; CH,,ATTR; AEX; REB,
590,BUSH,"I’ve been in Washington, D.",S,,IT,,S,,IT,,S,,IT,
591,BUSH,", three and a half years and led the Congress to reform Medicare so our seniors have got a modern health care system.",S-Inform,,IT,,S-Inform,,IT,,S-Inform,,IT,
592,BUSH,That’s what leadership is all about.,S,,IP; CB,,S,,IP; CB,,S,,IP; CB,
593,KERRY,"Actually, Mr.",TT,,,,TT,,,,TT,,,
594,KERRY,"President, in 1997 we fixed Medicare, and I was one of the people involved in it.",S-Inform; REJ; HS,,IT; REB,,S-Inform; REJ; HS,,IT; REB,,S-Inform; REJ; HS,,IT; REB,
595,KERRY,"We not only fixed Medicare and took it way out into the future, we did something that you don’t know how to do: We balanced the budget.",S; IAFA; IAFA-OF,,PER; IT,,S; IAFA; IAFA-OF,,PER; IT,,S; IAFA; IAFA-OF,,PER; IT,
596,KERRY,"And we paid down the debt of our nation for two years in a row, and we created 23 million new jobs at the same time.",S-Inform,,IT; SE,,S-Inform,,IT; SE,,S-Inform,,IT; SE,
597,KERRY,And it’s the president’s fiscal policies that have driven up the biggest deficits in American history.,S; CH,,ATTR; REB,,S; CH,,ATTR; REB,,S; CH,,ATTR; REB,
598,KERRY,He’s added more debt to the debt of the United States in four years than all the way from George Washington to Ronald Reagan put together.,S-Inform; CH; HS,,ATTR; REB; SE,,S-Inform; CH; HS,,ATTR; REB; SE,,S-Inform; CH; HS,,ATTR; REB; SE,
599,KERRY,Go figure.,S,,PER,,S,,PER,,S,,PER,
600,GIBSON,The next question is for Senator Kerry.,S; TG,,,,S; TG,,,,S; TG,,,
601,GIBSON,And this comes from Norma-Jean Laurent.,S,,,,S,,,,S,,,
602,LAURENT,"Senator Kerry, you’ve stated your concern for the rising cost of health care, yet you chose a vice presidential candidate who has made millions of dollars successfully suing medical professionals.",S,,AEX; CB,,S,,AEX; CB,,S,,AEX; CB,
603,LAURENT,How do you reconcile this with the voters?,Q-W; OQ,,BQ; CB,,Q-W; OQ,,BQ; CB,,Q-W; OQ,,BQ; CB,
604,KERRY,Very easily.,ANS,,,,ANS,,,,ANS,,,
605,KERRY,John Edwards is the author of the Patients’ Bill of Rights.,S-Inform,,,,S-Inform,,,,S-Inform,,,
606,KERRY,He wanted to give people rights.,S,,,,S,,,,S,,,
607,KERRY,John Edwards and I support tort reform.,S,,,,S,,,,S,,,
608,KERRY,"We both believe that, as lawyers — I’m a lawyer, too.",S,,IP,,S,,IP,,S,,IP,
609,KERRY,And I believe that we will be able to get a fix that has alluded everybody else because we know how to do it.,S,,IT; IP,,S,,IT; IP,,S,,IT; IP,
610,KERRY,It’s in my health-care proposal.,S,,,,S,,,,S,,,
611,KERRY,Go to johnkerry.,IAFA,,,,IAFA,,,,IAFA,,,
612,KERRY,You can pull it off of the Internet.,S,,,,S,,,,S,,,
613,KERRY,And you’ll find a tort reform plan.,S,,,,S,,,,S,,,
614,KERRY,"Now, ladies and gentlemen, important to understand, the president and his friends try to make a big deal out of it.",S; MS,,PB; REB,,S; MS,,PB; REB,,S; MS,,PB; REB,
615,KERRY,Is it a problem?,YNQ; Q-RHET,,,,YNQ; Q-RHET,,,,YNQ; Q-RHET,,,
616,KERRY,"Yes, it’s a problem.",S; ANS,,,,S; ANS,,,,S; ANS,,,
617,KERRY,"Do we need to fix it, particularly for OGBYNs and for brain surgeons and others?",YNQ; Q-RHET,,,,YNQ; Q-RHET,,,,YNQ; Q-RHET,,,
618,KERRY,Yes.,ANS,,,,ANS,,,,ANS,,,
619,KERRY,But it’s less than 1 percent of the total cost of health care.,S-Inform,,SE,,S-Inform,,SE,,S-Inform,,SE,
620,KERRY,Your premiums are going up.,S,,,,S,,,,S,,,
621,KERRY,"You’ve gone up, in Missouri, about $3,500.",S-Inform,,SE,,S-Inform,,SE,,S-Inform,,SE,
622,KERRY,You’ve gone up 64 percent.,S-Inform,,SE,,S-Inform,,SE,,S-Inform,,SE,
623,KERRY,"You’ve seen co-pays go up, deductibles go up.",S,,,,S,,,,S,,,
624,KERRY,Everything’s gone up.,S,,CB,,S,,CB,,S,,CB,
625,KERRY,Five million people have lost their health insurance under this president.,S-Inform,,AF; ATTR,,S-Inform,,AF; ATTR,,S-Inform,,AF; ATTR,
626,KERRY,He’s done nothing about it.,S,,ATTR; REB,,S,,ATTR; REB,,S,,ATTR; REB,
627,KERRY,I have a plan.,S,,IT,,S,,IT,,S,,IT,
628,KERRY,I have a plan to lower the cost of health care for you.,S,,IT,,S,,IT,,S,,IT,
629,KERRY,I have a plan to cover all children.,S,,IT,,S,,IT,,S,,IT,
630,KERRY,I have a plan to let you buy into the same health care senators and congressmen give themselves.,S,,IT,,S,,IT,,S,,IT,
631,KERRY,I have a plan that’s going to allow people 55 to 64 to buy into Medicare early.,S-Inform,,IT,,S-Inform,,IT,,S-Inform,,IT,
632,KERRY,"And I have a plan that will take the catastrophic cases out of the system, off your backs, pay for it out of a federal fund, which lowers the premiums for everybody in America, makes American business more competitive and makes health care more affordable.",S,,IT,,S,,IT,,S,,IT,
633,KERRY,"Now, all of that can happen, but I have to ask you to do one thing: Join me in rolling back the president’s unaffordable tax cut for people earning more than $200,000 a year.",S-Inform; IAFA,,UF; IP,,S-Inform; IAFA,,UF; IP,,S-Inform; IAFA,,UF; IP,
634,KERRY,That’s all.,S,,,,S,,,,S,,,
635,KERRY,"Ninety-eight percent of America, I’m giving you a tax cut and I’m giving you health care.",S-Inform; IAFA,,IT,,S-Inform; IAFA,,IT,,S-Inform; IAFA,,IT,
636,GIBSON,Mr.,GR,,,,GR,,,,GR,,,
637,GIBSON,"President, a minute and a half.",S,,,,S,,,,S,,,
638,BUSH,Let me see where to start here.,TT,,,,TT,,,,TT,,,
639,BUSH,"First, the National Journal named Senator Kennedy the most liberal senator of all.",S-Inform,,PB; SE,,S-Inform,,PB; SE,,S-Inform,,PB; SE,
640,BUSH,And that’s saying something in that bunch.,S,,PB; PER,,S,,PB; PER,,S,,PB; PER,
641,BUSH,You might say that took a lot of hard work.,S,,PER; CB,,S,,PER; CB,,S,,PER; CB,
642,BUSH,The reason I bring that up is because he’s proposed $2.,S-Inform; EXPL,,ATTR; REB,,S-Inform; EXPL,,ATTR; REB,,S-Inform; EXPL,,ATTR; REB,
643,BUSH,"2 trillion in new spending, and he says he going to tax the rich to close the tax gap.",S-Inform,,ATTR; REB; SE,,S-Inform,,ATTR; REB; SE,,S-Inform,,ATTR; REB; SE,
644,BUSH,He can’t.,S; REJ,,ATTR; REB,,S; REJ,,ATTR; REB,,S; REJ,,ATTR; REB,
645,BUSH,He’s going to tax everybody here to fund his programs.,S,,AF; ATTR,,S,,AF; ATTR,,S,,AF; ATTR,
646,BUSH,That’s just reality.,S,,CB,,S,,CB,,S,,CB,
647,BUSH,And what are his health programs?,Q-W,,,,Q-W,,,,Q-W,,,
648,BUSH,"First, he says he’s for medical liability reform, particularly for OB/GYNs.",S,,REB,,S,,REB,,S,,REB,
649,BUSH,There’s a bill on the floor of the United States Senate that he could have showed up and voted for if he’s so much for it.,S; CH,,ATTR; REB,,S; CH,,ATTR; REB,,S; CH,,ATTR; REB,
650,BUSH,"Secondly, he says that medical liability costs only cause a 1 percent increase.",S-Inform,,REB,,S-Inform,,REB,,S-Inform,,REB,
651,BUSH,That shows a lack of understanding.,S; CH,,PER; REB,,S; CH,,PER; REB,,S; CH,,PER; REB,
652,BUSH,Doctors practice defensive medicine because of all the frivolous lawsuits that cost our government $28 billion a year.,S-Inform; EXPL,,SE,,S-Inform; EXPL,,SE,,S-Inform; EXPL,,SE,
653,BUSH,"And finally, he said he’s going to have a novel health care plan.",S,,REB,,S,,REB,,S,,REB,
654,BUSH,You know what it is?,Q-RHET,,REB,,Q-RHET,,REB,,Q-RHET,,REB,
655,BUSH,The federal government is going to run it.,S,,,,S,,,,S,,,
656,BUSH,It’s the largest increase in federal government health care ever.,S-Inform,,CB; SE,,S-Inform,,CB; SE,,S-Inform,,CB; SE,
657,BUSH,And it fits with his philosophy.,S,,ATTR,,S,,ATTR,,S,,ATTR,
658,BUSH,That’s why I told you about the award he won from the National Journal.,S; HS,,ATTR; REB,,S; HS,,ATTR; REB,,S; HS,,ATTR; REB,
659,BUSH,That’s what liberals do.,S,,PB,,S,,PB,,S,,PB,
660,BUSH,They create government-sponsored health care.,S,,PB,,S,,PB,,S,,PB,
661,BUSH,Maybe you think that makes sense.,S,,CB,,S,,CB,,S,,CB,
662,BUSH,I don’t.,S; DIS,,IP,,S; DIS,,IP,,S; DIS,,IP,
663,BUSH,Government-sponsored health care would lead to rationing.,S,,AF; CB,,S,,AF; CB,,S,,AF; CB,
664,BUSH,It would ruin the quality of health care in America.,S,,AF,,S,,AF,,S,,AF,
665,GIBSON,"Senator Kerry, we got several questions along this line, and I’m just curious if you’d go further on what you talked about with tort reform.",S; MS,,,,S; MS,,,,S; MS,,,
666,GIBSON,Would you be favoring capping awards on pain and suffering?,YNQ,,,,YNQ,,,,YNQ,,,
667,GIBSON,Would you limit attorney’s fees?,YNQ,,,,YNQ,,,,YNQ,,,
668,KERRY,A follow-up…,TT; MS,,,,TT; MS,,,,TT; MS,,,
669,GIBSON,Yes.,ACK; ANS,,,,ACK; ANS,,,,ACK; ANS,,,
670,GIBSON,A follow-up on this for…,TT; MS,,,,TT; MS,,,,TT; MS,,,
671,KERRY,"Yes, I think we should look at the punitive and we should have some limitations.",S; IAFA; ANS,,IP,,S; IAFA; ANS,,IP,,S; IAFA; ANS,,IP,
672,KERRY,"But look, what’s really important, Charlie, is the president is just trying to scare everybody here with throwing labels around.",S; CH; MS,,PER; ATTR; REB,,S; CH; MS,,PER; ATTR; REB,,S; CH; MS,,PER; ATTR; REB,
673,KERRY,"I mean, “compassionate conservative,” what does that mean?",Q-W; Q-RHET,,REB; CB,,Q-W; Q-RHET,,REB; CB,,Q-W; Q-RHET,,REB; CB,
674,KERRY,"Cutting 500,000 kids from after-school programs, cutting 365,000 kids from health care, running up the biggest deficits in American history.",S-Inform; CH,,AF; ATTR; REB; SE,,S-Inform; CH,,AF; ATTR; REB; SE,,S-Inform; CH,,AF; ATTR; REB; SE,
675,KERRY,Mr.,TT,,,,TT,,,,TT,,,
676,KERRY,"President, you’re batting 0 for 2.",S; CH,,PER; AEX,,S; CH,,PER; AEX,,S; CH,,PER; AEX,
677,KERRY,"I mean, seriously — labels don’t mean anything.",S,,IP,,S,,IP,,S,,IP,
678,KERRY,What means something is: Do you have a plan?,Q-W; OQ,,CB,,Q-W; OQ,,CB,,Q-W; OQ,,CB,
679,KERRY,And I want to talk about my plan some more — I hope we can.,S,,IP,,S,,IP,,S,,IP,
680,GIBSON,We’ll get to that in just a minute.,S; MS,,,,S; MS,,,,S; MS,,,
681,GIBSON,"Thirty seconds, President Bush.",TG,,,,TG,,,,TG,,,
682,BUSH,"You’re right, what does matter is a plan.",AGR,,,,AGR,,,,AGR,,,
683,BUSH,He said he’s for — you’re now for capping punitive damages?,YNQ; CH,,REB,,YNQ; CH,,REB,,YNQ; CH,,REB,
684,BUSH,That’s odd.,S,,IP; REB,,S,,IP; REB,,S,,IP; REB,
685,BUSH,You should have shown up on the floor in the Senate and voted for it then.,S; IAFA,,ATTR; REB,,S; IAFA,,ATTR; REB,,S; IAFA,,ATTR; REB,
686,BUSH,"Medical liability issues are a problem, a significant problem.",S,,,,S,,,,S,,,
687,BUSH,He’s been in the United States Senate for 20 years and he hasn’t addressed it.,S-Inform; CH,,PER; ATTR; REB,,S-Inform; CH,,PER; ATTR; REB,,S-Inform; CH,,PER; ATTR; REB,
688,BUSH,We passed it out of the House of Representatives.,S,,IT,,S,,IT,,S,,IT,
689,BUSH,Guess where it’s stuck?,Q-RHET,,CB,,Q-RHET,,CB,,Q-RHET,,CB,
690,BUSH,"It’s stuck in the Senate, because the trial lawyers won’t act on it.",S; EXPL,,PB; ATTR,,S; EXPL,,PB; ATTR,,S; EXPL,,PB; ATTR,
691,BUSH,And he put a trial lawyer on the ticket.,S,,ATTR; REB,,S,,ATTR; REB,,S,,ATTR; REB,
692,GIBSON,"The next question is for President Bush, and it comes from Matthew O’Brien.",S,,,,S,,,,S,,,
693,GIBSON,O’BRIEN: Mr.,S,,,,S,,,,S,,,
694,GIBSON,"President, you have enjoyed a Republican majority in the House and Senate for most of your presidency.",S,,,,S,,,,S,,,
695,GIBSON,"In that time, you’ve not vetoed a single spending bill.",S; CH,,ATTR; REB,,S; CH,,ATTR; REB,,S; CH,,ATTR; REB,
696,GIBSON,"Excluding $120 billion spent in Iran and — I’m sorry, Iraq and Afghanistan, there has been $700 billion spent and not paid for by taxes.",S-Inform; CORR,,REB; SE,,S-Inform; CORR,,REB; SE,,S-Inform; CORR,,REB; SE,
697,GIBSON,Please explain how the spending you have approved and not paid for is better for the American people than the spending proposed by your opponent.,OQ; SEEP,,CB,,OQ; SEEP,,CB,,OQ; SEEP,,CB,
698,BUSH,"Right, thank you for that.",ACK; THK,,,,ACK; THK,,,,ACK; THK,,,
699,BUSH,We have a deficit.,S,,,,S,,,,S,,,
700,BUSH,We have a deficit because this country went into a recession.,S; EXPL,,DF,,S; EXPL,,DF,,S; EXPL,,DF,
701,BUSH,"You might remember the stock market started to decline dramatically six months before I came to office, and then the bubble of the 1990s popped.",S; HS,,DF; SE,,S; HS,,DF; SE,,S; HS,,DF; SE,
702,BUSH,And that cost us revenue.,S; EXPL,,,,S; EXPL,,,,S; EXPL,,,
703,BUSH,That cost us revenue.,S; EXPL,,,,S; EXPL,,,,S; EXPL,,,
704,BUSH,"Secondly, we’re at war.",S; EXPL,,DF,,S; EXPL,,DF,,S; EXPL,,DF,
705,BUSH,"And I’m going to spend what it takes to win the war, more than just $120 billion for Iraq and Afghanistan.",S-Inform,,AF; IT,,S-Inform,,AF; IT,,S-Inform,,AF; IT,
706,BUSH,We’ve got to pay our troops more.,S,,,,S,,,,S,,,
707,BUSH,We have.,S,,,,S,,,,S,,,
708,BUSH,We’ve increased money for ammunition and weapons and pay and homeland security.,S-Inform,,IT,,S-Inform,,IT,,S-Inform,,IT,
709,BUSH,I just told this lady over here we spent — went from $10 billion to $30 billion to protect the homeland.,S-Inform,,IT,,S-Inform,,IT,,S-Inform,,IT,
710,BUSH,I think we have an obligation to spend that kind of money.,S; IAFA,,IP,,S; IAFA,,IP,,S; IAFA,,IP,
711,BUSH,"And plus, we cut taxes for everybody.",S-Inform,,IT,,S-Inform,,IT,,S-Inform,,IT,
712,BUSH,"Everybody got tax relief, so that they get out of the recession.",S,,IT,,S,,IT,,S,,IT,
713,BUSH,"I think if you raise taxes during a recession, you head to depression.",S,,AF; IP; CB,,S,,AF; IP; CB,,S,,AF; IP; CB,
714,BUSH,"I come from the school of thought that says when people have more money in their pocket during economic times, it increases demand or investment.",S; EXPL,,IP,,S; EXPL,,IP,,S; EXPL,,IP,
715,BUSH,"Small businesses begin to grow, and jobs are added.",S,,,,S,,,,S,,,
716,BUSH,"We found out today that over the past 13 months, we’ve added 1.",S-Inform,,IT,,S-Inform,,IT,,S-Inform,,IT,
717,BUSH,9 million new jobs in the last 13 months.,S-Inform,,IT,,S-Inform,,IT,,S-Inform,,IT,
718,BUSH,"I proposed a plan, detailed budget, that shows us cutting the deficit in half by five years.",S-Inform,,IT,,S-Inform,,IT,,S-Inform,,IT,
719,BUSH,"And you’re right, I haven’t vetoed any spending bills, because we work together.",S; AGR,,IP,,S; AGR,,IP,,S; AGR,,IP,
720,BUSH,"Non-homeland, non-defense discretionary spending was raising at 15 percent a year when I got into office.",S-Inform; HS,,SE,,S-Inform; HS,,SE,,S-Inform; HS,,SE,
721,BUSH,"And today it’s less than 1 percent, because we’re working together to try to bring this deficit under control.",S-Inform; EXPL,,IT; SE,,S-Inform; EXPL,,IT; SE,,S-Inform; EXPL,,IT; SE,
722,BUSH,"Like you, I’m concerned about the deficit.",S,,UF; IP,,S,,UF; IP,,S,,UF; IP,
723,BUSH,But I am not going to shortchange our troops in harm’s way.,S,,AE; IP,,S,,AE; IP,,S,,AE; IP,
724,BUSH,"And I’m not going to run up taxes, which will cost this economy jobs.",S,,AF; IP,,S,,AF; IP,,S,,AF; IP,
725,BUSH,Thank you for your question.,THK,,,,THK,,,,THK,,,
726,GIBSON,"Senator Kerry, a minute and a half.",TG,,,,TG,,,,TG,,,
727,KERRY,Let me begin by saying that my health-care plan is not what the president described.,CORR; CH; TT,,REB,,CORR; CH; TT,,REB,,CORR; CH; TT,,REB,
728,KERRY,It is not a government takeover.,S; CH,,REB,,S; CH,,REB,,S; CH,,REB,
729,KERRY,You have choice.,S,,,,S,,,,S,,,
730,KERRY,"Choose your doctor, choose your plan.",IAFA,,,,IAFA,,,,IAFA,,,
731,KERRY,The government has nothing to do with it.,S,,REB,,S,,REB,,S,,REB,
732,KERRY,"In fact, it doesn’t ask you to do anything — if you don’t want to take it, you don’t have to.",S,,,,S,,,,S,,,
733,KERRY,"If you like your high premiums, you keep them.",S,,CB,,S,,CB,,S,,CB,
734,KERRY,That’s the way we leave it.,S,,,,S,,,,S,,,
735,KERRY,"Now with respect to the deficit, the president was handed a $5.",S-Inform,,ATTR,,S-Inform,,ATTR,,S-Inform,,ATTR,
736,KERRY,"6 trillion surplus, ladies and gentlemen.",S-Inform,,,,S-Inform,,,,S-Inform,,,
737,KERRY,That’s where he was when he came into office.,S,,,,S,,,,S,,,
738,KERRY,We now have a $2.,S-Inform,,,,S-Inform,,,,S-Inform,,,
739,KERRY,6 trillion deficit.,S-Inform,,,,S-Inform,,,,S-Inform,,,
740,KERRY,This is the biggest turnaround in the history of the country.,S,,ATTR; SE,,S,,ATTR; SE,,S,,ATTR; SE,
741,KERRY,He’s the first president in 72 years to lose jobs.,S-Inform,,ATTR; SE,,S-Inform,,ATTR; SE,,S-Inform,,ATTR; SE,
742,KERRY,He talked about war.,S,,,,S,,,,S,,,
743,KERRY,This is the first time the United States of America has ever had a tax cut when we’re at war.,S-Inform,,ATTR; REB,,S-Inform,,ATTR; REB,,S-Inform,,ATTR; REB,
744,KERRY,"Franklin Roosevelt, Harry Truman, others, knew how to lead.",S; HS,,CB,,S; HS,,CB,,S; HS,,CB,
745,KERRY,They knew how to ask the American people for the right things.,S,,,,S,,,,S,,,
746,KERRY,"One percent of America, the highest one percent of income earners in America, got $89 billion of tax cut last year.",S-Inform,,SE,,S-Inform,,SE,,S-Inform,,SE,
747,KERRY,"One percent of America got more than the 80 percent of America that earned from $100,000 down.",S-Inform,,SE,,S-Inform,,SE,,S-Inform,,SE,
748,KERRY,The president thinks it’s more important to fight for that top 1 percent than to fight for fiscal responsibility and to fight for you.,S; CH,,ATTR; REB; CB,,S; CH,,ATTR; REB; CB,,S; CH,,ATTR; REB; CB,
749,KERRY,I want to put money in your pocket.,S,,AE; IP,,S,,AE; IP,,S,,AE; IP,
750,KERRY,"I am — I have a proposal for a tax cut for all people earning less than the $200,000.",S-Inform,,IT,,S-Inform,,IT,,S-Inform,,IT,
751,KERRY,The only people affected by my plan are the top income earners of America.,S,,IT,,S,,IT,,S,,IT,
752,GIBSON,"I both — I heard you both say — I have heard you both say during the campaign, I just heard you say it, that you’re going to cut the deficit by a half in four years.",S,,,,S,,,,S,,,
753,GIBSON,But I didn’t hear one thing in the last three and a half minutes that would indicate how either one of you do that.,S; CH,,REB,,S; CH,,REB,,S; CH,,REB,
754,BUSH,"Well, look at the budget.",IAFA,,,,IAFA,,,,IAFA,,,
755,BUSH,One is make sure Congress doesn’t overspend.,S,,,,S,,,,S,,,
756,BUSH,But let me talk back about where we’ve been.,TT; MS,,,,TT; MS,,,,TT; MS,,,
757,BUSH,The stock market was declining six months prior to my arrival.,S; S-Inform,,SE,,S; S-Inform,,SE,,S; S-Inform,,SE,
758,BUSH,"It was the largest stock market correction — one of the largest in history, which foretold a recession.",S; S-Inform; HS,,SE,,S; S-Inform; HS,,SE,,S; S-Inform; HS,,SE,
759,BUSH,"Because we cut taxes on everybody — remember, we ran up the child credit by $1,000, we reduced the marriage penalty, we created a 10 percent bracket, everybody who pays taxes got relief — the recession was one of the shortest in our nation’s history.",S; S-Inform; EXPL,,IT; SE,,S; S-Inform; EXPL,,IT; SE,,S; S-Inform; EXPL,,IT; SE,
760,GIBSON,"Senator Kerry, 30 seconds.",TG,,,,TG,,,,TG,,,
761,KERRY,"After 9/11, after the recession had ended, the president asked for another tax cut and promised 5.",S; S-Inform; HS,,ATTR; REB,,S; S-Inform; HS,,ATTR; REB,,S; S-Inform; HS,,ATTR; REB,
762,KERRY,6 million jobs would be created.,S; S-Inform,,ATTR,,S; S-Inform,,ATTR,,S; S-Inform,,ATTR,
763,KERRY,He lost 1.,S; S-Inform,,ATTR; REB,,S; S-Inform,,ATTR; REB,,S; S-Inform,,ATTR; REB,
764,KERRY,"6 million, ladies and gentlemen.",S; S-Inform,,ATTR; AEX; REB,,S; S-Inform,,ATTR; AEX; REB,,S; S-Inform,,ATTR; AEX; REB,
765,KERRY,And most of that tax cut went to the wealthiest people in the country.,S-Inform,,SE,,S-Inform,,SE,,S-Inform,,SE,
766,KERRY,He came and asked for a tax cut — we wanted a tax cut to kick the economy into gear.,S,,,,S,,,,S,,,
767,KERRY,Do you know what he presented us with?,YNQ; Q-RHET,,CB,,YNQ; Q-RHET,,CB,,YNQ; Q-RHET,,CB,
768,KERRY,"A $25 billion giveaway to the biggest corporations in America, including a $254 million refund check to Enron.",S-Inform,,ATTR; SE,,S-Inform,,ATTR; SE,,S-Inform,,ATTR; SE,
769,KERRY,Wrong priorities.,S,,REB,,S,,REB,,S,,REB,
770,KERRY,You are my priority.,S,,AE,,S,,AE,,S,,AE,
771,GIBSON,"Senator Kerry, the next question will be for you, and it comes from James Varner, who I believe is in this section.",S; TG,,,,S; TG,,,,S; TG,,,
772,GIBSON,Mr.,S,,,,S,,,,S,,,
773,GIBSON,Varner?,Q-W; TG,,,,Q-W; TG,,,,Q-W; TG,,,
774,GIBSON,You need a microphone.,S; IAFA,,,,S; IAFA,,,,S; IAFA,,,
775,VARNER,Thank you.,THK,,,,THK,,,,THK,,,
776,VARNER,"Senator Kerry, would you be willing to look directly into the camera and, using simple and unequivocal language, give the American people your solemn pledge not to sign any legislation that will increase the tax burden on families earning less than $200,000 a year during your first term?",YNQ; IAFA,,,,YNQ; IAFA,,,,YNQ; IAFA,,,
777,KERRY,Absolutely.,ANS,,,,ANS,,,,ANS,,,
778,KERRY,Yes.,ANS,,,,ANS,,,,ANS,,,
779,KERRY,Right into the camera.,S,,,,S,,,,S,,,
780,KERRY,Yes.,ANS,,,,ANS,,,,ANS,,,
781,KERRY,I am not going to raise taxes.,S,,IP,,S,,IP,,S,,IP,
782,KERRY,I have a tax cut.,S,,IT,,S,,IT,,S,,IT,
783,KERRY,And here’s my tax cut.,S,,IT,,S,,IT,,S,,IT,
784,KERRY,"I raise the child-care credit by $1,000 for families to help them be able to take care of their kids.",S-Inform,,IT,,S-Inform,,IT,,S-Inform,,IT,
785,KERRY,"I have a $4,000 tuition tax credit that goes to parents — and kids, if they’re earning for themselves — to be able to pay for college.",S-Inform; IAFA,,IT,,S-Inform; IAFA,,IT,,S-Inform; IAFA,,IT,
786,KERRY,And I lower the cost of health care in the way that I described to you.,S,,IT,,S,,IT,,S,,IT,
787,KERRY,Every part of my program I’ve shown how I’m going to pay for it.,S,,IT,,S,,IT,,S,,IT,
788,KERRY,"And I’ve gotten good people, like former Secretary of the Treasury Bob Rubin, for instance, who showed how to balance budgets and give you a good economy, to help me crunch these numbers and make them work.",S; HS,,IT,,S; HS,,IT,,S; HS,,IT,
789,KERRY,"I’ve even scaled back some of my favorite programs already, like the child-care program I wanted to fund and the national service program, because the president’s deficit keeps growing and I’ve said as a pledge, “I’m going to cut the deficit in half in four years.",S-Inform; HS,,IT; ATTR,,S-Inform; HS,,IT; ATTR,,S-Inform; HS,,IT; ATTR,
790,KERRY,"” Now, I’m going to restore what we did in the 1990s, ladies and gentlemen: pay as you go.",S; HS,,UF; IT,,S; HS,,UF; IT,,S; HS,,UF; IT,
791,KERRY,We’re going to do it like you do it.,S,,UF,,S,,UF,,S,,UF,
792,KERRY,The president broke the pay-as-you-go rule.,S; CH,,ATTR; REB,,S; CH,,ATTR; REB,,S; CH,,ATTR; REB,
793,KERRY,"Somebody here asked the question about, “Why haven’t you vetoed something?",Q-W; S,,REB,,Q-W; S,,REB,,Q-W; S,,REB,
794,KERRY,” It’s a good question.,S,,,,S,,,,S,,,
795,KERRY,"If you care about it, why don’t you veto it?",Q-W; CH,,AE; BQ; REB,,Q-W; CH,,AE; BQ; REB,,Q-W; CH,,AE; BQ; REB,
796,KERRY,I think John McCain called the energy bill the “No Lobbyist Left Behind” bill.,S; HS,,PB; SE,,S; HS,,PB; SE,,S; HS,,PB; SE,
797,KERRY,"I mean, you’ve got to stand up and fight somewhere, folks.",S,,AE; IP,,S,,AE; IP,,S,,AE; IP,
798,KERRY,"I’m pledging I will not raise taxes; I’m giving a tax cut to the people earning less than $200,000 a year.",S-Inform,,IT; IP,,S-Inform,,IT; IP,,S-Inform,,IT; IP,
799,KERRY,"Now, for the people earning more than $200,000 a year, you’re going to see a rollback to the level we were at with Bill Clinton, when people made a lot of money.",S-Inform; HS,,SE,,S-Inform; HS,,SE,,S-Inform; HS,,SE,
800,KERRY,"And looking around here, at this group here, I suspect there are only three people here who are going to be affected: the president, me, and, Charlie, I’m sorry, you too.",S,,,,S,,,,S,,,
801,GIBSON,Mr.,TG,,,,TG,,,,TG,,,
802,GIBSON,"President, 90 seconds.",S,,,,S,,,,S,,,
803,BUSH,He’s just not credible when he talks about being fiscally conservative.,S; CH,,PER; ATTR; REB,,S; CH,,PER; ATTR; REB,,S; CH,,PER; ATTR; REB,
804,BUSH,He’s just not credible.,S; CH,,PER; REB,,S; CH,,PER; REB,,S; CH,,PER; REB,
805,BUSH,"If you look at his record in the Senate, he voted to break the caps — the spending caps — over 200 times.",S-Inform; CH; HS,,ATTR; REB; SE,,S-Inform; CH; HS,,ATTR; REB; SE,,S-Inform; CH; HS,,ATTR; REB; SE,
806,BUSH,"And here he says he’s going to be a fiscal conservative, all of a sudden.",S; CH,,PER; REB,,S; CH,,PER; REB,,S; CH,,PER; REB,
807,BUSH,It’s just not credible.,S; CH,,PER; REB,,S; CH,,PER; REB,,S; CH,,PER; REB,
808,BUSH,You cannot believe it.,S; CH,,PER; REB,,S; CH,,PER; REB,,S; CH,,PER; REB,
809,BUSH,And of course he’s going to raise your taxes.,S; CH,,AF; ATTR; REB,,S; CH,,AF; ATTR; REB,,S; CH,,AF; ATTR; REB,
810,BUSH,"You see, he’s proposed $2.",S-Inform; CH,,ATTR; REB,,S-Inform; CH,,ATTR; REB,,S-Inform; CH,,ATTR; REB,
811,BUSH,2 trillion of new spending.,S-Inform,,ATTR,,S-Inform,,ATTR,,S-Inform,,ATTR,
812,BUSH,"And you say: Well, how are you going to pay for it?",Q-W; S,,REB; CB,,Q-W; S,,REB; CB,,Q-W; S,,REB; CB,
813,BUSH,"He says, well, he’s going to raise the taxes on the rich — that’s what he said — the top two brackets.",S-Inform,,ATTR; REB,,S-Inform,,ATTR; REB,,S-Inform,,ATTR; REB,
814,BUSH,"That raises, he says $800 billion; we say $600 billion.",S-Inform,,REB; SE,,S-Inform,,REB; SE,,S-Inform,,REB; SE,
815,BUSH,We’ve got battling green eye shades.,S,,,,S,,,,S,,,
816,BUSH,"Somewhere in between those numbers — and so there’s a difference, what he’s promised and what he can raise.",S,,REB,,S,,REB,,S,,REB,
817,BUSH,"Now, either he’s going to break all these wonderful promises he’s told you about or he’s going to raise taxes.",S,,ATTR; REB; CB,,S,,ATTR; REB; CB,,S,,ATTR; REB; CB,
818,BUSH,"And I suspect, given his record, he’s going to raise taxes.",S; IAFA,,IP; ATTR; REB,,S; IAFA,,IP; ATTR; REB,,S; IAFA,,IP; ATTR; REB,
819,BUSH,Is my time up yet?,YNQ; T-REQ,,,,YNQ; T-REQ,,,,YNQ; T-REQ,,,
820,GIBSON,"No, you can keep going.",ANS,,,,ANS,,,,ANS,,,
821,BUSH,Good.,ACK,,,,ACK,,,,ACK,,,
822,BUSH,You looked at me like my clock was up.,S,,,,S,,,,S,,,
823,BUSH,"I think that the way to grow this economy is to keep taxes low, is have an energy plan, is to have litigation reform.",S,,IT; IP,,S,,IT; IP,,S,,IT; IP,
824,BUSH,"As I told you, we’ve just got a report that said over the past 13 months, we’ve created 1.",S-Inform; HS,,IT; SE,,S-Inform; HS,,IT; SE,,S-Inform; HS,,IT; SE,
825,BUSH,9 million new jobs.,S-Inform; IAFA,,IT,,S-Inform; IAFA,,IT,,S-Inform; IAFA,,IT,
826,BUSH,Weâ€™re growing.,S,,,,S,,,,S,,,
827,BUSH,And so the fundamental question of this campaign is: Who’s going to keep the economy growing so people can work?,Q-W; Q-RHET,,CB,,Q-W; Q-RHET,,CB,,Q-W; Q-RHET,,CB,
828,BUSH,That’s the fundamental question.,S,,,,S,,,,S,,,
829,GIBSON,"I’m going to come back one more time to how these numbers add up and how you can cut that deficit in half in four years, given what you’ve both said.",S; MS,,,,S; MS,,,,S; MS,,,
830,KERRY,"Well, first of all, the president’s figures of $2.",S; CH,,REB,,S; CH,,REB,,S; CH,,REB,
831,KERRY,2 trillion just aren’t accurate.,S; CH,,REB,,S; CH,,REB,,S; CH,,REB,
832,KERRY,Those are the fuzzy math figures put together by some group that works for the campaign.,S; CH,,ATTR; REB,,S; CH,,ATTR; REB,,S; CH,,ATTR; REB,
833,KERRY,That’s not the number.,S; REJ,,REB,,S; REJ,,REB,,S; REJ,,REB,
834,KERRY,"Number two, John McCain and I have a proposal, jointly, for a commission that closes corporate giveaway loopholes.",S; S-Inform,,IT,,S; S-Inform,,IT,,S; S-Inform,,IT,
835,KERRY,We’ve got $40 billion going to Bermuda.,S-Inform,,SE,,S-Inform,,SE,,S-Inform,,SE,
836,KERRY,We’ve got all kinds of giveaways.,S,,SE,,S,,SE,,S,,SE,
837,KERRY,We ought to be shutting those down.,S,,IP,,S,,IP,,S,,IP,
838,KERRY,"And third, credible: Ladies and gentlemen, in 1985, I was one of the first Democrats to move to balance the budget.",S-Inform; HS,,IT; SE,,S-Inform; HS,,IT; SE,,S-Inform; HS,,IT; SE,
839,KERRY,I voted for the balanced budget in ’93 and ’97.,S-Inform; HS,,IT,,S-Inform; HS,,IT,,S-Inform; HS,,IT,
840,KERRY,We did it.,S,,IT,,S,,IT,,S,,IT,
841,KERRY,We did it.,S,,IT,,S,,IT,,S,,IT,
842,KERRY,And I was there.,S,,IT,,S,,IT,,S,,IT,
843,GIBSON,Thirty seconds.,S,,,,S,,,,S,,,
844,GIBSON,"I’m sorry, thirty seconds, Mr.",S; APO,,,,S; APO,,,,S; APO,,,
845,GIBSON,President.,ACK,,,,ACK,,,,ACK,,,
846,BUSH,"Yes, I mean, he’s got a record.",S; ANS,,REB,,S; ANS,,REB,,S; ANS,,REB,
847,BUSH,It’s been there for 20 years.,S,,REB,,S,,REB,,S,,REB,
848,BUSH,"You can run, but you can’t hide.",Q-RHET; S,,REB; CB,,Q-RHET; S,,REB; CB,,Q-RHET; S,,REB; CB,
849,BUSH,He voted 98 times to raise taxes.,S-Inform,,ATTR; REB; SE,,S-Inform,,ATTR; REB; SE,,S-Inform,,ATTR; REB; SE,
850,BUSH,"I mean, these aren’t make-up figures.",S,,REB,,S,,REB,,S,,REB,
851,BUSH,And so people are going to have to look at the record.,S,,REB,,S,,REB,,S,,REB,
852,BUSH,Look at the record of the man running for the president.,IAFA,,ATTR; REB,,IAFA,,ATTR; REB,,IAFA,,ATTR; REB,
853,BUSH,They don’t name him the most liberal in the United States Senate because he hasn’t shown up to many meetings.,S,,PB; ATTR; REB,,S,,PB; ATTR; REB,,S,,PB; ATTR; REB,
854,BUSH,They named him because of his votes.,S,,PB; REB,,S,,PB; REB,,S,,PB; REB,
855,BUSH,And it’s reality.,S,,,,S,,,,S,,,
856,BUSH,It’s just not credible to say he’s going to keep taxes down and balance budgets.,S; REJ; CH,,IP; REB,,S; REJ; CH,,IP; REB,,S; REJ; CH,,IP; REB,
857,GIBSON,Mr.,S,,,,S,,,,S,,,
858,GIBSON,"President, the next question is for you, and it comes from James Hubb over here.",S; TG,,,,S; TG,,,,S; TG,,,
859,HUBB,Mr.,S,,,,S,,,,S,,,
860,HUBB,"President, how would you rate yourself as an environmentalist?",Q-W; OQ,,,,Q-W; OQ,,,,Q-W; OQ,,,
861,HUBB,What specifically has your administration done to improve the condition of our nation’s air and water supply?,Q-W; SEEP,,,,Q-W; SEEP,,,,Q-W; SEEP,,,
862,BUSH,Off-road diesel engines — we have reached an agreement to reduce pollution from off-road diesel engines by 90 percent.,S-Inform,,IT,,S-Inform,,IT,,S-Inform,,IT,
863,BUSH,I’ve got a plan to increase the wetlands by 3 million.,S-Inform,,IT,,S-Inform,,IT,,S-Inform,,IT,
864,BUSH,We’ve got an aggressive brown field program to refurbish inner-city sore spots to useful pieces of property.,S,,IT,,S,,IT,,S,,IT,
865,BUSH,"I proposed to the United States Congress a Clear Skies Initiative to reduce sulfur dioxide, nitrogen oxide and mercury by 70 percent.",S-Inform; HS,,IT,,S-Inform; HS,,IT,,S-Inform; HS,,IT,
866,BUSH,I have — was fought for a very strong title in the farm bill for the conservation reserve program to set aside millions of acres of land to help improve wildlife and the habitat.,S-Inform; IAFA,,,,S-Inform; IAFA,,,,S-Inform; IAFA,,,
867,BUSH,We proposed and passed a healthy forest bill which was essential to working with — particularly in Western states — to make sure that our forests were protected.,S; S-Inform,,IT,,S; S-Inform,,IT,,S; S-Inform,,IT,
868,BUSH,"What happens in those forests, because of lousy federal policy, is they grow to be — they are not — they’re not harvested.",S,,ATTR; CB,,S,,ATTR; CB,,S,,ATTR; CB,
869,BUSH,They’re not taken care of.,S,,,,S,,,,S,,,
870,BUSH,"And as a result, they’re like tinderboxes.",S,,AF,,S,,AF,,S,,AF,
871,BUSH,And over the last summers I’ve flown over there.,S; HS,,,,S; HS,,,,S; HS,,,
872,BUSH,"And so, this is a reasonable policy to protect old stands of trees and at the same time make sure our forests aren’t vulnerable to the forest fires that have destroyed acres after acres in the West.",S; EXPL,,AF,,S; EXPL,,AF,,S; EXPL,,AF,
873,BUSH,"We’ve got a good, common-sense policy.",S,,IT,,S,,IT,,S,,IT,
874,BUSH,"Now, I’m going to tell you what I really think is going to happen over time is technology is going to change the way we live for the good for the environment.",S,,IP,,S,,IP,,S,,IP,
875,BUSH,That’s why I proposed a hydrogen automobile — hydrogen-generated automobile.,S; IAFA,,,,S; IAFA,,,,S; IAFA,,,
876,BUSH,We’re spending $1 billion to come up with the technologies to do that.,S-Inform,,IT,,S-Inform,,IT,,S-Inform,,IT,
877,BUSH,"That’s why I’m a big proponent of clean coal technology, to make sure we can use coal but in a clean way.",S,,IT; IP,,S,,IT; IP,,S,,IT; IP,
878,BUSH,I guess you’d say I’m a good steward of the land.,S,,IT; IP,,S,,IT; IP,,S,,IT; IP,
879,BUSH,The quality of the air’s cleaner since I’ve been the president.,S-Inform; IAFA,,,,S-Inform; IAFA,,,,S-Inform; IAFA,,,
880,BUSH,Fewer water complaints since I’ve been the president.,,,,,,,,,,,,
881,BUSH,More land being restored since I’ve been the president.,,,,,,,,,,,,
882,BUSH,Thank you for your question.,,,,,,,,,,,,
883,GIBSON,"Senator Kerry, minute and a half.",,,,,,,,,,,,
884,KERRY,"Boy, to listen to that — the president, I don’t think, is living in a world of reality with respect to the environment.",,,,,,,,,,,,
885,KERRY,"Now, if you’re a Red Sox fan, that’s OK.",S,,,,S,,,,S,,,
886,KERRY,"But if you’re a president, it’s not.",S,,,,S,,,,S,,,
887,KERRY,"Let me just say to you, number one, don’t throw the labels around.",IAFA; TT,,,,IAFA; TT,,,,IAFA; TT,,,
888,KERRY,Labels don’t mean anything.,S,,,,S,,,,S,,,
889,KERRY,I supported welfare reform.,S; IAFA,,,,S; IAFA,,,,S; IAFA,,,
890,KERRY,"I led the fight to put 100,000 cops on the streets of America.",,,,,,,,,,,,
891,KERRY,I’ve been for faith-based initiatives helping to intervene in the lives of young children for years.,,,,,,,,,,,,
892,KERRY,"I was — broke with my party in 1985, one of the first three Democrats to fight for a balanced budget when it was heresy.",,,,,,,,,,,,
893,KERRY,"Labels don’t fit, ladies and gentlemen.",,,,,,,,,,,,
894,KERRY,"Now, when it comes to the issue of the environment, this is one of the worst administrations in modern history.",S,,ATTR; REB; CB,,S,,ATTR; REB; CB,,S,,ATTR; REB; CB,
895,KERRY,"The Clear Skies bill that he just talked about, it’s one of those Orwellian names you pull out of the sky, slap it onto something, like “No Child Left Behind” but you leave millions of children behind.",S; CH,,PER; ATTR; REB; CB,,S; CH,,PER; ATTR; REB; CB,,S; CH,,PER; ATTR; REB; CB,
896,KERRY,Here they’re leaving the skies and the environment behind.,S,,AF; REB,,S,,AF; REB,,S,,AF; REB,
897,KERRY,"If they just left the Clean Air Act all alone the way it is today, no change, the air would be cleaner than it is if you pass the Clear Skies act.",S,,REB; CB,,S,,REB; CB,,S,,REB; CB,
898,KERRY,We’re going backwards.,S,,REB,,S,,REB,,S,,REB,
899,KERRY,"In fact, his environmental enforcement chief air-quality person at the EPA resigned in protest over what they’re doing to what they are calling the new source performance standards for air quality.",S-Inform,,ATTR; REB; SE,,S-Inform,,ATTR; REB; SE,,S-Inform,,ATTR; REB; SE,
900,KERRY,They’re going backwards on the definition for wetlands.,S,,ATTR; REB,,S,,ATTR; REB,,S,,ATTR; REB,
901,KERRY,They’re going backwards on the water quality.,S,,ATTR; REB,,S,,ATTR; REB,,S,,ATTR; REB,
902,KERRY,"They pulled out of the global warming, declared it dead, didn’t even accept the science.",S,,ATTR; REB,,S,,ATTR; REB,,S,,ATTR; REB,
903,KERRY,I’m going to be a president who believes in science.,S,,IT; IP,,S,,IT; IP,,S,,IT; IP,
904,GIBSON,Mr.,GR,,,,GR,,,,GR,,,
905,GIBSON,President?,TG,,,,TG,,,,TG,,,
906,BUSH,"Well, had we joined the Kyoto treaty, which I guess he’s referring to, it would have cost America a lot of jobs.",S; EXPL,,AF; CB,,S; EXPL,,AF; CB,,S; EXPL,,AF; CB,
907,BUSH,"It’s one of these deals where, in order to be popular in the halls of Europe, you sign a treaty.",S,,CB; CBias,,S,,CB; CBias,,S,,CB; CBias,
908,BUSH,But I thought it would cost a lot — I think there’s a better way to do it.,S; IAFA-OF; CORR,,IP,,S; IAFA-OF; CORR,,IP,,S; IAFA-OF; CORR,,IP,
909,BUSH,"And I just told you the facts, sir.",S,,REB,,S,,REB,,S,,REB,
910,BUSH,The quality of the air is cleaner since I’ve been the president of the United States.,S-Inform,,IT; SE,,S-Inform,,IT; SE,,S-Inform,,IT; SE,
911,BUSH,"And we’ll continue to spend money on research and development, because I truly believe that’s the way to get from how we live today to being able to live a standard of living that we’re accustomed to and being able to protect our environment better, the use of technologies.",S; EXPL,,IP,,S; EXPL,,IP,,S; EXPL,,IP,
912,GIBSON,"Senator Kerry, 30 seconds.",TG,,,,TG,,,,TG,,,
913,KERRY,The fact is that the Kyoto treaty was flawed.,S; CH,,REB,,S; CH,,REB,,S; CH,,REB,
914,KERRY,"I was in Kyoto, and I was part of that.",S; HS,,IT,,S; HS,,IT,,S; HS,,IT,
915,KERRY,I know what happened.,S,,,,S,,,,S,,,
916,KERRY,But this president didn’t try to fix it.,S; CH,,ATTR; REB,,S; CH,,ATTR; REB,,S; CH,,ATTR; REB,
917,KERRY,"He just declared it dead, ladies and gentlemen, and we walked away from the work of 160 nations over 10 years.",S; S-Inform,,ATTR; REB; SE,,S; S-Inform,,ATTR; REB; SE,,S; S-Inform,,ATTR; REB; SE,
918,KERRY,"You wonder, Nikki, why it is that people don’t like us in some parts of the world.",S,,REB; CB,,S,,REB; CB,,S,,REB; CB,
919,KERRY,"You just say: Hey, we don’t agree with you.",S,,REB,,S,,REB,,S,,REB,
920,KERRY,Goodbye.,S,,,,S,,,,S,,,
921,KERRY,The president’s done nothing to try to fix it.,S; CH,,ATTR; REB,,S; CH,,ATTR; REB,,S; CH,,ATTR; REB,
922,KERRY,I will.,S,,IT,,S,,IT,,S,,IT,
923,GIBSON,"Senator Kerry, the next question is for you.",TG,,,,TG,,,,TG,,,
924,GIBSON,"It involves jobs, which is a topic of the news today.",S,,,,S,,,,S,,,
925,GIBSON,"And for the question, we’re going to turn to Jane Barrow.",S; TG,,,,S; TG,,,,S; TG,,,
926,BARROW,"Senator Kerry, how can the U.",Q-W,,,,Q-W,,,,Q-W,,,
927,BARROW,"be competitive in manufacturing given — in manufacturing, excuse me — given the wage necessary and comfortably accepted for American workers to maintain the standard of living that they expect?",Q-W; SEEP,,,,Q-W; SEEP,,,,Q-W; SEEP,,,
928,KERRY,"Jane, there are a lot of ways to be competitive.",S,,,,S,,,,S,,,
929,KERRY,And unfortunately again I regret this administration has not seized them and embraced them.,S; CH,,ATTR; REB,,S; CH,,ATTR; REB,,S; CH,,ATTR; REB,
930,KERRY,Let me give you an example.,IAFA; TT,,,,IAFA; TT,,,,IAFA; TT,,,
931,KERRY,There is a tax loophole right now.,S; S-Inform,,,,S; S-Inform,,,,S; S-Inform,,,
932,KERRY,If you’re a company in St.,S,,,,S,,,,S,,,
933,KERRY,"Louis working, trying to make jobs here, there is actually an incentive for you to go away.",S; S-Inform,,SE,,S; S-Inform,,SE,,S; S-Inform,,SE,
934,KERRY,"You get more money, you keep more of your taxes by going abroad.",S; EXPL,,SE,,S; EXPL,,SE,,S; EXPL,,SE,
935,KERRY,"I’m going to shut that loophole, and I’m going to give the tax benefit to the companies that stay here in America to help make them more competitive.",S,,IT,,S,,IT,,S,,IT,
936,KERRY,"Secondly, we’re going to create a manufacturing jobs credit and a new jobs credit for people to be able to help hire and be more competitive here in America.",S,,IT,,S,,IT,,S,,IT,
937,KERRY,"Third, what’s really hurting American business more than anything else is the cost of health care.",S,,,,S,,,,S,,,
938,KERRY,"Now, you didn’t hear any plan from the president, because he doesn’t have a plan to lower the cost of health care.",S; CH,,ATTR; REB,,S; CH,,ATTR; REB,,S; CH,,ATTR; REB,
939,KERRY,"Five million Americans have lost their health care; 620,000 Missourians have no health care at all; 96,000 Missourians have lost their health care under President Bush.",S-Inform,,ATTR; SE,,S-Inform,,ATTR; SE,,S-Inform,,ATTR; SE,
940,KERRY,I have a plan to cover those folks.,S,,IT,,S,,IT,,S,,IT,
941,KERRY,"And it’s a plan that lowers cost for everybody, covers all children.",S,,IT,,S,,IT,,S,,IT,
942,KERRY,"And the way I pay for it — I’m not fiscally irresponsible — is I roll back the tax cut this president so fiercely wants to defend, the one for him and me and Charlie.",S,,IT; REB,,S,,IT; REB,,S,,IT; REB,
943,KERRY,I think you ought to get the break.,S,,IP,,S,,IP,,S,,IP,
944,KERRY,I want to lower your cost to health care.,S,,IT,,S,,IT,,S,,IT,
945,KERRY,"I want to fully fund education, No Child Left Behind, special-needs education.",S,,IP,,S,,IP,,S,,IP,
946,KERRY,"And that’s how we’re going to be more competitive, by making sure our kids are graduating from school and college.",S,,IP,,S,,IP,,S,,IP,
947,KERRY,China and India are graduating more graduates in technology and science than we are.,S-Inform,,,,S-Inform,,,,S-Inform,,,
948,KERRY,We’ve got to create the products of the future.,S,,UF,,S,,UF,,S,,UF,
949,KERRY,That’s why I have a plan for energy independence within 10 years.,S; EXPL,,IT; IP,,S; EXPL,,IT; IP,,S; EXPL,,IT; IP,
950,KERRY,And we’re going to put our laboratories and our colleges and our universities to work.,S,,UF,,S,,UF,,S,,UF,
951,KERRY,"And we’re going to get the great entrepreneurial spirit of this country, and we’re going to free ourselves from this dependency on Mideast oil.",S,,AP; UF,,S,,AP; UF,,S,,AP; UF,
952,KERRY,That’s how you create jobs and become competitive.,S,,,,S,,,,S,,,
953,GIBSON,Mr.,S,,,,S,,,,S,,,
954,GIBSON,"President, minute and a half.",S,,,,S,,,,S,,,
955,BUSH,"Let me start with how to control the cost of health care: medical liability reform, for starters, which he’s opposed.",S; TT,,REB,,S; TT,,REB,,S; TT,,REB,
956,BUSH,"Secondly, allow small businesses to pool together so they can share risk and buy insurance at the same discounts big businesses get to do.",S,,,,S,,,,S,,,
957,BUSH,"Thirdly, spread what’s called health savings accounts.",S,,,,S,,,,S,,,
958,BUSH,"It’s good for small businesses, good for owners.",S,,,,S,,,,S,,,
959,BUSH,You own your own account.,S,,,,S,,,,S,,,
960,BUSH,You can save tax-free.,S,,,,S,,,,S,,,
961,BUSH,You get a catastrophic plan to help you on it.,S,,,,S,,,,S,,,
962,BUSH,"This is different from saying, “OK, let me incent you to go on the government.",S,,REB; CB,,S,,REB; CB,,S,,REB; CB,
963,BUSH,” He’s talking about his plan to keep jobs here.,S,,,,S,,,,S,,,
964,BUSH,You know he calls it an outsourcing to keep — stop outsourcing.,S,,REB,,S,,REB,,S,,REB,
965,BUSH,Robert Rubin looked at his plan and said it won’t work.,S; CH,,ATTR; REB; SE,,S; CH,,ATTR; REB; SE,,S; CH,,ATTR; REB; SE,
966,BUSH,"The best way to keep jobs here in America is, one, have an energy plan.",S,,IP,,S,,IP,,S,,IP,
967,BUSH,"I proposed one to the Congress two years ago, encourages conservation, encourages technology to explore for environmentally friendly ways for coal — to use coal and gas.",S-Inform; IAFA; IAFA-OF,,IT; BQ,,S-Inform; IAFA; IAFA-OF,,IT; BQ,,S-Inform; IAFA; IAFA-OF,,IT; BQ,
968,BUSH,It encourages the use of renewables like ethanol and biodiesel.,S,,,,S,,,,S,,,
969,BUSH,It’s stuck in the Senate.,S,,,,S,,,,S,,,
970,BUSH,He and his running-mate didn’t show up to vote when they could have got it going in the Senate.,S; CH,,ATTR; REB,,S; CH,,ATTR; REB,,S; CH,,ATTR; REB,
971,BUSH,Less regulations if we want jobs here; legal reform if we want jobs here; and we’ve got to keep taxes low.,S,,IP,,S,,IP,,S,,IP,
972,BUSH,"Now, he says he’s only going to tax the rich.",S,,REB,,S,,REB,,S,,REB,
973,BUSH,"Do you realize, 900,000 small businesses will be taxed under his plan because most small businesses are Subchapter S corps or limited partnerships, and they pay tax at the individual income tax level.",YNQ; S-Inform,,BQ; REB; SE,,YNQ; S-Inform,,BQ; REB; SE,,YNQ; S-Inform,,BQ; REB; SE,
974,BUSH,"And so when you’re running up the taxes like that, you’re taxing job creators, and that’s not how you keep jobs here.",S; CH,,REB; CB,,S; CH,,REB; CB,,S; CH,,REB; CB,
975,GIBSON,"Senator, I want to extend for a minute, you talk about tax credits to stop outsourcing.",S; MS,,,,S; MS,,,,S; MS,,,
976,GIBSON,"But when you have IBM documents that I saw recently where you can hire a programmer for $12 in China, $56 an hour here, tax credits won’t cut it.",S-Inform; CH,,REB; SE,,S-Inform; CH,,REB; SE,,S-Inform; CH,,REB; SE,
977,KERRY,"You can’t stop all outsourcing, Charlie.",S,,REB,,S,,REB,,S,,REB,
978,KERRY,I’ve never promised that.,S,,IP,,S,,IP,,S,,IP,
979,KERRY,"I’m not going to, because that would be pandering.",S; EXPL,,IP,,S; EXPL,,IP,,S; EXPL,,IP,
980,KERRY,You can’t.,S,,,,S,,,,S,,,
981,KERRY,"But what you can do is create a fair playing field, and that’s what I’m talking about.",S,,IP,,S,,IP,,S,,IP,
982,KERRY,But let me just address what the president just said.,TT; MS,,,,TT; MS,,,,TT; MS,,,
983,KERRY,"Ladies and gentlemen, that’s just not true what he said.",DIS; CH,,REB,,DIS; CH,,REB,,DIS; CH,,REB,
984,KERRY,The Wall Street Journal said 96 percent of small businesses are not affected at all by my plan.,S-Inform,,REB; SE,,S-Inform,,REB; SE,,S-Inform,,REB; SE,
985,KERRY,And you know why he gets that count?,Q-W,,REB; CB,,Q-W,,REB; CB,,Q-W,,REB; CB,
986,KERRY,"The president got $84 from a timber company that owns, and he’s counted as a small business.",S-Inform; CH,,ATTR; REB; SE,,S-Inform; CH,,ATTR; REB; SE,,S-Inform; CH,,ATTR; REB; SE,
987,KERRY,Dick Cheney’s counted as a small business.,S; CH,,REB; SE,,S; CH,,REB; SE,,S; CH,,REB; SE,
988,KERRY,That’s how they do things.,S,,PB; ATTR,,S,,PB; ATTR,,S,,PB; ATTR,
989,KERRY,That’s just not right.,S; DIS,,IP; REB,,S; DIS,,IP; REB,,S; DIS,,IP; REB,
990,BUSH,I own a timber company?,YNQ; Q-RHET,,REB,,YNQ; Q-RHET,,REB,,YNQ; Q-RHET,,REB,
991,BUSH,That’s news to me.,S,,REB,,S,,REB,,S,,REB,
992,BUSH,Need some wood?,YNQ; IAFA-OF,,AEX,,YNQ; IAFA-OF,,AEX,,YNQ; IAFA-OF,,AEX,
993,BUSH,Most small businesses are Subchapter S corps.,S-Inform,,REB; SE,,S-Inform,,REB; SE,,S-Inform,,REB; SE,
994,BUSH,They just are.,S,,,,S,,,,S,,,
995,BUSH,"I met Grant Milliron, Mansfield, Ohio.",S; HS,,,,S; HS,,,,S; HS,,,
996,BUSH,He’s creating jobs.,S,,,,S,,,,S,,,
997,BUSH,Most small businesses — 70 percent of the new jobs in America are created by small businesses.,S-Inform,,SE,,S-Inform,,SE,,S-Inform,,SE,
998,BUSH,Taxes are going up when you run up the top two brackets.,S,,REB; CB,,S,,REB; CB,,S,,REB; CB,
999,BUSH,It’s a fact.,S,,,,S,,,,S,,,
1000,GIBSON,"President Bush, the next question is for you, and it comes from Rob Fowler, who I believe is over in this area.",S; TG,,,,S; TG,,,,S; TG,,,
1001,FOWLER,"President Bush, 45 days after 9/11, Congress passed the Patriot Act, which takes away checks on law enforcement and weakens American citizens’ rights and freedoms, especially Fourth Amendment rights.",S-Inform; HS,,AF,,S-Inform; HS,,AF,,S-Inform; HS,,AF,
1002,FOWLER,"With expansions to the Patriot Act and Patriot Act II, my question to you is, why are my rights being watered down and my citizens’ around me?",Q-W; SEEP,,IP; CBias,,Q-W; SEEP,,IP; CBias,,Q-W; SEEP,,IP; CBias,
1003,FOWLER,And what are the specific justifications for these reforms?,Q-W; OQ; SEEP,,,,Q-W; OQ; SEEP,,,,Q-W; OQ; SEEP,,,
1004,BUSH,I appreciate that.,ACK; THK,,,,ACK; THK,,,,ACK; THK,,,
1005,BUSH,I really don’t think your rights are being watered down.,S,,IP,,S,,IP,,S,,IP,
1006,BUSH,"As a matter of fact, I wouldn’t support it if I thought that.",S,,IP,,S,,IP,,S,,IP,
1007,BUSH,"Every action being taken against terrorists requires court order, requires scrutiny.",S; S-Inform,,,,S; S-Inform,,,,S; S-Inform,,,
1008,BUSH,"As a matter of fact, the tools now given to the terrorist fighters are the same tools that we’ve been using against drug dealers and white-collar criminals.",S; S-Inform,,,,S; S-Inform,,,,S; S-Inform,,,
1009,BUSH,So I really don’t think so.,S,,IP,,S,,IP,,S,,IP,
1010,BUSH,I hope you don’t think that.,S,,IP,,S,,IP,,S,,IP,
1011,BUSH,"I mean, I — because I think whoever is the president must guard your liberties, must not erode your rights in America.",S,,APAT; IP,,S,,APAT; IP,,S,,APAT; IP,
1012,BUSH,"The Patriot Act is necessary, for example, because parts of the FBI couldn’t talk to each other.",S; EXPL,,,,S; EXPL,,,,S; EXPL,,,
1013,BUSH,The intelligence-gathering and the law-enforcement arms of the FBI just couldn’t share intelligence under the old law.,S; S-Inform,,,,S; S-Inform,,,,S; S-Inform,,,
1014,BUSH,And that didn’t make any sense.,S,,IP,,S,,IP,,S,,IP,
1015,BUSH,Our law enforcement must have every tool necessary to find and disrupt terrorists at home and abroad before they hurt us again.,S,,AF; IP,,S,,AF; IP,,S,,AF; IP,
1016,BUSH,That’s the task of the 21st century.,S,,,,S,,,,S,,,
1017,BUSH,"And so, I don’t think the Patriot Act abridges your rights at all.",S,,IP,,S,,IP,,S,,IP,
1018,BUSH,And I know it’s necessary.,S,,IP,,S,,IP,,S,,IP,
1019,BUSH,I can remember being in upstate New York talking to FBI agents that helped bust a Lackawanna cell up there.,S; HS,,SE,,S; HS,,SE,,S; HS,,SE,
1020,BUSH,"And they told me they could not have performed their duty, the duty we all expect of them, if they did not have the ability to communicate with each other under the Patriot Act.",S; EXPL,,SE,,S; EXPL,,SE,,S; EXPL,,SE,
1021,GIBSON,"Senator Kerry, a minute and a half.",TG,,,,TG,,,,TG,,,
1022,KERRY,"Former Governor Racicot, as chairman of the Republican Party, said he thought that the Patriot Act has to be changed and fixed.",S-Inform; HS,,REB; SE,,S-Inform; HS,,REB; SE,,S-Inform; HS,,REB; SE,
1023,KERRY,"Congressman Jim Sensenbrenner, he is the chairman of the House Judiciary Committee, said over his dead body before it gets renewed without being thoroughly rechecked.",S-Inform; HS,,REB; SE,,S-Inform; HS,,REB; SE,,S-Inform; HS,,REB; SE,
1024,KERRY,A whole bunch of folks in America are concerned about the way the Patriot Act has been applied.,S,,REB,,S,,REB,,S,,REB,
1025,KERRY,"In fact, the inspector general of the Justice Department found that John Ashcroft had twice applied it in ways that were inappropriate.",S-Inform; CH,,ATTR; SE,,S-Inform; CH,,ATTR; SE,,S-Inform; CH,,ATTR; SE,
1026,KERRY,People’s rights have been abused.,S,,AE,,S,,AE,,S,,AE,
1027,KERRY,"I met a man who spent eight months in prison, wasn’t even allowed to call his lawyer, wasn’t allowed to get — finally, Senator Dick Durbin of Illinois intervened and was able to get him out.",S; HS,,AE; SE,,S; HS,,AE; SE,,S; HS,,AE; SE,
1028,KERRY,"This is in our country, folks, the United States of America.",S,,AE; APAT,,S,,AE; APAT,,S,,AE; APAT,
1029,KERRY,They’ve got sneak-and-peek searches that are allowed.,S-Inform,,AF,,S-Inform,,AF,,S-Inform,,AF,
1030,KERRY,They’ve got people allowed to go into churches now and political meetings without any showing of potential criminal activity or otherwise.,S-Inform,,AF,,S-Inform,,AF,,S-Inform,,AF,
1031,KERRY,"Now, I voted for the Patriot Act.",S,,IP,,S,,IP,,S,,IP,
1032,KERRY,Ninety-nine United States senators voted for it.,S-Inform,,,,S-Inform,,,,S-Inform,,,
1033,KERRY,"And the president’s been very busy running around the country using what I just described to you as a reason to say I’m wishy-washy, that I’m a flip-flopper.",S; CH,,PER; ATTR; REB,,S; CH,,PER; ATTR; REB,,S; CH,,PER; ATTR; REB,
1034,KERRY,Now that’s not a flip-flop.,S; REJ,,REB,,S; REJ,,REB,,S; REJ,,REB,
1035,KERRY,I believe in the Patriot Act.,S,,IP,,S,,IP,,S,,IP,
1036,KERRY,We need the things in it that coordinate the FBI and the CIA.,S,,,,S,,,,S,,,
1037,KERRY,We need to be stronger on terrorism.,S,,,,S,,,,S,,,
1038,KERRY,But you know what we also need to do as Americans is never let the terrorists change the Constitution of the United States in a way that disadvantages our rights.,S,,APAT; UF,,S,,APAT; UF,,S,,APAT; UF,
1039,GIBSON,"Senator Kerry, the next question is for you, and it comes from Elizabeth Long.",S; TG,,,,S; TG,,,,S; TG,,,
1040,LONG,"Senator Kerry, thousands of people have already been cured or treated by the use of adult stem cells or umbilical cord stem cells.",S-Inform,,SE,,S-Inform,,SE,,S-Inform,,SE,
1041,LONG,"However, no one has been cured by using embryonic stem cells.",S-Inform,,SE,,S-Inform,,SE,,S-Inform,,SE,
1042,LONG,Wouldn’t it be wise to use stem cells obtained without the destruction of an embryo?,YNQ; Q-RHET,,CB,,YNQ; Q-RHET,,CB,,YNQ; Q-RHET,,CB,
1043,KERRY,"You know, Elizabeth, I really respect your — the feeling that’s in your question.",S,,,,S,,,,S,,,
1044,KERRY,I understand it.,ACK,,,,ACK,,,,ACK,,,
1045,KERRY,"I know the morality that’s prompting that question, and I respect it enormously.",S,,IP,,S,,IP,,S,,IP,
1046,KERRY,"But like Nancy Reagan, and so many other people — you know, I was at a forum with Michael J.",S; HS,,AE,,S; HS,,AE,,S; HS,,AE,
1047,KERRY,"Fox the other day in New Hampshire, who’s suffering from Parkinson’s, and he wants us to do stem cell, embryonic stem cell.",S; HS,,AE,,S; HS,,AE,,S; HS,,AE,
1048,KERRY,"And this fellow stood up, and he was quivering.",S,,AE,,S,,AE,,S,,AE,
1049,KERRY,"His whole body was shaking from the nerve disease, the muscular disease that he had.",S,,AE,,S,,AE,,S,,AE,
1050,KERRY,"And he said to me and to the whole hall, he said, “You know, don’t take away my hope, because my hope is what keeps me going.",S,,AE,,S,,AE,,S,,AE,
1051,KERRY,” Chris Reeve is a friend of mine.,S,,AE,,S,,AE,,S,,AE,
1052,KERRY,"Chris Reeve exercises every single day to keep those muscles alive for the day when he believes he can walk again, and I want him to walk again.",S,,AE,,S,,AE,,S,,AE,
1053,KERRY,I think we can save lives.,S,,IP,,S,,IP,,S,,IP,
1054,KERRY,"Now, I think we can do ethically guided embryonic stem-cell research.",S,,IP,,S,,IP,,S,,IP,
1055,KERRY,"We have 100,000 to 200,000 embryos that are frozen in nitrogen today from fertility clinics.",S-Inform,,,,S-Inform,,,,S-Inform,,,
1056,KERRY,These weren’t taken from abortion or something like that.,S,,,,S,,,,S,,,
1057,KERRY,They’re from a fertility clinic.,S,,,,S,,,,S,,,
1058,KERRY,And they’re either going to be destroyed or left frozen.,S,,,,S,,,,S,,,
1059,KERRY,"And I believe if we have the option, which scientists tell us we do, of curing Parkinson’s, curing diabetes, curing, you know, some kind of a, you know, paraplegic or quadriplegic or, you know, a spinal cord injury, anything, that’s the nature of the human spirit.",S; IAFA,,AE; IP,,S; IAFA,,AE; IP,,S; IAFA,,AE; IP,
1060,KERRY,I think it is respecting life to reach for that cure.,S,,IP,,S,,IP,,S,,IP,
1061,KERRY,I think it is respecting life to do it in an ethical way.,S,,IP,,S,,IP,,S,,IP,
1062,KERRY,And the president has chosen a policy that makes it impossible for our scientists to do that.,S; CH,,ATTR; REB,,S; CH,,ATTR; REB,,S; CH,,ATTR; REB,
1063,KERRY,"I want the future, and I think we have to grab it.",S,,IP,,S,,IP,,S,,IP,
1064,GIBSON,Mr.,,,,,,,,,,,,
1065,GIBSON,"President, a minute and a half.",TG,,,,TG,,,,TG,,,
1066,BUSH,Embryonic stem-cell research requires the destruction of life to create a stem cell.,S; S-Inform,,IP,,S; S-Inform,,IP,,S; S-Inform,,IP,
1067,BUSH,I’m the first president ever to allow funding — federal funding — for embryonic stem-cell research.,S; S-Inform,,IT,,S; S-Inform,,IT,,S; S-Inform,,IT,
1068,BUSH,I did to because I too hope that we’ll discover cures from the stem cells and from the research derived.,S; EXPL,,IP,,S; EXPL,,IP,,S; EXPL,,IP,
1069,BUSH,But I think we’ve got to be very careful in balancing the ethics and the science.,S,,IP,,S,,IP,,S,,IP,
1070,BUSH,"And so I made the decision we wouldn’t spend any more money beyond the 70 lines, 22 of which are now in action, because science is important, but so is ethics, so is balancing life.",S; S-Inform; EXPL,,IT; IP,,S; S-Inform; EXPL,,IT; IP,,S; S-Inform; EXPL,,IT; IP,
1071,BUSH,To destroy life to save life is — it’s one of the real ethical dilemmas that we face.,S,,AE; IP,,S,,AE; IP,,S,,AE; IP,
1072,BUSH,"There is going to be hundreds of experiments off the 22 lines that now exist that are active, and hopefully we find a cure.",S; S-Inform,,,,S; S-Inform,,,,S; S-Inform,,,
1073,BUSH,"But as well, we need to continue to pursue adult stem-cell research.",S,,,,S,,,,S,,,
1074,BUSH,I helped double the NIH budget to $28 billion a year to find cures.,S; S-Inform,,IT,,S; S-Inform,,IT,,S; S-Inform,,IT,
1075,BUSH,"And the approach I took is one that I think is a balanced and necessary approach, to balance science and the concerns for life.",S,,IT; IP,,S,,IT; IP,,S,,IT; IP,
1076,GIBSON,"Senator, 30 seconds, less extent.",IAFA,,,,IAFA,,,,IAFA,,,
1077,KERRY,"Well, you talk about walking a waffle line — he says he’s allowed it, which means he’s going to allow the destruction of life up to a certain amount and then he isn’t going to allow it.",S; CH,,ATTR; REB,,S; CH,,ATTR; REB,,S; CH,,ATTR; REB,
1078,KERRY,I don’t know how you draw that line.,S,,REB,,S,,REB,,S,,REB,
1079,KERRY,"But let me tell you, point blank, the lines of stem cells that he’s made available, every scientist in the country will tell you, “Not adequate,” because they’re contaminated by mouse cells, and because there aren’t 60 or 70 — they’re are only about 11 to 20 now — and there aren’t enough to be able to do the research because they’re contaminated.",S-Inform; CH; TT,,ATTR; REB; SE,,S-Inform; CH; TT,,ATTR; REB; SE,,S-Inform; CH; TT,,ATTR; REB; SE,
1080,KERRY,We’ve got to open up the possibilities of this research.,S,,UF,,S,,UF,,S,,UF,
1081,KERRY,"And when I am president, I’m going to do it because we have to.",S,,IP,,S,,IP,,S,,IP,
1082,GIBSON,Mr.,TG,,,,TG,,,,TG,,,
1083,GIBSON,President?,TG,,,,TG,,,,TG,,,
1084,BUSH,Let me make sure you understand my decision.,IAFA; TT,,IP,,IAFA; TT,,IP,,IAFA; TT,,IP,
1085,BUSH,Those stem- cells lines already existed.,S,,,,S,,,,S,,,
1086,BUSH,The embryo had already been destroyed prior to my decision.,S,,IP,,S,,IP,,S,,IP,
1087,BUSH,"I had to make the decision to destroy more life, so do we continue to destroy life — I made the decision to balance science and ethics.",S; EXPL,,IT; IP,,S; EXPL,,IT; IP,,S; EXPL,,IT; IP,
1088,GIBSON,Mr.,S,,,,S,,,,S,,,
1089,GIBSON,"President, the next question is for you, and it comes from Jonathan Michaelson, over here.",S; TG,,,,S; TG,,,,S; TG,,,
1090,MICHAELSON,Mr.,S,,,,S,,,,S,,,
1091,MICHAELSON,"President, if there were a vacancy in the Supreme Court and you had the opportunity to fill that position today, who would you choose and why?",Q-W; SEEP,,,,Q-W; SEEP,,,,Q-W; SEEP,,,
1092,BUSH,I’m not telling.,REJ; ANS,,IA,,REJ; ANS,,IA,,REJ; ANS,,IA,
1093,BUSH,I really don’t have — haven’t picked anybody yet.,S; ANS,,,,S; ANS,,,,S; ANS,,,
1094,BUSH,"Plus, I want them all voting for me.",S,,IP,,S,,IP,,S,,IP,
1095,BUSH,I would pick somebody who would not allow their personal opinion to get in the way of the law.,S,,IP,,S,,IP,,S,,IP,
1096,BUSH,I would pick somebody who would strictly interpret the Constitution of the United States.,S,,IP,,S,,IP,,S,,IP,
1097,BUSH,"Let me give you a couple of examples, I guess, of the kind of person I wouldn’t pick.",TT,,,,TT,,,,TT,,,
1098,BUSH,I wouldn’t pick a judge who said that the Pledge of Allegiance couldn’t be said in a school because it had the words “under God” in it.,S; HS,,IP; SE,,S; HS,,IP; SE,,S; HS,,IP; SE,
1099,BUSH,I think that’s an example of a judge allowing personal opinion to enter into the decision-making process as opposed to a strict interpretation of the Constitution.,S; EXPL,,IP,,S; EXPL,,IP,,S; EXPL,,IP,
1100,BUSH,"Another example would be the Dred Scott case, which is where judges, years ago, said that the Constitution allowed slavery because of personal property rights.",S-Inform; HS,,SE,,S-Inform; HS,,SE,,S-Inform; HS,,SE,
1101,BUSH,That’s a personal opinion.,S,,IP,,S,,IP,,S,,IP,
1102,BUSH,That’s not what the Constitution says.,S; CH,,,,S; CH,,,,S; CH,,,
1103,BUSH,"The Constitution of the United States says we’re all — you know, it doesn’t say that.",S,,,,S,,,,S,,,
1104,BUSH,It doesn’t speak to the equality of America.,S,,,,S,,,,S,,,
1105,BUSH,"And so, I would pick people that would be strict constructionists.",S,,IP,,S,,IP,,S,,IP,
1106,BUSH,"We’ve got plenty of lawmakers in Washington, D.",S,,,,S,,,,S,,,
1107,BUSH,Legislators make law; judges interpret the Constitution.,S,,,,S,,,,S,,,
1108,BUSH,And I suspect one of us will have a pick at the end of next year — the next four years.,S,,,,S,,,,S,,,
1109,BUSH,And that’s the kind of judge I’m going to put on there.,S,,IP,,S,,IP,,S,,IP,
1110,BUSH,No litmus test except for how they interpret the Constitution.,S,,IP,,S,,IP,,S,,IP,
1111,BUSH,Thank you.,THK,,,,THK,,,,THK,,,
1112,GIBSON,"Senator Kerry, a minute and a half.",TG,,,,TG,,,,TG,,,
1113,KERRY,"Thank you, Charlie.",THK,,,,THK,,,,THK,,,
1114,KERRY,"A few years ago when he came to office, the president said — these are his words — “What we need are some good conservative judges on the courts.",S; HS,,REB; SE,,S; HS,,REB; SE,,S; HS,,REB; SE,
1115,KERRY,” And he said also that his two favorite justices are Justice Scalia and Justice Thomas.,S; HS,,,,S; HS,,,,S; HS,,,
1116,KERRY,So you get a pretty good sense of where he’s heading if he were to appoint somebody.,S,,CB,,S,,CB,,S,,CB,
1117,KERRY,"Now, here’s what I believe.",S; MS,,IP,,S; MS,,IP,,S; MS,,IP,
1118,KERRY,"I don’t believe we need a good conservative judge, and I don’t believe we need a good liberal judge.",S,,IP,,S,,IP,,S,,IP,
1119,KERRY,I don’t believe we need a good judge of that kind of definition on either side.,S,,IP,,S,,IP,,S,,IP,
1120,KERRY,I subscribe to the Justice Potter Stewart standard.,S; HS,,IP,,S; HS,,IP,,S; HS,,IP,
1121,KERRY,He was a justice on the Supreme Court of the United States.,S; HS,,,,S; HS,,,,S; HS,,,
1122,KERRY,"And he said the mark of a good judge, good justice, is that when you’re reading their decision, their opinion, you can’t tell if it’s written by a man or woman, a liberal or a conservative, a Muslim, a Jew or a Christian.",S; EXPL; HS,,,,S; EXPL; HS,,,,S; EXPL; HS,,,
1123,KERRY,You just know you’re reading a good judicial decision.,S,,,,S,,,,S,,,
1124,KERRY,"What I want to find, if I am privileged to have the opportunity to do it — and the Supreme Court of the United States is at stake in this race, ladies and gentlemen.",S; IAFA; DIS; ANS,,,,S; IAFA; DIS; ANS,,,,S; IAFA; DIS; ANS,,,
1125,KERRY,"The future of things that matter to you — in terms of civil rights, what kind of Justice Department you’ll have, whether we’ll enforce the law.",S,,AE,,S,,AE,,S,,AE,
1126,KERRY,Will we have equal opportunity?,YNQ; Q-RHET,,,,YNQ; Q-RHET,,,,YNQ; Q-RHET,,,
1127,KERRY,Will women’s rights be protected?,YNQ; Q-RHET,,AE,,YNQ; Q-RHET,,AE,,YNQ; Q-RHET,,AE,
1128,KERRY,"Will we have equal pay for women, which is going backwards?",YNQ; S-Inform,,AE; GB,,YNQ; S-Inform,,AE; GB,,YNQ; S-Inform,,AE; GB,
1129,KERRY,Will a woman’s right to choose be protected?,YNQ; Q-RHET,,AE; GB,,YNQ; Q-RHET,,AE; GB,,YNQ; Q-RHET,,AE; GB,
1130,KERRY,"These are constitutional rights, and I want to make sure we have judges who interpret the Constitution of the United States according to the law.",S; IAFA,,APAT; IP,,S; IAFA,,APAT; IP,,S; IAFA,,APAT; IP,
1131,GIBSON,"Going to go to the final two questions now, and the first one will be for Senator Kerry.",MS,,,,MS,,,,MS,,,
1132,GIBSON,And this comes from Sarah Degenhart.,S,,,,S,,,,S,,,
1133,DEGENHART,"Senator Kerry, suppose you are speaking with a voter who believed abortion is murder and the voter asked for reassurance that his or her tax dollars would not go to support abortion, what would you say to that person?",Q-W; OQ,,,,Q-W; OQ,,,,Q-W; OQ,,,
1134,KERRY,I would say to that person exactly what I will say to you right now.,S; ANS,,,,S; ANS,,,,S; ANS,,,
1135,KERRY,"First of all, I cannot tell you how deeply I respect the belief about life and when it begins.",S; IAFA,,IP,,S; IAFA,,IP,,S; IAFA,,IP,
1136,KERRY,"I’m a Catholic, raised a Catholic.",S; HS,,CBias,,S; HS,,CBias,,S; HS,,CBias,
1137,KERRY,I was an altar boy.,S; HS,,,,S; HS,,,,S; HS,,,
1138,KERRY,Religion has been a huge part of my life.,S,,CBias,,S,,CBias,,S,,CBias,
1139,KERRY,"It helped lead me through a war, leads me today.",S; HS,,AE,,S; HS,,AE,,S; HS,,AE,
1140,KERRY,"But I can’t take what is an article of faith for me and legislate it for someone who doesn’t share that article of faith, whether they be agnostic, atheist, Jew, Protestant, whatever.",S,,IP; CBias,,S,,IP; CBias,,S,,IP; CBias,
1141,KERRY,I can’t do that.,S,,,,S,,,,S,,,
1142,KERRY,But I can counsel people.,S,,,,S,,,,S,,,
1143,KERRY,I can talk reasonably about life and about responsibility.,S,,,,S,,,,S,,,
1144,KERRY,"I can talk to people, as my wife Teresa does, about making other choices, and about abstinence, and about all these other things that we ought to do as a responsible society.",S,,UF; IP,,S,,UF; IP,,S,,UF; IP,
1145,KERRY,"But as a president, I have to represent all the people in the nation.",S,,IP,,S,,IP,,S,,IP,
1146,KERRY,And I have to make that judgment.,S,,,,S,,,,S,,,
1147,KERRY,"Now, I believe that you can take that position and not be pro- abortion, but you have to afford people their constitutional rights.",S,,IP,,S,,IP,,S,,IP,
1148,KERRY,"And that means being smart about allowing people to be fully educated, to know what their options are in life, and making certain that you don’t deny a poor person the right to be able to have whatever the constitution affords them if they can’t afford it otherwise.",S,,IP,,S,,IP,,S,,IP,
1149,KERRY,That’s why I think it’s important.,S; EXPL,,IP,,S; EXPL,,IP,,S; EXPL,,IP,
1150,KERRY,"That’s why I think it’s important for the United States, for instance, not to have this rigid ideological restriction on helping families around the world to be able to make a smart decision about family planning.",S; EXPL,,IP,,S; EXPL,,IP,,S; EXPL,,IP,
1151,KERRY,You’ll help prevent AIDS.,S,,,,S,,,,S,,,
1152,KERRY,"You’ll help prevent unwanted children, unwanted pregnancies.",S,,,,S,,,,S,,,
1153,KERRY,"You’ll actually do a better job, I think, of passing on the moral responsibility that is expressed in your question.",S,,IP,,S,,IP,,S,,IP,
1154,KERRY,And I truly respect it.,S,,IP,,S,,IP,,S,,IP,
1155,GIBSON,Mr.,TG,,,,TG,,,,TG,,,
1156,GIBSON,"President, minute and a half.",S,,,,S,,,,S,,,
1157,BUSH,I’m trying to decipher that.,S,,,,S,,,,S,,,
1158,BUSH,"My answer is, we’re not going to spend taxpayers’ money on abortion.",S; ANS,,IP,,S; ANS,,IP,,S; ANS,,IP,
1159,BUSH,"This is an issue that divides America, but certainly reasonable people can agree on how to reduce abortions in America.",S,,UF,,S,,UF,,S,,UF,
1160,BUSH,I signed the partial-birth — the ban on partial-birth abortion.,S-Inform; IAFA,,IT,,S-Inform; IAFA,,IT,,S-Inform; IAFA,,IT,
1161,BUSH,It’s a brutal practice.,S,,AE,,S,,AE,,S,,AE,
1162,BUSH,It’s one way to help reduce abortions.,S,,,,S,,,,S,,,
1163,BUSH,My opponent voted against the ban.,S; CH,,ATTR; REB,,S; CH,,ATTR; REB,,S; CH,,ATTR; REB,
1164,BUSH,I think there ought to be parental notification laws.,S,,IP,,S,,IP,,S,,IP,
1165,BUSH,He’s against them.,S,,ATTR; REB,,S,,ATTR; REB,,S,,ATTR; REB,
1166,BUSH,I signed a bill called the Unborn Victims of Violence Act.,S-Inform; IAFA,,SE,,S-Inform; IAFA,,SE,,S-Inform; IAFA,,SE,
1167,BUSH,"In other words, if you’re a mom and you’re pregnant and you get killed, the murderer gets tried for two cases, not just one.",S; EXPL,,AE,,S; EXPL,,AE,,S; EXPL,,AE,
1168,BUSH,My opponent was against that.,S,,ATTR; REB,,S,,ATTR; REB,,S,,ATTR; REB,
1169,BUSH,These are reasonable ways to help promote a culture of life in America.,S,,AP; IP,,S,,AP; IP,,S,,AP; IP,
1170,BUSH,I think it is a worthy goal in America to have every child protected by law and welcomed in life.,S,,AP; IP,,S,,AP; IP,,S,,AP; IP,
1171,BUSH,I also think we ought to continue to have good adoption law as an alternative to abortion.,S,,IP,,S,,IP,,S,,IP,
1172,BUSH,"And we need to promote maternity group homes, which my administration has done.",S,,IT,,S,,IT,,S,,IT,
1173,BUSH,Culture of life is really important for a country to have if it’s going to be a hospitable society.,S,,AP; IP,,S,,AP; IP,,S,,AP; IP,
1174,BUSH,Thank you.,THK,,,,THK,,,,THK,,,
1175,GIBSON,"Senator, do you want to follow up?",YNQ; TG,,,,YNQ; TG,,,,YNQ; TG,,,
1176,GIBSON,Thirty seconds.,S,,,,S,,,,S,,,
1177,KERRY,"Well, again, the president just said, categorically, my opponent is against this, my opponent is against that.",S; CH; MS,,REB; CB,,S; CH; MS,,REB; CB,,S; CH; MS,,REB; CB,
1178,KERRY,"You know, it’s just not that simple.",S,,REB,,S,,REB,,S,,REB,
1179,KERRY,"No, I’m not.",REJ; ANS,,REB,,REJ; ANS,,REB,,REJ; ANS,,REB,
1180,KERRY,"I’m against the partial-birth abortion, but you’ve got to have an exception for the life of the mother and the health of the mother under the strictest test of bodily injury to the mother.",S,,IP,,S,,IP,,S,,IP,
1181,KERRY,"Secondly, with respect to parental notification, I’m not going to require a 16-or 17-year-old kid who’s been raped by her father and who’s pregnant to have to notify her father.",Q-W; S; IAFA; APO,,REB; IA,,Q-W; S; IAFA; APO,,REB; IA,,Q-W; S; IAFA; APO,,REB; IA,
1182,KERRY,So you got to have a judicial intervention.,S,,,,S,,,,S,,,
1183,KERRY,"And because they didn’t have a judicial intervention where she could go somewhere and get help, I voted against it.",S; EXPL,,,,S; EXPL,,,,S; EXPL,,,
1184,KERRY,It’s never quite as simple as the president wants you to believe.,S; CH,,PER; REB,,S; CH,,PER; REB,,S; CH,,PER; REB,
1185,GIBSON,"And 30 seconds, Mr.",TG,,,,TG,,,,TG,,,
1186,GIBSON,President.,TG,,,,TG,,,,TG,,,
1187,BUSH,"Well, it’s pretty simple when they say: Are you for a ban on partial birth abortion?",YNQ; S,,,,YNQ; S,,,,YNQ; S,,,
1188,BUSH,Yes or no?,YNQ,,,,YNQ,,,,YNQ,,,
1189,BUSH,"And he was given a chance to vote, and he voted no.",S-Inform; CH,,ATTR; REB,,S-Inform; CH,,ATTR; REB,,S-Inform; CH,,ATTR; REB,
1190,BUSH,And that’s just the way it is.,S,,,,S,,,,S,,,
1191,BUSH,That’s a vote.,S,,,,S,,,,S,,,
1192,BUSH,It came right up.,S,,,,S,,,,S,,,
1193,BUSH,It’s clear for everybody to see.,S,,,,S,,,,S,,,
1194,BUSH,And as I said: You can run but you can’t hide the reality.,S; CH,,PER; AEX; REB,,S; CH,,PER; AEX; REB,,S; CH,,PER; AEX; REB,
1195,GIBSON,And the final question of the evening will be addressed to President Bush and it will come from Linda Grabel.,S,,,,S,,,,S,,,
1196,GIBSON,Linda Grabel’s over here.,S,,,,S,,,,S,,,
1197,GIBSON,Linda Grabel’s over here.,S,,,,S,,,,S,,,
1198,BUSH,Put a head fake on us.,IAFA,,,,IAFA,,,,IAFA,,,
1199,GIBSON,I got faked out myself.,S,,,,S,,,,S,,,
1200,BUSH,"Hi, Linda.",GR,,,,GR,,,,GR,,,
1201,GRABEL,"President Bush, during the last four years, you have made thousands of decisions that have affected millions of lives.",S,,,,S,,,,S,,,
1202,GRABEL,"Please give three instances in which you came to realize you had made a wrong decision, and what you did to correct it.",SEEP; IAFA,,,,SEEP; IAFA,,,,SEEP; IAFA,,,
1203,GRABEL,Thank you.,THK,,,,THK,,,,THK,,,
1204,BUSH,"I have made a lot of decisions, and some of them little, like appointments to boards you never heard of, and some of them big.",S,,,,S,,,,S,,,
1205,BUSH,"And in a war, there’s a lot of — there’s a lot of tactical decisions that historians will look back and say: He shouldn’t have done that.",S,,,,S,,,,S,,,
1206,BUSH,He shouldn’t have made that decision.,S,,,,S,,,,S,,,
1207,BUSH,And I’ll take responsibility for them.,S,,IP,,S,,IP,,S,,IP,
1208,BUSH,I’m human.,S,,AE,,S,,AE,,S,,AE,
1209,BUSH,"But on the big questions, about whether or not we should have gone into Afghanistan, the big question about whether we should have removed somebody in Iraq, I’ll stand by those decisions, because I think they’re right.",S,,IT; IP,,S,,IT; IP,,S,,IT; IP,
1210,BUSH,"That’s really what you’re — when they ask about the mistakes, that’s what they’re talking about.",S,,,,S,,,,S,,,
1211,BUSH,"They’re trying to say, “Did you make a mistake going into Iraq?",S,,,,S,,,,S,,,
1212,BUSH,"” And the answer is, “Absolutely not.",REJ; ANS,,,,REJ; ANS,,,,REJ; ANS,,,
1213,BUSH,” It was the right decision.,S,,IP,,S,,IP,,S,,IP,
1214,BUSH,"The Duelfer report confirmed that decision today, because what Saddam Hussein was doing was trying to get rid of sanctions so he could reconstitute a weapons program.",S-Inform; HS,,SE,,S-Inform; HS,,SE,,S-Inform; HS,,SE,
1215,BUSH,And the biggest threat facing America is terrorists with weapons of mass destruction.,S,,AF,,S,,AF,,S,,AF,
1216,BUSH,We knew he hated us.,S,,AF,,S,,AF,,S,,AF,
1217,BUSH,We knew he’d been — invaded other countries.,S; HS,,AF,,S; HS,,AF,,S; HS,,AF,
1218,BUSH,We knew he tortured his own people.,S,,AF,,S,,AF,,S,,AF,
1219,BUSH,"On the tax cut, it’s a big decision.",S,,,,S,,,,S,,,
1220,BUSH,I did the right decision.,S,,IT,,S,,IT,,S,,IT,
1221,BUSH,Our recession was one of the shallowest in modern history.,S-Inform,,IT; SE,,S-Inform,,IT; SE,,S-Inform,,IT; SE,
1222,BUSH,"Now, you asked what mistakes.",S; MS,,,,S; MS,,,,S; MS,,,
1223,BUSH,"I made some mistakes in appointing people, but I’m not going to name them.",S; ANS,,IA,,S; ANS,,IA,,S; ANS,,IA,
1224,BUSH,I don’t want to hurt their feelings on national TV.,S,,IA,,S,,IA,,S,,IA,
1225,BUSH,"But history will look back, and I’m fully prepared to accept any mistakes that history judges to my administration, because the president makes the decisions, the president has to take the responsibility.",S,,IP,,S,,IP,,S,,IP,
1226,GIBSON,"Senator Kerry, a minute and a half.",TG,,,,TG,,,,TG,,,
1227,KERRY,"I believe the president made a huge mistake, a catastrophic mistake, not to live up to his own standard, which was: build a true global coalition, give the inspectors time to finish their job and go through the U.",S; CH,,AF; IP; ATTR; REB,,S; CH,,AF; IP; ATTR; REB,,S; CH,,AF; IP; ATTR; REB,
1228,KERRY,process to its end and go to war as a last resort.,S,,,,S,,,,S,,,
1229,KERRY,"I ask each of you just to look into your hearts, look into your guts.",IAFA,,AE,,IAFA,,AE,,IAFA,,AE,
1230,KERRY,Gut-check time.,S,,AE,,S,,AE,,S,,AE,
1231,KERRY,Was this really going to war as a last resort?,Q-RHET,,REB; CB,,Q-RHET,,REB; CB,,Q-RHET,,REB; CB,
1232,KERRY,The president rushed our nation to war without a plan to win the peace.,S; CH,,PER; ATTR; REB,,S; CH,,PER; ATTR; REB,,S; CH,,PER; ATTR; REB,
1233,KERRY,And simple things weren’t done.,S,,ATTR; REB,,S,,ATTR; REB,,S,,ATTR; REB,
1234,KERRY,That’s why Senator Lugar says: incompetent in the delivery of services.,S-Inform; CH,,PER; ATTR; SE,,S-Inform; CH,,PER; ATTR; SE,,S-Inform; CH,,PER; ATTR; SE,
1235,KERRY,"That’s why Senator Hagel, Republican, says, you know: beyond pitiful, beyond embarrassing, in the zone of dangerous.",S; CH,,ATTR; SE,,S; CH,,ATTR; SE,,S; CH,,ATTR; SE,
1236,KERRY,"We didn’t guard 850,000 tons of ammo.",S; CH,,ATTR; REB,,S; CH,,ATTR; REB,,S; CH,,ATTR; REB,
1237,KERRY,That ammo is now being used against our kids.,S; S-Inform,,AF; AE; ATTR,,S; S-Inform,,AF; AE; ATTR,,S; S-Inform,,AF; AE; ATTR,
1238,KERRY,"Ten thousand out of 12,000 Humvees aren’t armored.",S-Inform,,ATTR; SE,,S-Inform,,ATTR; SE,,S-Inform,,ATTR; SE,
1239,KERRY,"I visited some of those kids with no limbs today, because they didn’t have the armor on those vehicles.",S; HS,,AE; ATTR,,S; HS,,AE; ATTR,,S; HS,,AE; ATTR,
1240,KERRY,They didn’t have the right body armor.,S,,AE; ATTR,,S,,AE; ATTR,,S,,AE; ATTR,
1241,KERRY,I’ve met parents who’ve on the Internet gotten the armor to send their kids.,S,,AE; ATTR,,S,,AE; ATTR,,S,,AE; ATTR,
1242,KERRY,There is no bigger judgment for a president of the United states than how you take a nation to war.,S,,IP,,S,,IP,,S,,IP,
1243,KERRY,"And you can’t say, because Saddam might have done it 10 years from now, that’s a reason; that’s an excuse.",S; CH,,REB; CB,,S; CH,,REB; CB,,S; CH,,REB; CB,
1244,GIBSON,Mr.,,,,,,,,,,,,
1245,GIBSON,President?,TG,,,,TG,,,,TG,,,
1246,BUSH,"He complains about the fact our troops don’t have adequate equipment, yet he voted against the $87 billion supplemental I sent to the Congress and then issued one of the most amazing quotes in political history: “I actually did vote for the $87 billion before I voted against it.",S-Inform; CH,,ATTR; REB; SE,,S-Inform; CH,,ATTR; REB; SE,,S-Inform; CH,,ATTR; REB; SE,
1247,BUSH,"” Saddam Hussein was a risk to our country, ma’am.",S,,AF; IP,,S,,AF; IP,,S,,AF; IP,
1248,BUSH,And he was a risk that — and this is where we just have a difference of opinion.,S,,IP,,S,,IP,,S,,IP,
1249,BUSH,"The truth of that matter is, if you listen carefully, Saddam would still be in power if he were the president of the United States, “And the world would be a lot better off.",S; CH,,PER; REB,,S; CH,,PER; REB,,S; CH,,PER; REB,
1250,GIBSON,"And, Senator Kerry, 30 seconds.",TG,,,,TG,,,,TG,,,
1251,KERRY,"Not necessarily be in power, but here’s what I’ll say about the $87 billion.",S; MS,,,,S; MS,,,,S; MS,,,
1252,KERRY,I made a mistake in the way I talk about it.,S; CORR,,IP,,S; CORR,,IP,,S; CORR,,IP,
1253,KERRY,He made a mistake in invading Iraq.,S; CH,,ATTR; REB,,S; CH,,ATTR; REB,,S; CH,,ATTR; REB,
1254,KERRY,Which is a worse decision?,Q-RHET,,REB; CB,,Q-RHET,,REB; CB,,Q-RHET,,REB; CB,
1255,KERRY,"Now, I voted the way I voted because I saw that he had the policy wrong and I wanted accountability.",S; EXPL,,IP,,S; EXPL,,IP,,S; EXPL,,IP,
1256,KERRY,I didn’t want to give a slush fund to Halliburton.,S,,ATTR; REB,,S,,ATTR; REB,,S,,ATTR; REB,
1257,KERRY,"I also thought the wealthiest people in America ought to pay for it, ladies and gentlemen.",S,,AE; IP,,S,,AE; IP,,S,,AE; IP,
1258,KERRY,He wants your kids to pay for it.,S,,AE; ATTR; REB,,S,,AE; ATTR; REB,,S,,AE; ATTR; REB,
1259,KERRY,"I wanted us to pay for it, since we’re at war.",S,,IP,,S,,IP,,S,,IP,
1260,KERRY,I don’t think that’s a bad decision.,S,,IP,,S,,IP,,S,,IP,
1261,GIBSON,That’s going to conclude the questioning.,S,,,,S,,,,S,,,
1262,GIBSON,"We’re going to go now to closing statements, two minutes from each candidate.",S,,,,S,,,,S,,,
1263,GIBSON,And the first closing statement goes to Senator Kerry.,S; TG,,,,S; TG,,,,S; TG,,,
1264,GIBSON,I believe that was the agreement.,S,,,,S,,,,S,,,
1265,KERRY,Do you want to go first?,YNQ; TG,,,,YNQ; TG,,,,YNQ; TG,,,
1266,BUSH,Either way.,S,,,,S,,,,S,,,
1267,KERRY,Thank you.,THK,,,,THK,,,,THK,,,
1268,KERRY,"Charlie, thank you.",THK,,,,THK,,,,THK,,,
1269,KERRY,And thank you all.,THK,,,,THK,,,,THK,,,
1270,KERRY,"Thank you, all of you, for taking part.",THK,,,,THK,,,,THK,,,
1271,KERRY,"Thanks for your questions tonight, very, very much.",THK,,,,THK,,,,THK,,,
1272,KERRY,Obviously the president and I both have very strong convictions.,S,,,,S,,,,S,,,
1273,KERRY,I respect him for that.,S,,,,S,,,,S,,,
1274,KERRY,But we have a very different view about how to make America stronger and safer.,S,,IP; REB,,S,,IP; REB,,S,,IP; REB,
1275,KERRY,I will never cede the authority of our country or our security to any other nation.,S,,APAT; IP,,S,,APAT; IP,,S,,APAT; IP,
1276,KERRY,"I’ll never give a veto over American security to any other entity — not a nation, not a country, not an institution.",S,,APAT; IP,,S,,APAT; IP,,S,,APAT; IP,
1277,KERRY,"But I know, as I think you do, that our country is strongest when we lead the world, when we lead strong alliances.",S,,AP; UF; IP,,S,,AP; UF; IP,,S,,AP; UF; IP,
1278,KERRY,And that’s the way Eisenhower and Reagan and Kennedy and others did it.,S; HS,,SE,,S; HS,,SE,,S; HS,,SE,
1279,KERRY,We are not doing that today.,S,,,,S,,,,S,,,
1280,KERRY,We need to.,S,,UF,,S,,UF,,S,,UF,
1281,KERRY,I have a plan that will help us go out and kill and find the terrorists.,S,,IT; IP,,S,,IT; IP,,S,,IT; IP,
1282,KERRY,And I will not stop in our efforts to hunt down and kill the terrorists.,S,,AF; IP,,S,,AF; IP,,S,,AF; IP,
1283,KERRY,"But I’ll also have a better plan of how we’re going to deal with Iraq: training the Iraqi forces more rapidly, getting our allies back to the table with a fresh start, with new credibility, with a president whose judgment the rest of the world trusts.",S,,IT; IP,,S,,IT; IP,,S,,IT; IP,
1284,KERRY,"In addition to that, I believe we have a crisis here at home, a crisis of the middle class that is increasingly squeezed, health-care costs going up.",S,,AF; AE; IP,,S,,AF; AE; IP,,S,,AF; AE; IP,
1285,KERRY,I have a plan to provide health care to all Americans.,S,,IT,,S,,IT,,S,,IT,
1286,KERRY,I have a plan to provide for our schools so we keep the standards but we help our teachers teach and elevate our schools by funding No Child Left Behind.,S,,IT,,S,,IT,,S,,IT,
1287,KERRY,I have a plan to protect the environment so that we leave this place in better shape to our children than we were handed it by our parents.,S,,AE; IT,,S,,AE; IT,,S,,AE; IT,
1288,KERRY,That’s the test.,S,,,,S,,,,S,,,
1289,KERRY,I believe America’s best days are ahead of us.,S,,AP; IP,,S,,AP; IP,,S,,AP; IP,
1290,KERRY,"I’m an optimist, but we have to make the right choices, to be fiscally responsible and to create the new jobs of the future.",S,,IP,,S,,IP,,S,,IP,
1291,KERRY,We can do this.,S,,UF,,S,,UF,,S,,UF,
1292,KERRY,And I ask you for the privilege of leading our nation to be stronger at home and respected again in the world.,S,,AP; APAT,,S,,AP; APAT,,S,,AP; APAT,
1293,KERRY,Thank you.,THK,,,,THK,,,,THK,,,
1294,GIBSON,Senator.,TG,,,,TG,,,,TG,,,
1295,GIBSON,And a closing statement from President Bush.,S,,,,S,,,,S,,,
1296,BUSH,"Charlie, thanks.",THK,,,,THK,,,,THK,,,
1297,BUSH,Thank you all very much.,THK,,,,THK,,,,THK,,,
1298,BUSH,It’s been enjoyable.,S,,,,S,,,,S,,,
1299,BUSH,"The great contest for the presidency is about the future, who can lead, who can get things done.",S,,,,S,,,,S,,,
1300,BUSH,"We’ve been through a lot together as a country — been through a recession, corporate scandals, war.",S,,UF,,S,,UF,,S,,UF,
1301,BUSH,And yet think about where we are: Added 1.,S,,,,S,,,,S,,,
1302,BUSH,9 million new jobs over the past 13 months.,S-Inform,,IT; SE,,S-Inform,,IT; SE,,S-Inform,,IT; SE,
1303,BUSH,The farm income in America is high.,S-Inform,,IT; SE,,S-Inform,,IT; SE,,S-Inform,,IT; SE,
1304,BUSH,Small businesses are flourishing.,S,,IT; SE,,S,,IT; SE,,S,,IT; SE,
1305,BUSH,Homeownership rate is at an all-time high in America.,S-Inform,,IT; SE,,S-Inform,,IT; SE,,S-Inform,,IT; SE,
1306,BUSH,We’re on the move.,S,,AP,,S,,AP,,S,,AP,
1307,BUSH,"Tonight I had a chance to discuss with you what to do to keep this economy going: keep the taxes low, don’t increase the scope of the federal government, keep regulations down, legal reform, a health- care policy that does not empower the federal government but empowers individuals, and an energy plan that will help us become less dependent on foreign sources of energy.",S; IAFA,,IT; IP,,S; IAFA,,IT; IP,,S; IAFA,,IT; IP,
1308,BUSH,"And abroad, we’re at war.",S,,AF,,S,,AF,,S,,AF,
1309,BUSH,And it requires a president who is steadfast and strong and determined.,S,,IP,,S,,IP,,S,,IP,
1310,BUSH,I vowed to the American people after that fateful day of September the 11th that we would not rest nor tire until we’re safe.,S; HS,,AE; APAT,,S; HS,,AE; APAT,,S; HS,,AE; APAT,
1311,BUSH,The 9/11 Commission put out a report that said America is safer but not yet safe.,S-Inform; HS,,SE,,S-Inform; HS,,SE,,S-Inform; HS,,SE,
1312,BUSH,There is more work to be done.,S,,,,S,,,,S,,,
1313,BUSH,We’ll stay on the hunt on Al Qaida.,S,,AF,,S,,AF,,S,,AF,
1314,BUSH,We’ll deny sanctuary to these terrorists.,S,,AF,,S,,AF,,S,,AF,
1315,BUSH,We’ll make sure they do not end up with weapons of mass destruction.,S,,AF,,S,,AF,,S,,AF,
1316,BUSH,It’s the great nexus.,S,,,,S,,,,S,,,
1317,BUSH,The great threat to our country is that these haters end up with weapons of mass destruction.,S,,AF,,S,,AF,,S,,AF,
1318,BUSH,But our long-term security depends on our deep faith in liberty.,S,,APAT; UF,,S,,APAT; UF,,S,,APAT; UF,
1319,BUSH,And we’ll continue to promote freedom around the world.,S,,APAT,,S,,APAT,,S,,APAT,
1320,BUSH,Freedom is on the march.,S,,APAT,,S,,APAT,,S,,APAT,
1321,BUSH,"Tomorrow, Afghanistan will be voting for a president.",S-Inform,,,,S-Inform,,,,S-Inform,,,
1322,BUSH,"In Iraq, we’ll be having free elections, and a free society will make this world more peaceful.",S,,APAT,,S,,APAT,,S,,APAT,
1323,BUSH,God bless.,S,,APAT,,S,,APAT,,S,,APAT,
1324,GIBSON,Mr.,S,,,,S,,,,S,,,
1325,GIBSON,"President, Senator Kerry, that concludes tonight’s debate.",S,,,,S,,,,S,,,
1326,GIBSON,"I want to give you a reminder that the third and final debate on issues of domestic policy will be held next Wednesday, October 13th, at Arizona State University in Tempe, Arizona, hosted by Bob Schieffer of CBS News.",S-Inform,,,,S-Inform,,,,S-Inform,,,
1327,GIBSON,I want to thank President Bush and Senator Kerry for tonight.,THK,,,,THK,,,,THK,,,
1328,GIBSON,I want to thank these citizens of the St.,THK,,,,THK,,,,THK,,,
1329,GIBSON,"Louis area who asked the questions, who gave so willingly of their time, and who took their responsibility very seriously.",S; THK,,,,S; THK,,,,S; THK,,,
1330,GIBSON,Thank you also to everyone at Washington… I want to thank everyone at Washington University in St.,THK; CORR,,,,THK; CORR,,,,THK; CORR,,,
1331,GIBSON,Louis for being such gracious hosts.,THK,,,,THK,,,,THK,,,
1332,GIBSON,I’m Charles Gibson from ABC News.,S,,,,S,,,,S,,,
1333,GIBSON,From St.,S,,,,S,,,,S,,,
1334,GIBSON,"Louis, good night.",GR,,,,GR,,,,GR,,,
