unit_id,speaker,text,Annotator 1 - Phase A (DAMSL),Annotator 1 - Phase A notes,Annotator 1 - Phase B (Beads),Annotator 1 - Phase B notes,Annotator 2 - Phase A (DAMSL),Annotator 2 - Phase A notes,Annotator 2 - Phase B (Beads),Annotator 2 - Phase B notes,Annotator 3 - Phase A (DAMSL),Annotator 3 - Phase A notes,Annotator 3 - Phase B (Beads),Annotator 3 - Phase B notes
1,SCHIEFFER,"Good evening from the campus of Lynn University here in Boca Raton, Florida.",GR,,,,GR,,,,GR,,,
2,SCHIEFFER,"This is the fourth and last debate of the 2012 campaign, brought to you by the Commission on Presidential Debates.",S-Inform; HS,,,,S-Inform; HS,,,,S-Inform; HS,,,
3,SCHIEFFER,This one’s on foreign policy.,S,,,,S,,,,S,,,
4,SCHIEFFER,I’m Bob Schieffer of CBS News.,S,,,,S,,,,S,,,
5,SCHIEFFER,"The questions are mine, and I have not shared them with the candidates or their aides.",S,,,,S,,,,S,,,
6,SCHIEFFER,"The audience has taken a vow of silence — no applause, no reaction of any kind, except right now when we welcome President Barack Obama and Governor Mitt Romney.",S; GR,,,,S; GR,,,,S; GR,,,
7,SCHIEFFER,"Gentlemen, your campaigns have agreed to certain rules and they are simple.",S,,,,S,,,,S,,,
8,SCHIEFFER,They’ve asked me to divide the evening into segments.,S,,,,S,,,,S,,,
9,SCHIEFFER,I’ll pose a question at the beginning of each segment.,S,,,,S,,,,S,,,
10,SCHIEFFER,You will each have two minutes to respond and then we will have a general discussion until we move to the next segment.,S-Inform,,,,S-Inform,,,,S-Inform,,,
11,SCHIEFFER,"Tonight’s debate, as both of you know, comes on the 50th anniversary of the night that President Kennedy told the world that the Soviet Union had installed nuclear missiles in Cuba, perhaps the closest we’ve ever come to nuclear war.",S-Inform; HS,,,,S-Inform; HS,,,,S-Inform; HS,,,
12,SCHIEFFER,And it is a sobering reminder that every president faces at some point an unexpected threat to our national security from abroad.,S,,,,S,,,,S,,,
13,SCHIEFFER,So let’s begin.,IAFA; MS,,,,IAFA; MS,,,,IAFA; MS,,,
14,SCHIEFFER,The first segment is the challenge of a changing Middle East and the new face of terrorism.,S; MS,,,,S; MS,,,,S; MS,,,
15,SCHIEFFER,I’m going to put this into two segments so you’ll have two topic questions within this one segment on the subject.,S; MS,,,,S; MS,,,,S; MS,,,
16,SCHIEFFER,"The first question, and it concerns Libya.",S; MS,,,,S; MS,,,,S; MS,,,
17,SCHIEFFER,The controversy over what happened there continues.,S,,,,S,,,,S,,,
18,SCHIEFFER,"Four Americans are dead, including an American ambassador.",S-Inform,,,,S-Inform,,,,S-Inform,,,
19,SCHIEFFER,Questions remain.,S,,,,S,,,,S,,,
20,SCHIEFFER,What happened?,Q-W,,,,Q-W,,,,Q-W,,,
21,SCHIEFFER,What caused it?,Q-W,,,,Q-W,,,,Q-W,,,
22,SCHIEFFER,Was it spontaneous?,YNQ,,,,YNQ,,,,YNQ,,,
23,SCHIEFFER,Was it an intelligence failure?,YNQ,,,,YNQ,,,,YNQ,,,
24,SCHIEFFER,Was it a policy failure?,YNQ,,,,YNQ,,,,YNQ,,,
25,SCHIEFFER,Was there an attempt to mislead people about what really happened?,YNQ,,,,YNQ,,,,YNQ,,,
26,SCHIEFFER,"Governor Romney, you said this was an example of an American policy in the Middle East that is unraveling before our very eyes.",S; HS,,,,S; HS,,,,S; HS,,,
27,SCHIEFFER,I’d like to hear each of you give your thoughts on that.,OQ; TG,,,,OQ; TG,,,,OQ; TG,,,
28,SCHIEFFER,"Governor Romney, you won the toss.",S,,,,S,,,,S,,,
29,SCHIEFFER,You go first.,IAFA; TG,,,,IAFA; TG,,,,IAFA; TG,,,
30,ROMNEY,"Thank you, Bob.",THK,,,,THK,,,,THK,,,
31,ROMNEY,And thank you for agreeing to moderate this debate this evening.,THK,,,,THK,,,,THK,,,
32,ROMNEY,Thank you to Lynn University for welcoming us here.,GR; THK,,,,GR; THK,,,,GR; THK,,,
33,ROMNEY,And Mr.,GR,,,,GR,,,,GR,,,
34,ROMNEY,"President, it’s good to be with you again.",GR,,,,GR,,,,GR,,,
35,ROMNEY,"We were together at a humorous event a little earlier, and it’s nice to maybe funny this time, not on purpose.",S,,,,S,,,,S,,,
36,ROMNEY,We’ll see what happens.,S,,,,S,,,,S,,,
37,ROMNEY,"This is obviously an area of great concern to the entire world, and to America in particular, which is to see a — a complete change in the — the structure and the — the environment in the Middle East.",S,,,,S,,,,S,,,
38,ROMNEY,"With the Arab Spring, came a great deal of hope that there would be a change towards more moderation, and opportunity for greater participation on the part of women in public life, and in economic life in the Middle East.",S,,,,S,,,,S,,,
39,ROMNEY,"But instead, we’ve seen in nation after nation, a number of disturbing events.",S; S-Inform,,AF,,S; S-Inform,,AF,,S; S-Inform,,AF,
40,ROMNEY,"Of course we see in Syria, 30,000 civilians having been killed by the military there.",S-Inform; HS,,AF; SE,,S-Inform; HS,,AF; SE,,S-Inform; HS,,AF; SE,
41,ROMNEY,"We see in — in Libya, an attack apparently by, I think we know now, by terrorists of some kind against — against our people there, four people dead.",S-Inform; HS,,AF,,S-Inform; HS,,AF,,S-Inform; HS,,AF,
42,ROMNEY,Our hearts and — and minds go out to them.,S,,AE,,S,,AE,,S,,AE,
43,ROMNEY,"Mali has been taken over, the northern part of Mali by al-Qaeda type individuals.",S-Inform,,AF,,S-Inform,,AF,,S-Inform,,AF,
44,ROMNEY,"We have in — in Egypt, a Muslim Brotherhood president.",S,,AF; CBias,,S,,AF; CBias,,S,,AF; CBias,
45,ROMNEY,And so what we’re seeing is a pretty dramatic reversal in the kind of hopes we had for that region.,S,,AF; IP,,S,,AF; IP,,S,,AF; IP,
46,ROMNEY,"Of course the greatest threat of all is Iran, four years closer to a nuclear weapon.",S; HS,,AF; ATTR,,S; HS,,AF; ATTR,,S; HS,,AF; ATTR,
47,ROMNEY,And — and we’re going to have to recognize that we have to do as the president has done.,S,,IP,,S,,IP,,S,,IP,
48,ROMNEY,I congratulate him on — on taking out Osama bin Laden and going after the leadership in al-Qaeda.,S; HS,,,,S; HS,,,,S; HS,,,
49,ROMNEY,But we can’t kill our way out of this mess.,S,,IP; CB,,S,,IP; CB,,S,,IP; CB,
50,ROMNEY,"We’re going to have to put in place a very comprehensive and robust strategy to help the — the world of Islam and other parts of the world, reject this radical violent extremism, which is — it’s certainly not on the run.",S,,IP; CB,,S,,IP; CB,,S,,IP; CB,
51,ROMNEY,It’s certainly not hiding.,S,,AF,,S,,AF,,S,,AF,
52,ROMNEY,"This is a group that is now involved in 10 or 12 countries, and it presents an enormous threat to our friends, to the world, to America, long term, and we must have a comprehensive strategy to help reject this kind of extremism.",S-Inform,,AF,,S-Inform,,AF,,S-Inform,,AF,
53,SCHIEFFER,Mr.,TG,,,,TG,,,,TG,,,
54,SCHIEFFER,President?,TG,,,,TG,,,,TG,,,
55,OBAMA,"Well, my first job as commander in chief, Bob, is to keep the American people safe.",S,,IT,,S,,IT,,S,,IT,
56,OBAMA,And that’s what we’ve done over the last four years.,S,,IT,,S,,IT,,S,,IT,
57,OBAMA,"We ended the war in Iraq, refocused our attention on those who actually killed us on 9/11.",S; HS,,IT,,S; HS,,IT,,S; HS,,IT,
58,OBAMA,"And as a consequence, Al Qaeda’s core leadership has been decimated.",S-Inform,,IT; SE,,S-Inform,,IT; SE,,S-Inform,,IT; SE,
59,OBAMA,"In addition, we’re now able to transition out of Afghanistan in a responsible way, making sure that Afghans take responsibility for their own security.",S,,IT,,S,,IT,,S,,IT,
60,OBAMA,And that allows us also to rebuild alliances and make friends around the world to combat future threats.,S,,UF,,S,,UF,,S,,UF,
61,OBAMA,"Now with respect to Libya, as I indicated in the last debate, when we received that phone call, I immediately made sure that, number one, that we did everything we could to secure those Americans who were still in harm’s way; number two, that we would investigate exactly what happened, and number three, most importantly, that we would go after those who killed Americans and we would bring them to justice.",S; S-Inform,,IT,,S; S-Inform,,IT,,S; S-Inform,,IT,
62,OBAMA,And that’s exactly what we’re going to do.,S,,IT,,S,,IT,,S,,IT,
63,OBAMA,But I think it’s important to step back and think about what happened in Libya.,S; IAFA,,PER; IT; REB,,S; IAFA,,PER; IT; REB,,S; IAFA,,PER; IT; REB,
64,OBAMA,"Keep in mind that I and Americans took leadership in organizing an international coalition that made sure that we were able to, without putting troops on the ground at the cost of less than what we spent in two weeks in Iraq, liberate a country that had been under the yoke of dictatorship for 40 years.",S-Inform; IAFA; AGR; REJ; EXPL,,REB; SE,,S-Inform; IAFA; AGR; REJ; EXPL,,REB; SE,,S-Inform; IAFA; AGR; REJ; EXPL,,REB; SE,
65,OBAMA,"Got rid of a despot who had killed Americans and as a consequence, despite this tragedy, you had tens of thousands of Libyans after the events in Benghazi marching and saying America is our friend.",,,,,,,,,,,,
66,OBAMA,We stand with them.,,,,,,,,,,,,
67,OBAMA,Now that represents the opportunity we have to take advantage of.,,,,,,,,,,,,
68,OBAMA,"And, you know, Governor Romney, I’m glad that you agree that we have been successful in going after Al Qaida, but I have to tell you that, you know, your strategy previously has been one that has been all over the map and is not designed to keep Americans safe or to build on the opportunities that exist in the Middle East.",,,,,,,,,,,,
69,ROMNEY,"Well, my strategy is pretty straightforward, which is to go after the bad guys, to make sure we do our very best to interrupt them, to — to kill them, to take them out of the picture.",S; ANS,,IT,,S; ANS,,IT,,S; ANS,,IT,
70,ROMNEY,But my strategy is broader than that.,S,,IP,,S,,IP,,S,,IP,
71,ROMNEY,"That’s — that’s important, of course.",S,,,,S,,,,S,,,
72,ROMNEY,But the key that we’re going to have to pursue is a — is a pathway to get the Muslim world to be able to reject extremism on its own.,S,,IP,,S,,IP,,S,,IP,
73,ROMNEY,"We don’t want another Iraq, we don’t want another Afghanistan.",S,,AF,,S,,AF,,S,,AF,
74,ROMNEY,That’s not the right course for us.,S,,IP,,S,,IP,,S,,IP,
75,ROMNEY,"The right course for us is to make sure that we go after the — the people who are leaders of these various anti-American groups and these — these jihadists, but also help the Muslim world.",S,,IP,,S,,IP,,S,,IP,
76,ROMNEY,And how do we do that?,Q-W; OQ,,,,Q-W; OQ,,,,Q-W; OQ,,,
77,ROMNEY,"A group of Arab scholars came together, organized by the U.",S; S-Inform,,,,S; S-Inform,,,,S; S-Inform,,,
78,ROMNEY,", to look at how we can help the — the world reject these — these terrorists.",S,,,,S,,,,S,,,
79,ROMNEY,"And the answer they came up with was this: One, more economic development.",S; EXPL,,,,S; EXPL,,,,S; EXPL,,,
80,ROMNEY,"We should key our foreign aid, our direct foreign investment, and that of our friends, we should coordinate it to make sure that we — we push back and give them more economic development.",S,,,,S,,,,S,,,
81,ROMNEY,"Number two, better education.",S,,,,S,,,,S,,,
82,ROMNEY,"Number three, gender equality.",S,,,,S,,,,S,,,
83,ROMNEY,"Number four, the rule of law.",S,,,,S,,,,S,,,
84,ROMNEY,We have to help these nations create civil societies.,S,,,,S,,,,S,,,
85,ROMNEY,"But what’s been happening over the last couple of years is, as we’ve watched this tumult in the Middle East, this rising tide of chaos occur, you see Al Qaida rushing in, you see other jihadist groups rushing in.",S,,AF,,S,,AF,,S,,AF,
86,ROMNEY,And — and they’re throughout many nations in the Middle East.,S,,,,S,,,,S,,,
87,ROMNEY,"It’s wonderful that Libya seems to be making some progress, despite this terrible tragedy.",S,,IP,,S,,IP,,S,,IP,
88,ROMNEY,"But next door, of course, we have Egypt.",S,,,,S,,,,S,,,
89,ROMNEY,"Libya’s 6 million population; Egypt, 80 million population.",S-Inform,,,,S-Inform,,,,S-Inform,,,
90,ROMNEY,We want — we want to make sure that we’re seeing progress throughout the Middle East.,S,,,,S,,,,S,,,
91,ROMNEY,"With Mali now having North Mali taken over by Al Qaida; with Syria having Assad continuing to — to kill, to murder his own people, this is a region in tumult.",S-Inform; HS,,AF,,S-Inform; HS,,AF,,S-Inform; HS,,AF,
92,ROMNEY,"And, of course, Iran on the path to a nuclear weapon, we’ve got real .",S,,AF,,S,,AF,,S,,AF,
93,SCHIEFFER,"We’ll get to that, but let’s give the president a chance.",TG; MS,,,,TG; MS,,,,TG; MS,,,
94,OBAMA,"Governor Romney, I’m glad that you recognize that Al Qaida is a threat, because a few months ago when you were asked what’s the biggest geopolitical threat facing America, you said Russia, not Al Qaida; you said Russia, in the 1980s, they’re now calling to ask for their foreign policy back because, you know, the Cold War’s been over for 20 years.",S; CH; HS,,PER; ATTR; AEX; REB,,S; CH; HS,,PER; ATTR; AEX; REB,,S; CH; HS,,PER; ATTR; AEX; REB,
95,OBAMA,"But Governor, when it comes to our foreign policy, you seem to want to import the foreign policies of the 1980s, just like the social policies of the 1950s and the economic policies of the 1920s.",S; CH,,PER; REB; CB,,S; CH,,PER; REB; CB,,S; CH,,PER; REB; CB,
96,OBAMA,You say that you’re not interested in duplicating what happened in Iraq.,S,,REB,,S,,REB,,S,,REB,
97,OBAMA,"But just a few weeks ago, you said you think we should have more troops in Iraq right now.",S-Inform; CH; HS,,ATTR; REB,,S-Inform; CH; HS,,ATTR; REB,,S-Inform; CH; HS,,ATTR; REB,
98,OBAMA,"And the — the challenge we have — I know you haven’t been in a position to actually execute foreign policy — but every time you’ve offered an opinion, you’ve been wrong.",S; CH,,PER; ATTR; REB,,S; CH,,PER; ATTR; REB,,S; CH,,PER; ATTR; REB,
99,OBAMA,"You said we should have gone into Iraq, despite that fact that there were no weapons of mass destruction.",S; CH; HS,,ATTR; REB; SE,,S; CH; HS,,ATTR; REB; SE,,S; CH; HS,,ATTR; REB; SE,
100,OBAMA,You said that we should still have troops in Iraq to this day.,S; CH,,ATTR; REB,,S; CH,,ATTR; REB,,S; CH,,ATTR; REB,
101,OBAMA,"You indicated that we shouldn’t be passing nuclear treaties with Russia despite the fact that 71 senators, Democrats and Republicans, voted for it.",S-Inform; CH,,ATTR; REB; SE,,S-Inform; CH,,ATTR; REB; SE,,S-Inform; CH,,ATTR; REB; SE,
102,OBAMA,"You said that, first, we should not have a timeline in Afghanistan.",S; CH,,ATTR; REB,,S; CH,,ATTR; REB,,S; CH,,ATTR; REB,
103,OBAMA,Then you said we should.,S; CH,,ATTR; REB,,S; CH,,ATTR; REB,,S; CH,,ATTR; REB,
104,OBAMA,"Now you say maybe or it depends, which means not only were you wrong, but you were also confusing in sending mixed messages both to our troops and our allies.",S; CH,,PER; ATTR; REB,,S; CH,,PER; ATTR; REB,,S; CH,,PER; ATTR; REB,
105,OBAMA,"So, what — what we need to do with respect to the Middle East is strong, steady leadership, not wrong and reckless leadership that is all over the map.",S,,IP; CB,,S,,IP; CB,,S,,IP; CB,
106,OBAMA,"And unfortunately, that’s the kind of opinions that you’ve offered throughout this campaign, and it is not a recipe for American strength, or keeping America safe over the long haul.",S; CH,,PER; ATTR; REB,,S; CH,,PER; ATTR; REB,,S; CH,,PER; ATTR; REB,
107,SCHIEFFER,I’m going to add a couple of minutes here to give you a chance to respond.,IAFA-OF; TG,,,,IAFA-OF; TG,,,,IAFA-OF; TG,,,
108,ROMNEY,"Well, of course I don’t concur with what the president said about my own record and the things that I’ve said.",S; DIS,,IP; REB,,S; DIS,,IP; REB,,S; DIS,,IP; REB,
109,ROMNEY,They don’t happen to be accurate.,S; CH,,REB,,S; CH,,REB,,S; CH,,REB,
110,ROMNEY,"But — but I can say this, that we’re talking about the Middle East and how to help the Middle East reject the kind of terrorism we’re seeing, and the rising tide of tumult and — and confusion.",S; MS,,DF; IP,,S; MS,,DF; IP,,S; MS,,DF; IP,
111,ROMNEY,And — and attacking me is not an agenda.,S; REJ,,DF; REB,,S; REJ,,DF; REB,,S; REJ,,DF; REB,
112,ROMNEY,"Attacking me is not talking about how we’re going to deal with the challenges that exist in the Middle East, and take advantage of the opportunity there, and stem the tide of this violence.",S,,DF; REB,,S,,DF; REB,,S,,DF; REB,
113,ROMNEY,But I’ll respond to a couple of things that you mentioned.,S; TT,,,,S; TT,,,,S; TT,,,
114,ROMNEY,"First of all, Russia I indicated is a geopolitical foe.",S,,IP,,S,,IP,,S,,IP,
115,ROMNEY,Not…,S,,,,S,,,,S,,,
116,ROMNEY,Excuse me.,TT,,,,TT,,,,TT,,,
117,ROMNEY,"It’s a geopolitical foe, and I said in the same — in the same paragraph I said, and Iran is the greatest national security threat we face.",S-Inform,,AF; IP,,S-Inform,,AF; IP,,S-Inform,,AF; IP,
118,ROMNEY,Russia does continue to battle us in the U.,S,,AF,,S,,AF,,S,,AF,
119,ROMNEY,time and time again.,S,,,,S,,,,S,,,
120,ROMNEY,I have clear eyes on this.,S,,IP,,S,,IP,,S,,IP,
121,ROMNEY,"I’m not going to wear rose-colored glasses when it comes to Russia, or Mr.",S,,IP,,S,,IP,,S,,IP,
122,ROMNEY,Putin.,S,,,,S,,,,S,,,
123,ROMNEY,"And I’m certainly not going to say to him, I’ll give you more flexibility after the election.",S,,REB,,S,,REB,,S,,REB,
124,ROMNEY,"After the election, he’ll get more backbone.",S,,PER; REB,,S,,PER; REB,,S,,PER; REB,
125,ROMNEY,"Number two, with regards to Iraq, you and I agreed I believe that there should be a status of forces agreement.",S; MS,,IP,,S; MS,,IP,,S; MS,,IP,
126,ROMNEY,Oh you didn’t?,YNQ; CH; INT,,REB,,YNQ; CH; INT,,REB,,YNQ; CH; INT,,REB,
127,ROMNEY,You didn’t want a status of…,YNQ; CH,,REB,,YNQ; CH,,REB,,YNQ; CH,,REB,
128,OBAMA,"What I would not have had done was left 10,000 troops in Iraq that would tie us down.",S; ANS,,IP; REB,,S; ANS,,IP; REB,,S; ANS,,IP; REB,
129,OBAMA,And that certainly would not help us in the Middle East.,S,,AF,,S,,AF,,S,,AF,
130,ROMNEY,"I’m sorry, you actually — there was a — there was an effort on the part of the president to have a status of forces agreement, and I concurred in that, and said that we should have some number of troops that stayed on.",S; APO; EXPL,,IP,,S; APO; EXPL,,IP,,S; APO; EXPL,,IP,
131,ROMNEY,That was something I concurred with…,S,,IP,,S,,IP,,S,,IP,
132,OBAMA,Governor…,TG,,,,TG,,,,TG,,,
133,ROMNEY,…that your posture.,S,,,,S,,,,S,,,
134,ROMNEY,That was my posture as well.,S,,IP,,S,,IP,,S,,IP,
135,ROMNEY,"You thought it should have been 5,000 troops…",S; CH,,REB; SE,,S; CH,,REB; SE,,S; CH,,REB; SE,
136,OBAMA,Governor?,TG,,,,TG,,,,TG,,,
137,ROMNEY,"… I thought there should have been more troops, but you know what?",Q-RHET; S,,IP,,Q-RHET; S,,IP,,Q-RHET; S,,IP,
138,ROMNEY,The answer was we got…,S; ANS,,,,S; ANS,,,,S; ANS,,,
139,ROMNEY,… no troops through whatsoever.,S-Inform,,SE,,S-Inform,,SE,,S-Inform,,SE,
140,OBAMA,This was just a few weeks ago that you indicated that we should still have troops in Iraq.,S; CH,,ATTR; REB; SE,,S; CH,,ATTR; REB; SE,,S; CH,,ATTR; REB; SE,
141,ROMNEY,"No, I…",REJ,,,,REJ,,,,REJ,,,
142,ROMNEY,…I’m sorry that’s a…,APO; TT,,,,APO; TT,,,,APO; TT,,,
143,OBAMA,You — you…,TT; INT,,,,TT; INT,,,,TT; INT,,,
144,ROMNEY,…that’s a — I indicated…,S; CORR,,,,S; CORR,,,,S; CORR,,,
145,OBAMA,…major speech.,S,,,,S,,,,S,,,
146,ROMNEY,…I indicated that you failed to put in place a status…,S; CH,,ATTR; REB,,S; CH,,ATTR; REB,,S; CH,,ATTR; REB,
147,OBAMA,Governor?,TG,,,,TG,,,,TG,,,
148,ROMNEY,…of forces agreement at the end of the conflict that existed.,S; CH,,ATTR; REB,,S; CH,,ATTR; REB,,S; CH,,ATTR; REB,
149,OBAMA,Governor — here — here’s — here’s one thing…,TT; MS,,,,TT; MS,,,,TT; MS,,,
150,OBAMA,…here’s one thing I’ve learned as commander in chief.,S; HS,,IT,,S; HS,,IT,,S; HS,,IT,
151,SCHIEFFER,Let him answer…,IAFA; TG,,,,IAFA; TG,,,,IAFA; TG,,,
152,OBAMA,"You’ve got to be clear, both to our allies and our enemies, about where you stand and what you mean.",S,,,,S,,,,S,,,
153,OBAMA,You just gave a speech a few weeks ago in which you said we should still have troops in Iraq.,S; CH,,ATTR; REB,,S; CH,,ATTR; REB,,S; CH,,ATTR; REB,
154,OBAMA,That is not a recipe for making sure that we are taking advantage of the opportunities and meeting the challenges of the Middle East.,S; CH,,REB,,S; CH,,REB,,S; CH,,REB,
155,OBAMA,"Now, it is absolutely true that we cannot just meet these challenges militarily.",S,,,,S,,,,S,,,
156,OBAMA,"And so what I’ve done throughout my presidency and will continue to do is, number one, make sure that these countries are supporting our counterterrorism efforts.",S,,IT,,S,,IT,,S,,IT,
157,OBAMA,"Number two, make sure that they are standing by our interests in Israel’s security, because it is a true friend and our greatest ally in the region.",S,,IP,,S,,IP,,S,,IP,
158,OBAMA,"Number three, we do have to make sure that we’re protecting religious minorities and women because these countries can’t develop unless all the population, not just half of it, is developing.",S,,,,S,,,,S,,,
159,OBAMA,"Number four, we do have to develop their economic — their economic capabilities.",S,,,,S,,,,S,,,
160,OBAMA,"But number five, the other thing that we have to do is recognize that we can’t continue to do nation building in these regions.",S,,IP; CB,,S,,IP; CB,,S,,IP; CB,
161,OBAMA,Part of American leadership is making sure that we’re doing nation building here at home.,S,,AP; UF,,S,,AP; UF,,S,,AP; UF,
162,OBAMA,That will help us maintain the kind of American leadership that we need.,S,,,,S,,,,S,,,
163,SCHIEFFER,"Let me interject the second topic question in this segment about the Middle East and so on, and that is, you both mentioned — alluded to this, and that is Syria.",TT; MS,,,,TT; MS,,,,TT; MS,,,
164,SCHIEFFER,The war in Syria has now spilled over into Lebanon.,S-Inform,,,,S-Inform,,,,S-Inform,,,
165,SCHIEFFER,"We have, what, more than 100 people that were killed there in a bomb.",S-Inform,,,,S-Inform,,,,S-Inform,,,
166,SCHIEFFER,"There were demonstrations there, eight people dead.",S-Inform,,,,S-Inform,,,,S-Inform,,,
167,SCHIEFFER,Mr.,S,,,,S,,,,S,,,
168,SCHIEFFER,"President, it’s been more than a year since you saw — you told Assad he had to go.",S-Inform; HS,,,,S-Inform; HS,,,,S-Inform; HS,,,
169,SCHIEFFER,"Since then, 30,000 Syrians have died.",S-Inform; HS,,SE,,S-Inform; HS,,SE,,S-Inform; HS,,SE,
170,SCHIEFFER,"We’ve had 300,000 refugees.",S-Inform,,,,S-Inform,,,,S-Inform,,,
171,SCHIEFFER,The war goes on.,S,,,,S,,,,S,,,
172,SCHIEFFER,He’s still there.,S,,,,S,,,,S,,,
173,SCHIEFFER,Should we reassess our policy and see if we can find a better way to influence events there?,YNQ; OQ,,,,YNQ; OQ,,,,YNQ; OQ,,,
174,SCHIEFFER,Or is that even possible?,YNQ,,,,YNQ,,,,YNQ,,,
175,SCHIEFFER,"And you go first, sir.",TG,,,,TG,,,,TG,,,
176,OBAMA,"What we’ve done is organize the international community, saying Assad has to go.",S; IAFA-OF; INT,,IT,,S; IAFA-OF; INT,,IT,,S; IAFA-OF; INT,,IT,
177,OBAMA,We’ve mobilized sanctions against that government.,S,,IT,,S,,IT,,S,,IT,
178,OBAMA,We have made sure that they are isolated.,S,,IT,,S,,IT,,S,,IT,
179,OBAMA,"We have provided humanitarian assistance and we are helping the opposition organize, and we’re particularly interested in making sure that we’re mobilizing the moderate forces inside of Syria.",S,,IT,,S,,IT,,S,,IT,
180,OBAMA,"But ultimately, Syrians are going to have to determine their own future.",S,,,,S,,,,S,,,
181,OBAMA,"And so everything we’re doing, we’re doing in consultation with our partners in the region, including Israel which obviously has a huge interest in seeing what happens in Syria; coordinating with Turkey and other countries in the region that have a great interest in this.",S; HS,,,,S; HS,,,,S; HS,,,
182,OBAMA,"This — what we’re seeing taking place in Syria is heartbreaking, and that’s why we are going to do everything we can to make sure that we are helping the opposition.",S,,AE,,S,,AE,,S,,AE,
183,OBAMA,"But we also have to recognize that, you know, for us to get more entangled militarily in Syria is a serious step, and we have to do so making absolutely certain that we know who we are helping; that we’re not putting arms in the hands of folks who eventually could turn them against us or allies in the region.",S,,AF,,S,,AF,,S,,AF,
184,OBAMA,And I am confident that Assad’s days are numbered.,S; IAFA,,,,S; IAFA,,,,S; IAFA,,,
185,OBAMA,"But what we can’t do is to simply suggest that, as Governor Romney at times has suggested, that giving heavy weapons, for example, to the Syrian opposition is a simple proposition that would lead us to be safer over the long term.",S; REJ; CH,,ATTR; REB,,S; REJ; CH,,ATTR; REB,,S; REJ; CH,,ATTR; REB,
186,OBAMA,SCHIEFFER: Governor?,TG,,,,TG,,,,TG,,,
187,ROMNEY,"Well, let’s step back and talk about what’s happening in Syria and how important it is.",TT; MS,,,,TT; MS,,,,TT; MS,,,
188,ROMNEY,"First of all, 30,000 people being killed by their government is a humanitarian disaster.",S-Inform,,AF; AE,,S-Inform,,AF; AE,,S-Inform,,AF; AE,
189,ROMNEY,"Secondly, Syria is an opportunity for us because Syria plays an important role in the Middle East, particularly right now.",S,,,,S,,,,S,,,
190,ROMNEY,Syria is Iran’s only ally in the Arab world.,S-Inform,,,,S-Inform,,,,S-Inform,,,
191,ROMNEY,It’s their route to the sea.,S,,,,S,,,,S,,,
192,ROMNEY,"It’s the route for them to arm Hezbollah in Lebanon, which threatens, of course, our ally, Israel.",S; S-Inform,,AF,,S; S-Inform,,AF,,S; S-Inform,,AF,
193,ROMNEY,And so seeing Syria remove Assad is a very high priority for us.,S,,IP,,S,,IP,,S,,IP,
194,ROMNEY,"Number two, seeing a — a replacement government being responsible people is critical for us.",S,,IP,,S,,IP,,S,,IP,
195,ROMNEY,"And finally, we don’t want to have military involvement there.",S,,IP,,S,,IP,,S,,IP,
196,ROMNEY,We don’t want to get drawn into a military conflict.,S,,,,S,,,,S,,,
197,ROMNEY,"And so the right course for us, is working through our partners and with our own resources, to identify responsible parties within Syria, organize them, bring them together in a — in a form of — if not government, a form of — of — of council that can take the lead in Syria.",S,,IP,,S,,IP,,S,,IP,
198,ROMNEY,And then make sure they have the arms necessary to defend themselves.,S,,,,S,,,,S,,,
199,ROMNEY,We do need to make sure that they don’t have arms that get into the — the wrong hands.,S,,AF,,S,,AF,,S,,AF,
200,ROMNEY,Those arms could be used to hurt us down the road.,S,,AF,,S,,AF,,S,,AF,
201,ROMNEY,"We need to make sure as well that we coordinate this effort with our allies, and particularly with — with Israel.",S,,UF,,S,,UF,,S,,UF,
202,ROMNEY,"But the Saudi’s and the Qatari, and — and the Turks are all very concerned about this.",S,,,,S,,,,S,,,
203,ROMNEY,They’re willing to work with us.,S,,,,S,,,,S,,,
204,ROMNEY,"We need to have a very effective leadership effort in Syria, making sure that the — the insurgent there are armed and that the insurgents that become armed, are people who will be the responsible parties.",S,,,,S,,,,S,,,
205,ROMNEY,Recognize — I believe that Assad must go.,S,,IP,,S,,IP,,S,,IP,
206,ROMNEY,I believe he will go.,S,,IP,,S,,IP,,S,,IP,
207,ROMNEY,"But I believe — we want to make sure that we have the relationships of friendship with the people that take his place, steps that in the years to come we see Syria as a — as a friend, and Syria as a responsible party in the Middle East.",S,,IP,,S,,IP,,S,,IP,
208,ROMNEY,This — this is a critical opportunity for America.,S,,AP,,S,,AP,,S,,AP,
209,ROMNEY,"And what I’m afraid of is we’ve watched over the past year or so, first the president saying, well we’ll let the U.",S,,AF; REB,,S,,AF; REB,,S,,AF; REB,
210,ROMNEY,deal with it.,IAFA,,,,IAFA,,,,IAFA,,,
211,ROMNEY,"And Assad — excuse me, Kofi Annan came in and said we’re going to try to have a ceasefire.",S; TT; HS,,,,S; TT; HS,,,,S; TT; HS,,,
212,ROMNEY,That didn’t work.,S,,,,S,,,,S,,,
213,ROMNEY,"Then it went to the Russians and said, let’s see if you can do something.",S; HS,,,,S; HS,,,,S; HS,,,
214,ROMNEY,"We should be playing the leadership role there, not on the ground with military.",S,,IP,,S,,IP,,S,,IP,
215,SCHIEFFER,All right.,ACK,,,,ACK,,,,ACK,,,
216,ROMNEY,…by the leadership role.,S,,,,S,,,,S,,,
217,OBAMA,We are playing the leadership role.,Q-W; S; REJ,,,,Q-W; S; REJ,,,,Q-W; S; REJ,,,
218,OBAMA,We organized the Friends of Syria.,,,,,,,,,,,,
219,OBAMA,"We are mobilizing humanitarian support, and support for the opposition.",S,,,,S,,,,S,,,
220,OBAMA,And we are making sure that those we help are those who will be friends of ours in the long term and friends of our allies in the region over the long term.,S,,IT,,S,,IT,,S,,IT,
221,OBAMA,But going back to Libya — because this is an example of how we make choices.,S; MS,,,,S; MS,,,,S; MS,,,
222,OBAMA,"When we went in to Libya, and we were able to immediately stop the massacre there, because of the unique circumstances and the coalition that we had helped to organize.",S; IAFA-OF; INT,,IT,,S; IAFA-OF; INT,,IT,,S; IAFA-OF; INT,,IT,
223,OBAMA,We also had to make sure that Moammar Gadhafi didn’t stay there.,S,,,,S,,,,S,,,
224,OBAMA,"And to the governor’s credit, you supported us going into Libya and the coalition that we organized.",S,,REB,,S,,REB,,S,,REB,
225,OBAMA,"But when it came time to making sure that Gadhafi did not stay in power, that he was captured, Governor, your suggestion was that this was mission creep, that this was mission muddle.",S; CH,,ATTR; REB,,S; CH,,ATTR; REB,,S; CH,,ATTR; REB,
226,OBAMA,Imagine if we had pulled out at that point.,IAFA,,AE; CB,,IAFA,,AE; CB,,IAFA,,AE; CB,
227,OBAMA,"You know, Moammar Gadhafi had more American blood on his hands than any individual other than Osama bin Laden.",S-Inform; HS,,AF,,S-Inform; HS,,AF,,S-Inform; HS,,AF,
228,OBAMA,And so we were going to make sure that we finished the job.,S,,IT,,S,,IT,,S,,IT,
229,OBAMA,That’s part of the reason why the Libyans stand with us.,S; EXPL,,IT,,S; EXPL,,IT,,S; EXPL,,IT,
230,OBAMA,"But we did so in a careful, thoughtful way, making certain that we knew who we were dealing with, that those forces of moderation on the ground were ones that we could work with, and we have to take the same kind of steady, thoughtful leadership when it comes to Syria.",S; IAFA,,IT,,S; IAFA,,IT,,S; IAFA,,IT,
231,OBAMA,That’s exactly what we’re doing.,S,,IT,,S,,IT,,S,,IT,
232,SCHIEFFER,"Governor, can I just ask you, would you go beyond what the administration would do, like for example, would you put in no-fly zones over Syria?",YNQ; TG,,,,YNQ; TG,,,,YNQ; TG,,,
233,ROMNEY,I don’t want to have our military involved in Syria.,S; ANS,,IP,,S; ANS,,IP,,S; ANS,,IP,
234,ROMNEY,I don’t think there is a necessity to put our military in Syria at this stage.,S; INT,,IP,,S; INT,,IP,,S; INT,,IP,
235,ROMNEY,I don’t anticipate that in the future.,S,,IP,,S,,IP,,S,,IP,
236,ROMNEY,"As I indicated, our objectives are to replace Assad and to have in place a new government which is friendly to us, a responsible government, if possible.",S; EXPL,,IP,,S; EXPL,,IP,,S; EXPL,,IP,
237,ROMNEY,"And I want to make sure they get armed and they have the arms necessary to defend themselves, but also to remove — to remove Assad.",S,,IP,,S,,IP,,S,,IP,
238,ROMNEY,But I do not want to see a military involvement on the part of our — of our troops.,S,,IP,,S,,IP,,S,,IP,
239,SCHIEFFER,Well —,TT,,,,TT,,,,TT,,,
240,ROMNEY,And this isn’t — this isn’t going to be necessary.,S,,,,S,,,,S,,,
241,ROMNEY,"We — we have, with our partners in the region, we have sufficient resources to support those groups.",S,,IP,,S,,IP,,S,,IP,
242,ROMNEY,"But look, this has been going on for a year.",S; MS,,,,S; MS,,,,S; MS,,,
243,ROMNEY,This is a time — this should have been a time for American leadership.,S,,AP; IP,,S,,AP; IP,,S,,AP; IP,
244,ROMNEY,"We should have taken a leading role, not militarily, but a leading role organizationally, governmentally to bring together the parties; to find responsible parties.",S,,UF; IP,,S,,UF; IP,,S,,UF; IP,
245,ROMNEY,"As you hear from intelligence sources even today, the — the insurgents are highly disparate.",S; S-Inform,,,,S; S-Inform,,,,S; S-Inform,,,
246,ROMNEY,They haven’t come together.,S,,,,S,,,,S,,,
247,ROMNEY,"They haven’t formed a unity group, a council of some kind.",S,,,,S,,,,S,,,
248,ROMNEY,That needs to happen.,S,,,,S,,,,S,,,
249,ROMNEY,America can help that happen.,S,,AP,,S,,AP,,S,,AP,
250,ROMNEY,And we need to make sure they have the arms they need to carry out the very important role which is getting rid of Assad.,S,,IP,,S,,IP,,S,,IP,
251,SCHIEFFER,"Can we get a quick response, Mr.",YNQ; T-REQ,,,,YNQ; T-REQ,,,,YNQ; T-REQ,,,
252,SCHIEFFER,"President, because I want to…",TT,,,,TT,,,,TT,,,
253,OBAMA,"Well, I’ll — I’ll be very quick.",TT; TA,,,,TT; TA,,,,TT; TA,,,
254,OBAMA,What you just heard Governor Romney said is he doesn’t have different ideas.,S; CH,,REB,,S; CH,,REB,,S; CH,,REB,
255,OBAMA,And that’s because we’re doing exactly what we should be doing to try to promote a moderate Syrian leadership and a — an effective transition so that we get Assad out.,S; EXPL,,IT,,S; EXPL,,IT,,S; EXPL,,IT,
256,OBAMA,That’s the kind of leadership we’ve shown.,S,,IT,,S,,IT,,S,,IT,
257,OBAMA,That’s the kind of leadership we’ll continue to show.,S,,IT,,S,,IT,,S,,IT,
258,SCHIEFFER,"May I ask you, you know, during the Egyptian turmoil, there came a point when you said it was time for President Mubarak to go.",T-REQ; HS,,,,T-REQ; HS,,,,T-REQ; HS,,,
259,OBAMA,Right.,ACK,,,,ACK,,,,ACK,,,
260,SCHIEFFER,Some in your administration thought perhaps we should have waited a while on that.,S,,,,S,,,,S,,,
261,SCHIEFFER,Do you have any regrets about that?,YNQ,,,,YNQ,,,,YNQ,,,
262,OBAMA,"No, I don’t, because I think that America has to stand with democracy.",ANS; EXPL,,APAT; IP,,ANS; EXPL,,APAT; IP,,ANS; EXPL,,APAT; IP,
263,OBAMA,"The notion that we would have tanks run over those young people who were in Tahrir Square, that is not the kind of American leadership that John F.",S; HS,,AE; APAT,,S; HS,,AE; APAT,,S; HS,,AE; APAT,
264,OBAMA,Kennedy talked about 50 years ago.,S; HS,,APAT,,S; HS,,APAT,,S; HS,,APAT,
265,OBAMA,"But what I’ve also said is that now that you have a democratically elected government in Egypt, that they have to make sure that they take responsibility for protecting religious minorities.",S,,IP,,S,,IP,,S,,IP,
266,OBAMA,"And we have put significant pressure on them to make sure they’re doing that; to recognize the rights of women, which is critical throughout the region.",S-Inform; IAFA,,IT,,S-Inform; IAFA,,IT,,S-Inform; IAFA,,IT,
267,OBAMA,These countries can’t develop if young women are not given the kind of education that they need.,S,,AE,,S,,AE,,S,,AE,
268,OBAMA,They have to abide by their treaty with Israel.,S,,,,S,,,,S,,,
269,OBAMA,"That is a red line for us, because not only is Israel’s security at stake, but our security is at stake if that unravels.",S; EXPL,,AF,,S; EXPL,,AF,,S; EXPL,,AF,
270,OBAMA,They have to make sure that they’re cooperating with us when it comes to counterterrorism.,S,,,,S,,,,S,,,
271,OBAMA,"And we will help them with respect to developing their own economy, because ultimately what’s going to make the Egyptian revolution successful for the people of Egypt, but also for the world, is if those young people who gathered there are seeing opportunities.",S,,UF,,S,,UF,,S,,UF,
272,OBAMA,Their aspirations are similar to young people’s here.,S,,,,S,,,,S,,,
273,OBAMA,"They want jobs, they want to be able to make sure their kids are going to a good school.",S,,AE,,S,,AE,,S,,AE,
274,OBAMA,They want to make sure that they have a roof over their heads and that they have the prospects of a better life in the future.,S,,AE,,S,,AE,,S,,AE,
275,OBAMA,"And so one of the things that we’ve been doing is, is, for example, organizing entrepreneurship conferences with these Egyptians to give them a sense of how they can start rebuilding their economy in a way that’s noncorrupt, that’s transparent.",S-Inform; IAFA,,IT,,S-Inform; IAFA,,IT,,S-Inform; IAFA,,IT,
276,OBAMA,"But what is also important for us to understand is, is that for America to be successful in this region there’s some things that we’re going to have to do here at home as well.",S,,IP,,S,,IP,,S,,IP,
277,OBAMA,"You know, one of the challenges over the last decade is we’ve done experiments in nation building in places like Iraq and Afghanistan and we’ve neglected, for example, developing our own economy, our own energy sectors, our own education system.",S; HS,,CB,,S; HS,,CB,,S; HS,,CB,
278,OBAMA,And it’s very hard for us to project leadership around the world when we’re not doing what we need to do…,S,,,,S,,,,S,,,
279,SCHIEFFER,"Governor Romney, I want to hear your response to that, but I would just ask you, would you have stuck with Mubarak?",YNQ; TG,,,,YNQ; TG,,,,YNQ; TG,,,
280,ROMNEY,No.,REJ; ANS,,,,REJ; ANS,,,,REJ; ANS,,,
281,ROMNEY,"I believe, as the president indicated, and said at the time that I supported his — his action there.",S; IAFA,,IP,,S; IAFA,,IP,,S; IAFA,,IP,
282,ROMNEY,I felt that — I wish we’d have had a better vision of the future.,S; IAFA,,,,S; IAFA,,,,S; IAFA,,,
283,ROMNEY,"I wish that, looking back at the beginning of the president’s term and even further back than that, that we’d have recognized that there was a growing energy and passion for freedom in that part of the world, and that we would have worked more aggressively with our friend and with other friends in the region to have them make the transition towards a more representative form of government, such that it didn’t explode in the way that it did.",S; CH,,IP; ATTR; REB,,S; CH,,IP; ATTR; REB,,S; CH,,IP; ATTR; REB,
284,ROMNEY,"But once it exploded, I felt the same as the president did, which is these freedom voices and the streets of Egypt, where the people who were speaking of our principles and the President Mubarak had done things which were unimaginable and the idea of him crushing his people was not something that we could possibly support.",S,,IP,,S,,IP,,S,,IP,
285,ROMNEY,"Let me step back and talk about what I think our mission has to be in the Middle East and even more broadly, because our purpose is to make sure the world is more — is peaceful.",S; TT,,DF; IP,,S; TT,,DF; IP,,S; TT,,DF; IP,
286,ROMNEY,We want a peaceful planet.,S,,UF,,S,,UF,,S,,UF,
287,ROMNEY,"We want people to be able to enjoy their lives and know they’re going to have a bright and prosperous future, not be at war.",S,,AE; UF,,S,,AE; UF,,S,,AE; UF,
288,ROMNEY,That’s our purpose.,S,,,,S,,,,S,,,
289,ROMNEY,And the mantle of leadership for the — promoting the principles of peace has fallen to America.,S,,AP; APAT,,S,,AP; APAT,,S,,AP; APAT,
290,ROMNEY,We didn’t ask for it.,S,,,,S,,,,S,,,
291,ROMNEY,But it’s an honor that we have it.,S,,AP,,S,,AP,,S,,AP,
292,ROMNEY,But for us to be able to promote those principles of peace requires us to be strong.,S,,APAT; UF,,S,,APAT; UF,,S,,APAT; UF,
293,ROMNEY,And that begins with a strong economy here at home.,S,,,,S,,,,S,,,
294,ROMNEY,"Unfortunately, the economy is not stronger.",S,,ATTR; REB,,S,,ATTR; REB,,S,,ATTR; REB,
295,ROMNEY,"When the — when the president of Iraq — excuse me, of Iran, Ahmadinejad, says that our debt makes us not a great country, that’s a frightening thing.",S; HS,,AF; ATTR,,S; HS,,AF; ATTR,,S; HS,,AF; ATTR,
296,ROMNEY,Former chief of the — Joint Chiefs of Staff said that — Admiral Mullen said that our debt is the biggest national security threat we face.,S-Inform; HS,,AF; SE,,S-Inform; HS,,AF; SE,,S-Inform; HS,,AF; SE,
297,ROMNEY,This — we have weakened our economy.,S,,ATTR; REB,,S,,ATTR; REB,,S,,ATTR; REB,
298,ROMNEY,We need a strong economy.,S,,IP,,S,,IP,,S,,IP,
299,ROMNEY,We need to have as well a strong military.,S,,IP,,S,,IP,,S,,IP,
300,ROMNEY,Our military is second to none in the world.,S,,AP,,S,,AP,,S,,AP,
301,ROMNEY,"We’re blessed with terrific soldiers, and extraordinary technology and intelligence.",S,,AP,,S,,AP,,S,,AP,
302,ROMNEY,But the idea of a trillion dollar in cuts through sequestration and budget cuts to the military would change that.,S-Inform,,AF; REB,,S-Inform,,AF; REB,,S-Inform,,AF; REB,
303,ROMNEY,We need to have strong allies.,S,,,,S,,,,S,,,
304,ROMNEY,Our association and connection with our allies is essential to America’s strength.,S,,AP,,S,,AP,,S,,AP,
305,ROMNEY,"We’re the great nation that has allies, 42 allies and friends around the world.",S-Inform,,AP,,S-Inform,,AP,,S-Inform,,AP,
306,ROMNEY,"And, finally, we have to stand by our principles.",S,,UF,,S,,UF,,S,,UF,
307,ROMNEY,"And if we’re strong in each of those things, American influence will grow.",S,,AP,,S,,AP,,S,,AP,
308,ROMNEY,"But unfortunately, in nowhere in the world is America’s influence will grow.",S,,REB,,S,,REB,,S,,REB,
309,ROMNEY,"But unfortunately, in — nowhere in the world is America’s influence greater today than it was four years ago.",S; CH,,ATTR; REB,,S; CH,,ATTR; REB,,S; CH,,ATTR; REB,
310,SCHIEFFER,All right.,ACK,,,,ACK,,,,ACK,,,
311,ROMNEY,And that’s because we’ve become weaker in each of those four…,S,,CB,,S,,CB,,S,,CB,
312,SCHIEFFER,"…you’re going to get a chance to respond to that, because that’s a perfect segue into our next segment, and that is, what is America’s role in the world?",Q-W; MS,,,,Q-W; MS,,,,Q-W; MS,,,
313,SCHIEFFER,And that is the question.,S,,,,S,,,,S,,,
314,SCHIEFFER,"What do each of you see as our role in the world, and I believe, Governor Romney, it’s your chance to go first.",OQ; TG,,,,OQ; TG,,,,OQ; TG,,,
315,ROMNEY,"Well I — I absolutely believe that America has a — a responsibility, and the privilege of helping defend freedom and promote the principles that — that make the world more peaceful.",S; IAFA-OF,,AP; APAT; IP,,S; IAFA-OF,,AP; APAT; IP,,S; IAFA-OF,,AP; APAT; IP,
316,ROMNEY,"And those principles include human rights, human dignity, free enterprise, freedom of expression, elections.",S,,APAT,,S,,APAT,,S,,APAT,
317,ROMNEY,"Because when there are elections, people tend to vote for peace.",S; EXPL,,CB,,S; EXPL,,CB,,S; EXPL,,CB,
318,ROMNEY,They don’t vote for war.,S,,,,S,,,,S,,,
319,ROMNEY,So we want to promote those principles around the world.,S,,UF; IP,,S,,UF; IP,,S,,UF; IP,
320,ROMNEY,We recognize that there are places of conflict in the world.,S,,,,S,,,,S,,,
321,ROMNEY,We want to end those conflicts to the extent humanly possible.,S,,UF,,S,,UF,,S,,UF,
322,ROMNEY,"But in order to be able to fulfill our role in the world, America must be strong.",S,,AP; IP,,S,,AP; IP,,S,,AP; IP,
323,ROMNEY,America must lead.,S,,AP,,S,,AP,,S,,AP,
324,ROMNEY,"And for that to happen, we have to strengthen our economy here at home.",S,,UF,,S,,UF,,S,,UF,
325,ROMNEY,You can’t have 23 million people struggling to get a job.,S-Inform,,SE,,S-Inform,,SE,,S-Inform,,SE,
326,ROMNEY,You can’t have an economy that over the last three years keeps slowing down its growth rate.,S,,SE,,S,,SE,,S,,SE,
327,ROMNEY,"You can’t have kids coming out of college, half of them can’t find a job today, or a job that’s commensurate with their college degree.",S-Inform,,AE; SE,,S-Inform,,AE; SE,,S-Inform,,AE; SE,
328,ROMNEY,We have to get our economy going.,S,,UF,,S,,UF,,S,,UF,
329,ROMNEY,"And our military, we’ve got to strengthen our military long-term.",S,,UF,,S,,UF,,S,,UF,
330,ROMNEY,We don’t know what the world is going to throw at us down the road.,S,,AF,,S,,AF,,S,,AF,
331,ROMNEY,We — we make decisions today in the military that — that will confront challenges we can’t imagine.,S,,,,S,,,,S,,,
332,ROMNEY,"In the 2000 debates, there was no mention of terrorism, for instance.",S-Inform; HS,,SE,,S-Inform; HS,,SE,,S-Inform; HS,,SE,
333,ROMNEY,"And a year later, 9/11 happened.",S-Inform; HS,,AF,,S-Inform; HS,,AF,,S-Inform; HS,,AF,
334,ROMNEY,"So, we have to make decisions based upon uncertainty, and that means a strong military.",S; EXPL,,AF,,S; EXPL,,AF,,S; EXPL,,AF,
335,ROMNEY,I will not cut our military budget.,S,,IP,,S,,IP,,S,,IP,
336,ROMNEY,We have to also stand by our allies.,S,,,,S,,,,S,,,
337,ROMNEY,I — I think the tension that existed between Israel and the United States was very unfortunate.,S,,IP; ATTR; REB,,S,,IP; ATTR; REB,,S,,IP; ATTR; REB,
338,ROMNEY,"I think also that pulling our missile defense program out of Poland in the way we did was also unfortunate in terms of, if you will, disrupting the relationship in some ways that existed between us.",S,,IP; ATTR; REB,,S,,IP; ATTR; REB,,S,,IP; ATTR; REB,
339,ROMNEY,"And then, of course, with regards to standing for our principles, when — when the students took to the streets in Tehran and the people there protested, the Green Revolution occurred, for the president to be silent I thought was an enormous mistake.",S; HS,,ATTR; REB,,S; HS,,ATTR; REB,,S; HS,,ATTR; REB,
340,ROMNEY,"We have to stand for our principles, stand for our allies, stand for a strong military and stand for a stronger economy.",S,,AP; APAT; UF,,S,,AP; APAT; UF,,S,,AP; APAT; UF,
341,SCHIEFFER,Mr.,TG,,,,TG,,,,TG,,,
342,SCHIEFFER,President?,TG,,,,TG,,,,TG,,,
343,OBAMA,America remains the one indispensable nation.,S,,AP; APAT,,S,,AP; APAT,,S,,AP; APAT,
344,OBAMA,"And the world needs a strong America, and it is stronger now than when I came into office.",S,,AP; IT,,S,,AP; IT,,S,,AP; IT,
345,OBAMA,"Because we ended the war in Iraq, we were able to refocus our attention on not only the terrorist threat, but also beginning a transition process in Afghanistan.",S; EXPL,,IT,,S; EXPL,,IT,,S; EXPL,,IT,
346,OBAMA,It also allowed us to refocus on alliances and relationships that had been neglected for a decade.,S,,IT,,S,,IT,,S,,IT,
347,OBAMA,"And Governor Romney, our alliances have never been stronger, in Asia, in Europe, in Africa, with Israel, where we have unprecedented military and intelligence cooperation, including dealing with the Iranian threat.",S; S-Inform,,IT,,S; S-Inform,,IT,,S; S-Inform,,IT,
348,OBAMA,"But what we also have been able to do is position ourselves so we can start rebuilding America, and that’s what my plan does.",S,,IT; IP,,S,,IT; IP,,S,,IT; IP,
349,OBAMA,"Making sure that we’re bringing manufacturing back to our shores so that we’re creating jobs here, as we’ve done with the auto industry, not rewarding companies that are shipping jobs overseas.",S,,IT,,S,,IT,,S,,IT,
350,OBAMA,"Making sure that we’ve got the best education system in the world, including retraining our workers for the jobs of tomorrow.",S,,,,S,,,,S,,,
351,OBAMA,Doing everything we can to control our own energy.,S,,,,S,,,,S,,,
352,OBAMA,We’ve cut our oil imports to the lowest level in two decades because we’ve developed oil and natural gas.,S-Inform,,IT; SE,,S-Inform,,IT; SE,,S-Inform,,IT; SE,
353,OBAMA,But we also have to develop clean energy technologies that will allow us to cut our exports in half by 2020.,S-Inform,,UF,,S-Inform,,UF,,S-Inform,,UF,
354,OBAMA,That’s the kind of leadership that we need to show.,S,,IP,,S,,IP,,S,,IP,
355,OBAMA,And we’ve got to make sure that we reduce our deficit.,S,,UF,,S,,UF,,S,,UF,
356,OBAMA,"Unfortunately, Governor Romney’s plan doesn’t do it.",S; CH,,ATTR; REB,,S; CH,,ATTR; REB,,S; CH,,ATTR; REB,
357,OBAMA,"We’ve got to do it in a responsible way by cutting out spending we don’t need, but also asking the wealthiest to pay a little bit more.",S,,UF; IP,,S,,UF; IP,,S,,UF; IP,
358,OBAMA,That way we can invest in the research and technology that’s always kept us at the cutting edge.,S,,UF,,S,,UF,,S,,UF,
359,OBAMA,"Now, Governor Romney has taken a different approach throughout this campaign.",S,,REB,,S,,REB,,S,,REB,
360,OBAMA,"Both at home and abroad, he has proposed wrong and reckless policies.",S; CH,,PER; ATTR; REB,,S; CH,,PER; ATTR; REB,,S; CH,,PER; ATTR; REB,
361,OBAMA,He’s praised George Bush as a good economic steward and Dick Cheney as somebody who’s — who shows great wisdom and judgment.,S-Inform; CH,,ATTR; REB,,S-Inform; CH,,ATTR; REB,,S-Inform; CH,,ATTR; REB,
362,OBAMA,And taking us back to those kinds of strategies that got us into this mess are not the way that we are going to maintain leadership in the 21st century.,S,,AF; ATTR; REB,,S,,AF; ATTR; REB,,S,,AF; ATTR; REB,
363,SCHIEFFER,"Governor Romney, “wrong and reckless” policies?",Q-W; TG,,,,Q-W; TG,,,,Q-W; TG,,,
364,ROMNEY,I’ve got a policy for the future and agenda for the future.,S,,IT; IP,,S,,IT; IP,,S,,IT; IP,
365,ROMNEY,"And when it comes to our economy here at home, I know what it takes to create 12 million new jobs and rising take-home pay.",S-Inform,,IT; IP,,S-Inform,,IT; IP,,S-Inform,,IT; IP,
366,ROMNEY,And what we’ve seen over the last four years is something I don’t want to see over the next four years.,S,,IP; REB,,S,,IP; REB,,S,,IP; REB,
367,ROMNEY,The president said by now we’d be a 5.,S-Inform; CH,,ATTR; REB; SE,,S-Inform; CH,,ATTR; REB; SE,,S-Inform; CH,,ATTR; REB; SE,
368,ROMNEY,4 percent unemployment.,S-Inform,,SE,,S-Inform,,SE,,S-Inform,,SE,
369,ROMNEY,We’re 9 million jobs short of that.,S-Inform; CH,,REB; SE,,S-Inform; CH,,REB; SE,,S-Inform; CH,,REB; SE,
370,ROMNEY,"I will get America working again and see rising take-home pay again, and I’ll do it with five simple steps.",S,,IT; IP,,S,,IT; IP,,S,,IT; IP,
371,ROMNEY,"Number one, we are going to have North American energy independence.",S,,IT,,S,,IT,,S,,IT,
372,ROMNEY,"We’re going to do it by taking full advantage of oil, coal, gas, nuclear and our renewables.",S,,,,S,,,,S,,,
373,ROMNEY,"Number two, we’re going to increase our trade.",S,,IT,,S,,IT,,S,,IT,
374,ROMNEY,Trade grows about 12 percent year.,S-Inform,,,,S-Inform,,,,S-Inform,,,
375,ROMNEY,It doubles about every — every five or so years.,S-Inform,,,,S-Inform,,,,S-Inform,,,
376,ROMNEY,"We can do better than that, particularly in Latin America.",S,,,,S,,,,S,,,
377,ROMNEY,The opportunities for us in Latin America we have just not taken advantage of fully.,S,,,,S,,,,S,,,
378,ROMNEY,"As a matter of fact, Latin America’s economy is almost as big as the economy of China.",S-Inform,,,,S-Inform,,,,S-Inform,,,
379,ROMNEY,We’re all focused on China.,S,,,,S,,,,S,,,
380,ROMNEY,"Latin America is a huge opportunity for us — time zone, language opportunities.",S,,,,S,,,,S,,,
381,ROMNEY,"Number three, we’re going to have to have training programs that work for our workers and schools that finally put the parents and the teachers and the kids first, and the teachers’ unions going to have to go behind.",S,,PB,,S,,PB,,S,,PB,
382,ROMNEY,And then we’re going to have to get to a balanced budget.,S,,UF,,S,,UF,,S,,UF,
383,ROMNEY,We can’t expect entrepreneurs and businesses large and small to take their life savings or their company’s money and invest in America if they think we’re headed to the road to Greece.,S,,AF; CB,,S,,AF; CB,,S,,AF; CB,
384,ROMNEY,And that’s where we’re going right now unless we finally get off this spending and borrowing binge.,S,,AF,,S,,AF,,S,,AF,
385,ROMNEY,And I’ll get us on track to a balanced budget.,S,,IT,,S,,IT,,S,,IT,
386,ROMNEY,"And finally, number five, we’ve got to champion small business.",S,,UF,,S,,UF,,S,,UF,
387,ROMNEY,Small business is where jobs come from.,S,,,,S,,,,S,,,
388,ROMNEY,Two-thirds of our jobs come from small businesses.,S-Inform,,,,S-Inform,,,,S-Inform,,,
389,ROMNEY,New business formation is down to the lowest level in 30 years under this administration.,S-Inform,,ATTR; SE,,S-Inform,,ATTR; SE,,S-Inform,,ATTR; SE,
390,ROMNEY,I want to bring it back and get back good jobs and rising take-home pay.,S,,IP,,S,,IP,,S,,IP,
391,OBAMA,"Well, let’s talk about what we need to compete.",TT; MS,,UF,,TT; MS,,UF,,TT; MS,,UF,
392,OBAMA,"First of all, Governor Romney talks about small businesses.",S,,REB,,S,,REB,,S,,REB,
393,OBAMA,"But, Governor, when you were in Massachusetts, small businesses development ranked about 48th, I think out of 50 states in Massachusetts, because the policies that you are promoting actually don’t help small businesses.",S-Inform; CH,,ATTR; REB; SE,,S-Inform; CH,,ATTR; REB; SE,,S-Inform; CH,,ATTR; REB; SE,
394,OBAMA,And the way you define small businesses includes folks at the very top.,S; CH,,REB,,S; CH,,REB,,S; CH,,REB,
395,OBAMA,And they include you and me.,S,,REB,,S,,REB,,S,,REB,
396,OBAMA,That’s not the kind of small business promotion we need.,S,,IP; REB,,S,,IP; REB,,S,,IP; REB,
397,OBAMA,But let’s take an example that we know is going to make a difference in the 21st century and that’s our education policy.,TT; MS,,,,TT; MS,,,,TT; MS,,,
398,OBAMA,We didn’t have a lot of chance to talk about this in the last debate.,S,,,,S,,,,S,,,
399,OBAMA,"You know, under my leadership, what we’ve done is reformed education, working with governors, 46 states.",S-Inform,,IT,,S-Inform,,IT,,S-Inform,,IT,
400,OBAMA,We’ve seen progress and gains in schools that were having a terrible time.,S,,IT; SE,,S,,IT; SE,,S,,IT; SE,
401,OBAMA,And they’re starting to finally make progress.,S,,IT,,S,,IT,,S,,IT,
402,OBAMA,"And what I now want to do is to hire more teachers, especially in math and science, because we know that we’ve fallen behind when it comes to math and science.",S; S-Inform,,IT; IP,,S; S-Inform,,IT; IP,,S; S-Inform,,IT; IP,
403,OBAMA,And those teachers can make a difference.,S,,IP,,S,,IP,,S,,IP,
404,OBAMA,"Now, Governor Romney, when you were asked by teachers whether or not this would help the economy grow, you said this isn’t going to help the economy grow.",S; CH,,ATTR; REB,,S; CH,,ATTR; REB,,S; CH,,ATTR; REB,
405,OBAMA,"When you were asked about reduced class sizes, you said class sizes don’t make a difference.",S; CH,,ATTR; REB,,S; CH,,ATTR; REB,,S; CH,,ATTR; REB,
406,OBAMA,"But I tell you, if you talk to teachers, they will tell you it does make a difference.",S; DIS,,IP; REB,,S; DIS,,IP; REB,,S; DIS,,IP; REB,
407,OBAMA,"And if we’ve got math teachers who are able to provide the kind of support that they need for our kids, that’s what’s going to determine whether or not the new businesses are created here.",S,,IP,,S,,IP,,S,,IP,
408,OBAMA,Companies are going to locate here depending on whether we’ve got the most highly skilled workforce.,S,,,,S,,,,S,,,
409,OBAMA,"And the kinds of budget proposals that you’ve put forward, when we don’t ask either you or me to pay a dime more in terms of reducing the deficit, but instead we slash support for education, that’s undermining our long-term competitiveness.",S; CH,,AF; ATTR; REB,,S; CH,,AF; ATTR; REB,,S; CH,,AF; ATTR; REB,
410,OBAMA,"That is not good for America’s position in the world, and the world notices.",S,,CB,,S,,CB,,S,,CB,
411,SCHIEFFER,Let me get back to foreign policy.,TT; MS,,,,TT; MS,,,,TT; MS,,,
412,SCHIEFFER,Can I just get back…,T-REQ; MS,,,,T-REQ; MS,,,,T-REQ; MS,,,
413,ROMNEY,"Well — well, I need to speak a moment…",TT,,,,TT,,,,TT,,,
414,SCHIEFFER,OK.,ACK,,,,ACK,,,,ACK,,,
415,ROMNEY,"… if you’ll let me, Bob, just about education…",T-REQ; MS,,,,T-REQ; MS,,,,T-REQ; MS,,,
416,SCHIEFFER,OK.,ACK,,,,ACK,,,,ACK,,,
417,ROMNEY,… because I’m — I’m so proud of the state that I had the chance to be governor of.,S; EXPL,,AP; IT,,S; EXPL,,AP; IT,,S; EXPL,,AP; IT,
418,ROMNEY,We have every two years tests that look at how well our kids are doing.,S-Inform,,IT,,S-Inform,,IT,,S-Inform,,IT,
419,ROMNEY,Fourth graders and eighth graders are tested in English and math.,S-Inform,,,,S-Inform,,,,S-Inform,,,
420,ROMNEY,"While I was governor, I was proud that our fourth graders came out number one of all 50 states in English, and then also in math.",S-Inform; HS,,IT; SE,,S-Inform; HS,,IT; SE,,S-Inform; HS,,IT; SE,
421,ROMNEY,And our eighth graders number one in English and also in math.,S-Inform,,IT; SE,,S-Inform,,IT; SE,,S-Inform,,IT; SE,
422,ROMNEY,First time one state had been number one in all four measures.,S-Inform,,IT; SE,,S-Inform,,IT; SE,,S-Inform,,IT; SE,
423,ROMNEY,How did we do that?,Q-W; Q-RHET,,,,Q-W; Q-RHET,,,,Q-W; Q-RHET,,,
424,ROMNEY,"Well, Republicans and Democrats came together on a bipartisan basis to put in place education principles that focused on having great teachers in the classroom.",S; EXPL,,UF; IT,,S; EXPL,,UF; IT,,S; EXPL,,UF; IT,
425,OBAMA,Ten years earlier…,S; INT,,REB,,S; INT,,REB,,S; INT,,REB,
426,ROMNEY,And that was — that was — that was what allowed us to become the number one state in the nation.,S,,IT,,S,,IT,,S,,IT,
427,OBAMA,But that was 10 years before you took office.,S; CH,,ATTR; REB,,S; CH,,ATTR; REB,,S; CH,,ATTR; REB,
428,ROMNEY,And then you cut education spending when you came into office.,S; CH,,ATTR; REB,,S; CH,,ATTR; REB,,S; CH,,ATTR; REB,
429,ROMNEY,The first — the first — the first — and we kept our schools number one in the nation.,S,,IT,,S,,IT,,S,,IT,
430,ROMNEY,They’re still number one today.,S,,,,S,,,,S,,,
431,SCHIEFFER,All right.,ACK,,,,ACK,,,,ACK,,,
432,ROMNEY,"And the principles that we put in place, we also gave kids not just a graduation exam that determined whether they were up to the skills needed to — to be able compete, but also if they graduated the quarter of their class, they got a four-year tuition- free ride at any Massachusetts public institution of higher learning.",S-Inform; IAFA,,IT,,S-Inform; IAFA,,IT,,S-Inform; IAFA,,IT,
433,OBAMA,That happened before you came into office.,S; CH,,REB,,S; CH,,REB,,S; CH,,REB,
434,SCHIEFFER,Governor…,TT,,,,TT,,,,TT,,,
435,ROMNEY,"That was actually mine, actually, Mr.",S; CORR,,REB,,S; CORR,,REB,,S; CORR,,REB,
436,ROMNEY,President.,S,,,,S,,,,S,,,
437,ROMNEY,You got that fact wrong.,CH,,REB,,CH,,REB,,CH,,REB,
438,SCHIEFFER,"Let me get — I want to try to shift it, because we have heard some of this in the other debates.",TT; MS,,,,TT; MS,,,,TT; MS,,,
439,SCHIEFFER,"Governor, you say you want a bigger military.",S,,,,S,,,,S,,,
440,SCHIEFFER,You want a bigger Navy.,S,,,,S,,,,S,,,
441,SCHIEFFER,You don’t want to cut defense spending.,S,,,,S,,,,S,,,
442,SCHIEFFER,What I want to ask you — we were talking about financial problems in this country.,TT; MS,,,,TT; MS,,,,TT; MS,,,
443,SCHIEFFER,Where are you going to get the money?,Q-W; SEEP,,,,Q-W; SEEP,,,,Q-W; SEEP,,,
444,ROMNEY,"Well, let’s come back and talk about the military, but all the way — all the way through.",TT; MS,,,,TT; MS,,,,TT; MS,,,
445,ROMNEY,"First of all, I’m going through from the very beginning — we’re going to cut about 5 percent of the discretionary budget, excluding military.",S-Inform,,IT,,S-Inform,,IT,,S-Inform,,IT,
446,ROMNEY,That’s number one.,S,,,,S,,,,S,,,
447,SCHIEFFER,But can you do this without driving deeper…,YNQ,,,,YNQ,,,,YNQ,,,
448,ROMNEHY,The good news is .,S,,,,S,,,,S,,,
449,ROMNEHY,I’d be happy to have you take a look.,IAFA-OF,,,,IAFA-OF,,,,IAFA-OF,,,
450,ROMNEHY,Come on our website.,IAFA,,,,IAFA,,,,IAFA,,,
451,ROMNEHY,You look at how we get to a balanced budget within eight to 10 years.,S,,IP,,S,,IP,,S,,IP,
452,ROMNEHY,We do it by getting — by reducing spending in a whole series of programs.,S,,,,S,,,,S,,,
453,ROMNEHY,"By the way, number one I get rid of is Obamacare.",S,,IT; IP,,S,,IT; IP,,S,,IT; IP,
454,ROMNEHY,"There are a number of things that sound good, but frankly, we just can’t afford them.",S,,IP,,S,,IP,,S,,IP,
455,ROMNEHY,And that one doesn’t sound good and it’s not affordable.,S,,,,S,,,,S,,,
456,ROMNEHY,So I’d get rid of that one from day one.,S,,IT,,S,,IT,,S,,IT,
457,ROMNEHY,"To the extent humanly possible, we get that out.",S,,,,S,,,,S,,,
458,ROMNEHY,"We take program after program that we don’t absolutely have to have, and we get rid of them.",S,,IP,,S,,IP,,S,,IP,
459,ROMNEHY,"Number two, we take some programs that we are doing to keep, like Medicaid, which is a program for the poor; we’ll take that healthcare program for the poor and we give it to the states to run because states run these programs more efficiently.",S; S-Inform,,IT,,S; S-Inform,,IT,,S; S-Inform,,IT,
460,ROMNEHY,"As a governor, I thought please, give me this program.",S; HS,,IT,,S; HS,,IT,,S; HS,,IT,
461,ROMNEHY,"I can run this more efficiently than the federal government and states, by the way, are proving it.",S,,IT; IP,,S,,IT; IP,,S,,IT; IP,
462,ROMNEHY,"States like Arizona, Rhode Island have taken these — these Medicaid dollars; have shown they can run these programs more cost-effectively.",S-Inform,,SE,,S-Inform,,SE,,S-Inform,,SE,
463,ROMNEHY,I want to do those two things and get this — get this to a balanced budget with eight — eight to 10 years.,S,,IP,,S,,IP,,S,,IP,
464,ROMNEHY,"But the military — let’s get back to the military, though.",TT; MS,,DF,,TT; MS,,DF,,TT; MS,,DF,
465,ROMNEHY,SCHIEFFER: That’s what I’m trying…,MS,,,,MS,,,,MS,,,
466,OBAMA,He should have answered the first question.,S; CH,,REB,,S; CH,,REB,,S; CH,,REB,
467,OBAMA,"Look, Governor Romney’s called for $5 trillion of tax cuts that he says he’s going to pay for by closing deductions.",S-Inform; CH,,ATTR; REB,,S-Inform; CH,,ATTR; REB,,S-Inform; CH,,ATTR; REB,
468,OBAMA,"Now, the math doesn’t work, but he continues to claim that he’s going to do it.",S; CH,,ATTR; REB,,S; CH,,ATTR; REB,,S; CH,,ATTR; REB,
469,OBAMA,He then wants to spend another $2 trillion on military spending that our military is not asking for.,S-Inform; CH,,ATTR; REB,,S-Inform; CH,,ATTR; REB,,S-Inform; CH,,ATTR; REB,
470,OBAMA,"Now, keep in mind that our military spending has gone up every single year that I’ve been in office.",S; IAFA,,IT; SE,,S; IAFA,,IT; SE,,S; IAFA,,IT; SE,
471,OBAMA,"We spend more on our military than the next 10 countries combined; China, Russia, France, the United Kingdom, you name it.",S-Inform,,SE,,S-Inform,,SE,,S-Inform,,SE,
472,OBAMA,The next 10.,S,,,,S,,,,S,,,
473,OBAMA,"And what I did was work with our joint chiefs of staff to think about, what are we going to need in the future to make sure that we are safe?",S; HS,,IT,,S; HS,,IT,,S; HS,,IT,
474,OBAMA,And that’s the budget that we’ve put forward.,S,,IT,,S,,IT,,S,,IT,
475,OBAMA,"But, what you can’t do is spend $2 trillion in additional military spending that the military is not asking for, $5 trillion on tax cuts.",S; CH,,REB; SE,,S; CH,,REB; SE,,S; CH,,REB; SE,
476,OBAMA,"You say that you’re going to pay for it by closing loopholes and deductions, without naming what those loopholes and deductions are.",S; CH,,ATTR; REB,,S; CH,,ATTR; REB,,S; CH,,ATTR; REB,
477,OBAMA,And then somehow you’re also going to deal with the deficit that we’ve already got.,S; CH,,REB,,S; CH,,REB,,S; CH,,REB,
478,OBAMA,The math simply doesn’t work.,S; CH,,REB,,S; CH,,REB,,S; CH,,REB,
479,OBAMA,"But when it comes to our military, what we have to think about is not, you know just budgets, we’ve got to think about capabilities.",S,,IP,,S,,IP,,S,,IP,
480,OBAMA,We need to be thinking about cyber security.,S,,,,S,,,,S,,,
481,OBAMA,We need to be talking about space.,S,,,,S,,,,S,,,
482,OBAMA,"That’s exactly what our budget does, but it’s driven by strategy.",S; IAFA,,IT,,S; IAFA,,IT,,S; IAFA,,IT,
483,OBAMA,It’s not driven by politics.,S,,,,S,,,,S,,,
484,OBAMA,"It’s not driven by members of Congress, and what they would like to see.",S,,,,S,,,,S,,,
485,OBAMA,"It’s driven by, what are we going to need to keep the American people safe?",S,,,,S,,,,S,,,
486,OBAMA,"That’s exactly what our budget does, and it also then allows us to reduce our deficit, which is a significant national security concern.",S; S-Inform,,AF; IT,,S; S-Inform,,AF; IT,,S; S-Inform,,AF; IT,
487,OBAMA,Because we’ve got to make sure that our economy is strong at home so that we can project military power overseas.,S; EXPL,,UF,,S; EXPL,,UF,,S; EXPL,,UF,
488,ROMNEY,I’m pleased that I’ve balanced budgets.,S,,IT,,S,,IT,,S,,IT,
489,ROMNEY,I was on the world of business for 25 years.,S; S-Inform; HS,,IT,,S; S-Inform; HS,,IT,,S; S-Inform; HS,,IT,
490,ROMNEY,"If you didn’t balance your budget, you went out of business.",S,,CB,,S,,CB,,S,,CB,
491,ROMNEY,"I went into the Olympics that was out of balance, and we got it on balance, and made a success there.",S; HS,,IT,,S; HS,,IT,,S; HS,,IT,
492,ROMNEY,I had the chance to be governor of a state.,S; HS,,IT,,S; HS,,IT,,S; HS,,IT,
493,ROMNEY,"Four years in a row, Democrats and Republicans came together to balance the budget.",S-Inform; HS,,IT,,S-Inform; HS,,IT,,S-Inform; HS,,IT,
494,ROMNEY,We cut taxes 19 times and balanced our budget.,S-Inform,,IT; SE,,S-Inform,,IT; SE,,S-Inform,,IT; SE,
495,ROMNEY,The president hasn’t balanced a budget yet.,S; CH,,ATTR; REB,,S; CH,,ATTR; REB,,S; CH,,ATTR; REB,
496,ROMNEY,I expect to have the opportunity to do so myself.,S,,IT,,S,,IT,,S,,IT,
497,SCHIEFFER,All right.,ACK,,,,ACK,,,,ACK,,,
498,ROMNEY,I’m going to be able to balance the budget.,S,,IT,,S,,IT,,S,,IT,
499,ROMNEY,"Let’s talk about military spending, and that’s this.",TT; MS,,,,TT; MS,,,,TT; MS,,,
500,SCHIEFFER,Thirty seconds.,S,,,,S,,,,S,,,
501,ROMNEY,"Our Navy is old — excuse me, our Navy is smaller now than at any time since 1917.",S-Inform; CORR; HS,,SE,,S-Inform; CORR; HS,,SE,,S-Inform; CORR; HS,,SE,
502,ROMNEY,The Navy said they needed 313 ships to carry out their mission.,S-Inform,,SE,,S-Inform,,SE,,S-Inform,,SE,
503,ROMNEY,We’re now at under 285.,S-Inform,,SE,,S-Inform,,SE,,S-Inform,,SE,
504,ROMNEY,We’re headed down to the low 200s if we go through a sequestration.,S-Inform,,AF,,S-Inform,,AF,,S-Inform,,AF,
505,ROMNEY,That’s unacceptable to me.,S,,IP,,S,,IP,,S,,IP,
506,ROMNEY,I want to make sure that we have the ships that are required by our Navy.,S,,IP,,S,,IP,,S,,IP,
507,ROMNEY,Our Air Force is older and smaller than at any time since it was founded in 1947.,S-Inform; HS,,SE,,S-Inform; HS,,SE,,S-Inform; HS,,SE,
508,ROMNEY,We’ve changed for the first time since FDR — since FDR we had the — we’ve always had the strategy of saying we could fight in two conflicts at once.,S-Inform; HS,,SE,,S-Inform; HS,,SE,,S-Inform; HS,,SE,
509,ROMNEY,Now we’re changing to one conflict.,S,,AF,,S,,AF,,S,,AF,
510,ROMNEY,"Look, this, in my view, is the highest responsibility of the President of the United States, which is to maintain the safety of the American people.",S; IAFA,,IP,,S; IAFA,,IP,,S; IAFA,,IP,
511,ROMNEY,"And I will not cut our military budget by a trillion dollars, which is a combination of the budget cuts the president has, as well as the sequestration cuts.",S-Inform,,IP; REB,,S-Inform,,IP; REB,,S-Inform,,IP; REB,
512,ROMNEY,"That, in my view, is making — is making our future less certain and less secure.",S,,AF; IP; REB,,S,,AF; IP; REB,,S,,AF; IP; REB,
513,OBAMA,"Bob, I just need to comment on this.",TT,,,,TT,,,,TT,,,
514,OBAMA,"First of all, the sequester is not something that I’ve proposed.",S; CH,,REB,,S; CH,,REB,,S; CH,,REB,
515,OBAMA,It is something that Congress has proposed.,S,,ATTR; REB,,S,,ATTR; REB,,S,,ATTR; REB,
516,OBAMA,It will not happen.,S,,,,S,,,,S,,,
517,OBAMA,The budget that we are talking about is not reducing our military spending.,S; CH,,REB,,S; CH,,REB,,S; CH,,REB,
518,OBAMA,It is maintaining it.,S,,,,S,,,,S,,,
519,OBAMA,But I think Governor Romney maybe hasn’t spent enough time looking at how our military works.,S; CH,,PER; AEX; REB,,S; CH,,PER; AEX; REB,,S; CH,,PER; AEX; REB,
520,OBAMA,"You mentioned the Navy, for example, and that we have fewer ships than we did in 1916.",S; HS,,REB; SE,,S; HS,,REB; SE,,S; HS,,REB; SE,
521,OBAMA,"Well, Governor, we also have fewer horses and bayonets, because the nature of our military’s changed.",S; CH,,PER; AEX; REB,,S; CH,,PER; AEX; REB,,S; CH,,PER; AEX; REB,
522,OBAMA,"We have these things called aircraft carriers, where planes land on them.",S-Inform,,REB,,S-Inform,,REB,,S-Inform,,REB,
523,OBAMA,"We have these ships that go underwater, nuclear submarines.",S-Inform,,REB,,S-Inform,,REB,,S-Inform,,REB,
524,OBAMA,"And so the question is not a game of Battleship, where we’re counting slips.",S,,REB; CB,,S,,REB; CB,,S,,REB; CB,
525,OBAMA,It’s what are our capabilities.,S,,,,S,,,,S,,,
526,OBAMA,"And so when I sit down with the Secretary of the Navy and the Joint Chiefs of Staff, we determine how are we going to be best able to meet all of our defense needs in a way that also keeps faith with our troops, that also makes sure that our veterans have the kind of support that they need when they come home.",S,,IT,,S,,IT,,S,,IT,
527,OBAMA,And that is not reflected in the kind of budget that you’re putting forward because it just doesn’t work.,S; CH,,ATTR; REB,,S; CH,,ATTR; REB,,S; CH,,ATTR; REB,
528,SCHIEFFER,All right.,ACK,,,,ACK,,,,ACK,,,
529,OBAMA,"And, you know, we visited the website quite a bit and it still doesn’t work.",S,,REB,,S,,REB,,S,,REB,
530,SCHIEFFER,A lot to cover.,S,,,,S,,,,S,,,
531,SCHIEFFER,"I’d like — I’d like to move to the next segment: red lines, Israel and Iran.",TT; MS,,,,TT; MS,,,,TT; MS,,,
532,SCHIEFFER,"Would either of you — and you’ll have two minutes — and, President Obama, you have the first go at this one — would either of you be willing to declare that an attack on Israel is an attack on the United States, which, of course, is the same promise that we give to our close allies like Japan.",YNQ; OQ,,,,YNQ; OQ,,,,YNQ; OQ,,,
533,SCHIEFFER,"And if you made such a declaration, would not that deter Iran?",YNQ; Q-RHET,,CB,,YNQ; Q-RHET,,CB,,YNQ; Q-RHET,,CB,
534,SCHIEFFER,"It’s certainly deterred the Soviet Union for a long, long time when we made that — we made — we made that promise to our allies.",S-Inform; HS,,SE,,S-Inform; HS,,SE,,S-Inform; HS,,SE,
535,SCHIEFFER,Mr.,TG,,,,TG,,,,TG,,,
536,SCHIEFFER,President?,TG,,,,TG,,,,TG,,,
537,OBAMA,"First of all, Israel is a true friend.",S,,,,S,,,,S,,,
538,OBAMA,It is our greatest ally in the region.,S,,,,S,,,,S,,,
539,OBAMA,"And if Israel is attacked, America will stand with Israel.",S,,UF,,S,,UF,,S,,UF,
540,OBAMA,I’ve made that clear throughout my presidency.,S,,IP,,S,,IP,,S,,IP,
541,OBAMA,And…,TT,,,,TT,,,,TT,,,
542,SCHIEFFER,So you’re — you’re saying we’ve already made that declaration.,YNQ; CH,,REB,,YNQ; CH,,REB,,YNQ; CH,,REB,
543,OBAMA,I will stand with Israel if they are attacked.,S,,APAT; IP,,S,,APAT; IP,,S,,APAT; IP,
544,OBAMA,"And this is the reason why, working with Israel, we have created the strongest military and intelligence cooperation between our two countries in history.",S-Inform,,IT,,S-Inform,,IT,,S-Inform,,IT,
545,OBAMA,"In fact, this week we’ll be carrying out the largest military exercise with Israel in history, this very week.",S-Inform,,IT,,S-Inform,,IT,,S-Inform,,IT,
546,OBAMA,"But to the issue of Iran, as long as I’m president of the United States Iran will not get a nuclear weapon.",S,,AF; IP,,S,,AF; IP,,S,,AF; IP,
547,OBAMA,I made that clear when I came into office.,S,,IT,,S,,IT,,S,,IT,
548,OBAMA,"We then organized the strongest coalition and the strongest sanctions against Iran in history, and it is crippling their economy.",S-Inform,,IT; SE,,S-Inform,,IT; SE,,S-Inform,,IT; SE,
549,OBAMA,Their currency has dropped 80 percent.,S-Inform,,SE,,S-Inform,,SE,,S-Inform,,SE,
550,OBAMA,Their oil production has plunged to the lowest level since they were fighting a war with Iraq 20 years ago.,S-Inform; HS,,SE,,S-Inform; HS,,SE,,S-Inform; HS,,SE,
551,OBAMA,So their economy is in a shambles.,S,,,,S,,,,S,,,
552,OBAMA,"And the reason we did this is because a nuclear Iran is a threat to our national security, and it is a threat to Israel’s national security.",S; EXPL; INT,,AF; IT,,S; EXPL; INT,,AF; IT,,S; EXPL; INT,,AF; IT,
553,OBAMA,We cannot afford to have a nuclear arms race in the most volatile region of the world.,S,,AF,,S,,AF,,S,,AF,
554,OBAMA,Iran is a state sponsor of terrorism.,S,,,,S,,,,S,,,
555,OBAMA,"And for them to be able to provide nuclear technology to non-state actors, that’s unacceptable.",S,,AF,,S,,AF,,S,,AF,
556,OBAMA,And they have said that they want to see Israel wiped off the map.,S,,AF,,S,,AF,,S,,AF,
557,OBAMA,So the work that we’ve done with respect to sanctions now offers Iran a choice.,S,,IT,,S,,IT,,S,,IT,
558,OBAMA,"They can take the diplomatic route and end their nuclear program or they will have to face a united world and a United States president, me, who said we’re not going to take any options off the table.",S,,IT,,S,,IT,,S,,IT,
559,OBAMA,"The disagreement I have with Governor Romney is that, during the course of this campaign, he’s often talked as if we should take premature military action.",S; DIS; CH,,ATTR; REB,,S; DIS; CH,,ATTR; REB,,S; DIS; CH,,ATTR; REB,
560,OBAMA,"I think that would be a mistake, because when I’ve sent young men and women into harm’s way, I always understand that that is the last resort, not the first resort.",S; EXPL,,IP,,S; EXPL,,IP,,S; EXPL,,IP,
561,SCHIEFFER,Two minutes.,S,,,,S,,,,S,,,
562,ROMNEY,"Well, first of all, I want to underscore the same point the president mad,e which is that if I’m President of the United States, when I’m President of the United States, we will stand with Israel.",S; AGR,,IP,,S; AGR,,IP,,S; AGR,,IP,
563,ROMNEY,"And if Israel is attacked, we have their back, not just diplomatically, not just culturally, but militarily.",S,,,,S,,,,S,,,
564,ROMNEY,That’s number one.,S,,,,S,,,,S,,,
565,ROMNEY,"Number two, with regards to Iran and the threat of Iran, there’s no question but that a nuclear Iran, a nuclear-capable Iran is unacceptable to America.",S,,AF,,S,,AF,,S,,AF,
566,ROMNEY,"It presents a threat not only to our friends but ultimately a threat to us to have Iran have nuclear material, nuclear weapons that could be used against us or used to be threatening to us.",S,,AF,,S,,AF,,S,,AF,
567,ROMNEY,"It is also essential for us to understand what our mission is in Iran, and that is to dissuade Iran from having a nuclear weapon through peaceful and diplomatic means.",S,,IP,,S,,IP,,S,,IP,
568,ROMNEY,"And crippling sanctions are something I called for five years ago, when I was in Israel, speaking at the Herzliya Conference.",S-Inform; HS,,IT,,S-Inform; HS,,IT,,S-Inform; HS,,IT,
569,ROMNEY,"I laid out seven steps, crippling sanctions were number one.",S-Inform,,IT,,S-Inform,,IT,,S-Inform,,IT,
570,ROMNEY,And they do work.,S,,,,S,,,,S,,,
571,ROMNEY,You’re seeing it right now in the economy.,S,,,,S,,,,S,,,
572,ROMNEY,"It’s absolutely the right thing to do, to have crippling sanctions.",S,,IP,,S,,IP,,S,,IP,
573,ROMNEY,I would have put them in place earlier.,S,,IP,,S,,IP,,S,,IP,
574,ROMNEY,But it’s good that we have them.,S,,IP,,S,,IP,,S,,IP,
575,ROMNEY,"Number two, something I would add today is I would tighten those sanctions.",S,,IP,,S,,IP,,S,,IP,
576,ROMNEY,"I would say that ships that carry Iranian oil, can’t come into our ports.",S,,IP,,S,,IP,,S,,IP,
577,ROMNEY,I imagine the E.,S,,,,S,,,,S,,,
578,ROMNEY,would agree with us as well.,S,,,,S,,,,S,,,
579,ROMNEY,"Not only ships couldn’t, but I’d say companies that are moving their oil can’t, people who are trading in their oil can’t.",S,,IP,,S,,IP,,S,,IP,
580,ROMNEY,I would tighten those sanctions further.,S,,IP,,S,,IP,,S,,IP,
581,ROMNEY,"Secondly, I’d take on diplomatic isolation efforts.",S,,IP,,S,,IP,,S,,IP,
582,ROMNEY,I’d make sure that Ahmadinejad is indicted under the Genocide Convention.,S,,IP,,S,,IP,,S,,IP,
583,ROMNEY,His words amount to genocide incitation.,S,,AF,,S,,AF,,S,,AF,
584,ROMNEY,I would indict him for it.,S,,IP,,S,,IP,,S,,IP,
585,ROMNEY,I would also make sure that their diplomats are treated like the pariah they are around the world.,S,,IP,,S,,IP,,S,,IP,
586,ROMNEY,The same way we treated the apartheid diplomats of South Africa.,S; HS,,,,S; HS,,,,S; HS,,,
587,ROMNEY,"We need to increase pressure time, and time again on Iran because anything other than a — a — a solution to this, which says — which stops this — this nuclear folly of theirs, is unacceptable to America.",S,,AF; AP,,S,,AF; AP,,S,,AF; AP,
588,ROMNEY,"And of course, a military action is the last resort.",S,,,,S,,,,S,,,
589,ROMNEY,It is something one would only – only consider if all of the other avenues had been — had been tried to their full extent.,S,,,,S,,,,S,,,
590,SCHIEFFER,"Let me ask both of you, there — as you know, there are reports that Iran and the United States a part of an international group, have agreed in principle to talks about Iran’s nuclear program.",S-Inform; TT,,,,S-Inform; TT,,,,S-Inform; TT,,,
591,SCHIEFFER,"What is the deal, if there are such talks?",Q-W; OQ,,,,Q-W; OQ,,,,Q-W; OQ,,,
592,SCHIEFFER,"What is the deal that you would accept, Mr.",Q-W; OQ,,,,Q-W; OQ,,,,Q-W; OQ,,,
593,SCHIEFFER,President?,Q-W,,,,Q-W,,,,Q-W,,,
594,OBAMA,"Well, first of all those are reports in the newspaper.",S; CH,,REB,,S; CH,,REB,,S; CH,,REB,
595,OBAMA,They are not true.,REJ; CH,,REB,,REJ; CH,,REB,,REJ; CH,,REB,
596,OBAMA,But our goal is to get Iran to recognize it needs to give up its nuclear program and abide by the U.,S,,IP,,S,,IP,,S,,IP,
597,OBAMA,resolutions that have been in place.,S,,,,S,,,,S,,,
598,OBAMA,"Because they have the opportunity to reenter the community of nations, and we would welcome that.",S; EXPL,,UF,,S; EXPL,,UF,,S; EXPL,,UF,
599,OBAMA,There — there are people in Iran who have the same aspirations as people all around the world for a better life.,S,,AE; UF,,S,,AE; UF,,S,,AE; UF,
600,OBAMA,"And we hope that their leadership takes the right decision, but the deal we’ll accept is they end their nuclear program.",S,,IP,,S,,IP,,S,,IP,
601,OBAMA,It’s very straightforward.,S,,,,S,,,,S,,,
602,OBAMA,And I’m glad that Governor Romney agrees with the steps that we’re taking.,S,,,,S,,,,S,,,
603,OBAMA,"You know, there have been times, Governor, frankly, during the course of this campaign, where it sounded like you thought that you’d do the same things we did, but you’d say them louder and somehow that — that would make a difference.",S; CH,,PER; REB,,S; CH,,PER; REB,,S; CH,,PER; REB,
604,OBAMA,And it turns out that the work involved in setting up these crippling sanctions is painstaking.,S; EXPL,,IT,,S; EXPL,,IT,,S; EXPL,,IT,
605,OBAMA,It’s meticulous.,S,,,,S,,,,S,,,
606,OBAMA,We started from the day we got into office.,S; INT,,IT,,S; INT,,IT,,S; INT,,IT,
607,OBAMA,"And the reason is was so important — and this is a testament to how we’ve restored American credibility and strength around the world — is we had to make sure that all the countries participated, even countries like Russia and China.",S; EXPL,,AP; IT,,S; EXPL,,AP; IT,,S; EXPL,,AP; IT,
608,OBAMA,Because if it’s just us that are imposing sanctions — we’ve had sanctions in place a long time.,S; EXPL,,,,S; EXPL,,,,S; EXPL,,,
609,OBAMA,It’s because we got everybody to agree that Iran is seeing so much pressure.,S; EXPL,,IT,,S; EXPL,,IT,,S; EXPL,,IT,
610,OBAMA,And we’ve got to maintain that pressure.,S,,,,S,,,,S,,,
611,OBAMA,"There is a deal to be had, and that is that they abide by the rules that have already been established.",S,,,,S,,,,S,,,
612,OBAMA,They convince the international community they are not pursuing a nuclear program.,S,,,,S,,,,S,,,
613,OBAMA,There are inspections that are very intrusive.,S,,,,S,,,,S,,,
614,OBAMA,"But over time, what they can do is regain credibility.",S,,,,S,,,,S,,,
615,OBAMA,"In the meantime, though, we’re not going to let up the pressure until we have clear evidence that that takes place.",S,,,,S,,,,S,,,
616,OBAMA,And one last thing — just — just to make this point.,TT,,,,TT,,,,TT,,,
617,OBAMA,The clock is ticking.,S,,AF,,S,,AF,,S,,AF,
618,OBAMA,We’re not going to allow Iran to perpetually engage in negotiations that lead nowhere.,S,,,,S,,,,S,,,
619,OBAMA,And I’ve been very clear to them.,S,,IT,,S,,IT,,S,,IT,
620,OBAMA,"You know, because of the intelligence coordination that we do with a range of countries, including Israel, we have a sense of when they would get breakout capacity, which means that we would not be able to intervene in time to stop their nuclear program.",S-Inform; EXPL,,IT,,S-Inform; EXPL,,IT,,S-Inform; EXPL,,IT,
621,OBAMA,And that clock is ticking.,S,,AF,,S,,AF,,S,,AF,
622,OBAMA,"And we’re going to make sure that if they do not meet the demands of the international community, then we are going to take all options necessary to make sure they don’t have a nuclear weapon.",S,,AF; IT,,S,,AF; IT,,S,,AF; IT,
623,SCHIEFFER,Governor?,TG,,,,TG,,,,TG,,,
624,ROMNEY,"I think from the very beginning, one of the challenges we’ve had with Iran is that they have looked at this administration, and felt that the administration was not as strong as it needed to be.",S; REJ; INT,,,,S; REJ; INT,,,,S; REJ; INT,,,
625,ROMNEY,I think they saw weakness where they had expected to find American strength.,S; INT,,,,S; INT,,,,S; INT,,,
626,ROMNEY,"And I say that because from the very beginning, the president in his campaign four years ago, said he would meet with all the world’s worst actors in his first year, he’d sit down with Chavez and Kim Jong-il, with Castro and President Ahmadinejad of Iran.",S-Inform; EXPL,,ATTR; REB,,S-Inform; EXPL,,ATTR; REB,,S-Inform; EXPL,,ATTR; REB,
627,ROMNEY,"And I think they looked and thought, well, that’s an unusual honor to receive from the President of the United States.",S,,PER; REB,,S,,PER; REB,,S,,PER; REB,
628,ROMNEY,"And then the president began what I have called an apology tour, of going to various nations in the Middle East and criticizing America.",S,,PER; ATTR; REB,,S,,PER; ATTR; REB,,S,,PER; ATTR; REB,
629,ROMNEY,I think they looked at that and saw weakness.,S,,ATTR; REB,,S,,ATTR; REB,,S,,ATTR; REB,
630,ROMNEY,"Then when there were dissidents in the streets of Tehran, a Green Revolution, holding signs saying, is America with us, the president was silent.",S; HS,,ATTR; SE,,S; HS,,ATTR; SE,,S; HS,,ATTR; SE,
631,ROMNEY,I think they noticed that as well.,S; INT,,,,S; INT,,,,S; INT,,,
632,ROMNEY,"And I think that when the president said he was going to create daylight between ourselves and Israel, that they noticed that as well.",S,,IP; ATTR,,S,,IP; ATTR,,S,,IP; ATTR,
633,ROMNEY,"All of these things suggested, I think, to the Iranian mullahs that, hey, you know, we can keep on pushing along here, we can keep talks going on, we’re just going to keep on spinning centrifuges.",S,,AF; IP,,S,,AF; IP,,S,,AF; IP,
634,ROMNEY,"Now there are some 10,000 centrifuges spinning uranium, preparing to create a nuclear threat to the United States and to the world.",S-Inform,,AF,,S-Inform,,AF,,S-Inform,,AF,
635,ROMNEY,"That’s unacceptable for us, and it’s essential for a president to show strength from the very beginning, to make it very clear what is acceptable and not acceptable.",S,,IP,,S,,IP,,S,,IP,
636,ROMNEY,And an Iranian nuclear program is not acceptable to us.,S,,AF,,S,,AF,,S,,AF,
637,ROMNEY,They must not develop nuclear capability.,S,,AF,,S,,AF,,S,,AF,
638,ROMNEY,"And the way to make sure they understand that is by having, from the very beginning, the tightest sanctions possible.",S,,,,S,,,,S,,,
639,ROMNEY,They need to be tightened.,S,,,,S,,,,S,,,
640,ROMNEY,Our diplomatic isolation needs to be tougher.,S,,IP,,S,,IP,,S,,IP,
641,ROMNEY,We need to indict Ahmadinejad.,S,,IP,,S,,IP,,S,,IP,
642,ROMNEY,"We need to put the pressure on them as hard as we possibly can, because if we do that, we won’t have to take the military action.",S,,AF; CB,,S,,AF; CB,,S,,AF; CB,
643,OBAMA,"Bob, let me just respond.",TT,,,,TT,,,,TT,,,
644,OBAMA,"Nothing Governor Romney just said is true, starting with this notion of me apologizing.",S; REJ; CH,,PER; REB,,S; REJ; CH,,PER; REB,,S; REJ; CH,,PER; REB,
645,OBAMA,This has been probably the biggest whopper that’s been told during the course of this campaign.,S; CH,,PER; REB,,S; CH,,PER; REB,,S; CH,,PER; REB,
646,OBAMA,"And every fact checker and every reporter who’s looked at it, Governor, has said this is not true.",S; CH,,REB; SE,,S; CH,,REB; SE,,S; CH,,REB; SE,
647,OBAMA,"And when it comes to tightening sanctions, look, as I said before, we’ve put in the toughest, most crippling sanctions ever.",S-Inform,,IT,,S-Inform,,IT,,S-Inform,,IT,
648,OBAMA,"And the fact is, while we were coordinating an international coalition to make sure these sanctions were effective, you were still invested in a Chinese state oil company that was doing business with the Iranian oil sector.",S; CH,,PER; ATTR; REB,,S; CH,,PER; ATTR; REB,,S; CH,,PER; ATTR; REB,
649,OBAMA,"So I’ll let the American people decide, judge, who’s going to be more effective and more credible when it comes to imposing crippling sanctions.",S,,AE,,S,,AE,,S,,AE,
650,OBAMA,"And with respect to our attitude about the Iranian revolution, I was very clear about the murderous activities that had taken place and that was contrary to international law and everything that civilized people stand for.",S; IAFA,,IT; IP,,S; IAFA,,IT; IP,,S; IAFA,,IT; IP,
651,OBAMA,And — and so the strength that we have shown in Iran is shown by the fact that we’ve been able to mobilize the world.,S,,IT,,S,,IT,,S,,IT,
652,OBAMA,"When I came into office, the world was divided.",S; HS,,,,S; HS,,,,S; HS,,,
653,OBAMA,Iran was resurgent.,S,,,,S,,,,S,,,
654,OBAMA,"Iran is at its weakest point, economically, strategically, militarily, then since — then in many years.",S-Inform,,IT; SE,,S-Inform,,IT; SE,,S-Inform,,IT; SE,
655,OBAMA,And we are going to continue to keep the pressure on to make sure that they do not get a nuclear weapon.,S,,IT,,S,,IT,,S,,IT,
656,OBAMA,That’s in America’s national interest and that will be the case so long as I’m president.,S,,AP; IT,,S,,AP; IT,,S,,AP; IT,
657,ROMNEY,We’re four years closer to a nuclear Iran.,S; CH,,AF; ATTR; REB,,S; CH,,AF; ATTR; REB,,S; CH,,AF; ATTR; REB,
658,ROMNEY,We’re four years closer to a nuclear Iran.,S; CH,,AF; ATTR; REB,,S; CH,,AF; ATTR; REB,,S; CH,,AF; ATTR; REB,
659,ROMNEY,And — and — we should not have wasted these four years to the extent they — they continue to be able to spin these centrifuges and get that much closer.,S; CH,,ATTR; REB,,S; CH,,ATTR; REB,,S; CH,,ATTR; REB,
660,ROMNEY,That’s number one.,S,,,,S,,,,S,,,
661,ROMNEY,"Number two, Mr.",S,,,,S,,,,S,,,
662,ROMNEY,"President, the reason I call it an apology tour is because you went to the Middle East and you flew to Egypt and to Saudi Arabia and to Turkey and Iraq.",S; EXPL,,ATTR; REB,,S; EXPL,,ATTR; REB,,S; EXPL,,ATTR; REB,
663,ROMNEY,"And by the way, you skipped Israel, our closest friend in the region, but you went to the other nations.",S; CH,,ATTR; REB,,S; CH,,ATTR; REB,,S; CH,,ATTR; REB,
664,ROMNEY,"And by the way, they noticed that you skipped Israel.",S,,ATTR; REB,,S,,ATTR; REB,,S,,ATTR; REB,
665,ROMNEY,"And then in those nations, and on Arabic TV, you said that America had been dismissive and derisive.",S; CH,,ATTR; REB,,S; CH,,ATTR; REB,,S; CH,,ATTR; REB,
666,ROMNEY,You said that on occasion America had dictated to other nations.,S; CH,,ATTR; REB,,S; CH,,ATTR; REB,,S; CH,,ATTR; REB,
667,ROMNEY,Mr.,S,,,,S,,,,S,,,
668,ROMNEY,"President, America has not dictated to other nations.",S; DIS,,AP; REB,,S; DIS,,AP; REB,,S; DIS,,AP; REB,
669,ROMNEY,We have freed other nations from dictators.,S,,AP; APAT,,S,,AP; APAT,,S,,AP; APAT,
670,OBAMA,"Bob, let me — let me respond.",TT,,,,TT,,,,TT,,,
671,OBAMA,"If we’re going to talk about trips that we’ve taken — when I was a candidate for office, first trip I took was to visit our troops.",S; HS,,IT,,S; HS,,IT,,S; HS,,IT,
672,OBAMA,"And when I went to Israel as a candidate, I didn’t take donors.",S; HS,,IT,,S; HS,,IT,,S; HS,,IT,
673,OBAMA,I didn’t attend fundraisers.,S,,IT,,S,,IT,,S,,IT,
674,OBAMA,"I went to Yad Beshef , the Holocaust museum there, to remind myself the nature of evil and why our bond with Israel will be unbreakable.",S; HS,,AE; APAT; IT,,S; HS,,AE; APAT; IT,,S; HS,,AE; APAT; IT,
675,OBAMA,"And then I went down to the border towns of Storok , which had experienced missiles raining dowm from Hamas.",S; HS,,AF,,S; HS,,AF,,S; HS,,AF,
676,OBAMA,And I saw families there who showed me there where missiles had come down near their children’s bedrooms.,S,,AF; AE,,S,,AF; AE,,S,,AF; AE,
677,OBAMA,And I was reminded of what that would mean if those were my kids.,S,,AE,,S,,AE,,S,,AE,
678,OBAMA,"Which is why as president, we funded an Iron Dome program to stop those missiles.",S; EXPL,,IT,,S; EXPL,,IT,,S; EXPL,,IT,
679,OBAMA,"So that’s how I’ve used my travels, when I travel to Israel and when I travel to the region.",S,,IT,,S,,IT,,S,,IT,
680,OBAMA,And the — the central question at this point is going to be: Who is going to be credible to all parties involved?,S,,IP,,S,,IP,,S,,IP,
681,OBAMA,"And they can look at my track record, whether it’s Iran sanctions, whether it’s dealing with counterterrorism, whether it’s supporting democracy, whether it’s supporting women’s rights, whether it’s supporting religious minorities.",S,,IT; SE,,S,,IT; SE,,S,,IT; SE,
682,OBAMA,And they can say that the President of the United States and the United States of America has stood on the right side of history.,S,,AP; IT,,S,,AP; IT,,S,,AP; IT,
683,OBAMA,And that kind of credibility is precisely why we’ve been able to show leadership on a wide range of issues facing the world right now.,S,,IT,,S,,IT,,S,,IT,
684,SCHIEFFER,"What if — what if the prime minister of Israel called you on the phone and said, “Our bombers are on the way.",Q-W; YNQ,,AF; CB,,Q-W; YNQ,,AF; CB,,Q-W; YNQ,,AF; CB,
685,SCHIEFFER,We’re going to bomb Iran.,S,,AF,,S,,AF,,S,,AF,
686,SCHIEFFER,” What do you —,Q-W; TG,,,,Q-W; TG,,,,Q-W; TG,,,
687,ROMNEY,"Bob, let’s not go into hypotheticals of that nature.",IAFA; DIS,,DF; CB; IA,,IAFA; DIS,,DF; CB; IA,,IAFA; DIS,,DF; CB; IA,
688,ROMNEY,"Our relationship with Israel, my relationship with the prime minister of Israel is such that we would not get a call saying our bombers are on the way, or their fighters are on the way.",S,,IT; IP,,S,,IT; IP,,S,,IT; IP,
689,ROMNEY,This is the kind of thing that would have been discussed and thoroughly evaluated well before that kind of —,S,,IT,,S,,IT,,S,,IT,
690,SCHIEFFER,So you’d say it just wouldn’t happen?,YNQ,,REB,,YNQ,,REB,,YNQ,,REB,
691,SCHIEFFER,That’s —,S,,,,S,,,,S,,,
692,SCHIEFFER,OK.,ACK,,,,ACK,,,,ACK,,,
693,SCHIEFFER,Let’s see what —,TT,,,,TT,,,,TT,,,
694,ROMNEY,But let me — let me come back — we can come back.,TT; MS,,,,TT; MS,,,,TT; MS,,,
695,ROMNEY,"Let’s come back to what the president was speaking about, which is what’s happening in the world and the president’s statement that things are going so well.",S; MS,,REB,,S; MS,,REB,,S; MS,,REB,
696,ROMNEY,"Look, I look at what’s happening around the world, and i see Iran four years closer to a bomb.",S; INT,,AF,,S; INT,,AF,,S; INT,,AF,
697,ROMNEY,"I see the Middle East with a rising tide of violence, chaos, tumult.",S,,AF; IP,,S,,AF; IP,,S,,AF; IP,
698,ROMNEY,"I see jihadists continuing to spread, whether they’re rising or just about the same level, hard to precisely measure, but it’s clear they’re there.",S,,AF; IP,,S,,AF; IP,,S,,AF; IP,
699,ROMNEY,They’re very strong.,S,,,,S,,,,S,,,
700,ROMNEY,"I see Syria with 30,000 civilians dead, Assad still in power.",S-Inform,,AF; SE,,S-Inform,,AF; SE,,S-Inform,,AF; SE,
701,ROMNEY,"I see our trade deficit with China, larger than it’s — growing larger every year, as a matter of fact.",S-Inform,,ATTR; SE,,S-Inform,,ATTR; SE,,S-Inform,,ATTR; SE,
702,ROMNEY,"I look around the world and I don’t feel that you see North Korea, continuing to export their nuclear technology, Russia said they’re not going to follow Nunn-Lugar any more.",S,,AF; IP; SE,,S,,AF; IP; SE,,S,,AF; IP; SE,
703,ROMNEY,They’re back away from a nuclear proliferation treaty that we had with them.,S,,SE,,S,,SE,,S,,SE,
704,ROMNEY,"I look around the world, I don’t see our influence growing around the world.",S,,IP; ATTR,,S,,IP; ATTR,,S,,IP; ATTR,
705,ROMNEY,"I see our influence receding, in part because of the failure of the president to deal with our economic challenges at home; in part because of our withdrawal from our commitment to our military in the way I think it ought to be; in part because of the — the — the turmoil with Israel.",S; CH,,IP; ATTR; REB; SE,,S; CH,,IP; ATTR; REB; SE,,S; CH,,IP; ATTR; REB; SE,
706,ROMNEY,"I mean, the president received a letter from 38 Democrat senators saying the tensions with Israel were a real problem.",S-Inform; CH,,ATTR; REB; SE,,S-Inform; CH,,ATTR; REB; SE,,S-Inform; CH,,ATTR; REB; SE,
707,ROMNEY,"They asked him, please repair the tension — Democrat senators — please repair the tension…",S,,REB; SE,,S,,REB; SE,,S,,REB; SE,
708,SCHIEFFER,All right.,ACK,,,,ACK,,,,ACK,,,
709,ROMNEY,… the damage in his — in his own party.,S,,ATTR; REB,,S,,ATTR; REB,,S,,ATTR; REB,
710,OBAMA,"Governor, the problem is, is that on a whole range of issues, whether it’s the Middle East, whether it’s Afghanistan, whether it’s Iraq, whether it’s now Iran, you’ve been all over the map.",S; CH,,PER; ATTR; REB,,S; CH,,PER; ATTR; REB,,S; CH,,PER; ATTR; REB,
711,OBAMA,"I mean, I’m — I’m pleased that you now are endorsing our policy of applying diplomatic pressure and potentially having bilateral discussions with the Iranians to end their nuclear program.",S; CH,,AEX; REB,,S; CH,,AEX; REB,,S; CH,,AEX; REB,
712,OBAMA,But just a few years ago you said that’s something you’d never do.,S; CH,,ATTR; REB; CB,,S; CH,,ATTR; REB; CB,,S; CH,,ATTR; REB; CB,
713,OBAMA,"In the same way that you initially opposed a timetable in Afghanistan, now you’re for it, although it depends.",S; CH,,REB; CB,,S; CH,,REB; CB,,S; CH,,REB; CB,
714,OBAMA,"In the same way that you say you would have ended the war in Iraq, but recently gave a speech saying that we should have 20,000 more folks in there.",S; CH; HS,,REB; CB,,S; CH; HS,,REB; CB,,S; CH; HS,,REB; CB,
715,OBAMA,The same way that you said that it was mission creep to go after Gadhafi.,S; CH,,REB; CB,,S; CH,,REB; CB,,S; CH,,REB; CB,
716,OBAMA,"When it comes to going after Osama bin Laden, you said, well, any president would make that call.",S; CH,,REB,,S; CH,,REB,,S; CH,,REB,
717,OBAMA,"But when you were a candidate in 2008, as I was, and I said if I got bin Laden in our sights I would take that shot, you said we shouldn’t move heaven and earth to get one man.",S; CH; HS,,ATTR; REB; SE,,S; CH; HS,,ATTR; REB; SE,,S; CH; HS,,ATTR; REB; SE,
718,OBAMA,And you said we should ask Pakistan for permission.,S; CH,,ATTR; REB,,S; CH,,ATTR; REB,,S; CH,,ATTR; REB,
719,OBAMA,"And if we had asked Pakistan permission, we would not have gotten him.",S,,IT; REB; CB,,S,,IT; REB; CB,,S,,IT; REB; CB,
720,OBAMA,And it was worth moving heaven and earth to get him.,S,,IP,,S,,IP,,S,,IP,
721,OBAMA,"You know, after we killed bin Laden I was at ground zero for a memorial and talked to a young women who was four years old when 9/11 happened.",S; HS,,AE,,S; HS,,AE,,S; HS,,AE,
722,OBAMA,"And the last conversation she had with her father was him calling from the twin towers, saying “Peyton , I love you and I will always watch over you.",S; HS,,AE,,S; HS,,AE,,S; HS,,AE,
723,OBAMA,"” And for the next decade, she was haunted by that conversation.",S,,AE,,S,,AE,,S,,AE,
724,OBAMA,"And she said to me, “You know, by finally getting bin Laden, that brought some closure to me.",S,,AE,,S,,AE,,S,,AE,
725,OBAMA,"” And when we do things like that — when we bring those who have harmed us to justice, that sends a message to the world and it tells Peyton that we did not forget her father.",S,,AE; IT,,S,,AE; IT,,S,,AE; IT,
726,OBAMA,"And I make that point because that’s the kind of clarity of leadership, and those decisions are not always popular.",S; EXPL,,IT; IP,,S; EXPL,,IT; IP,,S; EXPL,,IT; IP,
727,OBAMA,Those decisions generally — generally are not poll-tested.,S,,IT,,S,,IT,,S,,IT,
728,OBAMA,"And even some in my own party, including my current vice president, had the same critique as you did.",S,,,,S,,,,S,,,
729,OBAMA,"But what the American people understand is that I look at what we need to get done to keep the American people safe and to move our interests forward, and I make those decisions.",S,,IT; IP,,S,,IT; IP,,S,,IT; IP,
730,SCHIEFFER,"All right, let’s go.",IAFA,,,,IAFA,,,,IAFA,,,
731,SCHIEFFER,"And that leads us — this takes us right to the next segment, Governor, America’s longest war, Afghanistan and Pakistan…",MS; HS,,,,MS; HS,,,,MS; HS,,,
732,ROMNEY,Bob…,TG,,,,TG,,,,TG,,,
733,SCHIEFFER,"Governor, you get to go first.",TG,,,,TG,,,,TG,,,
734,ROMNEY,You can’t — but you can’t have the president just lay out a whole series of items without giving me a chance to respond.,S; TT,,REB,,S; TT,,REB,,S; TT,,REB,
735,SCHIEFFER,"With respect, sir, you had laid out quite a program…",S; TT,,REB,,S; TT,,REB,,S; TT,,REB,
736,ROMNEY,"Well, that’s probably true.",AGR,,,,AGR,,,,AGR,,,
737,SCHIEFFER,We’ll give you — we’ll catch up.,S,,,,S,,,,S,,,
738,SCHIEFFER,The United States is scheduled to turn over responsibility for security in Afghanistan to the Afghan government in 2014.,S-Inform; HS,,,,S-Inform; HS,,,,S-Inform; HS,,,
739,SCHIEFFER,"At that point, we will withdraw our combat troops, leave a smaller force of Americans, if I understand our policy, in Afghanistan for training purposes.",S,,,,S,,,,S,,,
740,SCHIEFFER,It seems to me the key question here is: What do you do if the deadline arrives and it is obvious the Afghans are unable to handle their security?,Q-W,,,,Q-W,,,,Q-W,,,
741,SCHIEFFER,Do we still leave?,YNQ,,,,YNQ,,,,YNQ,,,
742,SCHIEFFER,"And I believe, Governor Romney, you go first?",YNQ; TG,,,,YNQ; TG,,,,YNQ; TG,,,
743,ROMNEY,"Well, we’re going to be finished by 2014, and when I’m president, we’ll make sure we bring our troops out by the end of 2014.",S-Inform,,IT,,S-Inform,,IT,,S-Inform,,IT,
744,ROMNEY,The commanders and the generals there are on track to do so.,S,,,,S,,,,S,,,
745,ROMNEY,We’ve seen progress over the past several years.,S,,,,S,,,,S,,,
746,ROMNEY,The surge has been successful and the training program is proceeding apace.,S,,,,S,,,,S,,,
747,ROMNEY,"There are now a large number of Afghan Security Forces, 350,000 that are ready to step in to provide security and we’re going to be able to make that transition by the end of 2014.",S-Inform,,,,S-Inform,,,,S-Inform,,,
748,ROMNEY,So our troops will come home at that point.,S,,,,S,,,,S,,,
749,ROMNEY,"I can tell you at the same time, that we will make sure that we look at what’s happening in Pakistan, and recognize that what’s happening in Pakistan is going to have a major impact on the success in Afghanistan.",S,,IP,,S,,IP,,S,,IP,
750,ROMNEY,And I say that because I know a lot of people that feel like we should just brush our hands and walk away.,S; IAFA; GR; INT,,REB; IA,,S; IAFA; GR; INT,,REB; IA,,S; IAFA; GR; INT,,REB; IA,
751,ROMNEY,"And I don’t mean you, Mr.",S; CORR,,,,S; CORR,,,,S; CORR,,,
752,ROMNEY,"President, but some people in the — in our nation feel that Pakistan is being nice to us, and that we should walk away fro mthem.",S,,IP,,S,,IP,,S,,IP,
753,ROMNEY,"But Pakistan is important to the region, to the world and to us, because Pakistan has 100 nuclear warheads and they’re rushing to build a lot more.",S; S-Inform; HS,,AF,,S; S-Inform; HS,,AF,,S; S-Inform; HS,,AF,
754,ROMNEY,They’ll have more than Great Britain sometime in the — in the relatively near future.,S; S-Inform; HS,,SE,,S; S-Inform; HS,,SE,,S; S-Inform; HS,,SE,
755,ROMNEY,They also have the Haqqani Network and the Taliban existent within their country.,S; S-Inform,,AF,,S; S-Inform,,AF,,S; S-Inform,,AF,
756,ROMNEY,"And so a Pakistan that falls apart, becomes a failed state, would be of extraordinary danger to Afghanistan and to us.",S,,AF,,S,,AF,,S,,AF,
757,ROMNEY,And so we’re going to have to remain helpful in encouraging Pakistan to move towards a more stable government and rebuild the relationship with us.,S,,UF,,S,,UF,,S,,UF,
758,ROMNEY,And that means that our aid that we provide to Pakistan is going to have to be conditioned upon certain benchmarks being met.,S,,,,S,,,,S,,,
759,ROMNEY,"So for me, I look at this as both a need to help move Pakistan in the right direction, and also to get Afghanistan to be ready, and they will be ready by the end of 2014.",S; S-Inform; IAFA,,IP,,S; S-Inform; IAFA,,IP,,S; S-Inform; IAFA,,IP,
760,SCHIEFFER,Mr.,TG,,,,TG,,,,TG,,,
761,SCHIEFFER,President?,TG,,,,TG,,,,TG,,,
762,OBAMA,"When I came into office, we were still bogged down in Iraq and Afghanistan had been drifting for a decade.",S; HS,,ATTR,,S; HS,,ATTR,,S; HS,,ATTR,
763,OBAMA,"We ended the war in Iraq, refocused our attention on Afghanistan, and we did deliver a surge of troops.",S; IAFA,,IT,,S; IAFA,,IT,,S; IAFA,,IT,
764,OBAMA,That was facilitated in part because we had ended the war in Iraq.,S; EXPL,,IT,,S; EXPL,,IT,,S; EXPL,,IT,
765,OBAMA,And we are now in a position where we have met many of the objectives that got us there in the first place.,S,,IT,,S,,IT,,S,,IT,
766,OBAMA,Part of what had happened is we’d forgotten why we had gone.,S; EXPL,,,,S; EXPL,,,,S; EXPL,,,
767,OBAMA,"We went because there were people who were responsible for 3,000 American deaths.",S; S-Inform; EXPL,,AE,,S; S-Inform; EXPL,,AE,,S; S-Inform; EXPL,,AE,
768,OBAMA,And so we decimated Al Qaida’s core leadership in the border regions between Afghanistan and Pakistan.,S,,IT,,S,,IT,,S,,IT,
769,OBAMA,We then started to build up Afghan forces.,S,,IT,,S,,IT,,S,,IT,
770,OBAMA,"And we’re now in a position where we can transition out, because there’s no reason why Americans should die when Afghans are perfectly capable of defending their own country.",S,,AE; IP,,S,,AE; IP,,S,,AE; IP,
771,OBAMA,"Now, that transition has to take place in a responsible fashion.",S,,,,S,,,,S,,,
772,OBAMA,"We’ve been there a long time, and we’ve got to make sure that we and our coalition partners are pulling out responsibly and giving Afghans the capabilities that they need.",S,,UF,,S,,UF,,S,,UF,
773,OBAMA,But what I think the American people recognize is after a decade of war it’s time to do some nation building here at home.,S,,UF; IP,,S,,UF; IP,,S,,UF; IP,
774,OBAMA,"And what we can now do is free up some resources, to, for example, put Americans back to work, especially our veterans, rebuilding our roads, our bridges, our schools, making sure that, you know, our veterans are getting the care that they need when it comes to post-traumatic stress disorder and traumatic brain injury, making sure that the certifications that they need for good jobs of the future are in place.",S,,AE; IT,,S,,AE; IT,,S,,AE; IT,
775,OBAMA,"You know, I was having lunch with some — a veteran in Minnesota who had been a medic dealing with the most extreme circumstances.",S; HS,,AE,,S; HS,,AE,,S; HS,,AE,
776,OBAMA,"When he came home and he wanted to become a nurse, he had to start from scratch.",S,,AE,,S,,AE,,S,,AE,
777,OBAMA,And what we’ve said is let’s change those certifications.,S,,IT,,S,,IT,,S,,IT,
778,OBAMA,The first lady has done great work with an organization called Joining Forces putting our veterans back to work.,S-Inform,,IT,,S-Inform,,IT,,S-Inform,,IT,
779,OBAMA,"And as a consequence, veterans’ unemployment is actually now lower than general population.",S-Inform,,IT; SE,,S-Inform,,IT; SE,,S-Inform,,IT; SE,
780,OBAMA,It was higher when I came into office.,S,,IT,,S,,IT,,S,,IT,
781,OBAMA,So those are the kinds of things that we can now do because we’re making that transition in Afghanistan.,S,,IT,,S,,IT,,S,,IT,
782,SCHIEFFER,All right.,ACK,,,,ACK,,,,ACK,,,
783,SCHIEFFER,Let me go to Governor Romney because you talked about Pakistan and what needs to be done there.,TG; MS,,,,TG; MS,,,,TG; MS,,,
784,SCHIEFFER,"General Allen, our commander in Afghanistan, says that Americans continue to die at the hands of groups who are supported by Pakistan.",S-Inform; HS,,AF,,S-Inform; HS,,AF,,S-Inform; HS,,AF,
785,SCHIEFFER,We know that Pakistan has arrested the doctor who helped us catch Obama bin Laden.,S-Inform,,,,S-Inform,,,,S-Inform,,,
786,SCHIEFFER,"It still provides safe haven for terrorists, yet we continue to give Pakistan billions of dollars.",S-Inform,,AF; CB,,S-Inform,,AF; CB,,S-Inform,,AF; CB,
787,SCHIEFFER,Is it time for us to divorce Pakistan?,YNQ; OQ,,CB,,YNQ; OQ,,CB,,YNQ; OQ,,CB,
788,ROMNEY,"No, it’s not time to divorce a nation on Earth that has 100 nuclear weapons and is on the way to double that at some point, a nation that has serious threats from terrorist groups within its nation, as I indicated before, the Taliban, Haqqani Network.",S-Inform; ANS,,AF,,S-Inform; ANS,,AF,,S-Inform; ANS,,AF,
789,ROMNEY,It’s a nation that’s not like — like others and it does not have a civilian leadership that is calling the shots there.,S,,,,S,,,,S,,,
790,ROMNEY,"You have the ISI, their intelligence organization, is probably the most powerful of the — of three branches there.",S-Inform,,,,S-Inform,,,,S-Inform,,,
791,ROMNEY,Then you have the military and then you have the civilian government.,S,,,,S,,,,S,,,
792,ROMNEY,"This is a nation, which, if it falls apart, if it — if it becomes a failed state, there are nuclear weapons there and you’ve got — you’ve got terrorists there who could grab their — their hands onto those nuclear weapons.",S,,AF,,S,,AF,,S,,AF,
793,ROMNEY,This is — this is an important part of the world for us.,S,,,,S,,,,S,,,
794,ROMNEY,"Pakistan is — is technically an ally, and they’re not acting very much like an ally right now.",S; CH,,REB,,S; CH,,REB,,S; CH,,REB,
795,ROMNEY,But we have some work to do.,S,,,,S,,,,S,,,
796,ROMNEY,And I — I don’t blame the administration for the fact that the relationship with Pakistan is strained.,S,,IP,,S,,IP,,S,,IP,
797,ROMNEY,We — we had to go into Pakistan.,S,,,,S,,,,S,,,
798,ROMNEY,We had to go in there to get Osama bin Laden.,S,,,,S,,,,S,,,
799,ROMNEY,That was the right thing to do.,S,,IP,,S,,IP,,S,,IP,
800,ROMNEY,"And — and that upset them, but obviously there was a great deal of anger even before that.",S,,,,S,,,,S,,,
801,ROMNEY,But we’re going to have to work with the — with the people in Pakistan to try and help them move to a more responsible course than the one that they’re on.,S,,IP,,S,,IP,,S,,IP,
802,ROMNEY,And it’s important for them.,S,,,,S,,,,S,,,
803,ROMNEY,It’s important for the nuclear weapons.,S,,,,S,,,,S,,,
804,ROMNEY,It’s important for the success of Afghanistan.,S,,,,S,,,,S,,,
805,ROMNEY,"Because inside Pakistan, you have a — a large group of Pashtun that are — that are Taliban.",S; EXPL,,,,S; EXPL,,,,S; EXPL,,,
806,ROMNEY,They’re going to come rushing back in to Afghanistan when we go.,S,,,,S,,,,S,,,
807,ROMNEY,And that’s one of the reasons the Afghan Security Forces have so much work to do to be able to fight against that.,S; EXPL,,,,S; EXPL,,,,S; EXPL,,,
808,ROMNEY,But it’s important for us to recognize that we can’t just walk away from Pakistan.,S,,IP,,S,,IP,,S,,IP,
809,ROMNEY,"But we do need to make sure that as we — as we send support for them, that this is tied to them making progress on — on matters that would lead them to becoming a civil society.",S,,,,S,,,,S,,,
810,SCHIEFFER,"Let — let me ask you, Governor because we know President Obama’s position on this, what is — what is your position on the use of drones?",Q-W; TT,,,,Q-W; TT,,,,Q-W; TT,,,
811,ROMNEY,Well I believe we should use any and all means necessary to take out people who pose a threat to us and our friends around the world.,S; IAFA; ANS,,IP,,S; IAFA; ANS,,IP,,S; IAFA; ANS,,IP,
812,ROMNEY,"And it’s widely reported that drones are being used in drone strikes, and I support that and entirely, and feel the president was right to up the usage of that technology, and believe that we should continue to use it, to continue to go after the people that represent a threat to this nation and to our friends.",S; IAFA,,IP,,S; IAFA,,IP,,S; IAFA,,IP,
813,ROMNEY,"But let me also note that as I said earlier, we’re going to have to do more than just going after leaders and — and killing bad guys, important as that is.",S; MS,,IP,,S; MS,,IP,,S; MS,,IP,
814,ROMNEY,We’re also going to have to have a farm more effective and comprehensive strategy to help move the world away from terror and Islamic extremism.,S,,AF; UF,,S,,AF; UF,,S,,AF; UF,
815,ROMNEY,We haven’t done that yet.,S,,REB,,S,,REB,,S,,REB,
816,ROMNEY,"We talk a lot about these things, but you look at the — the record, you look at the record.",S; IAFA,,REB,,S; IAFA,,REB,,S; IAFA,,REB,
817,ROMNEY,You look at the record of the last four years and say is Iran closer to a bomb?,YNQ,,REB; CB,,YNQ,,REB; CB,,YNQ,,REB; CB,
818,ROMNEY,Yes.,ANS,,,,ANS,,,,ANS,,,
819,ROMNEY,Is the Middle East in tumult?,YNQ,,AF; REB,,YNQ,,AF; REB,,YNQ,,AF; REB,
820,ROMNEY,Yes.,ANS,,,,ANS,,,,ANS,,,
821,ROMNEY,"Is — is al-Qaida on the run, on its heels?",YNQ; Q-RHET,,,,YNQ; Q-RHET,,,,YNQ; Q-RHET,,,
822,ROMNEY,No.,REJ; ANS,,,,REJ; ANS,,,,REJ; ANS,,,
823,ROMNEY,Is — are Israel and the Palestinians closer to reaching a peace agreement?,YNQ; Q-RHET,,,,YNQ; Q-RHET,,,,YNQ; Q-RHET,,,
824,ROMNEY,"No, they haven’t had talks in two years.",S-Inform; ANS,,,,S-Inform; ANS,,,,S-Inform; ANS,,,
825,ROMNEY,"We have not seen the progress we need to have, and I’m convinced that with strong leadership and an effort to build a strategy based upon helping these nations reject extremism, we can see the kind of peace and prosperity the world demands.",S; IAFA-OF,,AE; UF; IP,,S; IAFA-OF,,AE; UF; IP,,S; IAFA-OF,,AE; UF; IP,
826,OBAMA,"Well, keep in mind our strategy wasn’t just going after bin Laden.",S; TT,,,,S; TT,,,,S; TT,,,
827,OBAMA,"We created partnerships throughout the region to deal with extremism in Somalia, in Yemen, in Pakistan.",S; IAFA-OF,,IT,,S; IAFA-OF,,IT,,S; IAFA-OF,,IT,
828,OBAMA,"And what we’ve also done is engaged these governments in the kind of reforms that are actually going to make a difference in people’s lives day to day, to make sure that their governments aren’t corrupt, to make sure that they’re treating women with the kind of respect and dignity that every nation that succeeds has shown and to make sure that they’ve got a free market system that works.",S,,IT,,S,,IT,,S,,IT,
829,OBAMA,"So across the board, we are engaging them in building capacity in these countries.",S,,IT,,S,,IT,,S,,IT,
830,OBAMA,And we have stood on the side of democracy.,S,,IT,,S,,IT,,S,,IT,
831,OBAMA,"One thing I think Americans should be proud of, when Tunisians began to protest, this nation — me, my administration — stood with them earlier than just about any country.",S,,AP; IT,,S,,AP; IT,,S,,AP; IT,
832,OBAMA,In Egypt we stood on the side of democracy.,S,,IT,,S,,IT,,S,,IT,
833,OBAMA,In Libya we stood on the side of the people.,S,,IT,,S,,IT,,S,,IT,
834,OBAMA,"And as a consequence, there’s no doubt that attitudes about Americans have changed.",S,,IT,,S,,IT,,S,,IT,
835,OBAMA,But there are always going to be elements in these countries that potentially threaten the United States.,S,,AF,,S,,AF,,S,,AF,
836,OBAMA,And we want to shrink those groups and those networks and we can do that.,S,,IT,,S,,IT,,S,,IT,
837,OBAMA,But we’re always also going to have to maintain vigilance when it comes to terrorist activities.,S,,,,S,,,,S,,,
838,OBAMA,"The truth, though, is that Al Qaeda is much weaker than it was when I came into office.",S; S-Inform,,IT; SE,,S; S-Inform,,IT; SE,,S; S-Inform,,IT; SE,
839,OBAMA,And they don’t have the same capacities to attack the U.,S,,IT,,S,,IT,,S,,IT,
840,OBAMA,homeland and our allies as they did four years ago.,S,,,,S,,,,S,,,
841,SCHIEFFER,"Let’s — let’s go to the next segment, because it’s a very important one.",TT; MS,,,,TT; MS,,,,TT; MS,,,
842,SCHIEFFER,It is the rise of China and future challenges for America.,S,,,,S,,,,S,,,
843,SCHIEFFER,"I want to just begin this by asking both of you, and Mr.",S; TT,,,,S; TT,,,,S; TT,,,
844,SCHIEFFER,"President, you — you go first this time.",IAFA; TG,,,,IAFA; TG,,,,IAFA; TG,,,
845,SCHIEFFER,What do you believe is the greatest future threat to the national security of this country?,Q-W; OQ,,,,Q-W; OQ,,,,Q-W; OQ,,,
846,OBAMA,"Well, I think it will continue to be terrorist networks.",S; ANS,,IP,,S; ANS,,IP,,S; ANS,,IP,
847,OBAMA,"We have to remain vigilant, as I just said.",S,,UF,,S,,UF,,S,,UF,
848,OBAMA,"But with respect to China, China is both an adversary, but also a potential partner in the international community if it’s following the rules.",S; IAFA; ANS,,IP,,S; IAFA; ANS,,IP,,S; IAFA; ANS,,IP,
849,OBAMA,So my attitude coming into office was that we are going to insist that China plays by the same rules as everybody else.,S; IAFA,,IT; IP,,S; IAFA,,IT; IP,,S; IAFA,,IT; IP,
850,OBAMA,I know Americans had seen jobs being shipped overseas; businesses and workers not getting a level playing field when it came to trade.,S,,AE,,S,,AE,,S,,AE,
851,OBAMA,And that’s the reason why I set up a trade task force to go after cheaters when it came to international trade.,S; EXPL,,IT,,S; EXPL,,IT,,S; EXPL,,IT,
852,OBAMA,That’s the reason why we have brought more cases against China for violating trade rules than the other — the previous administration had done in two terms.,S-Inform; EXPL,,IT; SE,,S-Inform; EXPL,,IT; SE,,S-Inform; EXPL,,IT; SE,
853,OBAMA,"And we’ve won just about every case that we’ve filed, that has been decided.",S-Inform,,IT; SE,,S-Inform,,IT; SE,,S-Inform,,IT; SE,
854,OBAMA,"In fact, just recently steelworkers in Ohio and throughout the Midwest — Pennsylvania — are in a position now to sell steel to China because we won that case.",S-Inform,,IT,,S-Inform,,IT,,S-Inform,,IT,
855,OBAMA,We had a tire case in which they were flooding us with cheap domestic tires — or — or cheap Chinese tires.,S,,,,S,,,,S,,,
856,OBAMA,And we put a stop to it and as a consequence saved jobs throughout America.,S,,IT,,S,,IT,,S,,IT,
857,OBAMA,I have to say that Governor Romney criticized me for being too tough in that tire case; said this wouldn’t be good for American workers and that it would be protectionist.,S; CH,,ATTR; REB,,S; CH,,ATTR; REB,,S; CH,,ATTR; REB,
858,OBAMA,"But I tell you, those workers don’t feel that way.",S; TT,,REB,,S; TT,,REB,,S; TT,,REB,
859,OBAMA,They feel as if they had finally an administration who was going to take this issue seriously.,S,,AE; IT,,S,,AE; IT,,S,,AE; IT,
860,OBAMA,"Over the long term, in order for us to compete with China, we’ve also got to make sure, though, that we’re taking — taking care of business here at home.",S,,UF; CB,,S,,UF; CB,,S,,UF; CB,
861,OBAMA,"If we don’t have the best education system in the world, if we don’t continue to put money into research and technology that will allow us to create great businesses here in the United States, that’s how we lose the competition.",S,,AF; CB,,S,,AF; CB,,S,,AF; CB,
862,OBAMA,"And, unfortunately, Governor Romney’s budget and his proposals would not allow us to make those investments.",S; CH,,ATTR; REB; SE,,S; CH,,ATTR; REB; SE,,S; CH,,ATTR; REB; SE,
863,SCHIEFFER,All right.,ACK,,,,ACK,,,,ACK,,,
864,SCHIEFFER,Governor?,TG,,,,TG,,,,TG,,,
865,ROMNEY,"Well, first of all, it’s not government that makes business successful.",S; DIS,,IP; REB,,S; DIS,,IP; REB,,S; DIS,,IP; REB,
866,ROMNEY,It’s not government investments that makes businesses grow and hire people.,S; DIS,,REB,,S; DIS,,REB,,S; DIS,,REB,
867,ROMNEY,"Let me also note that the greatest threat that the world faces, the greatest national security threat is a nuclear Iran.",S; TT,,AF; DF,,S; TT,,AF; DF,,S; TT,,AF; DF,
868,ROMNEY,Let’s talk about China.,IAFA; MS,,,,IAFA; MS,,,,IAFA; MS,,,
869,ROMNEY,"China has an interest that’s very much like ours in one respect, and that is they want a stable world.",S,,,,S,,,,S,,,
870,ROMNEY,They don’t want war.,S,,,,S,,,,S,,,
871,ROMNEY,They don’t want to see protectionism.,S,,,,S,,,,S,,,
872,ROMNEY,"They don’t want to see the world break out into — into various forms of chaos, because they have to — they have to manufacture goods and put people to work and they have about 20,000 — 20 million, rather, people coming out of the farms every year coming into the cities, needing jobs.",S-Inform,,,,S-Inform,,,,S-Inform,,,
873,ROMNEY,So they want the economy to work and the world to be free and open.,S,,,,S,,,,S,,,
874,ROMNEY,And so we can be a partner with China.,S,,,,S,,,,S,,,
875,ROMNEY,"We don’t have to be an adversary in any way, shape or form.",S,,,,S,,,,S,,,
876,ROMNEY,"We can work with them, we can collaborate with them, if they’re willing to be responsible.",S,,,,S,,,,S,,,
877,ROMNEY,"Now, they look at us and say, Is it a good idea to be with America?",S,,,,S,,,,S,,,
878,ROMNEY,How strong are we going to be?,Q-W; Q-RHET,,,,Q-W; Q-RHET,,,,Q-W; Q-RHET,,,
879,ROMNEY,How strong is our economy?,Q-W; Q-RHET,,,,Q-W; Q-RHET,,,,Q-W; Q-RHET,,,
880,ROMNEY,"They look at the fact that we owe ’em a trillion dollars and owe other people $16 trillion in total, including that.",S-Inform,,AF; SE,,S-Inform,,AF; SE,,S-Inform,,AF; SE,
881,ROMNEY,They look at our — our decision to — to cut back on our military capabilities.,S,,ATTR,,S,,ATTR,,S,,ATTR,
882,ROMNEY,A trillion dollars.,S-Inform,,AF,,S-Inform,,AF,,S-Inform,,AF,
883,ROMNEY,The secretary of defense called these trillion dollars of cuts to our military devastating.,S-Inform; HS,,AF; SE,,S-Inform; HS,,AF; SE,,S-Inform; HS,,AF; SE,
884,ROMNEY,"It’s not my term, it’s the president’s own secretary of defense called these trillion dollars of cuts to our military devastating.",S; CORR,,AF; ATTR,,S; CORR,,AF; ATTR,,S; CORR,,AF; ATTR,
885,ROMNEY,"It’s not my term, it’s the president’s own Secretary of Defense, called them devastating.",S; CORR,,AF; ATTR,,S; CORR,,AF; ATTR,,S; CORR,,AF; ATTR,
886,ROMNEY,"They look at America’s commitments around the world and they see what’s happening, and they say, well, OK.",S,,AF,,S,,AF,,S,,AF,
887,ROMNEY,Is America going to be strong?,YNQ; Q-RHET,,AF,,YNQ; Q-RHET,,AF,,YNQ; Q-RHET,,AF,
888,ROMNEY,"And the answer is, yes, if I’m president, America will be very strong.",ANS,,AP; IT,,ANS,,AP; IT,,ANS,,AP; IT,
889,ROMNEY,We’ll also make sure that we have trade relations with China that work for us.,S,,IT,,S,,IT,,S,,IT,
890,ROMNEY,"I’ve watched year in and year out as companies have shut down and people have lost their jobs because China has not played by the same rules, in part by holding down artificially the value of their currency.",S,,ATTR; SE,,S,,ATTR; SE,,S,,ATTR; SE,
891,ROMNEY,It holds down the prices of their goods.,S,,,,S,,,,S,,,
892,ROMNEY,It means our goods aren’t as competitive and we lose jobs.,S,,,,S,,,,S,,,
893,ROMNEY,That’s got to end.,S,,,,S,,,,S,,,
894,ROMNEY,They’re making some progress; they need to make more.,S,,,,S,,,,S,,,
895,ROMNEY,"That’s why on day one, i will label them a currency manipulator, which allows us to apply tariffs where they’re taking jobs.",S; S-Inform,,IT,,S; S-Inform,,IT,,S; S-Inform,,IT,
896,ROMNEY,"They’re stealing our intellectual property, our patents, our designs, our technology, hacking into our computers, counterfeiting our goods.",S,,AF; ATTR,,S,,AF; ATTR,,S,,AF; ATTR,
897,ROMNEY,They have to understand we want to trade with them.,S,,,,S,,,,S,,,
898,ROMNEY,We want a world that’s stable.,S,,,,S,,,,S,,,
899,ROMNEY,"We like free enterprise, but you got to play by the rules.",S,,,,S,,,,S,,,
900,SCHIEFFER,"Well, Governor, let me just ask you.",TT,,,,TT,,,,TT,,,
901,SCHIEFFER,"If you declare them a currency manipulator on day one, some people are — say you’re just going to start a trade war with China on day one.",S,,AF; CB,,S,,AF; CB,,S,,AF; CB,
902,SCHIEFFER,Is that — isn’t there a risk that that could happen?,YNQ,,AF,,YNQ,,AF,,YNQ,,AF,
903,ROMNEY,"Well, they sell us about this much stuff every year, and we sell them about this much stuff every year.",S,,,,S,,,,S,,,
904,ROMNEY,So it’s pretty clear who doesn’t want a trade war.,S,,CB,,S,,CB,,S,,CB,
905,ROMNEY,"And there’s one going on right now, which we don’t know about it.",S,,AF,,S,,AF,,S,,AF,
906,ROMNEY,It’s a silent one.,S,,,,S,,,,S,,,
907,ROMNEY,And they’re winning.,S,,AF,,S,,AF,,S,,AF,
908,ROMNEY,"We have enormous trade imbalance with China, and it’s worse this year than last year, and it’s worse last year than the year before.",S-Inform,,AF; SE,,S-Inform,,AF; SE,,S-Inform,,AF; SE,
909,ROMNEY,And so we have to understand that we can’t just surrender and lose jobs year in and year out.,S,,AF; UF,,S,,AF; UF,,S,,AF; UF,
910,ROMNEY,"We have to say to our friend in China, look, you guys are playing aggressively.",S; IAFA,,PB,,S; IAFA,,PB,,S; IAFA,,PB,
911,ROMNEY,We understand it.,S,,,,S,,,,S,,,
912,ROMNEY,But this can’t keep on going.,S,,AF,,S,,AF,,S,,AF,
913,ROMNEY,"You can’t keep on holding down the value of your currency, stealing our intellectual property, counterfeiting our products, selling them around the world, even to the United States.",S,,AF; ATTR,,S,,AF; ATTR,,S,,AF; ATTR,
914,ROMNEY,"I was with one company that makes valves and — and process industries and they said, look, we were — we were having some valves coming in that — that were broken and we had to repair them under warranty and we looked them and — and they had our serial number on them.",S; HS,,SE,,S; HS,,SE,,S; HS,,SE,
915,ROMNEY,And then we noticed that there was more than one with that same serial number.,S,,,,S,,,,S,,,
916,ROMNEY,They were counterfeit products being made overseas with the same serial number as a U.,S,,SE,,S,,SE,,S,,SE,
917,ROMNEY,"company, the same packaging, these were being sold into our market and around the world as if they were made by the U.",S,,,,S,,,,S,,,
918,ROMNEY,competitor.,S,,,,S,,,,S,,,
919,ROMNEY,This can’t go on.,S,,AF,,S,,AF,,S,,AF,
920,ROMNEY,I want a great relationship with China.,S,,IP,,S,,IP,,S,,IP,
921,ROMNEY,"China can be our partner, but — but that doesn’t mean they can just roll all over us and steal our jobs on an unfair basis.",S,,AF; PB,,S,,AF; PB,,S,,AF; PB,
922,OBAMA,"Well, Governor Romney’s right, you are familiar with jobs being shipped overseas because you invested in companies that were shipping jobs overseas.",S; CH,,PER; ATTR; REB,,S; CH,,PER; ATTR; REB,,S; CH,,PER; ATTR; REB,
923,OBAMA,"And, you know, that’s — you’re right.",ACK; AGR,,,,ACK; AGR,,,,ACK; AGR,,,
924,OBAMA,I mean that’s how our free market works.,S; EXPL,,,,S; EXPL,,,,S; EXPL,,,
925,OBAMA,But I’ve made a different bet on American workers.,S,,IT; IP,,S,,IT; IP,,S,,IT; IP,
926,OBAMA,"If we had taken your advice Governor Romney about our auto industry, we’d be buying cars from China instead of selling cars to China.",S; CH,,AF; REB; CB,,S; CH,,AF; REB; CB,,S; CH,,AF; REB; CB,
927,OBAMA,If we take your advice with respect to how we change our tax codes so that companies that earn profits overseas don’t pay U.,S; CH,,REB,,S; CH,,REB,,S; CH,,REB,
928,OBAMA,taxes compared to companies here that are paying taxes.,S,,,,S,,,,S,,,
929,OBAMA,"Now that’s estimated to create 800,000 jobs, the problem is they won’t be here, they’ll be in places like China.",S-Inform,,AF; SE,,S-Inform,,AF; SE,,S-Inform,,AF; SE,
930,OBAMA,"And if we’re not making investments in education and basic research, which is not something that the private sector is doing at a sufficient pace right now and has never done, then we will lose the in things like clean energy technology.",S,,AF; CB,,S,,AF; CB,,S,,AF; CB,
931,OBAMA,"Now with respect to what we’ve done with China already, U.",S,,IT,,S,,IT,,S,,IT,
932,OBAMA,"exports have doubled since I came into office, to China and actually currencies are at their most advantageous point for U.",S-Inform,,IT; SE,,S-Inform,,IT; SE,,S-Inform,,IT; SE,
933,OBAMA,exporters since 1993.,S-Inform; HS,,SE,,S-Inform; HS,,SE,,S-Inform; HS,,SE,
934,OBAMA,We absolutely have to make more progress and that’s why we’re going to keep on pressing.,S,,IT,,S,,IT,,S,,IT,
935,OBAMA,"And when it comes to our military and Chinese security, part of the reason that we were able to pivot to the Asia-Pacific region after having ended the war in Iraq and transitioning out of Afghanistan, is precisely because this is going to be a massive growth area in the future.",S,,IT,,S,,IT,,S,,IT,
936,OBAMA,"And we believe China can be a partner, but we’re also sending a very clear signal that America is a Pacific power; that we are going to have a presence there.",S,,AP; IT,,S,,AP; IT,,S,,AP; IT,
937,OBAMA,"We are working with countries in the region to make sure, for example, that ships can pass through; that commerce continues.",S,,IT,,S,,IT,,S,,IT,
938,OBAMA,And we’re organizing trade relations with countries other than China so that China starts feeling more pressure about meeting basic international standards.,S,,IT,,S,,IT,,S,,IT,
939,OBAMA,That’s the kind of leadership we’ve shown in the region.,S,,IT,,S,,IT,,S,,IT,
940,OBAMA,That’s the kind of leadership that we’ll continue to show.,S,,IT; IP,,S,,IT; IP,,S,,IT; IP,
941,ROMNEY,"I just want to take one of those points, again, attacking me as not talking about an agenda for — for getting more trade and opening up more jobs in this country.",CH; TT,,REB,,CH; TT,,REB,,CH; TT,,REB,
942,ROMNEY,But the president mentioned the auto industry and that somehow I would be in favor of jobs being elsewhere.,S; CH,,REB,,S; CH,,REB,,S; CH,,REB,
943,ROMNEY,Nothing could be further from the truth.,REJ; CH,,REB,,REJ; CH,,REB,,REJ; CH,,REB,
944,ROMNEY,I’m a son of Detroit.,S,,,,S,,,,S,,,
945,ROMNEY,I was born in Detroit.,S,,,,S,,,,S,,,
946,ROMNEY,My dad was head of a car company.,S,,,,S,,,,S,,,
947,ROMNEY,I like American cars.,S,,AP,,S,,AP,,S,,AP,
948,ROMNEY,And I would do nothing to hurt the U.,S,,,,S,,,,S,,,
949,ROMNEY,auto industry.,S,,,,S,,,,S,,,
950,ROMNEY,My plan to get the industry on its feet when it was in real trouble was not to start writing checks.,S,,IT; IP,,S,,IT; IP,,S,,IT; IP,
951,ROMNEY,It was President Bush that wrote the first checks.,S; CH,,ATTR; REB,,S; CH,,ATTR; REB,,S; CH,,ATTR; REB,
952,ROMNEY,I disagree with that.,DIS,,IP; REB,,DIS,,IP; REB,,DIS,,IP; REB,
953,ROMNEY,I said they need — these companies need to go through a managed bankruptcy.,S; CORR,,IT,,S; CORR,,IT,,S; CORR,,IT,
954,ROMNEY,"And in that process, they can get government help and government guarantees, but they need to go through bankruptcy to get rid of excess cost and the debt burden that they’d — they’d built up.",S-Inform,,,,S-Inform,,,,S-Inform,,,
955,ROMNEY,And fortunately…,S,,,,S,,,,S,,,
956,OBAMA,"Governor Romney, that’s not what you said…",S; CH,,ATTR; REB,,S; CH,,ATTR; REB,,S; CH,,ATTR; REB,
957,OBAMA,"Governor Romney, you did not…",S; CH,,ATTR; REB,,S; CH,,ATTR; REB,,S; CH,,ATTR; REB,
958,ROMNEY,You can take a look at the op-ed…,S; MS,,REB; SE,,S; MS,,REB; SE,,S; MS,,REB; SE,
959,OBAMA,You did not say that you would provide government help.,S; CH,,ATTR; REB,,S; CH,,ATTR; REB,,S; CH,,ATTR; REB,
960,ROMNEY,"I said that we would provide guarantees, and — and that was what was able to allow these companies to go through bankruptcy, to come out of bankruptcy.",S; IAFA,,IT,,S; IAFA,,IT,,S; IAFA,,IT,
961,ROMNEY,Under no circumstances would I do anything other than to help this industry get on its feet.,S,,IP,,S,,IP,,S,,IP,
962,ROMNEY,"And the idea that has been suggested that I would liquidate the industry, of course not.",S; REJ; CH,,REB,,S; REJ; CH,,REB,,S; REJ; CH,,REB,
963,ROMNEY,Of course not.,REJ,,REB,,REJ,,REB,,REJ,,REB,
964,OBAMA,Let’s check the record.,IAFA,,REB,,IAFA,,REB,,IAFA,,REB,
965,ROMNEY,That’s the height of silliness…,S; CH,,PER; REB,,S; CH,,PER; REB,,S; CH,,PER; REB,
966,OBAMA,Let — let — let’s…,TT,,,,TT,,,,TT,,,
967,ROMNEY,I have never said I would liquidate…,S; DIS,,REB,,S; DIS,,REB,,S; DIS,,REB,
968,OBAM,…at the record.,S,,,,S,,,,S,,,
969,ROMNEY,…I would liquidate the industry.,S; REJ,,REB,,S; REJ,,REB,,S; REJ,,REB,
970,OBAMA,"Governor, the people in Detroit don’t forget.",S,,AE,,S,,AE,,S,,AE,
971,ROMNEY,…and — and that’s why I have the kind of commitment to ensure that our industries in this country can compete and be successful.,S,,IT; IP,,S,,IT; IP,,S,,IT; IP,
972,ROMNEY,"We in this country can — can compete successfully with anyone in the world, and we’re going to.",S,,AP; UF,,S,,AP; UF,,S,,AP; UF,
973,ROMNEY,"We’re going to have to have a president, however, that doesn’t think that somehow the government investing in — in car companies like Tesla and — and Fisker, making electric battery cars.",S; CH,,REB; SE,,S; CH,,REB; SE,,S; CH,,REB; SE,
974,ROMNEY,"This is not research, Mr President, these are the government investing in companies.",S; CH,,REB; SE,,S; CH,,REB; SE,,S; CH,,REB; SE,
975,ROMNEY,Investing in Solyndra.,S,,SE,,S,,SE,,S,,SE,
976,ROMNEY,"This is a company, this isn’t basic research.",S; CH,,REB,,S; CH,,REB,,S; CH,,REB,
977,ROMNEY,I — I want to invest in research.,S,,IP,,S,,IP,,S,,IP,
978,ROMNEY,Research is great.,S,,,,S,,,,S,,,
979,ROMNEY,Providing funding to universities and think tanks is great.,S,,,,S,,,,S,,,
980,ROMNEY,But investing in companies?,YNQ; MS,,REB,,YNQ; MS,,REB,,YNQ; MS,,REB,
981,ROMNEY,Absolutely not.,REJ; ANS,,REB,,REJ; ANS,,REB,,REJ; ANS,,REB,
982,OBAMA,Governor?,TG,,,,TG,,,,TG,,,
983,ROMNEY,That’s the wrong way to go.,S; DIS,,REB,,S; DIS,,REB,,S; DIS,,REB,
984,OBAMA,The fact of the matter is…,S; TT,,,,S; TT,,,,S; TT,,,
985,ROMNEY,I’m still speaking.,TT,,,,TT,,,,TT,,,
986,ROMNEY,So I want to make sure that we make — we make America more competitive.,S,,UF; IP,,S,,UF; IP,,S,,UF; IP,
987,OBAMA,Yeah.,ACK,,,,ACK,,,,ACK,,,
988,ROMNEY,"And that we do those things that make America the most attractive place in the world for entrepreneurs, innovators, businesses to grow.",S,,AP,,S,,AP,,S,,AP,
989,ROMNEY,But you’re investing in companies doesn’t do that.,S; CH,,REB,,S; CH,,REB,,S; CH,,REB,
990,ROMNEY,In fact it makes it less likely for them to come here…,S,,,,S,,,,S,,,
991,OBAMA,Governor?,TG,,,,TG,,,,TG,,,
992,ROMNEY,…because the private sector’s not going to invest in a…,S; EXPL,,,,S; EXPL,,,,S; EXPL,,,
993,OBAMA,I’m — I’m — I’m happy.,S,,,,S,,,,S,,,
994,ROMNEY,…company…,S,,,,S,,,,S,,,
995,OBAMA,…to respond to you…,TT,,,,TT,,,,TT,,,
996,ROMNEY,…if — if you’re…,S,,,,S,,,,S,,,
997,OBAMA,…you’ve had the floor for a while.,S,,,,S,,,,S,,,
998,ROMNEY,…get someone else’s.,S,,,,S,,,,S,,,
999,ROMNEY,"OBAMA: The — look, I think anybody out there can check the record.",S; IAFA,,,,S; IAFA,,,,S; IAFA,,,
1000,ROMNEY,"Governor Romney, you keep on trying to, you know airbrush history here.",S; CH,,PER; ATTR; REB,,S; CH,,PER; ATTR; REB,,S; CH,,PER; ATTR; REB,
1001,ROMNEY,"You were very clear that you would not provide, government assistance to the U.",S; CH,,ATTR; REB,,S; CH,,ATTR; REB,,S; CH,,ATTR; REB,
1002,ROMNEY,"auto companies, even if they went through bankruptcy.",S,,REB,,S,,REB,,S,,REB,
1003,ROMNEY,You said that they could get it in the private marketplace.,S; CH,,ATTR; REB,,S; CH,,ATTR; REB,,S; CH,,ATTR; REB,
1004,ROMNEY,That wasn’t true.,S; CH,,REB,,S; CH,,REB,,S; CH,,REB,
1005,ROMNEY,They would have gone through a…,S,,,,S,,,,S,,,
1006,ROMNEY,You’re wrong…,DIS; INT,,REB,,DIS; INT,,REB,,DIS; INT,,REB,
1007,OBAMA,…they would have gone through a…,S,,REB,,S,,REB,,S,,REB,
1008,ROMNEY,…you’re wrong.,DIS; INT,,REB,,DIS; INT,,REB,,DIS; INT,,REB,
1009,OBAMA,"No, I am not wrong.",DIS; REJ,,REB,,DIS; REJ,,REB,,DIS; REJ,,REB,
1010,OBAMA,I am not wrong.,DIS,,REB,,DIS,,REB,,DIS,,REB,
1011,ROMNEY,"People can look it up, you’re right.",S; AGR,,,,S; AGR,,,,S; AGR,,,
1012,OBAMA,People will look it up.,S,,,,S,,,,S,,,
1013,ROMNEY,Good.,ACK,,,,ACK,,,,ACK,,,
1014,OBAMA,"But more importantly it is true that in order for us to be competitive, we’re going to have to make some smart choices right now.",S,,UF,,S,,UF,,S,,UF,
1015,OBAMA,"Cutting our education budget, that’s not a smart choice.",S,,REB,,S,,REB,,S,,REB,
1016,OBAMA,That will not help us compete with China.,S,,CB,,S,,CB,,S,,CB,
1017,OBAMA,"Cutting our investments in research and technology, that’s not a smart choice.",S,,REB,,S,,REB,,S,,REB,
1018,OBAMA,That will not help us compete with China.,S,,CB,,S,,CB,,S,,CB,
1019,OBAMA,"Bringing down our deficit by adding $7 trillion of tax cuts and military spending that our military is not asking for, before we even get to the debt that we currently have, that is not going to make us more competitive.",S-Inform,,REB; SE,,S-Inform,,REB; SE,,S-Inform,,REB; SE,
1020,OBAMA,Those are the kinds of choices that the American people face right now.,S,,,,S,,,,S,,,
1021,OBAMA,"Having a tax code that rewards companies that are shipping jobs overseas instead of companies that are investing here in the United States, that will not make us more competitive.",S,,CB,,S,,CB,,S,,CB,
1022,OBAMA,"And the one thing that I’m absolutely clear about is that after a decade in which we saw drift, jobs being shipped overseas, nobody championing American workers and American businesses, we’ve now begun to make some real progress.",S; IAFA; IAFA-OF,,IT; IP,,S; IAFA; IAFA-OF,,IT; IP,,S; IAFA; IAFA-OF,,IT; IP,
1023,OBAMA,What we can’t do is go back to the same policies that got us into such difficulty in the first place.,S,,AF; CB,,S,,AF; CB,,S,,AF; CB,
1024,OBAMA,That’s why we have to move forward and not go back.,S; EXPL,,UF; IP,,S; EXPL,,UF; IP,,S; EXPL,,UF; IP,
1025,ROMNEY,"I couldn’t agree more about going forward, but I certainly don’t want to go back to the policies of the last four years.",S; AGR; REJ,,ATTR; REB,,S; AGR; REJ,,ATTR; REB,,S; AGR; REJ,,ATTR; REB,
1026,ROMNEY,"The policies of the last four years have seen incomes in America decline every year for middle income families, now down $4,300 during your term.",S-Inform; CH,,ATTR; REB; SE,,S-Inform; CH,,ATTR; REB; SE,,S-Inform; CH,,ATTR; REB; SE,
1027,ROMNEY,Twenty-three million Americans still struggling to find a good job.,S-Inform,,SE,,S-Inform,,SE,,S-Inform,,SE,
1028,ROMNEY,When you came to office 32 million people on food stamps.,S-Inform; HS,,ATTR; SE,,S-Inform; HS,,ATTR; SE,,S-Inform; HS,,ATTR; SE,
1029,ROMNEY,"Today, 47 million people on food stamps.",S-Inform,,ATTR; SE,,S-Inform,,ATTR; SE,,S-Inform,,ATTR; SE,
1030,ROMNEY,"When you came to office, just over $10 trillion in debt, now $16 trillion in debt.",S-Inform; CH,,ATTR; REB; SE,,S-Inform; CH,,ATTR; REB; SE,,S-Inform; CH,,ATTR; REB; SE,
1031,ROMNEY,It hasn’t worked.,S; CH,,ATTR; REB,,S; CH,,ATTR; REB,,S; CH,,ATTR; REB,
1032,ROMNEY,You said by now we’d be at 5.,S; CH,,ATTR; REB,,S; CH,,ATTR; REB,,S; CH,,ATTR; REB,
1033,ROMNEY,4 percent unemployment.,S-Inform,,,,S-Inform,,,,S-Inform,,,
1034,ROMNEY,We’re 9 million jobs short of that.,S-Inform; CH,,ATTR; REB; SE,,S-Inform; CH,,ATTR; REB; SE,,S-Inform; CH,,ATTR; REB; SE,
1035,ROMNEY,I’ve met some of those people.,S,,AE,,S,,AE,,S,,AE,
1036,ROMNEY,"I’ve met them in Appleton, Wisconsin.",S,,AE,,S,,AE,,S,,AE,
1037,ROMNEY,"I met a young woman in — in Philadelphia who’s coming out of — out of college, can’t find work.",S,,AE,,S,,AE,,S,,AE,
1038,ROMNEY,I’ve been — Ann was with someone just the other day that was just weeping about not being able to get work.,S,,AE,,S,,AE,,S,,AE,
1039,ROMNEY,"It’s just a tragedy in a nation so prosperous as ours, that the last four years have been so hard.",S,,AE; ATTR,,S,,AE; ATTR,,S,,AE; ATTR,
1040,ROMNEY,"And that’s why it’s so critical, that we make America once again the most attractive place in the world to start businesses, to build jobs, to grow the economy.",S,,AP; UF,,S,,AP; UF,,S,,AP; UF,
1041,ROMNEY,And that’s not going to happen by just hiring teachers.,S,,,,S,,,,S,,,
1042,ROMNEY,"Look, I love to — I love teachers, and I’m happy to have states and communities that want to hire teachers do that.",S,,IP,,S,,IP,,S,,IP,
1043,ROMNEY,"By the way, I don’t like to have the federal government start pushing its weight deeper and deeper into our schools.",S,,IP,,S,,IP,,S,,IP,
1044,ROMNEY,Let the states and localities do that.,IAFA,,,,IAFA,,,,IAFA,,,
1045,ROMNEY,I was a governor.,S; HS,,IT,,S; HS,,IT,,S; HS,,IT,
1046,ROMNEY,The federal government didn’t hire our teachers.,S,,,,S,,,,S,,,
1047,UNIDENTIFIED MALE,Governor?,TG,,,,TG,,,,TG,,,
1048,ROMNEY,But I love teachers.,S,,IP,,S,,IP,,S,,IP,
1049,ROMNEY,But I want to get our private sector growing and I know how to do it.,S,,IT; IP,,S,,IT; IP,,S,,IT; IP,
1050,SCHIEFFER,I think we all love teachers.,S,,UF,,S,,UF,,S,,UF,
1051,SCHIEFFER,"Gentlemen, thank you so much for a very vigorous debate.",GR; THK,,,,GR; THK,,,,GR; THK,,,
1052,SCHIEFFER,We have come to the end.,S,,,,S,,,,S,,,
1053,SCHIEFFER,"It is time for closing statements, I believe you’re first, Mr.",S; TG,,,,S; TG,,,,S; TG,,,
1054,SCHIEFFER,President.,S,,,,S,,,,S,,,
1055,OBAMA,"Well, thank you very much, Bob, Governor Romney, and to Lynn University.",GR; THK,,,,GR; THK,,,,GR; THK,,,
1056,OBAMA,"You’ve now heard three debates, months of campaigning and way too many TV commercials.",S,,,,S,,,,S,,,
1057,OBAMA,And now you’ve got a choice.,S,,,,S,,,,S,,,
1058,OBAMA,"Over the last four years we’ve made real progress digging our way out of policies that gave us two prolonged wars, record deficits and the worst economic crisis since the Great Depression.",S-Inform; IAFA; INT,,AF; IT; SE,,S-Inform; IAFA; INT,,AF; IT; SE,,S-Inform; IAFA; INT,,AF; IT; SE,
1059,OBAMA,"And Governor Romney wants to take us back to those policies, a foreign policy that’s wrong and reckless, economic policies that won’t create jobs, won’t reduce our deficit, but will make sure that folks at the very top don’t have to play by the same rules that you do.",S; CH,,AF; PB; ATTR; REB,,S; CH,,AF; PB; ATTR; REB,,S; CH,,AF; PB; ATTR; REB,
1060,OBAMA,And I’ve got a different vision for America.,S,,IP,,S,,IP,,S,,IP,
1061,OBAMA,I want to build on our strengths.,S,,AP; IP,,S,,AP; IP,,S,,AP; IP,
1062,OBAMA,"And I’ve put forward a plan to make sure that we’re bringing manufacturing jobs back to our shores by rewarding companies and small businesses that are investing here, not overseas.",S,,IT,,S,,IT,,S,,IT,
1063,OBAMA,I want to make sure we’ve got the best education system in the world.,S,,AP; IP,,S,,AP; IP,,S,,AP; IP,
1064,OBAMA,And we’re retaining our workers for the jobs of tomorrow.,S,,,,S,,,,S,,,
1065,OBAMA,I want to control our own energy by developing oil and natural gas but also the energy sources of the future.,S,,IP,,S,,IP,,S,,IP,
1066,OBAMA,"Yes, I want to reduce our deficit by cutting spending that we don’t need but also by asking the wealthy to do a little bit more so that we can invest in things like research and technology that are the key to a 21st century economy.",S; ANS,,IP,,S; ANS,,IP,,S; ANS,,IP,
1067,OBAMA,"As Commander in Chief, I will maintain the strongest military in the world, keep faith with our troops and go after those who would do us harm.",S,,AP; APAT; IT,,S,,AP; APAT; IT,,S,,AP; APAT; IT,
1068,OBAMA,"but after a decade of war, I think we all recognize we’ve got to do some nation building here at home, rebuilding our roads, our bridges and especially caring for our Veterans who sacrificed so much for our freedom.",S,,AE; APAT; UF,,S,,AE; APAT; UF,,S,,AE; APAT; UF,
1069,OBAMA,"And we’ve been through tough times but we always bounce back because of our character, because we pull together and if I have the privilege of being your president for another four years, I promise you I will always listen to your voices.",S,,AE; AP; UF,,S,,AE; AP; UF,,S,,AE; AP; UF,
1070,OBAMA,I will fight for your families and I will work every single day to make sure that America continues to be the greatest nation on earth.,S,,AE; AP; IP,,S,,AE; AP; IP,,S,,AE; AP; IP,
1071,OBAMA,Thank you.,THK,,,,THK,,,,THK,,,
1072,SCHIEFFER,Governor?,TG,,,,TG,,,,TG,,,
1073,ROMNEY,Thank you.,THK,,,,THK,,,,THK,,,
1074,ROMNEY,"Bob, Mr.",GR,,,,GR,,,,GR,,,
1075,ROMNEY,"President, folks at Lynn University, good to be with you.",GR,,,,GR,,,,GR,,,
1076,ROMNEY,I’m optimistic about the future.,S,,IP,,S,,IP,,S,,IP,
1077,ROMNEY,I’m excited about our prospects as a nation.,S,,AP; IP,,S,,AP; IP,,S,,AP; IP,
1078,ROMNEY,I want to see peace.,S,,IP,,S,,IP,,S,,IP,
1079,ROMNEY,I want to see growing peace in this country.,S,,IP,,S,,IP,,S,,IP,
1080,ROMNEY,It’s our objective.,S,,,,S,,,,S,,,
1081,ROMNEY,We have an opportunity to have real leadership.,S,,UF,,S,,UF,,S,,UF,
1082,ROMNEY,America’s going to have that kind of leadership and continue to promote principles of peace to make a world a safer place and make people in this country more confident that their future is secure.,S,,AP; UF; IP,,S,,AP; UF; IP,,S,,AP; UF; IP,
1083,ROMNEY,I also want to make sure that we get this economy going.,S,,IP,,S,,IP,,S,,IP,
1084,ROMNEY,And there are two very different paths the country can take.,S,,CB,,S,,CB,,S,,CB,
1085,ROMNEY,"One is a path represented by the president, which at the end of four years would mean we’d have $20 trillion in debt heading towards Greece.",S-Inform,,AF; ATTR; REB,,S-Inform,,AF; ATTR; REB,,S-Inform,,AF; ATTR; REB,
1086,ROMNEY,I’ll get us on track to a balanced budget.,S,,IT; IP,,S,,IT; IP,,S,,IT; IP,
1087,ROMNEY,The president’s path will mean continuing declining in take-home pay.,S,,ATTR; REB,,S,,ATTR; REB,,S,,ATTR; REB,
1088,ROMNEY,I want to make sure our take-home pay turns around and starts to grow.,S,,IP,,S,,IP,,S,,IP,
1089,ROMNEY,The president’s path will mean continuing declining in take-home pay.,S,,ATTR; REB,,S,,ATTR; REB,,S,,ATTR; REB,
1090,ROMNEY,I want to make sure take-home pay turns around and starts to grow.,S,,IP,,S,,IP,,S,,IP,
1091,ROMNEY,The president’s path means 20 million people out of work struggling for a good job.,S-Inform; CH,,AF; ATTR; SE,,S-Inform; CH,,AF; ATTR; SE,,S-Inform; CH,,AF; ATTR; SE,
1092,ROMNEY,I’ll get people back to work with 12 million new jobs.,S-Inform,,IT,,S-Inform,,IT,,S-Inform,,IT,
1093,ROMNEY,"I’m going to make sure that we get people off of food stamps, not by cutting the program, but by getting them good jobs.",S,,IT,,S,,IT,,S,,IT,
1094,ROMNEY,"America’s going to come back, and for that to happen, we’re going to have to have a president who can work across the aisle.",S,,AP; UF,,S,,AP; UF,,S,,AP; UF,
1095,ROMNEY,I was in a state where my legislature was 87 percent Democrat.,S; HS,,IT,,S; HS,,IT,,S; HS,,IT,
1096,ROMNEY,I learned how to get along on the other side of the aisle.,S,,UF; IT,,S,,UF; IT,,S,,UF; IT,
1097,ROMNEY,We’ve got to do that in Washington.,S,,UF,,S,,UF,,S,,UF,
1098,ROMNEY,Washington is broken.,S,,,,S,,,,S,,,
1099,ROMNEY,"I know what it takes to get this country back, and will work with good Democrats and good Republicans to do that.",S,,UF; IT,,S,,UF; IT,,S,,UF; IT,
1100,ROMNEY,This nation is the hope of the earth.,S,,AP; APAT,,S,,AP; APAT,,S,,AP; APAT,
1101,ROMNEY,We’ve been blessed by having a nation that’s free and prosperous thanks to the contributions of the greatest generation.,S,,AP; APAT,,S,,AP; APAT,,S,,AP; APAT,
1102,ROMNEY,They’ve held a torch for the world to see — the torch of freedom and hope and opportunity.,S,,AP; APAT,,S,,AP; APAT,,S,,AP; APAT,
1103,ROMNEY,"Now, it’s our turn to take that torch.",S,,APAT; UF,,S,,APAT; UF,,S,,APAT; UF,
1104,ROMNEY,I’m convinced we’ll do it.,S,,IP,,S,,IP,,S,,IP,
1105,ROMNEY,We need strong leadership.,S,,,,S,,,,S,,,
1106,ROMNEY,I’d like to be that leader with your support.,S; IAFA-OF,,IT,,S; IAFA-OF,,IT,,S; IAFA-OF,,IT,
1107,ROMNEY,I’ll work with you.,S; IAFA-OF,,,,S; IAFA-OF,,,,S; IAFA-OF,,,
1108,ROMNEY,"I’ll lead you in an open and honest way, and I ask for your vote.",S; IAFA-OF,,IT,,S; IAFA-OF,,IT,,S; IAFA-OF,,IT,
1109,ROMNEY,I’d like to be the next president of the United States to support and help this great nation and to make sure that we all together remain America as the hope of the earth.,S; IAFA-OF,,AP; APAT; UF; IT,,S; IAFA-OF,,AP; APAT; UF; IT,,S; IAFA-OF,,AP; APAT; UF; IT,
1110,ROMNEY,Thank you so much.,THK,,,,THK,,,,THK,,,
1111,SCHIEFFER,"Gentlemen, thank you both so much.",THK,,,,THK,,,,THK,,,
1112,SCHIEFFER,That brings an end to this year’s debates and we want to thank Lynn University and its students for having us.,S; THK,,,,S; THK,,,,S; THK,,,
1113,SCHIEFFER,"As I always do at the end of these debates, I leave you with the words of my mom, who said: “Go vote; it’ll make you feel big and strong.",S; IAFA,,,,S; IAFA,,,,S; IAFA,,,
1114,SCHIEFFER,” Good night.,GR,,,,GR,,,,GR,,,
