unit_id,speaker,text,Annotator 1 - Phase A (DAMSL),Annotator 1 - Phase A notes,Annotator 1 - Phase B (Beads),Annotator 1 - Phase B notes,Annotator 2 - Phase A (DAMSL),Annotator 2 - Phase A notes,Annotator 2 - Phase B (Beads),Annotator 2 - Phase B notes,Annotator 3 - Phase A (DAMSL),Annotator 3 - Phase A notes,Annotator 3 - Phase B (Beads),Annotator 3 - Phase B notes
1,SPEAKER_02,"debate, the first and potentially only match-up between Vice President Kamala Harris and former President Donald Trump.",S,,,,S,,,,S,,,
2,SPEAKER_02,"Both candidates, having accepted their party's nominations at the conventions earlier this summer, meet tonight on the debate stage for the first time in Philadelphia.",S; HS,,,,S; HS,,,,S; HS,,,
3,SPEAKER_02,in the same city where the Constitution was written years ago.,S; HS,,,,S; HS,,,,S; HS,,,
4,SPEAKER_02,"Tonight's debate is at the National Constitution Center, hosted by ABC and simulcasted here on C-SPAN.",S-Inform,,,,S-Inform,,,,S-Inform,,,
5,SPEAKER_02,"Before the debate begins tonight, we of course want to hear from all of you.",S,,,,S,,,,S,,,
6,SPEAKER_02,What do you want to hear from these candidates?,Q-W; OQ,,,,Q-W; OQ,,,,Q-W; OQ,,,
7,SPEAKER_02,Here's how you can join the conversation in the next hour.,S,,,,S,,,,S,,,
8,SPEAKER_02,"If you are supporting the vice president, dial in at 202-748-8920.",S-Inform; IAFA,,,,S-Inform; IAFA,,,,S-Inform; IAFA,,,
9,SPEAKER_02,If you support the former president your line tonight is 202-748-8921.,S-Inform,,,,S-Inform,,,,S-Inform,,,
10,SPEAKER_02,"If you are supporting another candidate, a different one, dial in at 202-748-8922.",S-Inform,,,,S-Inform,,,,S-Inform,,,
11,SPEAKER_02,"And if you are undecided, we want to hear from you at 202-748-8923.",S-Inform,,,,S-Inform,,,,S-Inform,,,
12,SPEAKER_02,"You can text us all of you at 202-748-8903, include your first name, city and state.",S-Inform; IAFA,,,,S-Inform; IAFA,,,,S-Inform; IAFA,,,
13,SPEAKER_02,You can also join us on X with the handle at C-SPAN or on facebook.com slash c-SPAN.,S-Inform,,,,S-Inform,,,,S-Inform,,,
14,SPEAKER_02,"Before we get to your calls, joining us from Philadelphia tonight is Axios's national politics reporter, Sophia Kai, here to preview tonight's debate.",S; GR,,,,S; GR,,,,S; GR,,,
15,SPEAKER_02,"Sophia Kai, you are at the media filing center, which is also going to be where the spin room is tonight.",S,,,,S,,,,S,,,
16,SPEAKER_02,Describe the scene there.,IAFA; TG,,,,IAFA; TG,,,,IAFA; TG,,,
17,SPEAKER_37,"Yeah, so it's a large space.",S,,,,S,,,,S,,,
18,SPEAKER_37,There's hundreds of seats set up for reporters from around the world who have come to Philadelphia to cover the debate.,S-Inform,,,,S-Inform,,,,S-Inform,,,
19,SPEAKER_37,"And, you know, along the side is a spin room where candidates and their surrogates and teams will come after the debate to speak to the press and really spin us on what they want the message to be.",S,,,,S,,,,S,,,
20,SPEAKER_37,"So this is really going to be the hub of where the debate is, aside from the actual debate, which starts at nine.",S-Inform,,,,S-Inform,,,,S-Inform,,,
21,SPEAKER_02,How many people are there at the Philadelphia Convention Center tonight?,Q-W,,,,Q-W,,,,Q-W,,,
22,SPEAKER_37,"You know, there's hundreds now.",S-Inform; ANS,,,,S-Inform; ANS,,,,S-Inform; ANS,,,
23,SPEAKER_37,There's probably going to be hundreds if not a thousand people.,S-Inform,,,,S-Inform,,,,S-Inform,,,
24,SPEAKER_37,"I mean, just reporters, there's hundreds and hundreds of seats set up, you know, a single seat for a single reporter.",S-Inform,,,,S-Inform,,,,S-Inform,,,
25,SPEAKER_02,"And as you said, we'll also hear from surrogates from these campaigns.",S,,,,S,,,,S,,,
26,SPEAKER_02,"What are some names of people that we should expect to see, possibly even before the debate begins, and then after, as you said, to spin the media on tonight's debate?",Q-W; OQ,,,,Q-W; OQ,,,,Q-W; OQ,,,
27,SPEAKER_37,"So I just walked by California Governor Newsom, who is here for Kamala Harris.",S-Inform,,,,S-Inform,,,,S-Inform,,,
28,SPEAKER_37,"And previously I spoke to Byron Donalds, a congressman from Florida, as well as Matt Gaetz, who is also here.",S-Inform,,,,S-Inform,,,,S-Inform,,,
29,SPEAKER_37,"I mean, each candidate has about a dozen surrogates.",S,,,,S,,,,S,,,
30,SPEAKER_37,"from both sides, and they range from swing state governors to members of Congress",S,,,,S,,,,S,,,
31,SPEAKER_37,"to, you know, the vice presidents,",S,,,,S,,,,S,,,
32,SPEAKER_37,candidates who will also be here to speak to the press.,S,,,,S,,,,S,,,
33,SPEAKER_02,"Outside of the Philadelphia Convention Center, what's it like in that city, ahead of tonight's debate, for the first time these two candidates meeting each other on stage?",Q-W; OQ,,,,Q-W; OQ,,,,Q-W; OQ,,,
34,SPEAKER_37,"Yeah, so Center City, large portions of it are blocked off for the debate.",S; ANS,,,,S; ANS,,,,S; ANS,,,
35,SPEAKER_37,I spoke to some business owners who have told their employees to work from home.,S; S-Inform,,,,S; S-Inform,,,,S; S-Inform,,,
36,SPEAKER_37,"Just about an hour ago, I walked past an intersection where local residents have gathered to wait for Harris to hopefully walk out so they could catch a glimpse of her.",S; S-Inform,,,,S; S-Inform,,,,S; S-Inform,,,
37,SPEAKER_37,"And then, you know, just outside about two blogs happening about minutes ago is a pro-Palestine protest.",S; S-Inform,,,,S; S-Inform,,,,S; S-Inform,,,
38,SPEAKER_37,"You know, probably hundreds of people protesting on market streets chanting Free Free Palestine right under the billboards where the Harris campaign is advertising.",S; S-Inform,,,,S; S-Inform,,,,S; S-Inform,,,
39,SPEAKER_02,"Yeah, talk about the billboards that you've seen for the candidates in Philadelphia.",IAFA,,,,IAFA,,,,IAFA,,,
40,SPEAKER_37,"So, so far, I've only seen Harris billboards.",S; S-Inform,,,,S; S-Inform,,,,S; S-Inform,,,
41,SPEAKER_37,They've been everything ranging from being pro-Harris to highlighting Project and attaching that to Trump,S; S-Inform,,,,S; S-Inform,,,,S; S-Inform,,,
42,SPEAKER_37,"to a billboard about sizes of pretzels, a larger pretzel for Kamala Harris, a smaller piece of a pretzel for Donald Trump.",S,,,,S,,,,S,,,
43,SPEAKER_37,Most of what I have seen has come from the Harris camp.,S,,,,S,,,,S,,,
44,SPEAKER_37,How have the candidates prepared for tonight's debate?,Q-W; OQ,,,,Q-W; OQ,,,,Q-W; OQ,,,
45,SPEAKER_37,I think both camps are taking it very seriously.,S; IAFA,,IP,,S; IAFA,,IP,,S; IAFA,,IP,
46,SPEAKER_37,There's more on the line for Kamala Harris because she's just entered this race.,S,,,,S,,,,S,,,
47,SPEAKER_37,A lot of Americans don't know her just yet and don't know where she stands on the issues.,S,,,,S,,,,S,,,
48,SPEAKER_37,and so I think she has more to prove for that reason she started preparing weeks and weeks in advance even before the DNC convention you know she did a mock debate at Howard University she's done more of these in the weak sense you know and she's been watching previous Trump debates to sort of study and learn his behavior.,S; S-Inform; EXPL; HS,,IP,,S; S-Inform; EXPL; HS,,IP,,S; S-Inform; EXPL; HS,,IP,
49,SPEAKER_37,"Trump, on the other hand, says that he's not doing very much debate prep.",S,,,,S,,,,S,,,
50,SPEAKER_37,"He says that his prep is simply conducting interviews, talking to voters.",S,,,,S,,,,S,,,
51,SPEAKER_37,"But, you know, the reality is he has lots of calls on his own with his allies, talking about policy.",S,,SE,,S,,SE,,S,,SE,
52,SPEAKER_37,"With him, it's more about putting him in the right mindset You know, his aides want to see him show up at more focused, able to talk about policy and show a more personable side instead of, you know, other times he's shown up like at NABJ where he's been a little more angry, less focused and chaotic.",S,,PER,,S,,PER,,S,,PER,
53,SPEAKER_02,"It has the campaign for the former president talked about preparing him for debating a female candidate, something he hasn't done since when he ran against Hillary Clinton.",S; HS,,GB,,S; HS,,GB,,S; HS,,GB,
54,SPEAKER_02,Will he take a different approach tonight because of that dynamic?,YNQ,,GB,,YNQ,,GB,,YNQ,,GB,
55,SPEAKER_37,"I think that's the elephant in the room, but I don't think you'll see him directly mention Harris' gender or race, or at least that's the hope of his aides.",S; INT,,IP,,S; INT,,IP,,S; INT,,IP,
56,SPEAKER_37,"You know, their approach has been, you know, in some ways to highlight implicitly those differences, and that's an obvious difference that's noticeable",S,,IP; RB; GB,,S,,IP; RB; GB,,S,,IP; RB; GB,
57,SPEAKER_37,to American voters.,S,,,,S,,,,S,,,
58,SPEAKER_37,"But, you know, it's and I think",S,,,,S,,,,S,,,
59,SPEAKER_37,The Trump camp realizes that he can no longer run just on those racist or gendered remarks and attacks.,S,,ATTR; RB; GB,,S,,ATTR; RB; GB,,S,,ATTR; RB; GB,
60,SPEAKER_02,"Finally, what are you listening for tonight?",Q-W; OQ; TG,,,,Q-W; OQ; TG,,,,Q-W; OQ; TG,,,
61,SPEAKER_02,What do you think our viewers should be listening for?,Q-W; OQ; TG,,,,Q-W; OQ; TG,,,,Q-W; OQ; TG,,,
62,SPEAKER_37,"I think aside from the noise, viewers should really look for policy.",S; IAFA; IAFA-OF,,,,S; IAFA; IAFA-OF,,,,S; IAFA; IAFA-OF,,,
63,SPEAKER_37,Listen to how they talk about issues that will affect your day-to-day lives.,IAFA,,,,IAFA,,,,IAFA,,,
64,SPEAKER_37,Now ignore the noise and the personal attacks.,IAFA,,,,IAFA,,,,IAFA,,,
65,SPEAKER_37,All of that comes with politics.,S,,,,S,,,,S,,,
66,SPEAKER_37,"But, you know, what's really important, what could be new, is how Harris talks about the issues, how Trump talks about the issues, and talks about how they'll improve the economy, as well as improve issues around immigration and the border.",S,,,,S,,,,S,,,
67,SPEAKER_02,"So via Kai National Politics reporter with Axios, you can find her reporting if you go to axios.com.",S-Inform,,,,S-Inform,,,,S-Inform,,,
68,SPEAKER_02,Thank you very much.,THK,,,,THK,,,,THK,,,
69,SPEAKER_02,"Thanks. And CNN reported earlier that the vice president, in preparation for tonight's debate, spoke with Hillary Clinton about debating the former president back in what it was like for her.",S-Inform; THK,,,,S-Inform; THK,,,,S-Inform; THK,,,
70,SPEAKER_02,"MSNBC, the Madel blog, also reporting similar that the phone call was made between the vice president and the former Democratic candidate in and they report that they spoke recently and repeatedly.",S-Inform,,,,S-Inform,,,,S-Inform,,,
71,SPEAKER_02,"Now, again, tonight's debate by ABC, hosted by ABC, starts at p.m.",S-Inform,,,,S-Inform,,,,S-Inform,,,
72,SPEAKER_02,"Eastern time, and we'll be simulcasting that debate here on C-SPAN.",S-Inform,,,,S-Inform,,,,S-Inform,,,
73,SPEAKER_02,"And ahead of that, we want to know from you what you want to hear from the candidates tonight.",OQ; S,,,,OQ; S,,,,OQ; S,,,
74,SPEAKER_02,"If you are supporting the vice president, your line, 202-748-8920.",S-Inform,,,,S-Inform,,,,S-Inform,,,
75,SPEAKER_02,"If you're supporting the former president, 202-748-8921.",S-Inform,,,,S-Inform,,,,S-Inform,,,
76,SPEAKER_02,"If you have another candidate, 202-748-8922.",S-Inform,,,,S-Inform,,,,S-Inform,,,
77,SPEAKER_02,"And if you're undecided, 202-748-8923.",S-Inform,,,,S-Inform,,,,S-Inform,,,
78,SPEAKER_02,"Let's go to Shonda, who's in Dayton, Ohio, Republican.",S; TG,,,,S; TG,,,,S; TG,,,
79,SPEAKER_02,"Shonda, what do you want these candidates to talk about tonight?",Q-W; OQ; TG,,,,Q-W; OQ; TG,,,,Q-W; OQ; TG,,,
80,SPEAKER_18,I don't really know what to say about that.,S,,,,S,,,,S,,,
81,SPEAKER_18,I just want to let Trump that I believe in him.,S; IAFA,,IP,,S; IAFA,,IP,,S; IAFA,,IP,
82,SPEAKER_18,I didn't use to and everything they've done.,S,,,,S,,,,S,,,
83,SPEAKER_18,It just shows he's everything he said he would look at the immigration.,S,,IP,,S,,IP,,S,,IP,
84,SPEAKER_18,"You know, it's sad and we blame Harris streets and for the country.",S,,PER; ATTR,,S,,PER; ATTR,,S,,PER; ATTR,
85,SPEAKER_02,"All right, that was a call from Ohio.",S; ACK,,,,S; ACK,,,,S; ACK,,,
86,SPEAKER_02,"We'll go to Angela and Lynchburg, Virginia Democratic caller.",S; TG,,,,S; TG,,,,S; TG,,,
87,SPEAKER_02,"Hi, hi.",GR,,,,GR,,,,GR,,,
88,SPEAKER_02,Can you hear me?,YNQ,,,,YNQ,,,,YNQ,,,
89,SPEAKER_02,"Yes, we can.",ANS,,UF,,ANS,,UF,,ANS,,UF,
90,SPEAKER_28,Thank you so much for accepting my call.,THK,,,,THK,,,,THK,,,
91,SPEAKER_28,I want to see Harris go out there and be presidential.,S; IAFA,,IP,,S; IAFA,,IP,,S; IAFA,,IP,
92,SPEAKER_28,"I'm originally from New Jersey, and I know Trump and his lies, what he did for Atlantic City.",S; HS,,PER; ATTR,,S; HS,,PER; ATTR,,S; HS,,PER; ATTR,
93,SPEAKER_28,"Nobody wanted to talk about it, and even when I was in New Jersey, they swept that under the rug, how he lied to his creditors, filed bankruptcy, and left Atlantic City in a disarray, and he walked away scot-free.",S-Inform; HS,,PER; ATTR; SE,,S-Inform; HS,,PER; ATTR; SE,,S-Inform; HS,,PER; ATTR; SE,
94,SPEAKER_28,He's been lying ever since.,S,,PER,,S,,PER,,S,,PER,
95,SPEAKER_28,He's been in the White House.,S,,,,S,,,,S,,,
96,SPEAKER_28,"And New Jerseyans know, if you know, you know, but he's been bad for the country.",S,,ATTR,,S,,ATTR,,S,,ATTR,
97,SPEAKER_28,"I'm totally disappointed in what he's done, especially with COVID.",S,,IP; ATTR,,S,,IP; ATTR,,S,,IP; ATTR,
98,SPEAKER_28,"So coming out with Kamala Harris and Joe Biden, They've done better for the country.",S,,IP,,S,,IP,,S,,IP,
99,SPEAKER_28,"And I know moving forward, she will be the one that will take it to the next level.",S,,IP,,S,,IP,,S,,IP,
100,SPEAKER_28,All right.,ACK,,,,ACK,,,,ACK,,,
101,SPEAKER_28,America needs this.,S,,AE,,S,,AE,,S,,AE,
102,SPEAKER_02,"Angela, you think an effective strategy for her is to call him a liar repeatedly tonight?",YNQ,,PER; BQ,,YNQ,,PER; BQ,,YNQ,,PER; BQ,
103,SPEAKER_28,"Yes, because the simple fact of the matter is, when he was in office, the press said nothing.",S; ANS; EXPL,,ATTR,,S; ANS; EXPL,,ATTR,,S; ANS; EXPL,,ATTR,
104,SPEAKER_28,"They wanted to fact check, but they never called him out until the last part of his presidency.",S,,ATTR; SE,,S,,ATTR; SE,,S,,ATTR; SE,
105,SPEAKER_28,He's lying.,S; CH,,PER; ATTR,,S; CH,,PER; ATTR,,S; CH,,PER; ATTR,
106,SPEAKER_28,He's lying.,S; CH,,PER; ATTR,,S; CH,,PER; ATTR,,S; CH,,PER; ATTR,
107,SPEAKER_28,He's lying.,S; CH,,PER; ATTR,,S; CH,,PER; ATTR,,S; CH,,PER; ATTR,
108,SPEAKER_28,He's lying.,S; CH,,PER; ATTR,,S; CH,,PER; ATTR,,S; CH,,PER; ATTR,
109,SPEAKER_28,"CNN has a reporter, Daniel Dale, that made his job, his career on reporting lies from Donald Trump.",S; S-Inform,,PER; ATTR,,S; S-Inform,,PER; ATTR,,S; S-Inform,,PER; ATTR,
110,SPEAKER_28,But that was because the media never said he's flying from COVID on back.,S; EXPL,,ATTR; CB,,S; EXPL,,ATTR; CB,,S; EXPL,,ATTR; CB,
111,SPEAKER_02,"Okay, and Angela for our viewers you are there are multiple websites that you can go to that are fact-checking tonight's debate and you yourself can go and",S; IAFA,,,,S; IAFA,,,,S; IAFA,,,
112,SPEAKER_02,checked for yourself.,IAFA,,,,IAFA,,,,IAFA,,,
113,SPEAKER_02,Did they tell the truth?,YNQ,,,,YNQ,,,,YNQ,,,
114,SPEAKER_02,There's a politifact.,S,,,,S,,,,S,,,
115,SPEAKER_02,"There's multiple websites, New York Times, Washington Post.",S,,,,S,,,,S,,,
116,SPEAKER_02,They do fact-checking of tonight's debate.,S,,,,S,,,,S,,,
117,SPEAKER_02,"For the rules tonight, let's go through them.",IAFA; TT,,,,IAFA; TT,,,,IAFA; TT,,,
118,SPEAKER_02,For ABCs has laid out and that both parties have accepted these rules.,S,,,,S,,,,S,,,
119,SPEAKER_02,The debate will run minutes.,S-Inform,,,,S-Inform,,,,S-Inform,,,
120,SPEAKER_02,"The microphones will be muted, except for when the candidate who's speaking, when it's their turn.",S,,,,S,,,,S,,,
121,SPEAKER_02,There are no props or pre-written notes allowed.,S,,,,S,,,,S,,,
122,SPEAKER_02,"The candidates will be provided a pen, pad of paper, and a bottle of water.",S,,,,S,,,,S,,,
123,SPEAKER_02,There'll be two commercial breaks.,S-Inform,,,,S-Inform,,,,S-Inform,,,
124,SPEAKER_02,They will have podiums that look exactly like No opening statements by the candidates.,S,,,,S,,,,S,,,
125,SPEAKER_02,And the order of closing statements and positions were determined by a coin flip.,S,,,,S,,,,S,,,
126,SPEAKER_02,Former President Donald Trump won the coin toss and chose to select the order of statements.,S; HS,,,,S; HS,,,,S; HS,,,
127,SPEAKER_02,He will offer the last closing statement.,S,,,,S,,,,S,,,
128,SPEAKER_02,And the vice president chose to stand at the right podium position on the screen and no studio audience.,S,,,,S,,,,S,,,
129,SPEAKER_02,"So very similar to that first debate back in June between former president and then the Democratic candidate for president, President Biden.",S; HS,,,,S; HS,,,,S; HS,,,
130,SPEAKER_02,"Tonight's moderators from ABC, David Muir, who has joined ABC in He's the anchor of World News Tonight, co-anchor of went to Ithaca College, graduated in",S; HS,,,,S; HS,,,,S; HS,,,
131,SPEAKER_02,"His co-moderator is Lindsay Davis, joined ABC in She's the anchor of ABC News Live Prime.",S; HS,,,,S; HS,,,,S; HS,,,
132,SPEAKER_02,Two Emmy Award wins and graduated from the University of Virginia in They will be asking the questions tonight.,S-Inform; HS,,,,S-Inform; HS,,,,S-Inform; HS,,,
133,SPEAKER_02,What answers do you want to hear from these candidates?,Q-W; OQ,,,,Q-W; OQ,,,,Q-W; OQ,,,
134,SPEAKER_02,Kerry and South Windsor Connecticut Republican.,S,,,,S,,,,S,,,
135,SPEAKER_20,"Well, first of all, I hope that there is a difference in the tone and civility between the two of them.",S; IAFA,,IP,,S; IAFA,,IP,,S; IAFA,,IP,
136,SPEAKER_20,And there's no ad hominem attacks.,S,,,,S,,,,S,,,
137,SPEAKER_20,and that not only how,S,,,,S,,,,S,,,
138,SPEAKER_20,"things will be done, but when they will be done, aside from a macro view of what should be done.",S,,,,S,,,,S,,,
139,SPEAKER_20,So more practical than ideological ideas based upon who they are as candidates.,S,,,,S,,,,S,,,
140,SPEAKER_20,I really feel that the past record of Kamala Harris speaks volumes about,S; IAFA,,IP,,S; IAFA,,IP,,S; IAFA,,IP,
141,SPEAKER_20,her record.,S,,,,S,,,,S,,,
142,SPEAKER_20,"not her personality, but her record,",S; CORR,,,,S; CORR,,,,S; CORR,,,
143,SPEAKER_20,and that the comparison compared to the achievements of former President Trump,S,,SE,,S,,SE,,S,,SE,
144,SPEAKER_20,while he was in office on many different levels,S,,,,S,,,,S,,,
145,SPEAKER_20,will ultimately prove to be very effective in him winning.,S,,IP; CB,,S,,IP; CB,,S,,IP; CB,
146,SPEAKER_02,"So Carrie, you want your candidate to stick to policy tonight?",YNQ; TG,,,,YNQ; TG,,,,YNQ; TG,,,
147,SPEAKER_02,Absolutely. And do you think he did that during the first debate when he squared off against current President Joe Biden?,YNQ; ANS; TG,,,,YNQ; ANS; TG,,,,YNQ; ANS; TG,,,
148,SPEAKER_20,"Well, I think he went back and forth.",S; ANS,,IP,,S; ANS,,IP,,S; ANS,,IP,
149,SPEAKER_20,"He's only human, but I think the fact is that not only what you want to accomplish, but how you will accomplish it and when.",S; IAFA,,IP,,S; IAFA,,IP,,S; IAFA,,IP,
150,SPEAKER_20,So we as voters have an indication of what we can expect for the first term.,S,,IP,,S,,IP,,S,,IP,
151,SPEAKER_02,"OK, what are his vulnerabilities tonight?",Q-W; TG,,,,Q-W; TG,,,,Q-W; TG,,,
152,SPEAKER_02,"Carrie, do you think?",YNQ; TG,,,,YNQ; TG,,,,YNQ; TG,,,
153,SPEAKER_20,"I think his temper and his persona, if",S,,PER; IP,,S,,PER; IP,,S,,PER; IP,
154,SPEAKER_20,"he's able to rile him, if you will, and he loses composure, it could be a different candidate than we see.",S,,PER,,S,,PER,,S,,PER,
155,SPEAKER_20,But I also think if he sticks to the record of Kamala Harris,S,,IP,,S,,IP,,S,,IP,
156,SPEAKER_20,"factually for the past year, she's been there and has virtually accomplished very little,",S; CH,,PER; ATTR; SE,,S; CH,,PER; ATTR; SE,,S; CH,,PER; ATTR; SE,
157,SPEAKER_20,especially as our borders are.,S,,AF; SE,,S,,AF; SE,,S,,AF; SE,
158,SPEAKER_20,And your first role is by constitution to protect the country.,S,,APAT,,S,,APAT,,S,,APAT,
159,SPEAKER_20,"And let's face it, we have open borders, and it's not good for any of us.",S; IAFA,,AF; IP,,S; IAFA,,AF; IP,,S; IAFA,,AF; IP,
160,SPEAKER_20,"And at some point, we will, it will be brought to bear what's been happening here the past three and a half years.",S,,AF,,S,,AF,,S,,AF,
161,SPEAKER_02,"Okay. Gregory, in Chicago, Democratic caller.",ACK; TG,,,,ACK; TG,,,,ACK; TG,,,
162,SPEAKER_24,"Yes, how are you doing?",YNQ; GR,,,,YNQ; GR,,,,YNQ; GR,,,
163,SPEAKER_24,Hi Gregory.,GR,,,,GR,,,,GR,,,
164,SPEAKER_24,"Look, I think that this is a misfit.",S; INT,,PER,,S; INT,,PER,,S; INT,,PER,
165,SPEAKER_24,Trump do not like his self.,S,,PER,,S,,PER,,S,,PER,
166,SPEAKER_24,He don't like his kids.,S,,PER,,S,,PER,,S,,PER,
167,SPEAKER_24,He don't love the country.,S,,PER,,S,,PER,,S,,PER,
168,SPEAKER_24,Cameron Harris,TG,,,,TG,,,,TG,,,
169,SPEAKER_24,"has not done a lot, but I think she stands for everything that she put out in front of us.",S,,IP,,S,,IP,,S,,IP,
170,SPEAKER_24,We are fighting a war.,S,,AF,,S,,AF,,S,,AF,
171,SPEAKER_24,We're fighting,S,,,,S,,,,S,,,
172,SPEAKER_24,another country.,S,,,,S,,,,S,,,
173,SPEAKER_24,"And I think that with Trump, The Ku Klux Klan will come out even worse if he's in office.",S,,AF; PER; IP,,S,,AF; PER; IP,,S,,AF; PER; IP,
174,SPEAKER_24,I think that we would have to bear arms.,S,,AF; IP,,S,,AF; IP,,S,,AF; IP,
175,SPEAKER_24,And that's the same.,S,,,,S,,,,S,,,
176,SPEAKER_02,"So Gregory, what do you want to hear from the vice president then tonight on the debate stage?",Q-W; OQ; TG,,,,Q-W; OQ; TG,,,,Q-W; OQ; TG,,,
177,SPEAKER_24,I want to hear.,S,,,,S,,,,S,,,
178,SPEAKER_24,"Well, I heard everything that she stand for.",S,,,,S,,,,S,,,
179,SPEAKER_24,She stand for rights.,S,,,,S,,,,S,,,
180,SPEAKER_24,She stand for people.,S,,,,S,,,,S,,,
181,SPEAKER_24,"She stand for people that's having a abortion, even if they've been raped.",S,,AE,,S,,AE,,S,,AE,
182,SPEAKER_02,"Okay, and Gregory, what kind of style, what kind of debate style should she present?",Q-W; ACK,,,,Q-W; ACK,,,,Q-W; ACK,,,
183,SPEAKER_02,What about her tone?,Q-W,,,,Q-W,,,,Q-W,,,
184,SPEAKER_02,What do you think she should do?,OQ; TG,,,,OQ; TG,,,,OQ; TG,,,
185,SPEAKER_24,"Her tone is mild matter, and I think she should stay there.",S; IAFA,,IP,,S; IAFA,,IP,,S; IAFA,,IP,
186,SPEAKER_24,Don't let Donald Trump get you heated.,IAFA,,,,IAFA,,,,IAFA,,,
187,SPEAKER_24,"I think that God is on her side and I think God is on all of my side, but I think that she will be in office and I pray that that was happening.",S,,APAT; IP,,S,,APAT; IP,,S,,APAT; IP,
188,SPEAKER_02,"All right, Gregory's thoughts there in Illinois.",S,,,,S,,,,S,,,
189,SPEAKER_02,"Here joining us this evening to talk about debate style and strategy is Julia Azari, who is a political science professor at Marquette University.",S; GR,,,,S; GR,,,,S; GR,,,
190,SPEAKER_02,"Julia Azari, let's talk about debate style and beginning with the former president.",TT; MS,,,,TT; MS,,,,TT; MS,,,
191,SPEAKER_02,"Broadly, how would you describe his debate style?",Q-W; OQ,,,,Q-W; OQ,,,,Q-W; OQ,,,
192,SPEAKER_35,"Well, I think the two words that come to mind are confident and confrontational.",IAFA; ANS,,IP,,IAFA; ANS,,IP,,IAFA; ANS,,IP,
193,SPEAKER_35,"I think he, particularly in wasn't afraid to kind of talk about his opponent's record.",S; IAFA,,IP,,S; IAFA,,IP,,S; IAFA,,IP,
194,SPEAKER_35,He wasn't afraid to be very confrontational.,S,,,,S,,,,S,,,
195,SPEAKER_35,"But also, I think what really came out",S,,IP,,S,,IP,,S,,IP,
196,SPEAKER_35,"in the most recent debate with the current president, former candidate Joe Biden, was that Trump is really able to deliver lines in a sort of confident and simple way even when some of those lines are being fact-checked and are, in fact, at odds with the truth of the facts.",S; CH,,IP,,S; CH,,IP,,S; CH,,IP,
197,SPEAKER_02,"Let's talk about the tonight's debate and the fact that this is the first time he's going up against a female candidate since he ran against Hillary Clinton in CNN reporting, MSNBC reporting, that the former president, the vice president, excuse me,",TT; MS; HS,,,,TT; MS; HS,,,,TT; MS; HS,,,
198,SPEAKER_02,has reached out repeatedly to Hillary Clinton to talk about debating the former president.,S-Inform; HS,,,,S-Inform; HS,,,,S-Inform; HS,,,
199,SPEAKER_02,Let's go back to,MS,,,,MS,,,,MS,,,
200,SPEAKER_02,Here's the moment from the second debate in where Donald Trump pressed the former Secretary of State Hillary Clinton on her handling of sensitive emails while serving as the nation's top diplomat.,S-Inform; HS,,,,S-Inform; HS,,,,S-Inform; HS,,,
201,SPEAKER_32,I am going to instruct my Attorney General.,S,,IT,,S,,IT,,S,,IT,
202,SPEAKER_32,"to get a special prosecutor to look into your situation because there has never been so many lies, so much deception, there has never been anything like it.",S; EXPL; CH,,PER; ATTR; AEX,,S; EXPL; CH,,PER; ATTR; AEX,,S; EXPL; CH,,PER; ATTR; AEX,
203,SPEAKER_32,And we're going to have a special prosecutor.,S,,IT,,S,,IT,,S,,IT,
204,SPEAKER_32,"When I speak, I go out and speak.",S,,,,S,,,,S,,,
205,SPEAKER_32,the people of this country are furious.,S,,AE,,S,,AE,,S,,AE,
206,SPEAKER_32,"In my opinion, the people that have been long-term workers at the FBI are furious.",S,,AE; IP,,S,,AE; IP,,S,,AE; IP,
207,SPEAKER_32,"There has never been anything like this where emails and you get a subpoena, you get a subpoena and after getting the subpoena, you delete emails and then you acid wash them or bleach them as you would say, a very expensive process.",S; CH,,PER; ATTR; SE,,S; CH,,PER; ATTR; SE,,S; CH,,PER; ATTR; SE,
208,SPEAKER_32,"So we're going to get a special prosecutor and we're going to look into it because you know what, people have been",S,,IT,,S,,IT,,S,,IT,
209,SPEAKER_32,Their lives have been destroyed for doing one-fifth of what you've done.,S; CH,,PER; ATTR; REB,,S; CH,,PER; ATTR; REB,,S; CH,,PER; ATTR; REB,
210,SPEAKER_32,And it's a disgrace.,S,,PER,,S,,PER,,S,,PER,
211,SPEAKER_32,"And honestly, you ought to be ashamed of yourself.",S,,PER,,S,,PER,,S,,PER,
212,SPEAKER_14,It's just awfully good that someone with the temperament of Donald Trump is not in charge of the law in our country.,S,,PER; IP,,S,,PER; IP,,S,,PER; IP,
213,SPEAKER_32,Because you'd be in jail.,S; EXPL,,AF; PER,,S; EXPL,,AF; PER,,S; EXPL,,AF; PER,
214,SPEAKER_02,"Julia Zari, what would you say?",Q-W; TG,,,,Q-W; TG,,,,Q-W; TG,,,
215,SPEAKER_02,How does this reflect the former president's debate style?,Q-W; OQ,,,,Q-W; OQ,,,,Q-W; OQ,,,
216,SPEAKER_35,"I think this really does illustrate my point about him being quite confrontational and in this case not afraid to be pretty, maybe personal is not the right word, but to be really direct and get in his opponent's face and say you'll be in jail.",S; ANS,,IP,,S; ANS,,IP,,S; ANS,,IP,
217,SPEAKER_35,I think one of the kind of key takeaway points from that is that it fits in clearly with the broader campaign strategy of trying to rile up populist anger.,S; ANS,,IP,,S; ANS,,IP,,S; ANS,,IP,
218,SPEAKER_35,I think this is one of the most important things to think about with debate style is that it doesn't happen in a vacuum.,S,,IP,,S,,IP,,S,,IP,
219,SPEAKER_35,It happens in the broader context of the campaign and it happens in terms of what,S,,,,S,,,,S,,,
220,SPEAKER_35,"candidates are trying to portray about themselves and their opponents, what kinds of messages are trying to send to the electorate about what's important and how the electorate is receiving those messages.",S,,,,S,,,,S,,,
221,SPEAKER_35,And I think that's really where Trump kind of highlighted two key things that we still remember from that campaign.,S; IAFA; MS,,AE; PB,,S; IAFA; MS,,AE; PB,,S; IAFA; MS,,AE; PB,
222,SPEAKER_35,And what is the anger and the populist frustration,Q-W,,,,Q-W,,,,Q-W,,,
223,SPEAKER_35,"among Trump's supporters in the way that they were thinking about politics, not just as policy disagreement, but as something to really be worked up about.",S,,,,S,,,,S,,,
224,SPEAKER_35,"And on the other hand, that's also very well remembered among Trump's political opponents as a real kind of line crossed in a political debate to talk about jailing a political opponent.",S,,PER,,S,,PER,,S,,PER,
225,SPEAKER_02,"We heard from a viewer earlier that, and a supporter of the former president, that he hopes his candidate sticks to policy tonight.",S,,,,S,,,,S,,,
226,SPEAKER_02,"I want to show our viewers from the debate in June when he was debating the current president, Joe Biden, at that CNN debate, when he was talking about his economic policy.",S; TT; HS,,,,S; TT; HS,,,,S; TT; HS,,,
227,SPEAKER_01,You want to impose a tariff on all goods coming into the US.,S,,,,S,,,,S,,,
228,SPEAKER_01,How will you ensure that that doesn't drive prices even higher?,Q-W,,CB,,Q-W,,CB,,Q-W,,CB,
229,SPEAKER_32,Not going to drive them higher.,S,,,,S,,,,S,,,
230,SPEAKER_32,It's just going to cost countries that have been ripping us off for years like China and many others in all fairness to China.,S; CH,,PB; ATTR; CBias,,S; CH,,PB; ATTR; CBias,,S; CH,,PB; ATTR; CBias,
231,SPEAKER_32,"It's going to just force them to pay us a lot of money, reduce our deficit tremendously, and give us a lot of power for other things.",S,,CB; SE,,S,,CB; SE,,S,,CB; SE,
232,SPEAKER_32,But he made a statement.,S,,REB,,S,,REB,,S,,REB,
233,SPEAKER_32,The only thing he was right about is I gave you the largest tax cut in history.,S,,IT; SE,,S,,IT; SE,,S,,IT; SE,
234,SPEAKER_32,I also gave you the largest regulation cut in history.,S-Inform,,IT,,S-Inform,,IT,,S-Inform,,IT,
235,SPEAKER_32,That's why we had all the jobs.,S; EXPL,,IT; CB,,S; EXPL,,IT; CB,,S; EXPL,,IT; CB,
236,SPEAKER_32,The tax cut spurred the greatest economy that we've ever seen just prior to COVID.,S,,IT; SE,,S,,IT; SE,,S,,IT; SE,
237,SPEAKER_32,"And even after COVID, it was so strong that we were able to get through COVID much better than just about any other country.",S,,IT; SE,,S,,IT; SE,,S,,IT; SE,
238,SPEAKER_32,The country was going like never before.,S,,IT; SE,,S,,IT; SE,,S,,IT; SE,
239,SPEAKER_32,And we were ready to start paying down debt.,S,,,,S,,,,S,,,
240,SPEAKER_32,"We already start using the liquid gold right under our feet, the oil and gas right under our feet.",S,,IT,,S,,IT,,S,,IT,
241,SPEAKER_32,We were going to have something that nobody else has had.,S,,IT,,S,,IT,,S,,IT,
242,SPEAKER_32,We got hit with COVID.,S,,,,S,,,,S,,,
243,SPEAKER_32,We did a lot to fix it.,S,,IT,,S,,IT,,S,,IT,
244,SPEAKER_32,I gave him an unbelievable situation with all of the therapeutics and all of the things that we came up with.,S,,IT,,S,,IT,,S,,IT,
245,SPEAKER_32,We gave him something great.,S,,IT,,S,,IT,,S,,IT,
246,SPEAKER_02,"Professor Ozari, we've also, there's been reporting that the former president's campaign staff wants him to do what he did in June tonight.",S; S-Inform,,,,S; S-Inform,,,,S; S-Inform,,,
247,SPEAKER_02,"That is, stick to policy.",S,,,,S,,,,S,,,
248,SPEAKER_02,Why is that effective?,Q-W; SEEP,,CB,,Q-W; SEEP,,CB,,Q-W; SEEP,,CB,
249,SPEAKER_35,"Well, I think there's a couple ways of thinking about this.",S; INT,,,,S; INT,,,,S; INT,,,
250,SPEAKER_35,One is this kind of assumption.,S,,,,S,,,,S,,,
251,SPEAKER_35,"And honestly, I think as a political scientist, the evidence on this is a little bit mixed.",S,,IP,,S,,IP,,S,,IP,
252,SPEAKER_35,"There's this idea that people are turned off when it's too negative, that people are turned off when it's too personal.",S,,,,S,,,,S,,,
253,SPEAKER_35,It's not clear that that is actually true.,S,,IP,,S,,IP,,S,,IP,
254,SPEAKER_35,It would be great if it were.,S,,,,S,,,,S,,,
255,SPEAKER_35,But there is some evidence.,S,,,,S,,,,S,,,
256,SPEAKER_35,People like to be rallied to their team.,S,,CB,,S,,CB,,S,,CB,
257,SPEAKER_35,I think what?,Q-W,,,,Q-W,,,,Q-W,,,
258,SPEAKER_35,"What's going on there a bit is that Trump's campaign, his campaign, his handlers are really wanting him to kind of frame the debate in terms of what people remember about his presidency that was good.",S,,IP,,S,,IP,,S,,IP,
259,SPEAKER_35,And there were many things about the political environment that were that were quite calm and tranquil and good for people prior to the pandemic.,S,,IP,,S,,IP,,S,,IP,
260,SPEAKER_35,"That's a big, that's a big asterisk.",S,,,,S,,,,S,,,
261,SPEAKER_35,"But there's public opinion that suggests that that's some of what people remember about Trump was strong economy, a couple of pretty solid",S; S-Inform,,SE,,S; S-Inform,,SE,,S; S-Inform,,SE,
262,SPEAKER_35,years in the United States.,S,,,,S,,,,S,,,
263,SPEAKER_35,"And obviously not everybody remembers it that way, but I think that's what they want to clue into and kind of stick to those policies, stick to that record, think about how to contrast it with Biden's record, rather than getting into some of the more personal attacks, rather than getting into some of the kind of areas where Trump might go down some venues that are harder to explain.",S,,IP,,S,,IP,,S,,IP,
264,SPEAKER_35,"It doesn't seem like some of the attacks on Vice President Harris' identity are landing very well, so it's a fine line between rallying your team, being a little funny, reminding people why they don't like the other side, and being overly personal, going into attacks that maybe don't map onto what voters are interested in or thinking about.",S,,IP,,S,,IP,,S,,IP,
265,SPEAKER_02,"Moving to the vice president, how would you describe her debate style?",Q-W; OQ; TG,,,,Q-W; OQ; TG,,,,Q-W; OQ; TG,,,
266,SPEAKER_35,"also kind of describe her style as a little bit confrontational, I think, in a different way.",S,,IP,,S,,IP,,S,,IP,
267,SPEAKER_35,But you can tell in the way she debates that she's a former attorney.,S,,,,S,,,,S,,,
268,SPEAKER_35,"You can tell that she's comfortable in that context, that she's not somebody who is trying to reconcile, trying to be jovial, trying to be calm, and sort of thinking about it in contrast with the way that Obama debated, the way that",S,,IP,,S,,IP,,S,,IP,
269,SPEAKER_35,Biden debates.,S,,,,S,,,,S,,,
270,SPEAKER_35,I think it's different.,S; IAFA,,IP,,S; IAFA,,IP,,S; IAFA,,IP,
271,SPEAKER_35,"I think her, her comfort in a kind of context where she has an opponent, she's a clear opponent, she has a job she's trying to get done.",S,,IP,,S,,IP,,S,,IP,
272,SPEAKER_35,I think that really comes out.,S,,IP,,S,,IP,,S,,IP,
273,SPEAKER_35,She's not afraid to express an opinion that might really rile the person she's debating against.,S,,,,S,,,,S,,,
274,SPEAKER_35,"That's, you know, I think that all comes through.",S,,IP,,S,,IP,,S,,IP,
275,SPEAKER_02,"Let's start with her debate, her first national debate, and that's when she squared off against the former president's vice president, Mike Pence.",IAFA; HS,,,,IAFA; HS,,,,IAFA; HS,,,
276,SPEAKER_02,The moment that people point to is when the vice president was interrupting her.,S,,,,S,,,,S,,,
277,SPEAKER_02,Let's watch.,IAFA,,,,IAFA,,,,IAFA,,,
278,SPEAKER_02,Senator Harris.,TG,,,,TG,,,,TG,,,
279,SPEAKER_33,"Well, I mean, we saw enough of it in last week's debate, but I think this is supposed to be a debate based on fact and truth.",S; MS,,IP; REB,,S; MS,,IP; REB,,S; MS,,IP; REB,
280,SPEAKER_33,"And the truth and the fact is, Joe Biden has been very clear he will not raise taxes on anybody who makes less than a year.",S-Inform,,REB; SE,,S-Inform,,REB; SE,,S-Inform,,REB; SE,
281,SPEAKER_06,He said he's going to repeal the Trump tax cuts.,S-Inform,,REB,,S-Inform,,REB,,S-Inform,,REB,
282,SPEAKER_33,"Mr. Vice President, I'm speaking.",TT,,,,TT,,,,TT,,,
283,SPEAKER_33,I'm speaking.,TT,,,,TT,,,,TT,,,
284,SPEAKER_06,It'd be important if you said the truth.,S; CH,,AEX; REB,,S; CH,,AEX; REB,,S; CH,,AEX; REB,
285,SPEAKER_06,Joe Biden said twice in the debate last week that he's going to repeal the Trump tax cuts.,S-Inform; CH,,REB; SE,,S-Inform; CH,,REB; SE,,S-Inform; CH,,REB; SE,
286,SPEAKER_06,That was tax cuts that gave the average working family,S-Inform,,SE,,S-Inform,,SE,,S-Inform,,SE,
287,SPEAKER_06,in a tax break every single year.,S-Inform,,SE,,S-Inform,,SE,,S-Inform,,SE,
288,SPEAKER_33,"Senator, that's the math.",S; CH,,REB,,S; CH,,REB,,S; CH,,REB,
289,SPEAKER_33,That is absolutely not true.,REJ; CH,,REB,,REJ; CH,,REB,,REJ; CH,,REB,
290,SPEAKER_06,Is he only going to repeal part of the Trump tax cuts?,YNQ,,BQ; REB,,YNQ,,BQ; REB,,YNQ,,BQ; REB,
291,SPEAKER_33,"If you don't mind letting me finish, we can then have a conversation.",TT; T-REQ,,,,TT; T-REQ,,,,TT; T-REQ,,,
292,SPEAKER_33,Joe Biden will not raise taxes on anyone who makes less than a year.,S; CH,,REB,,S; CH,,REB,,S; CH,,REB,
293,SPEAKER_33,He has been very clear about that.,S,,,,S,,,,S,,,
294,SPEAKER_33,Joe Biden will not end fracking.,S; CH,,REB,,S; CH,,REB,,S; CH,,REB,
295,SPEAKER_33,He has been very clear about that.,S,,,,S,,,,S,,,
296,SPEAKER_33,Joe Biden.,S,,,,S,,,,S,,,
297,SPEAKER_35,"I mean, people are still talking about it.",S,,,,S,,,,S,,,
298,SPEAKER_35,"And certainly, I think, you know, when we have these debates, not dissimilar to what we just saw with the other candidate, it's not the things that they say, and particularly these confrontational styles, not going to work for everybody.",S,,DF; IP,,S,,DF; IP,,S,,DF; IP,
299,SPEAKER_35,"So this is not a style that's intended necessarily to win over skeptics, but it was such an interesting moment because",S,,IP,,S,,IP,,S,,IP,
300,SPEAKER_35,"Every professional woman who's been in a professional meeting kind of knows that feeling of being interrupted, and she just leaned into it.",S,,GB,,S,,GB,,S,,GB,
301,SPEAKER_35,She just owned it.,S,,,,S,,,,S,,,
302,SPEAKER_35,"And what this sort of suggests to me, and what I've been sort of thinking about since we've had so few examples of a woman in this debate context on the presidential stage,",S,,IP,,S,,IP,,S,,IP,
303,SPEAKER_35,is that I think this is a little bit part of her,S,,IP,,S,,IP,,S,,IP,
304,SPEAKER_35,"really taking steps using the debate context to try and define the meaning of being a woman, of being a person of color.",S,,RB; GB,,S,,RB; GB,,S,,RB; GB,
305,SPEAKER_35,She uses the debate.,S,,,,S,,,,S,,,
306,SPEAKER_35,I don't know if it's always effective.,S,,IP,,S,,IP,,S,,IP,
307,SPEAKER_35,"Again, it doesn't always land with everybody and the vice presidential debate is a tricky one because I think it kind of tends to happen and then people like you and me talk about it,",S,,IP,,S,,IP,,S,,IP,
308,SPEAKER_35,"and I remember talking about it with my students the day after, but then it sort of fades from view for the most part.",S; HS,,,,S; HS,,,,S; HS,,,
309,SPEAKER_35,"I do think the fact that we are still talking about this, though, is very much",S; IAFA,,GB,,S; IAFA,,GB,,S; IAFA,,GB,
310,SPEAKER_35,"about gender, and is very much her effort to frame what her gender in this historic context means.",S; HS,,GB,,S; HS,,GB,,S; HS,,GB,
311,SPEAKER_02,Let's go to in the primary cycle of,MS; HS,,,,MS; HS,,,,MS; HS,,,
312,SPEAKER_02,"And this is one of the moments between,",S; HS,,,,S; HS,,,,S; HS,,,
313,SPEAKER_02,in the second Democratic primary debate between Kamala Harris and then candidate Joe Biden on this stage.,S; HS,,,,S; HS,,,,S; HS,,,
314,SPEAKER_02,Take a listen.,IAFA,,,,IAFA,,,,IAFA,,,
315,SPEAKER_33,"I do not believe you are a racist, and I agree with you when you commit yourself to the importance of finding common ground.",S; AGR,,UF; IP,,S; AGR,,UF; IP,,S; AGR,,UF; IP,
316,SPEAKER_33,"But I also believe, and it's personal, and it was actually very, it was hurtful.",S,,AE; IP,,S,,AE; IP,,S,,AE; IP,
317,SPEAKER_33,to hear you talk about the reputations of two United States senators who built their reputations and career on the segregation of race in this country.,S; CH,,IP; REB; RB,,S; CH,,IP; REB; RB,,S; CH,,IP; REB; RB,
318,SPEAKER_33,You also worked with them to oppose busing.,S; CH,,ATTR; REB; RB,,S; CH,,ATTR; REB; RB,,S; CH,,ATTR; REB; RB,
319,SPEAKER_33,"And, you know, there was a little girl in California who was part of the second class to integrate her public schools.",S; HS,,AE,,S; HS,,AE,,S; HS,,AE,
320,SPEAKER_33,And she was bused to school every day.,S,,,,S,,,,S,,,
321,SPEAKER_33,And that little girl was me.,S; HS,,AE,,S; HS,,AE,,S; HS,,AE,
322,SPEAKER_33,"So I will tell you that on this subject, it cannot be an intellectual debate among Democrats.",S; IAFA,,IP,,S; IAFA,,IP,,S; IAFA,,IP,
323,SPEAKER_33,We have to take it seriously.,S,,UF,,S,,UF,,S,,UF,
324,SPEAKER_33,We have to act swiftly.,S,,UF,,S,,UF,,S,,UF,
325,SPEAKER_02,"Professor Azari, what was she doing there?",Q-W; TG,,,,Q-W; TG,,,,Q-W; TG,,,
326,SPEAKER_35,"Well, this is a really great question.",S; ACK,,,,S; ACK,,,,S; ACK,,,
327,SPEAKER_35,This is one of the iconic moments of that very crowded and very busy,S,,,,S,,,,S,,,
328,SPEAKER_35,primary season.,S,,,,S,,,,S,,,
329,SPEAKER_35,"And I think, I mean, mainly what she was doing was what we expect candidates to do in that setting, which is attack the front runner.",S,,IP,,S,,IP,,S,,IP,
330,SPEAKER_35,"And I think this was an interesting moment in the Democratic Party's history, because Biden had started to emerge, even by this early point, as a candidate of the African-American voting block within the Democratic Party, who was popular with African-American voters as someone who had worked with that community for a long time and served as Obama's vice president.",S; HS,,RB,,S; HS,,RB,,S; HS,,RB,
331,SPEAKER_35,"And Harris, I think, maybe was expecting to have a little more inroads with those voters.",S,,IP,,S,,IP,,S,,IP,
332,SPEAKER_35,And so perhaps this was her attempt to do that.,S,,IP,,S,,IP,,S,,IP,
333,SPEAKER_35,Perhaps it's her attempt to distinguish herself in a crowded democratic field that's a really tough thing to do.,S,,IP,,S,,IP,,S,,IP,
334,SPEAKER_35,And it's not entirely clear that it was effective.,S,,,,S,,,,S,,,
335,SPEAKER_35,I think it was important.,S,,IP,,S,,IP,,S,,IP,
336,SPEAKER_35,It's something that we still talk about.,S,,,,S,,,,S,,,
337,SPEAKER_35,I think everything that she said was,S,,IP,,S,,IP,,S,,IP,
338,SPEAKER_35,factually true about her life and about what Biden had said about some of those senators that he served with in the 1970s.,S; HS,,,,S; HS,,,,S; HS,,,
339,SPEAKER_35,And so I think it's certainly an important issue to bring up.,S; IAFA; INT,,IA,,S; IAFA; INT,,IA,,S; IAFA; INT,,IA,
340,SPEAKER_35,"I think as a piece of debate rhetoric in a primary context, I don't know that it was terribly, it was terribly effective.",S,,IP,,S,,IP,,S,,IP,
341,SPEAKER_35,I don't know that it did bring a lot of support to her.,S,,IP,,S,,IP,,S,,IP,
342,SPEAKER_02,"So Professor Ozari, does she do it that tonight?",YNQ; TG,,,,YNQ; TG,,,,YNQ; TG,,,
343,SPEAKER_02,Does she tell her story tonight?,YNQ,,,,YNQ,,,,YNQ,,,
344,SPEAKER_02,Does she need to?,YNQ,,,,YNQ,,,,YNQ,,,
345,SPEAKER_35,That's a good question.,S,,,,S,,,,S,,,
346,SPEAKER_35,I've heard a lot about this in the pre-debate commentary about the voters don't know who Kamala Harris is.,S,,,,S,,,,S,,,
347,SPEAKER_35,And there are a lot of different ways we can interpret that question.,S,,,,S,,,,S,,,
348,SPEAKER_35,We could interpret that question in terms of her background or her character or what she wants to say about herself.,S,,,,S,,,,S,,,
349,SPEAKER_35,She did some of that in the DNC.,S,,,,S,,,,S,,,
350,SPEAKER_35,And I expect she'll do some tonight.,S; IAFA,,IP,,S; IAFA,,IP,,S; IAFA,,IP,
351,SPEAKER_35,But debates do tend to be more focused on policy matters.,S,,,,S,,,,S,,,
352,SPEAKER_35,And so I think I expect to hear much more about how she will be both similar and different from the Biden administration.,S; IAFA,,IP,,S; IAFA,,IP,,S; IAFA,,IP,
353,SPEAKER_35,I expect to hear a lot more about change and continuity,S,,IP,,S,,IP,,S,,IP,
354,SPEAKER_35,across those administrations.,S,,,,S,,,,S,,,
355,SPEAKER_35,I expect to really hear her try to highlight her opponent.,S,,IP,,S,,IP,,S,,IP,
356,SPEAKER_35,"She's been, I think, very consistent in the way that she's tried to highlight what Trump will do looking forward, what his presidency was like that she wants to remind her voters of.",S,,IP,,S,,IP,,S,,IP,
357,SPEAKER_35,"And I think that to the best of her ability, depending on the questions of what happens, that's probably That's probably what she'll try to do.",S,,IP,,S,,IP,,S,,IP,
358,SPEAKER_35,She hasn't really talked overtly a lot about her specific demographic identity.,S,,,,S,,,,S,,,
359,SPEAKER_35,"It's been kind of part of the background, and I expect that will be true again, but I do kind of expect that, since we've now seen in these two clips, that this is, in a lot of ways, her effort to talk about what her identity means.",S,,IP,,S,,IP,,S,,IP,
360,SPEAKER_35,I would not be surprised if she tries to do that this time around as well.,S,,IP,,S,,IP,,S,,IP,
361,SPEAKER_02,"Julia Azari, political science professor at Marquette University.",S,,,,S,,,,S,,,
362,SPEAKER_02,Thank you for previewing tonight's debate.,THK,,,,THK,,,,THK,,,
363,SPEAKER_35,Thanks for having me.,THK,,,,THK,,,,THK,,,
364,SPEAKER_02,Back to calls.,MS,,,,MS,,,,MS,,,
365,SPEAKER_02,"We'll go to Barbara in Miami, Florida, Republican Barbara.",TG,,,,TG,,,,TG,,,
366,SPEAKER_02,What do you want to hear from these candidates?,Q-W; OQ; TG,,,,Q-W; OQ; TG,,,,Q-W; OQ; TG,,,
367,SPEAKER_02,Barbara in Miami.,MS,,,,MS,,,,MS,,,
368,SPEAKER_02,Are you with us?,YNQ,,,,YNQ,,,,YNQ,,,
369,SPEAKER_02,"Hi, Barbara.",GR,,,,GR,,,,GR,,,
370,SPEAKER_02,It's your turn.,TG,,,,TG,,,,TG,,,
371,SPEAKER_02,What do you want to hear from the candidates tonight?,Q-W; OQ; TG,,,,Q-W; OQ; TG,,,,Q-W; OQ; TG,,,
372,SPEAKER_02,"All right, Barbara, I'm going to move on.",MS,,,,MS,,,,MS,,,
373,SPEAKER_02,"Robbie in Converse, Texas.",S,,,,S,,,,S,,,
374,SPEAKER_02,"Hi, Robbie.",GR,,,,GR,,,,GR,,,
375,SPEAKER_02,"Hello. Robbie, who do you support in this presidential election?",Q-W; OQ; GR,,,,Q-W; OQ; GR,,,,Q-W; OQ; GR,,,
376,SPEAKER_17,He won't even be on the stage.,S,,,,S,,,,S,,,
377,SPEAKER_17,"His name is Chase Oliver, Libertarian candidate.",S-Inform,,,,S-Inform,,,,S-Inform,,,
378,SPEAKER_02,Okay. We had him on The Washington Journal here on C-SPAN.,S; ACK,,,,S; ACK,,,,S; ACK,,,
379,SPEAKER_17,Good for y'all.,S,,,,S,,,,S,,,
380,SPEAKER_17,Thank you.,THK,,,,THK,,,,THK,,,
381,SPEAKER_17,Thank you very much.,THK,,,,THK,,,,THK,,,
382,SPEAKER_02,And so will you watch tonight?,YNQ,,,,YNQ,,,,YNQ,,,
383,SPEAKER_17,"Absolutely. Well, I'll be driving Uber, but I'll be listening while I'm driving.",S; ANS,,,,S; ANS,,,,S; ANS,,,
384,SPEAKER_17,All right.,ACK,,,,ACK,,,,ACK,,,
385,SPEAKER_17,"I, and give me a second.",TT,,,,TT,,,,TT,,,
386,SPEAKER_17,"The things I want to hear from those candidates, you know what I'd really love?",Q-W; S,,IP,,Q-W; S,,IP,,Q-W; S,,IP,
387,SPEAKER_17,"Like you guys, you put Chase Oliver on your Washington Post.",S,,,,S,,,,S,,,
388,SPEAKER_17,"I would like to hear the candidates address the issue of why, like Chase Oliver and Jill Stein are not on that debate stage.",SEEP; S,,IP,,SEEP; S,,IP,,SEEP; S,,IP,
389,SPEAKER_17,"And further, and that should be a no-brainer.",S,,,,S,,,,S,,,
390,SPEAKER_17,I'd love to hear their thoughts on that.,S,,IP,,S,,IP,,S,,IP,
391,SPEAKER_17,"Of course, they won't do that.",S,,PB; CB,,S,,PB; CB,,S,,PB; CB,
392,SPEAKER_17,"But also, I'd like to hear them, and this one is really important, and I think because they don't hear the other opinions, I'd love to hear them come up with alternative ideas to, like, taxing the rich or charitying the foreigners, like creating a sovereign wealth fund.",S,,PB; IP,,S,,PB; IP,,S,,PB; IP,
393,SPEAKER_17,"I hate to give the two-party system a good advice, but I'd love to hear them come up with a sovereign wealth system that can rival some of the other countries in the world that are gaining a lot of power, a lot of money, finances to be able to do things.",S,,IP; CB,,S,,IP; CB,,S,,IP; CB,
394,SPEAKER_17,"that, you know, that the two-party system would like to do in this country, like, you know, free health care and free college.",S,,,,S,,,,S,,,
395,SPEAKER_17,And to not use the wealth of the wealthy or the foreigners to try to accomplish those goals.,S,,,,S,,,,S,,,
396,SPEAKER_02,"All right, Robby, we also had Jill Stein on The Washington Journal the same day that we had the Libertarian candidate.",S; MS,,,,S; MS,,,,S; MS,,,
397,SPEAKER_02,Check it out.,IAFA,,,,IAFA,,,,IAFA,,,
398,SPEAKER_02,Go to cspan.org.,IAFA,,,,IAFA,,,,IAFA,,,
399,SPEAKER_02,"Beverly in Woodstock, Virginia, Democratic caller.",S,,,,S,,,,S,,,
400,SPEAKER_02,Hi there.,GR,,,,GR,,,,GR,,,
401,SPEAKER_02,Hi. What do you want to hear from the vice president tonight?,Q-W; OQ; GR,,,,Q-W; OQ; GR,,,,Q-W; OQ; GR,,,
402,SPEAKER_19,I would like to hear the vice president speak respectfully to former Trump supporters.,S; INT,,IP,,S; INT,,IP,,S; INT,,IP,
403,SPEAKER_19,"Or once they're on the edge, I live in a very rural red part of Virginia.",S,,,,S,,,,S,,,
404,SPEAKER_19,And I have friends who voted for Trump.,S,,,,S,,,,S,,,
405,SPEAKER_19,"But they are now, they don't want to vote for him.",S,,,,S,,,,S,,,
406,SPEAKER_19,But we need her to speak in such a way that it's not going to give them reasons to not vote for Harris.,S,,IP,,S,,IP,,S,,IP,
407,SPEAKER_19,I would like her to be respectful and look towards something that will help move them towards her or at least prevent them from dismissing her as a candidate to survival options.,S,,IP,,S,,IP,,S,,IP,
408,SPEAKER_02,"All right, Beverly, what message would work to do that?",Q-W; OQ; TG,,,,Q-W; OQ; TG,,,,Q-W; OQ; TG,,,
409,SPEAKER_02,Do you think?,YNQ; TG,,,,YNQ; TG,,,,YNQ; TG,,,
410,SPEAKER_19,Respect. Just respect.,S,,,,S,,,,S,,,
411,SPEAKER_02,"Just a tone of voice, not a policy issue.",S,,,,S,,,,S,,,
412,SPEAKER_19,"I mean, the policy issues are tricky out here, but I think it's really more about feeling respected, not alienated, not humiliated, the opposite of the basket of deplorables.",S; IAFA; INT,,ATTR,,S; IAFA; INT,,ATTR,,S; IAFA; INT,,ATTR,
413,SPEAKER_19,"Because once that hit, I heard from my friends over and over again, that was it.",S,,,,S,,,,S,,,
414,SPEAKER_19,And they would never consider voting for her.,S,,PB,,S,,PB,,S,,PB,
415,SPEAKER_19,And so I think Harris has to be really careful in a community like mine to,S,,,,S,,,,S,,,
416,SPEAKER_19,not trip over an,S,,,,S,,,,S,,,
417,SPEAKER_19,insult or an unintended issue that's going to alienate people.,S,,,,S,,,,S,,,
418,SPEAKER_19,Because there are former Trump voters.,S; EXPL,,,,S; EXPL,,,,S; EXPL,,,
419,SPEAKER_19,They're very quiet.,S,,,,S,,,,S,,,
420,SPEAKER_19,They won't put out yard signs.,S,,,,S,,,,S,,,
421,SPEAKER_19,They won't really talk about it.,S,,,,S,,,,S,,,
422,SPEAKER_19,"I've had offline, in-person conversations.",S,,,,S,,,,S,,,
423,SPEAKER_19,"And they're willing to not vote for Trump, but they have to not be offended by Harris.",S,,IP,,S,,IP,,S,,IP,
424,SPEAKER_19,And so I really hope she can thread that needle and do a beautiful job of leaving the door open for them with graciousness and welcome.,S,,IP,,S,,IP,,S,,IP,
425,SPEAKER_02,All right.,ACK,,,,ACK,,,,ACK,,,
426,SPEAKER_02,Beverly in Virginia.,S,,,,S,,,,S,,,
427,SPEAKER_02,Democratic caller there.,S,,,,S,,,,S,,,
428,SPEAKER_02,"John, Lakewood, New Jersey, Republican.",S,,,,S,,,,S,,,
429,SPEAKER_02,John. Yes.,ANS,,,,ANS,,,,ANS,,,
430,SPEAKER_02,"Hello. Hi, John.",GR,,,,GR,,,,GR,,,
431,SPEAKER_02,What do you want to hear from the former president tonight?,OQ; TG,,,,OQ; TG,,,,OQ; TG,,,
432,SPEAKER_21,I'd actually like to hear from the vice president.,S; IAFA,,,,S; IAFA,,,,S; IAFA,,,
433,SPEAKER_21,Okay. I'd like to hear,S,,,,S,,,,S,,,
434,SPEAKER_21,her speaking about the border.,S,,,,S,,,,S,,,
435,SPEAKER_21,"I think a lot of people are wondering about that, like where she been, you know, in the last few years.",S,,IP; CB,,S,,IP; CB,,S,,IP; CB,
436,SPEAKER_21,"And I'd also like to hear her, you know, answering up for her,",S,,IP,,S,,IP,,S,,IP,
437,SPEAKER_21,"for foreign policy, especially in Israel, the conflict,",S,,,,S,,,,S,,,
438,SPEAKER_21,and to hear more what she's going to do about that.,S,,,,S,,,,S,,,
439,SPEAKER_02,OK. All right.,ACK,,,,ACK,,,,ACK,,,
440,SPEAKER_02,We will be soundly casting ABC's debate here on C-SPAN Networks.,S-Inform,,,,S-Inform,,,,S-Inform,,,
441,SPEAKER_02,And you can watch here when it begins at p.m.,S-Inform,,,,S-Inform,,,,S-Inform,,,
442,SPEAKER_02,Eastern time.,S,,,,S,,,,S,,,
443,SPEAKER_02,"Also, if you're on the go, you can watch on our free video mobile app, C-SPAN Now.",S-Inform,,,,S-Inform,,,,S-Inform,,,
444,SPEAKER_02,"And you can also on our website, cspan.org.",S,,,,S,,,,S,,,
445,SPEAKER_02,You'll be able to find the debate after it's over tonight as well.,S,,,,S,,,,S,,,
446,SPEAKER_02,"When it concludes, we're going to go back to the phone lines.",S,,,,S,,,,S,,,
447,SPEAKER_02,have a conversation with all of you and get your reaction to tonight's debate as well.,S,,,,S,,,,S,,,
448,SPEAKER_02,"We're expecting it to last about minutes, so around p.m.",S-Inform,,,,S-Inform,,,,S-Inform,,,
449,SPEAKER_02,Eastern time is when we expect the debate to wrap.,S,,,,S,,,,S,,,
450,SPEAKER_02,"They're going to have two commercial breaks, and that's when we will pick up here with our, resume our conversation with all of you tonight and get your reaction.",S,,,,S,,,,S,,,
451,SPEAKER_02,"Joyce in Asbury Park, New Jersey, Democratic caller.",S,,,,S,,,,S,,,
452,SPEAKER_02,"Hi, Joyce.",GR,,,,GR,,,,GR,,,
453,SPEAKER_02,Hi. How are you?,YNQ; GR,,,,YNQ; GR,,,,YNQ; GR,,,
454,SPEAKER_02,Hi. Go ahead.,IAFA; GR,,,,IAFA; GR,,,,IAFA; GR,,,
455,SPEAKER_02,And what do you want to hear from the candidates tonight?,Q-W; OQ,,,,Q-W; OQ,,,,Q-W; OQ,,,
456,SPEAKER_30,"Well, I really don't care what Trump says, because I would never, ever vote for him.",S; REJ,,PER; IP; ATTR,,S; REJ,,PER; IP; ATTR,,S; REJ,,PER; IP; ATTR,
457,SPEAKER_30,"So I really don't care, because all he does is lie anyway.",S; EXPL,,PER; ATTR,,S; EXPL,,PER; ATTR,,S; EXPL,,PER; ATTR,
458,SPEAKER_30,"But I would like for the VP to speak more about her policies, because there's so many people out there stating that she doesn't have any policy.",S,,IP,,S,,IP,,S,,IP,
459,SPEAKER_30,She has a lot of policies.,S,,,,S,,,,S,,,
460,SPEAKER_30,She has a great agenda that she wants to put forth to the country.,S,,,,S,,,,S,,,
461,SPEAKER_30,So that's what I would like to hear.,S,,IP,,S,,IP,,S,,IP,
462,SPEAKER_30,But I would also like to address one caller when they said that she should be respectful to his supporters.,S,,IP,,S,,IP,,S,,IP,
463,SPEAKER_30,I totally disagree because his supporters are very disrespectful and they're rude and some of them you just can't talk to.,S; DIS,,PER; REB; CB,,S; DIS,,PER; REB; CB,,S; DIS,,PER; REB; CB,
464,SPEAKER_30,"So her being, she's a very respectful person anyway.",S,,,,S,,,,S,,,
465,SPEAKER_30,So I just think that call was just unnecessary and really didn't make any sense.,S,,IP,,S,,IP,,S,,IP,
466,SPEAKER_30,But basically that's all I have to say.,S,,,,S,,,,S,,,
467,SPEAKER_02,"OK, Joyce, Kevin and Hampton, Virginia, Republican.",ACK,,,,ACK,,,,ACK,,,
468,SPEAKER_02,"Kevin, our cameras are inside the Philadelphia Convention Center tonight.",S,,,,S,,,,S,,,
469,SPEAKER_02,That is where all the media has gathered ahead of tonight's debate.,S,,,,S,,,,S,,,
470,SPEAKER_02,And that's where we're going to hear from supporters of these candidates.,S,,,,S,,,,S,,,
471,SPEAKER_02,Some are already talking to the media ahead of tonight's debate.,S,,,,S,,,,S,,,
472,SPEAKER_02,There will be more in the so-called spin room after the debate.,S,,,,S,,,,S,,,
473,SPEAKER_02,"Kevin, what do you want to hear tonight?",Q-W; OQ; TG,,,,Q-W; OQ; TG,,,,Q-W; OQ; TG,,,
474,SPEAKER_12,"I'd like to hear some honesty, some civility, and America really needs healing right now.",S; IAFA,,AE; IP,,S; IAFA,,AE; IP,,S; IAFA,,AE; IP,
475,SPEAKER_12,"So I'm just, I'm hoping that",S,,IP,,S,,IP,,S,,IP,
476,SPEAKER_12,we're able to come together and just really move past this dark period in our history.,S,,AE; UF,,S,,AE; UF,,S,,AE; UF,
477,SPEAKER_02,"All right, Kevin in West Virginia, Republican Thorn in California, Democratic caller, let's hear from you next.",TG; MS,,,,TG; MS,,,,TG; MS,,,
478,SPEAKER_37,How are you?,YNQ; GR,,,,YNQ; GR,,,,YNQ; GR,,,
479,SPEAKER_02,Doing well.,S,,,,S,,,,S,,,
480,SPEAKER_02,What do you want to hear tonight during this debate?,OQ; TG,,,,OQ; TG,,,,OQ; TG,,,
481,SPEAKER_36,"Well, I don't think that we should have the standard where Kamala has to be perfect.",S; IAFA,,IP,,S; IAFA,,IP,,S; IAFA,,IP,
482,SPEAKER_36,"And I just, it's primetime TV.",S,,,,S,,,,S,,,
483,SPEAKER_36,I'm just excited to see her take down Trump and have it be just a really great prosecution of all that he has achieved in his life.,S,,PER; IP,,S,,PER; IP,,S,,PER; IP,
484,SPEAKER_02,You call it primetime TV.,S,,,,S,,,,S,,,
485,SPEAKER_02,What do you mean?,Q-W; SEEP,,,,Q-W; SEEP,,,,Q-W; SEEP,,,
486,SPEAKER_02,"I mean, I'm waiting for the next season of House of the Dragon, and this is the next best thing.",S; ANS,,IP,,S; ANS,,IP,,S; ANS,,IP,
487,SPEAKER_02,"Okay. We'll take a look at New York Times headline by their media reporter today, predicting the debate ratings.",S-Inform; IAFA; ACK,,,,S-Inform; IAFA; ACK,,,,S-Inform; IAFA; ACK,,,
488,SPEAKER_02,Superbowl? Nah?,YNQ,,,,YNQ,,,,YNQ,,,
489,SPEAKER_02,Seinfeld? Finale?,YNQ,,,,YNQ,,,,YNQ,,,
490,SPEAKER_02,Maybe. And this is what he writes about tonight's debate.,S,,,,S,,,,S,,,
491,SPEAKER_02,The record for a presidential debate is,S-Inform,,,,S-Inform,,,,S-Inform,,,
492,SPEAKER_02,million viewers for the first meeting in between Hillary Clinton and Mr.,S-Inform; HS,,,,S-Inform; HS,,,,S-Inform; HS,,,
493,SPEAKER_02,Trump. So Tuesday's bout between Ms.,S,,,,S,,,,S,,,
494,SPEAKER_02,Harris and Mr.,S,,,,S,,,,S,,,
495,SPEAKER_02,"Trump, which will be simulcast on nearly every major network, could theoretically draw an audience akin to that of the final episodes of Seinfeld, million, and Cheers, which was million.",S-Inform; HS,,,,S-Inform; HS,,,,S-Inform; HS,,,
496,SPEAKER_02,Mr. Trump's presence alone suggests a large audience will tune in.,S,,,,S,,,,S,,,
497,SPEAKER_02,"He has participated in three of the four most watched general election debates since The Hollywood Reporter, with the ratings numbers for the June debate of this election cycle when it was the former president against President Joe Biden, the ratings of that debate drew",S-Inform; HS,,,,S-Inform; HS,,,,S-Inform; HS,,,
498,SPEAKER_02,"million viewers way below the numbers, which saw closer to around million in",S-Inform,,,,S-Inform,,,,S-Inform,,,
499,SPEAKER_02,"So a big audience expected for tonight's ABC debate, and we will be simulcasting here on the C-SPAN networks.",S-Inform,,,,S-Inform,,,,S-Inform,,,
500,SPEAKER_02,"Glenn in Union Kentucky, Republican.",S,,,,S,,,,S,,,
501,SPEAKER_02,Glenn. Hello.,GR,,,,GR,,,,GR,,,
502,SPEAKER_02,"Hi, Glenn.",GR,,,,GR,,,,GR,,,
503,SPEAKER_26,"I wanted to call because I am in support of Trump, and I have been in support of Trump since the very first time he ran",S; INT,,IP,,S; INT,,IP,,S; INT,,IP,
504,SPEAKER_26,"in And the reason why we originally supported him, we can't forget that.",S; EXPL,,IP,,S; EXPL,,IP,,S; EXPL,,IP,
505,SPEAKER_26,He was the outsider.,S,,,,S,,,,S,,,
506,SPEAKER_26,He was not a politician.,S,,,,S,,,,S,,,
507,SPEAKER_26,He was brought to the country as a president because he was there to change things.,S,,,,S,,,,S,,,
508,SPEAKER_26,He was brought to the country to drain the swamp and to get rid of corruption and to make America great again.,S,,AP; PB,,S,,AP; PB,,S,,AP; PB,
509,SPEAKER_26,"And I don't see what Democrats are so angry about making great again, make America great again.",S,,AP; PB; IP,,S,,AP; PB; IP,,S,,AP; PB; IP,
510,SPEAKER_26,"You know, they're so against it for some reason.",S,,PB,,S,,PB,,S,,PB,
511,SPEAKER_26,I don't get that.,S,,,,S,,,,S,,,
512,SPEAKER_02,All right.,ACK,,,,ACK,,,,ACK,,,
513,SPEAKER_02,"Glenn there in Union, Kentucky.",S,,,,S,,,,S,,,
514,SPEAKER_02,C-SPAN caught up with people on the streets about tonight's debate and what they wanted to hear from the candidates.,S,,,,S,,,,S,,,
515,SPEAKER_02,Take a look at some of the answers we got.,IAFA,,,,IAFA,,,,IAFA,,,
516,SPEAKER_11,Discover the heartbeat of democracy with C-SPAN Voices,S,,,,S,,,,S,,,
517,SPEAKER_11,"as we engage voters ahead of the first debate between Vice President Kamala Harris and former President Donald Trump asking, what issue would you like for them to address and why?",Q-W; S,,,,Q-W; S,,,,Q-W; S,,,
518,SPEAKER_23,"Hello, my name is Bregan Flannery.",GR,,,,GR,,,,GR,,,
519,SPEAKER_23,I'm from St.,S; HS,,,,S; HS,,,,S; HS,,,
520,SPEAKER_23,St. Alabama.,S; HS,,,,S; HS,,,,S; HS,,,
521,SPEAKER_23,My biggest issue this election season is probably the bias in the media.,S; IAFA-OF,,,,S; IAFA-OF,,,,S; IAFA-OF,,,
522,SPEAKER_23,I feel like we don't have adequate coverage of both parties and you know we just have a very leftist media.,S; IAFA,,,,S; IAFA,,,,S; IAFA,,,
523,SPEAKER_00,"My top issue is women's rights, reproductive rights.",S; IAFA-OF,,IP,,S; IAFA-OF,,IP,,S; IAFA-OF,,IP,
524,SPEAKER_00,"I have a wife,",S,,,,S,,,,S,,,
525,SPEAKER_00,I have two daughters and two sons,S,,,,S,,,,S,,,
526,SPEAKER_00,"and the most important thing for me is to make sure that my daughters are safe, my wife is safe and every other woman is safe because I'm a big believer in",S; EXPL,,AE; IP,,S; EXPL,,AE; IP,,S; EXPL,,AE; IP,
527,SPEAKER_00,"Not just equal rights, but every woman has a choice.",S,,IP,,S,,IP,,S,,IP,
528,SPEAKER_09,I guess my top issue is the preservation of democracy and freedom.,S; IAFA-OF,,APAT; IP,,S; IAFA-OF,,APAT; IP,,S; IAFA-OF,,APAT; IP,
529,SPEAKER_09,And it seems like our freedoms are being eroded.,S,,AF; APAT,,S,,AF; APAT,,S,,AF; APAT,
530,SPEAKER_09,"Here in the National Mall and World War II, museums right next door, a lot of people pay a really heavy price for that freedom.",S; HS,,AE; APAT,,S; HS,,AE; APAT,,S; HS,,AE; APAT,
531,SPEAKER_09,And that's what I think we need to focus on.,S,,IP,,S,,IP,,S,,IP,
532,SPEAKER_34,"When I think about who I'm voting for really will center around health care and women's rights, our rights to choose, our rights to be in charge of our own body.",S,,IP,,S,,IP,,S,,IP,
533,SPEAKER_34,"And really just a big picture, better access to health care for everyone.",S,,IP,,S,,IP,,S,,IP,
534,SPEAKER_34,"Equal slate, equal playing field for all.",S,,UF,,S,,UF,,S,,UF,
535,SPEAKER_05,I would say my top issue for the U.S.,S,,IP,,S,,IP,,S,,IP,
536,SPEAKER_05,right now would probably be immigration and the illegals.,S,,IP,,S,,IP,,S,,IP,
537,SPEAKER_05,We can kind of close up the border but keep it open to people,S,,,,S,,,,S,,,
538,SPEAKER_05,"Immigrating legally, that would be fine.",S,,,,S,,,,S,,,
539,SPEAKER_05,"But yeah, until they get corrected, I think there's going to be a lot more other issues that are going to stem from that.",S; INT,,,,S; INT,,,,S; INT,,,
540,SPEAKER_05,So hopefully get that corrected here soon.,S,,,,S,,,,S,,,
541,SPEAKER_11,C-SPAN's Voice is Be a part of the conversation.,S,,,,S,,,,S,,,
542,SPEAKER_02,"And back to your calls here as we await the first president, the presidential debate.",S; MS,,,,S; MS,,,,S; MS,,,
543,SPEAKER_02,It's the second of this election cycle.,S-Inform,,,,S-Inform,,,,S-Inform,,,
544,SPEAKER_02,It's the first between Vice President Harris and the former President Trump.,S,,,,S,,,,S,,,
545,SPEAKER_02,And that is going to get underway in less than minutes.,S-Inform,,,,S-Inform,,,,S-Inform,,,
546,SPEAKER_02,ABC is the host of that.,S,,,,S,,,,S,,,
547,SPEAKER_02,We are simulcasting it here on C-SPAN.,S,,,,S,,,,S,,,
548,SPEAKER_02,And we want to know what you want to hear from these two candidates tonight.,S,,,,S,,,,S,,,
549,SPEAKER_02,"Marilyn in Norfolk, Virginia, an independent.",S,,,,S,,,,S,,,
550,SPEAKER_02,"Marilyn, let's hear from you.",TG,,,,TG,,,,TG,,,
551,SPEAKER_29,"I would like to hear Donald Trump, since he admitted that he did lose the election last week, I would like to hear him apologize to all U.S.",S,,IP; ATTR; REB,,S,,IP; ATTR; REB,,S,,IP; ATTR; REB,
552,SPEAKER_29,"citizens. I would like to hear him apologize for ruining people's lives and all types of things, losing their homes, losing a job, sitting in jail",S,,AE; IP; ATTR,,S,,AE; IP; ATTR,,S,,AE; IP; ATTR,
553,SPEAKER_29,because of his big lie.,S; EXPL,,PER; ATTR,,S; EXPL,,PER; ATTR,,S; EXPL,,PER; ATTR,
554,SPEAKER_29,"Secondly, I would like to hear him admit, since Kamala Harris is being accused of having bad policies during the last administration and doing all these bad things, I would like Mr.",S,,IP; REB,,S,,IP; REB,,S,,IP; REB,
555,SPEAKER_29,Trump to tell us how much of those things in his administration—we should congratulate and thank all the things he did during Donald Trump's administration.,S,,IP,,S,,IP,,S,,IP,
556,SPEAKER_29,And Donald Trump should stop taking credit for all the things that Mike Pence did.,S,,ATTR; REB,,S,,ATTR; REB,,S,,ATTR; REB,
557,SPEAKER_29,"And the last thing I'd like to hear is I'd like to hear Vice President Harris say, you know, Joe Biden and I have done a lot during this administration during these almost four years.",S,,IT; IP,,S,,IT; IP,,S,,IT; IP,
558,SPEAKER_29,"We didn't get everything right, but we did the things that we didn't get right.",S,,IT,,S,,IT,,S,,IT,
559,SPEAKER_29,"We're working on, but we should be congratulated and people should appreciate the things and the good things that we did get done.",S,,DF; IT,,S,,DF; IT,,S,,DF; IT,
560,SPEAKER_02,"Okay, Marilyn.",ACK,,,,ACK,,,,ACK,,,
561,SPEAKER_29,I'd like to hear tonight.,S,,IP,,S,,IP,,S,,IP,
562,SPEAKER_02,All right.,ACK,,,,ACK,,,,ACK,,,
563,SPEAKER_02,"Chris and Brunswick, Georgia Republican.",S,,,,S,,,,S,,,
564,SPEAKER_02,"Hey, Chris, just hang with us for a minute.",IAFA; GR,,,,IAFA; GR,,,,IAFA; GR,,,
565,SPEAKER_02,Let's go into the spin room.,IAFA; TT,,,,IAFA; TT,,,,IAFA; TT,,,
566,SPEAKER_02,California Governor Gavin Newsom is talking to reporters.,S-Inform,,,,S-Inform,,,,S-Inform,,,
567,SPEAKER_07,"Not only visited right after October 7th, Israel, but also brought a field hospital in Togasa.",S-Inform; HS,,,,S-Inform; HS,,,,S-Inform; HS,,,
568,SPEAKER_07,I don't know.,S,,,,S,,,,S,,,
569,SPEAKER_07,"There's another state that did this, breaks my heart.",S; ANS,,AE,,S; ANS,,AE,,S; ANS,,AE,
570,SPEAKER_07,What happened on October Want these hostages home?,YNQ; HS,,AE,,YNQ; HS,,AE,,YNQ; HS,,AE,
571,SPEAKER_07,We want this war to end.,S,,UF,,S,,UF,,S,,UF,
572,SPEAKER_07,"So does Kamala Harris, so does Tim Walsh, so does the Biden administration, that every hour of every day are trying to get this war to an end.",S-Inform,,IT,,S-Inform,,IT,,S-Inform,,IT,
573,SPEAKER_07,"Donald Trump, you got to give me a break.",S,,PER; AEX,,S,,PER; AEX,,S,,PER; AEX,
574,SPEAKER_07,What's his plan?,Q-W,,REB; CB,,Q-W,,REB; CB,,Q-W,,REB; CB,
575,SPEAKER_07,I guess it's another one of these secret plans.,S; CH,,PER; REB,,S; CH,,PER; REB,,S; CH,,PER; REB,
576,SPEAKER_07,It's an easy one.,S,,,,S,,,,S,,,
577,SPEAKER_07,But the genocide has been found by the administration.,S,,SE,,S,,SE,,S,,SE,
578,SPEAKER_17,What would this two-state solution look like?,Q-W; OQ,,,,Q-W; OQ,,,,Q-W; OQ,,,
579,SPEAKER_07,"Well, look, I'm not going to get into the new nuances of policy.",S; DIS,,DF; IA,,S; DIS,,DF; IA,,S; DIS,,DF; IA,
580,SPEAKER_07,"OK, then I'll give you a question.",S; TG,,,,S; TG,,,,S; TG,,,
581,SPEAKER_16,What would you like to see from the new president on day one regarding the border?,Q-W; OQ; TG,,,,Q-W; OQ; TG,,,,Q-W; OQ; TG,,,
582,SPEAKER_07,"Well, I think we have a proposal.",S; IAFA-OF,,IP,,S; IAFA-OF,,IP,,S; IAFA-OF,,IP,
583,SPEAKER_07,million for a border wall.,S-Inform,,,,S-Inform,,,,S-Inform,,,
584,SPEAKER_07,new border agents.,S-Inform,,,,S-Inform,,,,S-Inform,,,
585,SPEAKER_07,new asylum agents.,S-Inform,,,,S-Inform,,,,S-Inform,,,
586,SPEAKER_07,new judges.,S-Inform,,,,S-Inform,,,,S-Inform,,,
587,SPEAKER_07,"Sick, but literally.",S,,,,S,,,,S,,,
588,SPEAKER_07,"detailed plan that was put out, a bipartisan plan that President Biden endorsed as well as Vice President Harris.",S,,IT,,S,,IT,,S,,IT,
589,SPEAKER_07,"Not only did she endorse it, she got a standing ovation at the DNC embracing it and saying she will promote it and she will sign that bipartisan deal.",S; HS,,ATTR; REB,,S; HS,,ATTR; REB,,S; HS,,ATTR; REB,
590,SPEAKER_07,A deal Donald Trump does not support.,S,,ATTR; REB,,S,,ATTR; REB,,S,,ATTR; REB,
591,SPEAKER_07,He's unserious.,S,,PER,,S,,PER,,S,,PER,
592,SPEAKER_07,He doesn't want a border deal.,S,,PER; ATTR,,S,,PER; ATTR,,S,,PER; ATTR,
593,SPEAKER_07,He wants a border problem.,S,,PER; REB; CB,,S,,PER; REB; CB,,S,,PER; REB; CB,
594,SPEAKER_07,And I say this with an expertise that few have.,S,,IT; IP,,S,,IT; IP,,S,,IT; IP,
595,SPEAKER_07,I have the largest land port in the western hemisphere in the state of California.,S-Inform,,IT,,S-Inform,,IT,,S-Inform,,IT,
596,SPEAKER_07,And I've had to put national guard men and women on the border.,S,,IT,,S,,IT,,S,,IT,
597,SPEAKER_07,And it's shameful.,S,,PER,,S,,PER,,S,,PER,
598,SPEAKER_07,It's shameful that he doesn't have the back of border patrol and doesn't support new border agents and the investments to improve the quality of our border security.,S; CH,,PER; ATTR; REB,,S; CH,,PER; ATTR; REB,,S; CH,,PER; ATTR; REB,
599,SPEAKER_07,"And Seth says, again, everything about Donald Trump and his hypocrisy.",S,,PER; ATTR,,S,,PER; ATTR,,S,,PER; ATTR,
600,SPEAKER_01,What do you think is the biggest drink tonight?,Q-W; OQ,,,,Q-W; OQ,,,,Q-W; OQ,,,
601,SPEAKER_07,"Well, she's fierce.",S,,,,S,,,,S,,,
602,SPEAKER_07,She's tough.,S,,,,S,,,,S,,,
603,SPEAKER_07,I've seen this for decades.,S,,,,S,,,,S,,,
604,SPEAKER_07,"And I also think she's underestimated in these sessions, particularly, dare I say, with men.",S; IAFA,,,,S; IAFA,,,,S; IAFA,,,
605,SPEAKER_07,I've been in the rooms.,S,,,,S,,,,S,,,
606,SPEAKER_07,I haven't studied game film.,S,,,,S,,,,S,,,
607,SPEAKER_07,I've been up and close.,S,,,,S,,,,S,,,
608,SPEAKER_07,I've known Kamala Harris a decade before we were both in elected office.,S; HS,,,,S; HS,,,,S; HS,,,
609,SPEAKER_07,And I've seen her show up at these debates at a different level.,S,,IP,,S,,IP,,S,,IP,
610,SPEAKER_07,She's disciplined.,S,,,,S,,,,S,,,
611,SPEAKER_07,She is not going to get off her game.,S,,,,S,,,,S,,,
612,SPEAKER_07,I think it's inconceivable.,S,,IP,,S,,IP,,S,,IP,
613,SPEAKER_07,It's an impossible task for Donald Trump.,S,,,,S,,,,S,,,
614,SPEAKER_07,not to get off his game.,S,,,,S,,,,S,,,
615,SPEAKER_07,She will get under his skin.,S,,,,S,,,,S,,,
616,SPEAKER_07,"And by the way, her name is Kamala Harris, not Kamala.",S; CORR,,,,S; CORR,,,,S; CORR,,,
617,SPEAKER_07,"And when Kamala Harris shows up, I think she's going to show up at the handshake.",S,,IP,,S,,IP,,S,,IP,
618,SPEAKER_07,"And I think at that handshake, you're going to see something very different from the outset of this debate.",S,,IP,,S,,IP,,S,,IP,
619,SPEAKER_07,"If Donald Trump, I would look out.",S,,,,S,,,,S,,,
620,SPEAKER_07,"They've never met He's about to experience something many of us have experienced and seen in the American people and world leaders will see a toughness, a character, integrity, someone who's disciplined.",S,,,,S,,,,S,,,
621,SPEAKER_02,Governor there Gavin Newsom talking to reporters you can see swarmed by the media in the media filing center at the Philadelphia convention hall there in the city.,S,,,,S,,,,S,,,
622,SPEAKER_02,"Hundreds of reporters there ahead of Tonight's debate, we expect that Sarah gets supporters for the former president, will be there as well.",S; S-Inform,,,,S; S-Inform,,,,S; S-Inform,,,
623,SPEAKER_02,Senator Tom Cotton was talking to reporters before.,S,,,,S,,,,S,,,
624,SPEAKER_02,There's members of Congress on both sides of the aisle.,S,,,,S,,,,S,,,
625,SPEAKER_02,They're supporting their candidates and talking to the media.,S,,,,S,,,,S,,,
626,SPEAKER_02,"Chris, in Georgia, Republican, hey, Chris, thanks for hanging on the line.",GR; THK,,,,GR; THK,,,,GR; THK,,,
627,SPEAKER_22,"In the primaries, isn't that when we decide who is going to be the presidential nominee?",YNQ; Q-RHET,,,,YNQ; Q-RHET,,,,YNQ; Q-RHET,,,
628,SPEAKER_02,"And so your point is tonight, Chris.",OQ; TG,,,,OQ; TG,,,,OQ; TG,,,
629,SPEAKER_22,Kamala Harris wasn't even on the docket.,S,,PER; ATTR,,S,,PER; ATTR,,S,,PER; ATTR,
630,SPEAKER_22,How can she be a presidential nominee?,Q-W; Q-RHET,,BQ; CBias,,Q-W; Q-RHET,,BQ; CBias,,Q-W; Q-RHET,,BQ; CBias,
631,SPEAKER_02,"Do you think that your candidate, the former president, should talk about that tonight?",YNQ; TG,,,,YNQ; TG,,,,YNQ; TG,,,
632,SPEAKER_22,"Yes, definitely.",AGR; ANS,,,,AGR; ANS,,,,AGR; ANS,,,
633,SPEAKER_02,All right.,ACK,,,,ACK,,,,ACK,,,
634,SPEAKER_02,"Ahead of tonight, there are, of course, new polling, new polling out every week on this race as we enter the last weeks of this election cycle.",S-Inform,,,,S-Inform,,,,S-Inform,,,
635,SPEAKER_02,"New York Times, with their latest polling.",S,,,,S,,,,S,,,
636,SPEAKER_02,"The headline is released by Sienna College, a national poll that found former President Trump leading the vice president percent to percent among likely voters.",S-Inform,,,,S-Inform,,,,S-Inform,,,
637,SPEAKER_02,"That caller from Georgia, and we were just showing you, from the swing state of Georgia, New York Times polling, it is neck and neck there, a one-point lead.",S-Inform,,,,S-Inform,,,,S-Inform,,,
638,SPEAKER_02,for Kamala Harris against Donald Trump in Georgia.,S-Inform,,,,S-Inform,,,,S-Inform,,,
639,SPEAKER_02,"We'll show you some other swing states if we can here before tonight's debate, getting underway in just minutes.",S,,,,S,,,,S,,,
640,SPEAKER_02,"Susan in New Orleans, in New Orleans, in Louisiana, Democratic caller Susan.",S,,,,S,,,,S,,,
641,SPEAKER_31,Good evening.,GR,,,,GR,,,,GR,,,
642,SPEAKER_31,Thank you.,THK,,,,THK,,,,THK,,,
643,SPEAKER_31,"As we wait for the hurricane to hit this great state of Louisiana, we're also waiting for Kamala Harris to do the same to Donald Trump.",S,,AF; PER; ATTR,,S,,AF; PER; ATTR,,S,,AF; PER; ATTR,
644,SPEAKER_31,"But my question is this, and not only to you, but to others, why are the news outlets not fact-checking everything Donald Trump says real time?",Q-W; SEEP,,IP; CB,,Q-W; SEEP,,IP; CB,,Q-W; SEEP,,IP; CB,
645,SPEAKER_31,I'm really upset about every debate that I see that Donald Trump participates in.,S,,PER; IP,,S,,PER; IP,,S,,PER; IP,
646,SPEAKER_31,"He's never fact-checked, including How is it possible that you have January 6th that occurred and he wants to pardon every single person that has attacked our capital?",Q-W; S; CH,,AF; PER; BQ; ATTR,,Q-W; S; CH,,AF; PER; BQ; ATTR,,Q-W; S; CH,,AF; PER; BQ; ATTR,
647,SPEAKER_02,"Susan, have you ever gone to the Washington Post fact check?",YNQ,,,,YNQ,,,,YNQ,,,
648,SPEAKER_02,Politifact? Have you ever checked out those websites because they do?,YNQ,,SE,,YNQ,,SE,,YNQ,,SE,
649,SPEAKER_31,Absolutely. But I want it real time.,S,,,,S,,,,S,,,
650,SPEAKER_31,I want it tonight while he's lying to the American public about gun regulations and being pro-life.,S; CH,,PER; ATTR; REB,,S; CH,,PER; ATTR; REB,,S; CH,,PER; ATTR; REB,
651,SPEAKER_31,"You know, pro-life also means protecting our children.",S,,AE; IP,,S,,AE; IP,,S,,AE; IP,
652,SPEAKER_31,Pro-life is having Sandy Hook children that would be graduating right now.,S; HS,,AE,,S; HS,,AE,,S; HS,,AE,
653,SPEAKER_31,"And these evangelicals that are so hell bent on making Donald Trump be the second coming of Christ, for God's sake.",S; HS,,PER; CBias,,S; HS,,PER; CBias,,S; HS,,PER; CBias,
654,SPEAKER_31,They need to look at the marriages he's had.,S,,PER; CB,,S,,PER; CB,,S,,PER; CB,
655,SPEAKER_31,"They need to look at the mistresses he's had, the children out of wedlock he's had, and yet they still think of him as the second coming of Christ.",S,,PER; CB,,S,,PER; CB,,S,,PER; CB,
656,SPEAKER_31,I don't know what's wrong with the Republican Party.,S,,PB; IP,,S,,PB; IP,,S,,PB; IP,
657,SPEAKER_31,I used to respect George Bush and Reagan.,S; HS,,IP,,S; HS,,IP,,S; HS,,IP,
658,SPEAKER_31,I voted for Reagan.,S; HS,,,,S; HS,,,,S; HS,,,
659,SPEAKER_31,I voted for McCain.,S,,IP,,S,,IP,,S,,IP,
660,SPEAKER_31,What has happened to the Republican Party that they cannot have a spine to stand up to this man?,Q-W; Q-RHET,,PB; PER; AEX,,Q-W; Q-RHET,,PB; PER; AEX,,Q-W; Q-RHET,,PB; PER; AEX,
661,SPEAKER_31,So what I'm hoping to see tonight is that Donald Trump would not only be,S,,IP,,S,,IP,,S,,IP,
662,SPEAKER_02,"Okay, Susan there in New Orleans.",ACK; TG,,,,ACK; TG,,,,ACK; TG,,,
663,SPEAKER_02,"Now, the path to the electoral college, it means that these candidates have to win some crucial states.",S,,,,S,,,,S,,,
664,SPEAKER_02,We showed you Georgia being one of them.,S-Inform; HS,,,,S-Inform; HS,,,,S-Inform; HS,,,
665,SPEAKER_02,The New York Times' latest poll with Sienna College in that state.,S-Inform,,,,S-Inform,,,,S-Inform,,,
666,SPEAKER_02,"Take a look at Pennsylvania, where the candidates are tonight for tonight's debate.",S-Inform; IAFA,,,,S-Inform; IAFA,,,,S-Inform; IAFA,,,
667,SPEAKER_02,"Here, the vice president, again, leading by just one point.",S-Inform,,,,S-Inform,,,,S-Inform,,,
668,SPEAKER_02,This is a neck and neck.,S,,,,S,,,,S,,,
669,SPEAKER_02,This is a tie in the swing state of Pennsylvania.,S-Inform,,,,S-Inform,,,,S-Inform,,,
670,SPEAKER_02,"Carter in Valley City, North Dakota and independent.",S,,,,S,,,,S,,,
671,SPEAKER_02,"Carter, what do you want to hear tonight?",Q-W; OQ; TG,,,,Q-W; OQ; TG,,,,Q-W; OQ; TG,,,
672,SPEAKER_15,Love to hear from this debate is honestly an attack against logical fallacies.,S,,IP,,S,,IP,,S,,IP,
673,SPEAKER_15,Let's look at Kamala Harris.,IAFA,,,,IAFA,,,,IAFA,,,
674,SPEAKER_15,"Let's look for policies and let's have her take on Donald Trump's ad hominin and honestly, quite frankly, his red herring attacks against Kamala Harris and",S; IAFA,,PER; ATTR; REB,,S; IAFA,,PER; ATTR; REB,,S; IAFA,,PER; ATTR; REB,
675,SPEAKER_15,his own policy to other peoples to take off that spotlight.,S,,ATTR,,S,,ATTR,,S,,ATTR,
676,SPEAKER_15,"Look at the essence of debate in America and how Kamala Harris, Donald Trump, Joe Biden have taken it away.",S; IAFA,,ATTR; REB,,S; IAFA,,ATTR; REB,,S; IAFA,,ATTR; REB,
677,SPEAKER_15,are the judges and they deserve to be convinced of arguments and have constructive critiques and criticism to them and look who stripped that away.,S; IAFA,,ATTR,,S; IAFA,,ATTR,,S; IAFA,,ATTR,
678,SPEAKER_15,"The essence of them, which is honestly disgusting.",S,,PER; IP,,S,,PER; IP,,S,,PER; IP,
679,SPEAKER_15,So I hope that Kamala Harris can get out there and take it head on and be the person who brings back real debate in America.,S; INT,,IP,,S; INT,,IP,,S; INT,,IP,
680,SPEAKER_02,"All right, that's Carter.",S,,,,S,,,,S,,,
681,SPEAKER_02,They are in North Dakota.,S,,,,S,,,,S,,,
682,SPEAKER_02,"Next caller, Tony, comes from Supply, North Carolina, Republican.",S,,,,S,,,,S,,,
683,SPEAKER_02,"Tony, before we hear from you, take a look at the New York Times polling out of your state, another battleground state.",IAFA,,,,IAFA,,,,IAFA,,,
684,SPEAKER_02,And it's,S,,,,S,,,,S,,,
685,SPEAKER_02,"percent for the vice president, percent for the former president, essentially a tie as well in North Carolina.",S-Inform,,,,S-Inform,,,,S-Inform,,,
686,SPEAKER_02,"Tony, Republican.",S,,,,S,,,,S,,,
687,SPEAKER_27,"Yes, thank you for taking my call.",THK,,,,THK,,,,THK,,,
688,SPEAKER_27,One of the issues that I have is there is so much personality.,S,,,,S,,,,S,,,
689,SPEAKER_27,And we're Americans.,S,,AP,,S,,AP,,S,,AP,
690,SPEAKER_27,And it really bothers me when you hear as much hatred.,S,,IP,,S,,IP,,S,,IP,
691,SPEAKER_27,It appears to be in people's voices on both sides.,S,,,,S,,,,S,,,
692,SPEAKER_27,"I mean, the reason I'm watching the debate this evening, I am a Republican.",S,,IP,,S,,IP,,S,,IP,
693,SPEAKER_27,I do plan to vote for Donald Trump.,S,,IP,,S,,IP,,S,,IP,
694,SPEAKER_27,"However, I",S,,,,S,,,,S,,,
695,SPEAKER_27,am watching the debate.,S,,,,S,,,,S,,,
696,SPEAKER_27,I want to hear a policy on both sides.,S,,IP,,S,,IP,,S,,IP,
697,SPEAKER_27,I had planned to vote for Jimmy Carter years ago.,S; HS,,,,S; HS,,,,S; HS,,,
698,SPEAKER_27,And when I changed my mind was a night before I voted when the economic report came out.,S; HS,,,,S; HS,,,,S; HS,,,
699,SPEAKER_27,and it continued to trend down.,S,,,,S,,,,S,,,
700,SPEAKER_27,"So, you know, I have not yet totally made up my mind, even though I am a Republican, I'm an American first.",S; IAFA,,AP; IP,,S; IAFA,,AP; IP,,S; IAFA,,AP; IP,
701,SPEAKER_02,"So, Tony, what could the vice president convince you to vote for her?",Q-W; TG,,,,Q-W; TG,,,,Q-W; TG,,,
702,SPEAKER_02,"And if so, how?",Q-W,,,,Q-W,,,,Q-W,,,
703,SPEAKER_27,"She could, if",S,,,,S,,,,S,,,
704,SPEAKER_27,she shares policy.,S,,,,S,,,,S,,,
705,SPEAKER_27,All of the stuff that they have been pushing the liberal agenda as far as the electric vehicles.,S,,PB,,S,,PB,,S,,PB,
706,SPEAKER_27,I have a brother and his neighbor has one and he could fill up his vehicle four times a month,S,,SE,,S,,SE,,S,,SE,
707,SPEAKER_27,for what it cost him to charge his vehicle one time.,S,,SE,,S,,SE,,S,,SE,
708,SPEAKER_27,He said his electric bill is totally electric vehicle is absolutely bankrupting them.,S,,AF; SE,,S,,AF; SE,,S,,AF; SE,
709,SPEAKER_27,And so pushing for these policies,S,,,,S,,,,S,,,
710,SPEAKER_27,I want to hear more mainstream policy.,S; IAFA,,IP,,S; IAFA,,IP,,S; IAFA,,IP,
711,SPEAKER_02,"Okay. So, Tony, do you believe that that New York Times poll that we showed you is accurate, then, essentially a tie in your state?",YNQ,,,,YNQ,,,,YNQ,,,
712,SPEAKER_27,I believe so.,ANS,,IP,,ANS,,IP,,ANS,,IP,
713,SPEAKER_27,There are very red areas and there are very blue areas.,S,,,,S,,,,S,,,
714,SPEAKER_27,And most of the blue areas are the more heavily populated,S,,,,S,,,,S,,,
715,SPEAKER_27,But I do think North Carolina is up in the,S,,IP,,S,,IP,,S,,IP,
716,SPEAKER_02,"air. Tony, I want to show you and others that it's not just this New York Times poll, Washington Post poll, and this tweeted out by the Washington Post reporter showing that Small changes in their polling model.",S; TT,,,,S; TT,,,,S; TT,,,
717,SPEAKER_02,"North Carolina moves from a small lead from the former president to a tie, while Pennsylvania tightens a bit with a few close high-quality polls.",S-Inform,,,,S-Inform,,,,S-Inform,,,
718,SPEAKER_02,"Beyond that, not much movement going into tonight's debate.",S,,,,S,,,,S,,,
719,SPEAKER_02,So there are the swing states and Washington Post polling We showed you a little bit from the New York Times polling ahead of tonight's debate.,S-Inform,,,,S-Inform,,,,S-Inform,,,
720,SPEAKER_02,"Of course, people, the candidates, the voters, the media will all be looking at the polls post-debate as well.",S,,,,S,,,,S,,,
721,SPEAKER_02,"Ernest in Georgia, Democratic caller.",S,,,,S,,,,S,,,
722,SPEAKER_02,"Ernest, are you with us in Georgia?",YNQ,,,,YNQ,,,,YNQ,,,
723,SPEAKER_02,We're listening to you.,S,,,,S,,,,S,,,
724,SPEAKER_25,"Yeah, I'm here.",ANS,,,,ANS,,,,ANS,,,
725,SPEAKER_02,"Okay, what do you want to hear from the candidates tonight?",Q-W; OQ,,,,Q-W; OQ,,,,Q-W; OQ,,,
726,SPEAKER_25,"Yeah, I would like to hear.",S,,,,S,,,,S,,,
727,SPEAKER_25,"Our ex-president apologized for January the 6th,",S,,ATTR,,S,,ATTR,,S,,ATTR,
728,SPEAKER_25,even though he feels that,S,,,,S,,,,S,,,
729,SPEAKER_25,what he did.,S,,,,S,,,,S,,,
730,SPEAKER_02,"All right, I'm going to leave it there.",S; MS,,,,S; MS,,,,S; MS,,,
731,SPEAKER_02,The ABC debate is beginning.,S,,,,S,,,,S,,,
732,SPEAKER_02,We'll take you there now.,S,,,,S,,,,S,,,
733,SPEAKER_03,A historic race for president upended just weeks ago.,S; HS,,,,S; HS,,,,S; HS,,,
734,SPEAKER_03,President Biden withdrawing after his last debate.,S; HS,,,,S; HS,,,,S; HS,,,
735,SPEAKER_03,Donald Trump now up against a new opponent.,S,,,,S,,,,S,,,
736,SPEAKER_08,"The candidates separated by the smallest of margins, essentially tied in the polls nationally and in the key battlegrounds, including right here in Pennsylvania, all still very much in play.",S-Inform,,,,S-Inform,,,,S-Inform,,,
737,SPEAKER_08,The ABC News presidential debate starts right now.,S,,,,S,,,,S,,,
738,SPEAKER_13,This is an ABC News special.,S,,,,S,,,,S,,,
739,SPEAKER_13,"The most consequential moment of this campaign, Kamala Harris.",S,,,,S,,,,S,,,
740,SPEAKER_32,"Together, we will chart a new way forward.",S,,UF,,S,,UF,,S,,UF,
741,SPEAKER_13,Donald Trump.,S,,,,S,,,,S,,,
742,SPEAKER_32,We will soon be a great nation again.,S,,AP,,S,,AP,,S,,AP,
743,SPEAKER_13,"Face to face, historic.",S,,,,S,,,,S,,,
744,SPEAKER_13,The ABC News presidential debate.,S,,,,S,,,,S,,,
745,SPEAKER_13,"Here now, David Muir and Lindsey Davis.",S,,,,S,,,,S,,,
746,SPEAKER_08,Good evening.,GR,,,,GR,,,,GR,,,
747,SPEAKER_08,I'm David Muir and thank you for joining us for tonight's ABC News presidential debate.,GR; THK,,,,GR; THK,,,,GR; THK,,,
748,SPEAKER_08,We want to welcome viewers watching on ABC and around the world tonight.,GR,,,,GR,,,,GR,,,
749,SPEAKER_08,Vice President Kamala Harris and President Donald Trump are just moments away from taking the stage in this unprecedented race for president.,S,,,,S,,,,S,,,
750,SPEAKER_03,I'm Lindsay Davis.,S,,,,S,,,,S,,,
751,SPEAKER_03,Tonight's meeting could be the most consequential event of their campaigns with Election Day now less than two months away for Vice President Kamala Harris.,S-Inform; HS,,,,S-Inform; HS,,,,S-Inform; HS,,,
752,SPEAKER_03,This is her first debate since President Biden withdrew from the race on July 21st.,S-Inform; HS,,,,S-Inform; HS,,,,S-Inform; HS,,,
753,SPEAKER_03,"Of course, that decision followed his debate against President Donald Trump in June.",S; HS,,,,S; HS,,,,S; HS,,,
754,SPEAKER_03,"Since then, this race has taken on an entirely new dynamic.",S,,,,S,,,,S,,,
755,SPEAKER_08,And that brings us to the rules of tonight's debate.,S; MS,,,,S; MS,,,,S; MS,,,
756,SPEAKER_08,minutes with two commercial breaks.,S-Inform,,,,S-Inform,,,,S-Inform,,,
757,SPEAKER_08,No topics or questions have been shared with the campaigns.,S,,,,S,,,,S,,,
758,SPEAKER_08,The candidates will have two minutes to answer questions and this is the clock.,S-Inform,,,,S-Inform,,,,S-Inform,,,
759,SPEAKER_08,That's what they'll be seeing.,S,,,,S,,,,S,,,
760,SPEAKER_08,"Two minutes for rebuttals and one minute for follow-ups, clarifications, or responses.",S-Inform,,,,S-Inform,,,,S-Inform,,,
761,SPEAKER_08,Their microphones will only be turned on when it's their turn to speak.,S,,,,S,,,,S,,,
762,SPEAKER_08,No pre-written notes allowed.,S,,,,S,,,,S,,,
763,SPEAKER_08,There is no audience here tonight in this hall at the National Constitution Center.,S,,,,S,,,,S,,,
764,SPEAKER_08,This is an intimate setting for two candidates who have never met.,S,,,,S,,,,S,,,
765,SPEAKER_03,President Trump won the coin toss.,S,,,,S,,,,S,,,
766,SPEAKER_03,He chose to deliver the final closing statement of the evening.,S,,,,S,,,,S,,,
767,SPEAKER_03,Vice President Harris selected the podium to the right.,S,,,,S,,,,S,,,
768,SPEAKER_08,So let's now welcome the candidates to the stage.,IAFA; GR,,,,IAFA; GR,,,,IAFA; GR,,,
769,SPEAKER_08,Vice President Kamala Harris and President Donald Trump.,S,,,,S,,,,S,,,
770,SPEAKER_33,"Kamala Harris, what's up?",Q-W; GR,,,,Q-W; GR,,,,Q-W; GR,,,
771,SPEAKER_33,Good to be here.,GR,,,,GR,,,,GR,,,
772,SPEAKER_33,Thank you.,THK,,,,THK,,,,THK,,,
773,SPEAKER_08,Welcome to you both.,GR,,,,GR,,,,GR,,,
774,SPEAKER_08,It's wonderful to have you.,GR,,,,GR,,,,GR,,,
775,SPEAKER_08,It's an honor to have you both here tonight.,GR,,,,GR,,,,GR,,,
776,SPEAKER_03,Good evening.,GR,,,,GR,,,,GR,,,
777,SPEAKER_03,We are looking forward to a spirited and thoughtful debate.,S,,,,S,,,,S,,,
778,SPEAKER_08,So let's get started.,MS,,,,MS,,,,MS,,,
779,SPEAKER_08,I want to begin tonight with the issue that voters repeatedly say is their number one issue and that is the economy and the cost of living in this country.,S; MS,,,,S; MS,,,,S; MS,,,
780,SPEAKER_08,"Vice President Harris, you and President Trump were elected four years ago and your opponent on the stage here tonight often asks his supporters, are you better off than you were four years ago?",YNQ; S-Inform; HS,,,,YNQ; S-Inform; HS,,,,YNQ; S-Inform; HS,,,
781,SPEAKER_08,"When it comes to the economy, do you believe Americans are better off that they were four years ago?",YNQ,,,,YNQ,,,,YNQ,,,
782,SPEAKER_33,So I was raised as a middle class kid and I am actually the only person on this stage who has a plan that is about lifting up the middle class and working people of America.,Q-RHET; S; IAFA,,,,Q-RHET; S; IAFA,,,,Q-RHET; S; IAFA,,,
783,SPEAKER_33,"I believe in the ambition, the aspirations, the dreams of the American people.",S,,AE; AP; IP,,S,,AE; AP; IP,,S,,AE; AP; IP,
784,SPEAKER_33,And that is why I imagine and have actually a plan to build what I call an opportunity economy.,S,,IT; IP,,S,,IT; IP,,S,,IT; IP,
785,SPEAKER_33,Because here's the thing.,TT,,,,TT,,,,TT,,,
786,SPEAKER_33,We know that we have a shortage of homes and housing.,S,,,,S,,,,S,,,
787,SPEAKER_33,And the cost of housing is too expensive for too many people.,S,,,,S,,,,S,,,
788,SPEAKER_33,We know that young families need support.,S,,,,S,,,,S,,,
789,SPEAKER_33,to raise their children and I intend on extending a tax cut for those families of,S,,IT,,S,,IT,,S,,IT,
790,SPEAKER_33,"which is the largest child tax credit that we have given in a long time so that those young families can afford to buy a crib, buy a car seat, buy clothes for their children.",S-Inform,,AE; IT,,S-Inform,,AE; IT,,S-Inform,,AE; IT,
791,SPEAKER_33,"My passion, one of them, is small businesses.",S,,IP,,S,,IP,,S,,IP,
792,SPEAKER_33,"I was actually, my mother raised my sister and me, but there was a woman who helped raise us.",S; HS,,AE,,S; HS,,AE,,S; HS,,AE,
793,SPEAKER_33,We call her our second mother.,S,,AE,,S,,AE,,S,,AE,
794,SPEAKER_33,She was a small business owner.,S,,,,S,,,,S,,,
795,SPEAKER_33,I love our small businesses.,S,,AE; IP,,S,,AE; IP,,S,,AE; IP,
796,SPEAKER_33,"My plan is to give a tax deduction to start up small businesses, knowing they are part of the backbone of America's economy.",S,,AP; IT,,S,,AP; IT,,S,,AP; IT,
797,SPEAKER_33,"My opponent, on the other hand, his plan is to do what he has done before.",S,,ATTR; REB,,S,,ATTR; REB,,S,,ATTR; REB,
798,SPEAKER_33,"which is to provide a tax cut for billionaires and big corporations, which will result in trillion to America's deficit.",S-Inform,,PB; ATTR; REB; SE,,S-Inform,,PB; ATTR; REB; SE,,S-Inform,,PB; ATTR; REB; SE,
799,SPEAKER_33,"My opponent has a plan that I call the Trump's sales tax, which would be a tax on everyday goods that you rely on to get through the month.",S; CH,,PB; ATTR; REB,,S; CH,,PB; ATTR; REB,,S; CH,,PB; ATTR; REB,
800,SPEAKER_33,Economists have said that Trump sales tax would actually result for middle-class families in about more a year because of his policies and his ideas about what should be the backs of middle-class people paying for tax cuts for billionaires.,S-Inform; CH,,AE; ATTR; REB; SE,,S-Inform; CH,,AE; ATTR; REB; SE,,S-Inform; CH,,AE; ATTR; REB; SE,
801,SPEAKER_08,"President Trump, I'll give you two minutes.",S; TG,,,,S; TG,,,,S; TG,,,
802,SPEAKER_32,"First of all, I have no sales tax.",REJ; CORR,,REB,,REJ; CORR,,REB,,REJ; CORR,,REB,
803,SPEAKER_32,That's an incorrect statement.,REJ; CH,,REB,,REJ; CH,,REB,,REJ; CH,,REB,
804,SPEAKER_32,She knows that we're doing tariffs on other countries.,S; CH,,REB,,S; CH,,REB,,S; CH,,REB,
805,SPEAKER_32,"Other countries are going to finally, after",S,,,,S,,,,S,,,
806,SPEAKER_32,"years, pay us back for all that we've done for the world.",S,,AP,,S,,AP,,S,,AP,
807,SPEAKER_32,And the tariff will be substantial in some cases.,S,,,,S,,,,S,,,
808,SPEAKER_32,"I took in billions and billions of dollars, as you know, from China.",S-Inform,,IT,,S-Inform,,IT,,S-Inform,,IT,
809,SPEAKER_32,"In fact, they never took the tariff off because it was so much money, they can't.",S,,ATTR; SE,,S,,ATTR; SE,,S,,ATTR; SE,
810,SPEAKER_32,It would totally destroy everything that they've set out to do.,S,,AF; REB,,S,,AF; REB,,S,,AF; REB,
811,SPEAKER_32,They're taking in billions of dollars from China and other places.,S-Inform,,SE,,S-Inform,,SE,,S-Inform,,SE,
812,SPEAKER_32,They've left the tariffs on.,S,,REB,,S,,REB,,S,,REB,
813,SPEAKER_32,"When I had it, I had tariffs and yet I had no inflation.",S,,IT; SE,,S,,IT; SE,,S,,IT; SE,
814,SPEAKER_32,"We've had a terrible economy because inflation has, which is really known as a country buster.",S,,AF; ATTR,,S,,AF; ATTR,,S,,AF; ATTR,
815,SPEAKER_32,It breaks up countries.,S,,AF; CB,,S,,AF; CB,,S,,AF; CB,
816,SPEAKER_32,We have inflation like very few people have ever seen before.,S,,AF; CB,,S,,AF; CB,,S,,AF; CB,
817,SPEAKER_32,Probably the worst in our nation's history.,S,,AF; CB; SE,,S,,AF; CB; SE,,S,,AF; CB; SE,
818,SPEAKER_32,"We were at percent, but that's being generous because many things are percent higher than they were just a few years ago.",S-Inform,,SE,,S-Inform,,SE,,S-Inform,,SE,
819,SPEAKER_32,"This has been a disaster for people, for the middle class, but for every class.",S,,AF; AE,,S,,AF; AE,,S,,AF; AE,
820,SPEAKER_32,"On top of that, we have millions of people pouring into our country from prisons and jails, from mental institutions, and insane asylums.",S; S-Inform,,AF; CB,,S; S-Inform,,AF; CB,,S; S-Inform,,AF; CB,
821,SPEAKER_32,And they're coming in and they're taking jobs that are occupied right now by African Americans and Hispanics and also unions.,S,,AF; RB; CB,,S,,AF; RB; CB,,S,,AF; RB; CB,
822,SPEAKER_32,Unions are going to be affected very soon.,S,,AF,,S,,AF,,S,,AF,
823,SPEAKER_32,And you see what's happening.,S,,,,S,,,,S,,,
824,SPEAKER_32,You see what's happening with towns throughout the United States.,S,,AF,,S,,AF,,S,,AF,
825,SPEAKER_32,"You look at Springfield, Ohio.",S,,SE,,S,,SE,,S,,SE,
826,SPEAKER_32,You look at Aurora in Colorado.,S,,SE,,S,,SE,,S,,SE,
827,SPEAKER_32,They are taking over the towns.,S,,AF; CB,,S,,AF; CB,,S,,AF; CB,
828,SPEAKER_32,They're taking over buildings.,S,,AF,,S,,AF,,S,,AF,
829,SPEAKER_32,They're going in violently.,S,,AF,,S,,AF,,S,,AF,
830,SPEAKER_32,These are the people that she and Biden led into our country.,S,,PB; ATTR,,S,,PB; ATTR,,S,,PB; ATTR,
831,SPEAKER_32,And they're destroying our country.,S,,AF; ATTR,,S,,AF; ATTR,,S,,AF; ATTR,
832,SPEAKER_32,They're dangerous.,S,,AF,,S,,AF,,S,,AF,
833,SPEAKER_32,They're at the highest level of criminality.,S,,AF; SE,,S,,AF; SE,,S,,AF; SE,
834,SPEAKER_32,And we have to get them out.,S,,AF,,S,,AF,,S,,AF,
835,SPEAKER_32,We have to get them out fast.,S,,AF,,S,,AF,,S,,AF,
836,SPEAKER_32,I created one of the greatest economies in the history of our country.,S-Inform,,IT,,S-Inform,,IT,,S-Inform,,IT,
837,SPEAKER_32,I'll do it again and even better.,S,,IT,,S,,IT,,S,,IT,
838,SPEAKER_08,"We are going to get to immigration and border security during this debate, but I would like to let Vice President Harris respond on the economy here.",TG; MS,,,,TG; MS,,,,TG; MS,,,
839,SPEAKER_33,"Well, I would love to.",ACK,,,,ACK,,,,ACK,,,
840,SPEAKER_33,Let's talk about what Donald Trump left us.,IAFA; MS,,DF,,IAFA; MS,,DF,,IAFA; MS,,DF,
841,SPEAKER_33,Donald Trump left us the worst on employment since the Great Depression.,S-Inform; CH,,PER; ATTR; REB,,S-Inform; CH,,PER; ATTR; REB,,S-Inform; CH,,PER; ATTR; REB,
842,SPEAKER_33,Donald Trump left us the worst public health epidemic in a century.,S; CH,,AF; PER; ATTR; REB,,S; CH,,AF; PER; ATTR; REB,,S; CH,,AF; PER; ATTR; REB,
843,SPEAKER_33,Donald Trump left us the worst attack on our democracy since the Civil War.,S; CH; HS,,AF; PER; ATTR; REB,,S; CH; HS,,AF; PER; ATTR; REB,,S; CH; HS,,AF; PER; ATTR; REB,
844,SPEAKER_33,And what we have done is clean up Donald Trump's mess.,S,,IT; ATTR,,S,,IT; ATTR,,S,,IT; ATTR,
845,SPEAKER_33,What we have done and what I intend to do is build on what we know are the aspirations and the hopes of the American people.,S,,UF; IT,,S,,UF; IT,,S,,UF; IT,
846,SPEAKER_33,"But I'm going to tell you all on this debate tonight, you're going to hear from the same old tired playbook.",S; MS,,PER; ATTR; REB,,S; MS,,PER; ATTR; REB,,S; MS,,PER; ATTR; REB,
847,SPEAKER_33,"a bunch of lies, grievances, and name-calling.",S,,PER; ATTR,,S,,PER; ATTR,,S,,PER; ATTR,
848,SPEAKER_33,What you're going to hear tonight is a detailed and dangerous plan called Project,S,,AF; PER; ATTR,,S,,AF; PER; ATTR,,S,,AF; PER; ATTR,
849,SPEAKER_33,that the former president intends on implementing if he were elected again.,S,,,,S,,,,S,,,
850,SPEAKER_33,"I believe very strongly that the American people want a president who understands the importance of bringing us together know we have so much more in common than what separates us, and I pledge to you to be a president for all Americans.",S; IAFA-OF,,AE; UF; IP,,S; IAFA-OF,,AE; UF; IP,,S; IAFA-OF,,AE; UF; IP,
851,SPEAKER_08,President Trump will give,S,,,,S,,,,S,,,
852,SPEAKER_32,But it makes no difference.,S,,DF,,S,,DF,,S,,DF,
853,SPEAKER_32,I have nothing to do.,S,,,,S,,,,S,,,
854,SPEAKER_32,Everybody knows I'm an open book.,S,,IT,,S,,IT,,S,,IT,
855,SPEAKER_32,Everybody knows what I'm going to do.,S,,IT,,S,,IT,,S,,IT,
856,SPEAKER_32,Cut taxes very substantially and create a great economy like I did before.,S,,AP; IT,,S,,AP; IT,,S,,AP; IT,
857,SPEAKER_32,We had the greatest economy.,S,,AP; IT; SE,,S,,AP; IT; SE,,S,,AP; IT; SE,
858,SPEAKER_32,We got hit with a pandemic.,S,,,,S,,,,S,,,
859,SPEAKER_32,And the pandemic was not since where million people died.,S,,AF,,S,,AF,,S,,AF,
860,SPEAKER_32,Has there been anything like it?,YNQ; Q-RHET,,CBias,,YNQ; Q-RHET,,CBias,,YNQ; Q-RHET,,CBias,
861,SPEAKER_32,We did a phenomenal job with the pandemic.,S,,IT,,S,,IT,,S,,IT,
862,SPEAKER_32,We handed them over a country where the economy and where the stock market was higher than it was before the pandemic came in.,S; S-Inform,,IT; SE,,S; S-Inform,,IT; SE,,S; S-Inform,,IT; SE,
863,SPEAKER_32,Nobody's ever seen anything like it.,S,,IT; CB,,S,,IT; CB,,S,,IT; CB,
864,SPEAKER_32,We made ventilators for the entire world.,S,,IT,,S,,IT,,S,,IT,
865,SPEAKER_32,We got gowns.,S,,IT,,S,,IT,,S,,IT,
866,SPEAKER_32,We got masks.,S,,IT,,S,,IT,,S,,IT,
867,SPEAKER_32,We did things that nobody thought possible.,S,,IT; CB,,S,,IT; CB,,S,,IT; CB,
868,SPEAKER_32,And people give me credit for rebuilding the military.,S,,IT,,S,,IT,,S,,IT,
869,SPEAKER_32,"They give me credit for a lot of things, but not enough credit for the great job we did with the pandemic.",S; INT,,IT; SE,,S; INT,,IT; SE,,S; INT,,IT; SE,
870,SPEAKER_32,But the only jobs they got were bounce back jobs.,S,,REB,,S,,REB,,S,,REB,
871,SPEAKER_32,These were jobs bounce back and it bounced back and it went to their benefit.,S,,REB,,S,,REB,,S,,REB,
872,SPEAKER_32,But I was the one that created them.,S,,IT,,S,,IT,,S,,IT,
873,SPEAKER_32,They know it and so does everybody else.,S,,,,S,,,,S,,,
874,SPEAKER_32,"Vice President Harris, I'll let you respond.",TG,,,,TG,,,,TG,,,
875,SPEAKER_33,So. Donald Trump has no plan for you.,S,,PER; ATTR; REB,,S,,PER; ATTR; REB,,S,,PER; ATTR; REB,
876,SPEAKER_33,"And when you look at his economic plan, it's all about tax breaks for the richest people.",S,,ATTR; REB,,S,,ATTR; REB,,S,,ATTR; REB,
877,SPEAKER_33,"I am offering what I describe as an opportunity economy, and the best economists in our country, if not the world, have reviewed our relative plans for the future of America.",S; IAFA-OF,,IT; IP,,S; IAFA-OF,,IT; IP,,S; IAFA-OF,,IT; IP,
878,SPEAKER_33,What Goldman Sachs has said is that Donald Trump's plan would make the economy worse.,S-Inform,,ATTR; REB; SE,,S-Inform,,ATTR; REB; SE,,S-Inform,,ATTR; REB; SE,
879,SPEAKER_33,Mine would strengthen the economy.,S,,IT,,S,,IT,,S,,IT,
880,SPEAKER_33,What the Wharton School has said is Donald Trump's plan would actually explode the deficit.,S-Inform; CH,,ATTR; REB; SE,,S-Inform; CH,,ATTR; REB; SE,,S-Inform; CH,,ATTR; REB; SE,
881,SPEAKER_33,Sixteen Nobel laureates have described his economic plan as something that would increase inflation and by the middle of next year would invite a recession.,S-Inform; CH,,AF; ATTR; REB; SE,,S-Inform; CH,,AF; ATTR; REB; SE,,S-Inform; CH,,AF; ATTR; REB; SE,
882,SPEAKER_33,You just have to look at where we are and where we stand on the issues.,S,,,,S,,,,S,,,
883,SPEAKER_33,And I'd invite you to know that Donald Trump actually has no plan for you because he is more interested in defending himself than he is in looking out for you.,S; CH,,PER; ATTR; REB,,S; CH,,PER; ATTR; REB,,S; CH,,PER; ATTR; REB,
884,SPEAKER_32,"I went to the Wharton School of Finance and many of those professors, the top professors, think my plan is a brilliant plan.",S; HS,,IT; SE,,S; HS,,IT; SE,,S; HS,,IT; SE,
885,SPEAKER_32,It's a great plan.,S,,IT,,S,,IT,,S,,IT,
886,SPEAKER_32,"It's a plan that's going to bring up our worth, our value as a country.",S,,AP; IT,,S,,AP; IT,,S,,AP; IT,
887,SPEAKER_32,"It's going to make people want to be able to go and work and create jobs and create a lot of good, solid money for our country.",S,,IT,,S,,IT,,S,,IT,
888,SPEAKER_32,"And just to finish off, She doesn't have a plan.",S; CH; TT,,ATTR; REB,,S; CH; TT,,ATTR; REB,,S; CH; TT,,ATTR; REB,
889,SPEAKER_32,"She copied Biden's plan, and it's like four sentences, like run, spot, run.",S; CH,,PER; ATTR; REB,,S; CH,,PER; ATTR; REB,,S; CH,,PER; ATTR; REB,
890,SPEAKER_32,"Four sentences that are just, oh, we'll try and lower taxes.",S; CH,,REB; SE,,S; CH,,REB; SE,,S; CH,,REB; SE,
891,SPEAKER_32,She doesn't have a plan.,S; CH,,PER; REB,,S; CH,,PER; REB,,S; CH,,PER; REB,
892,SPEAKER_32,Take a look at her plan.,IAFA,,REB,,IAFA,,REB,,IAFA,,REB,
893,SPEAKER_32,She doesn't have a plan.,S; CH,,PER; REB,,S; CH,,PER; REB,,S; CH,,PER; REB,
894,SPEAKER_08,"Mr. President, I do want to drill down on something you both brought up.",S; GR; MS,,,,S; GR; MS,,,,S; GR; MS,,,
895,SPEAKER_08,The vice president brought up your tariffs.,S,,,,S,,,,S,,,
896,SPEAKER_08,"You responded, and let's drill down on this, because your plan is what she calls essentially a national sales tax.",S; MS,,,,S; MS,,,,S; MS,,,
897,SPEAKER_08,"Your proposal calls for tariffs, as you pointed out here, on foreign imports across the board.",S,,,,S,,,,S,,,
898,SPEAKER_08,"You recently said that you might double your plan, imposing tariffs up to on goods coming into this country.",S-Inform,,,,S-Inform,,,,S-Inform,,,
899,SPEAKER_08,"As you know, many economists say that with tariffs at that level, costs are then passed on to the consumer.",S; S-Inform,,AF,,S; S-Inform,,AF,,S; S-Inform,,AF,
900,SPEAKER_08,"Vice President Harris has argued it'll mean higher prices on gas, food, clothing, medication, arguing it costs the typical family nearly a year.",S; S-Inform; HS,,AF; AE,,S; S-Inform; HS,,AF; AE,,S; S-Inform; HS,,AF; AE,
901,SPEAKER_08,Do you believe Americans can afford higher prices because of tariffs?,YNQ,,,,YNQ,,,,YNQ,,,
902,SPEAKER_32,They're not going to have higher prices.,S; REJ,,IA,,S; REJ,,IA,,S; REJ,,IA,
903,SPEAKER_32,What's going to have and who's going to have higher prices is China and all of the countries that have been ripping us off for years.,S,,AF; PB; CBias,,S,,AF; PB; CBias,,S,,AF; PB; CBias,
904,SPEAKER_32,"I charge, I was the only president ever, China was paying us hundreds",S; S-Inform,,IT; SE,,S; S-Inform,,IT; SE,,S; S-Inform,,IT; SE,
905,SPEAKER_32,"billions of dollars, hundreds of billions of dollars.",S-Inform,,IT; SE,,S-Inform,,IT; SE,,S-Inform,,IT; SE,
906,SPEAKER_32,"I had no inflation, virtually no inflation.",S,,IT; SE,,S,,IT; SE,,S,,IT; SE,
907,SPEAKER_32,"They had the highest inflation perhaps in the history of our country, because I've never seen a worse period of time.",S,,AF; ATTR; CB,,S,,AF; ATTR; CB,,S,,AF; ATTR; CB,
908,SPEAKER_32,People can't go out and buy cereal or bacon or eggs or anything else.,S,,AF; AE; SE,,S,,AF; AE; SE,,S,,AF; AE; SE,
909,SPEAKER_32,The people of our country are absolutely dying with what they've done.,S; CH,,AF; AE; ATTR,,S; CH,,AF; AE; ATTR,,S; CH,,AF; AE; ATTR,
910,SPEAKER_32,They've destroyed the economy.,S; CH,,ATTR; REB,,S; CH,,ATTR; REB,,S; CH,,ATTR; REB,
911,SPEAKER_32,And all you have to do is look at a poll.,S,,CB; SE,,S,,CB; SE,,S,,CB; SE,
912,SPEAKER_32,"The polls say and and even percent that the Trump economy was great, that their economy was terrible.",S-Inform,,IT; SE,,S-Inform,,IT; SE,,S-Inform,,IT; SE,
913,SPEAKER_08,"Vice President Harris, I do want to ask for your response.",TG; MS,,,,TG; MS,,,,TG; MS,,,
914,SPEAKER_08,"And you heard what the president said there, because the Biden administration did keep a number of the Trump tariffs in place.",S-Inform; MS,,,,S-Inform; MS,,,,S-Inform; MS,,,
915,SPEAKER_08,So how do you respond?,Q-W; TG,,,,Q-W; TG,,,,Q-W; TG,,,
916,SPEAKER_33,"Well, let's be clear that the Trump administration resulted in a trade deficit, one of the highest we've ever seen in the history of America.",S-Inform; CORR; CH,,ATTR; REB; SE,,S-Inform; CORR; CH,,ATTR; REB; SE,,S-Inform; CORR; CH,,ATTR; REB; SE,
917,SPEAKER_33,He invited trade wars.,S; CH,,ATTR; REB,,S; CH,,ATTR; REB,,S; CH,,ATTR; REB,
918,SPEAKER_33,"You want to talk about his deal with China, what he ended up doing as under Donald Trump's presidency.",S; CH,,ATTR; REB,,S; CH,,ATTR; REB,,S; CH,,ATTR; REB,
919,SPEAKER_33,He ended up selling American chips to China.,S,,ATTR,,S,,ATTR,,S,,ATTR,
920,SPEAKER_33,"to help them improve and modernize their military, basically sold us out when a policy about China should be in making sure the United States of America wins the competition for the 21st century, which means focusing on the details of what that requires, focusing on relationships with our allies, focusing on investing in American-based technology so that we win the race on AI, on quantum computing.",S; CH,,PER; ATTR; REB,,S; CH,,PER; ATTR; REB,,S; CH,,PER; ATTR; REB,
921,SPEAKER_33,"focusing on what we need to do to support America's workforce so that we don't end up having, on the short end of the stick in terms of workers' rights.",S,,,,S,,,,S,,,
922,SPEAKER_33,"But what Donald Trump did, let's talk about this, with COVID, is he actually thanked President Xi.",S; CH; MS,,ATTR; REB,,S; CH; MS,,ATTR; REB,,S; CH; MS,,ATTR; REB,
923,SPEAKER_33,for what he did during COVID.,S,,ATTR,,S,,ATTR,,S,,ATTR,
924,SPEAKER_33,Look at his tweet.,IAFA,,ATTR; AEX,,IAFA,,ATTR; AEX,,IAFA,,ATTR; AEX,
925,SPEAKER_33,"Thank you, President Xi, exclamation point when we know that Xi was responsible for lacking and not giving us transparency about the origins of COVID.",S; CH,,ATTR; REB; SE,,S; CH,,ATTR; REB; SE,,S; CH,,ATTR; REB; SE,
926,SPEAKER_08,"President Trump, I'll let you respond.",TG,,,,TG,,,,TG,,,
927,SPEAKER_32,"First of all, they bought their chips from Taiwan.",S; REJ; CH,,REB,,S; REJ; CH,,REB,,S; REJ; CH,,REB,
928,SPEAKER_32,We hardly make chips anymore because of philosophies like they have and policies like they have.,S,,ATTR; REB,,S,,ATTR; REB,,S,,ATTR; REB,
929,SPEAKER_32,I don't say her because she has no policy.,S,,PER; IP,,S,,PER; IP,,S,,PER; IP,
930,SPEAKER_32,Everything that she believed three years ago and four years ago is out the window.,S; CH,,PER; ATTR; REB,,S; CH,,PER; ATTR; REB,,S; CH,,PER; ATTR; REB,
931,SPEAKER_32,She's going to my philosophy now.,S,,PER; REB,,S,,PER; REB,,S,,PER; REB,
932,SPEAKER_32,"In fact, I was going to send her a MAGA hat.",S,,PER,,S,,PER,,S,,PER,
933,SPEAKER_32,She's gone to my philosophy.,S,,PER; REB,,S,,PER; REB,,S,,PER; REB,
934,SPEAKER_32,"If she ever got elected, she'd change it, and it will be the end of our country.",S,,AF; PER; CB,,S,,AF; PER; CB,,S,,AF; PER; CB,
935,SPEAKER_32,She's a Marxist.,S,,PB; PER,,S,,PB; PER,,S,,PB; PER,
936,SPEAKER_32,Everybody knows she's a Marxist.,S,,PB; PER; CB,,S,,PB; PER; CB,,S,,PB; PER; CB,
937,SPEAKER_32,"Her father's a Marxist professor in economics, and he taught her well.",S,,PB; PER,,S,,PB; PER,,S,,PB; PER,
938,SPEAKER_32,"But when you look at what she's done to our country, and when you look at these millions and millions of people that are pouring into our country monthly, where it's, I believe, million people, not the that people say, and I think it's a lot higher than the That's bigger than New York State pouring in.",S; S-Inform; CH,,AF; ATTR; REB; SE,,S; S-Inform; CH,,AF; ATTR; REB; SE,,S; S-Inform; CH,,AF; ATTR; REB; SE,
939,SPEAKER_32,And just look at what they're doing to our country.,IAFA,,AF; AE; PB,,IAFA,,AF; AE; PB,,IAFA,,AF; AE; PB,
940,SPEAKER_32,They're criminals.,S,,PB; PER,,S,,PB; PER,,S,,PB; PER,
941,SPEAKER_32,Many of these people coming in are criminals.,S,,AF; PB; CB,,S,,AF; PB; CB,,S,,AF; PB; CB,
942,SPEAKER_32,"And that's bad for our economy, too.",S,,AF,,S,,AF,,S,,AF,
943,SPEAKER_32,"You know, you mentioned before, we'll talk about immigration later.",S; MS,,,,S; MS,,,,S; MS,,,
944,SPEAKER_32,"Well, bad immigration is the worst thing that can happen to our economy.",S,,AF; CB,,S,,AF; CB,,S,,AF; CB,
945,SPEAKER_32,"They have, and she has, destroyed our country with policy that's insane.",S; CH,,PER; ATTR; REB,,S; CH,,PER; ATTR; REB,,S; CH,,PER; ATTR; REB,
946,SPEAKER_32,Almost policy that you'd say they have to hate our country.,S,,PB; ATTR; CB,,S,,PB; ATTR; CB,,S,,PB; ATTR; CB,
947,SPEAKER_32,"President Trump, thank you.",THK,,,,THK,,,,THK,,,
948,SPEAKER_03,I want to turn to the issue of abortion.,S; TG; MS,,,,S; TG; MS,,,,S; TG; MS,,,
949,SPEAKER_03,"President Trump, you've often touted that you were able to kill Roe v.",S,,,,S,,,,S,,,
950,SPEAKER_03,Wade last year.,S,,,,S,,,,S,,,
951,SPEAKER_03,You said that you were proud to be the most pro-life president in American history.,S,,,,S,,,,S,,,
952,SPEAKER_03,"Then last month, you said that your administration would be great for women and their reproductive rights.",S,,,,S,,,,S,,,
953,SPEAKER_03,"In your home state of Florida, you surprised many with regard to your six-week abortion ban because you initially had said that it was too short.",S,,,,S,,,,S,,,
954,SPEAKER_03,"And you said, quote, I'm going to be voting that we need more than six weeks, but then the very next day you reversed course and said you would vote to support the six-week ban.",S-Inform; HS,,,,S-Inform; HS,,,,S-Inform; HS,,,
955,SPEAKER_03,Vice President Harris says that women shouldn't trust you on the issue of abortion because you've changed your position so many times.,S,,REB,,S,,REB,,S,,REB,
956,SPEAKER_03,"Therefore, why should they trust you?",Q-W; SEEP; TG,,CB,,Q-W; SEEP; TG,,CB,,Q-W; SEEP; TG,,CB,
957,SPEAKER_32,"the reason I'm doing that vote is because the plan is as you know the vote is they have abortion in the ninth month they even have and you can look at the governor of West Virginia the previous governor of West Virginia not the current governor is doing an excellent job but the governor before He said, the baby will be born, and we will decide what to do with the baby.",S; EXPL,,AF; CB; SE,,S; EXPL,,AF; CB; SE,,S; EXPL,,AF; CB; SE,
958,SPEAKER_32,"In other words, we'll execute the baby.",S; EXPL,,AF; AE; CB; SE,,S; EXPL,,AF; AE; CB; SE,,S; EXPL,,AF; AE; CB; SE,
959,SPEAKER_32,"And that's why I did that, because that predominates, because they're radical.",S; EXPL,,PB; IP,,S; EXPL,,PB; IP,,S; EXPL,,PB; IP,
960,SPEAKER_32,The Democrats are radical in that.,S,,PB,,S,,PB,,S,,PB,
961,SPEAKER_32,"And her vice presidential pick, which I think was a horrible pick, by the way, for our country, because he is really out of it, But her vice presidential pick says abortion in the ninth month is absolutely fine.",S; CH,,PER; IP; ATTR,,S; CH,,PER; IP; ATTR,,S; CH,,PER; IP; ATTR,
962,SPEAKER_32,He also says execution after birth.,S; CH,,PER; ATTR,,S; CH,,PER; ATTR,,S; CH,,PER; ATTR,
963,SPEAKER_32,It's an execution no longer abortion because the baby is born is okay.,S,,CB; SE,,S,,CB; SE,,S,,CB; SE,
964,SPEAKER_32,And that's not okay with me.,S; DIS,,IP,,S; DIS,,IP,,S; DIS,,IP,
965,SPEAKER_32,Hence the vote.,S; EXPL,,,,S; EXPL,,,,S; EXPL,,,
966,SPEAKER_32,But what I did is something for years.,S,,IT,,S,,IT,,S,,IT,
967,SPEAKER_32,They've been trying to get Roe v.,S,,PB,,S,,PB,,S,,PB,
968,SPEAKER_32,Wade into the states.,S,,PB,,S,,PB,,S,,PB,
969,SPEAKER_32,And through the,S,,,,S,,,,S,,,
970,SPEAKER_32,"genius and heart and strength of six Supreme Court justices, we were able to do that.",S; IAFA,,IT,,S; IAFA,,IT,,S; IAFA,,IT,
971,SPEAKER_32,"Now, I believe in the exceptions for rape, incest, and life of the mother.",S,,IP,,S,,IP,,S,,IP,
972,SPEAKER_32,I believe strongly in it.,S,,IP,,S,,IP,,S,,IP,
973,SPEAKER_32,Ronald Reagan did also.,S; HS,,SE,,S; HS,,SE,,S; HS,,SE,
974,SPEAKER_32,percent of Republicans do exceptions.,S-Inform,,SE,,S-Inform,,SE,,S-Inform,,SE,
975,SPEAKER_32,Very important.,S,,,,S,,,,S,,,
976,SPEAKER_32,"But we were able to get it, and now states are voting on it.",S,,IT,,S,,IT,,S,,IT,
977,SPEAKER_32,"And for the first time, you're going to see, look, this is an issue that's torn our country apart for years.",S,,AF,,S,,AF,,S,,AF,
978,SPEAKER_32,"Every legal scholar, every Democrat, every Republican, liberal, conservative, they all wanted this issue to be brought back to the states where the people could vote.",S,,UF; CB; SE,,S,,UF; CB; SE,,S,,UF; CB; SE,
979,SPEAKER_32,And that's what happened.,S,,,,S,,,,S,,,
980,SPEAKER_32,"Now, Ohio, The vote was somewhat liberal.",S,,,,S,,,,S,,,
981,SPEAKER_32,"Kansas, the vote was somewhat liberal.",S,,,,S,,,,S,,,
982,SPEAKER_32,Much more liberal than people would have thought.,S,,CB,,S,,CB,,S,,CB,
983,SPEAKER_32,But each individual state is voting.,S,,,,S,,,,S,,,
984,SPEAKER_32,It's the vote of the people now.,S,,,,S,,,,S,,,
985,SPEAKER_32,It's not tied up in the federal government.,S,,,,S,,,,S,,,
986,SPEAKER_32,I did a great service in doing it.,S,,IT,,S,,IT,,S,,IT,
987,SPEAKER_32,It took courage to do it.,S,,IT,,S,,IT,,S,,IT,
988,SPEAKER_32,And the Supreme Court had great courage in doing it.,S,,,,S,,,,S,,,
989,SPEAKER_32,And I give tremendous credit to those six justices.,S,,IP,,S,,IP,,S,,IP,
990,SPEAKER_03,There is no state in this country where it is legal to kill a baby after it's born.,S,,CB,,S,,CB,,S,,CB,
991,SPEAKER_03,"Madam Vice President, I want to get your response to President Trump.",S; TG,,,,S; TG,,,,S; TG,,,
992,SPEAKER_33,"Well, as I said, you're going to hear a bunch of lies.",S; CH,,PER; REB,,S; CH,,PER; REB,,S; CH,,PER; REB,
993,SPEAKER_33,And that's not actually a surprising fact.,S,,,,S,,,,S,,,
994,SPEAKER_33,Let's understand how we got here.,IAFA; TT,,,,IAFA; TT,,,,IAFA; TT,,,
995,SPEAKER_33,Donald Trump hand selected three members of the United States Supreme Court with the intention that they would undo the protections of Roe v.,S-Inform; CH,,ATTR; REB,,S-Inform; CH,,ATTR; REB,,S-Inform; CH,,ATTR; REB,
996,SPEAKER_33,Wade. And they did exactly as he intended.,S; CH,,ATTR; REB,,S; CH,,ATTR; REB,,S; CH,,ATTR; REB,
997,SPEAKER_33,"And now in over states, there are Trump abortion bans, which make it criminal for a doctor or nurse to provide health care.",S-Inform,,AF; ATTR,,S-Inform,,AF; ATTR,,S-Inform,,AF; ATTR,
998,SPEAKER_33,"In one state, it provides prison for life.",S-Inform,,AF; SE,,S-Inform,,AF; SE,,S-Inform,,AF; SE,
999,SPEAKER_33,"Trump abortion bans that make no exception even for rape and incest, which understand what that means.",S; CH,,AE; REB,,S; CH,,AE; REB,,S; CH,,AE; REB,
1000,SPEAKER_33,A survivor of a crime of violation to their body does not have the right to make a decision about what happens to their body next.,S,,AE; IP,,S,,AE; IP,,S,,AE; IP,
1001,SPEAKER_33,That is immoral.,S,,AE; IP,,S,,AE; IP,,S,,AE; IP,
1002,SPEAKER_33,And one does not have to abandon their faith or deeply held beliefs to agree the government and Donald Trump certainly should not be telling a woman what to do with her body.,S; CH,,AE; IP; REB,,S; CH,,AE; IP; REB,,S; CH,,AE; IP; REB,
1003,SPEAKER_33,I have talked with women around our country.,S,,,,S,,,,S,,,
1004,SPEAKER_33,You want to talk about this is what people wanted?,YNQ; Q-RHET,,REB; CB,,YNQ; Q-RHET,,REB; CB,,YNQ; Q-RHET,,REB; CB,
1005,SPEAKER_33,Pregnant women who want to carry a pregnancy to term suffering from a miscarriage being denied care in an emergency room because the health care providers are afraid they might go to jail and she's bleeding out in a car in the parking lot.,S; S-Inform,,AF; AE,,S; S-Inform,,AF; AE,,S; S-Inform,,AF; AE,
1006,SPEAKER_33,She didn't want that.,S,,AE,,S,,AE,,S,,AE,
1007,SPEAKER_33,Her husband didn't want that.,S,,AE,,S,,AE,,S,,AE,
1008,SPEAKER_33,A or year old survivor of incest being forced to carry a pregnancy to term.,S,,AE,,S,,AE,,S,,AE,
1009,SPEAKER_33,They don't want that.,S,,,,S,,,,S,,,
1010,SPEAKER_33,"And I pledge to you, when Congress passes a bill to put back in place the protections of Roe v.",S,,IP,,S,,IP,,S,,IP,
1011,SPEAKER_33,"Wade as president of the United States, I will proudly sign it into law.",S,,IP,,S,,IP,,S,,IP,
1012,SPEAKER_33,"But understand, if Donald Trump were to be reelected, he will sign a national abortion ban.",S; CH,,AF; ATTR; REB,,S; CH,,AF; ATTR; REB,,S; CH,,AF; ATTR; REB,
1013,SPEAKER_33,"Understand in his project there would be a national abortion, a monitor that would be monitoring your pregnancies, your miscarriages.",S; CH,,AF; AE; REB,,S; CH,,AF; AE; REB,,S; CH,,AF; AE; REB,
1014,SPEAKER_33,"I think the American people believe that certain freedoms, in particular the freedom to make decisions about one's own body, should not be made by the government.",S,,APAT; IP,,S,,APAT; IP,,S,,APAT; IP,
1015,SPEAKER_03,"Thank you, Vice President Harris.",THK,,,,THK,,,,THK,,,
1016,SPEAKER_32,Well there she goes again.,S; CH,,PER; REB,,S; CH,,PER; REB,,S; CH,,PER; REB,
1017,SPEAKER_32,It's a lie.,REJ; CH,,PER; REB,,REJ; CH,,PER; REB,,REJ; CH,,PER; REB,
1018,SPEAKER_32,I'm not signing a ban and there's no reason to sign a ban because we've gotten what everybody wanted.,S; DIS,,IT; REB,,S; DIS,,IT; REB,,S; DIS,,IT; REB,
1019,SPEAKER_32,"Democrats, Republicans and everybody else and every legal scholar wanted it to be brought back into the states and the states are voting and it may take a little time But for years, this issue has torn our country apart.",S,,CB; SE,,S,,CB; SE,,S,,CB; SE,
1020,SPEAKER_32,And they've wanted it back in the states.,S,,,,S,,,,S,,,
1021,SPEAKER_32,And I did something that nobody thought was possible.,S,,IT,,S,,IT,,S,,IT,
1022,SPEAKER_32,The states are now voting.,S,,,,S,,,,S,,,
1023,SPEAKER_32,What she says is an absolute lie.,DIS; CH,,PER; REB,,DIS; CH,,PER; REB,,DIS; CH,,PER; REB,
1024,SPEAKER_32,"And as far as the abortion ban, no.",REJ; ANS,,,,REJ; ANS,,,,REJ; ANS,,,
1025,SPEAKER_32,"I'm not in favor of abortion ban, but it doesn't matter, because this issue has now been taken over by the states.",S; EXPL,,IP,,S; EXPL,,IP,,S; EXPL,,IP,
1026,SPEAKER_03,Would you veto a national abortion ban if it came to your desk?,YNQ,,,,YNQ,,,,YNQ,,,
1027,SPEAKER_32,"Well, I won't have to, because, again, two things.",ANS,,IA,,ANS,,IA,,ANS,,IA,
1028,SPEAKER_32,"Number one, she said she'll go back to Congress.",S; S-Inform,,ATTR; REB,,S; S-Inform,,ATTR; REB,,S; S-Inform,,ATTR; REB,
1029,SPEAKER_32,She'll never get the vote.,S,,CB,,S,,CB,,S,,CB,
1030,SPEAKER_32,"There's impossible for her to get the vote, especially now with the 50-50, essentially 50-50 in both Senate and the House.",S-Inform,,CB,,S-Inform,,CB,,S-Inform,,CB,
1031,SPEAKER_32,She's not going to get the vote.,S,,CB,,S,,CB,,S,,CB,
1032,SPEAKER_32,She can't get the vote.,S,,CB,,S,,CB,,S,,CB,
1033,SPEAKER_32,She won't even come close to it.,S,,CB,,S,,CB,,S,,CB,
1034,SPEAKER_32,So it's just talk.,S,,PER,,S,,PER,,S,,PER,
1035,SPEAKER_32,You know what it reminds me of?,Q-RHET; TT,,,,Q-RHET; TT,,,,Q-RHET; TT,,,
1036,SPEAKER_32,"When they said they're going to get student loans terminated, and it ended up being a total catastrophe.",S; HS,,AF; ATTR; SE,,S; HS,,AF; ATTR; SE,,S; HS,,AF; ATTR; SE,
1037,SPEAKER_32,"The student loans and then her, I think probably her boss, if you call him a boss, he spends all his time on the beach.",S,,PER,,S,,PER,,S,,PER,
1038,SPEAKER_32,"But look, her boss went out and said, we'll do it again.",S,,PER; ATTR,,S,,PER; ATTR,,S,,PER; ATTR,
1039,SPEAKER_32,We'll do it a different way.,S,,,,S,,,,S,,,
1040,SPEAKER_32,"He went out, got rejected again by the Supreme Court.",S-Inform; HS,,ATTR; SE,,S-Inform; HS,,ATTR; SE,,S-Inform; HS,,ATTR; SE,
1041,SPEAKER_32,So all these students got,S,,,,S,,,,S,,,
1042,SPEAKER_32,"Taunted with this whole thing about this whole idea and how unfair that would have been part of the reason they lost to the millions and millions of people that had to pay off their student loans They didn't get it for free, but they were saying it's the same way that they talked about that that they talk about abortion But if I could just get a yes or no, because you're running me, J.D.",S; T-REQ; MS,,REB; CB; SE,,S; T-REQ; MS,,REB; CB; SE,,S; T-REQ; MS,,REB; CB; SE,
1043,SPEAKER_03,Vance has said that you would veto if you did come to your desk.,S,,REB,,S,,REB,,S,,REB,
1044,SPEAKER_32,"Well, I didn't discuss it with J.D.",S; ANS,,IP,,S; ANS,,IP,,S; ANS,,IP,
1045,SPEAKER_32,in all fairness.,S,,,,S,,,,S,,,
1046,SPEAKER_32,"J.D., and I don't mind if he has a certain view, but I think he was speaking for me, but I really didn't.",S,,IP,,S,,IP,,S,,IP,
1047,SPEAKER_32,"Look. We don't have to discuss it because she'd never be able to get it, just like she couldn't get student loans.",S; IAFA,,PER; ATTR,,S; IAFA,,PER; ATTR,,S; IAFA,,PER; ATTR,
1048,SPEAKER_32,They couldn't get student loans.,S,,ATTR,,S,,ATTR,,S,,ATTR,
1049,SPEAKER_32,They didn't even come close to getting student loans.,S,,ATTR; SE,,S,,ATTR; SE,,S,,ATTR; SE,
1050,SPEAKER_32,They taunted young people and a lot of other people that had loans.,S,,PER; ATTR,,S,,PER; ATTR,,S,,PER; ATTR,
1051,SPEAKER_32,They can never get this approved.,S,,ATTR,,S,,ATTR,,S,,ATTR,
1052,SPEAKER_32,So it doesn't matter what she says about going to Congress.,S,,DF; REB,,S,,DF; REB,,S,,DF; REB,
1053,SPEAKER_32,We're wonderful.,S,,CB,,S,,CB,,S,,CB,
1054,SPEAKER_32,"Let's go to Congress, do it.",IAFA,,CB,,IAFA,,CB,,IAFA,,CB,
1055,SPEAKER_32,But the fact is that for years they wanted to get it out of Congress and out of the federal government.,S; CH,,ATTR; REB,,S; CH,,ATTR; REB,,S; CH,,ATTR; REB,
1056,SPEAKER_32,And we did something that everybody said couldn't be done.,S,,IT,,S,,IT,,S,,IT,
1057,SPEAKER_32,And now you have a vote of the people on abortion.,S,,IT,,S,,IT,,S,,IT,
1058,SPEAKER_03,"Vice President Harris want to give you your time to respond, but I do want to ask, would you support any restrictions on a woman's right to an abortion?",YNQ; IAFA-OF; TG,,,,YNQ; IAFA-OF; TG,,,,YNQ; IAFA-OF; TG,,,
1059,SPEAKER_33,I absolutely support reinstating the protections of Roe v Wade.,S; AGR,,IP,,S; AGR,,IP,,S; AGR,,IP,
1060,SPEAKER_33,"And as you rightly mentioned, nowhere in America.",S,,,,S,,,,S,,,
1061,SPEAKER_33,is a woman carrying a pregnancy to term and asking for an abortion.,S,,,,S,,,,S,,,
1062,SPEAKER_33,That is not happening.,S; CH,,REB,,S; CH,,REB,,S; CH,,REB,
1063,SPEAKER_33,It's insulting to the women of America.,S,,AE,,S,,AE,,S,,AE,
1064,SPEAKER_33,And understand what has been happening under Donald Trump's abortion bans.,S; IAFA,,AF; ATTR,,S; IAFA,,AF; ATTR,,S; IAFA,,AF; ATTR,
1065,SPEAKER_33,Couples who pray and dream of having a family are being denied IVF treatments.,S,,AE; ATTR,,S,,AE; ATTR,,S,,AE; ATTR,
1066,SPEAKER_33,What is happening in our country?,Q-RHET,,AF; AE,,Q-RHET,,AF; AE,,Q-RHET,,AF; AE,
1067,SPEAKER_33,"Working people, working women who are working one or two jobs, who can barely afford child care as it is, have to travel to another state to get on a plane sitting next to strangers to go and get the health care she needs.",S,,AE,,S,,AE,,S,,AE,
1068,SPEAKER_33,"Barely can afford to do it, and what you are putting her through is unconscionable.",S; CH,,AE; PER; ATTR,,S; CH,,AE; PER; ATTR,,S; CH,,AE; PER; ATTR,
1069,SPEAKER_33,And the people of America have not—the majority of Americans believe in a woman's right to make decisions about her own body.,S,,APAT,,S,,APAT,,S,,APAT,
1070,SPEAKER_33,"And that is why in every state where this issue has been on the ballot in red and blue states both, the people of America have voted for freedom.",S-Inform,,APAT; SE,,S-Inform,,APAT; SE,,S-Inform,,APAT; SE,
1071,SPEAKER_32,"Vice President Harris, thank you.",THK,,,,THK,,,,THK,,,
1072,SPEAKER_32,"Excuse me, I have to respond.",TT; INT,,,,TT; INT,,,,TT; INT,,,
1073,SPEAKER_32,Another lie.,REJ; CH,,PER; REB,,REJ; CH,,PER; REB,,REJ; CH,,PER; REB,
1074,SPEAKER_32,It's another lie.,REJ; CH,,PER; REB,,REJ; CH,,PER; REB,,REJ; CH,,PER; REB,
1075,SPEAKER_32,"I have been a leader on IVF, which is fertilization.",S,,IT,,S,,IT,,S,,IT,
1076,SPEAKER_32,"The IVF, I have been a leader.",S,,IT,,S,,IT,,S,,IT,
1077,SPEAKER_32,"In fact, when they got a very negative decision on IVF from the Alabama courts I saw the people of Alabama and the legislature two days later voted it in.",S-Inform,,SE,,S-Inform,,SE,,S-Inform,,SE,
1078,SPEAKER_32,I've been a leader on it.,S,,IT,,S,,IT,,S,,IT,
1079,SPEAKER_32,They know that and everybody else knows it.,S,,CB,,S,,CB,,S,,CB,
1080,SPEAKER_32,I have been a leader on fertilization IVF.,S,,IT,,S,,IT,,S,,IT,
1081,SPEAKER_32,"And the other thing, they,",S; TT,,,,S; TT,,,,S; TT,,,
1082,SPEAKER_32,"you should ask,",IAFA,,DF,,IAFA,,DF,,IAFA,,DF,
1083,SPEAKER_32,"will she allow abortion in the eighth month, ninth month, seventh month?",YNQ,,AF; BQ,,YNQ,,AF; BQ,,YNQ,,AF; BQ,
1084,SPEAKER_32,"Okay, would you do that?",YNQ,,AEX,,YNQ,,AEX,,YNQ,,AEX,
1085,SPEAKER_32,Why don't you answer that question?,Q-W; CH,,AEX; REB,,Q-W; CH,,AEX; REB,,Q-W; CH,,AEX; REB,
1086,SPEAKER_32,That's the problem.,S,,REB,,S,,REB,,S,,REB,
1087,SPEAKER_32,Because under Roe v.,EXPL,,,,EXPL,,,,EXPL,,,
1088,SPEAKER_32,"Wade, you could do abortions in the seventh month, the eighth month, the ninth month, and probably after birth.",S-Inform,,AF; CB; SE,,S-Inform,,AF; CB; SE,,S-Inform,,AF; CB; SE,
1089,SPEAKER_32,"Just look at the governor, former governor of Virginia.",IAFA; HS,,ATTR; SE,,IAFA; HS,,ATTR; SE,,IAFA; HS,,ATTR; SE,
1090,SPEAKER_32,The governor of Virginia said we put the baby aside and then we determine what we want to do with the baby.,S; HS,,ATTR; REB; SE,,S; HS,,ATTR; REB; SE,,S; HS,,ATTR; REB; SE,
1091,SPEAKER_03,"President Trump, thank you.",THK,,,,THK,,,,THK,,,
1092,SPEAKER_08,We're going to turn now to immigration and border security.,MS,,,,MS,,,,MS,,,
1093,SPEAKER_08,"We know it's an issue that's important to Republicans, Democrats, voters across the board in this country.",S,,,,S,,,,S,,,
1094,SPEAKER_08,"Vice President Harris, you were tasked by President Biden with getting to the root causes of migration from Central America.",S; MS,,,,S; MS,,,,S; MS,,,
1095,SPEAKER_08,We know that illegal border crossings reached a record high in the Biden administration.,S-Inform,,,,S-Inform,,,,S-Inform,,,
1096,SPEAKER_08,"This past June, President Biden imposed tough new asylum restrictions.",S-Inform; HS,,,,S-Inform; HS,,,,S-Inform; HS,,,
1097,SPEAKER_08,We know the numbers since then have dropped significantly.,S-Inform,,,,S-Inform,,,,S-Inform,,,
1098,SPEAKER_08,"But my question to you tonight is, why did the administration wait until six months before the election to act?",Q-W; SEEP,,CB,,Q-W; SEEP,,CB,,Q-W; SEEP,,CB,
1099,SPEAKER_08,And would you have done anything differently from President Biden on this?,YNQ,,,,YNQ,,,,YNQ,,,
1100,SPEAKER_33,"So I'm the only person on this stage who has prosecuted transnational criminal organizations for the trafficking of guns, drugs, and human beings.",S; INT,,IT,,S; INT,,IT,,S; INT,,IT,
1101,SPEAKER_33,"And let me say that the United States Congress, including some of the most conservative members of the United States Senate, came up with a border security bill, which I supported.",S; TT,,IT,,S; TT,,IT,,S; TT,,IT,
1102,SPEAKER_33,And that bill would have put more border agents on the border to help those folks who are working there right now over time trying to do their job.,S,,,,S,,,,S,,,
1103,SPEAKER_33,It would have allowed us to stem the flow of fentanyl coming into the United States.,S,,,,S,,,,S,,,
1104,SPEAKER_33,I know there are so many families watching tonight who have been personally affected by the surge of fentanyl in our country.,S,,AE,,S,,AE,,S,,AE,
1105,SPEAKER_33,"That bill would have put more resources to allow us to prosecute transnational criminal organizations for trafficking in guns, drugs, and human beings.",S-Inform,,,,S-Inform,,,,S-Inform,,,
1106,SPEAKER_33,But you know what happened to that bill?,YNQ; MS,,DF,,YNQ; MS,,DF,,YNQ; MS,,DF,
1107,SPEAKER_33,"Donald Trump got on the phone, called up some folks in Congress and said, kill the bill.",S; CH,,ATTR; REB,,S; CH,,ATTR; REB,,S; CH,,ATTR; REB,
1108,SPEAKER_33,And you know why?,YNQ; MS,,DF,,YNQ; MS,,DF,,YNQ; MS,,DF,
1109,SPEAKER_33,Because he'd prefer to run on a problem instead of fixing a problem.,S; EXPL,,PER; ATTR; REB,,S; EXPL,,PER; ATTR; REB,,S; EXPL,,PER; ATTR; REB,
1110,SPEAKER_33,"And understand this comes at a time where the people of our country actually need a leader who engages in solutions, who actually addresses the problems at hand.",S,,AE; ATTR,,S,,AE; ATTR,,S,,AE; ATTR,
1111,SPEAKER_33,But what we have in the former president is someone who would prefer to run on a problem instead of fixing a problem.,S,,PER; ATTR; REB,,S,,PER; ATTR; REB,,S,,PER; ATTR; REB,
1112,SPEAKER_33,And I'll tell you something.,TT,,,,TT,,,,TT,,,
1113,SPEAKER_33,"He's going to talk about immigration a lot tonight, even when it's not the subject that is being raised.",S,,PER; ATTR,,S,,PER; ATTR,,S,,PER; ATTR,
1114,SPEAKER_33,And I'm going to actually do something really unusual.,S,,,,S,,,,S,,,
1115,SPEAKER_33,And I'm going to invite you to attend one of Donald Trump's rallies because it's a really interesting thing to watch.,IAFA-OF,,PER,,IAFA-OF,,PER,,IAFA-OF,,PER,
1116,SPEAKER_33,"You will see during the course of his rallies, he talks about fictional characters like Hannibal Lecter.",S,,PER; SE,,S,,PER; SE,,S,,PER; SE,
1117,SPEAKER_33,He will talk about when mills cause cancer.,S,,PER; SE,,S,,PER; SE,,S,,PER; SE,
1118,SPEAKER_33,And what you will also notice is that people start leaving his rallies early out of exhaustion and boredom.,S,,PER; SE,,S,,PER; SE,,S,,PER; SE,
1119,SPEAKER_33,"And I will tell you, the one thing you will not hear him talk about is you.",S; CH,,ATTR; REB,,S; CH,,ATTR; REB,,S; CH,,ATTR; REB,
1120,SPEAKER_33,"You will not hear him talk about your needs, your dreams, and your desires.",S,,AE; REB,,S,,AE; REB,,S,,AE; REB,
1121,SPEAKER_33,"And I'll tell you, I believe you deserve a president who actually puts you first, and I pledge to you that I will.",S,,IT; IP,,S,,IT; IP,,S,,IT; IP,
1122,SPEAKER_08,"Vice President Harris, thank you.",THK; TG,,,,THK; TG,,,,THK; TG,,,
1123,SPEAKER_08,"President Trump, on that point, I want to get your response.",TG; MS,,,,TG; MS,,,,TG; MS,,,
1124,SPEAKER_08,"Well, I would like to respond.",TT; TA,,,,TT; TA,,,,TT; TA,,,
1125,SPEAKER_08,"Let me just ask though, why did you try to kill that bill and successfully so that would have put thousands of additional agents and officers on the board?",Q-W; SEEP; CH,,BQ; ATTR; REB,,Q-W; SEEP; CH,,BQ; ATTR; REB,,Q-W; SEEP; CH,,BQ; ATTR; REB,
1126,SPEAKER_32,"First, let me respond as to the rallies.",TT; MS,,DF,,TT; MS,,DF,,TT; MS,,DF,
1127,SPEAKER_32,She said people start leaving.,S,,REB,,S,,REB,,S,,REB,
1128,SPEAKER_32,People don't go to her rallies.,S; CH,,PER; REB,,S; CH,,PER; REB,,S; CH,,PER; REB,
1129,SPEAKER_32,There's no reason to go.,S,,,,S,,,,S,,,
1130,SPEAKER_32,"And the people that do go, she's bussing them in and paying them to be there.",S; CH,,PER; ATTR; REB,,S; CH,,PER; ATTR; REB,,S; CH,,PER; ATTR; REB,
1131,SPEAKER_32,And then showing them in a different light.,S,,PER; REB,,S,,PER; REB,,S,,PER; REB,
1132,SPEAKER_32,So she can't talk about that.,S,,DF; REB,,S,,DF; REB,,S,,DF; REB,
1133,SPEAKER_32,People don't leave my rallies.,S,,IT,,S,,IT,,S,,IT,
1134,SPEAKER_32,"We have the biggest rallies, the most incredible rallies in the history of politics.",S,,AP; IT; CB,,S,,AP; IT; CB,,S,,AP; IT; CB,
1135,SPEAKER_32,That's because people want to take their country back.,S; EXPL,,AE; AP,,S; EXPL,,AE; AP,,S; EXPL,,AE; AP,
1136,SPEAKER_32,Our country is being lost.,S,,AF; AE,,S,,AF; AE,,S,,AF; AE,
1137,SPEAKER_32,We're a failing nation.,S,,AF,,S,,AF,,S,,AF,
1138,SPEAKER_32,And it happened three and a half years ago.,S; HS,,ATTR; SE,,S; HS,,ATTR; SE,,S; HS,,ATTR; SE,
1139,SPEAKER_32,"And what's going on here, you're going to end up in World War III, just to go into another subject.",S,,AF; CB,,S,,AF; CB,,S,,AF; CB,
1140,SPEAKER_32,what they have done to our country by allowing these millions and millions of people to come into our country and look at what's happening to the towns all over the United States.,S; IAFA,,AF; AE; ATTR,,S; IAFA,,AF; AE; ATTR,,S; IAFA,,AF; AE; ATTR,
1141,SPEAKER_32,And a lot of towns don't want to talk.,S,,,,S,,,,S,,,
1142,SPEAKER_32,It's not going to be Aurora or Springfield.,S,,AF,,S,,AF,,S,,AF,
1143,SPEAKER_32,A lot of towns don't want to talk about it because they're so embarrassed by it.,S,,CB,,S,,CB,,S,,CB,
1144,SPEAKER_32,"In Springfield, they're eating the dogs, the people that came in.",S-Inform,,AF; SE; CBias,,S-Inform,,AF; SE; CBias,,S-Inform,,AF; SE; CBias,
1145,SPEAKER_32,They're eating the cats.,S,,AF,,S,,AF,,S,,AF,
1146,SPEAKER_32,They're eating They're eating the pets of the people that live there.,S,,AF; AE,,S,,AF; AE,,S,,AF; AE,
1147,SPEAKER_32,And this is what's happening in our country.,S,,AF; CB,,S,,AF; CB,,S,,AF; CB,
1148,SPEAKER_32,And it's a shame.,S,,AE,,S,,AE,,S,,AE,
1149,SPEAKER_32,"As far as rallies are concerned, as far as the reason they go is they like what I say.",S; IAFA-OF,,IT,,S; IAFA-OF,,IT,,S; IAFA-OF,,IT,
1150,SPEAKER_32,They want to bring our country back.,S,,AP,,S,,AP,,S,,AP,
1151,SPEAKER_32,They want to make America great again.,S,,AP; APAT,,S,,AP; APAT,,S,,AP; APAT,
1152,SPEAKER_32,It's a very simple phrase.,S,,,,S,,,,S,,,
1153,SPEAKER_32,Make America great again.,S,,AP; APAT,,S,,AP; APAT,,S,,AP; APAT,
1154,SPEAKER_32,"She's destroying this country, and if she becomes president, this country doesn't have a chance of success.",S; CH,,AF; PER; ATTR; REB,,S; CH,,AF; PER; ATTR; REB,,S; CH,,AF; PER; ATTR; REB,
1155,SPEAKER_32,"Not only success, we'll end up being Venezuela on steroids.",S,,AF; CB,,S,,AF; CB,,S,,AF; CB,
1156,SPEAKER_08,"I just want to clarify here, you rig up Springfield, Ohio, and ABC News did reach out to the city manager there.",S; CORR; CH,,REB,,S; CORR; CH,,REB,,S; CORR; CH,,REB,
1157,SPEAKER_08,"He told us there had been no credible reports of specific claims of pets being harmed, injured, or abused by individuals within the immigrant community.",S-Inform; CH,,REB; SE,,S-Inform; CH,,REB; SE,,S-Inform; CH,,REB; SE,
1158,SPEAKER_32,"Well, I've seen people on television.",S,,SE,,S,,SE,,S,,SE,
1159,SPEAKER_32,"Let me just say here, this is the People on television say my dog was taken and used for food.",S; TT,,SE,,S; TT,,SE,,S; TT,,SE,
1160,SPEAKER_32,"So maybe he said that, and maybe that's a good thing to say for a city manager.",S,,IP,,S,,IP,,S,,IP,
1161,SPEAKER_08,I'm not taking this from television.,S; CORR,,,,S; CORR,,,,S; CORR,,,
1162,SPEAKER_08,I'm taking it from the city manager.,S; CORR,,ATTR,,S; CORR,,ATTR,,S; CORR,,ATTR,
1163,SPEAKER_32,But the people on television say the dog was eaten by the people that went there.,S,,CB; SE,,S,,CB; SE,,S,,CB; SE,
1164,SPEAKER_08,"Again, the Springfield city manager says there's no evidence of that.",S; CH; MS,,REB,,S; CH; MS,,REB,,S; CH; MS,,REB,
1165,SPEAKER_08,"Vice President Harris, I'll let you respond to the rest of what you've heard.",IAFA-OF; TG,,,,IAFA-OF; TG,,,,IAFA-OF; TG,,,
1166,SPEAKER_33,You talk about extreme.,S; CH,,REB,,S; CH,,REB,,S; CH,,REB,
1167,SPEAKER_33,"This is, I think, one of the reasons why in this election, I actually have the endorsement of",S,,IT,,S,,IT,,S,,IT,
1168,SPEAKER_33,"Republicans who have formally worked with President Bush, Mitt Romney, and John McCain, including the endorsement of former Vice President Dick Cheney and Congress member Liz Cheney.",S-Inform; HS,,IT,,S-Inform; HS,,IT,,S-Inform; HS,,IT,
1169,SPEAKER_33,"And if you want to really know the inside track on who the former president is, if he didn't make it clear already, just ask people who have worked with him.",S; IAFA,,PER; CB,,S; IAFA,,PER; CB,,S; IAFA,,PER; CB,
1170,SPEAKER_33,His former chief of staff of four-star general has said he is contempt for the Constitution of the United States.,S-Inform; CH,,PER; ATTR; SE,,S-Inform; CH,,PER; ATTR; SE,,S-Inform; CH,,PER; ATTR; SE,
1171,SPEAKER_33,His former national security advisor has said he is dangerous and unfit.,S-Inform; CH,,PER; ATTR; SE,,S-Inform; CH,,PER; ATTR; SE,,S-Inform; CH,,PER; ATTR; SE,
1172,SPEAKER_33,His former Secretary of Defense has said the nation the Republic would never survive another Trump term.,S-Inform; CH,,AF; PER; ATTR; SE,,S-Inform; CH,,AF; PER; ATTR; SE,,S-Inform; CH,,AF; PER; ATTR; SE,
1173,SPEAKER_33,"And when we listen to this kind of rhetoric, when the issues that affect the American people are not being addressed, I think the choice is clear in this election.",S; IAFA-OF,,PER; IP,,S; IAFA-OF,,PER; IP,,S; IAFA-OF,,PER; IP,
1174,SPEAKER_08,President Trump will give you a quick minute,TG,,,,TG,,,,TG,,,
1175,SPEAKER_32,they didn't fire anybody having to do with Afghanistan and the Taliban and the people who's who's were just killed viciously and violently killed and I got to know the parents and the family they didn't fire they should have fired all those generals all those top people because that was one of the most incompetently handled situations anybody has ever seen so when somebody does a bad job I fire him.,S; EXPL,,PER; IT; ATTR,,S; EXPL,,PER; IT; ATTR,,S; EXPL,,PER; IT; ATTR,
1176,SPEAKER_32,And you take a guy like Esper.,S,,PER,,S,,PER,,S,,PER,
1177,SPEAKER_32,He was no good.,S,,PER,,S,,PER,,S,,PER,
1178,SPEAKER_32,I fired him.,S,,IT,,S,,IT,,S,,IT,
1179,SPEAKER_32,So he writes a book.,S,,,,S,,,,S,,,
1180,SPEAKER_32,Another one writes a book.,S,,,,S,,,,S,,,
1181,SPEAKER_32,"Because with me, they can write books with nobody else, can they?",Q-RHET,,IT; CB,,Q-RHET,,IT; CB,,Q-RHET,,IT; CB,
1182,SPEAKER_32,But they have done such a poor job.,S; CH,,ATTR; REB,,S; CH,,ATTR; REB,,S; CH,,ATTR; REB,
1183,SPEAKER_32,And they never fire anybody.,S,,ATTR,,S,,ATTR,,S,,ATTR,
1184,SPEAKER_32,Look at the economy.,IAFA,,AF; ATTR,,IAFA,,AF; ATTR,,IAFA,,AF; ATTR,
1185,SPEAKER_32,Look at the inflation.,IAFA,,AF; ATTR,,IAFA,,AF; ATTR,,IAFA,,AF; ATTR,
1186,SPEAKER_32,They didn't fire any of their economists.,S; CH,,ATTR; REB,,S; CH,,ATTR; REB,,S; CH,,ATTR; REB,
1187,SPEAKER_32,They have the same people.,S,,ATTR,,S,,ATTR,,S,,ATTR,
1188,SPEAKER_32,That's a good way not to have books written about you.,S,,CB,,S,,CB,,S,,CB,
1189,SPEAKER_32,"But just to finish, I got more votes than any Republican in history by far.",S-Inform; TT,,IT; SE,,S-Inform; TT,,IT; SE,,S-Inform; TT,,IT; SE,
1190,SPEAKER_32,"In fact, I got more votes than any president sitting president in history by far.",S-Inform,,IT; SE,,S-Inform,,IT; SE,,S-Inform,,IT; SE,
1191,SPEAKER_08,Let me continue on immigration.,TT; MS,,,,TT; MS,,,,TT; MS,,,
1192,SPEAKER_08,It was what you wanted to talk about earlier.,S,,,,S,,,,S,,,
1193,SPEAKER_08,So let's get back to your deportation proposal that the vice president has reacted to as well.,MS,,,,MS,,,,MS,,,
1194,SPEAKER_08,"President Trump, you call this the largest domestic deportation operation in the history of our country.",S,,,,S,,,,S,,,
1195,SPEAKER_08,You say you would use the National Guard.,S,,,,S,,,,S,,,
1196,SPEAKER_08,"You say if things get out of control, you'd have no problem using the US military.",S,,,,S,,,,S,,,
1197,SPEAKER_08,You've also said you would use local police.,S,,,,S,,,,S,,,
1198,SPEAKER_08,How would you deport million undocumented immigrants?,Q-W; OQ,,,,Q-W; OQ,,,,Q-W; OQ,,,
1199,SPEAKER_08,I know you believe that number is much higher.,S,,IP,,S,,IP,,S,,IP,
1200,SPEAKER_08,Take us through this.,IAFA,,,,IAFA,,,,IAFA,,,
1201,SPEAKER_08,What does this look like?,Q-W; OQ,,,,Q-W; OQ,,,,Q-W; OQ,,,
1202,SPEAKER_08,Will authorities be going door to door in this country?,YNQ,,,,YNQ,,,,YNQ,,,
1203,SPEAKER_32,Yeah. It is much higher because of them.,S; ANS,,ATTR,,S; ANS,,ATTR,,S; ANS,,ATTR,
1204,SPEAKER_32,"They allowed criminals, many, many millions of criminals.",S; CH,,AF; ATTR; SE,,S; CH,,AF; ATTR; SE,,S; CH,,AF; ATTR; SE,
1205,SPEAKER_32,They allowed terrorists.,S,,AF; ATTR,,S,,AF; ATTR,,S,,AF; ATTR,
1206,SPEAKER_32,They allowed common street criminals.,S,,AF; ATTR,,S,,AF; ATTR,,S,,AF; ATTR,
1207,SPEAKER_32,"They allowed people to come in drug dealers, to come into our country.",S,,AF; ATTR,,S,,AF; ATTR,,S,,AF; ATTR,
1208,SPEAKER_32,"And they're now in the United States and told by their countries, like Venezuela, don't ever come back or we're going to kill you.",S; S-Inform,,AF; CBias,,S; S-Inform,,AF; CBias,,S; S-Inform,,AF; CBias,
1209,SPEAKER_32,Do you know that crime in Venezuela and crime in countries all over the world is way down You know why?,YNQ; Q-RHET,,AF; CB; SE,,YNQ; Q-RHET,,AF; CB; SE,,YNQ; Q-RHET,,AF; CB; SE,
1210,SPEAKER_32,Because they've taken their criminals off the street and they've given them to her to put into our country.,S; EXPL,,AF; ATTR; CB,,S; EXPL,,AF; ATTR; CB,,S; EXPL,,AF; ATTR; CB,
1211,SPEAKER_32,And this will be one of the greatest mistakes in history for them to allow.,S,,AF; ATTR,,S,,AF; ATTR,,S,,AF; ATTR,
1212,SPEAKER_32,And I think they probably did it because they think they're going to get votes.,S; IAFA,,PB; IP; ATTR,,S; IAFA,,PB; IP; ATTR,,S; IAFA,,PB; IP; ATTR,
1213,SPEAKER_32,But it's not worth it because they're destroying the fabric of our country by what they've done.,S,,AF; AE; ATTR,,S,,AF; AE; ATTR,,S,,AF; AE; ATTR,
1214,SPEAKER_32,There's never been anything done like this at all.,S,,CB,,S,,CB,,S,,CB,
1215,SPEAKER_32,They've destroyed the fabric of our country.,S,,AF; AE; ATTR,,S,,AF; AE; ATTR,,S,,AF; AE; ATTR,
1216,SPEAKER_32,"Millions of people let in and all over the world crime is down all over the world except here crime here is up and through the roof despite their fraudulent statements that they made crime in this country is through the roof and we have a new form of crime it's called migrant crime and it's happening at levels that nobody thought possible President Trump, as you know, the FBI says overall violent crime is actually coming down in this country.",S-Inform; CH,,AF; ATTR; CB; SE,,S-Inform; CH,,AF; ATTR; CB; SE,,S-Inform; CH,,AF; ATTR; CB; SE,
1217,SPEAKER_08,"But, Vice President Harris, I'll give you that.",TT; TG,,,,TT; TG,,,,TT; TG,,,
1218,SPEAKER_32,Excuse me.,TT,,,,TT,,,,TT,,,
1219,SPEAKER_32,"The FBI defrauding statements, they didn't include the worst cities.",S; CH,,ATTR; REB; SE,,S; CH,,ATTR; REB; SE,,S; CH,,ATTR; REB; SE,
1220,SPEAKER_32,They didn't include the cities with the worst crime.,S; CH,,REB; SE,,S; CH,,REB; SE,,S; CH,,REB; SE,
1221,SPEAKER_32,"It was a fraud, just like their number of",S; CH,,ATTR; REB,,S; CH,,ATTR; REB,,S; CH,,ATTR; REB,
1222,SPEAKER_32,jobs that they said they created turned out to be a fraud.,S; CH,,ATTR; REB,,S; CH,,ATTR; REB,,S; CH,,ATTR; REB,
1223,SPEAKER_08,"President Trump, thank you.",THK,,,,THK,,,,THK,,,
1224,SPEAKER_08,"I'll let you respond, Vice President Harris.",TG,,,,TG,,,,TG,,,
1225,SPEAKER_33,"Well, I think this is so rich,",S; IAFA,,PER,,S; IAFA,,PER,,S; IAFA,,PER,
1226,SPEAKER_33,coming from someone who has been prosecuted.,S; CH,,PER; REB,,S; CH,,PER; REB,,S; CH,,PER; REB,
1227,SPEAKER_33,"For national security crimes, economic crimes, election interference has been found liable for sexual assault, and his next big court appearance is in November at his own criminal sentencing.",S-Inform; CH,,PER; ATTR; REB; SE,,S-Inform; CH,,PER; ATTR; REB; SE,,S-Inform; CH,,PER; ATTR; REB; SE,
1228,SPEAKER_33,And let's be clear where each person stands on the issue of what is important about respect for the rule of law and respect for law enforcement.,S; IAFA,,IP; REB,,S; IAFA,,IP; REB,,S; IAFA,,IP; REB,
1229,SPEAKER_33,The former vice president called for defunding federal law enforcement,S,,PB; ATTR,,S,,PB; ATTR,,S,,PB; ATTR,
1230,SPEAKER_33,"agents, get this, on the day after he was arranged on felony counts.",S-Inform,,ATTR; SE,,S-Inform,,ATTR; SE,,S-Inform,,ATTR; SE,
1231,SPEAKER_33,So let's talk about what is important in this race.,TT; MS,,DF,,TT; MS,,DF,,TT; MS,,DF,
1232,SPEAKER_33,"It is important that we move forward, that we turn the page on this same old tired rhetoric and address the needs of the American people, address what we need to do about the housing shortage, which I have a plan for, address what we must do to support our small businesses, address bringing down the price of groceries.",S,,IT; IP,,S,,IT; IP,,S,,IT; IP,
1233,SPEAKER_33,"But frankly, the American people are exhausted with this same old tired playbook.",S,,PER; CB,,S,,PER; CB,,S,,PER; CB,
1234,SPEAKER_32,"Vice President Harris, thank you.",THK; TG,,,,THK; TG,,,,THK; TG,,,
1235,SPEAKER_32,Excuse me.,TT,,,,TT,,,,TT,,,
1236,SPEAKER_32,Every one of those cases was started by them against their political opponent.,S,,PB; ATTR; REB,,S,,PB; ATTR; REB,,S,,PB; ATTR; REB,
1237,SPEAKER_32,"And I'm winning most of them, and I will win the rest on appeal.",S,,IT,,S,,IT,,S,,IT,
1238,SPEAKER_32,And you saw that with the decision that came down just recently from the Supreme Court.,S,,SE,,S,,SE,,S,,SE,
1239,SPEAKER_32,I'm winning most of them.,S,,IT,,S,,IT,,S,,IT,
1240,SPEAKER_32,"But those are cases, it's called weaponization.",S,,PB; ATTR,,S,,PB; ATTR,,S,,PB; ATTR,
1241,SPEAKER_32,Never happened in this country.,S,,CB,,S,,CB,,S,,CB,
1242,SPEAKER_32,They weaponized the Justice Department.,S,,PB; ATTR,,S,,PB; ATTR,,S,,PB; ATTR,
1243,SPEAKER_32,"Every one of those cases was involved with the DOJ, from Atlanta and Fawney Willis to the",S; S-Inform,,ATTR; SE,,S; S-Inform,,ATTR; SE,,S; S-Inform,,ATTR; SE,
1244,SPEAKER_32,"Attorney General of New York and the DA in New York, every one of those cases.",S,,ATTR; SE,,S,,ATTR; SE,,S,,ATTR; SE,
1245,SPEAKER_32,"And then they say, oh, he's a criminal.",S,,PER; REB,,S,,PER; REB,,S,,PER; REB,
1246,SPEAKER_32,They're the ones that made them go after me.,S,,PB; ATTR,,S,,PB; ATTR,,S,,PB; ATTR,
1247,SPEAKER_32,"By the way, Joe Biden was found essentially guilty on the documents case.",S; CH,,PER; REB; SE,,S; CH,,PER; REB; SE,,S; CH,,PER; REB; SE,
1248,SPEAKER_32,And what happened in my documents case?,Q-RHET,,DF; REB,,Q-RHET,,DF; REB,,Q-RHET,,DF; REB,
1249,SPEAKER_32,"They said, oh, that's the toughest of them all.",S,,IT,,S,,IT,,S,,IT,
1250,SPEAKER_32,A complete and total victory.,S,,IT; SE,,S,,IT; SE,,S,,IT; SE,
1251,SPEAKER_32,"Two months ago, it was thrown out.",S; HS,,SE,,S; HS,,SE,,S; HS,,SE,
1252,SPEAKER_32,"It's weaponization, and they used it, and it's never happened in this country.",S; CH,,AF; ATTR,,S; CH,,AF; ATTR,,S; CH,,AF; ATTR,
1253,SPEAKER_32,They used it to try and win an election.,S; CH,,PB; ATTR,,S; CH,,PB; ATTR,,S; CH,,PB; ATTR,
1254,SPEAKER_08,They're fake cases.,S; CH,,PB; REB,,S; CH,,PB; REB,,S; CH,,PB; REB,
1255,SPEAKER_08,"President Trump, thank you.",THK,,,,THK,,,,THK,,,
1256,SPEAKER_08,"A really quick response here, Vice President Harris, on this notion of weaponization of the Justice Department.",IAFA; TG,,,,IAFA; TG,,,,IAFA; TG,,,
1257,SPEAKER_33,"Well, let's talk about extreme and understand the context in which this election in is taking place.",S; MS,,DF; IP,,S; MS,,DF; IP,,S; MS,,DF; IP,
1258,SPEAKER_33,The United States Supreme Court recently ruled that the former president would essentially be immune from any misconduct if he were to enter the White House again.,S-Inform; CH,,AF; REB,,S-Inform; CH,,AF; REB,,S-Inform; CH,,AF; REB,
1259,SPEAKER_33,"Understand this is someone who has openly said he would terminate, I'm quoting, terminate the Constitution of the United States, that he would weaponize the Department of Justice against his political enemies, someone who has openly expressed disdain for members of our military.",S-Inform; CH,,AF; PER; ATTR; REB,,S-Inform; CH,,AF; PER; ATTR; REB,,S-Inform; CH,,AF; PER; ATTR; REB,
1260,SPEAKER_33,"Understand what it would mean if Donald Trump were back in the White House with no guardrails, because certainly we know now the court won't stop him.",S; IAFA,,AF; AE; PER,,S; IAFA,,AF; AE; PER,,S; IAFA,,AF; AE; PER,
1261,SPEAKER_33,We know JD Vance is not going to stop him.,S,,AF; PER,,S,,AF; PER,,S,,AF; PER,
1262,SPEAKER_33,It's up to the American people.,S,,UF,,S,,UF,,S,,UF,
1263,SPEAKER_08,Vice President Harris.,TG,,,,TG,,,,TG,,,
1264,SPEAKER_08,Thank you.,THK,,,,THK,,,,THK,,,
1265,SPEAKER_03,"Lindsey. Vice President Harris, in your last run for president.",S,,,,S,,,,S,,,
1266,SPEAKER_32,"This is the one that weaponized, not me.",S; DIS; CH,,PER; ATTR; REB,,S; DIS; CH,,PER; ATTR; REB,,S; DIS; CH,,PER; ATTR; REB,
1267,SPEAKER_32,She weaponized.,S,,PER; ATTR,,S,,PER; ATTR,,S,,PER; ATTR,
1268,SPEAKER_32,I probably took a bullet to the head because of the things that they say about me.,S,,AE; PER,,S,,AE; PER,,S,,AE; PER,
1269,SPEAKER_32,They talk about democracy.,S,,PB,,S,,PB,,S,,PB,
1270,SPEAKER_32,I'm a threat to democracy.,S,,PB,,S,,PB,,S,,PB,
1271,SPEAKER_32,They're the threat to democracy.,S,,PB; ATTR; REB,,S,,PB; ATTR; REB,,S,,PB; ATTR; REB,
1272,SPEAKER_32,President Trump.,S,,,,S,,,,S,,,
1273,SPEAKER_32,"With a fake Russia, Russia, Russia investigation that went nowhere.",S,,PER; ATTR; CB,,S,,PER; ATTR; CB,,S,,PER; ATTR; CB,
1274,SPEAKER_08,We have a lot to get to.,MS,,,,MS,,,,MS,,,
1275,SPEAKER_03,"Lindsey. Vice President Harris, in your last run for president, you said you wanted to ban fracking.",S; HS,,CB,,S; HS,,CB,,S; HS,,CB,
1276,SPEAKER_03,Now you don't.,S,,CB,,S,,CB,,S,,CB,
1277,SPEAKER_03,You wanted mandatory government buyback programs for assault weapons.,S; HS,,,,S; HS,,,,S; HS,,,
1278,SPEAKER_03,Now your campaign says you don't.,S,,CB,,S,,CB,,S,,CB,
1279,SPEAKER_03,You supported decriminalizing border crossings.,S; CH,,ATTR; REB,,S; CH,,ATTR; REB,,S; CH,,ATTR; REB,
1280,SPEAKER_03,Now you're taking a harder line.,S; CH,,REB,,S; CH,,REB,,S; CH,,REB,
1281,SPEAKER_03,I know you say that your values have not changed.,S,,REB,,S,,REB,,S,,REB,
1282,SPEAKER_03,So then why have so many of your policy positions changed?,Q-W; SEEP,,REB; CB,,Q-W; SEEP,,REB; CB,,Q-W; SEEP,,REB; CB,
1283,SPEAKER_33,"So my values have not changed, and I'm going to discuss at least every point that you've made.",S,,IP; REB,,S,,IP; REB,,S,,IP; REB,
1284,SPEAKER_33,"But in particular, let's talk about fracking because we're here in Pennsylvania.",TT; MS,,,,TT; MS,,,,TT; MS,,,
1285,SPEAKER_33,I made that very clear in I will not ban fracking.,S,,IP,,S,,IP,,S,,IP,
1286,SPEAKER_33,I have not banned fracking as Vice President of the United States.,S,,IT,,S,,IT,,S,,IT,
1287,SPEAKER_33,"And in fact, I was the tie-breaking vote on the Inflation Reduction Act, which opened new leases for fracking.",S-Inform,,IT; SE,,S-Inform,,IT; SE,,S-Inform,,IT; SE,
1288,SPEAKER_33,My position is that we have got to invest in diverse sources of energy so we reduce our reliance on foreign oil.,S,,IP,,S,,IP,,S,,IP,
1289,SPEAKER_33,We have had the largest increase in domestic oil production in history because of an approach that recognizes that we cannot over rely on foreign oil.,S-Inform; INT,,IT; SE,,S-Inform; INT,,IT; SE,,S-Inform; INT,,IT; SE,
1290,SPEAKER_33,"As it relates to my values, let me tell you, I grew up a middle-class kid raised by a hard-working mother.",S; TT,,AE; IP,,S; TT,,AE; IP,,S; TT,,AE; IP,
1291,SPEAKER_33,who worked and saved and was able to buy our first home when I was a teenager.,S,,AE,,S,,AE,,S,,AE,
1292,SPEAKER_33,The values I bring to the importance of home ownership knowing not everybody got handed,S,,AE,,S,,AE,,S,,AE,
1293,SPEAKER_33,million on a silver platter and then filed bankruptcy six times.,S,,PER; ATTR,,S,,PER; ATTR,,S,,PER; ATTR,
1294,SPEAKER_33,"is a value that I bring to my work to say we are going to work with the private sector and home builders to increase million homes, increased by million homes by the end of my first term.",S-Inform,,IT; IP,,S-Inform,,IT; IP,,S-Inform,,IT; IP,
1295,SPEAKER_33,My work that is related to having a friend when I was in high school who was sexually assaulted by her stepfather.,S,,AE; IP,,S,,AE; IP,,S,,AE; IP,
1296,SPEAKER_33,And my focus then on protecting women and children from violent crime is based on a value that is deeply grounded in the importance of standing up for those who are most vulnerable.,S,,AE; IP,,S,,AE; IP,,S,,AE; IP,
1297,SPEAKER_33,"My work, that is about protecting Social Security and Medicare.",S,,IT,,S,,IT,,S,,IT,
1298,SPEAKER_33,"is based on longstanding work that I have done, protecting seniors from scams.",S,,IT,,S,,IT,,S,,IT,
1299,SPEAKER_33,My values have not changed.,S,,IP,,S,,IP,,S,,IP,
1300,SPEAKER_33,And what is important is that there is a president who actually brings values and a perspective that is about lifting people up and not beating people down.,S,,IP; CB,,S,,IP; CB,,S,,IP; CB,
1301,SPEAKER_33,"And name calling, the true measure of the leader.",S,,CB,,S,,CB,,S,,CB,
1302,SPEAKER_33,"is the leader who actually understands the strength is not in beating people down, it's in lifting people up.",S,,IP,,S,,IP,,S,,IP,
1303,SPEAKER_33,I intend to be that president.,S,,IP,,S,,IP,,S,,IP,
1304,SPEAKER_03,"President Trump, your response?",TG,,,,TG,,,,TG,,,
1305,SPEAKER_32,"Well, first of all, I wasn't given million.",S; REJ,,REB,,S; REJ,,REB,,S; REJ,,REB,
1306,SPEAKER_32,I wish I was.,S,,,,S,,,,S,,,
1307,SPEAKER_32,"My father was a Brooklyn builder, Brooklyn Queens, and a great father, and I learned a lot from him.",S,,AE,,S,,AE,,S,,AE,
1308,SPEAKER_32,"But I was given a fraction of that, a tiny fraction, and I built it into many, many billions of dollars, many, many billions.",S-Inform,,IT,,S-Inform,,IT,,S-Inform,,IT,
1309,SPEAKER_32,"And when people see it, they are even surprised.",S,,,,S,,,,S,,,
1310,SPEAKER_32,So we don't have to talk about that.,S,,DF,,S,,DF,,S,,DF,
1311,SPEAKER_32,Fracking? She's been against it for years.,Q-W; S,,ATTR; REB,,Q-W; S,,ATTR; REB,,Q-W; S,,ATTR; REB,
1312,SPEAKER_32,Defund the police.,S,,,,S,,,,S,,,
1313,SPEAKER_32,She's been against that forever.,S,,ATTR; REB,,S,,ATTR; REB,,S,,ATTR; REB,
1314,SPEAKER_32,She gave all that stuff up.,S,,REB,,S,,REB,,S,,REB,
1315,SPEAKER_32,"very wrongly, very horribly, and everybody's laughing at it, okay?",S,,PER; CB,,S,,PER; CB,,S,,PER; CB,
1316,SPEAKER_32,They're all laughing at it.,S,,PER; CB,,S,,PER; CB,,S,,PER; CB,
1317,SPEAKER_32,She gave up at least and probably or different policies.,S,,REB,,S,,REB,,S,,REB,
1318,SPEAKER_32,"Like, she was big on defund the police.",S,,ATTR; REB,,S,,ATTR; REB,,S,,ATTR; REB,
1319,SPEAKER_32,"In Minnesota, she went out.",S,,,,S,,,,S,,,
1320,SPEAKER_32,Wait a minute.,TT; INT,,,,TT; INT,,,,TT; INT,,,
1321,SPEAKER_32,I'm talking now.,TT,,,,TT,,,,TT,,,
1322,SPEAKER_32,"If you don't mind, please.",TT; T-REQ,,,,TT; T-REQ,,,,TT; T-REQ,,,
1323,SPEAKER_32,Does that sound familiar?,YNQ; Q-RHET,,CB,,YNQ; Q-RHET,,CB,,YNQ; Q-RHET,,CB,
1324,SPEAKER_32,She went out.,S,,,,S,,,,S,,,
1325,SPEAKER_32,"She went out in Minnesota and wanted to let criminals that killed people that burned down Minneapolis, she went out and raised money to get them out of jail.",S; CH,,PER; ATTR; REB; SE,,S; CH,,PER; ATTR; REB; SE,,S; CH,,PER; ATTR; REB; SE,
1326,SPEAKER_32,She did things that nobody would ever think of.,S,,PER; ATTR,,S,,PER; ATTR,,S,,PER; ATTR,
1327,SPEAKER_32,Now she wants to do transgender operations on illegal aliens that are in prison.,S,,AF; PER; ATTR,,S,,AF; PER; ATTR,,S,,AF; PER; ATTR,
1328,SPEAKER_32,This is a radical left liberal that would do this.,S; CH,,PB; PER; REB,,S; CH,,PB; PER; REB,,S; CH,,PB; PER; REB,
1329,SPEAKER_32,"She wants to confiscate your guns, and she will never allow fracking in Pennsylvania.",S; CH,,AF; PER; ATTR; REB,,S; CH,,AF; PER; ATTR; REB,,S; CH,,AF; PER; ATTR; REB,
1330,SPEAKER_32,"If she won the election, fracking in Pennsylvania will end on day one, just to finish one thing so important in my opinion.",S; CH,,AF; IP; ATTR; REB,,S; CH,,AF; IP; ATTR; REB,,S; CH,,AF; IP; ATTR; REB,
1331,SPEAKER_32,So I got the oil business going like nobody has ever done before.,S,,IT,,S,,IT,,S,,IT,
1332,SPEAKER_32,"They took, when they took over, they got rid of it, started getting rid of it.",S,,ATTR; REB,,S,,ATTR; REB,,S,,ATTR; REB,
1333,SPEAKER_32,And the prices were going up the roof.,S,,ATTR,,S,,ATTR,,S,,ATTR,
1334,SPEAKER_32,They immediately let these guys go to where they were.,S,,ATTR,,S,,ATTR,,S,,ATTR,
1335,SPEAKER_32,"I would have been five times, four times, five times higher because you're talking about three and a half years ago.",S,,IT; SE,,S,,IT; SE,,S,,IT; SE,
1336,SPEAKER_32,They got it up to where I was because they had no choice because the prices of energy were quadrupling and doubling.,S; EXPL,,ATTR; SE,,S; EXPL,,ATTR; SE,,S; EXPL,,ATTR; SE,
1337,SPEAKER_32,You saw what happened to gasoline.,S,,ATTR; SE,,S,,ATTR; SE,,S,,ATTR; SE,
1338,SPEAKER_32,"So they said, let's go back to Trump.",S,,IT; CB,,S,,IT; CB,,S,,IT; CB,
1339,SPEAKER_32,"But if she won the election, the day after that election, They'll go back to destroying our country and oil will be dead.",S,,AF; PB; ATTR; CB,,S,,AF; PB; ATTR; CB,,S,,AF; PB; ATTR; CB,
1340,SPEAKER_32,Fossil fuel will be dead.,S,,AF,,S,,AF,,S,,AF,
1341,SPEAKER_32,We'll go back to windmills and we'll go back to solar where they need a whole desert to get some energy to come out.,S,,CB; SE,,S,,CB; SE,,S,,CB; SE,
1342,SPEAKER_32,You ever see a solar plant?,YNQ,,,,YNQ,,,,YNQ,,,
1343,SPEAKER_32,"By the way, I'm a big fan of solar, but they take",S,,IP,,S,,IP,,S,,IP,
1344,SPEAKER_32,acres of desert soil.,S,,SE,,S,,SE,,S,,SE,
1345,SPEAKER_03,These are not good things for the environment as she understands.,S,,REB,,S,,REB,,S,,REB,
1346,SPEAKER_03,Thank you.,THK,,,,THK,,,,THK,,,
1347,SPEAKER_08,"Lindsay, thank you.",THK,,,,THK,,,,THK,,,
1348,SPEAKER_08,We have an election in just days.,S-Inform,,,,S-Inform,,,,S-Inform,,,
1349,SPEAKER_08,"And I want to talk about the peaceful transfer of power, which of course we all know is a cornerstone of our democracy and the role of a president in a moment of crisis.",S; TT,,AP; APAT,,S; TT,,AP; APAT,,S; TT,,AP; APAT,
1350,SPEAKER_08,"Mr. President, on January 6th, you told your supporters to march to the Capitol.",S; HS,,ATTR,,S; HS,,ATTR,,S; HS,,ATTR,
1351,SPEAKER_08,You said you would be right there with them.,S; HS,,ATTR,,S; HS,,ATTR,,S; HS,,ATTR,
1352,SPEAKER_08,"The country and the world saw what played out at the Capitol that day, the officers coming under attack.",S; HS,,AF,,S; HS,,AF,,S; HS,,AF,
1353,SPEAKER_08,Aids in the West Wing say you watched it unfold on television off the Oval Office.,S-Inform,,,,S-Inform,,,,S-Inform,,,
1354,SPEAKER_08,"You did send out tweets, but it was more than two hours before you sent out that video message telling your supporters to go home.",S-Inform; CH,,ATTR; SE,,S-Inform; CH,,ATTR; SE,,S-Inform; CH,,ATTR; SE,
1355,SPEAKER_08,Is there anything you regret about what you did on that day?,YNQ,,,,YNQ,,,,YNQ,,,
1356,SPEAKER_32,"You just said a thing that isn't covered peacefully and patriotically, I said during my speech, not later on.",S; CORR; CH,,REB,,S; CORR; CH,,REB,,S; CORR; CH,,REB,
1357,SPEAKER_32,Peacefully and patriotically.,S,,APAT,,S,,APAT,,S,,APAT,
1358,SPEAKER_32,And nobody on the other side was killed.,S,,DF; SE,,S,,DF; SE,,S,,DF; SE,
1359,SPEAKER_32,Ashley Babbitt was shot by an out-of-control police officer.,S,,ATTR,,S,,ATTR,,S,,ATTR,
1360,SPEAKER_32,"That should have never, ever shot her.",S,,IP,,S,,IP,,S,,IP,
1361,SPEAKER_32,It's a disgrace.,S,,PER,,S,,PER,,S,,PER,
1362,SPEAKER_32,But we didn't do this group of people that have been treated so badly.,S,,DF,,S,,DF,,S,,DF,
1363,SPEAKER_32,"I ask, what about all the people that are pouring into our country and killing people that she allowed to pour it in?",Q-W; CH,,AF; BQ; ATTR; AEX,,Q-W; CH,,AF; BQ; ATTR; AEX,,Q-W; CH,,AF; BQ; ATTR; AEX,
1364,SPEAKER_32,She was the border czar.,S,,ATTR,,S,,ATTR,,S,,ATTR,
1365,SPEAKER_32,Remember that?,Q-RHET,,CB,,Q-RHET,,CB,,Q-RHET,,CB,
1366,SPEAKER_32,She was the border czar.,S,,ATTR,,S,,ATTR,,S,,ATTR,
1367,SPEAKER_32,She doesn't want to be called the border czar because she's embarrassed by the border.,S,,PER; ATTR,,S,,PER; ATTR,,S,,PER; ATTR,
1368,SPEAKER_32,"In fact, she said at the beginning, oh, I'm surprised you're not talking about the border yet.",S; HS,,PER; SE,,S; HS,,PER; SE,,S; HS,,PER; SE,
1369,SPEAKER_32,That's because she knows what a bad job they've done.,S; EXPL,,PER; ATTR; REB,,S; EXPL,,PER; ATTR; REB,,S; EXPL,,PER; ATTR; REB,
1370,SPEAKER_32,What about those people?,Q-W; Q-RHET,,DF; CB,,Q-W; Q-RHET,,DF; CB,,Q-W; Q-RHET,,DF; CB,
1371,SPEAKER_32,What are they going to be prosecuted?,Q-W; Q-RHET,,CB,,Q-W; Q-RHET,,CB,,Q-W; Q-RHET,,CB,
1372,SPEAKER_32,"One of these people from countries all over the world, not just South America, they're coming in from all over the world, David, all over the world.",S,,AF; CB,,S,,AF; CB,,S,,AF; CB,
1373,SPEAKER_32,And crime rates are down all over the world because of it.,S-Inform,,CB; SE,,S-Inform,,CB; SE,,S-Inform,,CB; SE,
1374,SPEAKER_32,"But one of those, David, one of those people going to be prosecuted, one of the people that burned down Minneapolis going to be prosecuted, or in Seattle, they went into Seattle, they took over a big percentage of the city of Seattle.",Q-RHET,,AF; CB; SE,,Q-RHET,,AF; CB; SE,,Q-RHET,,AF; CB; SE,
1375,SPEAKER_32,One of those people going to be prosecuted.,Q-RHET,,CB,,Q-RHET,,CB,,Q-RHET,,CB,
1376,SPEAKER_32,But let me just ask you might ask her that question.,TT; MS,,DF,,TT; MS,,DF,,TT; MS,,DF,
1377,SPEAKER_08,You were the president.,S,,ATTR; REB,,S,,ATTR; REB,,S,,ATTR; REB,
1378,SPEAKER_08,You were watching an unfold on television.,S,,ATTR; REB,,S,,ATTR; REB,,S,,ATTR; REB,
1379,SPEAKER_08,It's a very simple question as we move forward toward another election.,S,,,,S,,,,S,,,
1380,SPEAKER_08,Is there anything you regret about what you did on that day?,YNQ,,,,YNQ,,,,YNQ,,,
1381,SPEAKER_32,I had nothing to do with that other than they asked me to make a speech.,S; EXPL,,DF; IA,,S; EXPL,,DF; IA,,S; EXPL,,DF; IA,
1382,SPEAKER_32,I showed up for a speech.,S,,IA,,S,,IA,,S,,IA,
1383,SPEAKER_32,"I said, I think it's going to be big.",S,,,,S,,,,S,,,
1384,SPEAKER_32,"I went to Nancy Pelosi and the mayor of Washington, DC.",S; HS,,,,S; HS,,,,S; HS,,,
1385,SPEAKER_32,"And the mayor put it back in writing, as you know.",S,,,,S,,,,S,,,
1386,SPEAKER_32,"I said, you know, this is going to be a very big rally or whatever you want to call it.",S,,,,S,,,,S,,,
1387,SPEAKER_32,"And again, it wasn't done by me.",S,,DF; IA,,S,,DF; IA,,S,,DF; IA,
1388,SPEAKER_32,It was done by others.,S,,DF; IA,,S,,DF; IA,,S,,DF; IA,
1389,SPEAKER_32,"I said, I'd like to give you National Guard or soldiers.",S; HS,,IT,,S; HS,,IT,,S; HS,,IT,
1390,SPEAKER_32,They rejected me.,S,,ATTR,,S,,ATTR,,S,,ATTR,
1391,SPEAKER_32,Nancy Pelosi rejected me.,S,,PER; ATTR,,S,,PER; ATTR,,S,,PER; ATTR,
1392,SPEAKER_32,"It was just two weeks ago, her daughter has a tape of her saying she is fully responsible for what happened.",S-Inform; HS,,ATTR; SE,,S-Inform; HS,,ATTR; SE,,S-Inform; HS,,ATTR; SE,
1393,SPEAKER_32,They want to get rid of that tape.,S,,PB; ATTR,,S,,PB; ATTR,,S,,PB; ATTR,
1394,SPEAKER_32,It would have never happened if Nancy Pelosi and the mayor of Washington did their jobs.,S,,ATTR; CB,,S,,ATTR; CB,,S,,ATTR; CB,
1395,SPEAKER_32,I wasn't responsible for security.,S,,DF; IA,,S,,DF; IA,,S,,DF; IA,
1396,SPEAKER_32,Nancy Pelosi was responsible.,S,,ATTR,,S,,ATTR,,S,,ATTR,
1397,SPEAKER_32,She didn't do her job.,S,,PER; ATTR,,S,,PER; ATTR,,S,,PER; ATTR,
1398,SPEAKER_08,"The question was about you as president, not about former Speaker Pelosi, but I do want Vice President Harris to respond here.",CH; TG; MS,,REB,,CH; TG; MS,,REB,,CH; TG; MS,,REB,
1399,SPEAKER_33,I was at the Capitol on January 6th.,S; HS,,,,S; HS,,,,S; HS,,,
1400,SPEAKER_33,I was the vice president-elect.,S; HS,,,,S; HS,,,,S; HS,,,
1401,SPEAKER_33,I was also an acting senator.,S; HS,,,,S; HS,,,,S; HS,,,
1402,SPEAKER_33,I was there.,S,,,,S,,,,S,,,
1403,SPEAKER_33,"And on that day, the president of the United States incited a violent mob",S; HS,,AF; PER; ATTR,,S; HS,,AF; PER; ATTR,,S; HS,,AF; PER; ATTR,
1404,SPEAKER_33,to attack,S,,AF,,S,,AF,,S,,AF,
1405,SPEAKER_33,"our nation's Capitol,",S,,AF,,S,,AF,,S,,AF,
1406,SPEAKER_33,to desecrate our nation's Capitol.,S,,AF; AE,,S,,AF; AE,,S,,AF; AE,
1407,SPEAKER_33,"On that day, law enforcement officers were injured, and some died.",S-Inform; HS,,AF; AE,,S-Inform; HS,,AF; AE,,S-Inform; HS,,AF; AE,
1408,SPEAKER_33,and understand the former president has been indicted and impeached for exactly that reason.,S-Inform,,PER; ATTR,,S-Inform,,PER; ATTR,,S-Inform,,PER; ATTR,
1409,SPEAKER_33,But this is not an isolated situation.,S,,REB,,S,,REB,,S,,REB,
1410,SPEAKER_33,"Let's remember Charlottesville,",IAFA; HS,,REB,,IAFA; HS,,REB,,IAFA; HS,,REB,
1411,SPEAKER_33,"where there was a mob of people carrying tiki torches, spewing anti-Semitic hate.",S-Inform; HS,,AF; AE,,S-Inform; HS,,AF; AE,,S-Inform; HS,,AF; AE,
1412,SPEAKER_33,And what did the president then at the time say?,Q-W; HS,,ATTR; REB,,Q-W; HS,,ATTR; REB,,Q-W; HS,,ATTR; REB,
1413,SPEAKER_33,There were fine people on each side.,S; HS,,REB; SE,,S; HS,,REB; SE,,S; HS,,REB; SE,
1414,SPEAKER_33,Let's remember,IAFA; MS,,,,IAFA; MS,,,,IAFA; MS,,,
1415,SPEAKER_33,"that when it came to the Proud Boys, a militia,",S; HS,,REB,,S; HS,,REB,,S; HS,,REB,
1416,SPEAKER_33,"the president said, the former president said, stand back and stand by.",S; HS,,ATTR; REB,,S; HS,,ATTR; REB,,S; HS,,ATTR; REB,
1417,SPEAKER_33,"So for everyone watching who remembers what January 6th was,",S; HS,,AF; AE,,S; HS,,AF; AE,,S; HS,,AF; AE,
1418,SPEAKER_33,"I say, we don't have to go back.",S,,UF; IP,,S,,UF; IP,,S,,UF; IP,
1419,SPEAKER_33,Let's not go back.,IAFA,,UF,,IAFA,,UF,,IAFA,,UF,
1420,SPEAKER_33,We're not going back.,S,,UF,,S,,UF,,S,,UF,
1421,SPEAKER_33,It's time to turn the page.,S,,UF,,S,,UF,,S,,UF,
1422,SPEAKER_33,"And if that was a bridge too far for you, well, there is a place in our campaign for you to stand",S,,AE; APAT,,S,,AE; APAT,,S,,AE; APAT,
1423,SPEAKER_33,"for country, to stand for our democracy, to stand for rule of law, and to end the chaos.",S,,APAT; UF,,S,,APAT; UF,,S,,APAT; UF,
1424,SPEAKER_33,"and to end the approach that is about attacking the foundations of our democracy, because you don't like the outcome.",S,,AF; ATTR; REB,,S,,AF; ATTR; REB,,S,,AF; ATTR; REB,
1425,SPEAKER_33,"And be clear, on that point, Donald Trump, the candidate, has said in this election there will be a bloodbath if this and the outcome of this election is not to his liking.",S-Inform; CH,,AF; PER; ATTR; REB,,S-Inform; CH,,AF; PER; ATTR; REB,,S-Inform; CH,,AF; PER; ATTR; REB,
1426,SPEAKER_33,Let's turn the page on this.,IAFA,,UF,,IAFA,,UF,,IAFA,,UF,
1427,SPEAKER_33,Let's not go back.,IAFA,,UF,,IAFA,,UF,,IAFA,,UF,
1428,SPEAKER_33,Let's chart a course for the future and not go backwards to the past.,IAFA,,UF,,IAFA,,UF,,IAFA,,UF,
1429,SPEAKER_08,Let me just follow up here.,TT; MS,,,,TT; MS,,,,TT; MS,,,
1430,SPEAKER_32,"It was a different term, and it was a term that related to energy, because they have destroyed our energy business.",S; EXPL,,ATTR; REB,,S; EXPL,,ATTR; REB,,S; EXPL,,ATTR; REB,
1431,SPEAKER_32,That was where bloodbath was.,S,,,,S,,,,S,,,
1432,SPEAKER_32,"Also, on Charlottesville, that story has been, as you would say, debunked.",S; CH,,REB; SE,,S; CH,,REB; SE,,S; CH,,REB; SE,
1433,SPEAKER_32,"Laura Ingram, Sean Hannity, Jesse, all of these people, they covered it.",S; HS,,SE,,S; HS,,SE,,S; HS,,SE,
1434,SPEAKER_32,"If they go an extra sentence, they will see it was perfect.",S,,CB; SE,,S,,CB; SE,,S,,CB; SE,
1435,SPEAKER_32,"It was debunked in almost every newspaper, but they still bring it up, just like they bring",S; CH,,REB; SE,,S; CH,,REB; SE,,S; CH,,REB; SE,
1436,SPEAKER_32,up. They bring all of this stuff up.,S,,SE,,S,,SE,,S,,SE,
1437,SPEAKER_32,"I ask you this, you talk about the Capitol.",TT; MS,,DF,,TT; MS,,DF,,TT; MS,,DF,
1438,SPEAKER_32,Why are we allowing these millions of people to come through on the southern border?,Q-W; Q-RHET,,AF; DF; BQ,,Q-W; Q-RHET,,AF; DF; BQ,,Q-W; Q-RHET,,AF; DF; BQ,
1439,SPEAKER_32,How come she's not doing anything?,Q-W; CH,,ATTR; AEX; REB,,Q-W; CH,,ATTR; AEX; REB,,Q-W; CH,,ATTR; AEX; REB,
1440,SPEAKER_32,"And I'll tell you what I would do, and I would be very proud to do it.",S,,IT; IP,,S,,IT; IP,,S,,IT; IP,
1441,SPEAKER_32,I would say we would both leave this debate right now.,S; IAFA-OF,,IP,,S; IAFA-OF,,IP,,S; IAFA-OF,,IP,
1442,SPEAKER_32,I'd like to see her go down to Washington D.C.,S,,IP,,S,,IP,,S,,IP,
1443,SPEAKER_32,"during this debate, because we're wasting a lot of time, go down to, because she's been so bad, it's so ridiculous, go down to Washington D.C.",S; CH,,PER; ATTR; REB,,S; CH,,PER; ATTR; REB,,S; CH,,PER; ATTR; REB,
1444,SPEAKER_32,"and let her sign a bill to close up the border, because they have the right to do it.",S-Inform,,,,S-Inform,,,,S-Inform,,,
1445,SPEAKER_32,They don't need bills.,S,,,,S,,,,S,,,
1446,SPEAKER_32,They have the right to do it.,S,,,,S,,,,S,,,
1447,SPEAKER_32,"The President of the United States, you'll get them out of bed, you'll wake them up at four o'clock in the afternoon and you'll say, come on, come on down to the office, let's sign a bill.",S,,CB,,S,,CB,,S,,CB,
1448,SPEAKER_32,"If he signs a bill that the border is closed, all he has to do is say it to the border patrol, who are phenomenal.",S,,CB,,S,,CB,,S,,CB,
1449,SPEAKER_32,"If they do that, the border is closed.",S,,CB,,S,,CB,,S,,CB,
1450,SPEAKER_32,"Those people are killing many people, unlike J6.",S; CH,,AF; CB,,S; CH,,AF; CB,,S; CH,,AF; CB,
1451,SPEAKER_08,We talked immigration here tonight.,S,,,,S,,,,S,,,
1452,SPEAKER_08,"I do want to focus on this next issue to both of you, because it really brings us this into focus, truth in these times that we're living in.",S; MS,,,,S; MS,,,,S; MS,,,
1453,SPEAKER_08,"Mr. President, for three and a half years after you lost the election, you repeatedly falsely claim that you won, many times saying you won in a landslide.",S-Inform; CH; HS,,ATTR; REB,,S-Inform; CH; HS,,ATTR; REB,,S-Inform; CH; HS,,ATTR; REB,
1454,SPEAKER_08,"In the past couple of weeks leading up to this debate, you have said, quote, you lost by a whisker that you, quote, didn't quite make it, that you came up a little bit short.",S-Inform; CH,,REB; SE,,S-Inform; CH,,REB; SE,,S-Inform; CH,,REB; SE,
1455,SPEAKER_08,"Are you now acknowledging that you lost in No, I don't acknowledge that at all.",YNQ; REJ; ANS,,REB,,YNQ; REJ; ANS,,REB,,YNQ; REJ; ANS,,REB,
1456,SPEAKER_32,"I said that sarcastically, you know that.",S; CORR,,IP,,S; CORR,,IP,,S; CORR,,IP,
1457,SPEAKER_32,"We said, oh, we lost by a whisker.",S,,,,S,,,,S,,,
1458,SPEAKER_32,That was said sarcastically.,S; CORR,,,,S; CORR,,,,S; CORR,,,
1459,SPEAKER_32,Look. There's so much proof.,IAFA,,,,IAFA,,,,IAFA,,,
1460,SPEAKER_32,"All you have to do is look at it, and they should have sent it back to the legislatures for approval.",S; IAFA,,CB,,S; IAFA,,CB,,S; IAFA,,CB,
1461,SPEAKER_32,I got almost million votes.,S-Inform,,IT,,S-Inform,,IT,,S-Inform,,IT,
1462,SPEAKER_32,The most votes any sitting president has ever gotten.,S-Inform,,IT; SE,,S-Inform,,IT; SE,,S-Inform,,IT; SE,
1463,SPEAKER_32,I was told if I got which was what I got in you can't be beaten.,S,,CB,,S,,CB,,S,,CB,
1464,SPEAKER_32,"The election, people should never be thinking about it.",S,,,,S,,,,S,,,
1465,SPEAKER_32,An election is fraudulent.,S,,CB,,S,,CB,,S,,CB,
1466,SPEAKER_32,We need two things.,S,,,,S,,,,S,,,
1467,SPEAKER_32,"We need walls, we need, and we have to have it.",S,,,,S,,,,S,,,
1468,SPEAKER_32,"We have to have borders, and we have to have good elections.",S,,,,S,,,,S,,,
1469,SPEAKER_32,Our elections are bad.,S,,CB; CBias,,S,,CB; CBias,,S,,CB; CBias,
1470,SPEAKER_32,"And a lot of these illegal immigrants coming in, they're trying to get them to vote.",S,,AF; PB; CB,,S,,AF; PB; CB,,S,,AF; PB; CB,
1471,SPEAKER_32,They can't even speak English.,S,,CB; CBias,,S,,CB; CBias,,S,,CB; CBias,
1472,SPEAKER_32,"They don't even know what country they're in, practically.",S,,CB; CBias,,S,,CB; CBias,,S,,CB; CBias,
1473,SPEAKER_32,And these people are trying to get them to vote.,S,,PB; CB,,S,,PB; CB,,S,,PB; CB,
1474,SPEAKER_32,And that's why they're allowing them to come into our country.,S; EXPL,,AF; PB; CB,,S; EXPL,,AF; PB; CB,,S; EXPL,,AF; PB; CB,
1475,SPEAKER_08,I did watch all of these pieces of video.,S,,,,S,,,,S,,,
1476,SPEAKER_08,"I didn't detect the sarcasm, lost by a whisker.",S,,,,S,,,,S,,,
1477,SPEAKER_08,We didn't quite make it.,S,,,,S,,,,S,,,
1478,SPEAKER_08,And we should just point out here as clarification.,S; CORR; TT,,,,S; CORR; TT,,,,S; CORR; TT,,,
1479,SPEAKER_08,And you know this.,S,,CB,,S,,CB,,S,,CB,
1480,SPEAKER_08,"You and your allies, cases in front of many judges, many of them Republican.",S,,ATTR; REB,,S,,ATTR; REB,,S,,ATTR; REB,
1481,SPEAKER_08,No judge looked at it and said there was no widespread thought.,S,,SE,,S,,SE,,S,,SE,
1482,SPEAKER_08,They said we didn't have standing.,S,,,,S,,,,S,,,
1483,SPEAKER_32,That's the other thing.,S,,,,S,,,,S,,,
1484,SPEAKER_32,"They said we didn't have standing, a technicality.",S,,CB,,S,,CB,,S,,CB,
1485,SPEAKER_32,"Can you imagine a system where a person in an election doesn't have standing, the President of the United States doesn't have standing?",YNQ; Q-RHET,,AE; CB,,YNQ; Q-RHET,,AE; CB,,YNQ; Q-RHET,,AE; CB,
1486,SPEAKER_32,That's how we lost.,S,,,,S,,,,S,,,
1487,SPEAKER_32,"If you look at the facts, and I'd love to have you, you'll do a special on it.",S; IAFA-OF,,SE,,S; IAFA-OF,,SE,,S; IAFA-OF,,SE,
1488,SPEAKER_32,I'll show you Georgia and I'll show you Wisconsin and I'll show you Pennsylvania and I'll show we have so many facts and statistics.,S,,IT; SE,,S,,IT; SE,,S,,IT; SE,
1489,SPEAKER_32,But you know what?,Q-RHET; TT,,,,Q-RHET; TT,,,,Q-RHET; TT,,,
1490,SPEAKER_32,That doesn't matter because we have to solve the problem that we have right now.,S; DIS,,DF; IP,,S; DIS,,DF; IP,,S; DIS,,DF; IP,
1491,SPEAKER_32,That's old news.,S,,DF,,S,,DF,,S,,DF,
1492,SPEAKER_32,And the problem that we have right now is we have a nation in decline and they have put it into decline.,S,,AF; PB; ATTR,,S,,AF; PB; ATTR,,S,,AF; PB; ATTR,
1493,SPEAKER_32,"We have a nation that is dying, David.",S,,AF; AE,,S,,AF; AE,,S,,AF; AE,
1494,SPEAKER_08,"Mr. President, thank you.",THK,,,,THK,,,,THK,,,
1495,SPEAKER_08,"Vice President Harris, you heard the president there tonight.",S; TG,,,,S; TG,,,,S; TG,,,
1496,SPEAKER_08,"He said he didn't say that, that he lost by whisker.",S,,,,S,,,,S,,,
1497,SPEAKER_08,So he still believes he did not lose the election.,S,,,,S,,,,S,,,
1498,SPEAKER_08,That was won by President Biden and yourself.,S; HS,,,,S; HS,,,,S; HS,,,
1499,SPEAKER_08,But I do want to ask you about something that's come up in the last couple of days.,TT; MS,,,,TT; MS,,,,TT; MS,,,
1500,SPEAKER_08,This was a post from President Trump.,S,,,,S,,,,S,,,
1501,SPEAKER_08,about this upcoming election just weeks away.,S,,,,S,,,,S,,,
1502,SPEAKER_08,"He said, when I win, those people who cheated, and then he lists donors, voters, election officials, he says will be prosecuted to the fullest extent of the law, which will include long-term prison sentences.",S-Inform,,AF,,S-Inform,,AF,,S-Inform,,AF,
1503,SPEAKER_08,"One of your campaign's top lawyers responded saying, we won't let Donald Trump intimidate us.",S,,,,S,,,,S,,,
1504,SPEAKER_08,We won't let him suppress the vote.,S,,REB,,S,,REB,,S,,REB,
1505,SPEAKER_08,Is that what you believe he's trying to do here?,YNQ,,BQ,,YNQ,,BQ,,YNQ,,BQ,
1506,SPEAKER_33,Donald Trump was fired by million people.,S; CH,,PER; ATTR,,S; CH,,PER; ATTR,,S; CH,,PER; ATTR,
1507,SPEAKER_33,So let's be clear about that.,IAFA; MS,,,,IAFA; MS,,,,IAFA; MS,,,
1508,SPEAKER_33,And clearly he is having a very difficult time processing that.,S,,PER,,S,,PER,,S,,PER,
1509,SPEAKER_33,"But we cannot afford to have a president of the United States who attempts, as he did in the past, to upend the will of the voters in a free and fair election.",S; CH,,AF; ATTR; REB,,S; CH,,AF; ATTR; REB,,S; CH,,AF; ATTR; REB,
1510,SPEAKER_33,And I'm going to tell you that I have traveled the world as vice president of the United States.,S; HS,,IT,,S; HS,,IT,,S; HS,,IT,
1511,SPEAKER_33,And world leaders are laughing at Donald Trump.,S,,PER; ATTR,,S,,PER; ATTR,,S,,PER; ATTR,
1512,SPEAKER_33,"I have talked with military leaders, some of whom worked with you.",S,,IT,,S,,IT,,S,,IT,
1513,SPEAKER_33,And they say you're a disgrace.,S,,PER; ATTR,,S,,PER; ATTR,,S,,PER; ATTR,
1514,SPEAKER_33,"And when you then talk in this way in a presidential debate and deny what over and over again are court cases you have lost because you did in fact lose that election, it leads one to believe that perhaps we do not have in the candidate to my right the temperament",S; CH,,PER; ATTR; REB,,S; CH,,PER; ATTR; REB,,S; CH,,PER; ATTR; REB,
1515,SPEAKER_33,or the ability to not be confused about fact.,S,,PER,,S,,PER,,S,,PER,
1516,SPEAKER_33,That's deeply troubling.,S,,PER,,S,,PER,,S,,PER,
1517,SPEAKER_33,And the American people deserve better.,S,,AE,,S,,AE,,S,,AE,
1518,SPEAKER_08,"I'll give you one minute to respond, Mr.",IAFA-OF; TG,,,,IAFA-OF; TG,,,,IAFA-OF; TG,,,
1519,SPEAKER_32,President. Let me just tell you about world leaders.,TT,,,,TT,,,,TT,,,
1520,SPEAKER_32,"Victor Orban, one of the most respected men.",S,,IT,,S,,IT,,S,,IT,
1521,SPEAKER_32,They call him a strong man.,S,,,,S,,,,S,,,
1522,SPEAKER_32,"He's a tough person, smart.",S,,,,S,,,,S,,,
1523,SPEAKER_32,Prime Minister of Hungary.,S,,,,S,,,,S,,,
1524,SPEAKER_32,"They said, why is the whole world blowing up?",Q-W; S,,AF,,Q-W; S,,AF,,Q-W; S,,AF,
1525,SPEAKER_32,"Three years ago, it wasn't.",S; HS,,SE,,S; HS,,SE,,S; HS,,SE,
1526,SPEAKER_32,Why is it blowing up?,Q-W; Q-RHET,,AF,,Q-W; Q-RHET,,AF,,Q-W; Q-RHET,,AF,
1527,SPEAKER_32,"He said, because you need Trump back as president.",S,,IT; SE,,S,,IT; SE,,S,,IT; SE,
1528,SPEAKER_32,They were afraid of him.,S,,IT,,S,,IT,,S,,IT,
1529,SPEAKER_32,"China was afraid, and I don't like to use the word afraid, but I'm just quoting him.",S; CORR,,ATTR,,S; CORR,,ATTR,,S; CORR,,ATTR,
1530,SPEAKER_32,China was afraid of him.,S,,IT; ATTR,,S,,IT; ATTR,,S,,IT; ATTR,
1531,SPEAKER_32,North Korea was afraid of him.,S,,IT,,S,,IT,,S,,IT,
1532,SPEAKER_32,"Look at what's going on with North Korea, by the way.",IAFA; MS,,DF,,IAFA; MS,,DF,,IAFA; MS,,DF,
1533,SPEAKER_32,He said Russia was afraid of him.,S; HS,,IT; ATTR,,S; HS,,IT; ATTR,,S; HS,,IT; ATTR,
1534,SPEAKER_32,"I ended the Nord Stream pipeline, and Biden put it back on day one, but he ended the XL pipeline.",S; CH,,IT; ATTR; REB,,S; CH,,IT; ATTR; REB,,S; CH,,IT; ATTR; REB,
1535,SPEAKER_32,"The XL pipeline in our country, he ended that.",S; CH,,ATTR; REB,,S; CH,,ATTR; REB,,S; CH,,ATTR; REB,
1536,SPEAKER_32,"But he let the Russians build a pipeline going all over Europe and heading into Germany, the biggest pipeline in the world.",S; S-Inform; CH,,AF; ATTR; REB,,S; S-Inform; CH,,AF; ATTR; REB,,S; S-Inform; CH,,AF; ATTR; REB,
1537,SPEAKER_32,"Look, Viktor Orban.",S; IAFA,,ATTR,,S; IAFA,,ATTR,,S; IAFA,,ATTR,
1538,SPEAKER_32,Said it.,S,,ATTR; SE,,S,,ATTR; SE,,S,,ATTR; SE,
1539,SPEAKER_32,"He said, the most respected, most feared person is Donald Trump.",S,,IT; ATTR,,S,,IT; ATTR,,S,,IT; ATTR,
1540,SPEAKER_32,We had no problems when Trump was president.,S,,IT; SE,,S,,IT; SE,,S,,IT; SE,
1541,SPEAKER_32,"But when this weak, pathetic man that you saw at a debate just a few months ago, that if he weren't in that debate, he'd be running instead of her.",S,,PER; ATTR,,S,,PER; ATTR,,S,,PER; ATTR,
1542,SPEAKER_32,She got no votes.,S-Inform,,PER; SE,,S-Inform,,PER; SE,,S-Inform,,PER; SE,
1543,SPEAKER_32,He got million votes.,S-Inform,,SE,,S-Inform,,SE,,S-Inform,,SE,
1544,SPEAKER_32,"What you did, you talk about a threat to democracy.",S; CH,,ATTR; REB,,S; CH,,ATTR; REB,,S; CH,,ATTR; REB,
1545,SPEAKER_32,"He got million votes, and they threw him out of office.",S-Inform,,ATTR; SE,,S-Inform,,ATTR; SE,,S-Inform,,ATTR; SE,
1546,SPEAKER_32,And you know what?,Q-RHET; TT,,,,Q-RHET; TT,,,,Q-RHET; TT,,,
1547,SPEAKER_32,I'll give you a little secret.,S; TT,,,,S; TT,,,,S; TT,,,
1548,SPEAKER_32,He hates her.,S,,PER,,S,,PER,,S,,PER,
1549,SPEAKER_32,He can't stand her.,S,,PER,,S,,PER,,S,,PER,
1550,SPEAKER_32,But he got million votes.,S-Inform,,IT,,S-Inform,,IT,,S-Inform,,IT,
1551,SPEAKER_32,They threw him out.,S,,ATTR,,S,,ATTR,,S,,ATTR,
1552,SPEAKER_32,She got zero votes.,S-Inform,,PER,,S-Inform,,PER,,S-Inform,,PER,
1553,SPEAKER_32,"And when she ran, she was the first one to leave because she failed.",S,,PER; ATTR,,S,,PER; ATTR,,S,,PER; ATTR,
1554,SPEAKER_32,And now she's running.,S,,,,S,,,,S,,,
1555,SPEAKER_32,"I don't understand it, but I'm OK with it because I think we're going to do very well.",S; IAFA,,IP,,S; IAFA,,IP,,S; IAFA,,IP,
1556,SPEAKER_08,We've got a lot more to get to.,S; MS,,,,S; MS,,,,S; MS,,,
1557,SPEAKER_03,Turning now to the Israel Hamas War and the hostages who are still being held Americans among them.,S; MS,,,,S; MS,,,,S; MS,,,
1558,SPEAKER_03,"Vice President Harris in December you said, quote, Israel has a right to defend itself.",S; HS,,,,S; HS,,,,S; HS,,,
1559,SPEAKER_03,"But you added, quote, it matters how?",Q-W; HS,,,,Q-W; HS,,,,Q-W; HS,,,
1560,SPEAKER_03,Saying international humanitarian law must be respected.,S,,,,S,,,,S,,,
1561,SPEAKER_03,Israel must do more to protect innocent civilians.,S,,,,S,,,,S,,,
1562,SPEAKER_03,"You said that nine months ago, now an estimated Palestinians are dead.",S-Inform; CH; HS,,REB; SE,,S-Inform; CH; HS,,REB; SE,,S-Inform; CH; HS,,REB; SE,
1563,SPEAKER_03,Nearly hostages remain.,S-Inform,,,,S-Inform,,,,S-Inform,,,
1564,SPEAKER_03,"Just last week, Prime Minister Benjamin Netanyahu said there's not a deal in the making.",S-Inform; HS,,,,S-Inform; HS,,,,S-Inform; HS,,,
1565,SPEAKER_03,President Biden has not been able to break through the stalemate.,S; CH,,ATTR; REB,,S; CH,,ATTR; REB,,S; CH,,ATTR; REB,
1566,SPEAKER_03,How would you do it?,Q-W; OQ; TG,,,,Q-W; OQ; TG,,,,Q-W; OQ; TG,,,
1567,SPEAKER_33,"Well, let's understand how we got here.",TT; MS,,DF,,TT; MS,,DF,,TT; MS,,DF,
1568,SPEAKER_33,"On October Hamas, a terrorist organization",S; HS,,AF,,S; HS,,AF,,S; HS,,AF,
1569,SPEAKER_33,"slaughtered Israelis, many of them young people who were simply attending a concert.",S,,AE,,S,,AE,,S,,AE,
1570,SPEAKER_33,Women were horribly raped.,S,,AE,,S,,AE,,S,,AE,
1571,SPEAKER_33,"And so, absolutely, I said then, I say now, Israel has a right to defend itself.",S; IAFA-OF,,IP,,S; IAFA-OF,,IP,,S; IAFA-OF,,IP,
1572,SPEAKER_33,We would.,S,,,,S,,,,S,,,
1573,SPEAKER_33,"And how it does so matters, because it is also true far too many innocent Palestinians have been killed, children, mothers,",S,,AE,,S,,AE,,S,,AE,
1574,SPEAKER_33,What we know is that this war must end.,S,,IP,,S,,IP,,S,,IP,
1575,SPEAKER_33,"It must end immediately, and the way it will end is we need a ceasefire deal and we need the hostages out.",S,,,,S,,,,S,,,
1576,SPEAKER_33,And so we will continue to work around the clock on that.,S,,IT,,S,,IT,,S,,IT,
1577,SPEAKER_33,"work around the clock, also understanding that we must chart a course for a two-state solution.",S,,,,S,,,,S,,,
1578,SPEAKER_33,"And in that solution, there must be security for the Israeli people and Israel and an equal measure for the Palestinians.",S,,UF,,S,,UF,,S,,UF,
1579,SPEAKER_33,"But the one thing I will assure you always, I will always give Israel the ability to defend itself, in particular as",S,,IP,,S,,IP,,S,,IP,
1580,SPEAKER_33,it relates to Iran and any threat that Iran and its proxies pose to Israel.,S,,AF,,S,,AF,,S,,AF,
1581,SPEAKER_33,"But we must have a two-state solution where we can rebuild Gaza, where the Palestinians have security, self-determination, and the dignity they so rightly deserve.",S,,AE; UF; IP,,S,,AE; UF; IP,,S,,AE; UF; IP,
1582,SPEAKER_03,"President Trump, how would you negotiate with Netanyahu and also Hamas in order to get the hostages out and prevent the killing of more innocent civilians in Gaza?",Q-W; TG,,,,Q-W; TG,,,,Q-W; TG,,,
1583,SPEAKER_32,"If I were president, it would have never started.",S,,IT; CB,,S,,IT; CB,,S,,IT; CB,
1584,SPEAKER_32,"If I were president, Russia would have never, ever.",S,,IT; CB,,S,,IT; CB,,S,,IT; CB,
1585,SPEAKER_32,I know Putin very well.,S,,IT,,S,,IT,,S,,IT,
1586,SPEAKER_32,"He would have never and there was no threat of it either, by the way, for four years have gone into Ukraine and killed millions of people when you added up.",S; S-Inform,,AF; IT,,S; S-Inform,,AF; IT,,S; S-Inform,,AF; IT,
1587,SPEAKER_32,Far worse than people understand what's going on over there.,S,,AF; SE,,S,,AF; SE,,S,,AF; SE,
1588,SPEAKER_32,"But when she mentions about Israel, all of a sudden, she hates Israel.",S; CH,,PER; ATTR; REB,,S; CH,,PER; ATTR; REB,,S; CH,,PER; ATTR; REB,
1589,SPEAKER_32,She wouldn't even meet with Netanyahu when he went to Congress to make a very important speech.,S,,PER; ATTR,,S,,PER; ATTR,,S,,PER; ATTR,
1590,SPEAKER_32,She refused to be there because she was at a sorority party of hers.,S,,PER; ATTR,,S,,PER; ATTR,,S,,PER; ATTR,
1591,SPEAKER_32,She wanted to go to the sorority party.,S,,PER,,S,,PER,,S,,PER,
1592,SPEAKER_32,She hates Israel.,S,,PER; ATTR,,S,,PER; ATTR,,S,,PER; ATTR,
1593,SPEAKER_32,"If she's president, I believe that Israel will not exist within two years from now.",S,,AF; PER; IP; CB,,S,,AF; PER; IP; CB,,S,,AF; PER; IP; CB,
1594,SPEAKER_32,"And I've been pretty good at predictions, and I hope I'm wrong about that one.",S,,IT; IP,,S,,IT; IP,,S,,IT; IP,
1595,SPEAKER_32,She hates Israel.,S,,PER; ATTR,,S,,PER; ATTR,,S,,PER; ATTR,
1596,SPEAKER_32,"At the same time, in her own way, she hates the Arab population because the whole place is going to get blown up.",S,,AF; PER; ATTR,,S,,AF; PER; ATTR,,S,,AF; PER; ATTR,
1597,SPEAKER_32,"Arabs, Jewish people, Israel.",S,,AF,,S,,AF,,S,,AF,
1598,SPEAKER_32,Israel will be gone.,S,,AF,,S,,AF,,S,,AF,
1599,SPEAKER_32,It would have never happened.,S,,CB,,S,,CB,,S,,CB,
1600,SPEAKER_32,Iran was broke under Donald Trump.,S,,IT; SE,,S,,IT; SE,,S,,IT; SE,
1601,SPEAKER_32,Now Iran has,S,,,,S,,,,S,,,
1602,SPEAKER_32,billion because they took off all the sanctions that I had.,S; S-Inform,,IT; ATTR,,S; S-Inform,,IT; ATTR,,S; S-Inform,,IT; ATTR,
1603,SPEAKER_32,Iran had no money for Hamas or Hezbollah or any of the different,S; S-Inform,,IT; SE,,S; S-Inform,,IT; SE,,S; S-Inform,,IT; SE,
1604,SPEAKER_32,"spheres of terror, and they are spheres of terror, horrible terror.",S,,AF,,S,,AF,,S,,AF,
1605,SPEAKER_32,They had no money.,S,,IT; SE,,S,,IT; SE,,S,,IT; SE,
1606,SPEAKER_32,"It was a big story, and you know it.",S,,SE,,S,,SE,,S,,SE,
1607,SPEAKER_32,"You covered it very well, actually.",S,,,,S,,,,S,,,
1608,SPEAKER_32,They had no money for terror.,S,,SE,,S,,SE,,S,,SE,
1609,SPEAKER_32,They were broke.,S,,,,S,,,,S,,,
1610,SPEAKER_32,"Now they're a rich nation, and now what they're doing is they're spreading that money around.",S,,SE,,S,,SE,,S,,SE,
1611,SPEAKER_32,Look at what's happening with the Houthis and Yemen.,IAFA,,AF,,IAFA,,AF,,IAFA,,AF,
1612,SPEAKER_32,Look at what's going on in the Middle East.,IAFA,,AF,,IAFA,,AF,,IAFA,,AF,
1613,SPEAKER_32,This would have never happened.,S,,IT; CB,,S,,IT; CB,,S,,IT; CB,
1614,SPEAKER_32,"I will get that settled and fast, and I'll get the war with Ukraine and Russia ended.",S,,IT,,S,,IT,,S,,IT,
1615,SPEAKER_32,"If I'm president-elect, I'll get it done before even becoming president.",S,,IT,,S,,IT,,S,,IT,
1616,SPEAKER_03,"Vice President Harris, he says you hate Israel.",S; MS,,PER,,S; MS,,PER,,S; MS,,PER,
1617,SPEAKER_33,That's absolutely not true.,DIS; REJ,,REB,,DIS; REJ,,REB,,DIS; REJ,,REB,
1618,SPEAKER_33,I have my entire career and life supported Israel and the Israeli people.,S,,IT; IP,,S,,IT; IP,,S,,IT; IP,
1619,SPEAKER_33,"He knows that he's trying to again divide and distract from the reality, which is it is very well known that Donald Trump is weak and wrong on national security and foreign policy.",S; CH,,PER; ATTR; REB,,S; CH,,PER; ATTR; REB,,S; CH,,PER; ATTR; REB,
1620,SPEAKER_33,"It is well known that he admires dictators, wants to be a dictator on day one according to himself, It is well known that he said of Putin that he can do whatever the hell he wants and go into Ukraine.",S-Inform; CH,,AF; PER; ATTR; REB,,S-Inform; CH,,AF; PER; ATTR; REB,,S-Inform; CH,,AF; PER; ATTR; REB,
1621,SPEAKER_33,It is well known that he said when Russia went into Ukraine it was brilliant.,S-Inform; CH,,ATTR; REB; SE,,S-Inform; CH,,ATTR; REB; SE,,S-Inform; CH,,ATTR; REB; SE,
1622,SPEAKER_33,It is well known he exchanged love letters with Kim Jong-un,S; CH,,PER; ATTR; REB,,S; CH,,PER; ATTR; REB,,S; CH,,PER; ATTR; REB,
1623,SPEAKER_33,And it is absolutely well known that these dictators and autocrats are rooting for you to be president again because they're so clear they can manipulate you with flattery and favors.,S; CH,,AF; PER; ATTR; REB,,S; CH,,AF; PER; ATTR; REB,,S; CH,,AF; PER; ATTR; REB,
1624,SPEAKER_33,And that is why.,S,,,,S,,,,S,,,
1625,SPEAKER_33,So many military leaders who you have worked with have told me you are a disgrace.,S; CH,,PER; ATTR; REB; SE,,S; CH,,PER; ATTR; REB; SE,,S; CH,,PER; ATTR; REB; SE,
1626,SPEAKER_33,"That is why we understand that we have to have a president who is not consistently weak and wrong on national security, including the importance of upholding and respecting in highest regard our military.",S; IAFA,,PER; IP; REB,,S; IAFA,,PER; IP; REB,,S; IAFA,,PER; IP; REB,
1627,SPEAKER_03,"Vice President Harris, thank you.",GR; THK,,,,GR; THK,,,,GR; THK,,,
1628,SPEAKER_32,And she's the one that caused it.,S; CH,,PER; ATTR; REB,,S; CH,,PER; ATTR; REB,,S; CH,,PER; ATTR; REB,
1629,SPEAKER_32,That's weak on national security by allowing every nation last month for the year different countries sending people into our country.,S,,AF; ATTR; REB,,S,,AF; ATTR; REB,,S,,AF; ATTR; REB,
1630,SPEAKER_32,Their crime weights are way down.,S-Inform,,SE,,S-Inform,,SE,,S-Inform,,SE,
1631,SPEAKER_32,Putin endorsed her last week.,S; HS,,PER; SE,,S; HS,,PER; SE,,S; HS,,PER; SE,
1632,SPEAKER_32,"Said, I hope she wins.",S,,PER,,S,,PER,,S,,PER,
1633,SPEAKER_32,And I think he meant it.,S,,IP,,S,,IP,,S,,IP,
1634,SPEAKER_32,Because what he's gotten away with is absolutely incredible.,S; EXPL,,ATTR,,S; EXPL,,ATTR,,S; EXPL,,ATTR,
1635,SPEAKER_32,It wouldn't have happened with me.,S,,IT; CB,,S,,IT; CB,,S,,IT; CB,
1636,SPEAKER_32,"The leaders of other countries think that they're weak and incompetent, and they are.",S,,PER; ATTR,,S,,PER; ATTR,,S,,PER; ATTR,
1637,SPEAKER_32,They're grossly incompetent.,S,,PER,,S,,PER,,S,,PER,
1638,SPEAKER_32,And I just ask one question.,TT,,,,TT,,,,TT,,,
1639,SPEAKER_32,"Why does Biden go in and kill the Keystone pipeline and approve the single biggest deal that Russia has ever made, Nord Stream the biggest pipeline anywhere in the world going to Germany and all over Europe?",Q-W; CH,,PB; BQ; ATTR; REB,,Q-W; CH,,PB; BQ; ATTR; REB,,Q-W; CH,,PB; BQ; ATTR; REB,
1640,SPEAKER_32,because they're weak and they're ineffective.,S; EXPL,,PER; ATTR,,S; EXPL,,PER; ATTR,,S; EXPL,,PER; ATTR,
1641,SPEAKER_32,"And Biden, by the way, gets paid a lot of money.",S,,PER; ATTR,,S,,PER; ATTR,,S,,PER; ATTR,
1642,SPEAKER_03,"President Trump, thank you.",THK,,,,THK,,,,THK,,,
1643,SPEAKER_03,We have a lot of issues to get to.,S,,,,S,,,,S,,,
1644,SPEAKER_08,We'll be right back with much more of this historic ABC News presidential debate from the National Constitution Center right here in Philadelphia.,S,,,,S,,,,S,,,
1645,SPEAKER_08,Back in a moment.,S,,,,S,,,,S,,,
1646,SPEAKER_13,The ABC News presidential debate will continue after this.,S,,,,S,,,,S,,,
1647,SPEAKER_01,The House will be in order.,S,,,,S,,,,S,,,
1648,SPEAKER_04,"This year, C-SPAN celebrates years of covering Congress like no other.",S; HS,,,,S; HS,,,,S; HS,,,
1649,SPEAKER_04,"Since we've been your primary source for Capitol Hill, providing balanced, unfiltered coverage of government, taking you to where the policies debated and decided, all with the support of America's cable companies.",S,,AP,,S,,AP,,S,,AP,
1650,SPEAKER_04,"C-SPAN, years and counting, powered by cable.",S,,,,S,,,,S,,,
1651,SPEAKER_04,"Friday nights, watch C-SPAN's campaign trail, a weekly roundup of C-SPAN's campaign coverage, providing a one-stop shop to discover what the candidates across the country are saying to voters, along with firsthand accounts from political reporters, updated poll numbers, fundraising data, and campaign ads.",S-Inform,,,,S-Inform,,,,S-Inform,,,
1652,SPEAKER_04,Watch C-SPAN's campaign trail Friday nights at p.m.,IAFA,,,,IAFA,,,,IAFA,,,
1653,SPEAKER_04,"Eastern. on C-SPAN, online at c-span.org or download as a podcast on C-SPAN Now, our free mobile app or wherever you get your podcasts.",S,,,,S,,,,S,,,
1654,SPEAKER_04,"C-SPAN, your unfiltered view of politics.",S,,,,S,,,,S,,,
1655,SPEAKER_11,"As the presidential campaign continues, American History TV presents a new nine-part series, Historic Presidential Elections.",S; HS,,,,S; HS,,,,S; HS,,,
1656,SPEAKER_11,Learn about the pivotal issues of different eras.,IAFA,,,,IAFA,,,,IAFA,,,
1657,SPEAKER_11,"Uncover what made these elections historic, and explore their lasting impact on the nation.",IAFA,,,,IAFA,,,,IAFA,,,
1658,SPEAKER_11,"This Saturday, at p.m.",S,,,,S,,,,S,,,
1659,SPEAKER_11,"Eastern, a look at the election of",S,,,,S,,,,S,,,
1660,SPEAKER_11,"Abraham Lincoln defeated several other candidates, including Senator Stephen Douglas, to become the first Republican elected president before he took office in March of",S-Inform; HS,,,,S-Inform; HS,,,,S-Inform; HS,,,
1661,SPEAKER_11,Several states in the southern U.S.,S,,,,S,,,,S,,,
1662,SPEAKER_11,pulled out of the Union leading to the Civil War.,S; HS,,,,S; HS,,,,S; HS,,,
1663,SPEAKER_11,Watch historic presidential elections Saturdays at p.m.,IAFA,,,,IAFA,,,,IAFA,,,
1664,SPEAKER_11,Eastern on American History TV on C-SPAN,S,,,,S,,,,S,,,
1665,SPEAKER_11,"Start your day with Washington Journal, your window into the nation's capital, the only daily nationally televised forum for discussing the latest issues in Washington and across the country.",S; IAFA,,,,S; IAFA,,,,S; IAFA,,,
1666,SPEAKER_16,What I love about your show is that it gives the people an opportunity to speak for themselves on the issues that they actually care about.,S; IAFA-OF,,IP,,S; IAFA-OF,,IP,,S; IAFA-OF,,IP,
1667,SPEAKER_11,Join us for a live three-hour conversation with a variety of congressional members and Washington influencers.,IAFA; IAFA-OF,,,,IAFA; IAFA-OF,,,,IAFA; IAFA-OF,,,
1668,SPEAKER_10,I love this show.,S,,IP,,S,,IP,,S,,IP,
1669,SPEAKER_10,This is my favorite show to do of all shows because I actually get to hear what the American people care about.,S,,,,S,,,,S,,,
1670,SPEAKER_11,You can watch Washington Journal live every morning at Eastern on C-SPAN.,S-Inform,,,,S-Inform,,,,S-Inform,,,
1671,SPEAKER_11,C-SPAN now or online at c-span.org.,S,,,,S,,,,S,,,
1672,SPEAKER_11,Listening to programs on C-SPAN through C-SPAN Radio is easy.,S,,,,S,,,,S,,,
1673,SPEAKER_11,"Tell your smart speaker, play C-SPAN Radio and listen to Washington Journal daily at a.m.",IAFA,,,,IAFA,,,,IAFA,,,
1674,SPEAKER_11,Eastern. Important public affairs events throughout the day.,S,,,,S,,,,S,,,
1675,SPEAKER_11,And weekdays catch Washington today.,IAFA,,,,IAFA,,,,IAFA,,,
1676,SPEAKER_11,Listen to C-SPAN anytime.,IAFA,,,,IAFA,,,,IAFA,,,
1677,SPEAKER_11,"Just tell your smart speaker, play C-SPAN Radio, C-SPAN, powered by cable.",IAFA,,,,IAFA,,,,IAFA,,,
1678,SPEAKER_11,"C-SPAN NOW is a free mobile app featuring your unfiltered view of what's happening in Washington, live and on demand.",S,,,,S,,,,S,,,
1679,SPEAKER_11,Keep up with the day's biggest events with live streams of floor proceedings and hearings from the U.S.,IAFA,,,,IAFA,,,,IAFA,,,
1680,SPEAKER_11,"Congress, White House events, the courts, campaigns, and more from the world of politics, all at your fingertips.",S,,,,S,,,,S,,,
1681,SPEAKER_11,"You can also stay current with the latest episodes of Washington Journal and find scheduling information for C-SPAN's TV networks and C-SPAN radio, plus a variety of compelling podcasts.",S,,,,S,,,,S,,,
1682,SPEAKER_11,C-SPAN NOW is available at the Apple Store and Google Play.,S-Inform,,,,S-Inform,,,,S-Inform,,,
1683,SPEAKER_11,"Scan the QR code to download it for free today, or visit our website, cspan.org slash cspan now.",IAFA,,,,IAFA,,,,IAFA,,,
1684,SPEAKER_11,"C-SPAN NOW, your front row seat to Washington, anytime, anywhere.",S,,,,S,,,,S,,,
1685,SPEAKER_04,We'll head back to Philadelphia now as Vice President Harris and former President Trump meet face to face for the first time.,S,,,,S,,,,S,,,
1686,SPEAKER_04,You're watching C-SPAN's live coverage of the ABC News presidential debate simulcast.,S,,,,S,,,,S,,,
1687,SPEAKER_13,"Constitution Center in Philadelphia, Pennsylvania.",S,,,,S,,,,S,,,
1688,SPEAKER_13,"Here again, David Muir and Lindsey Davis.",S,,,,S,,,,S,,,
1689,SPEAKER_08,Welcome back to this historic ABC News presidential debate tonight.,GR; HS,,,,GR; HS,,,,GR; HS,,,
1690,SPEAKER_08,We're going to continue here.,MS,,,,MS,,,,MS,,,
1691,SPEAKER_08,And I want to turn to the war in Ukraine.,MS,,,,MS,,,,MS,,,
1692,SPEAKER_08,We're now two and a half years into this conflict.,S-Inform,,,,S-Inform,,,,S-Inform,,,
1693,SPEAKER_08,"Mr. President, it has been the position of the Biden administration that we must defend Ukraine from Russia, from Vladimir Putin, to defend their sovereignty, their democracy, that it's in America's best interest to do so, arguing that if Putin wins, He may be emboldened to move even further into other countries.",S; S-Inform,,,,S; S-Inform,,,,S; S-Inform,,,
1694,SPEAKER_08,You have said you would solve this war in hours.,S,,,,S,,,,S,,,
1695,SPEAKER_08,You said so just before the break tonight.,S,,,,S,,,,S,,,
1696,SPEAKER_08,How exactly would you do that?,Q-W; SEEP,,,,Q-W; SEEP,,,,Q-W; SEEP,,,
1697,SPEAKER_08,And I want to ask you a very simple question tonight.,TT,,,,TT,,,,TT,,,
1698,SPEAKER_08,Do you want Ukraine to win this war?,YNQ,,,,YNQ,,,,YNQ,,,
1699,SPEAKER_32,I want the war to stop.,S,,IP,,S,,IP,,S,,IP,
1700,SPEAKER_32,"I want to save lives that are being uselessly, people being killed by the millions.",S,,AF; AE,,S,,AF; AE,,S,,AF; AE,
1701,SPEAKER_32,It's the millions.,S,,,,S,,,,S,,,
1702,SPEAKER_32,"It's so much worse than the numbers that you're getting, which are fake numbers.",S; CH,,REB; SE; CBias,,S; CH,,REB; SE; CBias,,S; CH,,REB; SE; CBias,
1703,SPEAKER_32,"Look. We're in for billion or more because they don't ask Europe, which is a much bigger beneficiary to getting this thing done than we are.",S-Inform; IAFA,,ATTR; SE,,S-Inform; IAFA,,ATTR; SE,,S-Inform; IAFA,,ATTR; SE,
1704,SPEAKER_32,They're in for billion less because Biden and you don't have the courage to ask Europe like I did with NATO.,S; CH,,PER; IT; ATTR; REB,,S; CH,,PER; IT; ATTR; REB,,S; CH,,PER; IT; ATTR; REB,
1705,SPEAKER_32,"They paid billions and billions, hundreds of billions of dollars when I said, either you pay up or we're not going to protect you anymore.",S-Inform; HS,,IT,,S-Inform; HS,,IT,,S-Inform; HS,,IT,
1706,SPEAKER_32,So that's maybe one of the reasons I don't like me as much as they like weak people.,S,,PB; IT,,S,,PB; IT,,S,,PB; IT,
1707,SPEAKER_32,You take a look at what's happening.,IAFA,,,,IAFA,,,,IAFA,,,
1708,SPEAKER_32,We're in for to billion.,S-Inform,,,,S-Inform,,,,S-Inform,,,
1709,SPEAKER_32,They're into to,S,,,,S,,,,S,,,
1710,SPEAKER_32,They should be forced to equalize.,S,,IP,,S,,IP,,S,,IP,
1711,SPEAKER_32,"With that being said, I want to get the war settled.",S,,IP,,S,,IP,,S,,IP,
1712,SPEAKER_32,"I know Zelensky very well, and I know Putin very well.",S,,IT; IP,,S,,IT; IP,,S,,IT; IP,
1713,SPEAKER_32,"I have a good relationship, and they respect You're president.",S,,IT,,S,,IT,,S,,IT,
1714,SPEAKER_32,Okay? They respect me.,YNQ; S,,IT,,YNQ; S,,IT,,YNQ; S,,IT,
1715,SPEAKER_32,They don't respect Biden.,S,,PER; ATTR,,S,,PER; ATTR,,S,,PER; ATTR,
1716,SPEAKER_32,How would you respect him?,Q-W; Q-RHET,,PER; AEX,,Q-W; Q-RHET,,PER; AEX,,Q-W; Q-RHET,,PER; AEX,
1717,SPEAKER_32,Why? For what reason?,Q-W; Q-RHET,,AEX,,Q-W; Q-RHET,,AEX,,Q-W; Q-RHET,,AEX,
1718,SPEAKER_32,He hasn't even made a phone call in two years to Putin.,S-Inform,,PER; ATTR; SE,,S-Inform,,PER; ATTR; SE,,S-Inform,,PER; ATTR; SE,
1719,SPEAKER_32,He hasn't spoken to anybody.,S,,ATTR,,S,,ATTR,,S,,ATTR,
1720,SPEAKER_32,They don't even try and get it.,S,,PB; ATTR,,S,,PB; ATTR,,S,,PB; ATTR,
1721,SPEAKER_32,That is a war that's dying to be settled.,S,,,,S,,,,S,,,
1722,SPEAKER_32,I will get it settled before I even become president.,S,,IT,,S,,IT,,S,,IT,
1723,SPEAKER_32,"If I win, when I'm president-elect, and what I'll do is I'll speak to one.",S,,IT,,S,,IT,,S,,IT,
1724,SPEAKER_32,I'll speak to the other.,S,,IT,,S,,IT,,S,,IT,
1725,SPEAKER_32,I'll get them together.,S,,IT,,S,,IT,,S,,IT,
1726,SPEAKER_32,That war would have never happened.,S,,IT; CB,,S,,IT; CB,,S,,IT; CB,
1727,SPEAKER_32,"And in fact, when I saw Putin after I left, unfortunately left because our country has gone to hell.",S; HS,,AF,,S; HS,,AF,,S; HS,,AF,
1728,SPEAKER_32,"But after I left, when I saw him building up soldiers, he did it after I left.",S; HS,,IT,,S; HS,,IT,,S; HS,,IT,
1729,SPEAKER_32,"I said, oh, he must be negotiating.",S,,,,S,,,,S,,,
1730,SPEAKER_32,"It must be a good, strong point of negotiation.",S,,,,S,,,,S,,,
1731,SPEAKER_32,"Well, it wasn't because Biden had no idea how to talk to him.",S; CH,,PER; ATTR; REB,,S; CH,,PER; ATTR; REB,,S; CH,,PER; ATTR; REB,
1732,SPEAKER_32,He had no idea how to stop it.,S; CH,,PER; ATTR; REB,,S; CH,,PER; ATTR; REB,,S; CH,,PER; ATTR; REB,
1733,SPEAKER_32,And now you have millions of people dead.,S-Inform,,AF; AE,,S-Inform,,AF; AE,,S-Inform,,AF; AE,
1734,SPEAKER_32,And it's only getting worse.,S,,AF,,S,,AF,,S,,AF,
1735,SPEAKER_32,And it could lead to World War III.,S,,AF; CB,,S,,AF; CB,,S,,AF; CB,
1736,SPEAKER_32,"Don't kid yourself, David.",IAFA,,AF,,IAFA,,AF,,IAFA,,AF,
1737,SPEAKER_32,We're playing with World War and we have a president that we don't even know of.,S,,AF; PER,,S,,AF; PER,,S,,AF; PER,
1738,SPEAKER_32,Where is our president?,Q-W,,PER; AEX,,Q-W,,PER; AEX,,Q-W,,PER; AEX,
1739,SPEAKER_32,We don't even know if he's a president.,S,,PER; CBias,,S,,PER; CBias,,S,,PER; CBias,
1740,SPEAKER_32,And just to clarify here.,CORR; TT,,,,CORR; TT,,,,CORR; TT,,,
1741,SPEAKER_32,They threw him out of a campaign like a dog.,S,,PER; ATTR,,S,,PER; ATTR,,S,,PER; ATTR,
1742,SPEAKER_32,We don't even know.,S,,PER,,S,,PER,,S,,PER,
1743,SPEAKER_32,Is he our president?,YNQ; Q-RHET,,PER; BQ,,YNQ; Q-RHET,,PER; BQ,,YNQ; Q-RHET,,PER; BQ,
1744,SPEAKER_08,But we have a president that doesn't know he's alive.,S,,PER; ATTR,,S,,PER; ATTR,,S,,PER; ATTR,
1745,SPEAKER_08,Your time is up.,S,,,,S,,,,S,,,
1746,SPEAKER_08,Just to clarify in the question.,CORR; TT,,,,CORR; TT,,,,CORR; TT,,,
1747,SPEAKER_08,Do you believe it's in the U.S.,YNQ,,,,YNQ,,,,YNQ,,,
1748,SPEAKER_08,"best interest for Ukraine to win this war, yes or no?",YNQ,,,,YNQ,,,,YNQ,,,
1749,SPEAKER_32,I think it's the U.S.,S; INT,,IP,,S; INT,,IP,,S; INT,,IP,
1750,SPEAKER_32,best interest to get this war finished and just get it done.,S,,IP,,S,,IP,,S,,IP,
1751,SPEAKER_32,Negotiate a deal because we have to stop all of these human lives from being destroyed.,S,,AF; AE,,S,,AF; AE,,S,,AF; AE,
1752,SPEAKER_08,"I want to take this device, President Harris.",S; TG,,,,S; TG,,,,S; TG,,,
1753,SPEAKER_08,"I want to get your thoughts on support for Ukraine in this moment, but also as commander in chief, if elected, how would you deal with Vladimir Putin and would it be any different from what we're seeing from President Biden?",Q-W; OQ; TG,,,,Q-W; OQ; TG,,,,Q-W; OQ; TG,,,
1754,SPEAKER_33,"Well, first of all, it's important to remind the former president you're not running against Joe Biden, you're running against me.",S; CH; MS,,REB,,S; CH; MS,,REB,,S; CH; MS,,REB,
1755,SPEAKER_33,I believe the reason that Donald Trump says that this war would be over within hours is because he would just give it up.,S; CH,,IP; ATTR; REB,,S; CH,,IP; ATTR; REB,,S; CH,,IP; ATTR; REB,
1756,SPEAKER_33,And that's not who we are as Americans.,S,,AP; UF,,S,,AP; UF,,S,,AP; UF,
1757,SPEAKER_33,Let's understand what happened here.,IAFA; MS,,UF,,IAFA; MS,,UF,,IAFA; MS,,UF,
1758,SPEAKER_33,"I actually met with Zelensky a few days before Russia invaded tried through force to change territorial boundaries to defy one of the most important international rules and norms, which is the importance of sovereignty and territorial integrity.",S-Inform; HS,,IT; SE,,S-Inform; HS,,IT; SE,,S-Inform; HS,,IT; SE,
1759,SPEAKER_33,And I met with President Zelenski.,S; HS,,,,S; HS,,,,S; HS,,,
1760,SPEAKER_33,I shared with him American intelligence about how he could defend himself.,S,,IT,,S,,IT,,S,,IT,
1761,SPEAKER_33,"Days later, I went to NATO's Eastern flank, to Poland and Romania.",S-Inform; HS,,IT,,S-Inform; HS,,IT,,S-Inform; HS,,IT,
1762,SPEAKER_33,"And through the work that I and others did, we brought countries together to support Ukraine in its righteous defense.",S,,UF; IT,,S,,UF; IT,,S,,UF; IT,
1763,SPEAKER_33,"And because of our support, because of the air defense, the ammunition, the artillery, the javelins, the Abrams tanks that we have provided, Ukraine stands as an independent and free country.",S-Inform,,IT; SE,,S-Inform,,IT; SE,,S-Inform,,IT; SE,
1764,SPEAKER_33,"If Donald Trump were president, Putin would be sitting in Kiev right now.",S; CH,,AF; ATTR; REB; CB,,S; CH,,AF; ATTR; REB; CB,,S; CH,,AF; ATTR; REB; CB,
1765,SPEAKER_33,"And understand what that would mean, because Putin's agenda is not just about Ukraine.",IAFA,,AF,,IAFA,,AF,,IAFA,,AF,
1766,SPEAKER_33,"Understand why the European allies and our NATO allies are so thankful that you are no longer president, and that we understand the importance of the greatest military alliance the world has ever known, which is NATO.",IAFA,,AF; AP; PER; REB,,IAFA,,AF; AP; PER; REB,,IAFA,,AF; AP; PER; REB,
1767,SPEAKER_33,And what we have done to preserve the ability of Zelensky and the Ukrainians to fight for their independence.,S,,IT,,S,,IT,,S,,IT,
1768,SPEAKER_33,"Otherwise, Putin would be sitting in Kiev with his eyes on the rest of Europe, starting with Poland.",S,,AF; REB; CB,,S,,AF; REB; CB,,S,,AF; REB; CB,
1769,SPEAKER_33,And why don't you tell the Polish Americans right here in Pennsylvania how quickly you would give up for the sake of favor and what you think is a friendship with what is known to be a dictator who would eat you for lunch.,Q-W; CH,,AE; PER; ATTR; AEX,,Q-W; CH,,AE; PER; ATTR; AEX,,Q-W; CH,,AE; PER; ATTR; AEX,
1770,SPEAKER_08,"Vice President Harris, thank you.",THK; TG,,,,THK; TG,,,,THK; TG,,,
1771,SPEAKER_08,We've heard from both of you on Ukraine tonight.,S; MS,,,,S; MS,,,,S; MS,,,
1772,SPEAKER_08,Afghanistan came up on the last hour.,S; HS,,,,S; HS,,,,S; HS,,,
1773,SPEAKER_08,I wanted her to respond to something you said earlier.,S; TG,,,,S; TG,,,,S; TG,,,
1774,SPEAKER_08,"Please, I'll give you a minute here.",IAFA-OF; TG,,,,IAFA-OF; TG,,,,IAFA-OF; TG,,,
1775,SPEAKER_32,"Putin would be sitting in Moscow, and he wouldn't have lost men and women.",S,,CB,,S,,CB,,S,,CB,
1776,SPEAKER_32,But he would have been sitting in Moscow quiet place.,S,,CB,,S,,CB,,S,,CB,
1777,SPEAKER_32,He would have been sitting in Moscow much happier than he is right now.,S,,CB,,S,,CB,,S,,CB,
1778,SPEAKER_32,"But eventually, you know, he's got a thing that other people don't have.",S,,,,S,,,,S,,,
1779,SPEAKER_32,He's got nuclear weapons.,S,,AF,,S,,AF,,S,,AF,
1780,SPEAKER_32,They don't ever talk about that.,S,,ATTR,,S,,ATTR,,S,,ATTR,
1781,SPEAKER_32,He's got nuclear weapons.,S,,AF,,S,,AF,,S,,AF,
1782,SPEAKER_32,Nobody ever thinks about that.,S,,AF,,S,,AF,,S,,AF,
1783,SPEAKER_32,"And eventually, maybe he'll use them, and maybe he hasn't been that threatening.",S,,AF; CB,,S,,AF; CB,,S,,AF; CB,
1784,SPEAKER_32,But he does have that.,S,,AF,,S,,AF,,S,,AF,
1785,SPEAKER_32,Something we don't even like to talk about.,S,,AF,,S,,AF,,S,,AF,
1786,SPEAKER_32,Nobody likes to talk about it.,S,,AF,,S,,AF,,S,,AF,
1787,SPEAKER_32,"But just so you understand, they sent her to negotiate peace before this war started.",S; MS,,ATTR,,S; MS,,ATTR,,S; MS,,ATTR,
1788,SPEAKER_32,"Three days later, he went in and he started the war.",S; HS,,ATTR,,S; HS,,ATTR,,S; HS,,ATTR,
1789,SPEAKER_32,Because everything they said was weak and stupid.,S; CH,,PER; ATTR; REB,,S; CH,,PER; ATTR; REB,,S; CH,,PER; ATTR; REB,
1790,SPEAKER_32,They said the wrong things.,S,,PER; ATTR,,S,,PER; ATTR,,S,,PER; ATTR,
1791,SPEAKER_32,That war should have never started.,S,,ATTR,,S,,ATTR,,S,,ATTR,
1792,SPEAKER_32,She was the emissary.,S,,ATTR,,S,,ATTR,,S,,ATTR,
1793,SPEAKER_32,They sent her in to negotiate with Zelinsky and Putin.,S,,ATTR,,S,,ATTR,,S,,ATTR,
1794,SPEAKER_32,And she did.,S,,,,S,,,,S,,,
1795,SPEAKER_32,And the war started three days later.,S-Inform,,ATTR; CB; SE,,S-Inform,,ATTR; CB; SE,,S-Inform,,ATTR; CB; SE,
1796,SPEAKER_32,And that's the kind of talent we have with her.,S,,PER; ATTR,,S,,PER; ATTR,,S,,PER; ATTR,
1797,SPEAKER_32,She's worse than Biden.,S,,PER; CB,,S,,PER; CB,,S,,PER; CB,
1798,SPEAKER_32,"In my opinion, I think he's the worst president in the history of our country.",S,,PER; IP; CB,,S,,PER; IP; CB,,S,,PER; IP; CB,
1799,SPEAKER_32,She goes down as the worst vice president in the history of our country.,S; CH,,PER; ATTR,,S; CH,,PER; ATTR,,S; CH,,PER; ATTR,
1800,SPEAKER_32,But let me tell you something.,TT,,,,TT,,,,TT,,,
1801,SPEAKER_32,She is a horrible negotiator.,S; CH,,PER,,S; CH,,PER,,S; CH,,PER,
1802,SPEAKER_32,They sent her in to negotiate.,S,,,,S,,,,S,,,
1803,SPEAKER_32,"As soon as they left, Putin did the invasion.",S; S-Inform,,ATTR; SE,,S; S-Inform,,ATTR; SE,,S; S-Inform,,ATTR; SE,
1804,SPEAKER_08,"President Trump, thank you.",THK,,,,THK,,,,THK,,,
1805,SPEAKER_08,You did bring up something.,S; ACK,,,,S; ACK,,,,S; ACK,,,
1806,SPEAKER_08,You said she went to negotiate with Vladimir Putin.,S,,,,S,,,,S,,,
1807,SPEAKER_08,"Vice President Harris, have you ever met Vladimir Putin?",YNQ,,,,YNQ,,,,YNQ,,,
1808,SPEAKER_08,Can you clarify tonight?,YNQ; OQ,,,,YNQ; OQ,,,,YNQ; OQ,,,
1809,SPEAKER_33,"Yet again, I said it at the beginning of this debate.",S; HS,,,,S; HS,,,,S; HS,,,
1810,SPEAKER_33,You're going to hear a bunch of lies coming from this fellow.,S; CH,,PER; ATTR; REB,,S; CH,,PER; ATTR; REB,,S; CH,,PER; ATTR; REB,
1811,SPEAKER_33,And that is another one.,S; CH,,PER; REB,,S; CH,,PER; REB,,S; CH,,PER; REB,
1812,SPEAKER_33,"When I went to meet with President Zelensky, I've now met with him over five times.",S-Inform; HS,,IT,,S-Inform; HS,,IT,,S-Inform; HS,,IT,
1813,SPEAKER_33,"The reality is it has been about standing as America always should as a leader upholding international rules and norms, as a leader who shows strength, understanding that the alliances we have around the world are dependent on our ability to look out for our friends and not favor our enemies because you adore strong men instead of caring about democracy.",S,,PER; IP; CB,,S,,PER; IP; CB,,S,,PER; IP; CB,
1814,SPEAKER_33,And that is very much what is at stake here.,S,,AF,,S,,AF,,S,,AF,
1815,SPEAKER_33,"The President of the United States is Commander-in-Chief, and the American people have a right to rely on a President who understands the significance of America's role and responsibility in terms of ensuring that there is stability and ensuring we stand up for our principles and not sell them for the benefit of personal flattery.",S,,AP; APAT; IP,,S,,AP; APAT; IP,,S,,AP; APAT; IP,
1816,SPEAKER_08,We've talked about Ukraine and Vladimir Putin.,S; MS,,,,S; MS,,,,S; MS,,,
1817,SPEAKER_08,I do want to talk about Afghanistan.,S; MS,,IP,,S; MS,,IP,,S; MS,,IP,
1818,SPEAKER_08,It came up in the first hour of this debate.,S; HS,,,,S; HS,,,,S; HS,,,
1819,SPEAKER_08,I want to move on to Afghanistan.,S; MS,,,,S; MS,,,,S; MS,,,
1820,SPEAKER_32,to pay up he said I've never seen he's the head of NATO he said I've never seen for years we were paying almost all of NATO we were being ripped off by European nations both on trade and on NATO I got them to pay up by saying one of the statements you made before if you don't pay we're not going to protect you otherwise we would have He said it was one of the most incredible jobs that he's ever seen done.,S-Inform; HS; INT,,AF; IT,,S-Inform; HS; INT,,AF; IT,,S-Inform; HS; INT,,AF; IT,
1821,SPEAKER_08,Thank you.,THK,,,,THK,,,,THK,,,
1822,SPEAKER_08,I want to turn to Afghanistan.,S; MS,,,,S; MS,,,,S; MS,,,
1823,SPEAKER_08,"It came up in the first hour of the debate, and we witnessed a poignant moment today on Capitol Hill honoring the soldiers who died in the chaotic withdrawal from Afghanistan.",S; HS,,AE,,S; HS,,AE,,S; HS,,AE,
1824,SPEAKER_08,"I do want to ask the vice president, do you believe you bear any responsibility in the way that withdrawal played out?",YNQ; TG,,,,YNQ; TG,,,,YNQ; TG,,,
1825,SPEAKER_33,"Well, I will tell you, I agreed with President Biden's decision to pull out of Afghanistan.",S; IAFA; ANS,,,,S; IAFA; ANS,,,,S; IAFA; ANS,,,
1826,SPEAKER_33,"Four presidents said they would, and Joe Biden did.",S-Inform; HS,,IT,,S-Inform; HS,,IT,,S-Inform; HS,,IT,
1827,SPEAKER_33,"And as a result, America's taxpayers are not paying the million a day.",S-Inform,,IT,,S-Inform,,IT,,S-Inform,,IT,
1828,SPEAKER_33,We were paying for that endless war.,S,,,,S,,,,S,,,
1829,SPEAKER_33,"And as of today, there is not one member of the United States military who is in active duty in a combat zone in any war zone around the world the first time this century.",S-Inform,,IT; SE,,S-Inform,,IT; SE,,S-Inform,,IT; SE,
1830,SPEAKER_33,But let's understand how we got to where we are.,TT; MS,,,,TT; MS,,,,TT; MS,,,
1831,SPEAKER_33,"Donald Trump, when he was president, negotiated one of the weakest deals you can imagine.",S; CH,,PER; ATTR; REB,,S; CH,,PER; ATTR; REB,,S; CH,,PER; ATTR; REB,
1832,SPEAKER_33,He calls himself a dealmaker.,S,,PER,,S,,PER,,S,,PER,
1833,SPEAKER_33,"Even his national security advisor said it was a weak, terrible deal.",S-Inform; CH,,ATTR; REB; SE,,S-Inform; CH,,ATTR; REB; SE,,S-Inform; CH,,ATTR; REB; SE,
1834,SPEAKER_33,And here's how it went down.,TT; MS,,,,TT; MS,,,,TT; MS,,,
1835,SPEAKER_33,He bypassed the Afghan government.,S,,ATTR,,S,,ATTR,,S,,ATTR,
1836,SPEAKER_33,He negotiated directly with a terrorist organization called the Taliban.,S,,PER; ATTR,,S,,PER; ATTR,,S,,PER; ATTR,
1837,SPEAKER_33,The negotiation involved the Taliban getting,S,,ATTR,,S,,ATTR,,S,,ATTR,
1838,SPEAKER_33,"terrorists, Taliban terrorists released, and get this, no get this.",S; MS,,AF; ATTR,,S; MS,,AF; ATTR,,S; MS,,AF; ATTR,
1839,SPEAKER_33,And the president at the time invited the Taliban to Camp David.,S; HS,,ATTR,,S; HS,,ATTR,,S; HS,,ATTR,
1840,SPEAKER_33,"a place of storied significance for us as Americans, a place where we honor the importance of American diplomacy, where we invite and receive respected world leaders.",S,,AP; APAT,,S,,AP; APAT,,S,,AP; APAT,
1841,SPEAKER_33,And this,S,,,,S,,,,S,,,
1842,SPEAKER_33,"former president, as president, invited them",S,,ATTR,,S,,ATTR,,S,,ATTR,
1843,SPEAKER_33,to Camp David because he does not again appreciate the role and responsibility of the President of the United States to be Commander-in-Chief with a level of respect.,S; CH,,PER; ATTR; REB,,S; CH,,PER; ATTR; REB,,S; CH,,PER; ATTR; REB,
1844,SPEAKER_33,"And this gets back to the point of how he has consistently disparaged and demeaned members of our military, fallen soldiers, and the work that we must do to uphold the strength and the respect of the United States of America around the world.",S; CH,,PER; ATTR; REB,,S; CH,,PER; ATTR; REB,,S; CH,,PER; ATTR; REB,
1845,SPEAKER_08,"Vice President Harris, thank you.",THK,,,,THK,,,,THK,,,
1846,SPEAKER_08,"President Trump, your response to her saying that you began the negotiations with the Taliban.",TG,,,,TG,,,,TG,,,
1847,SPEAKER_32,"Yeah, thank you.",THK; TA,,,,THK; TA,,,,THK; TA,,,
1848,SPEAKER_32,"So if you take a look at that period of time,",S; IAFA,,,,S; IAFA,,,,S; IAFA,,,
1849,SPEAKER_32,"the Taliban was killing our soldiers, a lot of them with snipers.",S-Inform,,AF,,S-Inform,,AF,,S-Inform,,AF,
1850,SPEAKER_32,And I got involved with the Taliban because the Taliban was doing the killing.,S; HS,,IT,,S; HS,,IT,,S; HS,,IT,
1851,SPEAKER_32,That's the fighting force within Afghanistan.,S,,,,S,,,,S,,,
1852,SPEAKER_32,"They don't bother doing that because, you know, they deal with the wrong people all the time.",S,,,,S,,,,S,,,
1853,SPEAKER_32,But I got involved.,S,,IT,,S,,IT,,S,,IT,
1854,SPEAKER_32,And Abdul is the head of the Taliban.,S,,,,S,,,,S,,,
1855,SPEAKER_32,He is still the head of the Taliban.,S,,,,S,,,,S,,,
1856,SPEAKER_32,"And I told Abdul, don't do it anymore.",S; HS,,IT,,S; HS,,IT,,S; HS,,IT,
1857,SPEAKER_32,You do it anymore.,S,,,,S,,,,S,,,
1858,SPEAKER_32,You're going to have problems.,S,,AF,,S,,AF,,S,,AF,
1859,SPEAKER_32,"And he said, why do you send me a picture of my house?",Q-W; S; HS,,,,Q-W; S; HS,,,,Q-W; S; HS,,,
1860,SPEAKER_32,"I said, you're going to have to figure that out, Abdul.",S; HS,,,,S; HS,,,,S; HS,,,
1861,SPEAKER_32,"And for months, we had nobody killed.",S; HS,,IT,,S; HS,,IT,,S; HS,,IT,
1862,SPEAKER_32,We did have an agreement negotiated by Mike Pompeo.,S; HS,,IT,,S; HS,,IT,,S; HS,,IT,
1863,SPEAKER_32,It was a very good agreement.,S,,IT; IP,,S,,IT; IP,,S,,IT; IP,
1864,SPEAKER_32,"The reason it was good, it was, we were getting out.",S; EXPL,,IT,,S; EXPL,,IT,,S; EXPL,,IT,
1865,SPEAKER_32,"We would have been out faster than them, but we wouldn't have lost the soldiers.",S,,IT; CB,,S,,IT; CB,,S,,IT; CB,
1866,SPEAKER_32,We wouldn't have left many Americans behind.,S,,IT,,S,,IT,,S,,IT,
1867,SPEAKER_32,"And we wouldn't have left, we wouldn't have left",S,,,,S,,,,S,,,
1868,SPEAKER_32,"billion worth of brand new, beautiful military equipment behind.",S; S-Inform,,IT,,S; S-Inform,,IT,,S; S-Inform,,IT,
1869,SPEAKER_32,"And just to finish, they blew it.",S,,ATTR,,S,,ATTR,,S,,ATTR,
1870,SPEAKER_32,"The agreement said, you have to do this, this, this, this, this, and they didn't do it.",S,,ATTR; REB,,S,,ATTR; REB,,S,,ATTR; REB,
1871,SPEAKER_32,They didn't do it.,S,,ATTR,,S,,ATTR,,S,,ATTR,
1872,SPEAKER_32,The agreement was was terminated by us because they didn't do what they were supposed to do.,S; EXPL,,ATTR,,S; EXPL,,ATTR,,S; EXPL,,ATTR,
1873,SPEAKER_32,"And these people did the worst withdrawal, and in my opinion, the most embarrassing moment in the history of our country.",S,,PER; IP; ATTR,,S,,PER; IP; ATTR,,S,,PER; IP; ATTR,
1874,SPEAKER_32,"And by the way, that's why Russia attacked Ukraine because they saw how incompetent she and her boss are.",S; EXPL,,PER; IP; ATTR,,S; EXPL,,PER; IP; ATTR,,S; EXPL,,PER; IP; ATTR,
1875,SPEAKER_08,"President Trump, thank you.",THK,,,,THK,,,,THK,,,
1876,SPEAKER_08,I want to move on now to race and politics in this country.,MS,,,,MS,,,,MS,,,
1877,SPEAKER_08,"Mr. President, you recently said of Vice President Harris, quote, I didn't know she was black until a number of years ago when she happened to turn black.",S,,RB,,S,,RB,,S,,RB,
1878,SPEAKER_08,And now she wants to be known as black.,S,,PER; RB,,S,,PER; RB,,S,,PER; RB,
1879,SPEAKER_08,I want to ask a bigger picture question here tonight.,S; TT,,,,S; TT,,,,S; TT,,,
1880,SPEAKER_08,Why do you believe it's appropriate to weigh in on the racial identity of your opponent?,Q-W; SEEP,,BQ; REB,,Q-W; SEEP,,BQ; REB,,Q-W; SEEP,,BQ; REB,
1881,SPEAKER_32,I don't.,REJ; ANS,,IA,,REJ; ANS,,IA,,REJ; ANS,,IA,
1882,SPEAKER_32,And I don't care.,S,,DF; IA,,S,,DF; IA,,S,,DF; IA,
1883,SPEAKER_32,I don't care what she is.,S,,RB; IA,,S,,RB; IA,,S,,RB; IA,
1884,SPEAKER_32,I don't care.,S,,IA,,S,,IA,,S,,IA,
1885,SPEAKER_32,You make a big deal out of something.,S; CH,,AEX; REB,,S; CH,,AEX; REB,,S; CH,,AEX; REB,
1886,SPEAKER_32,I couldn't care less.,S,,DF; IA,,S,,DF; IA,,S,,DF; IA,
1887,SPEAKER_32,Whatever she wants to be is OK with me.,S,,DF,,S,,DF,,S,,DF,
1888,SPEAKER_08,But those were your words.,S; CH,,REB,,S; CH,,REB,,S; CH,,REB,
1889,SPEAKER_08,So I'm asking.,S,,,,S,,,,S,,,
1890,SPEAKER_08,I don't know.,S,,,,S,,,,S,,,
1891,SPEAKER_32,I don't know.,S,,,,S,,,,S,,,
1892,SPEAKER_32,"I mean, all I can say is I read where she was not black that she put out.",S,,RB; SE,,S,,RB; SE,,S,,RB; SE,
1893,SPEAKER_32,And I'll say that.,S,,,,S,,,,S,,,
1894,SPEAKER_32,And then I read that she was black.,S,,RB,,S,,RB,,S,,RB,
1895,SPEAKER_32,And that's OK.,S,,,,S,,,,S,,,
1896,SPEAKER_32,Either one was OK with me.,S,,,,S,,,,S,,,
1897,SPEAKER_32,That's up to her.,S,,,,S,,,,S,,,
1898,SPEAKER_32,That's up to her.,S,,,,S,,,,S,,,
1899,SPEAKER_08,"Vice President Harris, your thoughts on this.",TG,,,,TG,,,,TG,,,
1900,SPEAKER_33,"I think it's, I mean, honestly, I think it's a tragedy that we have someone who wants to be president who has consistently over the course of his career",S; CH,,PER; IP; REB,,S; CH,,PER; IP; REB,,S; CH,,PER; IP; REB,
1901,SPEAKER_33,attempted to use race to divide the American people.,S; CH,,PER; ATTR; REB; RB,,S; CH,,PER; ATTR; REB; RB,,S; CH,,PER; ATTR; REB; RB,
1902,SPEAKER_33,"You know, I do believe that the vast majority of us know that we have so much more in common than what separates us, and we don't want",S,,UF; IP,,S,,UF; IP,,S,,UF; IP,
1903,SPEAKER_33,"this kind of approach that is just constantly trying to divide us, and especially by race.",S,,UF; REB; RB,,S,,UF; REB; RB,,S,,UF; REB; RB,
1904,SPEAKER_33,And let's remember how Donald Trump started.,IAFA; MS,,REB,,IAFA; MS,,REB,,IAFA; MS,,REB,
1905,SPEAKER_33,He was a,S,,,,S,,,,S,,,
1906,SPEAKER_33,"land, he owned land, he owned buildings, and he was investigated because he refused to rent",S; CH,,PER; ATTR; RB; SE,,S; CH,,PER; ATTR; RB; SE,,S; CH,,PER; ATTR; RB; SE,
1907,SPEAKER_33,property to black families.,S,,ATTR; RB,,S,,ATTR; RB,,S,,ATTR; RB,
1908,SPEAKER_33,Let's remember this is the same individual who took out a full page ad in the New York Times calling for the execution,S; IAFA; CH,,PER; ATTR; REB; SE,,S; IAFA; CH,,PER; ATTR; REB; SE,,S; IAFA; CH,,PER; ATTR; REB; SE,
1909,SPEAKER_33,of five young black and Latino boys who were innocent the Central Park five.,S,,PER; RB,,S,,PER; RB,,S,,PER; RB,
1910,SPEAKER_33,took out a full page ad calling for their execution.,S; CH,,PER; ATTR,,S; CH,,PER; ATTR,,S; CH,,PER; ATTR,
1911,SPEAKER_33,This is the same individual who spread birther lies about the first black president of the United States.,S; CH,,PER; ATTR; RB,,S; CH,,PER; ATTR; RB,,S; CH,,PER; ATTR; RB,
1912,SPEAKER_33,And I think the American people,S,,IP,,S,,IP,,S,,IP,
1913,SPEAKER_33,want better than that.,S,,AE,,S,,AE,,S,,AE,
1914,SPEAKER_33,Want better than this.,S,,AE,,S,,AE,,S,,AE,
1915,SPEAKER_33,"Want someone who understands as I do, I travel our country.",S,,UF,,S,,UF,,S,,UF,
1916,SPEAKER_33,We see in each other a friend.,S,,UF,,S,,UF,,S,,UF,
1917,SPEAKER_33,We see in each other a neighbor.,S,,UF,,S,,UF,,S,,UF,
1918,SPEAKER_33,We don't want a leader who is constantly trying to have Americans point their fingers at each other.,S; CH,,AE; PER; REB,,S; CH,,AE; PER; REB,,S; CH,,AE; PER; REB,
1919,SPEAKER_33,"I meet with people all the time who tell me,",S,,AE,,S,,AE,,S,,AE,
1920,SPEAKER_33,can we please just have discourse about how we're going to invest in the aspirations and the ambitions and the dreams of the American people?,Q-W,,AE,,Q-W,,AE,,Q-W,,AE,
1921,SPEAKER_33,"Knowing that regardless of people's color or the language their grandmother speaks, we all have the same dreams and aspirations and want a president who invests in those, not in hate and division.",S,,AE; UF; RB,,S,,AE; UF; RB,,S,,AE; UF; RB,
1922,SPEAKER_08,"Vice President Harris, thank you.",THK,,,,THK,,,,THK,,,
1923,SPEAKER_03,"Lindsey? President Trump, this is now your third time.",S; TG,,,,S; TG,,,,S; TG,,,
1924,SPEAKER_32,This is the most divisive presidency,S,,PER; ATTR; CB,,S,,PER; ATTR; CB,,S,,PER; ATTR; CB,
1925,SPEAKER_32,in the history of our country.,S,,,,S,,,,S,,,
1926,SPEAKER_32,There's never been anything like it.,S,,CB,,S,,CB,,S,,CB,
1927,SPEAKER_32,They're destroying our country.,S,,AF; PER; ATTR,,S,,AF; PER; ATTR,,S,,AF; PER; ATTR,
1928,SPEAKER_32,And they come up with things like,S,,PER,,S,,PER,,S,,PER,
1929,SPEAKER_32,what she just said.,S,,,,S,,,,S,,,
1930,SPEAKER_32,"Going back many, many years, when a lot of people, including Mayor Bloomberg, agreed with me on the Central Park Five, they admitted, they said, they pled guilty.",S; HS,,SE,,S; HS,,SE,,S; HS,,SE,
1931,SPEAKER_32,"And I said, well, if they played guilty, they'd badly hurt a person, killed a person ultimately.",S,,,,S,,,,S,,,
1932,SPEAKER_32,"And if they played guilty, then they played, we're not guilty.",S,,,,S,,,,S,,,
1933,SPEAKER_32,"But this is a person that has to stretch back years, years ago, because there's nothing now.",S,,DF; IA,,S,,DF; IA,,S,,DF; IA,
1934,SPEAKER_32,I built one of the greatest economies in the history of the world.,S,,IT,,S,,IT,,S,,IT,
1935,SPEAKER_32,And I'm going to build it again.,S,,IT,,S,,IT,,S,,IT,
1936,SPEAKER_32,"It's going to be bigger, better, and stronger.",S,,IT,,S,,IT,,S,,IT,
1937,SPEAKER_32,But they're destroying our economy.,S,,AF; PB; ATTR,,S,,AF; PB; ATTR,,S,,AF; PB; ATTR,
1938,SPEAKER_32,They have no idea what a good economy is.,S,,PB; ATTR,,S,,PB; ATTR,,S,,PB; ATTR,
1939,SPEAKER_32,They're oil policies.,S,,,,S,,,,S,,,
1940,SPEAKER_32,Every single policy.,S,,,,S,,,,S,,,
1941,SPEAKER_32,"And remember this,",IAFA; MS,,,,IAFA; MS,,,,IAFA; MS,,,
1942,SPEAKER_32,she is Biden.,S,,ATTR; REB; CB,,S,,ATTR; REB; CB,,S,,ATTR; REB; CB,
1943,SPEAKER_32,"You know, she's trying to get away from Biden.",S,,PER; ATTR; REB,,S,,PER; ATTR; REB,,S,,PER; ATTR; REB,
1944,SPEAKER_32,I don't know the gentleman.,S,,PER,,S,,PER,,S,,PER,
1945,SPEAKER_32,"She says, she is Biden.",S,,ATTR,,S,,ATTR,,S,,ATTR,
1946,SPEAKER_32,"The worst inflation we've ever had, a horrible economy because inflation has made it so bad that she can't get away with that.",S-Inform,,AF; ATTR; SE,,S-Inform,,AF; ATTR; SE,,S-Inform,,AF; ATTR; SE,
1947,SPEAKER_32,Thank you.,THK,,,,THK,,,,THK,,,
1948,SPEAKER_33,Time's up.,S,,,,S,,,,S,,,
1949,SPEAKER_33,"I want to respond to that, though.",TT,,,,TT,,,,TT,,,
1950,SPEAKER_33,I want to just respond briefly.,TT,,,,TT,,,,TT,,,
1951,SPEAKER_33,"Clearly, I am not Joe Biden, and I am certainly not Donald Trump.",S,,IP; REB,,S,,IP; REB,,S,,IP; REB,
1952,SPEAKER_33,"And what I do offer is a new generation of leadership for our country, one who believes in what is possible, one who brings a sense of optimism about what we can do instead of always disparaging the American people.",S; IAFA-OF,,AP; IP; REB,,S; IAFA-OF,,AP; IP; REB,,S; IAFA-OF,,AP; IP; REB,
1953,SPEAKER_33,I believe in what we can do to,S,,IP,,S,,IP,,S,,IP,
1954,SPEAKER_33,"to strengthen our small businesses, which is why I have a plan.",S; INT,,IT,,S; INT,,IT,,S; INT,,IT,
1955,SPEAKER_33,Let's talk about our plans and,TT; MS,,,,TT; MS,,,,TT; MS,,,
1956,SPEAKER_33,let's compare the plans.,IAFA,,,,IAFA,,,,IAFA,,,
1957,SPEAKER_33,I have a plan to give startup businesses tax deduction.,S; S-Inform,,IT; IP,,S; S-Inform,,IT; IP,,S; S-Inform,,IT; IP,
1958,SPEAKER_33,"to pursue their ambitions, their innovation, their ideas, their hard work.",S,,IT,,S,,IT,,S,,IT,
1959,SPEAKER_33,"I have a plan,",S,,IT,,S,,IT,,S,,IT,
1960,SPEAKER_33,for young families for the first year of your child's life to help you in that most critical stage of your child's development.,S,,AE; IT,,S,,AE; IT,,S,,AE; IT,
1961,SPEAKER_33,I have a plan.,S,,IT,,S,,IT,,S,,IT,
1962,SPEAKER_33,that is about allowing people to be able to pursue what has been fleeting in terms of the American dream by offering a help with down payment of,S,,AP; IT,,S,,AP; IT,,S,,AP; IT,
1963,SPEAKER_33,down payment assistance for first time home buyers.,S-Inform,,IT,,S-Inform,,IT,,S-Inform,,IT,
1964,SPEAKER_33,"That's the kind of conversation I believe, David, that people really want tonight as opposed to a conversation that is constantly about belittling and name calling.",S; CH,,PER; IP; REB,,S; CH,,PER; IP; REB,,S; CH,,PER; IP; REB,
1965,SPEAKER_33,Let's turn the page.,IAFA,,UF,,IAFA,,UF,,IAFA,,UF,
1966,SPEAKER_33,Vice President Harris.,TG,,,,TG,,,,TG,,,
1967,SPEAKER_33,Thank you.,THK,,,,THK,,,,THK,,,
1968,SPEAKER_33,Let's turn to policy.,IAFA; MS,,,,IAFA; MS,,,,IAFA; MS,,,
1969,SPEAKER_33,Let's turn to policy.,IAFA; MS,,,,IAFA; MS,,,,IAFA; MS,,,
1970,SPEAKER_33,President Trump.,TG,,,,TG,,,,TG,,,
1971,SPEAKER_32,"Let's turn to policy, please.",IAFA; MS,,,,IAFA; MS,,,,IAFA; MS,,,
1972,SPEAKER_32,She has a plan to defund the police.,S; CH,,PB; ATTR; REB,,S; CH,,PB; ATTR; REB,,S; CH,,PB; ATTR; REB,
1973,SPEAKER_32,She has a plan to confiscate everybody's gun.,S; CH,,AF; ATTR; REB,,S; CH,,AF; ATTR; REB,,S; CH,,AF; ATTR; REB,
1974,SPEAKER_32,She has a plan to not allow fracking in Pennsylvania or anywhere else.,S; CH,,ATTR; REB,,S; CH,,ATTR; REB,,S; CH,,ATTR; REB,
1975,SPEAKER_32,That's what her plan is until just recently.,S,,REB; SE,,S,,REB; SE,,S,,REB; SE,
1976,SPEAKER_33,President Trump has said something twice that I need to respond to.,S; TT,,REB,,S; TT,,REB,,S; TT,,REB,
1977,SPEAKER_33,I just need to respond one time to what he has said multiple times.,S; TT,,REB,,S; TT,,REB,,S; TT,,REB,
1978,SPEAKER_03,This is now your third time running for president.,S; HS,,REB,,S; HS,,REB,,S; HS,,REB,
1979,SPEAKER_03,"You have long vowed to repeal and replace the Affordable Care Act, also known as Obamacare.",S,,,,S,,,,S,,,
1980,SPEAKER_03,You have failed to accomplish that.,S; CH,,ATTR,,S; CH,,ATTR,,S; CH,,ATTR,
1981,SPEAKER_03,"You now say you're going to keep Obamacare, quote, unless we can do something much better.",S,,,,S,,,,S,,,
1982,SPEAKER_03,"Last month you said, quote, we're working on it.",S-Inform; HS,,,,S-Inform; HS,,,,S-Inform; HS,,,
1983,SPEAKER_03,"So tonight, nine years after you first started running, do you have a plan and can you tell us what it is?",Q-W; YNQ,,BQ,,Q-W; YNQ,,BQ,,Q-W; YNQ,,BQ,
1984,SPEAKER_32,Obamacare was lousy health care.,S,,CB,,S,,CB,,S,,CB,
1985,SPEAKER_32,Always was.,S,,CB,,S,,CB,,S,,CB,
1986,SPEAKER_32,It's not very good today.,S,,,,S,,,,S,,,
1987,SPEAKER_32,"And what I said that if we come up with something and we are working on things, we're going to do it and we're going to replace it.",S,,DF; IA,,S,,DF; IA,,S,,DF; IA,
1988,SPEAKER_32,But remember this.,IAFA; TT,,,,IAFA; TT,,,,IAFA; TT,,,
1989,SPEAKER_32,I inherited Obamacare because Democrats wouldn't change it.,S,,ATTR,,S,,ATTR,,S,,ATTR,
1990,SPEAKER_32,They wouldn't vote for it.,S,,ATTR,,S,,ATTR,,S,,ATTR,
1991,SPEAKER_32,They were unanimous.,S,,,,S,,,,S,,,
1992,SPEAKER_32,They wouldn't vote to change it.,S,,ATTR,,S,,ATTR,,S,,ATTR,
1993,SPEAKER_32,"If they would have done that, we would have had a much better plan than Obamacare.",S,,CB,,S,,CB,,S,,CB,
1994,SPEAKER_32,But the Democrats came up.,S,,,,S,,,,S,,,
1995,SPEAKER_32,They wouldn't vote for it.,S,,ATTR,,S,,ATTR,,S,,ATTR,
1996,SPEAKER_32,I had a choice to make when I was president.,S; HS,,IT,,S; HS,,IT,,S; HS,,IT,
1997,SPEAKER_32,Do I save it and make it as good as it can be?,Q-RHET,,IT,,Q-RHET,,IT,,Q-RHET,,IT,
1998,SPEAKER_32,Never going to be great.,S,,CBias,,S,,CBias,,S,,CBias,
1999,SPEAKER_32,Or do I let it rot?,YNQ; Q-RHET,,,,YNQ; Q-RHET,,,,YNQ; Q-RHET,,,
2000,SPEAKER_32,"And I felt I had an obligation, even though politically it would have been good to just let it rot and let it go away.",S,,IT; IP,,S,,IT; IP,,S,,IT; IP,
2001,SPEAKER_32,"I decided, and I told my people, the top people, and they're very good people.",S,,IP,,S,,IP,,S,,IP,
2002,SPEAKER_32,I have a lot of good people in this administration.,S,,IT,,S,,IT,,S,,IT,
2003,SPEAKER_32,We read about the bad ones.,S,,,,S,,,,S,,,
2004,SPEAKER_32,"We had some real bad ones, too.",S,,,,S,,,,S,,,
2005,SPEAKER_32,And so do they.,S,,PB,,S,,PB,,S,,PB,
2006,SPEAKER_32,They have really bad ones.,S,,PB,,S,,PB,,S,,PB,
2007,SPEAKER_32,The difference is they don't get rid of them.,S,,PB; REB,,S,,PB; REB,,S,,PB; REB,
2008,SPEAKER_32,But let me just explain.,EXPL; TT,,,,EXPL; TT,,,,EXPL; TT,,,
2009,SPEAKER_32,I had a choice to make.,S,,,,S,,,,S,,,
2010,SPEAKER_32,Do I save it and make it as good as it can be?,YNQ; Q-RHET,,CB,,YNQ; Q-RHET,,CB,,YNQ; Q-RHET,,CB,
2011,SPEAKER_32,Or do I let it rot?,YNQ; Q-RHET,,CB,,YNQ; Q-RHET,,CB,,YNQ; Q-RHET,,CB,
2012,SPEAKER_32,And I saved it.,S,,IT,,S,,IT,,S,,IT,
2013,SPEAKER_32,I did the right thing.,S,,IT,,S,,IT,,S,,IT,
2014,SPEAKER_32,"But it's still never going to be great, and it's too expensive for people.",S,,,,S,,,,S,,,
2015,SPEAKER_32,And what we will do is we're looking at different plans.,S,,IA,,S,,IA,,S,,IA,
2016,SPEAKER_32,"If we can come up with a plan that's going to cost our people, our population less money, and be better health care than Obamacare, then I would absolutely do it.",S,,IP; IA,,S,,IP; IA,,S,,IP; IA,
2017,SPEAKER_32,"But until then, I'd run it as good as it can be run.",S,,IA,,S,,IA,,S,,IA,
2018,SPEAKER_03,"So, just to yes or no, you still do not have a plan?",YNQ,,CB,,YNQ,,CB,,YNQ,,CB,
2019,SPEAKER_32,I have concepts of a plan.,S,,DF; IA,,S,,DF; IA,,S,,DF; IA,
2020,SPEAKER_32,I'm not president right now.,S,,DF,,S,,DF,,S,,DF,
2021,SPEAKER_32,But if,S,,,,S,,,,S,,,
2022,SPEAKER_32,We come up with something.,S,,,,S,,,,S,,,
2023,SPEAKER_32,I would only change it if we come up with something that's better and less expensive.,S,,IP,,S,,IP,,S,,IP,
2024,SPEAKER_32,And there are concepts and options we have to do that.,S,,IA,,S,,IA,,S,,IA,
2025,SPEAKER_32,And you'll be hearing about it in the not too distant future.,S,,DF; IA,,S,,DF; IA,,S,,DF; IA,
2026,SPEAKER_03,"Vice President Harris, in you supported Bernie Sanders' proposal to do away with private insurance and create a government-run healthcare system.",S-Inform; HS,,,,S-Inform; HS,,,,S-Inform; HS,,,
2027,SPEAKER_03,"Two years later, you proposed a plan that included a private insurance option.",S-Inform; HS,,,,S-Inform; HS,,,,S-Inform; HS,,,
2028,SPEAKER_03,What is your plan today?,Q-W; TG,,,,Q-W; TG,,,,Q-W; TG,,,
2029,SPEAKER_33,"Well, first of all, I absolutely support, and over the last four years as vice president, private health care options.",S; IAFA-OF,,IT; IP,,S; IAFA-OF,,IT; IP,,S; IAFA-OF,,IT; IP,
2030,SPEAKER_33,But what we need to do is maintain and grow the affordable care.,S,,IP,,S,,IP,,S,,IP,
2031,SPEAKER_33,"But I'll get to that, Lindsay.",MS,,,,MS,,,,MS,,,
2032,SPEAKER_33,I just need to respond to a previous point that the former president has made.,TT; MS,,REB,,TT; MS,,REB,,TT; MS,,REB,
2033,SPEAKER_33,I've made very clear my position on fracking.,S,,IP,,S,,IP,,S,,IP,
2034,SPEAKER_33,"And then this business about taking everyone's guns away, Tim Walls and I are both gun owners.",S; CH,,REB,,S; CH,,REB,,S; CH,,REB,
2035,SPEAKER_33,We're not taking anybody's guns away.,S; REJ,,REB,,S; REJ,,REB,,S; REJ,,REB,
2036,SPEAKER_33,So stop with the continuous lying about this stuff.,IAFA; CH,,PER; ATTR; REB,,IAFA; CH,,PER; ATTR; REB,,IAFA; CH,,PER; ATTR; REB,
2037,SPEAKER_33,"As it relates to the Affordable Care Act, understand, just look at the history to know where people stand.",IAFA,,REB,,IAFA,,REB,,IAFA,,REB,
2038,SPEAKER_33,"When Donald Trump was president,",S; HS,,ATTR,,S; HS,,ATTR,,S; HS,,ATTR,
2039,SPEAKER_33,"times he tried to get rid of the Affordable Care Act, times.",S,,ATTR,,S,,ATTR,,S,,ATTR,
2040,SPEAKER_33,"I was a senator at the time when I will never forget the early morning hours when it was up for a vote in the United States Senate and the late great John McCain, who you have disparaged",S; CH; HS,,PER; ATTR; REB,,S; CH; HS,,PER; ATTR; REB,,S; CH; HS,,PER; ATTR; REB,
2041,SPEAKER_33,"As being,",S,,,,S,,,,S,,,
2042,SPEAKER_33,"you don't like him, you said, at the time, because he got caught.",S; CH,,PER; ATTR; REB,,S; CH,,PER; ATTR; REB,,S; CH,,PER; ATTR; REB,
2043,SPEAKER_33,He was an American hero.,S,,AE,,S,,AE,,S,,AE,
2044,SPEAKER_33,"The late great John McCain, I will never forget that night, walked onto the Senate floor and said, no you don't.",S; HS,,AE,,S; HS,,AE,,S; HS,,AE,
2045,SPEAKER_33,No you don't.,S; REJ,,,,S; REJ,,,,S; REJ,,,
2046,SPEAKER_33,No you don't get rid of the Affordable Care Act.,S; REJ,,REB,,S; REJ,,REB,,S; REJ,,REB,
2047,SPEAKER_33,You have no plan.,S; CH,,PER; ATTR; REB,,S; CH,,PER; ATTR; REB,,S; CH,,PER; ATTR; REB,
2048,SPEAKER_33,And what the Affordable Care Act has done is eliminate the ability of insurance companies to deny people with preexisting conditions.,S-Inform,,IT,,S-Inform,,IT,,S-Inform,,IT,
2049,SPEAKER_33,"I don't have to tell the people watching tonight, you remember what that was like?",Q-RHET; HS,,AE,,Q-RHET; HS,,AE,,Q-RHET; HS,,AE,
2050,SPEAKER_33,Remember when an insurance company could deny,Q-RHET,,AE,,Q-RHET,,AE,,Q-RHET,,AE,
2051,SPEAKER_33,"if a child had asthma, if someone was a breast cancer survivor, if a grandparent had diabetes?",Q-RHET,,AF; AE,,Q-RHET,,AF; AE,,Q-RHET,,AF; AE,
2052,SPEAKER_33,"And thankfully, as I've been Vice President and we over the last four years have strengthened the Affordable Care Act, we have allowed for the first time Medicare to negotiate drug prices on behalf of you, the American people.",S-Inform; IAFA,,IT,,S-Inform; IAFA,,IT,,S-Inform; IAFA,,IT,
2053,SPEAKER_33,Donald Trump said he was going to allow Medicare to negotiate drug prices.,S; HS,,ATTR,,S; HS,,ATTR,,S; HS,,ATTR,
2054,SPEAKER_33,drug prices?,R-REQ,,,,R-REQ,,,,R-REQ,,,
2055,SPEAKER_33,He never did.,S; CH,,ATTR; REB,,S; CH,,ATTR; REB,,S; CH,,ATTR; REB,
2056,SPEAKER_33,We did.,S,,IT,,S,,IT,,S,,IT,
2057,SPEAKER_33,And now we have capped the cost of insulin at a month.,S-Inform,,IT,,S-Inform,,IT,,S-Inform,,IT,
2058,SPEAKER_33,"Since I've been vice president, we have capped the cost of prescription medication for seniors at a year.",S-Inform; HS,,IT,,S-Inform; HS,,IT,,S-Inform; HS,,IT,
2059,SPEAKER_33,"And when I am president, we will do that for all people understanding that the value I bring to this is that access to health care should be a right, and not just a privilege of those who can afford it.",S; IAFA-OF,,AE; IP,,S; IAFA-OF,,AE; IP,,S; IAFA-OF,,AE; IP,
2060,SPEAKER_33,"And the plan has to be to strengthen the Affordable Care Act, not get rid of it fast as pro-lock in terms of where Donald Trump stands on that.",S; REJ,,ATTR; REB,,S; REJ,,ATTR; REB,,S; REJ,,ATTR; REB,
2061,SPEAKER_03,I want to move to an issue that's important for a lot of us.,S; MS,,,,S; MS,,,,S; MS,,,
2062,SPEAKER_32,"If you made a mistake, at number one, John McCain fought Obamacare for years.",S; HS,,ATTR,,S; HS,,ATTR,,S; HS,,ATTR,
2063,SPEAKER_32,But it wasn't only him.,S,,,,S,,,,S,,,
2064,SPEAKER_32,It were all of the Democrats that kept it going.,S,,PB; ATTR,,S,,PB; ATTR,,S,,PB; ATTR,
2065,SPEAKER_32,And you know what?,Q-RHET; TT,,,,Q-RHET; TT,,,,Q-RHET; TT,,,
2066,SPEAKER_32,"We can do much better than Obamacare, much less money.",S,,CB,,S,,CB,,S,,CB,
2067,SPEAKER_32,"But she won't improve private insurance for people, private medical insurance.",S,,ATTR; REB,,S,,ATTR; REB,,S,,ATTR; REB,
2068,SPEAKER_32,That's another thing she doesn't want to give people a paying privately for insurance that have worked hard and made money and they want to have private.,S,,PER; ATTR,,S,,PER; ATTR,,S,,PER; ATTR,
2069,SPEAKER_32,She wants everybody to be on government insurance where you wait Six months for an operation that you need immediately.,S,,ATTR; REB; CB,,S,,ATTR; REB; CB,,S,,ATTR; REB; CB,
2070,SPEAKER_03,"President Trump, thank you.",THK,,,,THK,,,,THK,,,
2071,SPEAKER_03,"We have another issue that we'd like to get to that's important for a number of Americans, in particular younger voters, and that's climate change.",S; MS,,,,S; MS,,,,S; MS,,,
2072,SPEAKER_03,"President Trump, with regard to the environment, you say that we have to have clean air and clean water.",S,,,,S,,,,S,,,
2073,SPEAKER_03,"Vice President Harris, you call climate change an existential threat.",S,,,,S,,,,S,,,
2074,SPEAKER_03,The question to you both tonight is what would you do to fight climate change?,Q-W; OQ; TG,,,,Q-W; OQ; TG,,,,Q-W; OQ; TG,,,
2075,SPEAKER_03,"And Vice President Harris, we'll start with you, one minute for you each.",MS,,,,MS,,,,MS,,,
2076,SPEAKER_33,"Well, the former president had said the climate change is a hoax.",S; CH,,ATTR; REB,,S; CH,,ATTR; REB,,S; CH,,ATTR; REB,
2077,SPEAKER_33,And what we know is that it is very real.,S; REJ,,REB,,S; REJ,,REB,,S; REJ,,REB,
2078,SPEAKER_33,"You ask anyone who lives in a state who has experienced these extreme weather occurrences, who now is either being denied home insurance or it's being jacked up.",S; IAFA,,AE; SE,,S; IAFA,,AE; SE,,S; IAFA,,AE; SE,
2079,SPEAKER_33,"You ask anybody who has been the victim of what that means in terms of losing their home, having nowhere to go.",S; IAFA,,AE,,S; IAFA,,AE,,S; IAFA,,AE,
2080,SPEAKER_33,We know that we can actually deal with this issue.,S,,IP,,S,,IP,,S,,IP,
2081,SPEAKER_33,The young people of America care deeply about this issue.,S,,AE,,S,,AE,,S,,AE,
2082,SPEAKER_33,"And I am proud that as Vice President over the last four years, we have invested a trillion dollars in a clean energy economy, while we have also.",S-Inform,,AP; IT,,S-Inform,,AP; IT,,S-Inform,,AP; IT,
2083,SPEAKER_33,increased domestic gas production to historic levels.,S-Inform,,IT,,S-Inform,,IT,,S-Inform,,IT,
2084,SPEAKER_33,We have created over new manufacturing jobs while I have been vice president.,S-Inform,,IT,,S-Inform,,IT,,S-Inform,,IT,
2085,SPEAKER_33,We have invested in clean energy to the point that we are opening up factories around the world.,S,,IT,,S,,IT,,S,,IT,
2086,SPEAKER_33,Donald Trump said he was going to create manufacturing jobs.,S,,ATTR,,S,,ATTR,,S,,ATTR,
2087,SPEAKER_33,He lost manufacturing jobs.,S,,ATTR; REB,,S,,ATTR; REB,,S,,ATTR; REB,
2088,SPEAKER_33,"And I'm also proud to have the endorsement of the United Auto Workers and Sean Fane, who also know that part of building a clean energy economy includes investing in American-made products, American automobiles.",S,,AP; IT,,S,,AP; IT,,S,,AP; IT,
2089,SPEAKER_33,"It includes growing what we can do around American manufacturing and opening up auto plants, not closing them like happened under Donald Trump.",S; CH,,ATTR; REB,,S; CH,,ATTR; REB,,S; CH,,ATTR; REB,
2090,SPEAKER_33,"Vice President Harris, thank you.",THK; TG,,,,THK; TG,,,,THK; TG,,,
2091,SPEAKER_32,That didn't happen under Donald Trump.,S; CH,,REB,,S; CH,,REB,,S; CH,,REB,
2092,SPEAKER_32,"Let me just tell you, they lost manufacturing jobs this last month.",S-Inform; TT,,ATTR; SE,,S-Inform; TT,,ATTR; SE,,S-Inform; TT,,ATTR; SE,
2093,SPEAKER_32,"It's going, they're all leaving.",S,,AF,,S,,AF,,S,,AF,
2094,SPEAKER_32,"They're building big auto plants in Mexico, in many cases owned by China.",S,,AF; CBias,,S,,AF; CBias,,S,,AF; CBias,
2095,SPEAKER_32,"They're building these massive plants, and they think they're going to sell their cars into the United States because of these people.",S,,AF,,S,,AF,,S,,AF,
2096,SPEAKER_32,"What they have given to China is unbelievable, but we're not going to let that.",S,,AF; ATTR,,S,,AF; ATTR,,S,,AF; ATTR,
2097,SPEAKER_32,"We'll put tariffs on those cars so they can't come into our country because they will kill The United Auto Workers and any auto worker, whether it's in Detroit or South Carolina or any other place, what they've done to business and manufacturing in this country is horrible.",S,,AF; IT; ATTR,,S,,AF; IT; ATTR,,S,,AF; IT; ATTR,
2098,SPEAKER_32,"We have nothing because they refuse, you know?",S,,ATTR,,S,,ATTR,,S,,ATTR,
2099,SPEAKER_32,Biden doesn't go after people because supposedly China paid a millions of dollars.,S,,PER; ATTR,,S,,PER; ATTR,,S,,PER; ATTR,
2100,SPEAKER_32,He's afraid to do it between him and his son.,S,,PER,,S,,PER,,S,,PER,
2101,SPEAKER_32,They get all this money from Ukraine.,S,,ATTR; SE,,S,,ATTR; SE,,S,,ATTR; SE,
2102,SPEAKER_32,They get all this money from all of these different countries.,S,,ATTR; SE,,S,,ATTR; SE,,S,,ATTR; SE,
2103,SPEAKER_32,"And then you wonder, why is he so loyal to this one, that one Ukraine, China?",Q-W; Q-RHET,,PER; BQ; AEX,,Q-W; Q-RHET,,PER; BQ; AEX,,Q-W; Q-RHET,,PER; BQ; AEX,
2104,SPEAKER_32,Why is he?,Q-W; Q-RHET,,PER,,Q-W; Q-RHET,,PER,,Q-W; Q-RHET,,PER,
2105,SPEAKER_32,Why did he get three and a half million dollars from the mayor of Moscow's wife?,Q-W,,PER; BQ; SE,,Q-W,,PER; BQ; SE,,Q-W,,PER; BQ; SE,
2106,SPEAKER_32,Why did he get?,Q-W,,PER,,Q-W,,PER,,Q-W,,PER,
2107,SPEAKER_32,Why did she pay him three and a half million dollars?,Q-W,,PER; BQ,,Q-W,,PER; BQ,,Q-W,,PER; BQ,
2108,SPEAKER_32,This is a crooked administration and they're selling our country down the tubes.,S; CH,,AF; PER; ATTR,,S; CH,,AF; PER; ATTR,,S; CH,,AF; PER; ATTR,
2109,SPEAKER_32,"President Trump, thank you.",THK,,,,THK,,,,THK,,,
2110,SPEAKER_32,Thank you.,THK,,,,THK,,,,THK,,,
2111,SPEAKER_08,We'll be right back with closing statements from both of our candidates in historic night this ABC News presidential debate from Philadelphia.,S,,,,S,,,,S,,,
2112,SPEAKER_08,Back in a moment.,S,,,,S,,,,S,,,
2113,SPEAKER_13,The ABC News presidential debate will continue after this.,S,,,,S,,,,S,,,
2114,SPEAKER_01,The House will be in order.,S,,,,S,,,,S,,,
2115,SPEAKER_04,"This year, C-SPAN celebrates years of covering Congress like no other.",S; HS,,,,S; HS,,,,S; HS,,,
2116,SPEAKER_04,"Since we've been your primary source for Capitol Hill, providing balanced, unfiltered coverage of government, taking you to where the policies debated and decided, all with the support of America's cable companies.",S,,,,S,,,,S,,,
2117,SPEAKER_04,"C-SPAN, years and counting, powered by cable.",S,,,,S,,,,S,,,
2118,SPEAKER_04,Friday nights.,S,,,,S,,,,S,,,
2119,SPEAKER_04,"Watch C-SPAN's campaign trail, a weekly roundup of C-SPAN's campaign coverage, providing a one-stop shop to discover what the candidates across the country are saying to voters, along with firsthand accounts from political reporters, updated poll numbers, fundraising data, and campaign ads.",IAFA,,,,IAFA,,,,IAFA,,,
2120,SPEAKER_04,"Watch C-SPAN's campaign trail, Friday nights.",IAFA,,,,IAFA,,,,IAFA,,,
2121,SPEAKER_04,at p.m.,S,,,,S,,,,S,,,
2122,SPEAKER_04,Eastern on C-SPAN online at C-SPAN.org or download as a podcast on C-SPAN Now our free mobile app or wherever you get your podcasts.,S,,,,S,,,,S,,,
2123,SPEAKER_04,"C-SPAN, your unfiltered view of politics.",S,,,,S,,,,S,,,
2124,SPEAKER_11,"As the presidential campaign continues, American History TV presents a new nine-part series, Historic Presidential Elections.",S; HS,,,,S; HS,,,,S; HS,,,
2125,SPEAKER_11,Learn about the pivotal issues of different eras.,IAFA,,,,IAFA,,,,IAFA,,,
2126,SPEAKER_11,"Uncover what made these elections historic, and explore their lasting impact on the nation.",IAFA,,,,IAFA,,,,IAFA,,,
2127,SPEAKER_11,"This Saturday, at p.m.",S; HS,,,,S; HS,,,,S; HS,,,
2128,SPEAKER_11,"Eastern, a look at the election of",S; HS,,,,S; HS,,,,S; HS,,,
2129,SPEAKER_11,"Abraham Lincoln defeated several other candidates, including Senator Stephen Douglas, to become the first Republican elected president.",S-Inform; HS,,,,S-Inform; HS,,,,S-Inform; HS,,,
2130,SPEAKER_11,Before he took office in March of,S; HS,,,,S; HS,,,,S; HS,,,
2131,SPEAKER_11,Several states in the southern U.S.,S,,,,S,,,,S,,,
2132,SPEAKER_11,pulled out of the union leading to the Civil War.,S; HS,,,,S; HS,,,,S; HS,,,
2133,SPEAKER_11,Watch historic presidential elections Saturdays at p.m.,IAFA,,,,IAFA,,,,IAFA,,,
2134,SPEAKER_11,Eastern on American History TV on C-SPAN,S,,,,S,,,,S,,,
2135,SPEAKER_11,"Start your day with Washington Journal, your window into the nation's capital, the only daily nationally televised forum for discussing the latest issues in Washington and across the country.",S; IAFA,,,,S; IAFA,,,,S; IAFA,,,
2136,SPEAKER_16,What I love about your show is that it gives the people an opportunity to speak for themselves on the issues that they actually care about.,S,,,,S,,,,S,,,
2137,SPEAKER_11,Join us for a live three-hour conversation with a variety of congressional members and Washington influencers.,IAFA; IAFA-OF,,,,IAFA; IAFA-OF,,,,IAFA; IAFA-OF,,,
2138,SPEAKER_10,I love this show.,S,,,,S,,,,S,,,
2139,SPEAKER_10,This is my favorite show to do of all shows because I actually get to hear what the American people care about.,S,,,,S,,,,S,,,
2140,SPEAKER_11,You can watch Washington Journal live every morning at Eastern on C-SPAN.,S-Inform,,,,S-Inform,,,,S-Inform,,,
2141,SPEAKER_11,C-SPAN now or online at c-span.org.,S,,,,S,,,,S,,,
2142,SPEAKER_11,Listening to programs on C-SPAN through C-SPAN radio is easy.,S,,,,S,,,,S,,,
2143,SPEAKER_11,"Tell your smart speaker, play C-SPAN radio and listen to Washington Journal daily at a.m.",IAFA,,,,IAFA,,,,IAFA,,,
2144,SPEAKER_11,Eastern. Important public affairs events throughout the day.,S,,,,S,,,,S,,,
2145,SPEAKER_11,And weekdays catch Washington today.,IAFA,,,,IAFA,,,,IAFA,,,
2146,SPEAKER_11,Listen to C-SPAN anytime.,IAFA,,,,IAFA,,,,IAFA,,,
2147,SPEAKER_11,"Just tell your smart speaker, play C-SPAN radio, C-SPAN powered by cable.",IAFA,,,,IAFA,,,,IAFA,,,
2148,SPEAKER_11,"C-SPAN now is a free mobile app featuring your unfiltered view of what's happening in Washington, live and on demand.",S,,,,S,,,,S,,,
2149,SPEAKER_11,Keep up with the day's biggest events with live streams of floor proceedings and hearings from the U.S.,S,,,,S,,,,S,,,
2150,SPEAKER_11,"Congress, White House events, the courts, campaigns, and more from the world of politics, all at your fingertips.",S,,,,S,,,,S,,,
2151,SPEAKER_11,"You can also stay current with the latest episodes of Washington Journal and find scheduling information for C-SPAN's TV networks and C-SPAN radio, plus a variety of compelling podcasts.",S,,,,S,,,,S,,,
2152,SPEAKER_11,C-SPAN NOW is available at the Apple Store and Google Play.,S-Inform,,,,S-Inform,,,,S-Inform,,,
2153,SPEAKER_11,"Scan the QR code to download it for free today, or visit our website, cspan.org slash cspan now.",IAFA,,,,IAFA,,,,IAFA,,,
2154,SPEAKER_11,"C-SPAN NOW, your front row seat to Washington, anytime, anywhere.",S,,,,S,,,,S,,,
2155,SPEAKER_04,And now back to the National Constitution Center in Philadelphia for our live simulcast of the ABC News presidential debate.,MS,,,,MS,,,,MS,,,
2156,SPEAKER_04,A reminder will open the phone lines as the debate ends to get your reaction.,S,,,,S,,,,S,,,
2157,SPEAKER_08,Welcome back tonight.,GR,,,,GR,,,,GR,,,
2158,SPEAKER_08,The time has come for closing statements.,S; MS,,,,S; MS,,,,S; MS,,,
2159,SPEAKER_08,"And Vice President Harris, we begin with you.",TG,,,,TG,,,,TG,,,
2160,SPEAKER_33,So I think you've heard tonight two very different visions for our country.,S; IAFA,,,,S; IAFA,,,,S; IAFA,,,
2161,SPEAKER_33,One that is focused on the future and the other that is focused on the past and an attempt to take us backward.,S,,REB; CB,,S,,REB; CB,,S,,REB; CB,
2162,SPEAKER_33,but we're not going back.,S,,UF,,S,,UF,,S,,UF,
2163,SPEAKER_33,"And I do believe that the American people know we all have so much more in common than what separates us, and we can chart a new way forward.",S,,UF; IP,,S,,UF; IP,,S,,UF; IP,
2164,SPEAKER_33,"And a vision of that includes having a plan, understanding the aspirations, the dreams, the hopes, the ambition of the American people, which is why I intend to create an opportunity economy, investing in small businesses, in new families, in what we can do around protecting seniors, what we can do that is about giving hardworking folks a break and bringing down the cost of living.",S,,AE; IT; IP,,S,,AE; IT; IP,,S,,AE; IT; IP,
2165,SPEAKER_33,"I believe in what we can do together, that is about sustaining America's standing in the world and ensuring that we have the respect that we so rightly deserve, including respecting our military and ensuring we have the most lethal fighting force in the world.",S,,AP; APAT; UF,,S,,AP; APAT; UF,,S,,AP; APAT; UF,
2166,SPEAKER_33,"I will be a president that will protect our fundamental rights and freedoms, including the right of a woman to make decisions about her own body and not have her government tell her what to do.",S,,AE; IP,,S,,AE; IP,,S,,AE; IP,
2167,SPEAKER_33,"I'll tell you, I started my career as a prosecutor.",S; HS,,IT,,S; HS,,IT,,S; HS,,IT,
2168,SPEAKER_33,"I was a DA, I was an attorney general, a United States Senator, and now vice president.",S-Inform; HS,,IT,,S-Inform; HS,,IT,,S-Inform; HS,,IT,
2169,SPEAKER_33,"I've only had one client, the people.",S,,IP,,S,,IP,,S,,IP,
2170,SPEAKER_33,"And I'll tell you, as a prosecutor, I never asked a victim or a witness, are you a Republican or a Democrat?",S; HS,,UF; IT,,S; HS,,UF; IT,,S; HS,,UF; IT,
2171,SPEAKER_33,"The only thing I ever asked them, are you okay?",S,,AE,,S,,AE,,S,,AE,
2172,SPEAKER_33,And that's the kind of president we need right now.,S,,IP,,S,,IP,,S,,IP,
2173,SPEAKER_33,Someone who cares about you and is not putting themselves first.,S,,AE,,S,,AE,,S,,AE,
2174,SPEAKER_33,"I intend to be a president for all Americans and focus on what we can do over the next and years to build back up our country by investing right now in you, the American people.",S,,AE; UF; IP,,S,,AE; UF; IP,,S,,AE; UF; IP,
2175,SPEAKER_03,"Vice President Harris, thank you.",THK; TG,,,,THK; TG,,,,THK; TG,,,
2176,SPEAKER_03,President Trump?,TG,,,,TG,,,,TG,,,
2177,SPEAKER_32,"So she just started by saying she's going to do this, she's going to do that, she's going to do all these wonderful things.",S; CH,,PER; REB,,S; CH,,PER; REB,,S; CH,,PER; REB,
2178,SPEAKER_32,Why hasn't she done it?,Q-W; Q-RHET,,ATTR; AEX; REB,,Q-W; Q-RHET,,ATTR; AEX; REB,,Q-W; Q-RHET,,ATTR; AEX; REB,
2179,SPEAKER_32,She's been there for three and a half years.,S-Inform,,ATTR,,S-Inform,,ATTR,,S-Inform,,ATTR,
2180,SPEAKER_32,They've had three and a half years to fix the border.,S-Inform; CH,,ATTR; REB,,S-Inform; CH,,ATTR; REB,,S-Inform; CH,,ATTR; REB,
2181,SPEAKER_32,They've had three and a half years to create jobs and all the things we talked about.,S-Inform; CH,,ATTR; REB,,S-Inform; CH,,ATTR; REB,,S-Inform; CH,,ATTR; REB,
2182,SPEAKER_32,Why hasn't she done it?,Q-W; Q-RHET; CH,,ATTR; AEX,,Q-W; Q-RHET; CH,,ATTR; AEX,,Q-W; Q-RHET; CH,,ATTR; AEX,
2183,SPEAKER_32,"She should leave right now, go down to that beautiful White House, go to the Capitol, get everyone together and do the things you want to do, but you haven't done it and you won't do it.",S; CH,,PER; ATTR; REB,,S; CH,,PER; ATTR; REB,,S; CH,,PER; ATTR; REB,
2184,SPEAKER_32,Because you believe in things that the American people don't believe in.,S; EXPL,,PB; ATTR,,S; EXPL,,PB; ATTR,,S; EXPL,,PB; ATTR,
2185,SPEAKER_32,"You believe in things like we're not going to frack, we're not going to take fossil fuel, we're not going to do Things that are going to make this country strong, whether you like it or not.",S,,PB; ATTR; CB,,S,,PB; ATTR; CB,,S,,PB; ATTR; CB,
2186,SPEAKER_32,"Germany tried that, and within one year, they were back to building normal energy plants.",S-Inform; HS,,AF; SE,,S-Inform; HS,,AF; SE,,S-Inform; HS,,AF; SE,
2187,SPEAKER_32,We're not ready for it.,S,,AF,,S,,AF,,S,,AF,
2188,SPEAKER_32,We can't sacrifice our country for the sake of bad vision.,S,,AF; AP; CB,,S,,AF; AP; CB,,S,,AF; AP; CB,
2189,SPEAKER_32,But I just ask one simple question.,TT,,,,TT,,,,TT,,,
2190,SPEAKER_32,Why didn't she do it?,Q-W; Q-RHET; CH,,ATTR; AEX; REB,,Q-W; Q-RHET; CH,,ATTR; AEX; REB,,Q-W; Q-RHET; CH,,ATTR; AEX; REB,
2191,SPEAKER_32,We're a failing nation.,S,,AF,,S,,AF,,S,,AF,
2192,SPEAKER_32,We're a nation that's in serious decline.,S,,AF,,S,,AF,,S,,AF,
2193,SPEAKER_32,We're being left at all over the world.,S,,AF,,S,,AF,,S,,AF,
2194,SPEAKER_32,All over the world they're left.,S,,AF,,S,,AF,,S,,AF,
2195,SPEAKER_32,I know the leaders very well.,S,,IT,,S,,IT,,S,,IT,
2196,SPEAKER_32,They're coming to see me.,S,,IT,,S,,IT,,S,,IT,
2197,SPEAKER_32,They call me.,S,,IT,,S,,IT,,S,,IT,
2198,SPEAKER_32,We're left at all over the world.,S,,AF,,S,,AF,,S,,AF,
2199,SPEAKER_32,They don't understand what happened to us as a nation.,S,,AE; CB,,S,,AE; CB,,S,,AE; CB,
2200,SPEAKER_32,We're not a leader.,S,,CB,,S,,CB,,S,,CB,
2201,SPEAKER_32,We don't have any idea what's going on.,S,,CB,,S,,CB,,S,,CB,
2202,SPEAKER_32,We have wars going on in the Middle East.,S; S-Inform,,AF,,S; S-Inform,,AF,,S; S-Inform,,AF,
2203,SPEAKER_32,We have wars going on with Russia and Ukraine.,S; S-Inform,,AF,,S; S-Inform,,AF,,S; S-Inform,,AF,
2204,SPEAKER_32,"We're going to end up in a third world war, and it'll be a war like no other because of nuclear weapons, the power of weaponry.",S,,AF,,S,,AF,,S,,AF,
2205,SPEAKER_32,I rebuilt our entire military.,S,,IT,,S,,IT,,S,,IT,
2206,SPEAKER_32,She gave a lot of it away to the Taliban.,S; CH,,ATTR; REB,,S; CH,,ATTR; REB,,S; CH,,ATTR; REB,
2207,SPEAKER_32,"She gave it to Afghanistan, what these people have done to our country, and maybe toughest of all is allowing millions of people to come into our country.",S; CH,,AF; ATTR; REB,,S; CH,,AF; ATTR; REB,,S; CH,,AF; ATTR; REB,
2208,SPEAKER_32,"Many of them are criminals, and they're destroying our country, the worst president, the worst vice president in the history of our country.",S; CH,,AF; PB; PER; ATTR,,S; CH,,AF; PB; PER; ATTR,,S; CH,,AF; PB; PER; ATTR,
2209,SPEAKER_03,"President Trump, thank you.",THK,,,,THK,,,,THK,,,
2210,SPEAKER_03,And that is our ABC News presidential debate from here in Philadelphia at the National Constitution Center.,S,,,,S,,,,S,,,
2211,SPEAKER_03,I'm Lindsay Davis.,S,,,,S,,,,S,,,
2212,SPEAKER_08,And I'm David Muir.,S,,,,S,,,,S,,,
2213,SPEAKER_08,Thank you for watching here in the U.S.,THK,,,,THK,,,,THK,,,
2214,SPEAKER_08,and all over the world and from all of us here at ABC News.,THK,,,,THK,,,,THK,,,
2215,SPEAKER_08,Good night.,GR,,,,GR,,,,GR,,,
2216,SPEAKER_02,And that concludes the ABC presidential debate.,S,,,,S,,,,S,,,
2217,SPEAKER_02,C-SPAN's coverage of it continues here tonight with viewer reaction and reaction on the ground from the candidate's supporters.,S,,,,S,,,,S,,,
2218,SPEAKER_02,You can see reporters swarming there in the spin room.,S,,,,S,,,,S,,,
2219,SPEAKER_02,Let's go down into the spin room at the Philadelphia Convention Center and listen in.,IAFA,,,,IAFA,,,,IAFA,,,
2220,SPEAKER_00,"She's moving in the right direction, showing up in the right parts of our state in order to make the case.",S,,IP,,S,,IP,,S,,IP,
