sentence_id,reasoning,damsl_tags,beads_tags,n_damsl_tags,n_beads_tags
1026_t0090_s007,Declarative asserting policies are unaffordable; expresses a stance framing opponent's proposals as fiscally irresponsible.,S,IP; CB,1,2
1027_t0035_s002,States a fact about job growth while implying opponent ignores facts; a rebuttal with factual content.,S-Inform; CH,REB; SE,2,2
1033_t0207_s003,"Cites numbers on wall construction, self-promoting an accomplishment.",S-Inform,IT,1,1
1033_t0321_s001,Answers whether he'd ban fracking (no) and explains reasoning with target year.,S-Inform; ANS; EXPL,IP,3,1
1007_t0205_s012,"Emphatic declarative asserting ability to govern together, unity framing with collective action.",S,UF,1,1
1025_t0121_s014,"States a numeric claim of jobs saved, taking credit.",S-Inform,IT,1,1
1017_t0020_s015,Neutral factual statement referencing a recent NATO meeting and date.,S-Inform; HS,,2,0
1026_t0046_s013,Explains reasoning for an outcome; declarative statement.,S; EXPL,,2,0
1025_t0014_s018,"Assigns blame to the president for Detroit's bankruptcy, an attack framing.",S; CH,ATTR; REB,2,2
1001_t0071_s001,"Admits not having worked out details; a candid statement, non-answer on specifics.",S,IA,1,1
1027_t0279_s002,"Interruption addressed to the moderator, bidding to hold the floor.",TT; INT,,2,0
1015_t0008_s002,Personal stance and self-promotion combined with an appeal to pride in the American people.,S; EXPL,IT; IP,2,2
1023_t0073_s013,Emphatic declarative asserting certainty; no bias.,S,,1,0
1027_t0216_s023,Personal stance declarative expressing support for NATO.,S,IP,1,1
1004_t0102_s017,Plain declarative continuing an assertion; no bias.,S,,1,0
1015_t0118_s004,Factual statement about a program the administration started; takes credit.,S; S-Inform,IT,2,1
1019_t0177_s021,Statement about needing to do better; references fear about safety.,S,AF,1,1
1023_t0008_s002,Characterizes the opponent's view negatively with the loaded 'trickle-down government' label.,S; CH,REB; CB,2,2
1030_t0187_s006,"Cites statistics defending the Clinton Foundation, selectively favorable framing after a challenge.",S; S-Inform,IT; SE,2,2
1014_t0012_s001,Wh-question/open request seeking to know the opponent's position on a bill.,Q-W; OQ,,2,0
1029_t0188_s021,Short factual assertion about a foreign leader being removed from power; possibly implying credit but stated plainly.,S,,1,0
1011_t0097_s020,Declarative statement characterizing differences between positions.,S,,1,0
1004_t0082_s017,"Speaker asserts personal involvement and understanding, self-referential claim of strength.",S,IT,1,1
1017_t0066_s016,"Statement about what the opponent could have done, implying failure and blame.",S,ATTR; REB,1,2
1021_t0055_s004,"Incomplete fragment, no clear discourse content.",S,,1,0
1004_t0070_s003,Declarative opinion/assertion about interest rates.,S,IP,1,1
1019_t0114_s013,"Speaker cites own record and past position on Somalia, self-referential credit.",S; HS,IT,2,1
1007_t0111_s003,"References a named senator's past statement, historical/attributive reference.",S; HS,ATTR,2,1
1031_t0422_s002,"Empty punctuation, no content.",S,,1,0
1007_t0053_s001,Fragmentary question phrase seeking clarification about a referent.,YNQ,,1,0
1031_t0776_s001,Opens with 'No' as a direct answer rejecting support for a policy.,REJ; ANS,IP,2,1
1026_t0194_s003,Provides a factual figure about unemployed Americans; new statistical content.,S-Inform,,1,0
1033_t0305_s010,"Characterizes opponents' views sarcastically, a straw-man mischaracterization.",S,REB; CB,1,2
1011_t0135_s001,"Statement dismissing opponent's math as 'fuzzy,' a challenge to his accuracy.",S; CH,PER; REB,2,2
1013_t0163_s015,Acknowledges a disagreement with opponent on the issue.,S; DIS,REB,2,1
1011_t0024_s002,Plain statement about what opponent does.,S,,1,0
1027_t0096_s008,"Fragmentary statement referencing dollar amounts, incomplete thought.",S,,1,0
1018_t0100_s020,Short quoted statement.,S,,1,0
1025_t0027_s004,Factual claim comparing drilling to previous administration; self-promotional credit.,S-Inform,IT,1,1
1026_t0012_s002,Statement introducing a geographic/topical reference.,S,,1,0
1011_t0134_s001,Requesting permission to speak/take the floor.,TT; T-REQ,,2,0
1018_t0087_s007,"Statement citing a dollar figure while contrasting the top 1 percent against kids, framing selectively for emotional effect.",S-Inform,AE; SE,1,2
1029_t0110_s005,Declarative with loaded term 'fraud' attacking a policy.,S; CH,CB,2,1
1031_t0293_s008,Plain factual assertion.,S,,1,0
1021_t0075_s001,Expression of thanks.,THK,,1,0
1011_t0031_s002,Imperative-like bid to hold floor and address seniors.,TT,AE,1,1
1003_t0003_s008,Statement of personal aspiration that jabs at the opponent's record with 'allegedly in charge.',S; IAFA; REJ,PER; ATTR,3,2
1019_t0185_s001,Self-referential statement promoting own experience.,S; HS,IT,2,1
1025_t0265_s024,Statement of aspiration invoking future generations.,S,AE; IP,1,2
1023_t0189_s017,Wh-question posing a policy issue.,Q-W,,1,0
1007_t0071_s013,"Describes opponent's contradictory position, framing him as inconsistent, referencing his stance as a rebuttal.",S; CH,REB; CB,2,2
1015_t0048_s003,"A statement honoring sacrifices, carrying patriotic/emotional weight.",S,APAT,1,1
1017_t0127_s002,"A plain declarative expressing uncertainty about drawing a line, framed as personal.",S,IP,1,1
1011_t0097_s005,"Informative statement citing a statistic about tax cuts benefiting the wealthy, referencing opponent's plan critically.",S-Inform; CH,REB; SE,2,2
1022_t0141_s014,Emphatic statement pointing to opponent's record as blame attribution.,S; CH,ATTR; REB,2,2
1033_t0247_s005,Quotes opponent's past statement to attribute blame; the term 'super predators' is loaded.,S; CH,ATTR; REB,2,2
1022_t0127_s006,A plain factual statistic about health insurance cost; neutral.,S-Inform,,1,0
1018_t0035_s004,Declarative expressing importance; hortatory but not imperative.,S,IP,1,1
1027_t0150_s009,"Cites shooting statistics in Chicago, likely used to make a point with selective/fear framing.",S-Inform,AF; SE,1,2
1031_t0224_s001,"Contrasts opponent's position with own, and claims credit for shutting the country down.",S; CH,IT; REB; CB,2,3
1010_t0135_s015,Speaker steers the topic toward opponent's responsibility; a statement holding the floor and directing focus.,S; MS,REB,2,1
1006_t0102_s002,Plain declarative asserting how elections function; general statement.,S,,1,0
1006_t0102_s008,Hypothetical statement about political process; declarative reasoning.,S,,1,0
1015_t0042_s021,Plain declarative assertion about a group's stake.,S,,1,0
1030_t0319_s005,Sweeping generalization that nobody does it right; a statement with hasty generalization.,S,CB,1,1
1003_t0050_s012,Factual/opinion statement warning of worsening problems; contains mild fear framing and personal stance about needed leadership.,S,AF,1,1
1010_t0015_s007,Cites a specific claim attributed to opponent with a numeric rate; challenges/references their statement.,S-Inform; CH,REB,2,1
1007_t0123_s006,Opinion about what opponent should have done; personal stance framed with 'I think' and criticizes opponent.,S; CH,IP; REB,2,2
1031_t0334_s001,Wh-question challenging opponent's inaction over 25 years; adversarial jab embedded in a question.,Q-W; CH,AEX; REB,2,2
1017_t0009_s008,Speaker claims personal commitment/credit to protect Americans; patriotic self-promotion.,S,APAT; IT,1,2
1014_t0004_s001,A fragment 'Mr.' likely part of an address; no clear discourse act or bias.,,,0,0
1017_t0101_s019,"Claims positive outcome under speaker's tenure, self-crediting statement.",S; S-Inform,IT,2,1
1011_t0133_s012,"Attacks opponent's plan as overly complex, requiring IRS agents — a critique of opponent with exaggeration.",S; CH,ATTR; REB,2,2
1014_t0113_s016,A question about whether the family could endure the business; open reflective question.,Q-W,,1,0
1031_t0226_s004,Plain declarative referring to experience; neutral.,S,,1,0
1019_t0128_s013,Labels a group as 'axis of evil' — loaded outgroup framing invoking threat.,S,AF; PB,1,2
1031_t0155_s003,Cites factual statistic of infections referencing prior statement.,S-Inform; HS,,2,0
1029_t0226_s020,Short factual-sounding assertion; a claim without support.,S,,1,0
1023_t0167_s018,"Directed at opponent noting they studied the plan, a slight jab.",S,REB,1,1
1008_t0063_s002,"Expresses personal belief and includes a phrase 'let's not forget' plus a favorable claim, defending with selective positive framing.",S; EXPL,DF; IP; SE,2,3
1015_t0090_s021,"Declarative asserting a positive evaluation of own strategy, mild self-promotion.",S,IT,1,1
1013_t0025_s001,"Short affirmative reply, functioning as a direct answer.",ANS,,1,0
1023_t0174_s007,A fragment naming founding documents; patriotic reference.,S,APAT,1,1
1017_t0009_s016,"Declarative recounting own actions, self-crediting.",S,IT,1,1
1027_t0146_s022,Factual-sounding boast about own project.,S; S-Inform,IT,2,1
1033_t0232_s002,Describes a policy scenario with reported speech; informative with years.,S; S-Inform,,2,0
1022_t0021_s003,"Statement describing own campaign proposal, self-promotion of policy.",S,IT,1,1
1019_t0051_s002,Plain declarative about uncertainty of revenues.,S,,1,0
1007_t0189_s004,Statement expressing what ought to be done to stimulate business; hortatory not imperative.,S,,1,0
1008_t0059_s011,Historical reference to taking office and Haiti under a dictator.,S; HS,,2,0
1023_t0005_s007,A plain declarative describing a past economic state.,S,,1,0
1027_t0242_s015,Short declarative characterizing something as diplomacy.,S,,1,0
1018_t0018_s006,Neutral declarative statement about others' choices.,S,,1,0
1022_t0043_s009,Claims personal credit for fighting spending.,S,IT,1,1
1014_t0027_s026,Fragment referencing Washington workers; incomplete statement.,S,,1,0
1011_t0113_s011,An anecdote with vivid detail (times) used to appeal emotionally about overcrowded schools and children.,S; S-Inform,AE,2,1
1017_t0083_s012,"Cites a dollar figure, factual informative statement (truncated).",S; S-Inform,,2,0
1014_t0019_s018,Declarative describing legislation about drug importation.,S,,1,0
1031_t0491_s005,"Contrasts 'we' with opponent ('he has done'), a rebuttal blaming the opponent for walking away.",S; CH,ATTR; REB,2,2
1031_t0758_s001,Empty/punctuation-only fragment with no content.,,,0,0
1023_t0049_s006,Declarative citing a factual claim about budget cuts with a historical reference to Eisenhower; presents one favorable comparison.,S-Inform; HS,IT; SE,2,2
1025_t0222_s011,"Short declarative identifying a subject, likely completing a prior thought.",S,,1,0
1027_t0196_s020,"Statement signaling the speaker will add more, holding the floor.",S; TT,,2,0
1015_t0006_s001,"Expresses thanks and offers prayers/sympathy, with emotional appeal to suffering people.",S; THK,AE,2,1
1029_t0192_s003,Factual assertion about Iran; presents a one-sided claim.,S-Inform,SE,1,1
1029_t0276_s023,"Hortatory declarative about what must be done, framed as collective action.",S,UF,1,1
1014_t0113_s031,Sentence fragment; not enough to assign an act meaningfully beyond a statement remnant.,S,,1,0
1013_t0163_s014,"Hortatory declarative about providing leadership, collective framing.",S,UF,1,1
1010_t0065_s014,Declarative explaining/clarifying a prior point about what was being guaranteed.,S; EXPL,,2,0
1022_t0116_s014,"Declarative expressing what should happen with programs; hortatory statement, not an imperative.",S,IP,1,1
1014_t0038_s003,"Speaker describes opponent's plan in negative terms ('kids would be trapped', 'forced'), a rebuttal characterizing the opponent's proposal.",S; CH,ATTR; REB,2,2
1013_t0157_s016,"Fragment/floor-holding filler, incomplete.",TT,,1,0
1031_t0778_s001,Short statement of personal stance/support.,S,IP,1,1
1031_t0826_s002,"Asserts fraud and deception, a loaded claim implying wrongdoing.",S,AF,1,1
1006_t0155_s010,"Expresses hope/opinion, with patriotic framing of democracy and freedom.",S,APAT; IP,1,2
1001_t0158_s002,Declarative stating support with factual reference to specific bill and year.,S; S-Inform,IP,2,1
1021_t0033_s006,"Self-promotion claiming a record of bipartisanship, naming supporters.",S,IT,1,1
1015_t0098_s008,Plain declarative asserting a limit on action.,S,,1,0
1014_t0142_s021,"Fragment citing a dollar figure, factual number.",S-Inform,,1,0
1025_t0050_s001,"Address/vocative to the Governor, floor-taking bid.",TT,,1,0
1013_t0157_s014,Speaker makes a declarative assertion framed as personal opinion about someone's motives.,S,IP,1,1
1023_t0014_s015,Statement conceding a factual point the president made about energy production; agreement plus informative content.,S; AGR,,2,0
1030_t0187_s004,"Declarative statement expressing personal pride and defending the foundation, framed emotionally/self-promotionally.",S,IT; IP,1,2
1011_t0134_s009,"Fragment warning that a large deficit threatens prosperity, invoking fear of economic harm.",S,AF,1,1
1026_t0139_s008,Plain factual narrative statement about building up Afghan forces.,S,,1,0
1014_t0023_s003,Statement citing a specific figure of 44 million people.,S; S-Inform,,2,0
1017_t0033_s006,Fragment criticizing an approach as insufficient; declarative critique.,S,,1,0
1033_t0284_s002,"Rhetorical question used to grab attention, not seeking an answer.",Q-RHET; TT,,2,0
1026_t0006_s006,Light personal anecdote about being together at an event; conversational statement.,S,,1,0
1023_t0160_s003,"Statement using a specific example to support the speaker's argument, citing one supporting case.",S,SE,1,1
1031_t0730_s005,Just a period; no content.,S,,1,0
1001_t0153_s003,Declarative assertion about drawn lines; expresses a stance on framing.,S,IP,1,1
1033_t0218_s007,Emphatic assertion labeling something criminal; loaded evaluative charge.,S,CB,1,1
1008_t0048_s014,Statement about self's consistent record; self-promotion of stance.,S,IT,1,1
1019_t0179_s011,"Long declarative with personal belief and factual dollar reference, plus mention of threats from Iran/North Korea.",S; S-Inform,AF; IP,2,2
1025_t0168_s010,"Hortatory 'we've got to' statement, not imperative; collective action framing.",S,UF,1,1
1013_t0038_s001,Personal opinion asserting something was a mistake.,S,IP,1,1
1003_t0135_s008,Statement setting up contrast between two visions.,S,IP,1,1
1030_t0037_s004,Personal stance statement with emotional family framing.,S,AE; IP,1,2
1017_t0066_s017,"Wh-question directed at opponent's action, rhetorical jab setting up attack.",Q-W; Q-RHET,REB,2,1
1033_t0184_s007,"An imperative-style directive urging the audience to remember, combined with self-promotion citing accomplishment.",S; IAFA,IT,2,1
1015_t0030_s003,A plain declarative statement about one's role.,S,,1,0
1004_t0118_s009,Speaker bids to steer the topic back to racial divisiveness with a floor-taking move.,TT; MS,RB,2,1
1004_t0127_s003,"Speaker claims personal credit for protecting Social Security, self-promotion.",S,IT,1,1
1022_t0088_s021,A plain denial/statement of non-involvement.,S,,1,0
1004_t0084_s005,A predictive factual statement about trade.,S; S-Inform,,2,0
1026_t0068_s012,Statement of policy intent with an explanation clause about falling behind.,S; EXPL,IP,2,1
1027_t0109_s001,"Fragment citing a dollar figure, an informative statement.",S-Inform,,1,0
1018_t0089_s019,Statement attributing blame to the president for a failure regarding bin Laden.,S; CH,ATTR; REB,2,2
1017_t0066_s010,"Claims credit for addressing safety issues, self-promotion.",S,IT,1,1
1021_t0141_s017,Declarative citing specific numbers about Iran's centrifuges; factual claim likely selectively framed to blame policy.,S-Inform,SE,1,1
1004_t0111_s002,Personal narrative describing emotional harm; emotional appeal.,S; HS,AE,2,1
1031_t0678_s001,Flat denial of a claim aimed at opponent's statement.,REJ; CH,REB,2,1
1006_t0126_s013,Vague closing statement with no bias.,S,,1,0
1031_t0226_s011,Conditional statement attributing shutdown motives negatively to Democrat governors; political outgroup framing and blame.,S,PB; ATTR; CB,1,3
1031_t0269_s001,"Assertion claiming no negative effect, one-sided.",S,SE,1,1
1006_t0238_s022,"Optimistic prediction about children, emotional appeal.",S,AE,1,1
1019_t0076_s001,Promise of success and stable ally; patriotic/pride framing with 'not in defeat.',S,AP; IP,1,2
1031_t0777_s001,Short incredulous question challenging opponent's claim.,YNQ; CH,REB,2,1
1006_t0099_s018,"Conditional statement about pooling to reduce insurance costs; policy claim, no clear bias.",S,,1,0
1019_t0179_s019,"A declarative asserting a viewpoint about foreign perception and cooperation, framed as belief.",S,IP,1,1
1027_t0204_s009,Declarative citing facts about foreign fighters/money and urging priority; hortatory 'we have to' is a statement not imperative.,S; S-Inform,AF,2,1
1004_t0045_s006,Statement introducing a factual/numeric comparison about competitors' collection figures.,S; S-Inform,,2,0
1027_t0142_s001,A flat one-word rejection of an opponent's claim.,REJ; CH,REB,2,1
1026_t0123_s010,"Declarative asserting a claim about backing away from a nuclear treaty, referencing an adversary's action.",S; S-Inform,,2,0
1008_t0124_s004,"Speaker clarifies/qualifies own position, not questioning anyone.",S; CORR,,2,0
1033_t0207_s001,Declarative asserting claims about children brought by coyotes/cartels using loaded fear language.,S,AF,1,1
1010_t0101_s001,"Expresses no disagreement, effectively agreeing with a prior point.",AGR,,1,0
1033_t0276_s003,Speaker claims personal credit for taking care of Black colleges.,S,IT; RB,1,2
1010_t0067_s016,Short emphatic patriotic assertion about national identity.,S,AP; APAT,1,2
1011_t0123_s001,A declarative statement about the role of a governor dealing with catastrophe; not seeking an answer despite 'you know'.,S,,1,0
1013_t0004_s014,Hortatory declarative expressing what ought to happen; collective 'we' framing on national defense.,S,UF,1,1
1022_t0155_s005,Statement blaming 'they' for underfunding No Child Left Behind; loaded framing assigns blame.,S; CH,ATTR; REB,2,2
1021_t0006_s014,"Opens with auxiliary 'do' and cites specific debt figures, framed as a loaded rhetorical question with fiscal alarm.",YNQ; S-Inform,AF; CB,2,2
1018_t0069_s012,"Announces intended action then gives a factual/alarmist claim about borders leaking, evoking fear.",S; S-Inform,AF,2,1
1022_t0167_s006,Plain declarative referencing a demonstration today; vague reference.,S,,1,0
1010_t0014_s005,"Statement citing a specific number (a million children) as an achievement, taking credit.",S; S-Inform,IT,2,1
1015_t0077_s009,Declarative promising victory under 'my leadership'; self-promotional and appeals to national resolve.,S,IT,1,1
1011_t0009_s011,Statement framing a contrast between government and individual choice; a false-dilemma style framing.,S,CB,1,1
1018_t0018_s003,Reports another's statement (quotation) about seniors deserving choice; declarative.,S,ATTR,1,1
1030_t0078_s001,"Incomplete statement asserting the opponent won't admit something, referencing them adversarially.",S; CH,PER; REB,2,2
1031_t0501_s004,Statement giving reasoning that references the opponent's past testimony to challenge them.,S; EXPL; CH,REB,3,1
1017_t0112_s017,"Declarative policy statement with hortatory 'we've got to' framing, not an imperative.",S,,1,0
1004_t0063_s002,Self-promoting statement listing policy proposals with specific factual content.,S; S-Inform,IT,2,1
1027_t0077_s002,Neutral procedural/factual statement about a fact-checker tool.,S,,1,0
1008_t0043_s014,Neutral factual statement describing legislative procedure.,S,,1,0
1004_t0045_s010,"Statement asserting benefit to working people, framing a policy positively.",S,AE,1,1
1004_t0136_s007,Statement noting a return to starting point; conversational.,S,,1,0
1029_t0220_s022,Statement attacking opponent's ineffectiveness with 'as usual' emphatic jab.,S; CH,PER; ATTR; AEX,2,3
1026_t0097_s004,Statement with numeric content warning of consequences of sequestration.,S; S-Inform,AF,2,1
1001_t0150_s011,A declarative expressing what ought not happen; not imperative.,S,,1,0
1008_t0030_s007,"Informative statement citing a policy fact, but assigns blame to Clinton for defeating it.",S-Inform; HS,ATTR,2,1
1023_t0175_s011,Statement of belief/stance framing values; expresses personal/collective stance.,S,APAT; IP,1,2
1011_t0026_s001,Statement pointing to evidence source; mild.,S,,1,0
1007_t0109_s002,"Self-reflective personal narrative, a statement admitting shortcoming.",S,IP,1,1
1014_t0048_s008,Emphatic statement asserting seriousness of own position.,S,IP,1,1
1027_t0113_s009,Statement claiming policy benefits.,S,IP,1,1
1031_t0838_s001,Bids to explain/hold the floor.,S; TT,,2,0
1033_t0087_s010,Direct denial/answer about a fact.,S; ANS,,2,0
1019_t0127_s004,Statement asserting presidential prerogative with personal stance and safety framing.,S,IP,1,1
1017_t0071_s013,A short yes-no question asking whether something is a problem.,YNQ,,1,0
1030_t0128_s032,Declarative asserting economic harm with fear-tinged framing of loss.,S,AF,1,1
1010_t0131_s005,"Personal recollection giving an anecdotal example, emotionally evocative.",S; HS,AE,2,1
1015_t0062_s018,Value assertion with emotional appeal about life.,S,AE,1,1
1023_t0140_s005,"A rhetorical question framed to make the answer obvious about Wall Street oversight, loaded framing.",YNQ; Q-RHET,CB,2,1
1006_t0033_s001,An interruption bidding to stop the other and take the floor.,TT; INT,,2,0
1023_t0070_s004,"Absolute declarative claim about tax policy, a sweeping generalization rebutting opponent's approach.",S; CH,REB; CB,2,2
1018_t0030_s012,Statement taking credit for a policy achievement.,S,IT,1,1
1023_t0152_s017,"Statement predicting policy outcome, framed as fact defending Obamacare.",S,,1,0
1007_t0045_s002,"Attributes past statements/inaction to Bush, blaming him.",S; CH,ATTR; REB,2,2
1001_t0056_s012,"Speaker frames an idea as non-partisan, a personal stance seeking to unify across party lines.",S; IAFA-OF,UF; IP,2,2
1019_t0148_s016,"Declarative asserting what kind of president is needed, with veiled critique of naive Russia policy; expresses personal stance.",S,IP; REB,1,2
1004_t0073_s008,"Hortatory 'we've got to' — a statement urging shared action, not a bare imperative.",S,UF,1,1
1017_t0017_s009,Plain declarative identifying something.,S,,1,0
1029_t0163_s002,"Attacks opponent's judgment by name/reference, a blame attribution and personal critique.",S; CH,PER; ATTR; REB,2,3
1007_t0020_s003,Simple complimentary declarative.,S,,1,0
1015_t0032_s005,Conditional declarative asserting a policy claim about Iraq.,S,CB,1,1
1010_t0011_s004,Declarative praising the listener's actions.,S,,1,0
1033_t0004_s020,"Personal narrative statement about a treatment, self-referential.",S,IP,1,1
1008_t0074_s007,"Factual claim about opponent's past position with a year, both informative and a rebuttal referencing opponent.",S-Inform; CH; HS,ATTR; REB,3,2
1018_t0020_s009,Speaker asserts a future intention to change something; plain declarative with a self-promotional promise.,S,IT,1,1
1014_t0044_s017,Declarative describing what a policy requires; factual/informative content about testing.,S; S-Inform,,2,0
1001_t0090_s018,Personal autobiographical claim referencing a past event; self-reference with self-promotional biographical detail.,S; HS,IT,2,1
1025_t0145_s003,"Statement about an opponent's political circumstances, framing him negatively for having majorities; references outgroup.",S; S-Inform,ATTR,2,1
1027_t0035_s008,"Factual statement about own voting record, self-referential credit-claiming.",S; S-Inform,IT,2,1
1026_t0018_s001,"Bid to take/hold the floor, often an interruption.",TT,,1,0
1023_t0015_s007,"Declarative assertion evaluating an economic position, referencing recession.",S,,1,0
1027_t0206_s009,"Counterfactual argument rebutting a prior point with a hypothetical, includes numbers; references opponent's claim.",S; EXPL,REB; CB,2,2
1023_t0014_s005,Speaker notes he will address the president's ideas; turn-holding steering while referencing opponent.,S; MS,REB,2,1
1017_t0132_s010,"Characterizes something as personal opinion, dismissing/framing the prior claim's status.",S,REB,1,1
1026_t0134_s001,A concessive declarative agreeing with a prior point.,AGR,,1,0
1019_t0128_s017,Plain factual assertion about an event.,S; S-Inform,,2,0
1033_t0245_s008,Imperative warning ('don't reach') combined with a threatening image of being shot.,IAFA,AF,1,1
1026_t0163_s003,"Rejects a claim attributed to him about liquidating the industry, a rebuttal against the opponent's framing.",REJ; CH,REB,2,1
1025_t0150_s017,Clarifies his own prior statement about what he meant.,S; CORR,,2,0
1006_t0244_s009,"Positive claim about schools improving, likely self-credit.",S,IT,1,1
1031_t0155_s012,Statement attributing prior knowledge to opponent implying blame for the crisis.,S; CH,ATTR; REB,2,2
1027_t0160_s018,"Hortatory declarative ('we need to') expressing what ought to happen, not a bare imperative.",S,IP,1,1
1010_t0045_s011,Short patriotic-toned declarative invoking national identity.,S,AP,1,1
1003_t0150_s002,Declares refusal to participate in another debate.,S; REJ,,2,0
1029_t0204_s007,An incomplete personal statement about reading; declarative and self-referential.,S,,1,0
1015_t0098_s002,"Declarative asserting an opponent/adversary (Kim Jong Il) benefits from a policy, functioning as a challenge/rebuttal with fear framing.",S; CH,AF; REB,2,2
1030_t0202_s011,"Grammatically imperative directing listener to consider Haiti's people, an emotional appeal.",IAFA,AE,1,1
1019_t0184_s006,"Plain factual assertion (bin Laden not captured), used as a rebuttal against opponent's claim.",S; CH,REB,2,1
1003_t0050_s003,Informative statement citing ongoing discussions and specifics; expresses stance without attacking.,S; S-Inform,IP,2,1
1021_t0057_s013,Statement giving reasoning about difficulty of issues; explanatory.,S; EXPL,,2,0
1004_t0063_s003,Long declarative describing personal future plan; self-referential stance/self-promotion of intended action.,S,IP,1,1
1008_t0132_s021,"Conditional statement addressed to voters, personal credibility framing with emotional/direct appeal.",S,AE; IP,1,2
1027_t0065_s003,Statement directing attention to a book available at a bookstore; informative/procedural.,S,,1,0
1031_t0291_s002,"Assertion blaming opponent for job losses under his administration, a rebuttal attributing blame with a selective statistic.",S; CH,ATTR; REB; SE,2,3
1017_t0033_s005,"Declarative asserting the president failed to act, blaming a named opponent.",S; CH,ATTR; REB,2,2
1004_t0068_s011,Speaker states future action and negatively frames the political outgroup ('spend and tax Congress').,S,PB; IP,1,2
1017_t0083_s001,Turn-taking bid followed by correcting the opponent's characterization of the plan.,S; CH; TT,REB,3,1
1019_t0134_s002,"Asserts opponent knows the truth, implying dishonesty; adversarial jab at named opponent.",S; CH,ATTR; REB,2,2
1001_t0145_s003,"Fragment 'Mr.' — likely address term, no clear act.",,,0,0
1014_t0019_s003,Explanatory declarative describing lack of collective bargaining for seniors.,S; EXPL,,2,0
1006_t0008_s011,"States a policy proposal (stop program), hortatory in tone; substantive statement.",S,,1,0
1021_t0039_s003,Short assertion of national identity; unity/patriotic framing.,S,AP; UF,1,2
1030_t0006_s014,Praise of people as great scholars; a favorable declarative characterization.,S,,1,0
1008_t0065_s003,Expresses personal opinion/assessment of policy.,S,IP,1,1
1033_t0303_s003,Statement citing scientific authority with urgency about limited time; the 'don't have much time' framing invokes fear.,S,AF; ATTR,1,2
1001_t0016_s002,"Speaker takes the floor to lay out strategy and touts personal record of balancing budgets, self-promotion.",S; TT,IT,2,1
1004_t0047_s009,Informative statement citing endorsements as evidence for the approach; cites authorities selectively to bolster claim.,S-Inform,SE,1,1
1031_t0503_s008,"Declarative expressing what ought to happen (accountability), not a bare imperative; assigns blame framing.",S,ATTR,1,1
1029_t0140_s003,"Statement characterizing a group in strongly negative terms (murderers, drug lords), a loaded generalization.",S,AF; CB,1,2
1006_t0240_s001,"Fragment offering an evaluative statement, colloquial understatement.",S,,1,0
1001_t0140_s014,Wh-question asking whether opponent knows a figure; a rhetorical gotcha challenge.,Q-W,AEX,1,1
1025_t0029_s002,Brief declarative identifying something as the problem.,S,,1,0
1003_t0171_s017,Emotional expression of love and gratitude to an audience.,S; THK,AE,2,1
1019_t0124_s015,Speaker holds floor to steer to prescription; hortatory collective 'we need to do'.,S; TT; MS,UF,3,1
1025_t0029_s001,Declarative asserting the opponent failed to do what was claimed; references opponent's record critically.,S; CH,ATTR; REB,2,2
1033_t0276_s006,"Casual declarative dismissing opponents' credibility, implying they lie/exaggerate.",S,REB,1,1
1008_t0059_s017,Statement claiming credit for standing up to terrorism threats; 'threats of terrorism' carries fear framing.,S,IT,1,1
1030_t0012_s002,Personal-stance statement about respecting the Second Amendment and belief in an individual right.,S,APAT; IP,1,2
1026_t0067_s017,Plain informative statement about opportunity in Latin America.,S,,1,0
1014_t0055_s004,"Statement referencing opponent's record, framing it critically.",S,REB,1,1
1011_t0050_s011,Statement attributing a position to opponent with loaded framing about opposing abortion rights; references named figures.,S; CH,ATTR; REB,2,2
1026_t0199_s004,"Statement claiming progress under own administration, citing prior crises attributed to predecessors; self-credit with fear-laden terms.",S; S-Inform,AF; IT,2,2
1029_t0264_s002,Explicit agreement with the other speaker.,AGR,,1,0
1007_t0103_s007,Self-referential complaint framed emotionally; grievance about not being called.,S,AE,1,1
1013_t0075_s002,"Speaker states agreement with a policy position, framing as personal view about bringing troops home.",S; AGR,IP,2,1
1027_t0125_s002,Factual claim with a time span (40 years) implying an opponent's failure to comply with tradition.,S-Inform,SE,1,1
1025_t0245_s041,Personal statement of priority framed as personal stance.,S,IP,1,1
1018_t0053_s014,Declarative asserting causal claim about government controls; cognitive reasoning bias (slippery slope).,S,CB,1,1
1033_t0020_s013,Short declarative continuing prior thought; plain assertion.,S,,1,0
1030_t0236_s006,"Cites a source then dismisses their character ('they don't even care'), an attack-flavored claim about media.",S-Inform; CH,SE,2,1
1004_t0042_s016,Fragment 'Mr.' addressing someone; no substantive act.,,,0,0
1017_t0105_s003,Statement expressing personal opinion about cost and a better alternative.,S; IAFA,IP,2,1
1011_t0048_s020,"Expresses a hope about safety, framed as personal stance with an emotional appeal to women's safety.",S,AE; IP,1,2
1003_t0072_s001,Brief evaluative statement; plain assertion.,S,,1,0
1031_t0090_s001,Self-promoting boast of beating an opponent by a large margin.,S,IT,1,1
1022_t0152_s005,Statement about policy action regarding bad teachers.,S,,1,0
1007_t0153_s002,Rebuts opponent's claims by referencing them and defends own life.,S; DIS,REB,2,1
1031_t0176_s003,"Fragment, dismissive minimizing statement.",S,,1,0
1022_t0136_s001,Statement of personal position on qualifications.,S,IP,1,1
1025_t0132_s015,Hypothetical quoted rhetorical question posed to make a point.,YNQ; Q-RHET,CB,2,1
1031_t0191_s002,Clarifies/corrects the meaning of a prior statement.,CORR,,1,0
1004_t0138_s019,"Cynical statement about politicians deceiving voters, negative outgroup framing.",S,PB; CB,1,2
1018_t0081_s002,Empty punctuation fragment with no content.,,,0,0
1027_t0166_s004,Praises a group and frames them positively regarding the Second Amendment.,S,APAT,1,1
1017_t0092_s007,"A declarative prediction about the opponent raising taxes, framed as certain to attack him. It attributes a negative future action to the opponent.",S,ATTR; REB,1,2
1018_t0063_s003,Speaker references a past media appearance to dismiss opponent's claim as repetitive; historical self-reference and rebuttal.,S; HS,REB,2,1
1013_t0070_s019,Plain declarative adding a clarifying fact about a topic.,S,,1,0
1015_t0029_s002,Cites a specific factual figure from news reports; informative statement with numbers.,S-Inform; HS,SE,2,1
1022_t0026_s001,Expression of thanks to the moderator.,THK,,1,0
1025_t0104_s006,A personal anecdote offered as an example; declarative statement.,S,,1,0
1010_t0080_s003,Plain factual assertion about coverage scope.,S,,1,0
1031_t0551_s002,Empty/punctuation-only fragment; no discourse act.,,,0,0
1029_t0142_s005,Speaker explains a point being made about the difficulty of working with Congress; explanatory statement.,S; EXPL,IP,2,1
1027_t0263_s010,Declarative asserting other problems with Iran exist; factual statement.,S,,1,0
1006_t0011_s007,"A fragment 'Mr.' likely an address term or interrupted turn; conversationally an incomplete statement, possibly turn-taking.",S,,1,0
1013_t0033_s010,An incomplete declarative discussing when it's appropriate for the U.S.; a plain statement fragment.,S,,1,0
1031_t0541_s001,Declarative asserting a value framing about law and order with justice; a statement expressing stance.,S,IP,1,1
1030_t0328_s001,"A well-known personal jab ('such a nasty woman') attacking a person, with gendered belittling.",S; CH,PER; GD,2,2
1031_t0842_s001,"Declarative asserting others are not equipped; a plain statement, mildly dismissive.",S,,1,0
1023_t0089_s005,Declarative offering a policy prescription with reasoning ('the way for us to deal...is to').,S; EXPL,IP,2,1
1030_t0059_s002,Factual statement noting this used to be bipartisan; plain informative claim.,S,,1,0
1010_t0062_s008,"Sarcastic 'congratulations' about a tax cut, addressed to the audience/opponent with a jab.",S,AEX,1,1
1017_t0006_s018,"Declarative asserting one must be consistent as president; a stance statement, implicitly criticizing.",S,IP,1,1
1019_t0004_s007,"Explicit thanks to the host university; a thanking act, neutral.",THK,,1,0
1023_t0206_s013,A declarative asserting one must look beyond words to actions as evidence; frames an opponent's record with a reasoning claim.,S,CB,1,1
1027_t0133_s024,A boastful declarative claiming personal success/possession of a great company.,S,IT,1,1
1023_t0102_s002,"Statement with a specific dollar figure attributing an action to the president, negatively framing his policy.",S-Inform; CH,ATTR; REB,2,2
1029_t0232_s003,Statement listing groups the opponent attacked and never apologized for; a rebuttal-style attack on the opponent's character.,S; CH,PER; ATTR; REB,2,3
1033_t0353_s002,Declarative expressing unity toward all voters regardless of vote.,S,UF,1,1
1004_t0127_s005,Fragmentary statement expressing personal stance against touching Social Security.,S,IP,1,1
1013_t0112_s008,Plain declarative prediction about outcomes in Texas.,S,,1,0
1030_t0335_s020,Repeated slogans framing pride in making America great/strong again as a collective effort.,S,AP; UF,1,2
1030_t0065_s004,Personal-opinion statement predicting a benefit.,S,IP,1,1
1033_t0099_s016,Declarative warning that failing to comply brings a price; uses threat/consequence framing.,S,AF; CB,1,2
1029_t0117_s008,A plain declarative assertion about a permanent change.,S,,1,0
1027_t0133_s007,Speaker asserts a claim while invoking 'this country' as agreement; 'disgraceful' is loaded and appeals to shared judgment.,S,CB,1,1
1033_t0116_s007,"Statement claiming a policy outcome, effectively taking credit for the steel industry.",S,IT,1,1
1008_t0088_s004,Declarative asserting personal stance and past support.,S,IP,1,1
1011_t0139_s019,Personal opinion statement plus a turn-holding bid ('I'll tell you this').,S; TT,IP,2,1
1031_t0766_s001,"Speaker comments on the question but belittles opponent's speech as 'rantings,' a personal jab.",S,PER,1,1
1017_t0029_s021,"Flat contradiction of a claim, rejecting/challenging the opponent's account.",REJ; CH,REB,2,1
1031_t0622_s002,Turn-holding assertion attacking the left/Antifa as the source of problems.,S; TT,PB; ATTR,2,2
1019_t0066_s001,"Declarative critiquing a policy via metaphor, effectively a rebuttal of the spending-freeze proposal.",S; CH,REB; CB,2,2
1021_t0073_s008,Turn-holding statement introducing what the speaker would do.,S; TT,IP,2,1
1026_t0076_s004,"Statement claiming personal credit for achievements as governor, citing a ranking.",S; S-Inform; HS,IT,3,1
1015_t0023_s001,"An answer affirming resolve, personal stance.",S; ANS,IP,2,1
1013_t0095_s006,Plain factual statement about a jury verdict.,S; S-Inform,,2,0
1022_t0157_s018,Opinion statement expressing personal stance about a program.,S,IP,1,1
1026_t0046_s014,Statement describing careful approach and asserting what leadership should be; hortatory 'we have to' is a statement not command.,S,IP,1,1
1006_t0033_s004,Statement of personal stance disclaiming interest in opponent's character.,S,IP,1,1
1033_t0128_s011,Explanation clause referencing opponent's future inaction; a rebuttal-like claim.,S; EXPL,REB,2,1
1015_t0079_s019,Brief declarative asserting a threat.,S,,1,0
1013_t0002_s011,"Statement about not naming names, seemingly cut off mid-sentence.",S,,1,0
1011_t0113_s015,Statement citing a statistic about public school enrollment.,S; S-Inform,,2,0
1015_t0006_s009,Declarative citing a specific figure about voter registration in Afghanistan; neutral factual claim.,S-Inform,,1,0
1021_t0046_s010,"Speaker addresses opponent and announces bad news, setting up an adversarial jab.",S; MS,AEX,2,1
1031_t0498_s001,"Directly attributes the 'super-predators' label to the opponent's record, an accusatory statement referencing a year.",S-Inform; CH; HS,ATTR; REB,3,2
1008_t0081_s018,Declarative asserting the U.S. acted alone; a critical framing of policy.,S,CB,1,1
1007_t0057_s015,"Statement expressing a policy positive, mild appeal to national benefit.",S,,1,0
1031_t0295_s001,Bid to take the floor to respond to the opponent.,TT,REB,1,1
1029_t0142_s006,Historical reference to Lincoln used as supporting argument.,S; HS,SE,2,1
1033_t0083_s002,"Bare imperative demanding evidence, a command directed at opponent.",IAFA,REB,1,1
1033_t0012_s001,Opens with 'no' rejecting prior claim and asserts personal stance about timeline accuracy.,S; REJ,IP; REB,2,2
1003_t0157_s002,"Explanatory statement giving reasoning ('the reason is because'), with a loaded characterization of the freeze as 'discredited'.",S; EXPL,CB,2,1
1014_t0131_s010,Declarative statement attacking the opponent as outdated; a personal jab framed as rebuttal.,S; CH,PER; REB,2,2
1022_t0169_s012,Sentence fragment describing policy goals to lift wages and grow the middle class; plain statement.,S,,1,0
1027_t0252_s001,"An acknowledgment/comment likely reacting to a question, no bias.",S; ACK,,2,0
1026_t0146_s004,Directs listener to examine the record then poses a question about Iran; an imperative plus rhetorical challenge to the opponent's record.,YNQ; IAFA; CH,REB; CB,3,2
1021_t0073_s003,Anecdotal statement emphasizing people without insurance; personal-experience framing as evidence.,S,AE,1,1
1021_t0046_s003,Statement attributing a tax-raising intent to the opponent as criticism.,S; CH,ATTR; REB,2,2
1023_t0141_s006,Statement criticizing a policy as not thought through; a rebuttal/critique.,S; CH,REB,2,1
1033_t0020_s019,"Fragment citing a statistic about young people recovering; informative claim, possibly cherry-picked.",S-Inform,SE,1,1
1018_t0022_s002,"Statement noting opponent's long tenure as senator, likely a critical framing.",S,REB,1,1
1004_t0095_s014,Statement invoking family values and personal narrative; appeal to emotion and self-reference.,S,AE; IP,1,2
1027_t0152_s005,"A declarative assertion, likely rebutting a prior claim about an outcome.",S,,1,0
1033_t0217_s001,"A Wh-question directed at Joe (opponent), loaded with the accusatory 'cages' framing and blame attribution.",Q-W,BQ; ATTR; AEX,1,3
1003_t0040_s008,"A statement distancing self from a prior derogatory comparison, referencing the opponent's insult.",S,REB,1,1
1015_t0034_s017,"A declarative factual assertion about failing to guard borders, implicitly critical.",S,REB,1,1
1019_t0002_s016,A statement attributing blame to Bush and McCain for failed economic policies; a rebuttal with blame attribution and loaded framing.,S; CH,PB; ATTR; REB; CB,2,4
1017_t0090_s005,A plain declarative promise about future action.,S,IP,1,1
1015_t0138_s018,"A statement of personal belief framing future in terms of freedom vs fear, patriotic and emotional.",S,AF; APAT; IP,1,3
1001_t0103_s004,Opens with 'Yes' and states a personal view — an answer with injected stance.,S; ANS,IP,2,1
1029_t0027_s009,"An explanation ('because') referencing a pattern seen throughout campaign, generalizing.",EXPL,CB,1,1
1001_t0095_s009,A declarative refusal to do something; 'simply' adds emphasis.,S; REJ,IP,2,1
1006_t0045_s009,A fragment asserting a value/stance about opposing aggression; declarative fragment.,S,,1,0
1033_t0032_s005,"A factual-style claim about a person's behavior, likely mocking/attacking an opponent's stance.",S,ATTR,1,1
1026_t0201_s005,Personal expression of optimism about the nation; a stance statement with pride framing.,S,AP; IP,1,2
1004_t0140_s003,Explicit expression of thanks to viewers.,THK,,1,0
1011_t0163_s009,A fragment invoking cooperation; unity framing.,S,UF,1,1
1033_t0338_s001,A factual correction/assertion rebutting the opponent's claim about subsidies.,S; CH,REB,2,1
1025_t0146_s030,Flat denial of the accuracy of a claim.,REJ; CH,REB,2,1
1013_t0197_s009,Recalls a past answer and praises it; references a specific event/statement.,S; HS,,2,0
1029_t0052_s009,Statement giving personal background/credentials referencing past role.,S; HS,IT,2,1
1031_t0552_s002,Empty/punctuation-only fragment with no discourse content.,,,0,0
1008_t0061_s017,"Speaker asserts a past agreement and attributes a prior policy to the opponent, referencing 1992.",S; HS,REB,2,1
1006_t0013_s016,A declarative observation about what some people think; mildly dismissive.,S,,1,0
1004_t0138_s027,Emotional statement about connecting with supporters at rallies.,S,AE,1,1
1008_t0104_s013,Short assertive statement affirming a hypothetical outcome.,S,,1,0
1015_t0070_s015,Statement of policy goal framed as personal stance about troop withdrawal.,S,IP,1,1
1019_t0133_s009,Statement characterizing North Korea in strongly negative loaded terms.,S,CBias,1,1
1033_t0286_s009,Declarative asserting what ought to happen; not imperative.,S,IP,1,1
1023_t0151_s008,Factual statement describing a bipartisan plan.,S,,1,0
1013_t0230_s012,Personal expression of concern about military morale.,S,AF; IP,1,2
1022_t0130_s006,Imperative telling the audience not to rely on his word alone.,IAFA,,1,0
1027_t0242_s014,Statement claiming credit for a diplomatic achievement with specific factual framing.,S; S-Inform; IAFA; IAFA-OF; THK,,5,0
1014_t0150_s001,,,,0,0
1004_t0142_s030,Statement expressing a personal hope and framing around trust and character.,S; IAFA,AE; IP; SE,2,3
1029_t0021_s002,"Direct answer to a question, denying something (No, I have not).",REJ; ANS,,2,0
1017_t0081_s001,Acknowledgment plus thanks.,ACK; THK,,2,0
1023_t0198_s004,Brief statement asserting future action.,S,,1,0
1019_t0164_s001,"Bids to speak and corrects/challenges the record, referencing opponent's claim.",CORR; CH; TT,REB,3,1
1022_t0125_s015,Statement with specific figure (20 million) warning of loss of insurance; the framing of a threatening consequence.,S; S-Inform,AF; REB,2,2
1013_t0081_s017,Declarative statement about maintaining prosperity and leadership; hortatory but framed as fact.,S,AP,1,1
1010_t0014_s001,Brief affirmative statement agreeing to do something.,S; AGR,,2,0
1025_t0007_s009,"Speaker asserts personal competence to fix the economy, claiming credit/capability.",S,IT,1,1
1010_t0088_s014,A statement criticizing insults while implicitly rebutting the opponent's rhetorical style.,S,REB,1,1
1011_t0086_s007,Plain declarative acknowledging a problem exists.,S,,1,0
1021_t0070_s010,"Speaker claims personal record of fighting pork barrel bills, taking credit and citing loaded 'pork barrel' framing.",S,IT,1,1
1027_t0226_s001,"Offers to let the listener hear something, a turn-related offer.",IAFA-OF; TT,,2,0
1033_t0051_s004,"Declarative expressing what is needed, giving informative content about business operations.",S,,1,0
1008_t0065_s020,"Statement challenging opponent's record on taxes and defense, referencing and rebutting them.",S; CH,ATTR; REB,2,2
1025_t0258_s001,A name used to hand the floor to another person.,TG,,1,0
1031_t0634_s001,"Statement labeling Antifa a dangerous radical group, using loaded/fear language against a group.",S,AF; PB,1,2
1006_t0097_s009,Speaker frames a policy position as personal judgment about needed health insurance reform.,S,IP,1,1
1025_t0188_s010,"A plain declarative asserting a norm about what 'we' do, implicitly contrasting with the opponent.",S,,1,0
1008_t0050_s008,"Statement attributing a past action and reasoning to the opponent ('you resisted...because you thought'), which challenges/blames them.",S; CH,ATTR; REB,2,2
1011_t0107_s005,Plain declarative characterizing the disagreement as a difference of opinion.,S,,1,0
1015_t0004_s002,Bids to hold the floor ('let me') and thanks the moderator.,THK; TT,,2,0
1025_t0111_s002,"Expresses appreciation, functioning as thanks/acknowledgment.",ACK; THK,,2,0
1023_t0167_s001,Statement drawing on personal governing experience to make a point about compromise.,S,IT; IP,1,2
1015_t0140_s024,Grammatically imperative request for a vote directed at the audience.,IAFA,,1,0
1025_t0245_s043,"Explanatory statement giving a causal reason for low incomes, contains factual/economic claim.",S; EXPL,CB,2,1
1007_t0160_s010,Personal-belief framed statement laying out a policy approach.,S,IP,1,1
1015_t0123_s005,"Declarative evaluating a course of action as a mistake, an opinionated stance.",S,IP,1,1
1031_t0569_s001,"Flat negation, functions as rejection.",REJ,,1,0
1006_t0013_s015,Declarative claiming personal action of proposing something.,S,IT,1,1
1022_t0032_s002,Declarative providing specific factual content about subsidies.,S; S-Inform,,2,0
1019_t0135_s001,Turn-taking bid to restate; often precedes a challenge/paraphrase.,TT,,1,0
1006_t0164_s016,"Hortatory 'we've got to' — a statement, not imperative; shared action framing.",S,UF,1,1
1027_t0071_s005,"Self-crediting claim citing biggest tax cut, with a historical reference to Reagan.",S; S-Inform; HS,IT,3,1
1007_t0148_s001,Direct negative answer.,REJ; ANS,,2,0
1008_t0054_s018,Conditional hortatory statement about protecting families; emotional appeal to children/families and fear framing of prisoners in own home.,S,AF; AE; UF,1,3
1030_t0113_s001,"Cites numbers of endorsements — informative statement, selective favorable evidence for self-promotion.",S; S-Inform,IT; SE,2,2
1031_t0074_s001,Offer/bid to provide an example.,IAFA-OF; TT,,2,0
1031_t0828_s003,An empty/period-only fragment carrying no discourse content.,,,0,0
1026_t0194_s018,Declarative expressing personal preference and willingness to support teachers; emotional/personal stance framing.,S; IAFA-OF,AE; IP,2,2
1003_t0085_s007,"Long declarative citing a treaty and policy positions, referencing his support; contains self-promotion and policy specifics.",S; S-Inform; HS,IT; IP,3,2
1029_t0188_s007,"A brief negative evaluative fragment, a statement judging something as bad.",S,,1,0
1019_t0047_s004,"Statement presenting a conditional problem framing as a zero-sum tradeoff, a false-dilemma style reasoning.",S; EXPL,CB,2,1
1007_t0205_s008,Imperative commands to the audience to stop trusting media and think for themselves; anti-press framing.,IAFA,AE; PB,1,2
1003_t0160_s013,"Declarative expressing personal belief/priority, clearly personal stance framing.",S,IP,1,1
1018_t0039_s015,"Flat refusal statement, a rejection.",S; REJ,,2,0
1001_t0050_s021,Declarative denying an implication about the opponent; a clarification that references opponent's patriotism.,S; CORR,IP,2,1
1015_t0010_s003,"Hortatory statement using 'we have to' addressed to moderator; hortatory but not a bare imperative, expresses shared duty.",S,UF,1,1
1007_t0201_s010,Speaker expresses a personal opinion favoring change; declarative framed as personal belief.,S,IP,1,1
1014_t0032_s002,A hypothetical personal statement about signing a law; self-referential stance.,S,IP,1,1
1026_t0065_s006,Speaker claims credit for positioning and plan; self-promotion.,S,IT,1,1
1022_t0141_s009,"Factual claim about opponent's voting record, with specific number, used to criticize him.",S-Inform; CH,ATTR; REB,2,2
1006_t0119_s003,A fragmentary self-clarification about possibly getting the question wrong.,CORR,,1,0
1006_t0090_s008,Personal opinion generalizing about bureaucratic arrogance from staying too long.,S,IP; CB,1,2
1030_t0265_s007,"Plain geographic factual statement, neutral.",S-Inform,,1,0
1026_t0185_s004,Statement characterizing opponent's prior position; challenges/references opponent.,S; CH,REB,2,1
1015_t0052_s014,"Factual assertion about North Korea's nuclear weapons, likely fear-tinged but plainly informative.",S-Inform,AF,1,1
1031_t0696_s001,"Opens with 'No' rejecting/disagreeing, then gives a counter-reasoning against opponent's claim.",DIS; ANS,REB,2,1
1022_t0019_s004,"A Wh-question about where companies will go; rhetorical framing implying jobs will flee, a false-dilemma type argument.",Q-W; Q-RHET,CB,2,1
1018_t0067_s016,Declarative statement asserting a benefit of a policy; frames own position positively.,S,IP,1,1
1007_t0039_s001,"Opens with 'Well, no, but' rejecting/disagreeing then making a point about subjectivity.",S; REJ,REB,2,1
1011_t0156_s007,Statement of a personal pledge and reference to specific legislation; self-promotion of commitment.,S; S-Inform,IT,2,1
1030_t0309_s023,Declarative hortatory 'we have to'; not imperative. Mild appeal to national pride in 'great people'.,S,AP,1,1
1031_t0784_s028,Flat prediction/rejection of an outcome.,S,,1,0
1021_t0123_s007,"Vague declarative about needing action; hortatory statement, no specific bias, possibly avoiding specifics.",S,,1,0
1018_t0061_s010,Statement claiming personal credit for a record of fighting for fiscal responsibility.,S,IT,1,1
1023_t0073_s004,Declarative challenging a proposal as not conducive to growth; rebuts opponent's approach.,S; CH,REB,2,1
1013_t0167_s001,Neutral definitional statement explaining what a brown field is.,S; EXPL,,2,0
1021_t0080_s006,A declarative offer to help the listener lower premiums; frames self as helper.,S; IAFA-OF,IT,2,1
1033_t0195_s004,Plain declarative assertion predicting inability; no clear bias.,S,,1,0
1025_t0125_s009,Statement about energy policy framing collective control; hortatory but declarative.,S,,1,0
1018_t0028_s004,"Speaker references personal past acknowledgment, self-referential statement.",S,IP,1,1
1008_t0030_s004,"Statement with specific numbers ($30,000, $1261, 15 percent), factual content, also self-promotion of tax cut.",S-Inform,IT,1,1
1031_t0373_s002,Fragment enumerating a point; steering/holding floor.,MS,,1,0
1007_t0205_s026,"Addresses students directly with 'God bless you' and 'American dream', patriotic/emotional appeal.",S,AE; APAT; IT,1,3
1010_t0075_s003,Declarative critiquing something as 'the problem'; a rebuttal against opponent's position.,S; CH,REB,2,1
1014_t0019_s007,Statement characterizing something as political rather than about people; mild framing.,S,CB,1,1
1031_t0812_s006,Statement reporting what others are saying about postmark deadlines; factual restatement.,S,,1,0
1025_t0260_s013,A declarative statement about personal biography referencing self and religion.,S,CBias,1,1
1007_t0035_s001,"Expresses personal disagreement with a prior claim, framed as opinion.",DIS,IP; REB,1,2
1004_t0140_s006,Expresses thanks and cites factual detail (a third Republicans).,S-Inform; THK,,2,0
1017_t0098_s004,Factual claim attacking opponent's record with a specific number.,S-Inform; CH,ATTR; REB,2,2
1023_t0139_s006,Statement assigning blame to credit agencies for misrepresenting investments.,S,ATTR,1,1
1033_t0193_s001,Statement of personal intent and identity as a proud Democrat and American president.,S,AP; IP,1,2
1003_t0069_s010,Narrative statement painting an emotional family scene.,S,AE,1,1
1013_t0099_s001,Hedged statement of personal view about needing enforcement; not an imperative.,S,IP,1,1
1031_t0786_s014,"Imperative command directed at opponent, emphatic and adversarial.",IAFA,AEX; REB,1,2
1017_t0081_s015,Statement crediting broad tax relief; self-promotion of policy outcome.,S,IT,1,1
1008_t0143_s032,"This appears to be a name reference, possibly a moderator identifying a questioner. Neutral procedural content.",S,,1,0
1026_t0069_s005,"A declarative statement critiquing the opponent's budget proposals, referencing them and disagreeing with their effect. This is a rebuttal aimed at the opponent's position.",S; CH,ATTR; REB,2,2
1033_t0193_s008,A factual-sounding declarative statement about federal government deficit spending. Plain assertion.,S,,1,0
1017_t0009_s003,"A general declarative statement expressing a view about presidential decisions. No clear bias, though it reflects a stance.",S,,1,0
1019_t0179_s016,A brief declarative emphasizing importance. Plain statement.,S,,1,0
1017_t0083_s003,Short declarative asserting the audience has a choice. Plain statement.,S,,1,0
1027_t0289_s001,A denial/correction of what the opponent claims was said. This challenges the opponent's characterization.,DIS; CORR,REB,2,1
1015_t0006_s004,"A statement claiming credit for pursuing Al Qaida, self-promotional about administration action.",S,IT,1,1
1001_t0030_s008,"A hortatory declarative about moving forward without harming the economy; 'we've got to' is a statement, not a command, and frames shared action.",S,,1,0
1030_t0071_s017,"A statement characterizing the opponent ('she') as 'playing chicken,' a belittling personal characterization aimed at the opponent.",S,PER; REB,1,2
1023_t0062_s013,"Statement contrasting who is affected by a tax, referencing the opponent to counter a claim.",S,REB,1,1
1003_t0045_s006,Plain declarative asserting importance; no bias.,S,,1,0
1031_t0465_s001,Flat rejection/challenge of a prior claim's accuracy.,REJ; CH,REB,2,1
1027_t0192_s001,Fragmented self-correcting statement.,S; CORR,,2,0
1031_t0752_s001,Incomplete statement describing what the opponent said.,S,,1,0
1029_t0293_s013,Statement praising a person's persistence.,S,,1,0
1011_t0003_s016,Personal stance framed with 'I believe' about policy.,S,IP,1,1
1017_t0163_s007,"Statistic citing jobs figure, self-promotional credit for economic performance.",S-Inform,IT,1,1
1015_t0118_s017,Statement attributing an opposing position to the opponent.,S,REB,1,1
1006_t0092_s003,Personal-stance statement giving reasoning about a policy problem.,S; EXPL,IP,2,1
1018_t0100_s018,"Speaker makes a declarative statement about their past position on quotas, framing it as personal opinion/stance.",S; INT,IP,2,1
1006_t0015_s008,A declarative statement deflecting blame away from both parties.,S,DF,1,1
1014_t0066_s001,Single word acknowledgment/agreement.,ACK,,1,0
1001_t0120_s003,"Declarative assertion about intentions, offering an interpretive claim.",S,,1,0
1007_t0197_s004,Declarative statement framing personal focus/opinion.,S,IP,1,1
1015_t0004_s013,Speaker claims personal capability/credit for leading alliances.,S,IT,1,1
1019_t0151_s005,An anecdotal recollection of a personal visit; narrative statement.,S; HS,,2,0
1029_t0144_s001,Fragment continuing a prior statement referencing Russians and foreign powers.,S,,1,0
1001_t0056_s008,Plain declarative assertion about government's role.,S,,1,0
1019_t0116_s008,"Statement praising troops' performance, appealing to pride.",S,AP,1,1
1007_t0010_s012,"An assertion criticizing the opponent's spending behavior, attributing excessive spending to him.",S; CH,ATTR; REB,2,2
1014_t0129_s008,"Speaker describes their own tax proposal, promoting their policy.",S; S-Inform,IT,2,1
1025_t0069_s001,"Addressing the moderator by name, bidding for the floor.",TT,,1,0
1031_t0700_s018,"Factual comparative claim about carbon absorption, likely a one-sided assertion.",S; S-Inform,,2,0
1006_t0015_s001,States a debt figure as new factual content.,S; S-Inform,,2,0
1010_t0097_s001,"Expresses personal curiosity, a personal stance leading into a question.",S,IP,1,1
1008_t0070_s004,Factual assertion using emotionally charged language (murdered) about an event.,S; S-Inform; HS,AF,3,1
1022_t0157_s023,"Assertion blaming the Democrats for out-of-bounds behavior, a political outgroup attribution.",S; CH,PB; ATTR; REB,2,3
1008_t0032_s002,Detailed statistic-laden claim about the opponent's tax plan and its harmful consequences.,S; S-Inform; CH,AF; REB; SE,3,3
1015_t0062_s009,Emotional personal reflection about a grieving mother and a difficult decision.,S,AE,1,1
1029_t0129_s016,"A short declarative asserting evidence exists, likely used to challenge the opponent's denial.",S; CH,REB,2,1
1013_t0046_s003,Declarative referencing a past administration and expressing a stance about lessons to take seriously.,S; HS,IP,2,1
1010_t0009_s006,"Declarative claiming progress, taking credit for the record.",S,IT,1,1
1001_t0124_s010,Garbled declarative referencing Angola and country understanding; unclear but a statement.,S,,1,0
1033_t0301_s001,"Declarative defending own record, implicitly contrasting with opponent's claim.",S,IT; REB,1,2
1010_t0065_s004,Declarative stating a personal belief and policy stance on Affirmative Action.,S; EXPL,IP; RB,2,2
1004_t0016_s008,"General declarative about accountability, implicitly assigning responsibility to own ticket.",S,IP,1,1
1025_t0249_s005,"Sentence fragment listing an accusation of theft, adversarial toward a foreign actor.",S; S-Inform,,2,0
1021_t0143_s006,"Personal declarative expressing belief and gratitude to the country, patriotic self-narrative.",S,AP; IP,1,2
1007_t0073_s003,"Declarative characterizing opponent's stance as a rigid all-or-nothing position, a straw-man framing.",S; CH,REB; CB,2,2
1033_t0190_s005,"Declarative asserting the bill has been stalled, implying blame for inaction.",S,ATTR,1,1
1007_t0012_s009,Direct affirmative answer to a prior question.,ANS,,1,0
1030_t0049_s002,Plain declarative statement about future technology.,S,,1,0
1018_t0061_s018,Statement of promised policy stance about fiscal responsibility.,S,,1,0
1003_t0144_s026,First-person self-characterization framing personal stance/identity.,S,IP,1,1
1027_t0079_s004,Expresses personal belief about policy with 'I think'.,S,IP,1,1
1019_t0133_s007,States a disagreement referencing difference with opponent.,S; DIS,REB,2,1
1006_t0121_s001,"Requests clarification/help understanding the question, a repeat/clarify request.",R-REQ,,1,0
1003_t0032_s011,"References opponent's repeated prior claim, setting up a rebuttal.",S; MS,REB,2,1
1022_t0148_s008,"Declarative asserting a policy position on protecting the unborn, personal/ideological stance.",S,IP,1,1
1001_t0056_s020,"A declarative expressing what ought to be done using 'we need to', which is hortatory not imperative.",S,,1,0
1030_t0281_s001,"A direct statement attacking the opponent's character as 'the most dangerous person', a personal attack on a named figure.",S; CH,PER; ATTR,2,2
1031_t0551_s001,Empty/period-only sentence with no content.,,,0,0
1011_t0093_s004,"Declarative citing the speaker's own record supporting the war, self-promotion of a factual credential.",S; S-Inform,IT; SE,2,2
1014_t0111_s004,"A long declarative musing on idealistic young people, an emotional appeal.",S,AE,1,1
1023_t0179_s005,Frames as personal opinion with 'my own view' and claims credit for adding to it.,S,IT; IP,1,2
1011_t0041_s010,Declarative expressing what should be done and promising personal action if elected; references crisis.,S,AF; IT; IP,1,3
1030_t0135_s003,A statement of promised personal action with a factual claim about the debt.,S; S-Inform,IT,2,1
1004_t0092_s005,"Statement claiming credit for urging action and applauding, self-promotion.",S,IT,1,1
1008_t0046_s002,"Grammatically imperative commands 'Get people' and 'let them make', a directive.",IAFA,,1,0
1029_t0027_s014,An emphatic statement characterizing the opponent negatively via 'this is who Donald Trump is'.,S,PER; REB,1,2
1004_t0073_s013,A statement with an embedded imperative-like 'remember' framing about Russia/countries; informative reasoning.,S; EXPL,,2,0
1033_t0191_s006,Claims that everyone will pour into the country — a fear-based prediction about consequences.,S,AF; CB,1,2
1029_t0276_s021,"A factual-sounding claim about paying off deficits, with emphatic 'tremendous' repetition; a prediction.",S,CB,1,1
1006_t0190_s010,Statement invoking family leave/childcare hardship — emotional appeal to families.,S,AE,1,1
1008_t0030_s010,Informative statement citing a specific policy figure (50 percent capital gains cut).,S; S-Inform,,2,0
1008_t0065_s010,A hedged statement of opinion about decision-making by the President.,S,IP,1,1
1030_t0236_s012,Personal-stance prediction that people will 'see through it'.,S,IP,1,1
1011_t0148_s010,Anecdotal statement quoting people; emotional/relatable appeal and personal anecdote.,S,AE; SE,1,2
1031_t0761_s001,A flat denial/rejection that the speaker would ever say something.,S; REJ,,2,0
1026_t0067_s004,"Attributes a prediction to the president to contrast with reality, a rebuttal referencing the opponent.",S; CH,ATTR; REB,2,2
1014_t0105_s016,Speaker states personal stance against censorship.,S,IP,1,1
1021_t0068_s001,Affirmative one-word answer/acceptance.,AGR; ANS,,2,0
1010_t0025_s004,Factual assertion with a number about military divisions.,S-Inform,,1,0
1019_t0153_s006,"Speaker frames what is important, holding the floor with a personal-stance framing.",S; TT,IP,2,1
1004_t0052_s017,"Imperative command to look at record, framing Democrats negatively.",IAFA,PB; SE,1,2
1027_t0171_s009,"Hortatory 'we need to' statement about community cooperation, a unity appeal.",S,UF,1,1
1008_t0008_s009,Factual conditional statement with dollar figure about Social Security taxes.,S-Inform,,1,0
1006_t0182_s001,Bids to take the floor to add something.,TT,,1,0
1029_t0220_s013,"Attributes a characterization to the opponent (she), a rebuttal reference.",S,ATTR; REB,1,2
1007_t0087_s005,Explicit disagreement with a prior claim.,DIS,REB,1,1
1004_t0095_s015,Personal statement celebrating anniversary and thanking family; a warm closing.,S; THK,AE,2,1
1017_t0127_s003,"Statement with factual detail challenging opponent's stem cell claim, with numbers.",S-Inform; CH,REB; SE,2,2
1033_t0311_s001,One-word answer/statement.,S,,1,0
1031_t0786_s041,Plain declarative assertion.,S,,1,0
1017_t0132_s008,"Frames as personal opinion, offering reasoning about a judge's decision.",S; EXPL,IP,2,1
1018_t0102_s001,Rebuts/challenges a false claim about self meeting the Black Congressional Caucus; references race group.,S; CH,REB; RB,2,2
1004_t0077_s020,Declarative statement about continuing a policy.,S,,1,0
1031_t0282_s013,Attack on opponent predicting he'll destroy the country; fear-laden blame attribution.,S,AF; PER; ATTR,1,3
1025_t0024_s013,Statement affirming continued policy of drilling.,S,,1,0
1027_t0040_s001,"Speaker cites their own credential/experience as secretary of state, self-promotion of qualifications.",S; HS,IT,2,1
1011_t0143_s003,"A yes-no question requesting to continue discussion, a turn-related procedural ask.",YNQ; T-REQ,,2,0
1027_t0204_s012,"Declarative expressing what should be done ('we need to'); a policy stance, not an imperative.",S,IP,1,1
1030_t0256_s018,Plain declarative assertion about others' motives.,S,,1,0
1033_t0073_s016,"A wh-question that is rhetorical, questioning the situation.",Q-W; Q-RHET,,2,0
1006_t0151_s020,Statement plus a rhetorical question implying failure/blame.,Q-RHET; S,CB,2,1
1026_t0068_s006,"Declarative disagreeing with an approach, implicit rebuttal of opponent's plan.",S; DIS,REB,2,1
1013_t0153_s001,"Long statement challenging opponent's evasion and asserting his own figures are correct, referencing the opponent's non-answer with specific stats.",S-Inform; CH,ATTR; REB; SE,2,3
1010_t0024_s003,Statement claiming personal credit for a legislative package.,S; INT,IT,2,1
1022_t0016_s004,Turn-holding 'look' plus a generalizing statement about taxes.,S; TT,CB,2,1
1015_t0127_s003,Declarative assertion interpreting an event's significance.,S,,1,0
1029_t0108_s003,An incomplete declarative describing a policy step; no bias evident.,S,,1,0
1017_t0037_s007,"Statement with specific factual figures (tons, number of bombs) about nuclear threats; the framing emphasizes danger.",S-Inform,AF,1,1
1033_t0245_s013,"Quotes the Declaration of Independence, a historical/founding reference.",S; HS,APAT,2,1
1001_t0085_s013,Declarative asserting who won't dictate; contains negative framing of federal bureaucracy.,S,,1,0
1004_t0063_s005,States a consensus claim then makes a hortatory appeal to shared action.,S,UF,1,1
1015_t0010_s008,Statement of self-promotion asserting personal resolve on a goal.,S,IT,1,1
1026_t0035_s001,Fragment referencing a status-of-forces agreement; no bias.,S,,1,0
1021_t0099_s016,"Hortatory statement about policy needs; personal anecdote of visiting, and loaded framing of 'cruel Taliban'.",S,UF,1,1
1033_t0353_s009,"Collective optimistic assertion about the economy, framed as shared national action.",S,UF,1,1
1025_t0247_s009,"Describes the opponent's tax-reform proposal in a framing setup; a statement referencing the opponent's idea, cut off mid-sentence.",S,REB,1,1
1001_t0025_s015,"A declarative assertion clarifying a spending vs. taxing point, framed as the speaker's argument.",S; EXPL,IP,2,1
1010_t0068_s011,"Contains imperative 'don't give up on making an extra effort' — a command about policy on affirmative action, touching on race/qualification framing.",S; IAFA,RB,2,1
1004_t0090_s007,Brief plain declarative statement.,S,,1,0
1019_t0148_s007,"Statement of policy intent ('we also have to affirm'), listing specific nations; not imperative. Cultural/national reference.",S; S-Inform,UF,2,1
1013_t0224_s001,Hedged personal-opinion statement attacking opponent's tax plan as favoring the wealthy.,S,IP; REB,1,2
1015_t0044_s022,Statement quoting/paraphrasing to characterize the opponent's antiwar stance negatively.,S,REB; CB,1,2
1006_t0213_s002,Personal statement expressing regard for people; benign declarative.,S,IP,1,1
1004_t0102_s012,Declarative statement about limits of success with addicts; contrastive.,S,,1,0
1030_t0051_s006,Statement presenting a stark either/or framing about immigration — 'we either have a country or we don't' is a false dilemma.,S,AF; CB,1,2
1011_t0044_s001,"Speaker bids to take the floor, addressing the moderator with 'if I may.'",TT,,1,0
1018_t0047_s006,Declarative self-characterization framing personal purpose; mild self-promotion.,S,IT,1,1
1027_t0133_s037,Statement blaming a named opponent (Clinton) for a problem.,S; CH,PB; ATTR; REB,2,3
1011_t0115_s008,Directly disputes opponent's honesty and claims addressing the audience/opponent.,S; CH,PER; REB,2,2
1019_t0035_s012,Bare imperative telling the listener to look.,IAFA,,1,0
1018_t0033_s004,Statement citing a specific numerical voting record against opponent.,S-Inform; CH,ATTR; REB; SE,2,3
1019_t0113_s020,Statement promising change under own presidency; self-promotional framing.,S,IT,1,1
1006_t0015_s032,Statement providing a specific figure/timeframe.,S-Inform,SE,1,1
1022_t0060_s005,Long statement addressing opponent's ads and asserting willingness to be attacked; references opponent's campaign.,S; CH,REB,2,1
1018_t0105_s007,Personal narrative referencing religious upbringing and values; cultural/religious framing.,S; HS,APAT; IP; CBias,2,3
1022_t0026_s003,"Declarative referencing a historical program/era, providing factual content.",S; HS,,2,0
1023_t0133_s009,"Statement with a specific number and named legislation, likely cited one-sidedly to critique Dodd-Frank.",S-Inform,SE,1,1
1026_t0150_s004,Declarative stating personal policy stance/attitude taken in office.,S,IT; IP,1,2
1031_t0770_s002,Empty punctuation-only token; no discourse content.,,,0,0
1031_t0495_s003,"Wh-question aimed at opponent's record, implying he did nothing.",Q-W; CH,AEX; REB,2,2
1027_t0150_s017,"Declarative expressing what ought to happen ('have to'), not an imperative; law-and-order framing.",S,,1,0
1029_t0269_s003,Statement of personal belief about policy.,S,IP,1,1
1022_t0110_s001,"Declarative complimenting opponent, personal stance of admiration.",S,IP,1,1
1006_t0088_s002,"Offer/willingness to respond, taking the turn.",IAFA-OF; TT,,2,0
1023_t0206_s014,Imperative directing listener to examine the record.,IAFA,,1,0
1031_t0666_s005,Personal anecdote framing a drug problem as widespread among people known at home; a statement with emotional resonance.,S,AE,1,1
1015_t0140_s004,Declarative assertion promising something won't happen while the speaker is president; self-referential authority claim.,S,IT,1,1
1003_t0042_s004,Statement attributing a tactic to Republicans as a political outgroup.,S,PB,1,1
1014_t0075_s016,"Historical self-reference citing a specific past vote and role, factual detail.",S-Inform; HS,IT,2,1
1004_t0002_s006,Statement promoting the uniqueness of the speaker's candidacy; self-promotion and populist framing.,S,AP; IT,1,2
1030_t0065_s007,"Statement asserting hacking activity; factual accusation, sounds like appeal to threat.",S,AF,1,1
1017_t0073_s016,"Reports what opponent said about a health plan, with 'novel' possibly skeptical; discourse continues an argument referencing opponent.",S,REB,1,1
1031_t0657_s006,Empty punctuation-only sentence with no content.,,,0,0
1001_t0083_s007,Hortatory 'think about' framing invoking a fearful/emotional scenario of a child unable to play safely.,IAFA,AF; AE,1,2
1025_t0183_s001,"Statement introducing the opponent's contrasting response, setting up a rebuttal.",S; MS,REB,2,1
1008_t0112_s003,Declarative expressing a personal belief/stance about balancing environment and economy.,S,IP,1,1
1006_t0172_s024,A short interrogative fragment seeking clarification about factories.,YNQ,,1,0
1018_t0089_s017,"Declarative challenging the opponent's claim about the decision to go to war, framed as fact.",S; CH,REB,2,1
1007_t0095_s002,Expresses agreement with Ross and a personal stance on lobbyist restrictions.,S; AGR,IP,2,1
1006_t0228_s001,"A bare noun fragment naming an institution, likely a factual reference.",S,,1,0
1027_t0133_s023,Declarative self-assessment presenting personal financial standing favorably.,S,IT,1,1
1011_t0070_s013,Long explanatory statement giving reasoning about Serbian sentiment and NATO.,S; EXPL,,2,0
1031_t0684_s010,Informative statement describing forest floor conditions with descriptive detail.,S; S-Inform,,2,0
1015_t0042_s007,"Statement referencing the opponent's speech and quoting it, providing factual recount.",S; HS,,2,0
1017_t0039_s022,"References own past speech (self/historical) and states the 'Axis of Evil' framing, using fear-laden language about hostile nations.",S; S-Inform; HS,AF; IT,3,2
1031_t0663_s001,Plain declarative assertion about someone making money.,S,,1,0
1004_t0010_s012,"Speaker states a personal stance/opinion critiquing an approach, implicitly criticizing the opponent's negativity.",S,IP; REB,1,2
1033_t0065_s016,Imperative command dismissing the topic; deflects away from substance.,IAFA,DF,1,1
1010_t0025_s001,"States non-disagreement but adds a critical jab that the opponent waited four years, a rebuttal with self-promotion of promised action.",S; REJ,IP; ATTR; REB,2,3
1019_t0094_s001,"Fragmentary statement, cut off, plain factual assertion.",S,,1,0
1011_t0165_s019,Plain declarative statement.,S,,1,0
1010_t0055_s002,"Factual statement referencing a policy recommendation, informative content.",S; S-Inform,,2,0
1031_t0161_s001,Emphatic evaluative statement rejecting/condemning something.,S,,1,0
1021_t0033_s005,Statement claiming personal competence/credit.,S,IT,1,1
1027_t0087_s002,Rhetorical opener bidding to hold the floor rather than seeking an answer.,Q-RHET; TT,,2,0
1025_t0222_s013,A declarative expressing a view about two-parent families with a qualification.,S; IAFA,,2,0
1027_t0146_s001,A hedged declarative expressing personal opinion that it is time for something.,S,IP,1,1
1030_t0329_s005,"A declarative warning of negative consequences for Social Security and Medicare, invoking threat.",S,AF,1,1
1004_t0082_s019,A flat declarative refusal to do something.,S; REJ,,2,0
1025_t0222_s020,An informative statement describing a program (Fast and Furious) with critical framing of the administration.,S; S-Inform,ATTR; SE,2,2
1033_t0328_s008,"An explanatory declarative giving reasons for cancer deaths in the speaker's state, with emotional weight.",S; EXPL,AE,2,1
1006_t0045_s002,A hedged statement steering toward discussing the issues.,S; MS,IP,2,1
1025_t0103_s003,"A narrative recounting a personal anecdote, quoting the speaker's own question to staff.",S; HS,IP,2,1
1026_t0067_s002,"A self-promotional statement claiming knowledge to create jobs, with specific numbers.",S; S-Inform,IT,2,1
1004_t0038_s012,A declarative expressing personal stance against isolationism and blaming foreigners.,S,IP,1,1
1010_t0088_s015,"Speaker claims personal effort over four years, taking credit for work done.",S,IT,1,1
1023_t0024_s010,"A denial/rejection of a prior claim, likely rebutting the opponent.",S; DIS,REB,2,1
1013_t0193_s003,Address form used to hand or manage the floor to the Vice President.,TG,,1,0
1030_t0008_s007,Declarative statement clarifying his position on gun rights; expresses stance.,S; EXPL,IP,2,1
1014_t0090_s008,Declarative explaining his policy positions with personal stance framing.,S; EXPL,IP,2,1
1025_t0012_s003,States personal policy goal to build manufacturing jobs; frames own intention.,S,IP,1,1
1018_t0041_s006,"Loaded characterization calling a practice brutal, an emotional/fear framing.",S,AE,1,1
1004_t0066_s014,Imperative asking to be given a chance to do something.,IAFA; T-REQ,,2,0
1021_t0041_s014,Bids to hold the floor to make a final point.,TT,,1,0
1015_t0133_s002,Statement of personal reaction; expresses stance.,S,IP,1,1
1003_t0078_s013,"Speaker acknowledges others hold a differing view; a plain declarative expressing awareness, framed as personal stance.",S,IP,1,1
1026_t0112_s023,Declarative statement of policy intent to maintain pressure; no clear bias slant.,S,,1,0
1023_t0042_s004,States personal policy plan; self-referential stance about own plan.,S,IP,1,1
1017_t0161_s003,Statement noting both have strong convictions; personal-stance framing.,S,IP,1,1
1018_t0074_s018,Statement describing an initiative worked on; self-credit for the effort.,S,IT,1,1
1007_t0162_s002,Short declarative asserting soundness; opinionated evaluation but minimal.,S,,1,0
1031_t0176_s007,Declarative statement expressing trust in scientists; a stance.,S,IP,1,1
1019_t0153_s009,"Dismissive evaluation of a prior claim/action, challenging its validity.",S; CH,REB,2,1
1026_t0059_s002,Conditional statement about American influence growing; collective/national framing.,S,UF,1,1
1014_t0029_s001,Moderator's one-word procedural prompt for a follow-up question.,TG,,1,0
1019_t0153_s018,Declarative asserting a policy approach involving multiple energy sources.,S,IP,1,1
1027_t0010_s005,"Statement criticizing opponent's plan by labeling it 'trickle-down economics,' a rebuttal referencing the opponent.",S; CH,ATTR; REB,2,2
1029_t0142_s007,Statement praising something as presidential leadership; personal opinion framing.,S,IP,1,1
1013_t0141_s019,Imperative/hortatory quote invoking a moral/religious principle.,IAFA,AE,1,1
1017_t0011_s003,"Declarative asserting increased danger, invoking fear.",S,AF,1,1
1025_t0006_s001,Simple expression of thanks.,THK,,1,0
1017_t0021_s020,Plain declarative about meeting with them regularly.,S,,1,0
1007_t0008_s001,"Statement criticizing a plan for not balancing the budget, challenging its merit.",S; CH,REB,2,1
1029_t0276_s027,"Statement blaming the EPA for putting energy companies out of business, loaded and one-sided.",S,ATTR; SE,1,2
1022_t0108_s009,Statement citing a numeric capacity figure.,S; S-Inform,,2,0
1025_t0131_s012,Declarative attributing responsibility for a plan to the president; mild blame/attribution framing depending on context but plainly a statement.,S,ATTR,1,1
1007_t0012_s010,Declarative asserting taxpayers should be glad; frames a president standing up to a 'spending Congress' with negative outgroup framing and self/credit tone.,S,PB,1,1
1011_t0083_s007,"Sentence fragment continuing a list of issues, essentially a statement/topic item.",S,,1,0
1017_t0020_s010,Speaker signals holding the floor ('I have to tell you') and states a personal stance to do something different.,S; TT,IP,2,1
1031_t0087_s001,"Yes-no question probing the opponent's prior position, challenging them.",YNQ; CH,REB,2,1
1014_t0133_s003,Declarative acknowledging disagreement among good people; personal framing of an issue.,S,IP,1,1
1033_t0290_s006,Plain factual declarative admitting an election loss.,S,,1,0
1013_t0139_s003,Personal stance statement giving reasoning ('because too many criminals are getting guns').,S; EXPL,IP,2,1
1017_t0115_s009,"Declarative factual claim about taxes rising, informative content.",S; S-Inform,,2,0
1006_t0242_s003,"Procedural closing statement giving time/channel details, neutral.",S; S-Inform,,2,0
1006_t0172_s002,A declarative asserting what leaders should say/do about public schools; frames a principle rather than commanding the listener directly. Contains a mild personal-stance framing.,S,IP,1,1
1013_t0161_s019,Plain declarative asserting the state cares about children; emotional appeal via 'our children'.,S,AE,1,1
1033_t0018_s002,"Statement with a factual/numeric detail (40 countries) that criticizes an opponent's timing, functioning as a blame/rebuttal.",S-Inform; CH,ATTR; REB; SE,2,3
1018_t0089_s014,"Reports what the opponent said, referencing a place; a statement used to challenge or contrast with reality.",S; CH,REB,2,1
1031_t0638_s009,"Declarative claiming progress in rebuilding, taking credit for improvement.",S,IT,1,1
1015_t0104_s001,"Declares that the question posed was loaded/biased, challenging the framing rather than answering it.",S; CH,REB; IA,2,2
1033_t0055_s006,Informative statement citing geographic spread of spikes; largely factual with an inclusive framing 'they're all Americans'.,S-Inform,,1,0
1004_t0080_s013,Grammatically imperative bare command directed at reopening society.,IAFA,,1,0
1006_t0132_s007,"Statement invoking personal knowledge of struggling businesses, an emotional/experiential appeal.",S,AE,1,1
1021_t0143_s013,Declarative asserting economic decline; presents a one-sided claim as fact.,S,SE,1,1
1011_t0156_s005,"A vague declarative introducing an example, holding the floor.",S,,1,0
1017_t0110_s023,A declarative statement of policy intention.,S,,1,0
1017_t0087_s007,A rhetorical wh-question setting up an attack on the opponent's proposal.,Q-W; Q-RHET,REB,2,1
1029_t0226_s003,Statement addressed to opponent claiming personal lifelong credit for supporting families.,S,IT,1,1
1011_t0117_s005,An imperative command to stop a line of questioning.,IAFA,DF,1,1
1001_t0133_s002,A vocative address / turn handoff to the Vice President.,TG,,1,0
1029_t0009_s010,"Statement expressing personal hope for coming together, unity framing.",S,UF; IP,1,2
1017_t0112_s019,Rhetorical question loaded with statistics attacking opponent's tax plan.,YNQ; Q-RHET; S-Inform,AF; REB,3,2
1030_t0256_s011,Plain declarative factual assertion.,S,,1,0
1013_t0002_s016,Statement claiming personal accomplishment.,S,IT,1,1
1025_t0131_s017,Declarative asserting the opponent failed to act; references opponent negatively as a critique.,S; CH,ATTR; REB,2,2
1008_t0074_s019,Statement contrasting good provisions with a critical 'massive takeover' framing of a bill.,S; CH,AF; REB,2,2
1033_t0018_s007,Hortatory statement expressing what should be done; not a bare imperative but expresses collective sentiment.,S,,1,0
1022_t0088_s003,"Declarative asserting a claim about the opponent's campaign focus, critical framing.",S; CH,ATTR; REB,2,2
1003_t0171_s019,Thanks plus patriotic/religious closing benediction.,THK,APAT,1,1
1033_t0079_s008,Plain factual declarative about a personal action.,S,,1,0
1029_t0140_s018,Bare imperative inviting action.,IAFA; IAFA-OF,,2,0
1023_t0047_s005,Statement with loaded 'unfortunately' attributing a negative outcome to opponent.,S; CH,ATTR; REB,2,2
1007_t0205_s006,"Rhetorical framing posing the choice as the real question, steering the topic.",Q-RHET; S,DF; CB,2,2
1018_t0028_s013,"Statement with future promise and specific figure, self-promotional claim of what I'll do.",S; S-Inform,IT,2,1
1025_t0014_s016,"Speaker explains their business plan, citing specific companies as precedent; a factual/explanatory statement.",S; EXPL,SE,2,1
1017_t0134_s006,Speaker states a personal belief/stance about judges.,S,IP,1,1
1019_t0124_s018,Statement expressing belief and drawing a contrast with the opponent McCain; a rebuttal referencing the opponent with personal stance.,S; DIS,IP; REB,2,2
1031_t0549_s004,Statement with vague hyperbolic claim about New York; exaggeration without specifics.,S,CB,1,1
1023_t0144_s015,"Cites a specific dollar figure about Medicare cuts, an informative statement that selectively frames the policy.",S-Inform,SE,1,1
1021_t0096_s003,Narrative statement recounting events; factual recounting with new content.,S; S-Inform; EXPL,,3,0
1013_t0070_s014,Statement recounting historical involvement in NATO.,S; HS,,2,0
1001_t0061_s018,Plain declarative assertion about readiness of governors and mayors.,S,,1,0
1030_t0121_s003,Bare imperative command.,IAFA,,1,0
1015_t0016_s018,Short optimistic declarative assertion of collective success.,S,UF,1,1
1017_t0021_s024,Declarative asserting the speaker's plan succeeds; self-promotional credit-taking.,S,IT,1,1
1010_t0131_s011,"Declarative expressing what ought not happen; hortatory stance on non-discrimination, mentions race.",S,IP; RB,1,2
1021_t0143_s024,Procedural turn assignment handing floor.,TG,,1,0
1022_t0107_s006,Declarative with emotional framing about children's future and burden.,S,AE,1,1
1023_t0129_s005,Declarative asserting a hypothetical about banking regulation.,S,,1,0
1014_t0148_s022,Cites a superlative claim (credit-taking) and makes a promise/offer.,S-Inform; IAFA-OF,IT; SE,2,2
1025_t0042_s001,Bids to hold the floor to narrate; sets up an explanation.,TT,,1,0
1019_t0032_s006,Declarative claiming personal financial responsibility; self-promotion.,S,IT,1,1
1003_t0042_s001,Statement referencing opponent's rhetoric ('the labels') as a rebuttal-style pushback.,S; MS,REB,2,1
1018_t0111_s003,Personal declarative expressing stance; references women around him.,S,IP,1,1
1030_t0110_s004,A declarative asserting a norm about nuclear command authority; states what must happen but is not imperative.,S,,1,0
1033_t0004_s019,Speaker cites personal experience to lend credibility; a personal-stance/testimonial statement.,S; EXPL,IP,2,1
1007_t0103_s001,"Brief factual statement about own action, taking credit for volunteering.",S,IT,1,1
1004_t0082_s013,References opponent's inconsistency between statements and policies; a rebuttal challenging the opponent.,S; CH,REB,2,1
1021_t0036_s016,Hortatory statement about what we need to do; not grammatically imperative.,S,UF,1,1
1017_t0137_s002,Personal expression of respect regarding beliefs about life; framed as personal stance.,S,IP,1,1
1027_t0061_s002,Personal-opinion statement about economic priorities.,S,IP,1,1
1014_t0062_s006,Conditional self-promotion positioning himself as the fighter for the middle class.,S,AE; IT,1,2
1008_t0100_s021,A why-not question phrasing raising fairness for low-income Americans; open/rhetorical framing appealing to emotion.,Q-W,AE,1,1
1017_t0101_s001,"Cites a specific policy achievement with a percentage figure, taking credit.",S-Inform,IT,1,1
1030_t0157_s005,"A declarative acknowledging the listener's experience, no bias.",S,,1,0
1027_t0196_s005,A flat declarative asserting something is wrong; challenges an implied claim.,S; DIS,,2,0
1007_t0117_s003,Speaker explains own action referencing the other's words; self-justification with reasoning.,S; EXPL,,2,0
1015_t0021_s003,A declarative disagreement referencing the opponent's stated position on Iraq.,S; DIS,REB,2,1
1029_t0045_s001,Fragment referencing a prior debate; historical/self reference.,S; HS,,2,0
1004_t0016_s007,A yes-no question probing whether events occurred during official tenure; adversarial framing.,YNQ,AEX,1,1
1018_t0098_s012,Factual claim about law enforcement support for the assault weapons ban.,S; S-Inform,,2,0
1029_t0119_s006,"Statement about successful Muslims, culturally framed positively.",S,,1,0
1011_t0140_s002,Assertion about opponent's Social Security plan; critical attribution.,S; CH,ATTR; REB,2,2
1014_t0081_s015,"Factual claim with self-correction, citing trends and division numbers; selective framing of decline before his tenure.",S; S-Inform; CORR,SE,3,1
1029_t0029_s002,"A short declarative response, likely answering a prior implicit question about being called on.",S; ANS,,2,0
1006_t0236_s017,Speaker expresses a personal hope/aspiration; a personal stance statement.,S,IP,1,1
1004_t0087_s010,"Informative statement citing a specific action (no-fly operation, UN) with self-credit framing of US leadership.",S-Inform,IT,1,1
1004_t0049_s018,"Declarative expressing personal preference against a policy, loaded term 'tax-and-spend'.",S,PB; IP,1,2
1007_t0186_s013,Statement invoking 'our country and our children' — emotional and unity framing.,S,AE; UF,1,2
1011_t0072_s013,Declarative demanding the opponent leave office — an attack/blame framing though phrased as a statement.,S,ATTR,1,1
1022_t0102_s003,"Factual claim about opponent's voting record, used as a criticism/rebuttal.",S-Inform,ATTR; REB,1,2
1027_t0026_s009,Statement citing debt figures and blaming the Obama administration for topping historical debt.,S-Inform,ATTR; REB,1,2
1033_t0195_s002,"Hortatory 'we should' statement, not an imperative; expresses policy stance about aiding small businesses.",S,IP,1,1
1025_t0261_s013,"Factual claim about what the president said, used to challenge/rebut.",S,REB,1,1
1014_t0023_s017,"A fragment citing a dollar figure, providing factual/numeric content.",S-Inform,,1,0
1021_t0121_s007,"Declarative asserting what should be, plus a critical claim about current state; expresses stance.",S,IP,1,1
1004_t0040_s009,"Declarative statement asserting others' intent, framed as candid personal claim.",S,IP,1,1
1003_t0167_s007,Attacks a person tied to opponent as jailed and betraying trust; personal attack and blame.,S; CH,PER; ATTR,2,2
1027_t0242_s016,Short declarative labeling something; plain assertion.,S,,1,0
1015_t0066_s003,"Statement challenging opponent's consistency, quoting/mocking his position; rebuttal against opponent.",S; CH,PER; REB,2,2
1027_t0180_s001,"Self-referential rambling about visiting cities; self-promotion of activity, also references inner cities.",S; HS,IT,2,1
1004_t0125_s013,Hortatory 'let's start' framing shared action; blames insurance companies as profiteers.,S,PER; ATTR,1,2
1003_t0094_s001,Requests permission to disagree with the question's premise; turn/floor request and disagreement.,DIS; T-REQ,REB; CB,2,2
1026_t0072_s001,Bids to take the floor to speak.,TT,,1,0
1033_t0310_s001,"An imperative challenging the opponent's scientific claim, implying no such scientist exists.",IAFA; CH,REB; CB,2,2
1010_t0011_s008,Plain declarative asserting an effort to help; mild self/group credit framing.,S,,1,0
1033_t0175_s007,A wh-question posing a rhetorical concern about a group's fate.,Q-W,AE,1,1
1033_t0020_s004,"Declarative that jabs at 'Joe' hiding in a basement, mocking the opponent.",S; CH,PER; REB,2,2
1031_t0207_s002,Statement attributing blame to the opponent for knowing danger and not warning.,S; CH,PER; ATTR; REB,2,3
1033_t0043_s005,An imperative command directing action about reopening.,IAFA,,1,0
1014_t0021_s014,Turn-holding bid to explain the speaker's own plan.,S; TT,IT,2,1
1033_t0020_s020,A statistic cited to downplay severity; selectively favorable framing.,S-Inform,SE,1,1
1003_t0040_s012,Personal-stance statement expressing disagreement with the ACLU.,S; DIS,IP,2,1
1029_t0065_s001,An incredulous echo question challenging a figure just cited.,YNQ; CH,REB,2,1
1017_t0039_s011,"Declarative statement characterizing opponent's policy as naive/dangerous, a rebuttal with fear framing.",S; CH,AF; REB,2,2
1030_t0126_s009,Declarative expressing personal stance/desire on equal pay policy.,S,IP,1,1
1007_t0199_s006,Statement attacking opponent's policy and challenging accuracy of his claims.,S; CH,ATTR; REB,2,2
1018_t0107_s015,Short declarative claiming personal credit for having done something.,S,IT,1,1
1025_t0132_s014,Statement blaming opponent's named policies for poor economic performance.,S; CH,ATTR; REB,2,2
1021_t0052_s001,Statement of what should be done on entitlements; hortatory but declarative with personal stance.,S,IP,1,1
1027_t0216_s006,Speculative statement about another country's rising power.,S,,1,0
1011_t0148_s007,"Declarative moral judgment, likely rebutting something referenced.",S; DIS,REB,2,1
1029_t0037_s017,"Imperative command directed at opponent, an adversarial jab.",IAFA,AEX; REB,1,2
1022_t0005_s021,"Statement of what the nation ought to do, collective 'we' unity framing.",S,UF,1,1
1004_t0029_s002,"An incomplete fragment referencing the speaker's plan, cut off. It functions as an interrupted statement.",S,,1,0
1015_t0010_s007,"The speaker touts military endorsements and claims he'd be a stronger commander in chief — self-promotion with new factual content (names, endorsements).",S-Inform,IT; IP,1,2
1023_t0175_s001,A short fragmentary statement listing values.,S,,1,0
1018_t0055_s008,A plain declarative assertion about congressional options.,S,,1,0
1014_t0105_s002,Personal statement expressing pride in his family; an emotional/family appeal.,S,AE,1,1
1029_t0106_s001,An optimistic declarative assertion of capability.,S,,1,0
1008_t0057_s012,"Statement challenging the opponent's cited numbers, referencing what they mentioned.",S; CH,REB,2,1
1033_t0330_s001,"A yes-no question directed at the opponent about closing the oil industry, with self-correction of pronoun.",YNQ,,1,0
1004_t0004_s008,"A hortatory declarative ('we must') appealing to shared courage and hope; unity framing, not an imperative.",S,AE; UF,1,2
1030_t0319_s004,Personal statement expressing impatience.,S,IP,1,1
1030_t0037_s015,"Speaker asserts a personal record of support for border security, promoting own consistency.",S,IT,1,1
1031_t0378_s002,"Incomplete statement citing what others said, cut off mid-sentence.",S,,1,0
1031_t0784_s031,"A yes-no/alternative question containing the loaded term 'lies,' framing the opponent negatively.",YNQ,PER; BQ,1,2
1006_t0172_s040,Emotional appeal invoking a suffering child to evoke sympathy.,S,AE,1,1
1001_t0050_s014,Declarative statement acknowledging the opponent's right to his views.,S,,1,0
1021_t0052_s016,A flat disagreement/complaint about unfairness.,DIS,REB,1,1
1001_t0088_s020,"Declarative assertion reframing what the debate is about, redirecting focus.",S,DF,1,1
1001_t0041_s003,Plain declarative praising the Surgeon General's work.,S,,1,0
1018_t0075_s018,"Statement of policy goals plus a claim of ongoing achievement ('we're beginning to close'), taking credit.",S,IT,1,1
1029_t0092_s002,"Emphatic declarative labeling a policy a disaster, a loaded fear/attack framing of the opponent's signature program.",S,AF; REB,1,2
1003_t0060_s009,"A dismissive declarative implying someone is unknown/insignificant, belittling.",S,PER,1,1
1030_t0279_s001,A directive deflecting the question toward Bernie Sanders rather than answering.,IAFA; DIS,DF; IA,2,2
1006_t0151_s014,Statement with specific numbers and a policy stance framed as personal preference.,S-Inform; EXPL,IP,2,1
1025_t0209_s001,"Offer/bid to continue, holding the floor.",IAFA-OF; TT,,2,0
1017_t0029_s002,Bids to take the floor and rebuts the opponent's answer as 'more of the same.',CH; TT,REB,2,1
1008_t0101_s002,Claims credit for expanding school choice via own budget.,S,IT,1,1
1023_t0024_s003,Personal statement of position on tax policy.,S; IAFA,IP,2,1
1030_t0024_s007,"Attributes a position to the opponent, framing negatively.",S,ATTR; REB,1,2
1025_t0007_s003,Statement describing a specific program with credit-taking ('we gave').,S-Inform,IT,1,1
1014_t0111_s005,Emotional/patriotic appeal about generations forming 'a more perfect union.',S,AE; APAT; UF,1,3
1021_t0010_s008,Cites a specific statistic (3 million people) as factual content.,S-Inform,,1,0
1010_t0096_s016,Speaker acknowledges the other's point as important; hedged concession.,S; ACK,IP,2,1
1010_t0096_s011,Narrates a past event about vote counts; factual recounting with implied grievance.,S,,1,0
1025_t0150_s003,"Clarifies what he previously said about the Arizona law, a self-clarification with factual detail.",S-Inform; CORR,,2,0
1003_t0023_s001,Direct answer opening with 'No' declining to make a promise.,S; ANS,IP,2,1
1030_t0309_s006,Self-promoting boast about a 'tremendous machine' while dismissing need for the question.,S,IT,1,1
1017_t0094_s005,Bare statistic citing job numbers.,S-Inform,,1,0
1001_t0108_s026,Factual statement about Bush's stance changing; may imply criticism of inconsistency.,S,,1,0
1021_t0091_s002,Statement noting cruelty in the world; mildly emotive framing.,S,AE,1,1
1027_t0275_s002,Hortatory statement expressing what is needed; emotional appeal.,S,AE,1,1
1007_t0059_s001,A dismissive declarative asserting everyone is only superficially addressing an issue; belittles others' efforts as inadequate.,S,CB,1,1
1008_t0030_s003,"Plain declarative describing a tax cut, framing it positively as family-oriented.",S,,1,0
1033_t0087_s011,Statement singling out and attacking the opponent regarding profiting from China.,S; CH,PER; ATTR; REB,2,3
1014_t0108_s002,Declarative listing media beyond movies; informative enumeration.,S,,1,0
1011_t0021_s001,Speaker bids to respond and attacks opponent's fear tactics as old-style Washington politics.,S; CH; TT,AF; PB; REB,3,3
1031_t0025_s001,Short self-referential declarative claiming to embody the party; self-promotion.,S,IT,1,1
1030_t0232_s001,Personal narrative accusing opponent's ads of being false; rebuttal with attack.,S; CH,PER; REB,2,2
1030_t0157_s012,"Wh-question but rhetorical, implying incompetence over missing money.",Q-W; Q-RHET,BQ; ATTR,2,2
1021_t0143_s016,Declarative arguing continuing past policies won't yield different results; a stance/argument.,S,IP; REB,1,2
1021_t0075_s022,"Self-deprecating aside about hair transplants; light humor, no bias.",S,,1,0
1001_t0090_s019,"Declarative statement describing someone's past actions, framed positively.",S,,1,0
1027_t0271_s004,Declarative assertion about policy limits; states a position.,S,IP,1,1
1033_t0097_s002,Short declarative distinguishing time periods; likely a rebuttal contrasting with prior claim.,S,,1,0
1025_t0245_s005,Declarative statement with emotional resonance about job loss.,S,AE,1,1
1023_t0167_s007,Declarative asserting personal principles; personal stance.,S,IP,1,1
1023_t0024_s021,Statement of policy intent framed as personal goal.,S,IP,1,1
1010_t0090_s015,Factual claim about credit card debt at record levels.,S-Inform,,1,0
1030_t0105_s011,Declarative attacking the opponent as having been outsmarted; personal attack referencing opponent.,S; CH,PER; REB,2,2
1010_t0135_s024,Declarative aspirational claim about college access.,S,,1,0
1010_t0004_s019,Conditional collective aspiration invoking shared future.,S,UF,1,1
1030_t0113_s003,Declarative asserting cost; 'a fortune' is loaded/emphatic framing suggesting waste.,S,CB,1,1
1030_t0024_s009,Declarative statement of personal commitment to a policy position.,S,IP,1,1
1001_t0063_s010,"Fragment, unclear; appears to be an incomplete reference with no clear act or bias.",S,,1,0
1007_t0109_s012,Long declarative expressing the speaker's belief about presidential responsibility; opens with 'I think'.,S; INT,APAT; IP,2,2
1029_t0188_s008,"Declarative expressing what government ought to have done, implicitly blaming past governance.",S,IP; ATTR,1,2
1031_t0786_s022,"Declarative claim about mass ballots, framed as alarming; fear/insinuation about election integrity.",S; S-Inform,AF; SE,2,2
1017_t0090_s010,Declarative claiming personal credit for lowering health care cost.,S,IT,1,1
1013_t0008_s003,Long declarative expressing belief about U.S. power; 'I think' personal stance.,S,AP; IP,1,2
1004_t0059_s021,Declarative expressing personal orientation/opinion toward action.,S,IP,1,1
1029_t0011_s025,Declarative expressing intent to help inner cities and minorities; references racial/ethnic groups with flattering framing.,S,IT; IP; RB,1,3
1008_t0020_s004,"Declarative reporting what an opponent said, framed to expose inconsistency.",S; CH,REB,2,1
1010_t0135_s020,"Fragment listing threats to children (drugs, gangs, guns) framed protectively.",S,AF; AE,1,2
1003_t0106_s011,Declarative referencing personal experience at various political levels.,S,IP,1,1
1004_t0031_s009,Truncated fragment naming a person; no complete act.,,,0,0
1026_t0140_s006,Factual comparative claim implying credit for improvement.,S,IT,1,1
1006_t0102_s004,"Cites third-party conclusions with numbers favorable to self, contrasting with opponent.",S-Inform,IT; SE,1,2
1031_t0784_s021,Conditional statement about accepting results.,S,IP,1,1
1027_t0202_s001,Bid to speak followed by self-promoting claim of endorsements.,S; TT,IT,2,1
1030_t0105_s015,Assertion blaming an outgroup for taking over a region; alarming framing.,S,AF; ATTR,1,2
1007_t0150_s006,"Statement citing a person's race as evidence of one's own record, defensive self-reference.",S,IT; RB,1,2
1019_t0124_s012,"Agrees with McCain then makes a statement about not tolerating a nuclear Iran, with threat framing.",S; AGR,AF,2,1
1031_t0778_s003,Empty punctuation-only content; no discourse act.,,,0,0
1026_t0006_s013,"Expresses sympathy, an emotional statement.",S,AE,1,1
1019_t0067_s006,Declarative statement asserting importance of nuclear power for oil dependence and climate.,S,IP,1,1
1030_t0311_s003,Historical reference to a 1987 ad used to undermine opponent's claim; a rebuttal citing selected evidence.,S-Inform; CH; HS,ATTR; REB,3,2
1029_t0151_s014,"Quoted wish, a hypothetical statement.",S,,1,0
1019_t0060_s006,Explanation with 'part of the reason' attributing blame to lobbyists shaping Medicare.,S; EXPL,ATTR,2,1
1015_t0094_s001,Backchannel acknowledgment.,ACK,,1,0
1030_t0110_s006,Statement with factual claim that officials distrust Trump with nuclear codes; a personal attack on opponent using fear framing.,S-Inform; CH,AF; PER; REB,2,3
1007_t0117_s010,"Wh-question, likely rhetorical challenge to a critic.",Q-W; Q-RHET,REB,2,1
1011_t0163_s023,Speaker claims personal credit for a bipartisan record.,S; HS,IT,2,1
1001_t0025_s014,Cites a statistic/percentage as factual content.,S-Inform,SE,1,1
1027_t0259_s019,"Criticizes a policy deal made by others, implying blame for a poor decision.",S,ATTR,1,1
1017_t0066_s015,Statement attributing an action to the president with emotional 'belongs to you' framing.,S,AE; ATTR,1,2
1015_t0104_s004,Expresses appreciation and personal sentiment about family kindness.,S; THK,AE,2,1
1001_t0030_s002,States a personal goal/desire.,S,IP,1,1
1008_t0071_s016,Emotional framing about family and business while advocating a policy stance.,S,AE,1,1
1008_t0083_s001,Incomplete/interrupted declarative fragment.,S,,1,0
1013_t0075_s017,Hortatory statement about how the military should be used; not imperative.,S,UF,1,1
1021_t0093_s016,Asserts personal knowledge/experience of situations.,S,IP,1,1
1022_t0088_s016,Fragmentary declarative introducing a reference to a person; incomplete statement.,S,,1,0
1007_t0071_s009,"Hortatory conditional advice about admitting mistakes; declarative statement with a shared-service appeal, not a bare imperative.",S,UF,1,1
1014_t0044_s014,Explicit statement of agreement on accountability with the opponent.,S; AGR,,2,0
1023_t0163_s001,"Statement referencing what the opponent said about his tax plan, characterizing his claims skeptically as a rebuttal.",S; CH,REB,2,1
1031_t0824_s004,Fragment describing swamping the system; part of a larger statement with alarmed framing.,S,AF,1,1
1022_t0111_s009,"Factual statement about the financial crisis effects on car dealerships and loans, with negative-impact framing.",S; S-Inform,AF,2,1
1010_t0135_s002,Expression of thanks to audience and viewers.,GR; THK,,2,0
1023_t0172_s008,"Directly disputes opponent's characterization, addressing him as 'Governor'; a rebuttal challenge.",S; DIS; CH,REB,3,1
1031_t0784_s013,Bare imperative urging voting action.,IAFA,,1,0
1031_t0392_s001,"Statement attributing failure to the opponent via 'China ate your lunch,' blaming the opponent for a bad outcome.",S; CH,ATTR; REB,2,2
1015_t0081_s008,"A declarative statement criticizing a past policy decision, attributing failure to a strategy that relied on untrustworthy allies. Blames a prior administration's approach.",S,ATTR; REB,1,2
1010_t0009_s011,A plain declarative asserting significance of the moment; not clearly biased.,S,,1,0
1033_t0053_s007,"A statement addressing opponent directly with emotional emphasis about businesses dying, appealing to sympathy for people affected.",S,AE,1,1
1006_t0139_s028,A plain factual-sounding declarative describing what someone does.,S,,1,0
1004_t0045_s013,Conditional statement warning of future consequences to children; hortatory statement with emotional appeal about children's money.,S,AE,1,1
1013_t0228_s019,A statement declaring choices and then requesting support; the request is a directive appeal to the audience.,S; IAFA,IP,2,1
1029_t0280_s013,A declarative statement expressing there are already enough concerns; mild fear framing about worries.,S,,1,0
1031_t0372_s001,An interruption/turn-holding bid addressing the moderator to wait.,TT; INT,,2,0
1031_t0200_s004,"An incomplete utterance cut off, appears to be starting a statement about trust.",S,,1,0
1008_t0136_s001,An imperative-style hortative inviting attention to a topic; steers the discussion.,IAFA; MS,,2,0
1031_t0389_s001,"A declarative statement asserting car companies came without the opponent's involvement, implicitly attributing failure to them.",S,ATTR,1,1
1014_t0048_s002,A flat rejection.,REJ,,1,0
1013_t0012_s001,A declarative expressing what ought to be the priority; hortatory but not imperative.,S,IP,1,1
1006_t0236_s010,Personal stance framed with 'I think we need to.',S,IP,1,1
1029_t0104_s001,A floor-holding filler bidding to add something.,TT,,1,0
1031_t0117_s005,An imperative handing the floor over.,IAFA; TG,,2,0
1019_t0004_s001,An expression of thanks to the moderator.,THK,,1,0
1013_t0012_s005,A declarative describing the state of diplomacy.,S,,1,0
1019_t0110_s014,A declarative clarifying/qualifying a point.,S,,1,0
1006_t0040_s001,Explicit agreement with another speaker.,AGR,,1,0
1013_t0082_s013,A plain declarative statement about a decision others will make; no clear bias.,S,,1,0
1008_t0074_s009,"A fragment continuing a claim, with the dollar figure and a critical framing of forcing people into managed care against their will — a rebuttal-style attack on a policy.",S-Inform,REB,1,1
1033_t0305_s019,"Describes what 'they' want, framing an opposing group's aims negatively and vaguely; a critical characterization.",S,REB,1,1
1010_t0117_s013,A long declarative touting competitiveness and administration efforts — self-promotion/credit-claiming.,S,AP; IT,1,2
1026_t0158_s006,A personal biographical statement referencing his father; historical/self reference.,S; HS,,2,0
1010_t0041_s001,Hedged personal opinion about the future being worked out; frames as personal stance.,S,IP,1,1
1031_t0828_s004,A bare figure fragment citing ballots; plain factual content.,S-Inform,,1,0
1030_t0004_s010,"A statement of positions on Citizens United and the Supreme Court, framed as personal stance and unity for 'all of us.'",S,UF; IP,1,2
1027_t0137_s006,A simple praise statement about a facility; mild positive framing.,S,,1,0
1018_t0035_s020,Conditional statement warning about courts defining marriage plus his personal view it's not in the nation's interest.,S,IP,1,1
1017_t0006_s016,"Declarative statement referencing an opponent's voting record, likely used as a rebuttal or attribution.",S,ATTR,1,1
1006_t0211_s003,Declarative claim with a tag question 'right?' — rhetorical question not seeking genuine answer.,Q-RHET,,1,0
1027_t0133_s008,A statement deflecting the topic of tax returns by minimizing their value.,S,DF; IA,1,2
1010_t0058_s005,Plain declarative describing the campaign staff; no clear bias.,S,,1,0
1030_t0128_s010,Plain declarative factual assertion about US defense of Saudi Arabia.,S,,1,0
1030_t0297_s002,Declarative characterizing a situation with fear/emotion-laden 'nightmare' language.,S,AF,1,1
1027_t0096_s002,Plain declarative prediction about companies expanding.,S,,1,0
1031_t0434_s001,"Fragment referencing testimony under oath, cut off; appears to attribute/rebut against others.",S,ATTR,1,1
1026_t0115_s004,"Statement challenging accuracy of opponent's claim by citing fact checkers, a rebuttal.",S; CH,REB,2,1
1025_t0131_s008,Fragmentary statement referencing a numeric difference; incomplete factual content.,S,,1,0
1010_t0061_s002,Speaker bids to hold the floor before making a point.,TT,,1,0
1031_t0217_s001,"Declarative giving reason, referencing opponent's lack of a plan — a rebuttal-style attack.",S; EXPL,ATTR; REB,2,2
1007_t0157_s010,"Opens with 'Yes' answering and asserts factual claim about no evidence, emphatic denial.",S-Inform; ANS; CH,REB,3,1
1033_t0245_s015,Declarative asserting progress toward inclusion.,S,,1,0
1033_t0004_s006,Declarative noting spikes elsewhere; factual observation with mild fear framing.,S,,1,0
1004_t0123_s011,Statement with a directive 'just watch' and self-promotion of getting it done.,S; IAFA,IT,2,1
1019_t0078_s004,Declarative giving reasoning about al Qaeda and distraction.,S; EXPL,IP,2,1
1008_t0138_s017,"Future promise about creating a governors' council, self-promotional stance.",S,IT,1,1
1033_t0190_s013,"Rhetorical exclamation criticizing opponents, dismissive jab at 'these guys.'",Q-RHET,PB; PER,1,2
1019_t0076_s002,Declarative asserting hypothetical consequence; mild fear framing about Iranian influence.,S,AF,1,1
1008_t0096_s011,A declarative asserting a moral imperative to be truthful; not a bare imperative but a 'we have to' hortatory statement.,S,,1,0
1027_t0259_s026,"A correction/clarification citing a specific figure, likely refuting a prior claim.",S-Inform; CORR,,2,0
1031_t0431_s001,Fragment giving a reason (because) attributing motive; explanatory statement.,S; EXPL,,2,0
1023_t0171_s004,Declarative expressing personal belief about government's role.,S,IP,1,1
1027_t0212_s020,Plain declarative describing a group; possibly emotional framing of front-line workers.,S,,1,0
1018_t0024_s004,Claim of accomplishment taking credit for expanding a program.,S,IT,1,1
1026_t0112_s022,Declarative statement about future possibility of regaining credibility.,S,,1,0
1006_t0061_s011,Short declarative asserting improvement is possible; likely critical of an outgroup.,S,,1,0
1026_t0067_s003,"Statement contrasting past four years with the future, expressing personal disapproval; implicit criticism of opponent's record.",S,IP; REB,1,2
1006_t0055_s005,Declarative with a figure invoking supporters; a populist appeal tying self to the people.,S-Inform,AE,1,1
1030_t0141_s003,Declarative statement about personal career history referencing a role/position.,S; HS,,2,0
1031_t0638_s007,Narrative statement ending with a rhetorical question implying self-promotion via popular demand.,Q-RHET; S,IT,2,1
1029_t0276_s001,A single-word emphatic agreement/affirmation.,AGR,,1,0
1027_t0196_s022,Declarative statement asserting a value position against discrimination.,S,IP; RB,1,2
1026_t0014_s001,"Obama challenges Romney's prior claim, referencing him by name and mocking it as outdated — a fact-check/rebuttal.",S; CH,PER; REB,2,2
1018_t0003_s006,"A cordial statement expressing pleasure to participate, framed as unity/civility.",S; GR,,2,0
1008_t0059_s016,Statement claiming collective progress/accomplishment.,S,IT,1,1
1006_t0126_s011,Declarative explanation about how debt affects everyone via interest costs.,S; EXPL,AF,2,1
1004_t0014_s006,Personal historical/biographical statement about military service shaping the speaker.,S; HS,APAT; IT,2,2
1030_t0145_s008,A loaded fragment characterizing a jobs report negatively.,S,SE,1,1
1013_t0086_s009,Speaker states a personal opinion and hortatory need to act; 'I think' marks personal stance.,S; IAFA,IP,2,1
1017_t0112_s003,An imperative/directive listing a policy proposal.,S; IAFA,,2,0
1022_t0143_s012,"Speaker signals he will make a point, holding the floor.",S; TT,,2,0
1001_t0041_s002,Plain declarative asserting a fact/opinion about NIH.,S,,1,0
1001_t0145_s001,Personal opinion statement framed as 'I think' about judging the running mate choice.,S,IP,1,1
1011_t0075_s001,Declarative response referencing the opponent's position; disagreement/rebuttal tone.,S,REB,1,1
1015_t0042_s006,"Statement attributing an action (a promise) to the president, implying blame.",S,ATTR,1,1
1011_t0074_s008,Statement partly acknowledging opponent's instinct with 'I think' plus a factual example.,S; S-Inform,IP,2,1
1010_t0035_s023,"Future promise of personal action, self-promotion of what speaker will do.",S,IT,1,1
1017_t0027_s006,Statement referencing a label others applied; defensive/rebuttal framing.,S,,1,0
1022_t0056_s012,Speaker claims personal credit for consistently repudiating bad remarks; self-promoting stance.,S,IT,1,1
1031_t0846_s004,"Factual claim about ballot procedures, presented plainly.",S; S-Inform,,2,0
1015_t0090_s017,Recounts diplomatic action taken; self/administration credit for the work.,S,IT,1,1
1031_t0293_s009,"Statistic statement, plainly stated.",S; S-Inform,,2,0
1033_t0004_s021,Hedged attribution to unnamed 'some people'; frames a claim indirectly.,S,ATTR,1,1
1006_t0050_s005,"Defensive clarification of own stance, personal viewpoint.",S; CORR,IP,2,1
1011_t0117_s001,Imperative-form command about testing.,IAFA,,1,0
1027_t0148_s011,"Claims personal credit for laying out a platform, personal opinion framing.",S,IT; IP,1,2
1004_t0087_s002,Personal historical narrative referencing Vietnam and a personal lesson.,S; HS,IP,2,1
1011_t0109_s025,Explains a policy detail plainly.,S; EXPL,,2,0
1003_t0173_s019,References Lincoln and a historical/patriotic characterization of the country. Historical self/figure reference with patriotic framing.,S; HS,AP; APAT,2,2
1026_t0006_s010,"Declarative asserting disturbing events across nations, framed as troubling. Uses fear/alarm framing.",S,AF,1,1
1011_t0119_s001,Recounts a military outcome with factual claims (no American lives lost); self-promotional credit for a policy success.,S; S-Inform; HS,IT,3,1
1008_t0006_s002,Personal opinion framing about what is key.,S,IP,1,1
1008_t0057_s006,Plain declarative expressing personal stance/intention.,S,IP,1,1
1003_t0042_s015,Expresses personal view rejecting labels and hoping for issue-based debate; personal stance and unity/collegial framing.,S,IP,1,1
1003_t0123_s001,"A wh-question directed at moderator, but loaded with the presupposition that budget-cutters 'always' target programs for modest-means people.",Q-W,BQ; CB,1,2
1008_t0061_s015,"Flat factual assertion denying a ceasefire exists, likely rebutting opponent's claim.",S; CH,REB,2,1
1014_t0034_s008,Hortatory 'we need to' statement about policy; shared-action framing but not imperative.,S,IP,1,1
1013_t0032_s001,Opens with yes and expresses personal belief; direct answer.,S; ANS,IP,2,1
1033_t0065_s011,"Speaker directly accuses opponent of taking Wall Street money, an EXPL/CH framed as personal attribution to the opponent.",S; CH,PER; ATTR; REB,2,3
1003_t0078_s007,"Plain declarative recounting a personal action, no bias.",S,,1,0
1023_t0010_s008,Statement of personal policy preference framed as 'I want'.,S,IP,1,1
1031_t0450_s002,'Excuse me' bids to hold/take the floor.,TT,,1,0
1022_t0016_s002,"Statement about tax cuts referencing 'Joe the plumber' and a dollar figure, an informative rebuttal against opponent's policy.",S-Inform,REB,1,1
1003_t0167_s009,"Statement recounting that opponent ('this man, the governor') insulted the President — attributing a demeaning act to him.",S; CH,ATTR; REB,2,2
1014_t0148_s011,Personal statement with a number about years married; emotional/personal framing.,S-Inform,AE,1,1
1023_t0089_s002,Statement explaining a policy approach with self-credit for actions taken.,S; EXPL,IT,2,1
1033_t0337_s005,Wh-question challenging a policy of subsidies to oil industry; rhetorical framing.,Q-W; Q-RHET,REB,2,1
1026_t0201_s023,"Statement with a factual figure about the legislature's composition, self-referential to establish credibility.",S-Inform; HS,IT,2,1
1026_t0118_s004,Declarative asserting moral standing of the US; includes patriotic framing of standing on the right side of history.,S,AP; APAT,1,2
1004_t0014_s007,"Speaker apologizes then clarifies/corrects that it's not about patriotism, an assertion of stance.",S; APO; CORR,IP,3,1
1007_t0153_s018,Factual claim about never letting committees see documents; a statement with informative content that may reflect selective framing.,S; S-Inform,,2,0
1003_t0144_s028,Expresses personal belief/support for a commission.,S,IP,1,1
1015_t0016_s020,"Gives reasoning ('because') for a claim of success, with optimistic/patriotic framing about freedom.",S; EXPL,APAT,2,1
1029_t0088_s004,"Lists cost items and claims to have laid out actions, self-promotion of own plan.",S,IT,1,1
1013_t0068_s005,Declarative asserting priorities need to exist; hortatory but not imperative.,S,IP,1,1
1010_t0131_s009,Brief statement asserting they made something clear.,S,,1,0
1025_t0217_s001,"Procedural statement about audience getting questions answered, mildly warm framing.",S,,1,0
1004_t0092_s009,"Transcript metadata/header, purely procedural, no discourse act or bias.",,,0,0
1014_t0073_s018,Declarative assertion warning that the coalition is falling apart; uses alarming framing of unraveling.,S,AF,1,1
1006_t0077_s007,"States what should be done ('we need to'), hortatory with fear framing of gangs building up.",S,AF,1,1
1031_t0516_s005,Speaker declares refusal to do something; a rejection of a proposed action.,S; REJ,,2,0
1033_t0290_s003,Claims personal/party credit for legislation on police oversight.,S,IT,1,1
1031_t0557_s008,"Blames the opponent's failure and refusal, referencing consequences; blame attribution and fear.",S; CH,AF; ATTR,2,2
1007_t0018_s005,Factual claim citing a superlative statistic about spending.,S; S-Inform,,2,0
1007_t0085_s018,Personal denial statement asserting no foreign money taken; defensive self-assertion.,S,IP,1,1
1031_t0025_s002,Emphatic self-assertion of representing the party; self-promotion framing.,S,IT,1,1
1017_t0044_s015,Fragmentary statement contrasting there vs here; too vague to be biased alone.,S,,1,0
1025_t0131_s026,Statement with a dollar figure projecting added cost of Obamacare; a numeric claim used critically.,S; S-Inform,AF,2,1
1008_t0121_s003,A fragment referencing the opponent's presidential term; sets up a rebuttal-style historical reference.,S; HS,REB,2,1
1030_t0307_s003,A fragment listing parties to a cease-fire; plainly informative about policy actors.,S,,1,0
1017_t0064_s023,"A declarative expressing personal opinion about what seniors deserve, framed as belief.",S,AE; IP,1,2
1029_t0280_s010,States a personal opinion characterizing a transition as important.,S,IP,1,1
1027_t0156_s003,"Blames politicians for allowing an unfair situation, emotionally charged.",S,AE; ATTR,1,2
1013_t0066_s002,A single word signaling acceptance/acknowledgment.,ACK,,1,0
1019_t0023_s002,Asserts there are fundamental problems in the system; a plain statement.,S,,1,0
1008_t0123_s005,"Declarative asserting no consideration/discussion has occurred, correcting or clarifying a point.",S,,1,0
1015_t0052_s005,"Self-framing statement about telling the truth, implying opponent does not; mild self-promotion.",S,IT; IP,1,2
1015_t0023_s008,"Expresses personal disbelief in the president's ability, a rebuttal aimed at the opponent.",S; DIS,IP; REB,2,2
1031_t0054_s001,Fragment naming a topic/value; a plain assertion.,S,,1,0
1026_t0156_s004,Declarative describing something as silent; plain statement.,S,,1,0
1003_t0050_s009,Declarative drawing a connection with 'so'; explanatory statement.,S; EXPL,,2,0
1031_t0222_s001,Directly addresses opponent Joe with a light jab about golfing; personal jab.,S,PER,1,1
1033_t0020_s010,Statement declining/asserting inability.,S,,1,0
1017_t0149_s019,"Restates the question asked, steering back to the topic.",S; MS,,2,0
1008_t0002_s015,Claims credit for legislation passed; self-promotion.,S,IT,1,1
1013_t0161_s010,Bids to steer to an example/topic; floor-holding.,TT; MS,,2,0
1031_t0070_s010,Declarative asserting a consequence with 'so'; explanatory statement.,S; EXPL,,2,0
1027_t0296_s001,Predictive statement about a person voting; plain assertion.,S,,1,0
1029_t0200_s003,A plain declarative assertion about something falling.,S,,1,0
1031_t0606_s004,A fragmentary declarative asserting capability quickly.,S,,1,0
1017_t0023_s005,A declarative asserting a factual claim as universally known; 'everyone in the world knows' is a hasty generalization/appeal to common knowledge.,S,CB,1,1
1006_t0065_s010,Explicit agreement with a prior point.,AGR,,1,0
1022_t0116_s020,"A long declarative attacking the opponent's plan, framing it as fining people; addresses opponent's policy negatively.",S; CH,AF; REB,2,2
1007_t0186_s008,"A declarative claiming both opponents' plans will fail, a dismissive framing of their proposals.",S; CH,REB,2,1
1011_t0043_s012,A statement expressing belief in capability regarding clean coal.,S,IP,1,1
1004_t0138_s007,A statement expressing personal preference and blaming government for a deteriorating economy/country; appeals to fear and blame.,S,AF; IP; ATTR,1,3
1031_t0704_s004,Empty/punctuation only fragment with no content.,,,0,0
1006_t0094_s011,A hortatory statement about needing reforms and term limits; 'we need to' is a statement not a command.,S,IP,1,1
1031_t0299_s003,A declarative claim about what 'they' want; plain assertion attributing a desire to a group.,S,,1,0
1018_t0045_s012,Explains the purpose of Medicare; factual/informative statement about a program.,S; EXPL,,2,0
1006_t0015_s012,"Personal framing referencing young people, an emotional appeal to the audience.",S,AE,1,1
1023_t0189_s006,Plain declarative expressing a personal plan.,S,IP,1,1
1026_t0090_s018,Moderator trailing off while trying to steer/hold the floor.,TT; MS,,2,0
1013_t0020_s001,States a personal observation that there's little difference; mild personal stance.,S,IP,1,1
1022_t0150_s004,Declarative about future necessity to invest; hortatory but not imperative.,S,,1,0
1008_t0141_s010,Expresses a personal belief about potential outcomes of welfare reform.,S,IP,1,1
1030_t0243_s007,Reports what another person said; factual attribution of a claim.,S,ATTR,1,1
1027_t0198_s018,Cites national security officials as evidence to support a point; a factual/informative claim used selectively.,S; S-Inform,SE,2,1
1001_t0056_s021,"Gives a reason for a prior claim, opening with 'because'; asserts a problem exists.",S; EXPL,,2,0
1013_t0084_s001,"A declarative expressing personal stance, somewhat ironic concession.",S,IP,1,1
1031_t0779_s001,"Statement referencing a political outgroup ('radical left') negatively, framed as a jab at opponent.",S,PB; REB,1,2
1031_t0167_s009,Plain assertion about what most said; vague generalization.,S,CB,1,1
1006_t0031_s002,"Self-referential narrative claiming personal accomplishment (huge crowds, specific answers).",S; HS,IT,2,1
1003_t0167_s013,Declarative promise of future action; self-promotion of what speaker will do.,S,IT,1,1
1026_t0150_s001,Expresses personal opinion/prediction with 'I think'.,S,IP,1,1
1026_t0090_s010,Statement about what they do; procedural assertion.,S,,1,0
1010_t0045_s008,Plain declarative assertion acknowledging some need help.,S,,1,0
1010_t0060_s001,"Directed at opponent, referencing their past failure; a rebuttal/blame jab.",S; CH,ATTR; REB,2,2
1018_t0113_s002,Speaker suggests personal responsibility/emphasis on self; a hedged declarative referencing self.,S,,1,0
1004_t0104_s005,"Vivid emotional narrative about a mother disappearing and a damaged child, designed to evoke fear/emotion.",S,AF; AE,1,2
1018_t0065_s014,Declarative explaining rationale for tax relief; gives reasoning.,S; EXPL,IP,2,1
1003_t0047_s006,States what opponent Bush wants to do; a plain assertion about the opponent.,S,REB,1,1
1033_t0147_s033,Self-crediting claim about health care performance without specifics.,S,IT,1,1
1031_t0124_s016,States intent to replace with something cheaper/better; self-promotional policy claim addressed to moderator.,S,IT,1,1
1007_t0129_s014,Plain declarative about necessity of acting.,S,,1,0
1025_t0084_s014,Simple declarative stating a consequence.,S,,1,0
1026_t0157_s013,"Cites factual claims — exports doubled, currency levels — with specifics; self-crediting since 'came into office'.",S; S-Inform,IT,2,1
1017_t0059_s002,Explicit agreement/acceptance of what the president said.,AGR,,1,0
1019_t0175_s002,Imperative steering the conversation to a new topic.,IAFA; MS,,2,0
1033_t0128_s009,"Reporting what unnamed others said, quoting fear language ('trouble').",S,AF,1,1
1018_t0051_s026,Declarative policy statement with specific ages/program details.,S-Inform,,1,0
1007_t0115_s003,"Expresses appreciation, emotional/positive framing.",S,AE,1,1
1021_t0114_s003,Attacks opponent by quoting past statement to discredit him.,S; CH,ATTR; REB,2,2
1001_t0150_s021,Declarative assertion about a person meeting a standard.,S,,1,0
1001_t0080_s012,Personal claim referencing the past eight years.,S; HS,IP,2,1
1031_t0786_s046,Factual/procedural explanation about timing.,S-Inform; EXPL,,2,0
1029_t0246_s008,"Declarative expressing what opponent shouldn't do, a jab.",S,IP; REB,1,2
1025_t0107_s015,Declarative framing an issue with emotional appeal to families/women.,S,AE,1,1
1004_t0014_s010,Speaker states a personal commitment to admit mistakes; declarative expressing personal stance/character.,S,IP,1,1
1014_t0083_s007,Declarative assertion about policy requirement regarding military force.,S,,1,0
1003_t0114_s005,Declarative expressing personal stance/commitment about judicial appointments.,S,IP,1,1
1014_t0090_s004,"Speaker attributes an ad to the opponent, hedged with 'I think'; personal stance about opponent's ad.",S,IP,1,1
1030_t0158_s010,"States that opponent insulted a person, attacking his character via a factual claim; blame attribution to opponent.",S; CH,ATTR; REB,2,2
1033_t0069_s014,Expresses puzzlement/critique that opponent hasn't confronted Putin; an implicit attack referencing opponent's inaction.,S; CH,ATTR; REB,2,2
1008_t0108_s017,Declarative describing future appointees; general statement with no clear bias.,S,,1,0
1022_t0102_s008,States disagreement with Biden and claims he's been wrong; a rebuttal referencing the opponent.,S; DIS; CH,ATTR; REB,3,2
1001_t0108_s009,Challenges opponent for not providing specifics; a critique referencing opponent.,S; CH,REB,2,1
1033_t0149_s012,Sarcastic statement implying opponent has failed to deliver plans over years; a mocking rebuttal attributing failure.,S; CH,ATTR; REB,2,2
1008_t0048_s017,"Speaker asserts a position and references the opponent's stance, offering personal opinion framing.",S; IAFA-OF,IP,2,1
1007_t0010_s015,A simple affirmative answer to a question.,ANS,,1,0
1007_t0186_s010,"Statement citing studies and figures to support a claim about the deficit, invoking selective evidence and fear of ongoing deficits.",S; S-Inform,SE,2,1
1011_t0113_s009,Speaker states a personal opinion/stance about private school funding with an emotional reference to a named individual.,S,AE; IP,1,2
1007_t0016_s002,Cites a statistic attributed to a source; the repetition of 'first' and selective framing suggest self-serving selective evidence.,S; S-Inform; HS,ATTR; SE,3,2
1004_t0140_s016,"Aspirational statement invoking pride in country's past and future, appealing to shared courage.",S,AP; UF,1,2
1025_t0086_s011,Statement framing deficit reduction as a moral obligation with hortatory call for shared action and taxing the wealthy.,S,AE; UF; IP,1,3
1010_t0035_s014,A non-answer expressing lack of knowledge.,ANS,,1,0
1003_t0144_s013,Speaker claims personal credit for leading legislation.,S; S-Inform,IT,2,1
1013_t0230_s003,Closing pleasantry thanking the venue and audience; neutral courtesy.,GR; THK,,2,0
1013_t0091_s003,Speaker relays an anecdote citing an African-American police officer's opinion on training as a solution; informative statement referencing race.,S; HS,RB,2,1
1001_t0100_s009,Statement asserting the opponent wants wasteful spending; attributes a wasteful position to the opponent as a rebuttal.,S; CH,ATTR; REB,2,2
1031_t0809_s003,Empty punctuation with no content.,,,0,0
1033_t0091_s004,Imperative 'Listen to this' followed by informative figures ($3 million) framed to attack someone's lack of experience.,S-Inform; IAFA,PER; SE,2,2
1014_t0075_s005,Pledge of personal future action; a commitment framed as personal resolve.,S,IP,1,1
1026_t0153_s007,Plain declarative asserting a group's preference.,S,,1,0
1021_t0073_s010,Declarative promise about keeping one's doctor; self-promotional policy claim.,S,IT,1,1
1006_t0238_s020,Statement citing a statistic (90%) as a factual claim.,S-Inform,,1,0
1017_t0139_s018,Simple expression of thanks.,THK,,1,0
1007_t0077_s001,Yes-no question asking about a procedural rule.,YNQ,,1,0
1031_t0015_s005,Speaker challenges the accuracy/source of a number cited by the opponent.,S; CH,REB,2,1
1007_t0138_s009,"Speaker suggests an action framed around taking responsibility, directed at the opponent.",S; IAFA,REB,2,1
1007_t0201_s024,Simple expression of thanks.,THK,,1,0
1022_t0111_s005,Personal stance statement about what a president must do; hortatory framing.,S,IP,1,1
1031_t0493_s001,Fragment bidding to take/hold the floor.,TT,,1,0
1025_t0086_s030,Plain statement acknowledging a difference of theory.,S,,1,0
1007_t0129_s013,"Declarative assertion, possibly rebutting opponent's claim about presidential power.",S,,1,0
1027_t0156_s001,Addresses moderator and asserts need for law and order; hortatory statement.,S; MS,IP,2,1
1008_t0016_s012,Statement expressing personal focus.,S,IP,1,1
1030_t0145_s007,"Cites a jobs report with the loaded adjective 'anemic', a slanted characterization.",S; S-Inform; HS,REB; SE,3,2
1011_t0032_s001,An imperative directing the listener's attention to a word.,IAFA,,1,0
1031_t0652_s003,"Declarative addressing the audience, asserting they got less; an emotional appeal to the everyday viewer.",S,AE,1,1
1023_t0061_s003,Plain declarative marking passage of time; references timeframe.,S,,1,0
1031_t0730_s006,Empty/non-lexical token; no discourse act discernible.,,,0,0
1031_t0700_s003,"A sweeping factual claim about the future using 'nobody', a hasty generalization/absolute framing.",S,CB,1,1
1031_t0085_s001,"Addresses opponent by name, tying him to 'far left' Bernie Sanders — a challenge/rebuttal with political-outgroup framing.",S; CH,PB; REB,2,2
1033_t0043_s008,Lists needs then attributes blame to opponent for refusing support.,S; CH,ATTR; REB,2,2
1029_t0140_s019,Loaded pejorative characterization of a person's action ('horrible thing she's doing') — a personal attack.,S; CH,PER,2,1
1026_t0046_s006,Recounts a past action with self/administration credit for stopping a massacre; references a historical event.,S; HS,IT,2,1
1007_t0099_s005,Simple expression of thanks.,THK,,1,0
1003_t0167_s001,An answer opening with 'Yes' followed by a commitment statement to apply something to Congress. Direct answer plus assertion.,S; ANS,,2,0
1007_t0203_s012,"Explicit strong disagreement with a prior claim, implicitly referencing the opponent.",DIS,REB,1,1
1021_t0070_s008,A rhetorical-style wh-question setting up an attack on who voted against something; not really seeking an answer.,Q-W; Q-RHET,ATTR,2,1
1017_t0139_s009,"Plain declarative asserting the opponent's opposition, framed adversarially about the opponent.",S,REB,1,1
1011_t0005_s008,Declarative expressing a policy desire; personal stance framing with 'I want'.,S,IP,1,1
1030_t0297_s003,A declarative claim that something has fallen; vague assertion with self-correction in phrasing.,S,,1,0
1031_t0498_s002,A charged statement attributing an offensive characterization; loaded racial content and attribution to a group.,S; CH,ATTR; RB,2,2
1033_t0071_s019,Declarative blaming the opponent for handing something over; blame attribution.,S,ATTR; REB,1,2
1013_t0161_s003,Statement citing a specific statistic about tax share; factual informative content.,S; S-Inform,,2,0
1017_t0103_s011,Statement characterizing the administration as one of the worst; a superlative negative framing of a political opponent.,S,PB; ATTR,1,2
1027_t0146_s003,Declarative claiming personal accomplishment with 'unbelievable' as self-praise; taking credit.,S,IT,1,1
1004_t0059_s004,Declarative asserting a generalization about Washington's failure to execute; broad hasty generalization.,S,CB,1,1
1007_t0153_s030,Short declarative statement asserting ownership.,S,,1,0
1001_t0050_s001,Declarative asserting nothing is wrong; a plain statement.,S,,1,0
1027_t0039_s001,Direct declarative aimed at opponent asserting failure to act; a challenge/rebuttal targeting the opponent.,S; CH,ATTR; REB,2,2
1029_t0047_s001,"Statement recounting what the speaker told people, framing constant fact-checking of Donald; references opponent's dishonesty implicitly.",S,REB,1,1
1014_t0105_s014,"Declarative about reinforcing values parents teach; forward-looking statement, no clear bias.",S,,1,0
1018_t0005_s019,Declarative asserting what it takes; plain opinion statement.,S,IP,1,1
1031_t0561_s007,Short factual declarative about something decreasing.,S,,1,0
1011_t0050_s006,Incomplete statement framing the main issue as Roe v. Wade; a statement steering to the issue.,S,IP,1,1
1015_t0064_s003,Declarative expressing a value/opinion about distinguishing war from warriors.,S,IP,1,1
1004_t0140_s011,"Fragment 'Mr.' — likely a truncated address, no discourse function.",,,0,0
1004_t0066_s010,Declarative expressing a belief about public readiness.,S,IP,1,1
1030_t0243_s003,Factual statement citing an FBI investigation as evidence for the speaker's position.,S-Inform,SE,1,1
1003_t0114_s006,Plain declarative assertion.,S,,1,0
1031_t0786_s030,"Declarative predicting fraud, using fear/threat language.",S,AF,1,1
1011_t0132_s003,Declarative referencing the past ('eight years ago') about others' work.,S; HS,,2,0
1008_t0088_s006,"Statement noting agreement is not always absent, referencing opponent relationship.",S,,1,0
1033_t0303_s007,Speaker takes personal credit for uniting groups behind their climate plan.,S,IT,1,1
1031_t0145_s002,"Wh-question asking about a list, directed at opponent.",Q-W,,1,0
1019_t0002_s005,"A declarative statement addressing struggling voters, framing the economic impact broadly with emotional appeal to ordinary people.",S; IAFA-OF,AE,2,1
1026_t0063_s015,"A hortatory declarative ('we've got to') about strengthening the military, appeal to shared national action.",S,UF,1,1
1010_t0030_s001,Declarative statement reporting on Israeli politics; references a historical/event context.,S; HS,,2,0
1007_t0153_s009,"Speaker distinguishes himself favorably from other businessmen, a self-promoting claim.",S,IT,1,1
1033_t0111_s001,A bare fragment identifying taxpayer money; a plain statement.,S,,1,0
1029_t0151_s027,"Attacks the opponent's policy with loaded framing ('really high') targeting the audience's taxes, an adversarial jab.",S; CH,ATTR; REB,2,2
1001_t0118_s001,An informative statement with a factual/causal claim about terrorist action declining after an action.,S; S-Inform,IT; SE,2,2
1027_t0006_s022,"Directs the audience to judge candidates, patriotic framing of presidential responsibility.",S; IAFA,AP,2,1
1027_t0065_s001,"Self-referential factual statement citing his own book, self-promotion.",S,IT,1,1
1015_t0081_s012,Reports what the opponent said as a rebuttal referencing his statement.,S; CH,REB,2,1
1025_t0014_s020,"A declarative attacking the opponent's record on the auto industry, assigning blame.",S; CH,ATTR; REB,2,2
1021_t0117_s001,"A fragmented stammer, likely an interrupted or interrupting turn.",INT,,1,0
1015_t0066_s002,"A statement with a hypothetical embedded rhetorical question about troops' morale, framing personal steadfastness.",Q-RHET; S,AE; IP,2,2
1004_t0038_s003,"Declarative citing a change in troop numbers as an achievement, claiming credit.",S; S-Inform,IT,2,1
1013_t0139_s009,An emotionally charged factual anecdote about Columbine used to support gun background checks.,S; S-Inform,AE; SE,2,2
1030_t0051_s009,"A statement describing a possible pathway to citizenship, addressed to the general listener.",S,,1,0
1011_t0005_s001,"Plain declarative acknowledging difference of origin, no bias.",S,,1,0
1026_t0090_s014,"Self-promotion claiming ability to run something better, with supporting evidence about states.",S,IT; SE,1,2
1029_t0129_s009,A patriotic framing invoking founding on religious freedom and liberty.,S,AP; APAT,1,2
1022_t0036_s008,"A statement referencing the opponent's frequent talk of earmarks, setting up a rebuttal.",S; MS,REB,2,1
1013_t0032_s011,"Explains reasoning for a stance (participation in NATO), framing as personal belief.",S; EXPL,IP,2,1
1019_t0184_s010,Factual statement with a dollar figure about debt held.,S-Inform,,1,0
1030_t0254_s005,Plain declarative stating an objective.,S,,1,0
1010_t0004_s008,"Statement with statistics claiming positive economic outcomes, self-crediting.",S-Inform,IT,1,1
1026_t0136_s011,"Informative statement with numbers and reasoning about Pakistan's danger, evoking fear of nuclear buildup.",S-Inform; EXPL,AF,2,1
1017_t0112_s004,Simple positive declarative about policy effects.,S,,1,0
1026_t0065_s019,Statement attacking the opponent by association with unpopular figures.,S; CH,PER; REB,2,2
1017_t0006_s006,Statement mocking the opponent's contradictory voting record.,S; CH,PER; REB,2,2
1022_t0056_s017,"Assertion of ability to prove a claim, personal stance.",S,IP,1,1
1013_t0034_s005,"Explains reasoning about Milosevic and NATO, personal belief framing.",S; EXPL,IP,2,1
1014_t0006_s023,"Speaker states a personal preference/stance about law, praising Texas law.",S; IAFA,IP,2,1
1025_t0260_s004,Declarative statement expressing personal caring for all Americans; a unity/inclusive framing.,S,UF; IP,1,2
1029_t0157_s003,"A statement referencing opponent's donors, framing them negatively; self-corrects scope.",S; CORR,PB,2,1
1015_t0121_s002,"Statement contrasting with opponent, citing his four years of failure with factual claims about North Korea and Iran—a rebuttal.",S; S-Inform; CH,ATTR; REB,3,2
1017_t0039_s016,"A rhetorical question inviting attention, not seeking real answer.",Q-RHET,,1,0
1014_t0122_s001,Reports what someone (he) said—an informative statement about a position.,S,,1,0
1006_t0015_s017,"States a numerical figure, factual content.",S; S-Inform,,2,0
1029_t0027_s019,Statement expressing personal values with patriotic/pride framing of America.,S,AP; APAT; IP,1,3
1018_t0039_s010,"Explanation of reasoning for supporting something, personal stance.",S; EXPL,IP,2,1
1025_t0121_s007,"Statement characterizing opponent's economic plan, a rebuttal referencing Romney.",S; CH,REB,2,1
1026_t0011_s017,"Declarative expressing what ought to happen, with 'have to' — not imperative, and collective framing.",S,UF,1,1
1011_t0005_s013,"Statement previewing the speaker's vision/passion, self-promoting stance.",S,IT; IP,1,2
1029_t0096_s001,"Opens with 'No' but functions to clarify what the other meant, referencing opponent.",S; ANS,,2,0
1021_t0038_s010,Plain declarative about scrutiny of projects.,S,,1,0
1010_t0028_s010,"Statement with specific factual detail (26 maps, thousands of delineations) and expressing belief.",S; S-Inform,IP,2,1
1008_t0054_s030,"Hortatory 'Let's get together' — collective action appeal, followed by reasoning.",IAFA; EXPL,UF,2,1
1007_t0193_s001,Declarative with tag question checking a procedural fact; light rhetorical/turn check.,Q-RHET,,1,0
1027_t0216_s032,"Fragment beginning a quote attribution, incomplete.",S,,1,0
1021_t0052_s009,"Statement referencing the opponent's talking point, setting up a rebuttal.",S; MS,REB,2,1
1001_t0103_s012,"Declarative with 'ought to' expressing what should be said — statement, not command.",S,IP,1,1
1001_t0071_s005,Speaker admits their position has changed; a self-clarifying declarative framed as personal stance.,S; CORR,IP,2,1
1019_t0116_s001,Addresses moderator Jim and bids to hold the floor to make a point.,TT,,1,0
1033_t0286_s012,"Declarative promising future action and asserting past laws were a mistake, appealing to public opinion.",S,IT,1,1
1027_t0152_s006,"Declarative claim that something is allowed in many places, offered as supporting evidence.",S,IP,1,1
1018_t0098_s020,"Personal-stance declarative expressing belief that America is less safe, invoking mild fear framing.",S,AF; IP,1,2
1008_t0136_s006,"Statement with factual claim of moving two million people, self-crediting an accomplishment with numbers.",S; S-Inform,IT,2,1
1008_t0088_s005,Plain declarative citing past support for trade deals; historical policy reference.,S; HS,,2,0
1027_t0160_s019,Statement expressing pleasure and desire about prison policy; hortatory personal stance.,S,IP,1,1
1001_t0100_s007,Fragment 'Mr.' — likely start of addressing someone; no clear discourse act.,,,0,0
1025_t0144_s021,Factual statement citing a number of people waiting legally; possibly selective but core is a statistic.,S; S-Inform,SE,2,1
1015_t0116_s007,"A factual claim about intercepting nuclear materials, invoking a threat scenario.",S-Inform; HS,AF,2,1
1010_t0084_s007,"Factual statement about exports, listing products sold.",S-Inform,,1,0
1033_t0263_s001,A loaded declarative characterizing a laptop with negative framing.,S,PER,1,1
1011_t0055_s002,"Speaker references opponent's statement, correcting/clarifying what was said.",S; CORR,REB,2,1
1018_t0028_s023,"Speaker promises to fight for American workers, self-promotion and emotional appeal.",S,AE; IT,1,2
1030_t0122_s003,Personal opinion framed with 'I think' about safety.,S,IP,1,1
1031_t0329_s005,Statement of future action regarding tax cuts.,S,IT,1,1
1025_t0101_s012,Brief claim of taking credit for fixing something.,S,IT,1,1
1018_t0069_s019,Moderator hands floor to a participant to respond.,YNQ; TG,,2,0
1007_t0153_s008,"Attacks opponent's actions as 'sick lengths,' characterizing negatively while recounting.",S; CH,PER; REB,2,2
1027_t0190_s007,"Speaker anticipates mainstream dismissal and preemptively frames critics as denying truth, a rhetorical device casting doubt on opponents.",S,DF; CB,1,2
1014_t0108_s009,"Expresses personal pride in an accomplishment, taking credit for the outcome.",S,IT; IP,1,2
1025_t0024_s020,"Conditional warning about failing to control economic future, invoking negative consequences of shortsightedness.",S,AF; CB,1,2
1021_t0041_s011,Hortatory statement about collective action to save energy; not imperative but a shared-action appeal.,S,UF,1,1
1018_t0077_s003,Declarative statement of intended policy on judicial appointments.,S,IP,1,1
1013_t0185_s003,"A yes-no question addressed rhetorically suggesting the opponent has been inconsistent, framing them as changing opinions.",YNQ,REB; CB,1,2
1023_t0187_s011,"Emotional statement about giving kids opportunity, appealing to children's futures.",S,AE,1,1
1026_t0110_s015,"Declarative statement of policy intent, promising personal action.",S,IT,1,1
1033_t0344_s001,Attacks opponent for taking things out of context then pivots to policy point on net zero emissions.,S; CH,PER; REB,2,2
1008_t0033_s003,Statement expressing desired government behavior with a populist contrast favoring families.,S,AE,1,1
1017_t0071_s024,"Declarative asserting opponent's inaction, referencing 'he' the opponent and blaming failure to act.",S; CH,ATTR; REB,2,2
1007_t0115_s004,"Imperative-style expression of appreciation for military families, an emotional appeal.",S,AE,1,1
1033_t0010_s003,Factual statement about Pfizer and others doing well; plain informative content.,S; S-Inform,,2,0
1031_t0719_s003,Empty/placeholder sentence with no content.,,,0,0
1018_t0003_s004,Expresses pride to be present; a statement of collective pride.,S,AP,1,1
1004_t0045_s012,Explanatory statement blaming past mismanagement of the country with fear framing about consequences.,S; EXPL,AF,2,1
1031_t0302_s001,General declarative about people wanting safety; mild appeal invoking security concerns.,S,,1,0
1006_t0004_s014,Procedural bid to hold the floor for a final point.,TT,,1,0
1023_t0076_s003,"Statement citing a factual figure about tax breaks, opening with 'First of all'.",S; S-Inform,,2,0
1029_t0276_s006,"Emphatic declarative claiming energy business is being killed, fear framing about the industry.",S; CH,AF; REB,2,2
1001_t0160_s005,Declarative statement asserting collective identity as change; uses unity framing with 'we'.,S,UF,1,1
1017_t0152_s015,"Declarative factual assertion, likely referencing troops lacking equipment, implying blame.",S,,1,0
1015_t0116_s024,Declarative statement of future plan/policy intent.,S,IP,1,1
1015_t0072_s010,Statement referencing opponent's past action of questioning credibility; references opponent critically.,S,REB,1,1
1010_t0007_s009,Self-referential statement claiming personal record of bringing people together; self-promotion and unity framing.,S,UF; IT,1,2
1010_t0062_s012,"Statement attributing a promise to opponent, implying accountability/blame.",S,REB,1,1
1019_t0012_s009,"Declarative lamenting loss of accountability, general framing.",S,,1,0
1025_t0245_s023,"Fragment stating products can't compete, a factual/economic claim.",S,,1,0
1017_t0154_s003,"Statement acknowledging a difference of opinion, framing personal stance.",S,IP,1,1
1022_t0167_s011,"Hortatory 'we have to' statement about health care policy; not a bare imperative, so statement.",S,,1,0
1003_t0160_s008,"A wh-question asking for reasons behind safety violations, seeking explanation.",Q-W; SEEP,,2,0
1019_t0182_s011,Declarative asserting importance; emphatic framing but plain statement.,S,CB,1,1
1011_t0102_s010,Imperative directing the listener to ask the Strunks whose plan is better; a command steering to a comparison favoring speaker's plan.,IAFA,CB,1,1
1010_t0135_s022,Sentence fragment describing a goal; aspirational statement.,S,,1,0
1033_t0130_s007,Declarative promising control; 'cannot hurt us' invokes protection from threat.,S,AF,1,1
1019_t0002_s007,Wh-question posed rhetorically from a voter's perspective about job impact.,Q-W,,1,0
1025_t0253_s003,Personal stance stating a goal/preference for jobs.,S,IP,1,1
1001_t0052_s004,Brief declarative expressing personal emotional reaction.,S,IP,1,1
1006_t0159_s008,Personal-opinion statement about defense policy with substantive content.,S; S-Inform,IP,2,1
1004_t0109_s008,Declarative asserting diversity as a strength; unity framing.,S,UF,1,1
1013_t0066_s004,"A personal anecdote/statement referencing a named military figure; no bias, factual narrative.",S,,1,0
1003_t0139_s006,A short direct denial/answer.,REJ; ANS,,2,0
1007_t0047_s016,Speaker claims credit for fighting to pass incentives; self-promotion.,S,IT,1,1
1030_t0259_s004,"Incomplete statement attributing denial to opponent, adversarial framing.",S; CH,ATTR; REB,2,2
1026_t0171_s003,"Declarative expressing what a president ought to do, critical of government spending; personal stance.",S,IP,1,1
1030_t0202_s002,Cites specific figure/countries as factual claim.,S-Inform,,1,0
1033_t0085_s010,Direct personal attack on opponent implying corrupt enrichment via family.,S; CH,PER; ATTR,2,2
1027_t0100_s001,Short question asking for reasoning.,Q-W; SEEP,,2,0
1033_t0299_s001,Statement listing programs as self-promotion of accomplishments.,S,IT,1,1
1010_t0054_s010,Fragment stating goals; could be hortatory but reads as declarative statement.,S,,1,0
1017_t0110_s017,A declarative statement expressing a policy goal in personal terms ('I want').,S,IP,1,1
1026_t0039_s005,"Speaker claims credit for actions taken throughout presidency, describing policy.",S,IT,1,1
1013_t0068_s002,"Statement about policy toward Africa, referencing what the VP mentioned.",S,,1,0
1013_t0014_s005,Declarative expressing personal commitment/stance.,S,IP,1,1
1029_t0206_s002,"Opens with 'why' but is rhetorical/self-answered, not seeking an answer.",Q-RHET; S,,2,0
1008_t0052_s003,Directly addresses opponent citing his voting record as a challenge/rebuttal.,S; CH,ATTR; REB,2,2
1022_t0116_s009,"Fragment, unclear plain statement.",S,,1,0
1031_t0700_s017,Statement about environmental destruction with dramatic emphatic language.,S,AF,1,1
1027_t0121_s012,A floor-holding bid to introduce a point.,TT,,1,0
1021_t0033_s009,Imperative-style call to build with a promise of jobs.,S; IAFA,,2,0
1031_t0102_s001,An incomplete utterance bidding to hold the floor and express intent.,TT,,1,0
1017_t0055_s019,"Declarative statement about airport security procedures, contrasting X-ray of bags vs cargo, presenting a security gap.",S; S-Inform,AF,2,1
1013_t0193_s001,A direct apology.,APO,,1,0
1031_t0094_s001,"An incomplete statement aimed at the opponent, disparaging his abilities.",S,PER,1,1
1030_t0178_s001,"Statement characterizing Donald's behavior negatively as denying responsibility, an attack referencing opponent.",S; CH,PER; ATTR; REB,2,3
1007_t0175_s022,Statement promoting the line item veto as a good reform.,S,IP,1,1
1019_t0112_s005,A statement expressing personal stance on not cutting aid.,S,IP,1,1
1007_t0178_s020,Statement claiming personal decision-making and pledging not to raise taxes; self-promotion.,S,IT; IP,1,2
1022_t0007_s003,Informative statement describing Joe's work situation with hours.,S; S-Inform,,2,0
1013_t0023_s002,Statement of factual claims about inspectors in Iraq and coalition weakness.,S; S-Inform,AF,2,1
1019_t0039_s011,Declarative asserting a specific dollar benefit; contains a figure making it informative.,S; S-Inform,,2,0
1015_t0079_s022,Frames as answering a question but expresses a personal hope/stance.,S; ANS,IP,2,1
1022_t0032_s008,Speaker states personal commitment to fight for policy; self-promotional stance.,S,IT; IP,1,2
1007_t0049_s003,"Statement disparaging others ('brain-dead') and blaming their inaction, adversarial edge.",S; CH,PER; CB,2,2
1008_t0004_s007,Introducing family and guests; a personal/self reference with emotional resonance.,S; HS,AE,2,1
1031_t0543_s002,Attributes a negative trend to the opponent's tenure ('his watch').,S; CH,ATTR; REB,2,2
1018_t0026_s009,Cites specific wage figures as factual claim; may be selectively framed as negative.,S; S-Inform,SE,2,1
1004_t0052_s003,Claims credit for peaceful progress worldwide.,S,IT,1,1
1008_t0008_s001,Frames a personal belief and trust in people; opinion stance.,S,IP,1,1
1026_t0156_s011,Accuses a foreign actor of stealing/counterfeiting; adversarial framing toward a national outgroup.,S; CH,ATTR; CBias,2,2
1015_t0116_s021,"A terse declarative singling out the current president as an exception, implicitly critical.",S,ATTR,1,1
1015_t0030_s004,"Speaker recounts personal work with the FBI director, promoting own engagement and responsibility.",S; S-Inform,IT,2,1
1022_t0002_s014,Assigns cause/blame for the housing crisis to Fannie and Freddie in a one-sided causal claim.,S; S-Inform; EXPL,ATTR; SE,3,2
1006_t0099_s009,"Declarative accusing 'they' of breaking the system, blame framing.",S,ATTR,1,1
1027_t0160_s020,Hortatory 'you shouldn't' declarative expressing what ought to be; a moral stance not an imperative.,S,IP,1,1
1031_t0851_s002,Discourse marker holding the floor to introduce a point.,TT,,1,0
1018_t0109_s010,Neutral factual observation about the closeness of the 2000 election.,S,,1,0
1031_t0508_s001,Flat declarative rejecting the characterization of something as peaceful protest.,S; CH,REB,2,1
1021_t0073_s018,"Statement contrasting the opponent's approach, referencing the named opponent.",S,REB,1,1
1008_t0123_s001,Turn-opening filler introducing a reference to a remark made by the opponent.,S; TT,,2,0
1033_t0232_s005,"Plain declarative assertion, possibly a hasty generalization about a group returning.",S,CB,1,1
1004_t0113_s003,Speaker claims personal action/credit for using the bully pulpit against discrimination.,S,IT,1,1
1010_t0052_s005,Declarative expressing personal opinion about policy benefits.,S,IP,1,1
1022_t0073_s001,"Fragment continuing a topic discussion, procedural in nature.",S,,1,0
1015_t0092_s014,"Factual assertion listing events (fuel rods, inspectors), presented one-sidedly to fault the opponent's policy.",S-Inform; CH,REB; SE,2,2
1022_t0124_s001,One-word interrogative seeking confirmation/clarification.,YNQ,,1,0
1027_t0148_s001,Explicit agreement with the other party.,AGR,,1,0
1025_t0026_s024,"Recounts what the president said, attributing a claim to him, factual content about coal plants.",S-Inform; HS,ATTR,2,1
1010_t0135_s021,"Fragment framing an issue about children's education, likely part of a list of stakes.",S,AE,1,1
1025_t0183_s005,"Speaker acknowledges disagreement about decisions he's made, personal stance.",S,IP,1,1
1027_t0150_s008,"Vivid declarative describing danger of violence, invoking fear about crime.",S,AF,1,1
1021_t0023_s007,Plain declarative assertion about the economy.,S,,1,0
1026_t0046_s010,"Invites listener to imagine a hypothetical scenario, an emotional appeal.",S,AE,1,1
1031_t0742_s006,"Empty/punctuation-only token, no content.",,,0,0
1031_t0834_s001,"Empty/punctuation-only token, no content.",,,0,0
1033_t0055_s005,"Plain declarative identifying states, no clear slant.",S,,1,0
1007_t0071_s011,Simple factual statement about opponent's position.,S,,1,0
1026_t0086_s003,Directly challenges the accuracy of a claim made by the opponent.,CH,REB,1,1
1029_t0117_s009,Declarative asserting an obligation regarding Muslims; frames a religious group.,S,CBias,1,1
1026_t0039_s001,"Uses 'you've got to' hortatory phrasing which is declarative, not a bare imperative; expresses what ought to be done.",S,,1,0
1013_t0230_s006,A declarative complaint about the political climate in Washington using loaded phrases like 'finger pointing' and 'name calling.',S,CB,1,1
1013_t0155_s001,"Rebuts the opponent's characterization directly, denying an attributed claim about being hard-hearted.",S; REJ; CH,REB,3,1
1025_t0127_s003,An imperative telling listeners to make sure of things regarding jobs and benefits.,IAFA,,1,0
1007_t0182_s002,A fragmentary statement referencing what someone said about defending the country's honor.,S,,1,0
1023_t0091_s020,Cites a specific numerical ratio to make a point against the opponent's record.,S-Inform; CH,REB; SE,2,2
1004_t0059_s023,"A general declarative about what small businesses need, hortatory in tone.",S,,1,0
1015_t0004_s019,Promotes own plan while contrasting with the president's failure to achieve it.,S; CH,IT; REB,2,2
1025_t0121_s008,"Attributes the shift from surplus to deficit, implicitly blaming the opponent's policy.",S; CH,ATTR; REB,2,2
1026_t0069_s004,A general declarative about workforce competitiveness driving business location.,S,,1,0
1001_t0058_s002,"A fragmentary opening addressing someone, incomplete statement.",S,,1,0
1017_t0163_s003,"A plain declarative expressing positive sentiment, likely closing pleasantry.",S,,1,0
1008_t0133_s004,"A declarative sentence fragment listing policy proposals, stating positions.",S,,1,0
1011_t0099_s013,"A statement with specific factual/numeric content about tax percentages and families, promoting the speaker's plan favorably.",S-Inform,IT,1,1
1022_t0169_s002,Personal-stance framed statement with appeal to hardship affecting the nation.,S,AE; IP,1,2
1010_t0110_s005,"Declarative expressing what ought to happen; not a bare imperative, so a statement.",S,,1,0
1004_t0068_s015,"Statement claiming personal action to protect workers, self-promotion, with political jab at Congress.",S,IT,1,1
1033_t0197_s002,"A loaded rhetorical question mocking the opponent's stated position, challenging its logic.",Q-RHET; CH,REB; CB,2,2
1010_t0129_s010,"Statement with factual/emotional content listing conflicts to make a point, appealing to emotion.",S; S-Inform,AE,2,1
1019_t0067_s004,"Factual statement about the opponent's position, used as a rebuttal contrasting stances.",S,REB,1,1
1022_t0070_s001,"An incomplete utterance, appears cut off; no clear act beyond a partial statement.",S,,1,0
1026_t0143_s015,Declarative giving a reason about Afghan security forces; states factual context.,S; EXPL,,2,0
1010_t0134_s007,Plain declarative asserting what the election is about.,S,,1,0
1011_t0021_s003,Declarative naming a program; provides informative detail.,S; S-Inform,,2,0
1021_t0093_s018,Speaker asserts personal priority regarding troops; frames own stance and self-promotion.,S,IT; IP,1,2
1022_t0012_s009,Cut-off fragment declining to do something.,S,,1,0
1013_t0118_s003,Points out inconsistency in opponent's position; a rebuttal referencing opponent.,S; CH,REB,2,1
1033_t0051_s011,Dismissive interjection aimed at opponent's claim.,DIS,REB,1,1
1030_t0128_s001,Attacks opponent's plan claiming it raises/doubles taxes; blame attribution and deflection to opponent before own plan.,S; CH,DF; ATTR; REB,2,3
1027_t0070_s004,Cites analysis with numbers favoring self and against opponent; selective evidence and self-promotion via statistics.,S; S-Inform; CH,IT; REB; SE,3,3
1021_t0046_s002,States there have been several and predicts another; generalizing statement.,S; S-Inform,CB,2,1
1033_t0069_s028,"Declarative asserting a warning that interfering countries will pay a price, invoking threat and sovereignty. Contains fear/threat language and patriotic sovereignty framing.",S,AF,1,1
1023_t0189_s020,Statement of personal stance about not cutting education commitment.,S,IP,1,1
1007_t0069_s002,"Fragment addressing opponent, a turn-holding filler ('You know, Mr.').",TT,,1,0
1025_t0146_s020,Statement claiming personal accomplishment done administratively.,S,IT,1,1
1027_t0148_s016,"Statement of what must be done, referencing prior statement; hortatory but declarative.",S; MS,,2,0
1029_t0096_s008,Factual statement describing the Obamacare approach's design.,S,,1,0
1001_t0090_s002,"Statement attacking the opponent's past policy position with specific figures, framing it negatively as favoring Soviets. This attributes a damaging position to the opponent.",S-Inform; CH,ATTR; REB; SE,2,3
1022_t0110_s018,Statement/fragment describing a country helping stop drugs killing young Americans; emotional appeal with 'killing young Americans'.,S,AE,1,1
1018_t0115_s006,Statement of personal belief promoting own leadership qualities.,S,IT; IP,1,2
1010_t0040_s014,"Informative statement citing policy benefits and referencing the budget vetoed, one-sided in favor of own plan.",S-Inform,SE,1,1
1008_t0030_s005,"Statement giving concrete dollar-value comparisons (day care, computer, mortgage) meant to make listeners feel the impact; new factual detail and emotional framing about working families.",S; S-Inform,AE,2,1
1031_t0202_s004,"Fragmentary statement, apparently cut off; a turn-holding bid with 'by the way'.",S; TT,,2,0
1006_t0065_s004,"Statement characterizing the opponent's claim as 'fact slinging' referencing a bill, a rebuttal-style challenge.",S; CH,REB,2,1
1003_t0169_s003,"A rhetorical/leading question challenging Bush's past positions, aimed at the opponent.",YNQ; Q-RHET; CH,REB,3,1
1021_t0006_s015,"Hortatory declarative ('We've got to') expressing what should happen; collective framing toward reform, prosperity, peace.",S,UF,1,1
1003_t0141_s001,Plain factual assertion with causal explanation about farm payments and the economy.,S; S-Inform; EXPL,,3,0
1030_t0108_s001,Personal stance ('I find it ironic') criticizing the opponent for raising nuclear weapons — a rebuttal with personal opinion framing.,S; CH,IP; REB,2,2
1022_t0112_s005,Statement asserting a firm rejection of a path under his presidency.,S,IP,1,1
1019_t0044_s009,"Imperative command 'look at the record' steering to the energy bill, with 'again' as an emphatic jab.",IAFA; MS,REB,2,1
1019_t0051_s017,"Personal-stance statement listing infrastructure needs with specific factual detail (roads, bridges, broadband).",S; S-Inform,IP,2,1
1014_t0140_s013,"A declarative promise of future policy actions, framing personal commitment.",S,IP,1,1
1008_t0074_s018,Conditional declarative asserting a policy outcome; factual claim about coverage.,S,,1,0
1011_t0060_s002,Statement claiming personal future action; frames self favorably.,S,IT,1,1
1013_t0026_s003,"Declarative asserting inherited situation, deflecting blame to predecessor.",S,DF; ATTR,1,2
1017_t0042_s005,Plain declarative assertion of a fact/opinion.,S,,1,0
1015_t0046_s004,Statement providing factual detail about coalition countries.,S; S-Inform,,2,0
1019_t0012_s008,Narrative recounting a historical event/figure.,S; HS,,2,0
1023_t0133_s001,Opens with 'No' then a statement; rejection then assertion.,S; REJ,,2,0
1030_t0297_s001,Declarative labeling Aleppo a disaster; uses fear/crisis framing.,S,AF,1,1
1013_t0197_s006,Hedged statement acknowledging differences with opponent.,S,,1,0
1031_t0029_s001,"Speaker asserts personal approval of party platform, framing as personal stance.",S; IAFA,IP,2,1
1014_t0150_s010,Expresses a goal/desire about public schools; 'no child left behind' has emotional resonance about children.,S,AE,1,1
1025_t0007_s010,Fragment citing a statistic about college graduates without jobs; the 'half' figure is selective/one-sided.,S-Inform,SE,1,1
1006_t0081_s001,"Complains about not being given a chance to speak, a turn-related bid.",TT; T-REQ,,2,0
1022_t0143_s014,Plain declarative acknowledging difficulty reconciling two views.,S,,1,0
1021_t0080_s003,Bids to hold the floor and steer to a topic of difference.,TT; MS,,2,0
1027_t0279_s007,"Rhetorical question 'can you imagine' inviting incredulity, an emotional appeal.",Q-RHET,AE,1,1
1013_t0203_s002,"Statement about opponent's inconsistency on legislation, rebutting/attacking his record.",S; CH,ATTR; REB,2,2
1030_t0161_s013,"Blames Clinton and Obama for creating ISIS, a blame attribution and fear framing about terrorism.",S; CH,AF; ATTR; REB; CB,2,4
1026_t0115_s010,Sets up a self-serving contrast about the state of the world when speaker took office.,S; HS,IT,2,1
1027_t0194_s002,"This is a statement characterizing Trump's motives negatively, referencing a 'racist birther lie' attributed to the opponent.",S; CH,PER; ATTR; REB; RB,2,4
1031_t0226_s005,A statement giving a reason (explanation) for a past action.,S; EXPL,,2,0
1031_t0377_s001,A flat one-word negative response.,REJ; ANS,,2,0
1001_t0075_s002,Speaker takes the floor and states a personal opinion/stance on abortion.,S; IAFA; TT,IP,3,1
1031_t0162_s005,Plain declarative factual assertion.,S,,1,0
1023_t0167_s010,Statement offering a policy suggestion as an example.,S,,1,0
1017_t0006_s004,Fragment 'as well' continuing prior statement.,S,,1,0
1033_t0247_s027,Short affirming statement claiming credit for having done something.,S,IT,1,1
1003_t0139_s009,"Statement attacking the 'liberal Democrat grain embargo,' blaming the political outgroup for harm.",S,PB; ATTR,1,2
1010_t0134_s013,"Hortatory declarative expressing what should happen, not an imperative.",S,,1,0
1001_t0037_s005,"A rhetorical question with a tag ('don't you?') referencing the opponent, not seeking a genuine answer, and implying the VP has something to be embarrassed about.",Q-RHET,REB,1,1
1015_t0060_s002,"A plain declarative asserting the opponent flip-flops, a character-based rebuttal of the opponent.",S,PER; REB,1,2
1031_t0286_s002,Statement with dollar figures blaming the opponent's tax policy for enriching billionaires.,S-Inform; CH,ATTR; REB,2,2
1023_t0200_s014,"A rambling declarative recounting a policy fight over health insurance, referencing what 'they said.'",S; EXPL,REB,2,1
1030_t0335_s004,Statement naming a slogan; the slogan itself carries appeal to national pride/patriotism.,S,AP,1,1
1010_t0073_s014,"Statement with numbers contrasting the President's spending with the speaker's own plan, framing self favorably.",S-Inform,IT; REB,1,2
1029_t0220_s017,A flat declarative accusing the opponent of lying — a direct personal attack.,S; CH,PER; ATTR,2,2
1007_t0055_s008,"Sarcastic statement implying the opponent never admits mistakes, a character jab.",S,PER; REB,1,2
1021_t0096_s008,Statement citing an authority (Secretary Gates) to support a claim about terrorism.,S; EXPL,ATTR,2,1
1033_t0049_s003,"A declarative expressing what ought to be done ('we have to'), not an imperative; hortatory shared action.",S,UF,1,1
1001_t0095_s004,"A single word, appears to be an acronym or naming; functions as a statement/reference.",S,,1,0
1030_t0245_s003,"Declarative expressing evaluation, personal stance about something being troubling.",S,IP,1,1
1006_t0143_s007,Plain declarative asserting a priority.,S,,1,0
1017_t0055_s007,Plain declarative statement.,S,,1,0
1018_t0035_s006,"Declarative expressing something ought to be honored; a statement, not imperative.",S,,1,0
1008_t0084_s001,Declarative assertion about US foreign policy.,S,,1,0
1014_t0140_s021,A Wh-question directed at the Governor asking which promises he'll keep or break; loaded framing implying he'll break some.,Q-W; TG,CB,2,1
1033_t0030_s007,Declarative characterizing opponent's mistaken belief; a rebuttal referencing opponent.,S; CH,REB,2,1
1023_t0011_s006,"A long declarative framing a policy question as central, with personal stance ('I think').",S,IP,1,1
1007_t0006_s004,Declarative characterizing opponent's position negatively as spending/taxing more; rebuttal against opponent.,S; CH,IP; REB,2,2
1033_t0274_s005,A personal evaluative statement expressing a negative opinion about something.,S; IAFA,IP,2,1
1015_t0098_s007,Speaker recounts opponent's claim then rebuts it with a factual statement referencing sanctions.,S; S-Inform; CH,REB,3,1
1025_t0125_s015,"Quoting what someone else said, narrative recounting.",S,,1,0
1026_t0175_s002,"Statement of intent/goal to make America competitive, hortatory framing.",S,IP,1,1
1030_t0082_s001,Addresses listener saying it's time to take a stand; declarative with 'I think' expressing stance.,S,IP,1,1
1015_t0054_s002,Brief personal statement about trying not to do something.,S,IP,1,1
1006_t0101_s010,Populist statement about citizens having no voice and describing Congress/lobbyists negatively; emotional and outgroup framing.,S,AE; DF,1,2
1021_t0023_s002,"Policy statement about stabilizing housing and removing cronyism, framed as personal belief.",S,IP,1,1
1003_t0162_s007,Statement of belief linking foreign oil dependence to national security.,S,AF; IP,1,2
1011_t0048_s013,Plain declarative statement characterizing an issue as requiring a new attitude.,S,,1,0
1023_t0152_s011,Declarative statement citing an example of a health system providing cheaper care; selective example used to support a point.,S,SE,1,1
1030_t0128_s002,"Declarative attacking opponent's tax plan with loaded 'disaster' language, blame directed at opponent's policy.",S; CH,AF; ATTR; REB,2,3
1004_t0106_s015,"Statement of self having a plan, mild self-promotion.",S,IT,1,1
1013_t0066_s007,"Declarative expressing personal opinion/stance about not committing troops, giving reasoning.",S; EXPL,IP,2,1
1025_t0245_s010,"Statement of what speaker will do as president, self-promotional future promise.",S,IT,1,1
1010_t0035_s025,Bare imperative telling listener not to do something.,IAFA,,1,0
1003_t0050_s014,Plain declarative asserting things must be addressed.,S,,1,0
1015_t0088_s004,Bid to hold the floor and introduce a point contrasting with opponent.,S; TT,REB,2,1
1018_t0074_s021,Declarative assertion criticizing 'they' for not enforcing rules; blame attribution.,S; CH,ATTR,2,1
1010_t0068_s006,Imperative command to make an effort/put a ramp up for accessibility.,IAFA,,1,0
1013_t0149_s010,"Speaker states this is a top priority, framing as personal stance.",S,IP,1,1
1027_t0171_s002,Speaker claims credit for something that worked.,S,IT,1,1
1030_t0180_s004,Statement attacking opponent's character by citing his disparaging remark about a POW.,S; CH,PER; ATTR,2,2
1031_t0088_s001,Flat refusal to engage with the opponent.,S; REJ,REB,2,1
1018_t0100_s024,"Factual-sounding claim attacking the president's record, hedged with 'I think'.",S; CH,ATTR; REB,2,2
1023_t0163_s004,"Asserts opponent won't tell us something, attributing evasiveness.",S; CH,ATTR; REB,2,2
1015_t0014_s006,"Personal statement of understanding, framing personal stance.",S,IP,1,1
1031_t0786_s043,"Emphatic denunciation calling something a fraud and shame, loaded terms.",S; REJ,PER; REB,2,2
1017_t0004_s003,Expression of thanks to the host.,THK,,1,0
1006_t0151_s008,Statement challenging the accuracy of a claim about Medicare.,S; CH,REB,2,1
1011_t0112_s002,Reports the opponent's stated position; a plain declarative attributing a stance to him.,S,REB,1,1
1010_t0131_s014,Simple declarative statement conceding progress not yet complete.,S,,1,0
1013_t0167_s005,"A declarative jab about the opponent's inconsistency, framed sarcastically ('I guess'), challenging his position.",S; CH,REB,2,1
1030_t0204_s007,States a factual descriptor about Haiti being poorest; informative content.,S; S-Inform,,2,0
1006_t0061_s003,Declarative taking credit for something occurring during his presidency.,S,IT,1,1
1029_t0067_s001,Backchannel affirmation acknowledging/agreeing.,ACK,,1,0
1003_t0069_s019,"Personal narrative asserting no comparable ugliness, implying victimhood and defending against rumors.",S,AE; SE,1,2
1030_t0301_s008,Bids to take the floor to respond to opponent's point.,TT; MS,REB,2,1
1027_t0096_s016,A bare numeric fragment citing a figure.,S-Inform,,1,0
1001_t0037_s002,"Expresses a hope, an insinuating jab implying the opponent may have done something bad.",S,IP,1,1
1018_t0061_s003,Cites CBO and specific dollar figure to challenge the opponent's plan; factual claim with numbers used as evidence against opponent.,S-Inform; CH,ATTR; REB,2,2
1010_t0052_s008,Statement with a factual statistic claiming a positive achievement under the speaker.,S-Inform,IT,1,1
1018_t0102_s008,"Statement of belief about educational policy goals, framed as personal stance.",S; INT,IP,2,1
1014_t0083_s003,"Speaker reminds/clarifies what the question was, steering back to topic.",S; MS,,2,0
1030_t0161_s007,Self-promotion touting running his company plus a pride appeal ('so proud').,S,AP; IT,1,2
1023_t0187_s005,Statement with dollar figure claiming personal accomplishment as president.,S-Inform,IT,1,1
1010_t0049_s004,"Fragment naming a policy proposal, plainly.",S,,1,0
1010_t0016_s002,Takes the floor and cites an authority with a scary statistic to attack the vetoed budget consequences.,S-Inform; TT,AF,2,1
1014_t0090_s014,Fragmentary statement about law enforcement and federal help.,S,,1,0
1021_t0057_s022,Rhetorical question with 'you know' targeting the opponent's Senate record; challenges via a loaded framing.,Q-RHET; CH,ATTR; REB,2,2
1014_t0023_s015,"Cites a specific ranking (50th of 50) to attack Bush's record, blaming the named opponent for a failure using selective statistics.",S-Inform; CH,ATTR; REB; SE,2,3
1001_t0047_s011,Plain declarative describing a person; possibly a subtle characterization but neutral on its face.,S,,1,0
1030_t0065_s009,Statement with factual attribution (17 agencies) about Russian interference; informative and cites evidence.,S-Inform,,1,0
1025_t0168_s005,Brief evaluative statement rejecting a policy as bad; personal stance framing.,S; DIS,IP; REB,2,2
1029_t0153_s005,"Attacks opponent's tax plan with specific comparative figures, one-sided framing of favoring the wealthy.",S-Inform; CH,ATTR; REB; SE,2,3
1008_t0104_s014,Short assertion emphasizing truth of a prior claim.,S,,1,0
1017_t0083_s019,Statement praising past leaders' ability to ask the public for sacrifices; historical reference to unspecified group.,S,,1,0
1014_t0092_s001,"Corrects/clarifies attribution of an ad, directly addressing the opponent.",S; CORR,REB,2,1
1017_t0064_s018,"Informative statement about a future year and new Medicare drug coverage, citing a policy fact.",S-Inform; HS,,2,0
1007_t0014_s006,Offers to provide an example; a turn-holding/offering move.,S; TT,,2,0
1011_t0083_s022,Speaker frames a personal stance as belief about overextension.,S,IP,1,1
1001_t0071_s010,Statement referencing killings and acknowledging differing views; emotionally charged framing.,S,AE,1,1
1004_t0097_s002,"Hortatory declarative with 'I think we need to' - a statement, not a command, expressing personal stance.",S,IP,1,1
1031_t0176_s001,Cites a specific figure attributed to CDC Director; factual with fear framing about deaths.,S-Inform,AF; ATTR,1,2
1018_t0030_s017,"Characterizes opponent's words, rebutting/reframing his position.",S; CH,REB,2,1
1031_t0503_s011,Statement about changing process for transparency.,S,,1,0
1031_t0220_s001,Imperative directed as a jab referencing political figures.,IAFA,PB; AEX,1,2
1027_t0301_s002,Personal statement of refusal/inability.,S,IP,1,1
1025_t0132_s019,"Statement offering a one-sided explanation of unemployment stats, cherry-picking cause.",S; EXPL,SE,2,1
1021_t0057_s024,Claims personal credit for fighting taxes.,S,IT,1,1
1027_t0202_s025,"A statement asserting loss of control under Obama, attributing decline to the prior administration and using uncertainty framing.",S; HS,AF; ATTR,2,2
1019_t0042_s001,"Speaker acknowledges then contrasts with a criticism about action vs. words, a rebuttal-style jab.",S,REB,1,1
1031_t0694_s005,"Factual claim citing a dollar figure, one-sided cost claim.",S-Inform,SE,1,1
1011_t0097_s004,"Declarative framing a key question, hortatory about benefiting all people, unity framing.",S,UF,1,1
1029_t0061_s001,Flat rejection challenging accuracy of prior claim.,REJ; CH,REB,2,1
1014_t0131_s009,"Conditional statement about Medicare procedures, could invoke fear about losing benefits.",S,AF,1,1
1001_t0009_s004,"Declarative expressing that leaders ought to reflect values; hortatory, not imperative.",S,IP,1,1
1007_t0049_s019,Simple personal statement about self.,S,,1,0
1008_t0074_s022,Statement with emotional appeal to viewers watching.,S,AE,1,1
1004_t0073_s022,"Hortatory statement about needing to secure missiles, references threat from Russia.",S,AF,1,1
1023_t0014_s006,"A fragmentary topic-setting label introducing a plan element. Plain declarative fragment, no bias.",S,,1,0
1029_t0110_s003,"Statement citing a named source to challenge the opponent's policy, using loaded 'great lie' language and cherry-picked attribution.",S; CH,ATTR; REB; SE,2,3
1023_t0014_s004,"Speaker refers to own plan, self-promoting framing of a personal proposal.",S,IT,1,1
1027_t0307_s004,,,,0,0
1014_t0048_s003,"Speaker expresses eagerness to rebut a claim, holding the floor to counter opponent.",S; TT,REB,2,1
1006_t0172_s038,Emotionally charged statement about 'tiny little children' to make an emotional appeal.,S,AE,1,1
1018_t0055_s009,"Hortatory 'ought to' statement about what Americans should have; declarative not imperative, expressing a stance.",S,IP,1,1
1011_t0012_s006,"Statement giving reasoning with 'because', framing tax policy against the wealthy with a class-based stance and figures.",S; S-Inform; EXPL,IP,3,1
1015_t0006_s013,Factual statement about ongoing policy; neutral reporting of action.,S,,1,0
1004_t0047_s004,"Statement with specific figures citing economic decline, attributing worsening conditions with selective data.",S; S-Inform,SE,2,1
1017_t0090_s001,A one-word affirmative response signalling agreement or confirmation.,AGR,,1,0
1001_t0071_s012,A declarative expressing a personal moral stance on abortion policy and enforcement.,S; INT,IP,2,1
1026_t0065_s005,"Addressed to opponent, this rebuts a claim about alliances while citing specifics; framed as a defense of the administration's record.",S-Inform; CH,IT; REB,2,2
1018_t0083_s008,An imperative-like floor-holding move to continue speaking.,TT; MS,,2,0
1026_t0147_s002,"Declarative claiming credit for partnerships, listing specific regions.",S-Inform,IT,1,1
1011_t0003_s014,"A statement of what the speaker will do, taking ownership of a policy promise.",S,IT,1,1
1013_t0004_s011,Explanatory declarative giving reasoning ('because') and touching on race/ethnicity with unity framing.,S; EXPL,UF; RB,2,2
1031_t0489_s001,Short confirmation agreeing with a prior claim.,AGR,,1,0
1023_t0129_s004,Plain first-person declarative explaining a need.,S,,1,0
1017_t0064_s013,"Declarative claiming the administration is already acting, taking credit.",S,IT,1,1
1010_t0135_s019,A subordinate clause functioning as an assertion about a policy goal; declarative content.,S,,1,0
1010_t0019_s004,"Declarative statement highlighting a problem, with an implicit emotional/critical tone about troops in bad housing.",S,AE,1,1
1003_t0069_s002,Personal anecdote referencing a past event and person.,S; HS,,2,0
1010_t0040_s010,Plain declarative assertion.,S,,1,0
1029_t0080_s001,"Flat rejection/denial of a prior claim, disagreeing with opponent.",REJ,REB,1,1
1026_t0092_s008,Statement referencing own proposed budget.,S,,1,0
1027_t0182_s004,Self-promoting claim about own readiness for office.,S,IT,1,1
1010_t0096_s008,Declarative with a pride claim about American healthcare system.,S,AP,1,1
1030_t0024_s005,"Declarative asserting the focus of the discussion, possibly redirecting.",S,,1,0
1030_t0325_s001,Rejection of a prior claim followed by a reassuring assertion aimed at opponent's framing.,S; REJ,REB,2,1
1021_t0057_s018,"Speaker steers back to a prior framing about rhetoric and record, holding the topic. This is a topic-steering statement.",S; MS,DF,2,1
1015_t0032_s017,"A statement with an emotional reassurance and framing of the mission as vital, giving reasoning.",S; EXPL,AE,2,1
1033_t0176_s002,"A factual-style claim about stock prices being high, likely self-promotion of economic success.",S,IT,1,1
1013_t0116_s001,Explicit agreement plus a statement of prior support.,S; AGR,,2,0
1029_t0282_s001,"Declarative rebuttal contradicting a prior claim, offering a fact about coal prices.",S; S-Inform,REB,2,1
1010_t0103_s011,Provides reasoning with 'because' explaining campaign cost drivers.,S; EXPL,IP,2,1
1006_t0099_s024,A personal-stance policy statement about medical care.,S,IP,1,1
1029_t0072_s001,"Imperative command telling the opponent to move off the question, which is a dodge.",IAFA,DF; IA,1,2
1014_t0142_s013,A brief self-promoting claim of victory.,S,IT,1,1
1031_t0786_s045,"A fragment citing a date, factual reference with no clear bias.",S,,1,0
1033_t0138_s001,"Statement referencing the opponent's refusal to act, attributing failure.",S,ATTR,1,1
1030_t0157_s003,"Declarative directed at opponent's record, implying responsibility.",S,ATTR,1,1
1006_t0166_s016,"Statement of a policy proposal, no clear bias.",S,,1,0
1033_t0006_s015,Informative statement citing a medical journal to attack the President's crisis response; cites one-sided authority.,S-Inform; CH,ATTR; SE,2,2
1003_t0127_s004,"Statement quoting/paraphrasing what someone said, factual recounting.",S,ATTR,1,1
1026_t0201_s027,Self-promotion claiming personal capability plus unity framing about working across party lines.,S,UF; IT,1,2
1018_t0063_s006,"Informative statement citing a dollar figure (cut off), self-credit for a policy.",S-Inform,IT,1,1
1029_t0163_s006,"Brief expression of congratulations, functioning like thanks/greeting courtesy.",GR,,1,0
1023_t0014_s027,Statement attributing harm to opponent's policies via a group's feelings.,S,ATTR,1,1
1010_t0002_s018,"Fragmentary qualifying remark, no clear bias.",S,,1,0
1018_t0117_s022,"A direct appeal to the audience for their vote, expressed as a declarative statement about the speaker's request.",S,,1,0
1029_t0276_s026,"Declarative expressing what ought to be done, not an imperative command.",S,,1,0
1014_t0010_s003,Plain factual assertion identifying a bill pending in Congress.,S; S-Inform,,2,0
1003_t0169_s009,Explanatory statement giving reasoning about why running-mate selection matters; uses 'because'.,S; EXPL,,2,0
1003_t0073_s001,"A rhetorical question framed as a declarative asking for agreement, citing a specific anecdote with dollar figures and dates as one-sided supporting evidence.",Q-RHET; S-Inform,AE; SE,2,2
1003_t0012_s006,Historical factual statement citing post-WWII events with a count.,S; S-Inform; HS,,3,0
1001_t0007_s007,Statement citing a statistic about world population share.,S; S-Inform,,2,0
1030_t0301_s004,Plain declarative assessment about the effort required.,S,,1,0
1033_t0247_s021,"Statement claiming beneficiaries of a policy, referencing racial/ethnic communities; frames one-sided benefit as self-promotion of a policy.",S; S-Inform,IT; RB,2,2
1018_t0115_s003,Statement of personal stance invoking a historical figure to frame the speaker's bipartisan approach.,S; HS,UF; IP,2,2
1011_t0142_s007,"A plain declarative asserting a state of affairs, non-committal.",S,,1,0
1027_t0192_s003,"Declarative asserting what an opponent should have done, implying blame for failure to act.",S,ATTR; REB,1,2
1022_t0023_s004,"Statement claiming personal fiscal responsibility, self-promotion of own proposals.",S; S-Inform,IT,2,1
1033_t0171_s001,Cites an unnamed 'they' predicting a favorable outcome tied to the speaker — self-promotion via selective/one-sided evidence.,S,IT; SE,1,2
1021_t0034_s001,Addressing 'my friends' and warning money goes to terrorists — a fear appeal with a factual claim.,S; S-Inform,AF,2,1
1018_t0061_s004,Cites CBO figures with statistics to bolster an argument.,S-Inform; EXPL,,2,0
1004_t0138_s014,Imperative command inviting the audience to empathize with people's dreams — emotional appeal.,IAFA,AE,1,1
1011_t0066_s003,Explicitly frames a personal belief as opinion.,S,IP,1,1
1023_t0014_s036,"A one-word address to the President, likely a turn-give or floor cue.",TG,,1,0
1003_t0167_s012,"Statement of a personal pledge/promise about future conduct, self-promotion of integrity.",S,IT,1,1
1003_t0023_s013,"Declarative assertion predicting failure, with implied fear framing about fiscal irresponsibility.",S,CB,1,1
1030_t0185_s001,"A statement challenging the opponent's charges as false, referencing 'she'; a rebuttal.",S; CH,REB,2,1
1017_t0125_s006,Declarative expressing a moral view about an ethical dilemma; emotional/moral framing.,S,IP,1,1
1027_t0012_s016,Statement asserting long-standing defect and blaming politicians for inaction.,S,ATTR,1,1
1031_t0566_s001,"Flat rejection of a claim, challenging its accuracy.",REJ; CH,REB,2,1
1017_t0052_s001,"Fragment 'Mr.' — an address/vocative, no clear discourse act.",,,0,0
1021_t0070_s007,"Fragment 'That one' — likely a deictic reference, possibly a pointed jab but insufficient to code.",S,,1,0
1018_t0109_s007,"Long declarative explaining view about entrenched special interests, framed as personal stance.",S; EXPL,IP,2,1
1022_t0005_s017,Hortatory declarative ('we've got to') expressing what should be done; not an imperative.,S,IP,1,1
1011_t0043_s010,Statement with new factual/personal content referencing a place and time visited.,S; S-Inform,,2,0
1007_t0091_s001,A single name used to hand the floor to the moderator/opponent.,TG,,1,0
1004_t0116_s008,"Statement with self-credit claim about funding levels, comparing favorably to the past without specifics; some cherry-picking framing.",S; IAFA,IT,2,1
1031_t0516_s003,"A statement attacking ideas as 'sick' using loaded language, referencing spending; emotive negative framing.",S; CH,AE; SE,2,2
1033_t0053_s003,"Statement with emotional framing ('dying') about restaurants, appealing to emotion/fear.",S,AE,1,1
1007_t0006_s016,"Fragment of an address/title, likely a turn-give addressing a person.",TG,,1,0
1011_t0046_s001,A request to speak/hold the floor for a final comment.,TT; T-REQ,,2,0
1006_t0049_s008,"Statement directed at listener, somewhat argumentative but plain assertion.",S,,1,0
1029_t0192_s004,Statement blaming 'weak foreign policy' for adversaries aligning; attributes blame to opponent's policy.,S; CH,ATTR; REB,2,2
1027_t0023_s001,A denial/rejection of a claim attributed to the speaker.,DIS; REJ,REB,2,1
1021_t0029_s012,"Statement addressing the listener, plain declarative concession.",S,,1,0
1027_t0234_s017,Declarative assertion with strongly negative fear/catastrophe framing ('disaster').,S,AF,1,1
1008_t0054_s012,"'We ought to' is hortatory, a statement of what should happen with shared-action framing, not an imperative.",S,UF,1,1
1006_t0159_s001,"Manages the floor, indicating order of answering; also an offer to respond.",IAFA-OF; TT,,2,0
1031_t0456_s004,"Declarative jab about opponent's family, dismissive and adversarial.",S,PER; AEX,1,2
1029_t0054_s012,"Declarative informing about a subpoena, emphatic 'more importantly' as a rebuttal point referencing opponent's action.",S; S-Inform,REB,2,1
1013_t0004_s007,Long declarative describing desire for freedom and free markets abroad; contains patriotic/values framing.,S,APAT,1,1
1026_t0009_s008,"Declarative affirming intended action, emphatic promise.",S,,1,0
1001_t0092_s004,Short declarative narrative fragment; no clear bias.,S,,1,0
1001_t0161_s009,Sentence fragment continuing a promise about healthcare for working families; emotional appeal to families.,S,AE,1,1
1014_t0034_s010,States a personal policy goal citing studies about children learning; emotional appeal to children plus a stance.,S,AE; IP,1,2
1011_t0123_s002,A personal recollection framing a vivid memory; emotional appeal via imagery of fires.,S; HS,AE,2,1
1015_t0102_s005,"Explicitly agrees, then states position on Darfur as genocide.",S; AGR,IP,2,1
1007_t0201_s006,Expresses respect for Perot; personal stance and factual content on deficit.,S,IP,1,1
1018_t0005_s004,Statement with factual claim (three-quarters) and self-promotion of progress in the war on terror.,S-Inform,IT; SE,1,2
1014_t0148_s014,Factual claim with a number and patriotic framing of oath to Constitution; also self-promotion of integrity.,S-Inform; HS,APAT; IT,2,2
1027_t0024_s001,"Hortatory statement of what ought to be done, framed as personal stance and shared action.",S,UF; IP,1,2
1007_t0090_s006,Plain factual assertion about the travel industry; neutral.,S-Inform,,1,0
1006_t0159_s004,Descriptive statement invoking freedom imagery; patriotic/emotional framing.,S,APAT,1,1
1017_t0027_s003,Expresses personal affection for values; appeal to pride/values.,S,AP; IP,1,2
1027_t0242_s013,Claims credit for driving them to negotiating table; self-promotion.,S,IT,1,1
1014_t0142_s022,An imperative-framed reminder followed by a factual claim with a year; steers listener to focus on a fact. The 'remember' is hortatory but functions to state a fact.,S-Inform; HS,SE,2,1
1013_t0116_s003,Speaker frames a personal opinion contrasting his group with the opponent Governor.,S; REJ,IP; REB,2,2
1013_t0008_s006,"Fragment word, likely cut off; no clear discourse act or bias.",,,0,0
1023_t0189_s021,Statement of personal intent/action taken by the speaker.,S,IP,1,1
1033_t0143_s003,"Factual/evaluative claim asserting a bad prior state, implicit blame framing.",S,SE,1,1
1008_t0065_s014,Plain declarative describing a shared situation.,S,,1,0
1013_t0070_s013,"Historical reference to WWII, Marshall Plan and Truman as a factual statement.",S; HS,,2,0
1019_t0186_s003,Simple declarative explaining origin of a name.,S; EXPL,,2,0
1030_t0281_s002,Explicit agreement stated as personal opinion.,AGR,IP,1,1
1007_t0125_s007,"Statement expressing personal feeling, with a jab at the media.",S,IP,1,1
1013_t0118_s007,"Speaker expresses a personal belief on a social issue, framed as personal stance.",S; IAFA,,2,0
1018_t0028_s024,,,,0,0
1029_t0088_s014,,,,0,0
1021_t0143_s017,,,,0,0
1006_t0130_s001,,,,0,0
1010_t0037_s006,,,,0,0
1022_t0045_s001,,,,0,0
1033_t0299_s012,,,,0,0
1031_t0317_s001,,,,0,0
1001_t0034_s007,,,,0,0
1029_t0117_s013,"An imperative command directing attention to Paris, likely invoking terror/danger fear framing.",IAFA,AF,1,1
1007_t0008_s002,Declarative statement making a factual/analytical claim about deficits under opponents' plans.,S; S-Inform,REB,2,1
1029_t0159_s004,Declarative boast claiming superior knowledge over anyone who has run for president; self-promotion.,S,IT; CB,1,2
1015_t0100_s016,Factual statement about Guards and Reserves doing double duties.,S; S-Inform,,2,0
1023_t0088_s009,Personal anecdote referencing a historical/self event with emotional content.,S; HS,AE,2,1
1022_t0088_s022,"Statement clarifying/limiting one's involvement with ACORN, defensive rebuttal.",S,REB,1,1
1018_t0105_s013,Self-reference to prior remarks about faith and works; references religion.,S; HS,CBias,2,1
1030_t0145_s031,Emotional personal statement expressing honor.,S,AE,1,1
1029_t0291_s010,"Statement claiming credit for putting forth specific policies, self-promotion.",S; EXPL,IT,2,1
1033_t0287_s002,"Attacks politicians as all talk no action, an outgroup personal attack framing.",S; CH,PB; PER,2,2
1017_t0139_s012,"Declarative asserting opponent's opposing stance, referencing the opponent negatively.",S,REB,1,1
1023_t0024_s020,Self-clarifying restatement of own policy position.,S; CORR,IP,2,1
1023_t0160_s006,Statement about personal background with a self-correction mid-sentence.,S; CORR,,2,0
1006_t0067_s011,"Hortatory statement about working together — collective unity framing, not a bare imperative.",S,UF,1,1
1013_t0108_s001,Statement declining to interrupt; a turn-management remark.,S,,1,0
1025_t0157_s004,Fragment 'Mr.' — likely start of addressing someone; no discernible act or bias.,S,,1,0
1031_t0784_s009,"Fragment enumerating a point, no clear bias.",S,,1,0
1007_t0010_s006,Fragment steering toward a topic about the opponent's remarks.,S; MS,,2,0
1027_t0263_s006,"Statement framed as personal knowledge/belief about campaign's effect, with fear-adjacent worry framing.",S,IP,1,1
1030_t0297_s006,"Emotional lament about a situation, appealing to sentiment.",S,AE,1,1
1011_t0107_s012,"Speaker directs listener attention to a problem; imperative-style but 'I want you to hear' is declarative expressing desire, and frames a problem to worry about.",S,AF,1,1
1025_t0101_s021,Declarative claiming credit for a policy outcome (millions afford college) and touches gender in the marketplace.,S; S-Inform,IT,2,1
1015_t0081_s014,Factual assertion with numeric/fraction claim about the war context.,S; S-Inform,SE,2,1
1023_t0007_s026,Imperative enumerating a policy point ('champion small business').,IAFA,,1,0
1029_t0182_s007,Statement of what is needed with reasoning ('because'); hortatory but declarative.,S; EXPL,,2,0
1001_t0137_s002,Frames personal opinion that something is important to understand.,S,IP,1,1
1027_t0234_s012,Rambling statement referencing the press and pre-war timing; procedural aside.,S,,1,0
1021_t0130_s002,Explicit agreement with the opponent on steps to be taken.,AGR,IP,1,1
1011_t0140_s009,Plain factual assertion about payroll taxes belonging to the listener.,S,,1,0
1031_t0747_s003,Empty/period-only fragment; no discourse content.,,,0,0
1026_t0052_s002,"This challenges the opponent's claim, referencing what Romney said, functioning as a rebuttal.",S; CH,REB,2,1
1014_t0075_s001,"A declarative expressing a vision with patriotic/values-laden framing about democracy, freedom, human rights.",S,APAT; IP,1,2
1025_t0026_s027,A statement claiming personal credit for a plan and predicting a benefit; self-promotion.,S; S-Inform,IT,2,1
1031_t0826_s001,"An emphatic declarative asserting something can't be done, possibly a jab or rebuttal.",S,REB,1,1
1031_t0784_s018,An imperative directing the listener to vote how they see fit.,IAFA,,1,0
1022_t0143_s004,Factual statement citing a specific bill; frames the issue but is largely informative.,S; S-Inform,,2,0
1015_t0114_s009,"A statement criticizing the decision to rush to war, implicitly a rebuttal of policy.",S,REB,1,1
1026_t0043_s001,A plain factual assertion about geopolitics.,S; S-Inform,,2,0
1003_t0157_s005,A plain factual statement about a current event.,S; S-Inform,,2,0
1031_t0752_s003,An empty/non-content fragment with no discourse act.,,,0,0
1031_t0165_s011,Speaker quotes an attack ('racist and xenophobic') attributing motive to opponent's criticism of his policy; this is a rebuttal referencing the opponent and defends self.,S; CH,PER; REB,2,2
1025_t0014_s003,Declarative asserting the president's policies failed to produce jobs; blame attribution to the opponent.,S; CH,ATTR; REB,2,2
1008_t0050_s018,"Hortatory statement ('ought to stop') expressing what should happen, a plain declarative not an imperative.",S,IP,1,1
1013_t0091_s004,Statement continuing a point about training scope; plain policy content.,S,,1,0
1019_t0112_s011,General conditional statement about working with a government; plain assertion.,S,,1,0
1003_t0167_s015,Statement claiming corruption exists on both sides; deflects blame away from one party.,S,DF,1,1
1006_t0238_s007,Reports a general claim ('everybody says') about Congress; hasty generalization framing.,S,CB,1,1
1013_t0230_s022,Personal-stance statement of belief about setting priorities.,S,IP,1,1
1027_t0242_s006,Factual/historical statement with specific detail about Iran's nuclear timeline; new factual content and self-reference.,S-Inform; HS,,2,0
1011_t0097_s012,Assertion predicting opponent's action on Medicare; a rebuttal referencing the opponent.,S; CH,ATTR; REB,2,2
1003_t0087_s011,"Statement asserting a policy view that a 'better way' produced results, with self-favoring framing and reference to results.",S; INT,IP; SE,2,2
1018_t0028_s011,A quoted evaluative fragment dismissing something as 'not smart'; a plain assertion.,S,,1,0
1011_t0016_s002,"Statement referencing what opponents did eight years ago, a historical self-reference to a claim.",S; HS,ATTR,2,1
1033_t0053_s012,A sweeping declarative claim that 'everyone' is leaving; a hasty generalization.,S,CB,1,1
1018_t0077_s002,"Direct answer opening with 'no', stating a personal position on litmus tests.",S; ANS,IP,2,1
1023_t0129_s001,Plain declarative asserting a normative view about regulation.,S,IP,1,1
1011_t0085_s008,Declarative arguing a logical point about involvement; frames a dichotomy but as reasoning.,S,IP,1,1
1010_t0134_s022,"Short declarative statement, emotionally weighted about people giving their lives.",S,AE,1,1
1010_t0131_s006,"Statement of collective goal 'we want to end discrimination', hortatory unity framing.",S,UF,1,1
1031_t0700_s009,"Statement with specific factual/target content (net zero by 2035), a policy claim with a year.",S; S-Inform,IP,2,1
1004_t0080_s004,"Plain declarative referencing an action/response, no clear bias.",S,,1,0
1031_t0070_s007,Statement with a numeric claim about drug prices; a specific figure without context suggests selective evidence.,S-Inform,IT; SE,1,2
1029_t0250_s009,Personal stance expressing admiration for Obama.,S,IP,1,1
1022_t0114_s006,Explanatory statement about people fearing bankruptcy; emotional appeal to hardship.,S; EXPL,AE,2,1
1025_t0247_s004,Short declarative assessment.,S,,1,0
1004_t0120_s002,Statement with a specific statistic on HIV-positive Americans.,S-Inform,,1,0
1007_t0078_s001,Direct affirmative answer.,ANS,,1,0
1010_t0035_s005,"Statement blaming the Clinton Administration for delay, attributing fault to a named opponent.",S; CH,ATTR; REB,2,2
1006_t0055_s002,Statement contrasting self with implied opponent; self-defensive with implicit contrast.,S,REB,1,1
1031_t0796_s007,Brief statement of dislike toward some group/thing.,S,,1,0
1031_t0165_s009,"A statement asserting the count isn't straight, with a slanted characterization implying deception.",S,SE,1,1
1007_t0089_s002,Plain declarative asserting the laws protect taxpayers.,S,,1,0
1025_t0125_s010,Statement claiming personal credit for keeping commitments.,S,IT,1,1
1010_t0058_s018,"A fragment citing a specific figure, informative statement.",S-Inform,,1,0
1003_t0010_s010,Statement asserting a positive turnaround.,S,,1,0
1013_t0030_s002,Expresses personal opinion approving a decision.,S,IP,1,1
1013_t0030_s005,Expresses personal stance of being pleased.,S,IP,1,1
1018_t0067_s018,Explanatory statement about how the card works.,S; EXPL,,2,0
1003_t0003_s010,Statement expressing intention to call a summit.,S,IP,1,1
1011_t0107_s007,Statement citing specific dollar figures about revenue and spending.,S-Inform,,1,0
1023_t0206_s034,A campaign promise/self-commitment declarative claiming personal capacity to deliver outcomes.,S,AP; IT,1,2
1015_t0092_s004,"Conditional declarative about hypothetical policy alternatives, no clear bias.",S,,1,0
1015_t0090_s010,Informative statement citing a specific number of parties in negotiations.,S; S-Inform,,2,0
1018_t0115_s019,Direct appeal to the audience asking for support; emotional/personal appeal.,S; IAFA,AE,2,1
1011_t0083_s019,Plain declarative reporting a problem with recruiting.,S,,1,0
1018_t0102_s007,Question with rhetorical framing containing specific figures; asks listener to realize a statistic.,YNQ; S-Inform,IT,2,1
1025_t0261_s002,"Hortatory declarative expressing shared aspiration, collective 'we'.",S,UF,1,1
1033_t0307_s005,"Statement citing endorsements; self-corrected, sweeping claim of every group's support which is one-sided.",S; CORR,SE,2,1
1030_t0293_s001,Brief agreement/acknowledgment.,AGR,,1,0
1011_t0141_s010,Conditional explanatory statement laying out logical consequence of a cut; reasoning framing.,S; EXPL,CB,2,1
1025_t0026_s009,"Declarative asserting the administration took legal action against oil drillers, framing it as harmful blame directed at the opposing administration.",S; S-Inform,ATTR; REB,2,2
1025_t0035_s002,"A wh-question asking for a specific figure, implying the opponent cut permits, which is a loaded/challenging framing.",Q-W; CH,BQ; REB,2,2
1021_t0034_s006,Plain declarative agreeing that the mentioned items are national security requirements.,S,,1,0
1003_t0073_s012,Simple declarative statement about Bush's beliefs.,S,,1,0
1026_t0199_s012,Direct answer opening with 'Yes' explaining deficit-reduction plan with policy specifics and personal stance.,S; ANS; EXPL,IP,3,1
1008_t0018_s001,Declarative expressing personal doubt about a prior acknowledgment.,S; IAFA,IP,2,1
1017_t0115_s008,Statistical claim citing a percentage as new factual content.,S; S-Inform,,2,0
1030_t0128_s017,"Declarative asserting that 'they' are now starting to pay, likely a self-credit or one-sided claim.",S,IT,1,1
1021_t0093_s007,"Hortatory 'we must do whatever we can' framed as collective moral duty against genocide, appealing to emotion and unity.",S,AE; UF,1,2
1025_t0245_s034,Declarative with 'we have to' expressing shared obligation to be competitive for jobs.,S,UF,1,1
1010_t0007_s011,A declarative statement that invokes party pride via the 'party of Lincoln' framing and casts out bigots.,S,AP; APAT,1,2
1027_t0206_s011,Statement asserting a policy claim ('we should have taken the oil') with self-crediting reasoning and a presumption of agreement.,S; EXPL,IT; CB,2,2
1023_t0014_s026,"A first-person declarative promise, not an imperative; expresses stance/commitment.",S,IP,1,1
1033_t0305_s014,Personal-opinion declarative expressing uncertainty/stance.,S,IP,1,1
1008_t0035_s001,Statement explaining the speaker's own approach; personal framing.,S,IP,1,1
1022_t0167_s005,Statement referencing hard times for America; the 'difficult times and challenges' framing appeals to fear/concern.,S,AF,1,1
1017_t0029_s009,"A rhetorical question used to grab attention before a point, not seeking an answer.",Q-RHET,,1,0
1018_t0098_s010,"First-person claim of accomplishment, taking personal credit.",S; S-Inform,IT,2,1
1025_t0250_s001,"Fragmentary, incomplete utterance with no clear content; likely interrupted.",S,,1,0
1011_t0097_s009,"Hortatory declarative ('we've got to') expressing stance, not an imperative command.",S,IP,1,1
1006_t0015_s028,Declarative assertion of collective resolve; 'we'll' frames unity of shared action.,S,UF,1,1
1014_t0118_s004,A declarative statement giving reasoning/how something is done; not imperative despite the 'you'.,S; EXPL,,2,0
1029_t0224_s001,Declarative assertion using strong negative language 'disaster' framing an outcome as catastrophic.,S,AF,1,1
1017_t0081_s025,Statement expressing personal concern and finding common ground with the listener.,S,UF; IP,1,2
1029_t0031_s003,"Statement recalling repeated past rhetoric, implicitly dismissive of opponent's words.",S; HS,,2,0
1003_t0012_s004,Informative statement providing factual framing about a decision.,S; S-Inform,,2,0
1008_t0059_s003,"Declarative asserting national greatness/indispensability, appealing to pride.",S,AP,1,1
1019_t0110_s008,Plain declarative describing a state; no clear slant.,S,,1,0
1015_t0052_s008,"Statement referencing what the opponent said, setting up a rebuttal.",S; REJ,REB,2,1
1026_t0172_s001,Moderator hands the floor by naming the addressee; a turn-give.,TG,,1,0
1017_t0071_s023,"Statement with a numeric figure attributing loss of insurance to the sitting president, blaming him.",S-Inform,ATTR,1,1
1021_t0016_s010,"Statement implying improper money to a political group, adversarial framing.",S,REB,1,1
1031_t0440_s001,"Short skeptical rhetorical retort, incredulity rather than seeking answer.",Q-RHET,REB,1,1
1030_t0323_s002,Plain declarative promise about the economy.,S,,1,0
1031_t0327_s007,Statement crediting/blaming the Obama Administration with a sarcastic jab.,S,ATTR,1,1
1031_t0190_s003,Emphatic fragment exaggerating positively.,S,CB,1,1
1019_t0184_s016,Statement about consequences for competitiveness; personal stance framing on policy.,S,IP,1,1
1030_t0041_s006,Statement attacking a deal signed by opponent's spouse with superlative negative loaded language.,S; CH,ATTR; CB,2,2
1029_t0175_s001,Self-promotion claiming personal track record of results.,S,IT,1,1
1004_t0142_s025,Hortatory statement about what needs improvement; not imperative.,S,UF,1,1
1027_t0253_s010,Emphatic declarative asserting the country loses at everything; a hasty generalization overstating loss.,S,CB,1,1
1033_t0299_s021,Declarative claiming credit for environmental performance.,S,IT; SE,1,2
1010_t0054_s013,"Statement citing anecdotal evidence (a letter) to support a policy claim about capital gains, cherry-picked example.",S; S-Inform,SE,2,1
1025_t0222_s010,Bids to hold the floor to introduce another point.,TT; MS,,2,0
1007_t0169_s004,Informative statement with numbers rebutting the opponent's spending claim.,S-Inform; CH,REB; SE,2,2
1017_t0096_s001,Begins to challenge the president's cited figures.,S; CH; TT,REB,3,1
1033_t0077_s005,"Direct address distinguishing self from opponent, accusatory jab that you make money from China.",S; CH,ATTR; AEX; REB,2,3
1011_t0020_s002,Statement describing own plan and taking credit for protecting Medicare.,S,IT; IP,1,2
1003_t0173_s009,Personal-stance statement giving reasoning for supporting death penalty.,S; EXPL,IP,2,1
1023_t0091_s010,"Restates opponent's claim, setting up a rebuttal by attributing his position.",S; MS,REB,2,1
1025_t0014_s001,"Cites a specific figure (23 million) about unemployment, an informative statement highlighting a negative economic reality, likely selective framing.",S; S-Inform,SE,2,1
1004_t0142_s016,A plain declarative asserting something was unimaginable; no clear bias.,S,,1,0
1018_t0061_s001,"Refers to what the opponent just said, setting up a rebuttal by characterizing his position.",S; MS,REB,2,1
1010_t0002_s002,"An offer/turn move to provide an update, procedural.",IAFA-OF; TT,,2,0
1001_t0100_s002,"Asserts an inconsistency in the opponent's past vs present position, a rebuttal/attribution.",S; CH,REB,2,1
1026_t0112_s006,"Explains reasoning with 'because', giving justification.",S; EXPL,,2,0
1030_t0202_s006,Points out contradiction in opponent's behavior; adversarial jab referencing opponent.,S; CH,AEX; REB,2,2
1014_t0086_s001,Apology plus request to repeat because didn't hear.,APO; R-REQ,,2,0
1031_t0788_s003,"Empty/placeholder sentence, no content.",,,0,0
1001_t0061_s010,"Claims personal/group accomplishment of building housing, self-promotion/credit.",S,IT,1,1
1025_t0222_s026,Speaker expresses a desire to understand the reasoning behind an event; functions as seeking explanation about a scandal involving guns to drug lords.,SEEP; S,AF,2,1
1026_t0032_s001,Fragment with no clear conversational function; incomplete.,S,,1,0
1007_t0085_s015,"A wh-question that is rhetorical, implying negative consequences after the campaign; carries insinuation about the opponent.",Q-W; Q-RHET,CB,2,1
1021_t0023_s005,A repeated declarative statement asserting confidence about fixing the economy; a personal stance.,S; MS,IP,2,1
1023_t0044_s004,Declarative statement framed as personal moral opinion invoking future generations' burden; emotional appeal to children/future.,S,AE; IP,1,2
1029_t0200_s001,A hedged personal assessment; a statement of opinion.,S,IP,1,1
1013_t0151_s003,"Statement about what Clinton fought for in 1993, referencing a historical event and negatively framing a government-run system.",S; HS,ATTR,2,1
1019_t0004_s005,"A warm declarative describing someone as a beloved friend; positive praise, not slanted.",S,,1,0
1025_t0034_s001,"Addresses the Governor and asserts a factual claim about oil production, challenging the opponent's framing.",S; S-Inform; CH,IT; REB,3,2
1022_t0019_s003,Cites a specific statistic (Ireland at 11 percent) as factual content.,S-Inform,,1,0
1007_t0150_s007,"A plain declarative comment, personal reflection.",S,,1,0
1031_t0559_s001,An incomplete fragment; functions as a bare statement.,S,,1,0
1031_t0129_s001,Declarative asserting the opponent lacks a plan; attributes failure to a named opponent.,S; CH,ATTR; REB,2,2
1027_t0212_s021,A plain declarative statement describing a capability.,S,,1,0
1029_t0092_s019,A promise/statement about future health care quality; a policy claim.,S,,1,0
1011_t0043_s013,Statement with a specific dollar figure ($2 billion); self-promising action taking credit.,S-Inform,IT,1,1
1006_t0015_s016,Restating with figures and 'in other words'; informative statistic with clarification.,S-Inform; EXPL,,2,0
1014_t0023_s008,"Statement making a personal commitment about future policy, with an emotional appeal to children.",S,AE; IP,1,2
1031_t0418_s001,A yes-no question loaded with insinuation of corruption directed at the opponent's associate.,YNQ; CH,BQ; ATTR; AEX,2,3
1018_t0067_s014,Brief declarative asserting a claim is occurring.,S,,1,0
1008_t0066_s014,Fragment referencing effort to end the North Korean nuclear threat; self-crediting on a security accomplishment while invoking threat language.,S,AF; IT,1,2
1010_t0014_s008,"Speaker evaluates something as a good start, an opinion.",S,IP,1,1
1014_t0108_s005,Statement with mild patriotic/emotional coloring ('God bless them') about people deciding to attend.,S,AE,1,1
1022_t0024_s004,"Dismissive characterization of a policy as a 'giveaway,' a loaded framing.",S,CB,1,1
1007_t0178_s016,Statement recounting opponent's shifting claims to undercut credibility.,S; CH,REB,2,1
1030_t0309_s020,Declarative asserting what ought to happen with tariffs/leverage; a statement of stance.,S,IP,1,1
1031_t0187_s001,"Promise to deliver something right away, self-promotional claim.",S,IT,1,1
1029_t0127_s004,Fear framing about unknown people entering the country plus attributing an extreme number to the opponent.,S; CH,AF; ATTR,2,2
1001_t0160_s004,Statement of personal desire to continue the economic expansion.,S,IT; IP,1,2
1031_t0008_s011,Fragment continuing a conditional statement about timing after the election.,S,,1,0
1030_t0047_s001,"Speaker claims personal voting record, taking credit for a position, cut off mid-sentence.",S,IT,1,1
1008_t0114_s001,Detailed policy statement with specific dollar figures and tax proposals; new factual content.,S-Inform,,1,0
1023_t0079_s008,"Restates and characterizes the opponent's position on a topic, referencing what 'you said'; adversarial framing challenging the claim.",S; MS,REB,2,1
1008_t0101_s010,Simple declarative asserting what the issue is; can steer focus.,S,,1,0
1003_t0085_s004,Personal-stance framed statement ('I do think') about future presidency and tough choices.,S; IAFA,IP,2,1
1031_t0686_s002,"Self-promotion touting a project the speaker is doing, with new factual content.",S-Inform,IT,1,1
1003_t0045_s016,"Plain factual assertion about Soviet modernization, could carry threat framing in Cold War context.",S,,1,0
1031_t0152_s001,Short agreement/confirmation.,AGR,,1,0
1006_t0242_s001,Declarative appealing to voters that decision rests with them; emotional/civic appeal.,S,AE,1,1
1006_t0236_s014,Speaker bids to hold floor and pose a rhetorical question directed at the audience/America.,TT; MS,,2,0
1027_t0271_s002,"Speaker asserts a stance about helping allies while claiming financial loss, framed as personal focus.",S,DF; IP,1,2
1010_t0135_s016,A directive telling the listener to show up on election day; imperative.,S; IAFA,,2,0
1022_t0088_s001,Speaker bids to take the floor and announces he'll respond to allegations from McCain.,S; TT,REB,2,1
1027_t0150_s020,Imperative-style declarative about taking guns away from criminals; expresses policy stance.,S,,1,0
1026_t0201_s012,States there are two different paths the country can take; a framing contrast.,S,CB,1,1
1033_t0176_s001,"A factual-sounding claim about 401k gains, used to take credit for economic performance.",S-Inform,IT; SE,1,2
1027_t0063_s001,A disfluent assertion pushing back on a prior claim.,S; DIS,REB,2,1
1018_t0061_s009,Attributes a rule violation to the opponent.,S; CH,ATTR; REB,2,2
1017_t0079_s004,Directive/reproach telling the opponent what he should have done; a rebuttal.,S; CH,ATTR; REB,2,2
1006_t0015_s030,Emotional appeal invoking children and the American dream; personal stance.,S,AE; IP,1,2
1007_t0069_s014,"Speaker takes the floor and cites a conservative Republican's endorsement to bolster his own trade policy, promoting himself while jabbing at the Bush administration.",S-Inform; TT,IT; IP; ATTR,2,3
1001_t0058_s001,"A declarative asserting a fundamental difference with the vice president, framing his own stance versus the opponent, with a statistic about the uninsured.",S-Inform; REJ,IP; REB,2,2
1003_t0023_s004,"A declarative asserting unfairness to average taxpayers, using emotionally loaded fairness framing.",S,AE,1,1
1010_t0097_s004,"A wh-question posed to the audience inviting a show of reaction, rhetorically loaded to imply people dislike something.",Q-W; TG,CB,2,1
1026_t0194_s005,A bare statistic cited to imply economic failure; the number is presented one-sidedly to attribute blame.,S-Inform,ATTR; SE,1,2
1033_t0323_s002,"Flat declarative attributing a policy position to the opponent, framed as a negative charge.",S; CH,ATTR; REB,2,2
1023_t0036_s017,"Speaker explains his own tax plan with reasoning about jobs and balanced budget, promoting his policy.",S; EXPL,IT; IP,2,2
1017_t0101_s008,"Short declarative asserting people are neglected, an emotional appeal to sympathy.",S,AE,1,1
1033_t0203_s007,Incomplete declarative fragment giving a factual comparison about wages in other states.,S-Inform,,1,0
1025_t0245_s018,Explanatory declarative giving economic reasoning about currency devaluation and prices.,S; EXPL,,2,0
1022_t0155_s017,"A declarative asserting a principle about fiscal responsibility, implicitly criticizing vague promises.",S,CB,1,1
1015_t0025_s009,A factual statement about airport security procedures.,S; S-Inform,,2,0
1017_t0066_s022,"Declarative contrasting the two candidates, drawing a distinction.",S,REB,1,1
1017_t0064_s017,Simple assertion endorsing a policy item.,S,IP,1,1
1022_t0152_s004,"Statement citing specific places and claiming policy has been proven, with one-sided supporting examples.",S; S-Inform,IT; SE,2,2
1018_t0026_s004,Fragmentary factual statement attributing an action to the president; incomplete but numeric.,S; S-Inform,ATTR,2,1
1019_t0025_s015,"A predictive declarative statement, likely with emotional resonance about victims.",S,AE,1,1
1026_t0189_s002,Emphatic self-defense denying being wrong.,S; DIS,REB,2,1
1023_t0150_s003,"Directly addresses opponent, blaming them for pushing a partisan plan through.",S; CH,ATTR; REB,2,2
1015_t0118_s012,Statement asserting the importance of an issue in policy terms.,S,,1,0
1015_t0072_s017,"Speaker rejects a notion and clarifies opponent isn't the one saying it, expressing personal stance.",S; REJ,IP,2,1
1010_t0006_s004,Speaker states personal background and belief.,S,IP,1,1
1022_t0021_s002,Declarative assertion about living beyond our means and needing adjustments; collective framing.,S,,1,0
1027_t0127_s003,Factual statement about financial disclosure not showing tax rate.,S; S-Inform,,2,0
1019_t0126_s007,Statement about preconditions and refusing to legitimize a foreign leader.,S,,1,0
1008_t0057_s002,Hedged personal opinion about the assault weapon ban.,S,IP,1,1
1003_t0053_s002,Simple factual statement explaining a pause.,S,,1,0
1011_t0156_s008,Long explanatory statement giving reasoning about campaign finance affecting other issues; references opposing HMOs and drug companies.,S; EXPL,IP,2,1
1006_t0172_s018,"A hypothetical/rhetorical question posed to illustrate a point, not seeking answer.",Q-RHET,,1,0
1011_t0020_s004,"Speaker challenges opponent to commit, framing as a test referencing the opponent.",S; CH,REB,2,1
1026_t0127_s001,"A declarative statement directly criticizing the opponent's inconsistency, referencing him.",S; CH,PER; REB,2,2
1015_t0102_s003,A factual statement deflecting blame away from the speaker by placing timing before their arrival.,S; S-Inform,DF,2,1
1017_t0009_s021,"An explanatory statement about the opponent's prior characterization, using it as a rebuttal.",S; EXPL,REB,2,1
1014_t0150_s015,"Phrased as 'you ought to' — hortatory declarative, not imperative; emotional appeal to aspiration.",S,AE,1,1
1029_t0146_s032,"A statement implying donors are self-interested tax dodgers, a loaded characterization attacking motives.",S; CH,REB; SE,2,2
1017_t0123_s020,Declarative attributing blame to the president for a policy.,S; CH,ATTR; REB,2,2
1004_t0070_s002,"Plain factual assertion about the economy, no slant.",S,,1,0
1027_t0079_s003,Statement with policy content and reasoning; frames wealthy as having made all gains.,S; S-Inform; EXPL,,3,0
1029_t0232_s001,An apology/explanation about prior remarks with reasoning.,S; APO; EXPL,IP,3,1
1023_t0126_s001,A one-word emphatic affirmative answer.,AGR; ANS,,2,0
1004_t0052_s008,"The speaker directs listeners to look at their proposed programs, embedded in 'I would say'; it also promotes their own proposal.",S; IAFA,IT,2,1
1031_t0590_s001,'I do' is a short affirmative answer.,AGR; ANS,,2,0
1008_t0138_s007,"Declarative describing the opponent's position, referencing him.",S; CH,REB,2,1
1018_t0072_s007,Plain declarative asserting a possibility.,S,,1,0
1004_t0118_s008,A declarative expressing the speaker's expectation/opinion.,S,IP,1,1
1008_t0108_s007,"Gives a reason about why the President can't support something, framing it as 'pretty obvious', a slant against the opponent.",S; EXPL; CH,REB,3,1
1015_t0008_s024,"An explanatory clause beginning with 'because', invoking enemy/stakes threat language.",S; EXPL,AF,2,1
1019_t0131_s002,Plain declarative statement of personal fact.,S,,1,0
1023_t0172_s005,"Speaker describes what he tried to do as president, self-referential credit.",S,IT,1,1
1027_t0245_s001,"Opens with 'No' rejecting a prior characterization, then asserts an alternative.",S; REJ,REB,2,1
1027_t0212_s014,Declarative statement asserting a potential benefit; contains no numbers but is a claim about outcomes.,S,,1,0
1033_t0147_s025,A prediction framed as personal opinion/belief.,S,IP,1,1
1003_t0155_s004,"Speaker asserts willingness to make tough choices, self-promoting readiness.",S,IT; IP,1,2
1007_t0134_s001,A one-word utterance asking for repetition/clarification.,R-REQ,,1,0
1030_t0216_s003,Imperative-style directive inviting the listener to inspect tax returns.,IAFA,,1,0
1017_t0152_s003,Fragment continuing a statement about war as last resort.,S,,1,0
1014_t0060_s002,Statement citing a specific percentage figure about taxes.,S-Inform,SE,1,1
1008_t0123_s006,"Speaker asserts personal commitment and adherence to law, self-promotion of integrity.",S,IT; IP,1,2
1019_t0058_s001,Fragment continuing a prior statement.,S,,1,0
1011_t0125_s008,"Statement claiming credit for producing solutions, self-promotion via collective 'we'.",S,IT,1,1
1014_t0092_s010,"The speaker bids to use time and respond to a prior exchange, holding/steering the floor.",TT; MS,,2,0
1004_t0063_s006,"A declarative expressing belief with reasoning, citing another person's authority.",S; EXPL,IP; ATTR,2,2
1025_t0186_s013,A statement with factual framing (four years) that is fear-oriented (nuclear bomb) and blames the opponent's tenure.,S-Inform,AF; ATTR,1,2
1031_t0638_s031,"A statement with a specific number claiming an accomplishment, self-credit.",S-Inform,IT,1,1
1022_t0092_s001,"Flat challenge to accuracy of a claim, disagreement.",DIS; CH,REB,2,1
1006_t0097_s017,A plain declarative asserting what matters as policy.,S,,1,0
1030_t0331_s004,"Statement of belief about future policy outcomes, personal stance.",S,IP,1,1
1023_t0150_s010,A denial rebutting an accusation about the opponent's claim.,DIS; REJ,REB,2,1
1029_t0291_s002,Opens with 'Look' to steer/hold floor and expresses respect for someone.,S; TT,,2,0
1029_t0092_s014,Statement emphasizing high cost with emotional/fear framing about national impact.,S,AF,1,1
1014_t0075_s014,"Speaker recounts personal biographical action, self-promoting their record on defense.",S; HS,IT,2,1
1008_t0050_s003,"Accuses opponent of scaring vulnerable groups, attributing negative motives.",S; CH,AE; ATTR; REB,2,3
1017_t0096_s009,"Cites a year and personal record on balancing the budget, self-credit.",S-Inform; HS,IT,2,1
1001_t0011_s002,"Fragment beginning to address someone, no clear act.",S,,1,0
1003_t0150_s001,Flat rejection or negative answer.,REJ; ANS,,2,0
1029_t0092_s007,"Declarative asserting deterioration, mild fear framing.",S,AF,1,1
1010_t0019_s007,States a factual figure but argues it is insufficient.,S-Inform,SE,1,1
1029_t0146_s025,Denial rebutting an implied accusation about Russia ties.,S; DIS,REB,2,1
1030_t0158_s004,Personal biographical reference to past work with a date.,S; HS,IT,2,1
1003_t0150_s004,States a numerical comparison as factual claim.,S-Inform,SE,1,1
1006_t0132_s011,A declarative explanation using 'because' to give a reason for a claim about growth.,S; EXPL,,2,0
1013_t0002_s014,A statement praising a running mate/person.,S,AP,1,1
1006_t0055_s008,Statement claiming personal credit/action on deficit.,S,IT,1,1
1003_t0032_s005,Personal opinion framed with 'I think'.,S,IP,1,1
1022_t0167_s001,Expression of thanks to the moderator.,THK,,1,0
1007_t0010_s011,"Statement with factual claims about spending, blaming the administration.",S; S-Inform; CH,ATTR; REB,3,2
1004_t0049_s017,Statement about future action and cooperation with Congress.,S,IP,1,1
1033_t0159_s006,Statement referencing the opponent's repeated talking.,S,REB,1,1
1026_t0067_s023,"Hortatory statement about championing small business, listed as a policy point.",S,UF,1,1
1027_t0012_s002,Statement asserting national crisis using alarming framing.,S,AF,1,1
1026_t0048_s005,Speaker states intentions about arming groups and removing Assad; frames a personal policy stance.,S,IP,1,1
1015_t0018_s017,"A fragment citing a comparative fact about timing, presenting new information.",S-Inform,,1,0
1017_t0103_s015,Plain declarative assertion of decline.,S,,1,0
1011_t0113_s021,Dismissive assertion calling something an illusion.,S,,1,0
1031_t0671_s001,"Asserts a claim was discredited, challenging its accuracy.",S; CH,REB,2,1
1015_t0098_s005,"Statement about catching someone in an act, describing wrongdoing.",S,,1,0
1019_t0004_s013,Declarative clarifying what the topic is not about.,S,,1,0
1019_t0148_s018,States a normative view about needing a sharp response; personal stance framing.,S,IP,1,1
1025_t0119_s007,"Cites a specific growth percentage, new factual content.",S-Inform,,1,0
1031_t0596_s005,Imperative telling the listener to figure out a solution.,IAFA,,1,0
1019_t0153_s020,Speaker notes partial agreement with McCain and references his mention of a record; it's a statement referencing the opponent.,S,IP,1,1
1030_t0141_s007,Plain declarative characterizing an economic condition.,S,,1,0
1031_t0524_s013,Declarative expressing that unity is the path forward; collective unity framing.,S,UF,1,1
1010_t0078_s001,Thanks plus a turn-take and claim of personal accomplishment (signing legislation).,S; THK; TT,IT,3,1
1022_t0167_s007,Short declarative asserting the country needs change; slogan-like statement.,S,,1,0
1030_t0301_s013,Statement of intended future action regarding vetting policy.,S,,1,0
1026_t0050_s006,Cites intelligence sources to support a factual claim about insurgents.,S-Inform,ATTR,1,1
1019_t0150_s002,"Quotes the opponent's prior statement, referencing him critically to set up a rebuttal.",S; HS,REB,2,1
1004_t0073_s012,Declarative with hortatory 'we've got to' expressing shared obligation; not imperative.,S,UF,1,1
1030_t0126_s005,"Statement about clean energy jobs; mentions climate change as a serious problem, an assertion of stance.",S,,1,0
1033_t0228_s001,"A one-word flat rejection of an opponent's claim, functioning as a challenge to accuracy.",REJ; CH,REB,2,1
1023_t0047_s003,Declarative asserting a policy prescription framed as necessity ('have to'); personal stance implied.,S,IP,1,1
1031_t0784_s006,"Plain declarative attributing a statement to others, no evident bias.",S,,1,0
1001_t0058_s006,Hortatory declarative about what must be done; collective 'we've got to' with appeal to families invokes shared action and emotion.,S,AE; UF,1,2
1022_t0007_s005,"Declarative attacking opponent's tax policy, attributing negative consequences to the opponent.",S; CH,ATTR; REB,2,2
1029_t0196_s008,"Declarative implying opponent failed to act, attributing blame.",S,ATTR; REB,1,2
1004_t0045_s005,"Simple declarative statement of effort, no bias.",S,,1,0
1031_t0832_s013,"Conditional fragment casting doubt on election fairness, implying possible unfairness.",S,CB,1,1
1033_t0351_s006,Self-promotion claiming credit for economic numbers; cites racial/ethnic groups and cherry-picks superlatives.,S-Inform,IT; RB; SE,1,3
1001_t0013_s003,Declarative describing own conduct; frames personal stance/self-characterization.,S,IP,1,1
1004_t0132_s020,Declarative asserting a policy necessity with 'yes' emphasis; expresses a stance but not imperative.,S,IP,1,1
1017_t0118_s010,Factual statement about how the old law limited information-sharing.,S; S-Inform,,2,0
1013_t0199_s009,Speaker refers to a prior debate event; self/historical reference and holding the floor.,S; HS,,2,0
1029_t0212_s008,Statement of policy intent with self-promotion claiming personal involvement in operations.,S; EXPL,IT; IP,2,2
1031_t0561_s008,"Declarative expressing what ought to happen collectively; hortatory unity framing, not imperative.",S,UF,1,1
1031_t0501_s001,"Attacks the opponent by attributing harm to the African-American community, referencing race.",S; CH,PER; ATTR; REB; RB,2,4
1021_t0086_s002,General statement about foreign policy judgment; patriotic 'most precious treasure' framing.,S,APAT,1,1
1031_t0702_s001,Rebuts opponent's claim that a line had been drawn.,S; CH,REB,2,1
1023_t0100_s004,Cites AARP's endorsement with a specific numeric claim about the trust fund.,S; S-Inform,ATTR,2,1
1015_t0052_s010,Challenges the opponent's coalition claim using selective troop numbers to argue there's no genuine coalition.,S; S-Inform; CH,REB; SE,3,2
1033_t0147_s003,"A negative superlative judgment about Obamacare, a policy associated with the opponent's side; declarative statement framing.",S,REB; CB,1,2
1006_t0013_s013,Speaker states a personal belief about the effect of a policy on Congress and the executive.,S,IP,1,1
1011_t0148_s014,"A hortatory statement invoking renewal after 'cynicism', implicitly criticizing the prior era.",S,UF,1,1
1031_t0292_s001,"Factual assertion about who lost jobs, emotionally framing 'front lines' workers.",S; S-Inform,AE,2,1
1008_t0050_s016,A rhetorical question implying the opponent's leadership is inadequate; not seeking an answer.,Q-RHET,REB; CB,1,2
1011_t0140_s023,A conditional statement fragment expressing trust in workers and market principles.,S,IP,1,1
1031_t0579_s002,A short skeptical yes-no style question expressing disbelief at the other speaker.,YNQ,REB,1,1
1026_t0093_s007,Claims personal/administrative credit with specific numbers for tax cuts and balanced budget.,S; S-Inform,IT,2,1
1008_t0066_s006,"Declarative statement about the speaker's duty, personal framing.",S,IP,1,1
1014_t0002_s001,"Expresses appreciation/acknowledgment of a clarification, conversational glue.",ACK,,1,0
1014_t0073_s019,Plain declarative asserting a fact/state about sanctions.,S,,1,0
1008_t0048_s015,Speaker expresses a personal belief/opinion.,S,IP,1,1
1006_t0192_s001,Speaker states a personal opinion/hypothetical about a person.,S,IP,1,1
1017_t0061_s004,Personal expression of concern about the country; a stance with emotional worry framing.,S,IP,1,1
1025_t0170_s002,"Declarative that others ought to get serious; hortatory statement, not an imperative.",S,,1,0
1018_t0113_s012,Personal self-reflective statement of opinion.,S,IP,1,1
1025_t0027_s014,"Declarative claim about job creation, likely crediting own policy.",S,IT,1,1
1031_t0046_s001,Declarative addressed at opponent challenging their knowledge on Roe v. Wade.,S; CH,REB,2,1
1023_t0046_s006,Personal statement of preference.,S,IP,1,1
1010_t0083_s014,Narrative statement recounting a personal anecdote with specific detail.,S,,1,0
1033_t0149_s002,"This explains how the public option works, providing factual policy content.",S-Inform; EXPL,,2,0
1010_t0028_s014,"An incomplete statement referencing an opponent (Mr.), likely opening a personal stance.",S,IP,1,1
1011_t0099_s015,"Contrasts opponent's 'big exploding federal government' with his own liberating plan, a loaded political framing.",S,PB; IT; CB,1,3
1015_t0100_s006,"Affirms a characterization about Darfur, providing an informative assertion.",S; ANS,,2,0
1017_t0006_s017,"Points out a contradiction in the opponent's claim, a rebuttal.",S; CH,ATTR; REB,2,2
1014_t0118_s024,"Claims a group is against the American way, a loaded political outgroup attack.",S,APAT; PB; ATTR,1,3
1033_t0147_s015,Expresses doubt/personal stance about something working.,S,IP,1,1
1008_t0054_s013,Cites a factual policy detail about categories barred from guns.,S-Inform,,1,0
1006_t0164_s003,"Provides factual detail about communities and mentions bypassing Congress, addressing Ross.",S-Inform,,1,0
1010_t0059_s002,"Attacks the age of the opponent's ideas, a personal jab framed as a stance.",S,PER; IP,1,2
1031_t0495_s007,Quotes a general to attack the opponent's character as divisive; reported speech used as a personal attack.,S; CH,PER; ATTR; REB,2,3
1026_t0147_s003,Speaker takes credit for policy reforms and lists accomplishments as informative content.,S; S-Inform,IT,2,1
1029_t0054_s008,Brief expression of personal disagreement/stance.,DIS,IP,1,1
1008_t0061_s006,Plain factual statement about a request.,S,,1,0
1004_t0113_s002,Hedged statement citing a factual claim about Arkansas while referencing the opponent; injects personal stance and cites one-sided fact.,S; S-Inform,IP; REB; SE,2,3
1010_t0075_s017,"References opponent's broken promise on tax cuts, an attribution of failure aimed at the opponent.",S,ATTR; REB,1,2
1030_t0256_s035,"Rhetorical/open question setting up an answer, not seeking info.",Q-RHET,CB,1,1
1027_t0065_s002,Simple informative statement naming a slogan; unity slogan framing.,S,UF,1,1
1010_t0004_s001,"Light personal remark about applauding, no bias.",S,,1,0
1004_t0142_s021,"Declarative expressing what ought to happen; not imperative, plain statement.",S,,1,0
1031_t0212_s001,"An invitation to proceed with debate, holding/steering the floor toward a topic exchange.",TT; MS,,2,0
1018_t0020_s012,"Declarative statement with specific policy and dollar figures; frames rolling back Bush's tax cut, referencing a political figure's policy.",S-Inform; HS,ATTR,2,1
1031_t0567_s004,Imperative handing the floor to the other speaker.,IAFA; TG,,2,0
1004_t0059_s012,Declarative assertion characterizing a relationship; 'see' invites attention but it's a statement of view.,S,IP,1,1
1021_t0052_s012,Statement with a specific figure (50 percent tax credit) and explanatory reasoning ('because').,S-Inform; EXPL,,2,0
1031_t0124_s011,"Plain declarative recounting a meeting, self-reference.",S,,1,0
1013_t0095_s002,Brief factual statement referencing something in Texas.,S,,1,0
1008_t0068_s003,Declarative statement asserting a policy outcome regarding South Korea; critique of distancing.,S,,1,0
1019_t0153_s003,Statement recounting own past action; self-reference to a position taken.,S,IT,1,1
1003_t0009_s002,Statement claiming personal credit for a good selection.,S,IT,1,1
1014_t0021_s011,"Sentence fragment continuing a comparison, a plain declarative assertion likely about spending.",S,,1,0
1031_t0638_s013,Plain declarative evaluative statement characterizing a situation negatively.,S,,1,0
1027_t0010_s008,Declarative rebuttal to an opponent's economic approach.,S,REB,1,1
1030_t0180_s007,"Statement attacking the opponent's character and framing him as dangerous, invoking fear.",S; CH,AF; PER; ATTR; REB,2,4
1030_t0216_s007,Informative statement citing a statistic (half pay federal income tax); may be selective.,S-Inform,SE,1,1
1001_t0050_s002,Imperative directing listener to examine ACLU positions.,IAFA,DF,1,1
1029_t0220_s016,Short tag seeking acknowledgment or confirmation.,YNQ,,1,0
1017_t0147_s001,A greeting addressed to a person.,GR,,1,0
1015_t0058_s002,"Declarative self-defense clarifying past statements, referencing the president's war decision.",S; CORR,REB,2,1
1022_t0069_s004,"Statement steering to a broader point about cynicism; frames the important point, redirecting.",S; MS,DF,2,1
1006_t0067_s023,"Speaker bids to hold the floor and gives a personal anecdote framing willingness to work, an emotional/relatable appeal.",S; TT,AE; IP,2,2
1011_t0009_s008,Explicit disagreement/correction of what was attributed to the speaker.,S; DIS,REB,2,1
1003_t0106_s013,Declarative statement expressing preference plus negative framing of a political outgroup ('liberal Democratic Congress').,S,PB; IP,1,2
1007_t0136_s016,Hortatory statement about what should be done to break discrimination; not imperative.,S,IP,1,1
1030_t0170_s001,Flat denial/rejection of an attributed claim.,DIS; REJ,REB,2,1
1027_t0136_s001,Assertion with emphatic personal assurance ('believe me').,S,IP,1,1
1027_t0242_s004,"A rhetorical question setting up a point, not genuinely seeking answer.",YNQ; Q-RHET,CB,2,1
1019_t0078_s005,"Statement contrasting named opponents' judgment, setting up a rebuttal.",S,REB,1,1
1033_t0053_s002,"Vivid declarative characterization, an emotionally loaded description.",S,AE,1,1
1029_t0182_s014,Personal-opinion statement expressing a stance on cooperation.,S,IP,1,1
1017_t0137_s011,"Speaker describes personal actions and normative societal duty, framed as personal capability and shared responsibility.",S,UF,1,1
1019_t0131_s003,"An imperative 'Look' bidding attention, addressing Dr. — a floor-holding/attention device.",IAFA; MS,,2,0
1031_t0714_s002,Just a stray period; no discourse content.,,,0,0
1008_t0010_s001,Plain declarative assertion of belief/stance.,S,IP,1,1
1006_t0166_s001,Bids to take the floor ('let me say') and self-promotes personal dedication to the issue over others.,S; TT,IT,2,1
1025_t0104_s001,"Describes a concerted effort to find women for cabinet; self-crediting an action, gendered framing of hiring.",S,IT,1,1
1025_t0059_s007,"Cites a specific gas price figure and year context — factual informative statement, possibly cherry-picked for argument.",S-Inform; HS,SE,2,1
1033_t0195_s008,"Negative claim about political outgroup ('these guys will not help them'), attributing failure to opponents.",S; CH,PB; ATTR,2,2
1031_t0666_s004,Sentence fragment continuing a comparison; no clear standalone act.,S,,1,0
1006_t0196_s001,"A yes-no/rhetorical question suggesting a conclusion to the American people, steering the framing.",YNQ; Q-RHET,CB,2,1
1001_t0061_s025,"A declarative claim converted into a rhetorical question via the tag 'isn't it?', not genuinely seeking an answer.",Q-RHET,CB,1,1
1033_t0030_s005,"Statement mocking the opponent's remarks about injecting bleach, attacking his judgment/character.",S; CH,PER; REB,2,2
1010_t0067_s017,A short declarative fragment asserting a stance/value.,S,,1,0
1004_t0031_s003,Detailed policy statement claiming personal credit for a plan involving revenue and incentives.,S; S-Inform,IT,2,1
1033_t0245_s021,"Short statement fragment expressing an aim, with emotional resonance of fairness.",S,AE,1,1
1026_t0127_s005,"Points out contradiction in the opponent's positions, a rebuttal challenging their consistency.",S; CH,REB,2,1
1014_t0019_s017,Declarative expressing agreement with a policy idea.,S,IP,1,1
1027_t0026_s015,"Directly addresses the opponent to pose a question, bidding to hold floor and directing at her.",IAFA; TT,AEX,2,1
1019_t0124_s006,"Factual claim attributing the strengthening of Iran to the Iraq war, with loaded 'ironically' framing blame.",S; S-Inform,ATTR; SE,2,2
1026_t0037_s001,"Statement referencing personal experience as commander in chief, self-referential authority claim.",S; HS,IT,2,1
1023_t0160_s010,Cites specific healthcare organizations as examples of doing something well; informative but potentially cherry-picking positive cases.,S-Inform,SE,1,1
1019_t0114_s014,"Speaker asserts they have a record, a claim of personal accomplishment.",S,IT,1,1
1008_t0018_s003,"Poses a classic rhetorical question to viewers designed to evoke evaluation, framed emotionally to imply things worsened.",Q-RHET,AE,1,1
1019_t0122_s015,"Declarative statement characterizing something as a serious threat, invoking fear.",S,AF,1,1
1011_t0146_s007,"Fragment cut off, referencing opponent by name but incomplete.",S,,1,0
1022_t0088_s019,"Makes an accusation about fraudulent voter registration, hedged with 'apparently'; attributes blame with one-sided framing.",S; CH,ATTR; SE,2,2
1031_t0820_s006,"Affirms legitimacy of something, an agreement/statement.",S; AGR,,2,0
1011_t0125_s007,Self/group promotion framing themselves as problem solvers.,S,IT,1,1
1014_t0004_s007,Cites a factual-sounding ranking crediting a person's leadership; selective positive credit.,S-Inform,IT; SE,1,2
1029_t0071_s001,"Speaker explains their intent to focus on people's questions, steering the discussion and giving reasoning.",S; EXPL; MS,IP,3,1
1019_t0112_s007,Hortatory 'we've got to' expressing what ought to happen; a statement with collective/unity framing.,S,UF,1,1
1013_t0179_s002,Conditional fragment stating a proviso; plain declarative-like statement.,S,,1,0
1018_t0065_s025,"Declarative asserting policy stance, contrasting with opponent's approach.",S,IP,1,1
1026_t0054_s001,'Right' as a backchannel acknowledgment.,ACK,,1,0
1025_t0260_s011,'I believe' frames personal stance with religious/unity content.,S,UF; IP,1,2
1007_t0109_s011,Personal statement of stance about willingness to act.,S,IP,1,1
1004_t0140_s004,Expresses thanks to audience.,THK,AE,1,1
1030_t0145_s028,Flat assertion attacking opponent's character as a liar; personal attack and blame.,S; CH,PER; ATTR,2,2
1008_t0109_s006,'I just don't think' expresses personal opinion dismissing opponent's claim; a rebuttal-style statement.,S; DIS,IP; REB,2,2
1023_t0038_s003,"Factual claim citing fiscal record, taking credit for the shift.",S; S-Inform,IT,2,1
1026_t0126_s001,Fragment referencing damage within the opponent's own party; functions as a statement attributing internal harm.,S,ATTR,1,1
1030_t0145_s012,"""Look"" bids for attention then asserts the country is stagnant, a negative framing of current state.",S; TT,AF,2,1
1033_t0058_s005,Imperative directing the listener to look at North Carolina as evidence.,IAFA,SE,1,1
1031_t0584_s002,Empty/placeholder period with no content.,,,0,0
1025_t0059_s010,"Fragment citing a price per gallon, factual figure.",S-Inform,,1,0
1025_t0222_s022,Declarative clarifying attribution to the government program.,S,,1,0
1022_t0063_s004,Short flat denial answering a prior claim.,DIS; ANS,,2,0
1011_t0074_s003,Statement asserting the people of Serbia know they can escape sanctions if the leader is removed; policy-oriented claim.,S,,1,0
1031_t0849_s002,"Dismissive assertion that ""they have no idea what happened,"" belittling others.",S,PER,1,1
1010_t0103_s012,Conditional statement warning about consequences of opening the airways.,S,,1,0
1023_t0141_s001,"Speaker challenges the accuracy of a prior claim, opening with an apology-like softener but firmly rejecting the facts stated.",DIS; CH,REB,2,1
1001_t0005_s007,Declarative statement describing what governors have done; mild self/group reference.,S,,1,0
1031_t0652_s013,Plain factual declarative about someone's time spent somewhere.,S,,1,0
1029_t0127_s007,Statement of personal stance/belief on policy.,S,IP,1,1
1026_t0043_s005,Enumerated declarative asserting a policy priority.,S,,1,0
1006_t0008_s004,Open wh-question seeking a solution.,Q-W; OQ,,2,0
1013_t0070_s006,"Statement asserting US leadership, with a prideful framing of the nation's role.",S,AP,1,1
1014_t0083_s010,Personal-stance statement expressing an opinion about the mission.,S,IP,1,1
1029_t0240_s001,Attacks the opponent's character by attributing hatred to her.,S; CH,PER; ATTR,2,2
1018_t0037_s011,Declarative asserting a normative principle about rights; not an imperative despite 'you can't'.,S,IP,1,1
1008_t0022_s008,"Speaker states personal experience then asserts need to fix healthcare; the 'we've got to fix it' is hortatory, not imperative.",S; IAFA,IP,2,1
1015_t0008_s018,A declarative continuation asserting a prediction about voter behavior.,S,,1,0
1030_t0095_s002,"Statement blaming/criticizing the opponent by claiming Putin outsmarted her, an attributional jab against a named figure.",S; CH,ATTR; REB,2,2
1033_t0284_s004,"Grammatical imperative telling listener to look, vaguely gesturing at ominous conditions.",IAFA,AF,1,1
1004_t0106_s016,"'We ought to' is hortatory statement of policy, not a command.",S,IP,1,1
1013_t0046_s002,"Direct declarative asserting past support, clarifying own record.",S,IP,1,1
1027_t0162_s009,Plain declarative describing what a group wants.,S,,1,0
1027_t0301_s008,Turn-hold with address to moderator then an emphatic evaluative statement.,S; TT,,2,0
1033_t0249_s002,"Statement citing a specific past quote to attribute a damaging position to the opponent, selective use of evidence.",S-Inform; CH; HS,ATTR; REB; SE,3,3
1013_t0097_s003,Simple declarative introducing a named person present.,S,,1,0
1001_t0034_s003,"A declarative fragment describing people with little or no health insurance, likely appealing to sympathy for the uninsured.",S,AE,1,1
1008_t0114_s002,Declarative asserting policy preferences with fiscal figures and a dismissive framing of the opponent's '$550 billion tax scheme'.,S-Inform,IP; REB,1,2
1001_t0140_s002,Personal statement expressing confidence and belief in a generation.,S,AE; IP,1,2
1011_t0110_s002,Statement expressing personal support and noting the opponent agrees.,S,IP,1,1
1027_t0279_s005,General declarative about needing negotiating skill for trade; hortatory 'you have to be able to' not a bare imperative.,S,,1,0
1031_t0347_s001,Statement claiming personal credit for future tax cuts.,S,IT,1,1
1027_t0012_s010,Plain factual statement about another country having a VAT.,S-Inform,,1,0
1029_t0226_s009,Personal historical/self reference citing experience working with Latinos to establish credibility.,S; HS,IT; RB,2,2
1007_t0069_s016,A loaded statement implying the opponent would harm the middle class and economy — a rebuttal/attack framing.,S,ATTR; REB,1,2
1003_t0060_s004,Statement praising specific people involved in the space program with a patriotic/prideful tone.,S,AP; IP,1,2
1007_t0175_s020,"Speaker describes the opponent's repeated attacks on him, referencing the opponent's actions; it's a statement framing the opponent as adversarial.",S,REB,1,1
1027_t0242_s007,"Factual claim about the timing of nuclear progress, implicitly attributing it to a prior administration.",S; S-Inform,ATTR,2,1
1023_t0091_s019,Declarative promise about future policy; self-promotional framing of what they'll deliver.,S,IT,1,1
1008_t0132_s003,Personal opinion/stance about liking the opponent personally.,S,IP,1,1
1026_t0098_s009,Famous debate zinger rebutting the opponent's point sarcastically; challenges the opponent's claim.,S; CH,REB,2,1
1018_t0055_s003,"Speculative statement attributing complaints to a policy, cited as one-sided evidence.",S,SE,1,1
1031_t0804_s005,Empty/nonverbal token with no content.,,,0,0
1026_t0151_s003,Claims personal credit for stopping something and saving jobs.,S,IT,1,1
1010_t0002_s014,Rambling personal reflection referencing his large family; a personal stance/anecdote.,S,IP,1,1
1017_t0057_s021,"Expresses personal reasoning/doubt about consequences, framed as own view with an implied rebuttal of the opponent's position.",S; EXPL,IP; REB,2,2
1007_t0144_s004,"Declarative asserting the public ought to know, with an appeal to sacrifice (lives lost) and framing of failure. Uses 'ought to' hortatory but is a statement, and cites emotional cost.",S,AE; IP,1,2
1014_t0115_s002,A simple greeting from an audience member.,GR,,1,0
1013_t0074_s002,"Declarative expressing personal stance about what should be done, no attack.",S,IP,1,1
1001_t0056_s019,Declarative musing framed as personal opinion.,S,IP,1,1
1013_t0217_s001,An interruption/floor bid telling other to pause.,TT; INT,,2,0
1011_t0132_s011,"Declarative asserting people left behind, mild emotional framing.",S,AE,1,1
1007_t0203_s011,"Statement quoting the opponent's prior claim, referencing him by name.",S,,1,0
1033_t0118_s009,"A Wh-question framed rhetorically/emotionally about a specific person, appealing to sympathy.",Q-W; Q-RHET,AE; CB,2,2
1018_t0024_s010,Declarative recounting personal observation.,S,IP,1,1
1008_t0022_s007,Declarative expressing personal concern/stance.,S,IP,1,1
1033_t0276_s001,"Speaker expresses being at a loss for words, a plain declarative about their own state.",S,,1,0
1031_t0740_s003,Short declarative asserting a fact about India.,S,,1,0
1025_t0163_s005,An assertion about the opponent's financial holdings; references the opponent in a critical framing (Cayman trust implies tax avoidance).,S; CH,REB,2,1
1013_t0095_s017,Personal belief framed emphatically as an opinion.,S,IP,1,1
1033_t0351_s003,"Cites a jobs figure as factual content, likely self-crediting.",S-Inform,IT,1,1
1013_t0086_s008,Personal reaction statement about being surprised.,S,,1,0
1008_t0048_s013,Framed as a self-directed question but functions as a reflective statement about responsibility.,YNQ; S,IP,2,1
1001_t0047_s014,"Praises the opponent's passion, a concessive statement.",S,,1,0
1014_t0133_s023,Emphatic personal admission/stance addressed to interlocutor.,S,IP,1,1
1017_t0103_s008,"Claims personal record of supporting faith-based initiatives, self-promotion with cultural/religious content.",S,IT; CBias,1,2
1015_t0096_s001,A one-word direct answer to a prior question.,ANS,,1,0
1018_t0043_s023,Declarative summarizing a policy proposal.,S,,1,0
1010_t0084_s012,A single Wh-question seeking reasoning.,Q-W; SEEP,,2,0
1023_t0041_s002,Procedural comment about who gets to speak.,MS,,1,0
1029_t0048_s001,An emphatic jab attacking the opponent by claiming they'd be jailed.,S; CH,PER; AEX,2,2
1025_t0150_s002,Speaker corrects/clarifies what they did not say.,S; CORR,IP,2,1
1023_t0027_s001,Statement referencing opponent's campaign over a time period.,S,REB,1,1
1022_t0130_s010,Statement of the speaker's own aim regarding health costs.,S,IP,1,1
1030_t0045_s001,"Turn-holding filler referencing what she said, steering.",TT; MS,,2,0
1010_t0118_s010,Factual assertion about others' motives.,S,,1,0
1027_t0026_s016,"A declarative statement pointing at the opponent's long tenure, implying failure over time—an adversarial jab attributing blame.",S,ATTR; REB,1,2
1017_t0161_s023,A statement asking for the privilege of leading; uses patriotic unity framing about the nation.,S,APAT; IP,1,2
1013_t0042_s001,Simple declarative expressing personal support for a policy.,S,IP,1,1
1033_t0147_s017,A declarative assertion contrasting/challenging a characterization of the healthcare law.,S,REB,1,1
1013_t0082_s017,Declarative statement expressing a policy stance about working with them on security.,S,IP,1,1
1013_t0142_s009,Personal stance statement expressing belief about the role of guns.,S,IP,1,1
1027_t0006_s006,Declarative expressing a personal intent/commitment to invest.,S,IP,1,1
1029_t0184_s001,"A statement referencing the opponent's record as secretary of state with a mocking 'so-called' loaded phrase, attributing blame.",S,ATTR; REB,1,2
1014_t0062_s008,Statement citing a dollar figure; informative with a factual number.,S; S-Inform,,2,0
1031_t0226_s002,An imperative interrupting/cutting off the other speaker to take the floor.,IAFA; TT; INT,GD,3,1
1027_t0309_s003,"A declarative assertion of personal capability, expressing confidence.",S,IT,1,1
1008_t0132_s017,Plain declarative sharing a personal fact.,S,,1,0
1006_t0008_s002,Declarative statement of policy view/opinion.,S,IP,1,1
1026_t0140_s005,"Statement with factual comparison, presented as a credit/achievement.",S; S-Inform,IT,2,1
1010_t0035_s004,Historical reference to a 1992 bill with factual detail.,S-Inform; HS,,2,0
1015_t0029_s006,Declarative assertion critiquing a prior policy decision.,S,IP,1,1
1004_t0102_s015,Plain narrative declarative about someone's action.,S,,1,0
1031_t0171_s001,Statement with statistics that corrects/challenges an opposing figure.,S-Inform; CORR; CH,REB,3,1
1029_t0151_s040,Personal-opinion statement emphasizing importance.,S,IP,1,1
1004_t0038_s010,Statement citing endorsement of named leaders as support.,S,IT,1,1
1031_t0630_s001,"Empty content, just a period; no discourse act or bias.",,,0,0
1023_t0167_s004,"Declarative reporting what an opponent said, likely setting up a rebuttal; references opponent's claim.",S,REB,1,1
1013_t0082_s015,A plain declarative statement about policy conditions regarding Putin and investment.,S,,1,0
1025_t0084_s009,Statement of personal policy intent framed as 'I want'.,S,IP,1,1
1022_t0114_s015,Statement of collective policy intent to invest and improve system.,S,,1,0
1015_t0050_s007,Empathetic personal statement expressing understanding of hardship.,S,AE,1,1
1006_t0172_s030,Declarative dismissing relevance of prior point.,S,,1,0
1011_t0110_s012,Bid to hold the floor to tell a story.,S; TT,,2,0
1030_t0128_s013,"Wh-question with self-repair asking why NATO members aren't paying, implying blame.",Q-W,ATTR,1,1
1027_t0261_s003,Emphatic 'believe me' plus a jab characterizing someone negatively.,S,PER,1,1
1025_t0097_s001,"Speaker restates that he described something, holding the floor and referencing his prior statement.",S; MS,,2,0
1003_t0071_s001,A statement challenging/rebutting the framing of the opponent by noting words weren't said.,S; CH,REB,2,1
1014_t0027_s017,"Declarative expressing what ought to happen ('we need'), not a bare imperative.",S,IP,1,1
1004_t0010_s014,Statement of belief promoting his own agenda as the answer.,S; EXPL,IT; IP,2,2
1026_t0104_s002,Plain declarative factual/evaluative claim about an ally.,S,,1,0
1014_t0090_s015,Informative statement citing a specific named program and location with credit-taking.,S; S-Inform; HS,IT,3,1
1001_t0003_s004,"Declarative expressing personal view about what should be done, hortatory not imperative.",S,IP,1,1
1001_t0088_s018,"Attacks opponent's policy as failed and blames it for worsening threats, referencing the opponent.",S; CH,AF; ATTR; REB,2,3
1031_t0738_s001,Bid to hold/interrupt the floor addressed to moderator.,TT; INT,,2,0
1017_t0009_s013,"Statement referencing a historical figure and justifying past reasoning, noting opponent shared view.",S; EXPL; HS,AF,3,1
1021_t0027_s006,"Hortatory statement about policy priorities using 'we've got to', not a bare imperative; frames shared action.",S,UF,1,1
1033_t0147_s024,A prediction framed as personal belief with a tag seeking affirmation; expresses stance.,Q-RHET; S,IP,2,1
1014_t0010_s005,"Long declarative explaining policy reasoning and details, contrasting with opponents' preferred approach.",S; S-Inform; EXPL,IP,3,1
1003_t0169_s011,"Fragment 'Mr.'—likely start of addressing someone, no clear act.",S,,1,0
1022_t0167_s009,Speaker claims personal record of reform and credit for accomplishments.,S; S-Inform,IT,2,1
1022_t0032_s009,Attributes wasteful spending to named opponent with loaded 'pork-barrel earmark' framing and a dollar figure.,S; S-Inform; CH,ATTR; REB,3,2
1011_t0099_s007,Plain declarative asserting a contrast in the campaign.,S,,1,0
1021_t0077_s006,Declarative appealing to what citizens understand; general assertion.,S,,1,0
1025_t0222_s019,"Declarative citing a specific failure (Fast and Furious) as evidence, one-sided framing of gun violence issue.",S; S-Inform,SE,2,1
1015_t0090_s005,"Speaker explains a personal decision and reasoning about approach, taking credit for strategy.",S; EXPL,IT; IP,2,2
1010_t0114_s004,Imperative-style policy directive stating a proposed action.,IAFA,,1,0
1010_t0124_s014,"A statement citing a scandal (Watergate) and personal anecdote to imply wrongdoing, selectively raising a comparison.",S; HS,AF; SE,2,2
1003_t0157_s006,A statement taking credit for supporting freedom fighters and asserting causation.,S,IT; CB,1,2
1022_t0030_s005,A statement with self-promotional job-creation claims and numbers.,S; S-Inform,IT,2,1
1027_t0026_s002,A statement citing a specific policy action (solar company investment).,S,IT,1,1
1001_t0116_s005,A statement referencing the president's action against Libya with historical framing.,S; HS,SE,2,1
1008_t0037_s015,A statement recounting a past exchange with Moynihan; historical self-reference.,S; HS,,2,0
1033_t0049_s002,A statement giving a factual claim about transmittal rate and expressing a policy stance to open schools.,S; S-Inform,IP,2,1
1001_t0009_s008,A personal anecdote appealing to emotion via a desperate addicted teenager.,S; HS,AE,2,1
1030_t0256_s040,"A statement criticizing the opponent's Iraq decisions, a rebuttal-style attack.",S; CH,ATTR; REB,2,2
1007_t0031_s002,"Speaker states a policy preference while attributing 38 years of one-party control to the opponent's party, blaming them.",S; IAFA-OF,PB; IP; ATTR,2,3
1029_t0088_s012,Informative statement citing a policy detail with an age figure and claim of novelty.,S-Inform,IT,1,1
1008_t0118_s011,Challenges opponent by pinning a record on them with a loaded superlative claim about taxes.,S; CH,ATTR; REB; SE,2,3
1015_t0138_s005,"A patriotic, unifying closing statement referencing love of country.",S; HS,AP; APAT; UF,2,3
1008_t0033_s002,Statement of personal spending intent with a percentage figure.,S-Inform,IP,1,1
1021_t0016_s004,"Rhetorical jab implying the listener's ignorance, an emphatic adversarial statement.",Q-RHET; S,AEX,2,1
1017_t0090_s019,A rhetorical/challenging question aimed at the opponent implying inconsistency.,Q-W; Q-RHET,BQ; REB,2,2
1027_t0010_s007,"Statement coining a mocking label for the opponent's plan, with reasoning marker.",S; EXPL,PER; REB; CB,2,3
1001_t0098_s011,Statement implying opponent lacks experience; a veiled challenge/deflection.,S,REB; CB,1,2
1007_t0057_s012,"Self-promoting statement casting self positively via false dichotomy, prefaced by 'Look'.",S,IT; CB,1,2
1025_t0186_s005,"A statement critiquing the president's actions after the ambassador's death, citing a specific year and referencing a historical first while attributing negligent/politically self-serving behavior.",S; S-Inform; CH; HS,ATTR; REB; SE,4,3
1003_t0058_s019,Plain declarative describing people positively; informative but not slanted.,S,,1,0
1022_t0062_s001,"A short congratulatory expression, functioning like a greeting/social act.",GR,,1,0
1011_t0115_s007,"A declarative assertion addressed to opponent, likely challenging their claim about testing.",S; CH,REB,2,1
1011_t0060_s008,Personal stance stated with a loaded political-outgroup term ('liberal activist judges').,S,PB; IP,1,2
1003_t0080_s004,Declarative expressing a personal belief/view about who should decide.,S,IP,1,1
1007_t0045_s003,Informative statement with specific figures (1300 days) attributing failure/inaction to the president.,S; S-Inform; CH,ATTR; REB; SE,3,3
1008_t0108_s008,Declarative clarifying/correcting a possible misperception about funding.,S; CORR,,2,0
1006_t0172_s019,"Hortatory declarative ('we ought to') expressing what should be done, a statement not a command.",S,IP,1,1
1018_t0081_s001,A wh-fragment asking for clarification about which time limit.,Q-W; R-REQ,,2,0
1029_t0220_s031,The speaker references large crowds (self-promotion) and poses a rhetorical loaded question 'what do you have to lose?' inviting no real answer.,Q-RHET; S,AE; IT,2,2
1008_t0075_s005,"A factual statement citing a bill he signed and a figure (25 million people), which is both informative and self-crediting.",S-Inform,IT,1,1
1021_t0023_s011,Plain declarative assertion with no clear bias.,S,,1,0
1023_t0072_s016,Simple declarative statement about revenue effect.,S,,1,0
1033_t0020_s014,Personal claim of taking credit for catching something.,S,IT,1,1
1001_t0005_s005,"Statement framing the government's dealings with a 'drug-running Panamanian dictator,' loaded negative framing attributing blame.",S,ATTR,1,1
1006_t0013_s028,Expresses a personal belief/stance disagreeing with an effect.,S,IP,1,1
1008_t0134_s001,"Informative statement citing a specific bill, with a self-correction about who controlled Congress.",S-Inform; CORR,,2,0
1007_t0189_s014,Agreement statement referencing Truman as historical figure.,S; AGR; HS,,3,0
1006_t0045_s012,"Concedes/accepts the point and suggests discussing a topic; hortatory but declarative, expressing personal stance.",S; AGR,IP,2,1
1014_t0027_s020,Declarative citing a factual trend over seven years; presents one-sided negative data.,S-Inform,SE,1,1
1017_t0020_s025,First-person pledge claiming credit for future action.,S,IT,1,1
1027_t0143_s001,Declarative assertion offering a reasoned distinction about business vs government.,S; EXPL,,2,0
1019_t0110_s016,Statement referencing a personal action/interaction with a named leader.,S,IT,1,1
1030_t0204_s002,Expresses personal pride in an accomplishment.,S,AP; IT,1,2
1027_t0184_s003,Statement recounting a campaign event with names; factual narrative.,S,,1,0
1015_t0023_s007,Brief optimistic collective assertion about ability to succeed.,S,UF,1,1
1018_t0049_s004,Expresses personal pride in an accomplishment.,S,AP; IT,1,2
1017_t0101_s015,Declarative citing a dollar figure of spending; self-promoting investment claim.,S-Inform,IT,1,1
1007_t0095_s003,"Repeated 'ought to' hortatory statements about what should be done — declarative, not imperative.",S,UF,1,1
1030_t0149_s005,Speaker states current personal stance/position on an issue.,S,IP,1,1
1027_t0137_s004,Statement directly attacking the opponent's character by accusing him of refusing to pay workers; a rebuttal/personal attack.,S; CH,PER; ATTR; REB,2,3
1008_t0136_s010,"Speaker claims credit for economic improvements (interest rates, deficit down) with personal opinion framing.",S; S-Inform,IT; IP,2,2
1018_t0102_s009,Speaker states policy view and claims credit for increasing loans as president.,S,IT; IP,1,2
1004_t0140_s007,Expression of thanks to people.,THK,,1,0
1007_t0167_s003,"Conditional statement projecting future outcome, mild self-promotion of ongoing revelations.",S,,1,0
1025_t0265_s010,"Statement praising someone's family and faith, positive characterization.",S,,1,0
1027_t0014_s004,Emphatic statement addressed to moderator asserting urgency; hortatory but declarative.,S,,1,0
1026_t0117_s002,Conditional statement introducing personal narrative about visiting troops; may steer topic and appeal to patriotism.,S; MS,APAT,2,1
1027_t0006_s018,Statement of policy plan on taxing the wealthy and closing loopholes.,S,IP,1,1
1026_t0063_s004,Plain declarative assertion about a group's behavior; a generalization about voters.,S,CB,1,1
1015_t0034_s016,"Declarative accusation about a failure, referencing WMD context; implies blame for the administration/opponent.",S; CH,ATTR; REB,2,2
1010_t0007_s018,Declarative statement referencing others watching us; frames accountability to a collective audience.,S,UF,1,1
1014_t0032_s015,Statement explaining a policy stance with reasoning ('that's why I support'); self-referential policy position.,S; IAFA; EXPL,IT; IP,3,2
1022_t0024_s009,Simple factual reference to something said earlier; procedural/neutral.,S,,1,0
1013_t0139_s001,"Fragment, likely an answer to a question ('who' or 'which').",ANS,,1,0
1013_t0034_s006,Address/vocative fragment referring to the Vice President; possibly a greeting or turn-give.,S,,1,0
1033_t0147_s014,Statement claiming an accomplishment ('we have the individual mandate done'); taking credit.,S,IT,1,1
1006_t0155_s018,Statement of personal opinion promoting one's own plan.,S,IT; IP,1,2
1006_t0215_s001,Emphatic one-word affirmation answering a question.,AGR; ANS,,2,0
1007_t0117_s015,"A declarative comparing positions, implying the opponent takes self-serving stances. It's a statement with an implicit rebuttal characterizing the other's motives.",S,REB,1,1
1019_t0012_s005,Declarative referencing a historical figure mentioned earlier; neutral acknowledgment of prior statement.,S; HS,,2,0
1023_t0062_s012,Declarative asserting a claim and referencing what the opponent said; frames a point about wealth.,S,,1,0
1017_t0112_s008,"Declarative drawing a distinction, with a quoted characterization of the opposing position, possibly a straw-man framing.",S,CB,1,1
1021_t0034_s004,Simple declarative asserting capability to do everything at once; a statement of stance.,S,,1,0
1003_t0118_s001,Declarative urging support for named candidates; a persuasive appeal to vote a certain way.,S,IP,1,1
1031_t0124_s006,Declarative attacking a policy (Obamacare) with blame framing and dismissive naming; assigns fault.,S; CH,PB; ATTR,2,2
1026_t0068_s009,Declarative claiming personal credit for education reform with a statistic (46 states).,S; S-Inform,IT,2,1
1015_t0006_s015,"Fragment 'The A.' — incomplete, no clear act beyond a truncated statement.",S,,1,0
1031_t0209_s003,Direct declarative aimed at opponent asserting they didn't attend a place; a challenge/rebuttal contradicting their claim.,S; CH,REB,2,1
1022_t0098_s005,Recounts a story about someone seeing corruption and resigning; a narrative statement referencing a person favorably as evidence.,S,SE,1,1
1022_t0060_s006,Declarative asserting the country can't afford 'four more years of failed economic policies'—blame framing of the opponent's record.,S,AF; ATTR,1,2
1033_t0195_s009,"Plain declarative claim about what 'he' is doing, framed negatively as an attribution of failing to act.",S,ATTR,1,1
1015_t0090_s015,"Declarative characterizing what the opponent wants to do, negatively framing his intentions.",S,ATTR; REB,1,2
1017_t0098_s007,Grammatically imperative command directing listeners to examine the opponent's record.,IAFA,ATTR,1,1
1006_t0101_s016,"Declarative claim that none get implemented, with a turn-holding bid to give an example.",S; TT,ATTR,2,1
1026_t0065_s020,Declarative arguing that returning to old strategies won't maintain leadership; blames prior approach with a mess framing.,S,AF; ATTR,1,2
1010_t0131_s019,"Declarative dismissively characterizing an approach as ad hoc, an implicit critique.",S,REB,1,1
1004_t0038_s002,Conditional declarative warning of exorbitant cost of not keeping peace—appeal to fear framing.,S,AF,1,1
1023_t0014_s029,"Declarative clarifying own position on tax cuts, a self-clarification of stance.",S; CORR,IP,2,1
1022_t0157_s019,"Speaker reports a shared assessment that a policy wasn't working, framed with 'look' as a colloquial statement.",S,IP,1,1
1013_t0034_s002,Conditional declarative expressing a personal policy stance on committing troops.,S,IP,1,1
1001_t0050_s009,Simple declarative expressing personal preference.,S,IP,1,1
1031_t0308_s001,"Grammatical imperative demanding an action of the opponent, with adversarial edge.",IAFA,REB,1,1
1029_t0264_s006,Declarative expressing a policy desire framed as personal stance about reversing a ruling.,S,IP,1,1
1015_t0127_s001,Speaker bids to hold the floor ('let me just say') then references personal experience and past event.,S; TT; HS,IP,3,1
1031_t0596_s003,"Declarative asserting a negative motive about the opponent, attacking him.",S; CH,ATTR; REB,2,2
1027_t0008_s007,Vague declarative statement of self-assessment.,S,,1,0
1019_t0114_s023,"Reports what others say to support a point, referencing 'defeat' emotively.",S,SE,1,1
1013_t0161_s009,Declarative expressing a belief about who ought to get tax relief; hortatory 'ought to' is a statement of stance.,S,IP,1,1
1021_t0006_s020,A simple affirmative answer to a question.,ANS,,1,0
1006_t0151_s007,"Expresses a hope/wish that the listener read the plans; declarative expressing a wish rather than bare imperative, but functions as a soft directive; self-promotes own plans.",S; IAFA-OF,IT,2,1
1030_t0006_s005,"A statement asserting someone was forced to apologize, framing an opponent/other negatively.",S,ATTR,1,1
1031_t0228_s001,"Explanation giving a reason ('because'), dismissing something as merely political.",EXPL,DF,1,1
1025_t0089_s010,"Statement about opponent's inability to explain, an implicit challenge/jab.",S; CH,REB,2,1
1015_t0083_s008,Statement conceding a point ('yes') then rebutting with a counterfactual referencing own action.,S; ANS,REB,2,1
1027_t0216_s003,Fragment attributing responsibility to the opponent ('under your direction').,S,ATTR; REB,1,2
1011_t0107_s001,Imperative telling listener to consider an example.,IAFA,,1,0
1013_t0131_s024,Declarative assertion contrasting law-abiding citizens; a policy claim.,S,,1,0
1006_t0067_s014,"Statement explaining gridlock, blaming the political environment/campaign year.",S; EXPL,DF,2,1
1001_t0013_s012,"A first-person narrative recounting a trip and conversation, taking personal credit for action on money laundering; sentence is cut off.",S; HS,IT,2,1
1018_t0089_s001,An opinion statement attributing bad judgment to the sitting president regarding troop deployments.,S; IAFA-OF,IP; ATTR; REB,2,3
1025_t0104_s003,Self-promoting statement citing a survey to credit personal record on hiring women in leadership.,S; S-Inform; HS,IT; SE,3,2
1027_t0253_s011,"A fragmented rhetorical/self-interrupted question and an emphatic complaint that 'we lose on everything,' a sweeping generalization.",Q-W; S,CB,2,1
1008_t0133_s009,Personal statement about work ethic and emotional appeal to children's dreams.,S,AE; IT,1,2
1033_t0290_s001,Plain factual statistic about prisoner releases.,S; S-Inform,,2,0
1001_t0103_s001,"Statement of what should be done regarding Soviet reforms, framed as personal recommendation with caution.",S,IP,1,1
1006_t0065_s003,"Denies that a prior statement is mud-slinging, a self-defensive clarification.",S; CORR,,2,0
1007_t0111_s006,"A pointed either/or statement about a deferment, challenging the opponent with a false-dilemma framing.",S; CH,REB; CB,2,2
1015_t0023_s002,"A promise/statement of resolve regarding troops, emphatic personal commitment.",S,IP,1,1
1026_t0151_s006,Declarative statement claiming a group felt positively about an administration; appeals to emotion of the group.,S,AE,1,1
1003_t0025_s002,"Declarative assertion attributing tax increases to an opponent, assigning blame.",S,ATTR,1,1
1006_t0013_s001,"Opens with 'I'm confused' and expresses doubt about the opponent's logic, a rebuttal framed as personal stance.",S; CH,IP; REB,2,2
1029_t0130_s001,"A short declarative rejecting the claim that something was debunked, challenging accuracy.",S; CH,REB,2,1
1010_t0096_s006,Tentative statement offering a possible answer; no clear bias.,S,,1,0
1014_t0075_s003,"Hortatory statement about shared values and collective action, invoking unity.",S,AP; UF,1,2
1013_t0044_s001,"Opens with yes, directly answering; also self-reference to own vote.",S; ANS,,2,0
1026_t0041_s001,Statement taking credit for organizing the international community.,S,IT,1,1
1006_t0101_s013,"Declarative claim framing government as threatening 'comes at you', fear appeal.",S,AF,1,1
1003_t0120_s004,"Statement of personal practice regarding appointments, framed as personal stance.",S,IP,1,1
1008_t0061_s003,"Speaker relays information about a program extension, plain declarative with a time reference.",S; S-Inform,,2,0
1023_t0062_s017,Personal-stance declarative expressing what the speaker wants.,S,IP,1,1
1022_t0056_s005,Personal opinion about the campaign tone; framed with 'I think'.,S,IP,1,1
1021_t0073_s004,"Conditional declarative citing a factual claim about premiums doubling, implicitly blaming the incumbent record.",S; S-Inform,ATTR,2,1
1018_t0069_s018,Hortatory 'we got to' declarative expressing what ought to happen; collective action framing.,S,UF,1,1
1011_t0140_s008,"Characterizes the opponent's belief, a rebuttal-style framing of the vice president's stance.",S; CH,REB,2,1
1004_t0052_s014,Simple evaluative declarative defending a program.,S,IP,1,1
1013_t0087_s008,Personal-stance declarative expressing opinion.,S,IP,1,1
1021_t0109_s001,Brief declarative expressing acceptance/agreement with a proposition.,S; AGR,,2,0
1015_t0006_s012,"Declarative claiming a positive outcome, framing safety in a self-crediting national-security manner.",S,IT,1,1
1019_t0163_s002,A declarative claim crediting legislation with progress; frames own contribution positively.,S; IAFA,IT,2,1
1017_t0096_s003,Statement dismissing opponent's figures as 'fuzzy math' from a campaign group; challenges accuracy.,S; CH,PER; REB,2,2
1008_t0014_s017,Declarative assertion about an individual's improved status; self-promotion of record.,S,IT,1,1
1018_t0098_s004,Personal biographical statement referencing his youth; a self reference to establish credibility.,S; HS,IP,2,1
1025_t0260_s001,Expression of thanks and appreciation for an opportunity.,S; THK,,2,0
1033_t0317_s002,Bare imperative command to show a tape.,IAFA,REB,1,1
1025_t0168_s001,Bids to hold the floor and steer toward a point of understanding.,TT; MS,,2,0
1001_t0088_s006,Direct question addressed to George asking him to recall; rhetorical jab.,Q-W; YNQ,AEX,2,1
1022_t0019_s001,"Statement with factual claim about tax rates; 'the fact is' framing asserts truth, cites a comparative figure.",S; S-Inform,SE,2,1
1021_t0057_s004,Statement using 'we know' collective framing and 'my friends' unity address.,S,UF,1,1
1018_t0069_s014,Declarative asserting a policy need and a caveat; states an opinion/stance.,S,IP,1,1
1010_t0083_s025,"'We've got to' is hortatory, a statement of what should happen, not a bare imperative.",S,IP,1,1
1007_t0008_s012,"Declarative describing an economic strategy and its rationale, framed favorably to the speaker's own record.",S; EXPL,IT,2,1
1014_t0133_s020,Plain personal declarative statement of stance.,S,IP,1,1
1031_t0784_s010,Declarative describing a plan with factual content about poll watchers and distancing.,S; S-Inform,IT,2,1
1026_t0112_s021,Plain factual declarative about inspections.,S; S-Inform,,2,0
1033_t0162_s002,Attacks opponent's plan with loaded 'destroying' framing referencing the opponent.,S; CH,ATTR; REB; CB,2,3
1014_t0108_s007,Personal anecdotal narrative about family; a statement.,S; HS,AE,2,1
1021_t0043_s003,Brief declarative assertion.,S,,1,0
1031_t0032_s001,Attacks opponent directly ('you were very late on the draw') blaming them for outcomes.,S; CH,PER; ATTR; REB,2,3
1017_t0103_s013,Declarative asserting an opponent group is abandoning environmental concerns; a rebuttal-style negative framing.,S,ATTR,1,1
1030_t0268_s001,"Declarative factual-sounding claim about a foreign threat, invoking danger.",S,AF,1,1
1030_t0035_s003,"Emotional statement about killed children and illegal immigrants, appealing to fear and emotion.",S,AF; AE,1,2
1017_t0071_s020,"Statement with a numeric claim directed at opponent, challenging a record.",S-Inform; CH,REB; SE,2,2
1011_t0104_s008,Informative statement citing a policy detail about tax cuts and self-promotion of own proposal.,S-Inform,IT,1,1
1015_t0050_s029,Declarative predicting a peaceful outcome; frames own policy positively.,S,IT,1,1
1033_t0295_s002,General declarative observation about persuading people; no bias.,S,,1,0
1001_t0145_s006,Personal-opinion statement attacking a person's fitness for office.,S,PER; IP,1,2
1007_t0045_s007,"Statement contrasting priorities, self-promotion of dedication versus political motive.",S,IT,1,1
1018_t0053_s015,"Imperative directing listener to look at other countries, invoking cautionary comparison against federal health care.",IAFA,AF; SE,1,2
1014_t0144_s002,Declarative giving an explanation with a monetary figure; frames a fiscal problem.,S-Inform; EXPL,CB,2,1
1004_t0138_s015,Combines an imperative ('think') with a rhetorical question invoking childhood dreams — emotional appeal.,Q-RHET; IAFA,AE,2,1
1025_t0082_s001,Plain declarative offering encouragement/acknowledgment.,S,,1,0
1014_t0142_s031,Statement of intent framing unity/bringing people together.,S,UF,1,1
1025_t0182_s005,Emphatic self-referential claim asserting personal superiority in concern.,S,IT; IP,1,2
1029_t0134_s001,Statement referencing a historical event with self-correction restart; asserts past stance.,S; HS,IT,2,1
1008_t0024_s003,Declarative explaining a past action with 'because' reasoning about Medicare.,S; EXPL,IT,2,1
1018_t0091_s004,Plain factual declarative with no slant.,S,,1,0
1007_t0157_s006,Declarative asserting a factual claim used to fact-check/rebut prior claim.,S-Inform; CH,REB; SE,2,2
1007_t0012_s002,"Declarative characterizing the opponent's argument, implying he understates the count.",S; CH,REB,2,1
1029_t0230_s001,"Speaker expresses personal aspiration to serve all Americans; a statement framing personal stance, with unity appeal.",S; IAFA-OF,,2,0
1026_t0193_s011,,,,0,0
1021_t0023_s003,,,,0,0
1008_t0066_s009,,,,0,0
1031_t0802_s003,,,,0,0
1004_t0022_s002,,,,0,0
1031_t0704_s001,,,,0,0
1015_t0004_s020,,,,0,0
1031_t0008_s009,,,,0,0
1013_t0074_s007,,,,0,0
1021_t0073_s015,Declarative promise about health insurance access with a comparison to federal employees; frames a policy benefit personally.,S,IP,1,1
1013_t0081_s013,"A rhetorical/open question invoking WWII heroes and national leadership, appealing to pride and patriotism.",Q-RHET; HS,AP; APAT,2,2
1017_t0081_s014,Statement claiming credit for cutting taxes for everybody.,S,IT,1,1
1025_t0260_s007,Self-referential statement claiming personal understanding/capability for America's future.,S,IT; IP,1,2
1031_t0717_s001,A challenge to the opponent's accuracy phrased as a declarative with a tag question.,Q-RHET; CH,REB,2,1
1029_t0256_s003,"Attacks the opponent's tax plans, attributing negative outcome (recession) and using fear framing.",S; CH,AF; ATTR; REB,2,3
1013_t0163_s011,Neutral declarative describing what 'they' are looking for; no clear slant.,S,,1,0
1017_t0115_s010,Short emphatic assertion of truth; can serve to assert accuracy of a claim.,S,,1,0
1033_t0256_s006,Grammatical imperative directing the listener to look closely.,IAFA,,1,0
1026_t0158_s013,"Explicit disagreement with a prior claim, a rebuttal directed at the opponent's point.",DIS,REB,1,1
1006_t0077_s010,Speaker asserts policy proposals framed as personal beliefs about what should happen.,S,IP,1,1
1017_t0057_s022,"Declarative statement about the nature of the war, with some fear-related framing about terrorists.",S,AF,1,1
1003_t0010_s013,Plain declarative describing what 'they' want.,S,,1,0
1017_t0105_s006,Statement of policy framed as personal belief with reasoning.,S; EXPL,IP,2,1
1031_t0345_s001,"Cites a Wall Street analysis with a specific number favoring his own plan over opponent's, one-sided evidence.",S-Inform,IT; REB; SE,1,3
1027_t0160_s005,Factual claim that stop-and-frisk was ruled unconstitutional and ineffective; presents supporting reasons.,S-Inform; EXPL,,2,0
1006_t0238_s004,Short self-description promoting his own quality.,S,IT,1,1
1006_t0023_s008,Self-referential claim citing his presidential record to promote credibility.,S; HS,IT,2,1
1027_t0196_s025,Claims personal credit for what he did.,S,IT,1,1
1010_t0007_s007,Plain declarative asserting a fact about a situation.,S,,1,0
1013_t0228_s004,Explicit agreement with the opponent while also asserting a policy stance.,S; AGR,IP,2,1
1010_t0040_s011,Declarative asserting urgency about a policy issue.,S,,1,0
1008_t0091_s003,Personal observation/opinion framed as a statement.,S,IP,1,1
1007_t0057_s013,Statement with factual claim blaming the Bush administration for job losses.,S-Inform; CH,ATTR; REB,2,2
1018_t0065_s018,Short declarative taking credit for action.,S,IT,1,1
1018_t0035_s005,Personal belief framed as a statement about freedom.,S,IP,1,1
1003_t0160_s005,An open question asking about the situation.,Q-W; OQ,,2,0
1015_t0042_s024,"Statement criticizing the president for inaction, attributing failure.",S; CH,ATTR; REB,2,2
1026_t0065_s001,Patriotic assertion about American greatness/indispensability.,S,AP; APAT,1,2
1007_t0186_s002,Turn-holding fragment introducing a point.,S; TT,,2,0
1031_t0633_s003,Just a period; no content.,,,0,0
1001_t0080_s013,"Declarative asserting harm to programs with emotionally loaded verbs (butchered, hurt kids).",S,AE; ATTR,1,2
1013_t0086_s011,Statement framing something as contrary to American core values.,S,AP; IP,1,2
1027_t0162_s003,States a view about needing to ask hard questions; hortatory shared reflection with 'I think'.,S,UF; IP,1,2
1017_t0134_s014,A yes-no question about equal opportunity.,YNQ,,1,0
1014_t0081_s002,Turn-holding phrase followed by self-referential informative statement about years on NSC.,S-Inform; TT; HS,IT,3,1
1006_t0157_s005,Plain declarative asserting agreements exist but problems remain.,S,,1,0
1013_t0012_s008,Personal-stance statement expressing hope it continues.,S,IP,1,1
1031_t0017_s001,"Asserts the opponent is going socialist, a political-outgroup framing.",S; CH,PB; REB,2,2
1014_t0017_s008,Conditional self-promoting statement listing what will happen if elected.,S,IT,1,1
1021_t0006_s006,"Declarative describing public emotion, invoking fear/anger to frame the situation.",S,AF; AE,1,2
1031_t0157_s001,"A one-word flat rejection of a prior claim, challenging its accuracy.",REJ; CH,REB,2,1
1029_t0188_s015,"Declarative characterizing what the opponent says, framing her position negatively.",S,REB,1,1
1023_t0091_s012,Challenges/rebuts a prior characterization by clarifying what it is not.,S; CH,REB,2,1
1003_t0078_s003,"Personal emotional recollection of losing a child, an appeal to emotion.",S; HS,AE,2,1
1013_t0014_s012,"Statement warning of a consequence, threat framing with self-promotion of presidency.",S,AF,1,1
1023_t0046_s005,Plain declarative of intended future action.,S,,1,0
1023_t0102_s001,"States personal policy position on Medicare, framed as what I support.",S,IP,1,1
1011_t0157_s001,"Attacks the opponent's credibility on the issue, a personal character attack.",S; CH,PER; REB,2,2
1030_t0105_s003,Declarative expressing personal stance/opinion about Russia relations.,S,IP,1,1
1007_t0167_s005,Address term used to yield or open the floor to the President.,TG,,1,0
1019_t0112_s002,Declarative asserting a causal historical outcome; blame implicit but not aimed at a named opponent.,S; EXPL,,2,0
1026_t0039_s009,Hortatory statement about policy ('we have to do'); frames collective action.,S,IP,1,1
1031_t0714_s003,Empty punctuation-only content; no discourse act.,,,0,0
1025_t0236_s003,Attributes a quote/position to named opponent Romney to undercut him.,S; CH,ATTR; REB,2,2
1030_t0335_s017,Short factual-style assertion about a group's situation.,S,,1,0
1013_t0163_s001,Direct affirmative answer.,AGR; ANS,,2,0
1013_t0006_s008,States a personal opinion using 'I don't think'.,S,IP,1,1
1023_t0061_s004,Statement citing a fiscal figure (trillion-dollar deficits).,S-Inform,,1,0
1001_t0140_s010,Statement of endorsement/confidence in a person.,S,IP,1,1
1027_t0079_s002,"The speaker describes their own proposal and its benefits, claiming personal credit for a policy plan.",S,IT,1,1
1004_t0125_s008,"An imperative addressed to the audience to pay attention, steering emphasis.",IAFA,,1,0
1013_t0064_s004,"Declarative asserting what ought to happen, framed as collective national action.",S,UF,1,1
1026_t0046_s004,A statement asserting policy approach regarding allies; plain declarative.,S,,1,0
1025_t0144_s022,A statement about illegal immigrants taking someone's place; loaded framing on immigration.,S,CB,1,1
1015_t0090_s004,Factual claim about an agreement and North Korea's noncompliance; contains new factual content and blames a named foreign actor.,S; S-Inform,,2,0
1010_t0134_s028,An emotional personal statement expressing pride in a moment.,S,AE,1,1
1019_t0116_s009,"Framed as a question about judgments to keep America safe, invoking safety concerns.",S,AF,1,1
1033_t0336_s001,Backchannel acknowledgment signalling receipt.,ACK,,1,0
1008_t0136_s009,Plain factual statement about the deficit being larger than expected.,S; S-Inform,,2,0
1030_t0008_s012,"Speaker explains their prior position and disagreement with the court ruling, giving reasoning with 'because.' Frames as personal stance.",S; DIS; EXPL,IP,3,1
1033_t0309_s008,"Statement asserting factual-sounding claim about windmill emissions and natural gas being clean, one-sided framing.",S; S-Inform,SE,2,1
1018_t0003_s008,A bare 'Yes' is a direct answer.,ANS,,1,0
1006_t0061_s012,Declarative asserting everyone knows something — a hasty generalization/appeal to common knowledge.,S,CB,1,1
1029_t0238_s003,"Imperative directing listener to consider Charlotte as evidence, cherry-picking an example.",IAFA,SE,1,1
1025_t0185_s002,Speaker states agreement with what the president said and frames as personal view.,S; AGR,IP,2,1
1001_t0160_s023,Expression of thanks.,THK,,1,0
1019_t0100_s014,"Declarative claim of success, self-promotion/credit-taking framing.",S,IT,1,1
1027_t0263_s017,Challenges opponent's claim by asserting he has no plan — a rebuttal referencing opponent.,S; CH,ATTR; REB,2,2
1030_t0335_s006,"Declarative asserting military is depleted, implicit blame framing with fear-tinged language.",S,ATTR,1,1
1006_t0157_s014,Provides specific dollar figures as new factual content.,S-Inform,,1,0
1017_t0059_s004,Brief acknowledgment of receipt.,ACK,,1,0
1021_t0019_s003,Statement about opponent's action framing it as failure; attributes blame implicitly.,S; CH,ATTR; REB,2,2
1030_t0004_s003,Frames as personal view and poses a rhetorical framing question about national identity.,Q-RHET; S,IP,2,1
1027_t0150_s019,Factual claim about crime rate; likely selective evidence supporting a policy.,S-Inform,SE,1,1
1014_t0032_s010,Personal opinion about policy using 'I believe' and 'ought to'; hortatory statement.,S,IP,1,1
1006_t0097_s018,Explains a policy proposal with reasoning about the system needed.,S; EXPL,,2,0
1008_t0118_s002,"Light personal observation framed as opinion, no substantive bias.",S,IP,1,1
1033_t0020_s001,Corrects/clarifies what he actually said.,DIS; CORR,REB,2,1
1008_t0132_s015,Uses an anecdote as evidence to support a claim; single anecdote is selective/hasty generalization.,S; EXPL,AE; CB; SE,2,3
1033_t0333_s001,"Speaker asserts intent to stop something, framed as personal action; incomplete but a statement of self-action.",S,IP,1,1
1007_t0167_s019,A rhetorical question used to make a point about privilege; the 'servants' framing is loaded but it functions rhetorically rather than seeking an answer.,Q-RHET,IP,1,1
1023_t0007_s025,Grammatically imperative listing a goal/directive item.,IAFA,,1,0
1014_t0034_s004,Descriptive statement painting an ideal educational scenario; emotional appeal to families/students may be present.,S,AE,1,1
1006_t0155_s001,Plain declarative acknowledging having reached a position.,S,,1,0
1023_t0011_s002,Statement about the deficit that also raises a question about the tax code to steer the topic.,S; MS,IP,2,1
1030_t0092_s001,"Attacks the opponent's judgment by contrasting him with intelligence professionals, referencing the opponent — a rebuttal/attribution.",S; CH,ATTR; REB,2,2
1026_t0147_s010,General statement about ongoing threats; mild fear/threat framing about elements threatening the US.,S,AF,1,1
1033_t0159_s001,"Emphatic personal stance on healthcare affordability, an appeal to the value of care.",S; ANS,AE; IP,2,2
1021_t0125_s006,Factual-sounding statement attributing repression and aggression to a leader; assigns blame and cites Georgia as one-sided evidence.,S; S-Inform,AF; ATTR,2,2
1018_t0089_s013,Reports what the opponent said about working through an alliance; a plain declarative statement.,S,,1,0
1001_t0160_s010,Asserts a general policy claim framed as a truism; declarative statement with an ideological framing but plain.,S,,1,0
1025_t0006_s008,A quoted or personal statement expressing an inability to find work; likely an emotional anecdote.,S,AE,1,1
1027_t0190_s002,"A conversational remark anticipating the moderator's question; a statement, possibly slightly deflecting.",S,,1,0
1019_t0114_s017,Recounts a soldier by name and his death in combat; historical/personal reference with strong emotional appeal.,S-Inform; HS,AE,2,1
1023_t0068_s003,Attributes a position to the opponent (ruled out revenue); a rebuttal-style statement about opponent's stance.,S,REB,1,1
1011_t0041_s005,Claims personal credit for securing $400 million; self-promotion with a figure.,S-Inform,IT,1,1
1006_t0013_s025,Factual assertion about the budget; plain statement.,S,,1,0
1017_t0149_s012,Asserts the biggest threat is terrorists with WMD; fear-inducing framing.,S,AF,1,1
1010_t0061_s001,Imperative command directed at the listener to tell him something.,IAFA,,1,0
1003_t0003_s002,"Speaker asserts a personal position on the death penalty, framed as belief.",S; IAFA,IP,2,1
1031_t0786_s011,"Speaker attributes blame/responsibility to the opponent for an action against Flynn, referencing the opponent adversarially.",S; CH,ATTR; REB,2,2
1026_t0019_s002,"An interrupted, incomplete statement about what the opponent didn't want, adversarial toward opponent.",S; INT,REB,2,1
1013_t0149_s003,Speaker states a personal policy stance clarifying own position.,S; IAFA,IP,2,1
1017_t0090_s021,Hortatory appeal to shared action addressed to 'folks'; not a bare imperative but rousing rhetoric.,S,AE; UF,1,2
1026_t0147_s007,"Statement of past foreign-policy stance, framed positively as standing for democracy — self/group pride and possible credit.",S,IT,1,1
1018_t0053_s011,Statement citing an estimated number (8 million) — factual/statistical content.,S; S-Inform,SE,2,1
1014_t0144_s009,"Statement referencing what the opponent claims about Social Security (2%), citing a figure.",S; S-Inform,REB,2,1
1026_t0142_s002,"Descriptive statement about a nation's leadership, factual framing.",S,,1,0
1008_t0056_s007,"Speaker recounts an action he took (signed it) and expresses pride, claiming personal credit.",S,IT,1,1
1015_t0004_s009,Speaker asserts a personal belief framing both candidates as patriotic; a unity-oriented statement of opinion.,S; IAFA,APAT; UF; IP,2,3
1026_t0188_s001,"A flat contradiction directed at the opponent, disagreeing with their claim.",DIS; CH,REB,2,1
1026_t0009_s001,"Declarative statement of policy priority, framed personally; no clear bias.",S; IAFA,IP,2,1
1010_t0124_s009,Fragment answering how leadership is exercised; a terse statement/answer.,S,,1,0
1014_t0090_s005,"Bids to state a personal belief, framing an opinion.",S; TT,IP,2,1
1031_t0820_s002,Explains a procedural claim about ballots; informative content about process.,S; S-Inform; EXPL,,3,0
1019_t0088_s003,Steers back to a topic while implicitly redirecting from current discussion.,TT; MS,DF,2,1
1015_t0129_s001,Refers to speaker's known opinion; a statement with personal stance.,S,IP,1,1
1027_t0010_s016,"Personal biographical statement, often used as identity appeal.",S; HS,,2,0
1001_t0068_s004,Factual claim contrasting other state programs; informative assertion.,S; S-Inform,SE,2,1
1025_t0119_s015,"A hortatory suggestion to move to the next topic, steering the discussion forward.",MS,,1,0
1027_t0275_s003,Plain declarative statement of general need.,S,,1,0
1023_t0144_s022,"Declarative claim attributing job loss to a policy, negative framing.",S,ATTR,1,1
1006_t0238_s032,"Statement with factual claim about taxes paid, self-promoting personal record.",S-Inform,IT,1,1
1015_t0044_s018,Statement claiming inside knowledge of an outgroup's thinking.,S,IP,1,1
1011_t0132_s008,Statement with factual/economic content and self-crediting improvement.,S-Inform,IT,1,1
1021_t0130_s021,Declarative prediction about strengthening us vs weakening them.,S,,1,0
1004_t0109_s015,"Rhetorical maxim framed as absolute contrast, a false-dilemma unity framing.",S,UF; CB,1,2
1011_t0020_s015,Detailed statement attacking opponent's plan with specific consequences.,S-Inform,ATTR; REB,1,2
1015_t0079_s007,Declarative assertion of a normative principle about presidential duty.,S,,1,0
1019_t0179_s005,Declarative admitting insufficient action on infrastructure; a critique of shared shortcomings.,S,,1,0
1022_t0089_s003,Fragmentary transition beginning an assertion about opponent's campaign launch.,S,,1,0
1019_t0182_s012,"Speaker frames as personal opinion about how Americans will judge the right vs wrong path, a binary framing.",S,IP; CB,1,2
1001_t0050_s015,Explicit disagreement statement.,DIS,REB,1,1
1011_t0038_s006,Declarative policy statement about incentives; uses 'we have to' hortatory but is a statement.,S,,1,0
1014_t0062_s007,Short affirmation of intent/desire.,S,,1,0
1030_t0024_s004,Fragment likely referencing Roe v. Wade case.,S,,1,0
1019_t0035_s002,Factual statistic about business tax rate with a number and superlative comparison.,S-Inform,,1,0
1023_t0013_s014,Speaker coins a loaded label 'the economy tax' framing opponent policy negatively.,S,CB,1,1
1006_t0006_s001,"Addresses moderator and asserts exports saved the economy while describing own effort, mild self-promotion.",S,IT,1,1
1008_t0136_s013,"A declarative promise about future tax relief, self-promotional framing of policy delivery.",S,IT,1,1
1025_t0144_s015,A declarative statement of policy position framed as personal opinion.,S; IAFA,IP,2,1
1008_t0014_s006,"A bare numeric statistic, likely factual content.",S-Inform,,1,0
1033_t0087_s005,A declarative statement defending own actions.,S,IT,1,1
1027_t0035_s011,Personal-stance framing plus reference to own commitment.,S,IT; IP,1,2
1010_t0071_s002,"A wh-question asking a person's first name, likely light banter.",Q-W,,1,0
1031_t0749_s001,"A declarative statement attributing a statement to the opponent, setting up rebuttal.",S,REB,1,1
1022_t0069_s001,"Fragment bidding to give a response, holding turn.",TT,,1,0
1029_t0039_s004,Statement referencing a historical/personal figure with an emotional/moral appeal.,S; HS,AE,2,1
1030_t0163_s007,"Statement accusing others of paid violence, blaming and attacking an outgroup with one-sided claims.",S; CH,ATTR; SE,2,2
1019_t0073_s004,"Claims personal record and self-image as a maverick, promoting himself and his partner.",S,AP; IT,1,2
1010_t0099_s001,Describes a policy effort with specific details; self-referential claim of what he tried to do.,S; S-Inform,IT,2,1
1008_t0002_s001,Simple expression of thanks.,THK,,1,0
1017_t0158_s001,A yes-no question offering the floor to the other speaker.,YNQ; TG,,2,0
1029_t0013_s013,"Direct answer opening with yes, expressing personal emotion.",ANS,,1,0
1015_t0008_s021,Plain declarative assertion.,S,,1,0
1025_t0104_s002,Narrates a past action with specific detail; self-promotion of effort to find women.,S,IT,1,1
1017_t0152_s004,"Imperative command directed at listeners to look inside, an emotional appeal.",IAFA,AE,1,1
1022_t0102_s011,"Cites spending/tax figures to attack opponent's plan, blaming him and appealing to emotional hardship.",S-Inform; CH,AE; ATTR; REB,2,3
1001_t0068_s005,States a personal policy stance.,S,IP,1,1
1013_t0010_s007,Declarative asserting a policy stance with a qualification about wisdom.,S,,1,0
1006_t0094_s010,Brief declarative statement.,S,,1,0
1031_t0347_s002,Declarative with specific numeric policy content and personal credit for the action.,S-Inform,IT,1,1
1029_t0088_s001,"Characterizes opponent's plan critically, framing it as a rebuttal referencing the opponent.",S; REJ,IP; REB,2,2
1023_t0152_s008,Long declarative explaining a policy alternative and its consequences.,S; EXPL,,2,0
1007_t0175_s003,Fragment naming a policy proposal.,S,,1,0
1014_t0046_s017,Declarative citing anecdotal reports from teachers as evidence.,S,SE,1,1
1006_t0159_s007,Declarative acknowledging possible disagreement on details.,S,,1,0
1011_t0146_s005,Hortatory statement about what should happen for seniors; collective 'we need to' framing.,S,AE; UF,1,2
1004_t0087_s016,Declarative expressing personal concern about a policy.,S,IP,1,1
1019_t0076_s003,"A declarative speculating about a consequence, with mild fear framing about violence.",S,AF,1,1
1017_t0021_s017,Imperative-style command referencing the opponent's contradictory position on the war.,IAFA,REB,1,1
1029_t0092_s010,"Statement with a specific dollar figure, factual informative content.",S-Inform,,1,0
1026_t0116_s001,"Declarative asserting a threatening trend regarding nuclear Iran, invoking fear.",S,AF,1,1
1019_t0100_s018,Declarative expressing a conditional policy stance about Iraq.,S,IP,1,1
1014_t0124_s001,A yes-no question asking about position on affirmative action.,YNQ,,1,0
1010_t0040_s006,Wh-cleft declarative explaining a needed policy adjustment with reasoning.,S; EXPL,IP,2,1
1026_t0017_s006,"Speaker signals intent to respond, holding the floor.",TT,,1,0
1008_t0105_s010,"Directly attacks the opponent's position and attributes it to special interest money, a rebuttal.",S; CH,ATTR; REB,2,2
1007_t0178_s015,Plain declarative about Bush making news; neutral statement.,S,,1,0
1019_t0110_s003,"Speaker states urgency and cites commanders' acknowledgment of worsening situation, framing as opinion supported by authority.",S; EXPL,AF; IP,2,2
1021_t0029_s022,"A declarative urging comparison of records; not imperative grammatically but expresses what one ought to do, framed as personal view.",S,IP; REB,1,2
1017_t0139_s016,Statement of policy plus credit-claiming for administration's action.,S,IT,1,1
1033_t0065_s007,Boastful self-promotion claiming ability to break records.,S,IT,1,1
1029_t0188_s034,"Characterizes opponent's stance in a reductive way, a possible straw man.",S,REB; CB,1,2
1008_t0004_s003,Fragment expressing thanks for kind words.,THK,,1,0
1031_t0155_s015,"Statement asserting the opponent is on tape acknowledging something, a fact-check-style challenge.",S; CH,ATTR; REB,2,2
1019_t0134_s001,Speaker takes the floor and challenges the opponent's characterization as a mischaracterization.,S; CH; TT,REB; CB,3,2
1030_t0037_s002,Emotional statement about hardworking family giving a good life.,S,AE,1,1
1027_t0016_s011,Plain declarative emphasizing significance of a factor.,S,,1,0
1023_t0187_s002,"Declarative asserting a benefit of a program, framing a favorable outcome as certain.",S,,1,0
1030_t0256_s038,"Addresses the opponent directly, attributing blame for a military withdrawal.",S; CH,ATTR; REB,2,2
1019_t0124_s007,Plain factual/historical statement about geopolitics.,S; HS,,2,0
1006_t0155_s019,"Self-promoting claim about leadership plus a rhetorical 'do you remember' appeal, invoking fear of war.",Q-RHET; S; HS,AF; IT,3,2
1021_t0112_s006,States policy stance with fear-based justification about threats to kill Americans.,S; IAFA; EXPL; INT,AF; IP,4,2
1031_t0638_s023,Empty/punctuation-only fragment with no discourse content.,,,0,0
1023_t0151_s006,"Statement referencing Republicans' warnings and plan, framing a political group.",S,PB,1,1
1011_t0150_s002,Personal stance contrasting positive intent with refusal to attack the opponent's character.,S,IP,1,1
1019_t0088_s013,Flat direct assertion that the opponent was wrong; an emphatic rebuttal.,S; DIS; CH,REB,3,1
1017_t0006_s008,Reports the opponent's contradictory statements to undermine consistency.,S; CH,ATTR; REB,2,2
1023_t0014_s011,"Declarative asserting agreement on tax policy; uses 'we ought to' which is hortatory, not imperative.",S; AGR,IP,2,1
1023_t0014_s020,Just a fragment 'Mr.' beginning an address; no discourse content.,S,,1,0
1027_t0190_s004,Statement claiming personal credit for an action.,S,IT,1,1
1019_t0102_s001,Flat denial challenging accuracy of a claim.,REJ; CH,REB,2,1
1027_t0255_s001,Bids to hold the floor while asserting importance.,S; TT,,2,0
1014_t0019_s008,"Statement expressing what he wants to do, calling for unity across parties on a policy; hortatory collective action.",S,UF; IP,1,2
1011_t0043_s003,"Statement attributing a stance to the opponent, framed to criticize.",S; CH,ATTR; REB,2,2
1026_t0123_s002,Steers topic back and references opponent's statement critically.,IAFA; MS,REB,2,1
1029_t0220_s014,Statement accusing opponent of lying — a personal character attack referencing the opponent.,S; CH,PER; ATTR; REB,2,3
1031_t0643_s001,Fragment beginning a personal reference; no complete act.,S,,1,0
1030_t0128_s024,Declarative statement about foreign policy approach; uses collective 'we have to' hortatory framing but is a statement not command.,S,IP,1,1
1029_t0264_s012,Statement describing opponent's suggested judicial nominees and their positions on Roe; frames the opponent negatively.,S,ATTR,1,1
1008_t0065_s012,"Speaker states their personal position, framing it as their stance.",S,IP,1,1
1030_t0065_s008,Declarative factual assertion about others giving info to WikiLeaks; informative claim.,S; S-Inform,,2,0
1019_t0110_s015,"Hortatory statement using 'we have to press'; expresses what ought to be done, a statement not command.",S,IP,1,1
1007_t0010_s004,Statement citing specific policy figures attributed to opponent; informative with numbers and negative framing.,S; S-Inform,ATTR; REB,2,2
1022_t0134_s011,Statement referencing past voting record with named historical justices; self-referential factual claim.,S; HS,IT,2,1
1010_t0028_s018,Grammatical imperative telling listener not to be discouraged; emotional reassurance.,IAFA,AE,1,1
1022_t0116_s006,"Hortatory declarative 'we need to'; expresses policy need, statement not command.",S,IP,1,1
1022_t0136_s004,Statement expressing personal stance about not imposing a litmus test.,S,IP,1,1
1004_t0106_s003,Speaker claims special authority based on personal experience with a family member. This is a statement promoting personal credibility.,S; HS,IT; IP,2,2
1008_t0141_s003,"Personal, emotive statement expressing gratitude and humility about a charge given.",S,AE; IP,1,2
1033_t0249_s015,"'They should' is hortatory declarative, not a bare imperative, so it's a statement of opinion.",S,IP; CB,1,2
1004_t0073_s026,Fragment expressing preference/urgency; a plain statement.,S,,1,0
1033_t0083_s007,"Addressed to the President as a challenge on tax-paying; accuses of not paying taxes, a personal/adversarial jab referencing the opponent.",S; CH,PER; ATTR; REB,2,3
1011_t0154_s003,'We need to' hortatory declarative appealing to shared responsibility; statement with unity framing.,S,UF; IP,1,2
1030_t0158_s003,References opponent's claim and bids to hold the floor to respond.,S; TT; MS,REB,3,1
1010_t0002_s007,Plain declarative characterizing a responsibility.,S,,1,0
1031_t0454_s001,Flat rejection/fact-check of a prior claim.,REJ; CH,REB,2,1
1004_t0038_s001,"Answers a question, references keeping peace over 40 years with credit-taking historical claim.",S-Inform; ANS; HS,IT,3,1
1003_t0016_s008,"Speaker claims their proposal is superior, self-promotion.",S,IT,1,1
1008_t0143_s017,Plain declarative asserting importance.,S,,1,0
1006_t0023_s014,Recounts the opponent's attack referencing a personal/family matter and McCarthyism; a rebuttal referencing opponent.,S; REJ,REB,2,1
1011_t0159_s003,States a personal belief/policy stance.,S; IAFA,IP,2,1
1006_t0155_s025,Counterfactual claim invoking threat of Saddam with nuclear weapons; self-crediting and fear appeal.,S,AF; IT,1,2
1027_t0160_s013,Factual/social statement about incarceration; mentions race/ethnicity.,S,RB,1,1
1004_t0059_s006,"Statement painting a dire personal situation, emotional appeal.",S,AE,1,1
1017_t0114_s004,Short flat denial/rejection.,REJ,,1,0
1017_t0073_s020,"Statement linking action to opponent's philosophy, mild rebuttal.",S,REB,1,1
1025_t0061_s006,Explanation citing economic collapse and blaming similar policies now promoted by opponent.,S; EXPL,AF; ATTR,2,2
1011_t0123_s005,Speaker states an intention to compliment the administration; plain declarative expressing a personal stance.,S,IP,1,1
1019_t0070_s001,"Speaker frames opponent's plan negatively as a federal takeover, a challenge/rebuttal referencing the opponent with loaded framing.",S; CH,AF; REB,2,2
1017_t0087_s006,Recounts factual history about a tax cut request; informative statement with a policy claim.,S; HS,,2,0
1015_t0044_s025,A plain factual assertion that summits are being held.,S,,1,0
1026_t0069_s001,"Speaker recounts what the addressee said, challenging/quoting a prior statement to set up a rebuttal.",S; CH,ATTR; REB,2,2
1014_t0046_s009,"Expresses what the speaker wants to do policy-wise; declarative statement of personal stance, not a bare imperative.",S,IP,1,1
1007_t0189_s010,Declarative asserting an obligation not to harm the American people; emotional appeal to the public.,S,AE,1,1
1019_t0150_s016,Factual claim about leaders flying to Georgia with personal anecdote; informative statement with named figures.,S; S-Inform; HS,,3,0
1019_t0092_s002,Bids to say something then recounts a personal historical anecdote about being in Baghdad.,S; TT; HS,,3,0
1008_t0127_s001,Simple expression of thanks.,THK,,1,0
1011_t0090_s009,Declarative expressing personal opinion about leadership.,S,IP,1,1
1018_t0085_s007,Emphatic agreement/statement expressing an imperative-like need using 'got to'; hortatory statement.,S,IP,1,1
1004_t0116_s003,Statement claiming personal/administration credit for doubling funding.,S; S-Inform,IT,2,1
1025_t0101_s010,"Statement referencing a specific past legislative action taken by the speaker, taking credit.",S; S-Inform; HS,IT,3,1
1018_t0039_s027,Statement giving reason for personal action.,S; EXPL,IT,2,1
1015_t0138_s021,A direct appeal to the audience asking for support with patriotic and unity framing.,S; IAFA,AP; APAT; UF,2,3
1025_t0059_s008,Fragment citing a price figure.,S-Inform,,1,0
1019_t0054_s002,Statement citing a dollar figure and claiming credit for fighting a contract framed as wrong.,S; S-Inform,IT,2,1
1015_t0042_s008,Simple declarative statement of intent.,S,,1,0
1019_t0004_s027,Hortatory statement expressing a need to create jobs.,S,UF,1,1
1015_t0088_s003,"Speaker characterizes what the opponent says about them, framing a rebuttal setup.",S,REB,1,1
1013_t0079_s008,Declarative expressing a personal opinion/stance supporting the administration.,S,IP,1,1
1013_t0181_s007,"States a personal view backed by a citation of senator support, blending stance with evidence.",S; S-Inform,IP,2,1
1018_t0005_s016,"Factual claim about opponent's voting record, used as blame attribution against the opponent.",S; CH,ATTR; REB,2,2
1026_t0043_s006,Plain declarative statement of a policy position.,S,,1,0
1019_t0133_s012,"Statement referencing Reagan and characterizing Obama's position as dangerous, an appeal to fear plus rebuttal.",S; CH; HS,AF; REB,3,2
1022_t0134_s018,"Declarative commitment to future action, mild self-promotion of intent.",S,IP,1,1
1014_t0113_s028,Statement of personal priority/value framed as what mattered.,S,IP,1,1
1021_t0070_s020,Simple expression of thanks.,THK,,1,0
1014_t0140_s004,"Disputes opponent's claim by appealing to the record, a rebuttal.",S; CH,REB,2,1
1001_t0058_s013,"A declarative asserting importance, framed as opinion about national priorities.",S,,1,0
1031_t0638_s005,Vague declarative statement.,S,,1,0
1025_t0186_s004,"Wh-question that is rhetorical, implying failure to know something obvious.",Q-W; Q-RHET,CB,2,1
1006_t0126_s002,Personal narrative statement referencing a specific place/event.,S; HS,,2,0
1010_t0131_s002,Reports a prior personal statement of stance against discrimination.,S,IP,1,1
1003_t0096_s016,Statement citing specific dollar figures and study estimates.,S-Inform,SE,1,1
1025_t0146_s010,Simple predictive declarative.,S,,1,0
1019_t0075_s010,Declarative making a generalized claim about counterinsurgency outcomes.,S,CB,1,1
1007_t0111_s013,"Statement negating a prior characterization, likely correcting the framing.",S; CORR,,2,0
1031_t0305_s003,"Fragment, incomplete utterance with no clear act.",S,,1,0
1010_t0019_s017,A statement expressing gratitude and appeal to national identity/patriotism toward listeners (likely veterans).,S,AP,1,1
1010_t0041_s012,A personal-opinion statement criticizing opponent's ads as fear-mongering; frames as own belief and references fear tactics.,S,IP; REB,1,2
1010_t0105_s007,Plain declarative asserting the importance of questions; no clear bias.,S,,1,0
1011_t0041_s009,Informative statement with a statistic blaming the outgroup/Congress for low approval of agenda.,S-Inform,ATTR,1,1
1010_t0104_s001,A hedging statement admitting no perfect solution exists.,S,,1,0
1027_t0008_s015,"An imperative-like directive pointing to something, citing an example to support a claim about job loss; selective evidence.",IAFA,SE,1,1
1003_t0069_s025,A statement expressing approval/salute of certain things; mild appeal to pride.,S,,1,0
1030_t0055_s001,A declarative policy pledge; the immigration framing borders on fear appeal but is a plain assertion.,S,,1,0
1015_t0100_s017,Informative statement with statistics on military deployment; loaded term 'backdoor draft' frames one-sided criticism.,S-Inform,AF; SE,1,2
1023_t0042_s015,"Informative statement citing unemployment figures, implicitly blaming current administration; selective framing.",S-Inform,SE,1,1
1027_t0010_s018,A descriptive narrative statement about someone printing fabrics; no bias.,S,,1,0
1019_t0112_s012,Statement introducing a new fact about Pakistan's president; references a named figure.,S; HS,,2,0
1018_t0030_s018,"Quoted rejection/statement, framing government as taking taxpayer money — a slight political outgroup jab.",S,,1,0
1014_t0094_s015,Declarative expressing what ought to happen with personal framing; a stance not a command.,S,IP,1,1
1006_t0143_s006,"Hortatory declarative about paying off and renewing; expresses obligation, not a command.",S,,1,0
1022_t0107_s001,Personal-opinion statement about reducing oil dependence with a timeline.,S,IP,1,1
1025_t0042_s005,Conditional statement of policy ('if you want... you use it or lose it'); presents an either-or framing.,S,CB,1,1
1025_t0026_s003,Statement citing specific statistics on oil and gas production.,S-Inform,SE,1,1
1023_t0049_s015,"Statement drawing a distinction with the opponent, referencing him by name.",S,REB,1,1
1019_t0088_s005,Praise statement crediting military and General Petraeus; positive framing.,S,,1,0
1031_t0740_s001,"Opens with 'why didn't you' — a Wh-question directed at opponent, followed by a statement blaming China for pollution. The question challenges the opponent's record.",Q-W; S,ATTR; REB,2,2
1018_t0063_s008,"Declarative statement with specific dollar figures, percentages, and a year — factual informative content critiquing Bush's tax cut with selective framing.",S-Inform,ATTR; SE,1,2
1031_t0263_s002,A discourse-marker fragment ('I mean-') bidding to hold or restart the turn.,TT,,1,0
1022_t0005_s013,Declarative expressing agreement with an idea and shared goal of helping homeowners — an agreement plus unity framing.,S; AGR,UF,2,1
1021_t0036_s007,Statement citing a specific dollar figure and timeframe for an investment the speaker called for — self-promoting factual claim.,S-Inform,IT,1,1
1030_t0293_s002,"Declarative with vivid, emotionally charged language ('being slaughtered') appealing to fear/emotion.",S,AF; AE,1,2
1014_t0055_s008,"Characterizes the Vice President's position in a loaded, straw-man way ('only the right people') attributing an unfair stance to opponent.",S; CH,ATTR; REB; CB,2,3
1015_t0016_s031,Short declarative asserting alliance strength — mild pride framing.,S,AP,1,1
1011_t0088_s013,"Hortatory declarative ('We have to be willing') expressing what ought to be done — a statement, not an imperative.",S,IP,1,1
1010_t0080_s015,Direct address to voters ('It's up to you') — an emotional/participatory appeal to the audience.,S,AE,1,1
1014_t0073_s009,A declarative asserting a quality needed in a leader; hortatory but not imperative.,S,,1,0
1011_t0100_s003,"Statement citing a statistic (30%, $1 million) to critique the opponent's plan; one-sided framing of the tax cut.",S-Inform; CH,REB; SE,2,2
1013_t0181_s002,Personal opinion framed with 'I don't think'.,S,IP,1,1
1015_t0052_s017,Brief affirming statement referencing prior claim.,S,,1,0
1008_t0138_s002,Denial/challenge of the opponent's claimed actions.,S; CH,REB,2,1
1025_t0222_s008,Claims personal credit for schools ranking first.,S; S-Inform,IT,2,1
1018_t0024_s018,Statement referencing what the speaker would say; neutral.,S,,1,0
1010_t0067_s022,Declarative invoking American greatness while rebutting an approach.,S,AP; REB,1,2
1026_t0024_s001,Moderator hands floor to Governor; turn-give.,TG,,1,0
1011_t0093_s006,Hortatory declarative about what must be done in policy; not imperative.,S,,1,0
1027_t0020_s004,"Declarative claiming recovery from a low point, with 'abyss' as somewhat charged framing but overall a statement possibly self-crediting collective recovery.",S,IT,1,1
1007_t0095_s004,"Hortatory declarative ('we ought to') proposing policy with a specific number of years; a statement with factual detail, not an imperative.",S; S-Inform,IP,2,1
1010_t0104_s015,Grammatically imperative command to discuss the economy.,IAFA,,1,0
1030_t0037_s022,"Declarative attacking the opponent's actions ('choked', 'Twitter war') and referencing a factual episode; a personal attack on the opponent.",S; CH,PER; ATTR,2,2
1030_t0265_s013,Plain declarative statement about being prepared to defend.,S,,1,0
1014_t0118_s001,Expresses personal conviction/stance about a goal.,S,IP,1,1
1031_t0572_s001,Flat negation asserting none exist; functions as rejection/answer.,S; REJ,,2,0
1011_t0048_s001,Personal opinion statement about presidential capability.,S,IP,1,1
1010_t0105_s001,"Imperative bidding to make a point plus 'let me' floor-taking, with 'because' giving a reason.",EXPL; TT,,2,0
1014_t0116_s008,"Declarative asserting quotas are bad, a loaded evaluative claim framed as fact.",S,IP; CB,1,2
1033_t0328_s010,A plain declarative asserting that method of protection matters.,S,,1,0
1007_t0178_s019,Declarative giving factual information about who will lead economic policy.,S; S-Inform,,2,0
1013_t0070_s007,Statement asserting other countries look to the US; carries a note of national pride/leadership.,S,AP,1,1
1008_t0044_s010,Declarative assigning blame to the opponent's party for killing legislation.,S; CH,ATTR; REB,2,2
1010_t0124_s017,"Fragment addressing the audience directly, emotional appeal to ordinary people.",S,AE,1,1
1031_t0664_s001,"Fragment referencing his son, likely emotional/personal appeal.",S,AE,1,1
1008_t0014_s005,"Provides numeric figures on a rate decline, factual information.",S; S-Inform,,2,0
1025_t0059_s009,"States a dollar figure, factual information without slant.",S; S-Inform,,2,0
1003_t0052_s001,"Opens with 'I think', framing a personal stance though cut off.",S,IP,1,1
1007_t0033_s012,Declarative taking personal credit for beating Congress and passing a civil rights bill.,S; S-Inform,IT; RB,2,2
1017_t0103_s018,"Declarative asserting an opponent/group is regressing on water quality, negative framing referencing them.",S,REB,1,1
1014_t0118_s009,"Declarative asserting personal knowledge, likely rebutting an implication otherwise.",S,IP,1,1
1001_t0140_s009,Plain declarative prediction about someone performing well.,S,,1,0
1023_t0058_s002,"Declarative distinguishing one plan from another, factual clarification.",S,,1,0
1021_t0027_s008,Long declarative that references what McCain will say and rebuts it while explaining own proposal.,S; EXPL,IT; REB,2,2
1001_t0071_s011,Short affirmation of agreement/confirmation.,AGR,,1,0
1015_t0100_s020,Statement of intent with numeric content (double special forces) invoking terrorist fighting.,S-Inform,IP,1,1
1011_t0163_s015,Statement expressing personal desire/stance to act on Social Security.,S,IP,1,1
1004_t0142_s001,"Imperative offering to explain what being president is like, a floor-holding directive.",IAFA; TT,,2,0
1008_t0024_s004,"Statement with factual/numeric content claiming personal plan adds ten years to Medicare, self-credit.",S-Inform,IT,1,1
1023_t0073_s002,"Narrative describing conditions with negative implication, likely attributing failure to an opponent's handling.",S,SE,1,1
1023_t0070_s005,Cites a specific statistic about Spain's government spending.,S-Inform,,1,0
1021_t0123_s012,Speaker expresses personal confidence/stance about a general's future performance.,S,IP,1,1
1010_t0067_s018,"Declarative expressing what ought to happen; a policy stance, not an imperative.",S,IP,1,1
1018_t0065_s005,"Emphatic assertion locating where tax cuts went, likely rebutting opponent's claim.",S,REB,1,1
1029_t0117_s017,"General statement about needing to name a problem, an implicit jab at opponent's failure to do so.",S,CB,1,1
1001_t0071_s003,Simple personal-stance statement expressing a position.,S,IP,1,1
1004_t0142_s007,"States personal principle and points to positive changes, includes an imperative 'look at' as self-promotion of results.",S; IAFA,APAT; IT,2,2
1023_t0005_s012,"Collective acknowledgment that work remains, unity framing.",S,UF,1,1
1004_t0045_s007,Continues factual claim about taxes and infrastructure spending with a specific figure.,S-Inform,,1,0
1010_t0029_s013,"Speaker urges depoliticizing an issue, framed as a hortatory statement with 'let's', and cites a reason ('because it's dicey').",S; EXPL,UF,2,1
1001_t0088_s012,Plain declarative statement about the vice president; could carry a subtly loaded implication but on its face is factual.,S,,1,0
1021_t0093_s015,"Declarative statement expressing what one ought to do ('you have to temper'), with emotional framing of soldiers as 'America's most precious asset, American blood.'",S,AE; APAT,1,2
1025_t0182_s003,First-person statement about sending troops into harm's way; emotive framing of sacrifice.,S,AE,1,1
1004_t0068_s006,"Statement recounting market reaction with fear-laden framing ('fear', 'down like that').",S,AF,1,1
1030_t0061_s001,"Fragmentary reference to signing immigration reform and George W., a historical/self reference cut off mid-sentence.",S; HS,,2,0
1001_t0025_s001,Speaker states a personal opinion/concern about the Republican Party using 'I think' and 'my concern.',S,IP,1,1
1025_t0084_s025,First-person statement of desire to help the middle class; personal stance framing.,S,IP,1,1
1026_t0165_s001,"Dismissive characterization of a prior claim as 'the height of silliness', challenging/rejecting it.",S; CH,REB,2,1
1008_t0022_s012,Hortatory statement expressing collective capability with a conditional appeal to shared action.,S,UF,1,1
1029_t0151_s023,Declarative claiming credit for a tax policy action.,S,IT,1,1
1031_t0428_s002,Sentence fragment answering/continuing a prior point about who does something.,S,,1,0
1023_t0206_s029,"Statement with a dollar figure promising a future action, self-promotional.",S-Inform,IT,1,1
1013_t0155_s015,"Declarative about bipartisan togetherness, unity framing.",S,UF,1,1
1011_t0070_s001,"Factual statement about an election outcome, new content.",S; S-Inform,,2,0
1021_t0019_s010,Informative statement citing an existing power that hasn't been used; may subtly imply criticism but mainly factual.,S; S-Inform,,2,0
1017_t0023_s008,"Statement asserting consistency of one's own position, personal stance.",S,IP,1,1
1011_t0109_s036,Statement asserting possibility with leadership; hortatory but declarative.,S,IP,1,1
1010_t0129_s005,"Self-referential rambling statement about the last question, no clear bias.",S,,1,0
1011_t0115_s003,"Directs attention to opponent's mentality; framing opponent's mindset negatively, a rebuttal.",S; MS,REB,2,1
1031_t0444_s001,Short declarative asserting an intended action; expresses personal resolve/credit-style claim of authority.,S,,1,0
1017_t0101_s005,Statement claiming personal credit for fighting for a farm bill provision.,S; S-Inform,IT,2,1
1030_t0126_s010,Frames as personal opinion/stance about education policy.,S,IP,1,1
1015_t0070_s014,Emphatic declarative asserting a policy position; announces intent to make a statement.,S,IP,1,1
1027_t0160_s023,"Statement about guns that references the opponent's support of gun lobby, mildly attributing blame while stating a fact.",S; S-Inform,ATTR,2,1
1030_t0178_s005,Statement attacking opponent's character by describing mocking a disabled reporter.,S; CH,PER; ATTR,2,2
1013_t0125_s005,Personal opinion statement declining to comment on someone's sex life.,S,IP,1,1
1022_t0063_s008,"Statement referencing talking to a voter to make a policy point, self-referential.",S,IP,1,1
1029_t0021_s008,Hortatory statement about making America wealthy; collective 'we have to' framing with pride/unity tone.,S,AP; UF,1,2
1018_t0096_s004,Personal stance statement on background checks.,S,IP,1,1
1033_t0238_s001,A bare imperative telling listener to do something.,IAFA,,1,0
1017_t0161_s011,"Short declarative expressing necessity, not imperative.",S,,1,0
1006_t0159_s013,Statement recounting a past event with a named figure.,S; HS,,2,0
1031_t0338_s003,Claims personal credit while implicitly disparaging opponent's inaction.,S,IT; REB,1,2
1029_t0280_s011,Hortatory declarative about shared action.,S,UF,1,1
1014_t0090_s011,Declarative expressing personal belief and policy stance.,S,IP,1,1
1015_t0008_s016,"Statement with a specific number, factual.",S-Inform,,1,0
1025_t0265_s025,Explains reasoning and directly asks for votes.,S; EXPL,,2,0
1022_t0107_s013,National pride claim plus acknowledgment of a problem to work on.,S,AP; UF,1,2
1033_t0245_s020,Self-promoting claim of having a clear plan.,S,IT,1,1
1011_t0005_s010,Comparative factual claim about the size of a plan versus a prior plan; includes a numerical comparison and a historical reference.,S-Inform; HS,SE,2,1
1010_t0049_s016,Plain declarative assertion about what the federal government does not do.,S,,1,0
1008_t0048_s004,Statement citing specific percentages of drug-use decline; new factual content presented favorably.,S-Inform,IT; SE,1,2
1003_t0073_s013,Framed as personal belief/opinion about Americans.,S,IP,1,1
1010_t0016_s004,"Statement asserting it cut below inflation, a factual claim taking credit.",S-Inform,IT,1,1
1007_t0117_s004,Statement claiming a good outcome and personal/collective credit for a spending cap.,S,IT,1,1
1008_t0100_s009,"Self-reference claiming credit for work on the food stamp program, emphasized as proud.",S; INT,,2,0
1021_t0057_s012,Statement conceding Medicare will be tougher; plain assertion.,S,,1,0
1006_t0079_s016,Hortatory statement about winning the drug fight; 'got to win' is not imperative but a statement of shared goal.,S,UF,1,1
1025_t0249_s002,Statement expressing national pride/capability with a conditional; appeals to pride in competitiveness.,S,AP,1,1
1026_t0107_s006,"Declarative asserting inability to afford a nuclear arms race, invoking danger in a volatile region — fear framing.",S,AF,1,1
1025_t0265_s011,"Speaker frames personal belief and quotes opponent's damaging remark, ending with a directive to reflect on it; attacks the opponent's stance.",S; IAFA,IP; ATTR; REB,2,3
1008_t0105_s013,"Factual-sounding claim about where 5 percent went, framed to implicate Democrats as an outgroup.",S; S-Inform,PB; SE,2,2
1031_t0357_s001,"Fragment negating something, likely rebutting an opponent's claim about tax.",S,REB,1,1
1018_t0107_s004,Personal expression of being moved and impressed by a speech; opinion stance.,S,IP,1,1
1018_t0063_s022,Statistical/historical comparison of past presidents to attack the current president's job record — blame attribution with cherry-picked framing.,S; S-Inform; HS,ATTR; REB; SE,3,3
1017_t0029_s008,"Factual claim citing a named general's advice on troop numbers, implicitly criticizing decisions.",S; S-Inform; HS,REB; SE,3,2
1019_t0096_s003,Plain declarative describing what 'they' do.,S,,1,0
1027_t0206_s010,Hypothetical declarative continuing a counterfactual argument against opponent.,S,REB,1,1
1019_t0100_s013,Attributes a remark to Senator McCain criticizing the rush into Iraq — a rebuttal referencing the opponent.,S; HS,ATTR; REB,2,2
1017_t0042_s002,A brief expression of thanks.,THK,,1,0
1022_t0098_s004,"A declarative statement recounting the opponent's record, with a self-restart; presents factual biography.",S; S-Inform,,2,0
1014_t0027_s001,A declarative stating the speaker's personal position on a policy.,S,IP,1,1
1022_t0157_s002,"Speaker addresses opponent directly, prefacing a statement/question about a program; functions to hold the floor and introduce info.",S; MS,,2,0
1029_t0220_s036,A dismissive declarative claiming the opponent's plans amount to mere talk; disparages opponent's substance.,S; CH,REB,2,1
1030_t0178_s004,"Statement referencing what the opponent has said and done to women, framed negatively against him.",S; CH,ATTR; REB,2,2
1021_t0141_s007,Declarative asserting a firm policy stance; emphatic 'never' with military framing.,S,IP,1,1
1033_t0234_s001,Direct personal attack on opponent's competence addressed by name.,S; CH,PER; REB,2,2
1022_t0016_s001,Plain statement identifying the topic of discussion.,S; MS,,2,0
1006_t0015_s010,Declarative with speculative/dismissive tone attributing responsibility to two parties.,S,ATTR,1,1
1017_t0057_s006,Declarative assertion about national defense strategy; frames a personal/policy stance about protecting America.,S,AF,1,1
1027_t0066_s001,An interrupted/cut-off fragment attacking the opponent's contribution.,INT,,1,0
1007_t0201_s003,Statement recalling a specific event with a number of citizens; emotional/personal recollection.,S; HS,AE,2,1
1026_t0193_s006,Statement with dollar figures rebutting the opponent's fiscal plan.,S-Inform; CH,REB; SE,2,2
1029_t0092_s011,"Flat declarative dismissal of Obamacare, absolute claim.",S; CH,REB; CB,2,2
1025_t0121_s024,Declarative rejecting the opponent's approach to the economy.,S; DIS,REB,2,1
1033_t0032_s007,Direct personal attack on the opponent's character.,S; CH,PER,2,1
1033_t0297_s001,Fragment claiming personal credit for criminal justice reform.,S,IT,1,1
1018_t0047_s002,Assertion attacking opponent's lack of record on health care reform.,S; CH,ATTR; REB,2,2
1033_t0247_s018,Statement praising a program as successful; touts a policy.,S,IT,1,1
1013_t0151_s016,A declarative claiming credit for spending and comparing favorably to the national level; self-promotion.,S; S-Inform,IT,2,1
1021_t0143_s023,Plain factual statement about who had the floor.,S,,1,0
1014_t0064_s001,Speaker states a personal intention not to do something.,S,IP,1,1
1008_t0088_s020,A hedged personal opinion asserting a fact about Saddam Hussein.,S; IAFA,IP,2,1
1031_t0165_s010,"References own action (closing border) taking credit, and quotes the opponent's label, a rebuttal.",S; CH,IT; REB,2,2
1023_t0044_s021,"A single address term, likely turn-related address to the President.",S,,1,0
1025_t0027_s015,Declarative explaining consequences with an appeal to the listener's economic benefit.,S; EXPL,,2,0
1033_t0130_s004,A why-question asking for reasoning; moderator or adversarial probe.,Q-W; SEEP,,2,0
1025_t0131_s014,Reports what the opponent said with reasoning about bankruptcy; informative statement referencing opponent.,S; S-Inform,REB,2,1
1010_t0074_s010,Declarative offering to explain how something is paid for; self-promotion of own plan.,S; IAFA-OF,IT,2,1
1022_t0088_s030,"Statement framing the opponent's campaign negatively, addressed to McCain, functioning as a rebuttal and personal jab.",S; CH,PER; IP; REB,2,3
1021_t0132_s001,"Personal-stance statement characterizing a foreign actor as engaging in evil and dangerous behavior, an appeal to fear.",S; IAFA,AF; IP,2,2
1021_t0057_s027,Imperative inviting comparison of records and listening to vision; hortatory appeal to the audience.,IAFA,IT,1,1
1013_t0141_s014,"Statement invoking a vulnerable child to evoke sympathy, a clear appeal to emotion.",S,AE,1,1
1014_t0032_s003,"Personal reflective statement, no clear bias.",S,,1,0
1023_t0140_s003,Statement acknowledging shared agreement on regulation of markets.,S; AGR,IP,2,1
1018_t0022_s005,"Statement attacking opponent's fiscal record with specific voting numbers and dollar figures, blame attribution.",S-Inform; CH,ATTR; REB; SE,2,3
1001_t0150_s005,"Statement claiming personal high standards, self-promotion.",S,IT; IP,1,2
1011_t0062_s005,"Statement claiming opponent's language is 'code words' for overturning Roe, a rebuttal with interpretive framing.",S; CH,ATTR; REB; CB,2,3
1021_t0016_s001,"Thanks plus praise of the question, then reframes 'bailout' as 'rescue' while blaming greed in Washington and Wall Street.",ANS; THK; EXPL,IP; ATTR; CB,3,3
1017_t0055_s023,Statement blaming the opponent for prioritizing tax cuts over safety equipment; assigns blame to a named/implied opponent.,S; CH,ATTR; REB,2,2
1017_t0039_s013,Statement characterizing opponent's policy negatively; a rebuttal referencing the opponent with factual detail.,S; S-Inform; CH,ATTR; REB,3,2
1018_t0035_s007,Declarative expressing a normative view on marriage; hortatory personal stance.,S,IP; CBias,1,2
1001_t0009_s002,Fragmentary statement referencing values.,S,,1,0
1023_t0204_s002,Expression of thanks to the venue.,THK,,1,0
1033_t0349_s001,Statement with a dollar figure attacking opponent's plan cost.,S; S-Inform; CH,ATTR; REB,3,2
1011_t0157_s007,Statement refusing to back down and attacking opponent's credibility.,S; REJ,PER; REB,2,2
1008_t0059_s007,Fragmentary statement citing a policy accomplishment.,S,,1,0
1015_t0006_s007,Statement claiming credit for a policy doctrine.,S,IT,1,1
1015_t0052_s011,"Emphatic rebuttal challenging opponent's claim, addressed directly.",S; CH,REB,2,1
1008_t0008_s006,"An imperative telling the audience not to forget, referencing a specific year (1993).",IAFA; HS,SE,2,1
1026_t0139_s009,"A statement giving reasoning for a policy position, using 'because' to explain.",S; EXPL,IP,2,1
1010_t0078_s002,Statement claiming personal credit and pride in own legislative accomplishment.,S; INT,IT; IP,2,2
1033_t0205_s005,Declarative asserting a policy position with a specific dollar figure.,S-Inform,IP,1,1
1021_t0136_s006,Statement giving a reason/explanation for prior point.,S; EXPL,,2,0
1021_t0027_s007,"Declarative expressing what ought to be done ('going to have to'), not a bare imperative.",S,IP,1,1
1003_t0050_s017,Declarative with metaphorical 'credit card' framing about fiscal responsibility.,S,IP,1,1
1001_t0160_s015,Statement steering discussion toward values.,S; MS,,2,0
1031_t0180_s001,"An exclamation/interjection, plainly not a substantive act.",S,,1,0
1022_t0169_s001,Expression of thanks to the moderator and opponent.,THK,,1,0
1029_t0238_s004,"An imperative directing attention to Baltimore, typically used to invoke a negative example of urban decline.",IAFA,SE,1,1
1031_t0786_s008,"A declarative claiming an accomplishment ('caught them all'), self-promotional and likely overstated.",S,IT,1,1
1026_t0136_s007,A declarative statement laying out a policy position about Pakistan and Afghanistan.,S,IP,1,1
1029_t0280_s020,A personal stance declarative expressing what the speaker wants.,S,IP,1,1
1003_t0100_s001,"A rebuttal to the moderator's framing, correcting/challenging the premise and defending the speaker's policy.",S; CH,REB,2,1
1023_t0082_s003,A statement clarifying and explaining a Medicaid policy proposal.,S; EXPL,IP,2,1
1003_t0035_s001,A single-word polite yielding/turn-related utterance offering the floor.,TG,,1,0
1015_t0052_s016,"Quotes the opponent's words to set up a rebuttal about inconsistency, referencing the opponent.",S; CH,REB,2,1
1017_t0112_s011,Cites a named authority (Rubin) to attack the opponent's plan; blame/attribution via authority against the opponent's proposal.,S; CH,REB; SE,2,2
1014_t0004_s005,"A statement offering personal tribute to Mel Carnahan, framing the debate emotionally with an appeal to democratic values.",S; HS,AE,2,1
1007_t0175_s008,"A fragment naming a policy topic, functioning as a statement.",S,,1,0
1019_t0035_s009,"Speaker asserts something is widespread ('rife'), an emphatic personal claim without specifics.",S,IP,1,1
1022_t0117_s004,Trailing attempt to steer back to a point; holding the floor.,TT; MS,,2,0
1010_t0009_s008,"Declarative with 'have to' expressing a shared obligation, hortatory unity framing.",S,UF,1,1
1015_t0056_s018,Imperative bidding to hold the floor.,IAFA; TT,,2,0
1021_t0112_s005,Clarifies/corrects what was actually said and gives a substantive policy stance about bin Laden.,S; CORR,IP,2,1
1018_t0089_s016,Explanatory statement giving a consequence ('the result is') about military overextension.,S; EXPL,,2,0
1001_t0003_s011,"Anecdotal reference to a movie, a colloquial statement.",S,,1,0
1021_t0075_s016,"States a policy proposal with a dollar figure, self-referential intent.",S; S-Inform,IT; IP,2,2
1027_t0141_s008,"Directly attributes a claim/action to the opponent ('you even suggested'), a rebuttal referencing him.",S; CH,ATTR; REB,2,2
1031_t0788_s001,Plain declarative asserting a fact about states.,S,,1,0
1019_t0096_s001,Fragment referencing an election law recently passed; declarative-like factual reference.,S,,1,0
1004_t0033_s011,Declarative statement about tax differences between candidates.,S,,1,0
1007_t0033_s009,Self-referential claim about own record/action.,S,IT,1,1
1018_t0051_s013,Statement claiming to have a better plan; self-promotion with contrast.,S,IT,1,1
1021_t0139_s004,Explicit expression of thanks.,THK,,1,0
1001_t0039_s007,Declarative asserting a commission made good recommendations.,S,,1,0
1006_t0172_s028,Fragment introducing a reason; minimal content.,S,,1,0
1001_t0150_s010,"Directly says the opponent is wrong, a disagreement/challenge referencing the opponent.",DIS; CH,REB,2,1
1021_t0046_s009,"Reports what the opponent said previously, referencing his position; declarative recount.",S,REB,1,1
1007_t0136_s011,A plain declarative asserting something about Jim Baker; no clear bias.,S,,1,0
1018_t0087_s005,Declarative expressing a personal stance about what is in his gut.,S,IP,1,1
1018_t0015_s004,"Restates what the opponent said, informative characterization of opponent's position.",S,,1,0
1017_t0073_s017,"A rhetorical/leading question not genuinely seeking an answer, setting up a point.",Q-RHET,,1,0
1030_t0238_s005,Declarative asserting an opponent shouldn't be allowed to run; attacks legitimacy.,S,PER; ATTR,1,2
1003_t0146_s014,A jab attributing failure to the opponent — sarcastic blame.,S,ATTR; REB,1,2
1029_t0039_s011,"Informative statement recounting opponent's conduct, referencing race/ethnicity to criticize him.",S; CH,PER; ATTR; REB; RB,2,4
1023_t0014_s002,Plain declarative claiming he has described something; mild self-reference.,S,,1,0
1029_t0151_s007,A Wh-question directed at opponent challenging inaction; adversarial rebuttal.,Q-W; CH,AEX; REB,2,2
1018_t0063_s002,Flat rejection responding to a question or claim.,REJ,,1,0
1003_t0096_s002,"A plain declarative asserting there is no alternative; frames the situation as having only one option, which is a false dilemma reasoning pattern.",S,CB,1,1
