sentence_id,sentence_text
1026_t0090_s007,"There are a number of things that sound good, but frankly, we just can’t afford them."
1027_t0035_s002,"Manufacturing jobs went up also in the 1990s, if we’re actually going to look at the facts."
1033_t0207_s003,"We’re over 400 miles of brand new wall, you see the numbers, and we let people in, but they have to come in legally and they come in through –"
1033_t0321_s001,"I do rule out banning fracking because the answer we need — we need other industries to transition to get to, ultimately, a complete zero emissions by 2025."
1007_t0205_s012,"You bet your hat we can govern because we will be in there together and we will figure out what to do, and you won’t tolerate gridlock, you won’t tolerate endless meandering and wandering around, and you won’t tolerate non-performance."
1025_t0121_s014,"Well, in fact we saved 1,000 jobs."
1017_t0020_s015,"Two weeks ago, there was a meeting of the North Atlantic Council, which is the political arm of NATO."
1026_t0046_s013,That’s part of the reason why the Libyans stand with us.
1025_t0014_s018,"Well, the president took Detroit bankrupt."
1001_t0071_s001,I haven’t sorted out the penalties.
1027_t0279_s002,"Wait a minute, Lester."
1015_t0008_s002,"I believe I’m going to win, because the American people know I know how to lead."
1023_t0073_s013,There’s no doubt about it.
1027_t0216_s023,But I’m all for NATO.
1004_t0102_s017,So we’re still in the fight.
1015_t0118_s004,My administration started what’s called the Proliferation Security Initiative.
1019_t0177_s021,"But we still have a long way to go before we can declare America safe, and that means doing a better job along our borders, as well."
1023_t0008_s002,"The president has a view very similar to the view he had when he ran four years, that a bigger government, spending more, taxing more, regulating more — if you will, trickle-down government — would work."
1030_t0187_s006,"But just briefly, the Clinton Foundation made it possible for 11 million people around the world with HIV-AIDS to afford treatment, and that’s about half of all the people in the world who are getting treatment."
1014_t0012_s001,"And I specifically would like to know whether Governor Bush will support the Dingle-Norwood bill, which is the main one pending."
1029_t0188_s021,Gadhafi’s out.
1011_t0097_s020,Those are very clear differences.
1004_t0082_s017,"And I’ve stood up with these people, and I understand what you have to do to be strong in this situation, and it’s moving, not as fast as we’d like."
1017_t0066_s016,And he could have lowered the cost of Medicare and lowered your taxes and lowered the costs to seniors.
1021_t0055_s004,It’s just…
1004_t0070_s003,These interest rates we have now don’t make any sense.
1019_t0114_s013,"And I have a record — and Somalia, I opposed that we should turn — turn the force in Somalia from a peacekeeping force into a peacemaking force, which they were not capable of."
1007_t0111_s003,"In New Hampshire Senator Kerrey said you ought to level, you ought to tell the truth about it."
1031_t0422_s002,.
1007_t0053_s001,To this?
1031_t0776_s001,"No, I don’t support the Green New Deal."
1026_t0194_s003,Twenty-three million Americans still struggling to find a good job.
1033_t0305_s010,"As far as they’re concerned, if you had no window it would be a lovely thing."
1011_t0135_s001,I can’t let the man continue with fuzzy math.
1013_t0163_s015,Now it’s true that we disagree on this.
1011_t0024_s002,He talks about numbers.
1027_t0096_s008,"And when these people are going to put billions and billions of dollars into companies, and when they’re going to bring $2."
1018_t0100_s020,“We fixed it.
1025_t0027_s004,We’re actually drilling more on public lands than in the previous administration and my — the previous president was an oil man.
1026_t0012_s002,"But next door, of course, we have Egypt."
1011_t0134_s001,"If I could respond, Jim."
1018_t0087_s007,"$89 billion last year to the top 1 percent of Americans, but kids lost their after-school programs."
1029_t0110_s005,"The whole thing was a fraud, and it doesn’t work."
1031_t0293_s008,They’re closing.
1021_t0075_s001,"Well, thank you for the question."
1011_t0031_s002,Let me make sure the seniors hear me loud and clear.
1003_t0003_s008,"And that’s something I want to lead, something we haven’t had over the course of the past many years, even though the Vice President has been at least allegedly in charge of that war."
1019_t0185_s001,"I’ve been involved, as I mentioned to you before, in virtually every major national security challenge we’ve faced in the last 20-some years."
1025_t0265_s024,And I want to make sure that the next generation has those same opportunities.
1023_t0189_s017,How do we get schools to be more competitive?
1007_t0071_s013,He says on the one hand I am for it and on the other hand I may be against it.
1015_t0048_s003,And I honor their sacrifices.
1017_t0127_s002,I don’t know how you draw that line.
1011_t0097_s005,"Almost half of all the tax cut benefits, as I said under Governor Bush’s plan, go to the wealthiest 1%."
1022_t0141_s014,"And that’s his record, and that’s a matter of his record."
1033_t0247_s005,"And he said that, he said it — super predators."
1022_t0127_s006,"The average cost of a health care insurance plan in America today is $5,800."
1018_t0035_s004,It’s important that we do that.
1027_t0150_s009,"In Chicago, they’ve had thousands of shootings, thousands since January 1st."
1031_t0224_s001,"Well, he wants to shut down this country and I want to keep it open, and we did a great thing by shutting it down-"
1010_t0135_s015,"I want to talk about your responsibility, and your responsibility."
1006_t0102_s002,We have elections so people can make decisions about this.
1006_t0102_s008,"If people would say, well, he got elected to do this and then the Congress says, okay, I’m going to do it."
1015_t0042_s021,They’ve always had stakes in it.
1030_t0319_s005,Nobody does it right.
1003_t0050_s012,"And we have serious problems with our conventional forces at the present time, and they’ll get worse unless we have a president who is willing to make some of these decisions."
1010_t0015_s007,You’ve said publicly that it’s now three times the rate of inflation.
1007_t0123_s006,"I think what he should have done is gone before the American people on the front end and said listen, I made a commitment and it was wrong."
1031_t0334_s001,Why didn’t you do it over the last 25 years?
1017_t0009_s008,I vowed to our countrymen that I would do everything I could to protect the American people.
1014_t0004_s001,Mr.
1017_t0101_s019,Fewer water complaints since I’ve been the president.
1011_t0133_s012,"His targeted tax cut is so detailed, so much fine print that it is going to require numerous IRS agents."
1014_t0113_s016,"One, could our family endure all this business."
1031_t0226_s004,We just went through it.
1019_t0128_s013,They’re a member of the axis of evil.
1031_t0155_s003,"As you said, over seven million infected in the United States."
1029_t0226_s020,Bullying is up.
1023_t0167_s018,You obviously studied up on — on my plan.
1008_t0063_s002,"I believe they did the best they could under the circumstances, and let’s not forget that hundreds of thousands of lives were saved there."
1015_t0090_s021,And we’ve got a good strategy.
1013_t0025_s001,I do.
1023_t0174_s007,The Constitution and the Declaration of Independence.
1017_t0009_s016,"So I tried diplomacy, went to the United Nations."
1027_t0146_s022,The Trump International is way under budget and way ahead of schedule.
1033_t0232_s002,"We would say, ‘Come back in two years, three years — we’re going to give you a court case."
1022_t0021_s003,"Now, what I’ve done throughout this campaign is to propose a net spending cut."
1019_t0051_s002,We don’t yet know what our tax revenues are going to be.
1007_t0189_s004,It says we need to do better in terms of stimulating private business.
1008_t0059_s011,"When I took office, Haiti was governed by a dictator that had defied the United States."
1023_t0005_s007,The financial system had frozen up.
1027_t0242_s015,That’s diplomacy.
1018_t0018_s006,"Other senators, other congressmen choose other programs."
1022_t0043_s009,I have fought against spending.
1014_t0027_s026,"The people that work in Washington, D."
1011_t0113_s011,"I went to a school in Dade County, Florida where the facilities are so overcrowded the children have to eat lunch in shifts with the first shift for lunch starting at 9:30 in the morning."
1017_t0083_s012,We now have a $2.
1014_t0019_s018,"Allowing the new bill that was passed in the Congress made sense to allow for, you know, drugs that were sold overseas to come back and other countries to come back into the United States."
1031_t0491_s005,"But we’ve never accomplished it, but we’ve never walked away from it like he has done."
1031_t0758_s001,.
1023_t0049_s006,That’s the largest cut in the discretionary domestic budget since Dwight Eisenhower.
1025_t0222_s011,And that is parents.
1027_t0196_s020,I’ll go one step further.
1015_t0006_s001,"I, too, thank the University of Miami, and say our prayers are with the good people of this state, who’ve suffered a lot."
1029_t0192_s003,And Iran is killing ISIS.
1029_t0276_s023,We have to bring back our workers.
1014_t0113_s031,needs.
1013_t0163_s014,We have to provide leadership.
1010_t0065_s014,"We weren’t guaranteeing anything, anybody anything except the chance to prove they were qualified, the chance to prove that they could do it."
1022_t0116_s014,We should have physical fitness programs and nutrition programs in schools.
1014_t0038_s003,"Now, you’re — and the way it would happen is that under his plan, if a school was designated as failing, the kids would be trapped there for another three years and then some of them would get federal vouchers and the state would be forced to match those, that money."
1013_t0157_s016,"See, you know —"
1031_t0778_s001,I support .
1031_t0826_s002,"You know it can’t, and already, there’s been fraud deception and ."
1006_t0155_s010,I hope they’ll think it’s good that democracy and freedom is on the move.
1001_t0158_s002,"I support the farm bill, the 1985 farm bill and spending is moving in the right direction."
1021_t0033_s006,"I have a clear record of reaching across the aisle, whether it be Joe Lieberman or Russ Feingold or Ted Kennedy or others."
1015_t0098_s008,We can’t sanction them any more.
1014_t0142_s021,4 trillion surplus.
1025_t0050_s001,Governor —
1013_t0157_s014,"So it’s not a question of his heart, as far as I know."
1023_t0014_s015,"Energy is critical, and the president pointed out correctly that production of oil and gas in the U."
1030_t0187_s004,"But I am happy, in fact I’m thrilled to talk about the Clinton Foundation, because it is a world-renowned charity and I am so proud of the work that it does."
1011_t0134_s009,"And as for the surest way to threaten our prosperity, having a $1."
1026_t0139_s008,We then started to build up Afghan forces.
1014_t0023_s003,That adds up to 44 million people.
1017_t0033_s006,Didn’t bring in enough nation.
1033_t0284_s002,And you know what?
1026_t0006_s006,"We were together at a humorous event a little earlier, and it’s nice to maybe funny this time, not on purpose."
1023_t0160_s003,"Your example of the Cleveland Clinic is my case in point, along with several others I could describe."
1031_t0730_s005,.
1001_t0153_s003,But now we’ve got the lines too carefully drawn here.
1033_t0218_s007,It’s criminal.
1008_t0048_s014,Even though I have consistently opposed the legalization of drugs all my public life and worked hard against them.
1019_t0179_s011,"And I actually believe that we need missile defense, because of Iran and North Korea and the potential for them to obtain or to launch nuclear weapons, but I also believe that, when we are only spending a few hundred million dollars on nuclear proliferation, then we’re making a mistake."
1025_t0168_s010,"Now, we’ve got to make sure that we do it in a smart way and a comprehensive way, and we make the legal system better."
1013_t0038_s001,I thought that was a mistake.
1003_t0135_s008,"The point is that as we look at this nation’s future, and we have two very different visions of this future."
1030_t0037_s004,I don’t want to rip families apart.
1017_t0066_s017,You know what he did?
1033_t0184_s007,"Don’t forget, we’ve already approved three plans."
1015_t0030_s003,That’s my job.
1004_t0118_s009,Let me go back a minute to racial divisiveness.
1004_t0127_s003,"I’m the president that stood up and said, don’t mess with Social Security, and I’m not going to and we haven’t and we are not going to go after the Social Security recipient."
1022_t0088_s021,We were not involved.
1004_t0084_s005,Asia will be our largest trading partner in the future.
1026_t0068_s012,"And what I now want to do is to hire more teachers, especially in math and science, because we know that we’ve fallen behind when it comes to math and science."
1027_t0109_s001,… $4 billion tax benefit for your family.
1018_t0089_s019,And that is the result of this president taking his eye off of Osama bin Laden.
1017_t0066_s010,We took care of the safety issues.
1021_t0141_s017,"Iran went from zero centrifuges to develop nuclear weapons to 4,000."
1004_t0111_s002,"I saw the winds of hatred divide people and keep the people of my state poorer than they would have been, spiritually and economically."
1031_t0678_s001,That is not true.
1006_t0126_s013,So it’s that.
1031_t0226_s011,"If you look at Pennsylvania, if you look at certain states that have been shut down, they have Democrat governors, all, one of the reasons they shut down is because they want to keep it shut down until after the election on November 3rd."
1031_t0269_s001,We’ve had no negative effect.
1006_t0238_s022,Those children will all go to college.
1019_t0076_s001,"And I want to tell you that now that we will succeed and our troops will come home, and not in defeat, that we will see a stable ally in the region and a fledgling democracy."
1031_t0777_s001,"Oh, you don’t?"
1006_t0099_s018,"But if those Mom and Pop stores all get together and pool, they too can bring the cost of insurance down."
1019_t0179_s019,"It is important for us to understand that the way we are perceived in the world is going to make a difference, in terms of our capacity to get cooperation and root out terrorism."
1027_t0204_s009,"But we have to be cognizant of the fact that they’ve had foreign fighters coming to volunteer for them, foreign money, foreign weapons, so we have to make this the top priority."
1004_t0045_s006,"Now, if you study our international competitors, some of our international competitors collect up to $3."
1027_t0142_s001,Wrong.
1026_t0123_s010,They’re back away from a nuclear proliferation treaty that we had with them.
1008_t0124_s004,"I don’t know, I’m not questioning anybody."
1033_t0207_s001,"Children are brought here by coyotes and lots of bad people, cartels, and they’re brought here and they used to use them to get into our country."
1010_t0101_s001,"Well, I don’t have any quarrel with that."
1033_t0276_s003,I took care of Black colleges and universities.
1010_t0067_s016,This is America.
1011_t0123_s001,"You know, as governor, one of the things you have to deal with is catastrophe."
1013_t0004_s014,And we have to keep our military strong.
1022_t0155_s005,"Unfortunately, they left the money behind for No Child Left Behind."
1021_t0006_s014,"Do you know that we’ve laid a $10 trillion debt on these young Americans who are here with us tonight, $500 billion of it we owe to China?"
1018_t0069_s012,"Here’s what I’ll do: Number one, the borders are more leaking today than they were before 9/11."
1022_t0167_s006,And they were graphically demonstrated again today.
1010_t0014_s005,"Secondly, we’ve added a million more children to the ranks of the insured through the Medicaid program."
1015_t0077_s009,Under my leadership we’re going to win this war in Iraq.
1011_t0009_s011,It’s a difference between government making decisions for you and you getting more of your money to make decisions for yourself.
1018_t0018_s003,"He said, if it’s good enough for the congressmen and senators to have choice, seniors ought to have choice."
1030_t0078_s001,It’s pretty clear you won’t admit…
1031_t0501_s004,"Because you look back at your testimony over the years, you’ve called them a lot worse than that."
1017_t0112_s017,Less regulations if we want jobs here; legal reform if we want jobs here; and we’ve got to keep taxes low.
1004_t0063_s002,"I’ve already put forward things that’ll get this country working fast, some of which have been echoed here tonight–investment tax allowance, capital gains reduction, more on research and development, tax credit for first-time home buyers."
1027_t0077_s002,"com, and we’ve turned it into a fact-checker."
1008_t0043_s014,"They send it to Congress, and we have to vote it up or down."
1004_t0045_s010,But the people who will be helped the most by it are the working people who will get the jobs created because of this tax.
1004_t0136_s007,Now I’m back to square one.
1029_t0220_s022,"As usual, she talks about it, nothing happens."
1026_t0097_s004,We’re headed down to the low 200s if we go through a sequestration.
1001_t0150_s011,We shouldn’t do that.
1008_t0030_s007,"First of all, it’s a balanced budget amendment to the Constitution which President Clinton defeated."
1023_t0175_s011,But we also believe in maintaining for individuals the right to pursue their dreams and not to have the government substitute itself for the rights of free individuals.
1011_t0026_s001,It’s just clear you can go to the website and look.
1007_t0109_s002,"You know, I’d been in public life a long time and no one had ever questioned my role and so I was asked a lot of questions about things that happened a long time ago and I don’t think I answered them as well as I could have."
1014_t0048_s008,I’m not just talking.
1027_t0113_s009,Those are the kinds of things that will really boost the economy.
1031_t0838_s001,I’ll tell you what it means.
1033_t0087_s010,I have not had it.
1019_t0127_s004,"But I reserve the right, as president of the United States to meet with anybody at a time and place of my choosing if I think it’s going to keep America safe."
1017_t0071_s013,Is it a problem?
1030_t0128_s032,Our jobs are being sucked out of our economy.
1010_t0131_s005,And I can recall cases where people would cross the street rather than meet somebody in a wheelchair.
1015_t0062_s018,” Every life is precious.
1023_t0140_s005,And so the question is: Does anybody out there think that the big problem we had is that there was too much oversight and regulation of Wall Street?
1006_t0033_s001,Wait a minute.
1023_t0070_s004,You’ll never balance the budget by raising taxes.
1018_t0030_s012,"If you’re married, we reduced the marriage penalty."
1023_t0152_s017,"And the fact of the matter is that, when Obamacare is fully implemented, we’re going to be in a position to show that costs are going down."
1007_t0045_s002,"Bush said for a long time there was no recession, and then said it would be better to do nothing than to have a compromise effort with the Congress."
1001_t0056_s012,"I don’t see this, incidentally, as a Democrat or a Republican or a liberal or conservative idea."
1019_t0148_s016,But we have to have a president who is clear that you don’t deal with Russia based on staring into his eyes and seeing his soul.
1004_t0073_s008,We’ve got to make things here.
1017_t0017_s009,That’s the war against terror.
1029_t0163_s002,She has made bad judgment not only on taxes.
1007_t0020_s003,It’s a beautiful state.
1015_t0032_s005,We’ll never succeed in Iraq if the Iraqi citizens do not want to take matters into their own hands to protect themselves.
1010_t0011_s004,You do a lot of things nobody knows about.
1033_t0004_s020,"And I got better and I will tell you that I had something that they gave me — a therapeutic, I guess they would call it."
1008_t0074_s007,The President was opposed to it in 1993.
1018_t0020_s009,I’m going to change that.
1014_t0044_s017,"It requires testing of all new teachers, including in the subjects that they teach."
1001_t0090_s018,"I flew a combat mission, my last one was over Manila."
1025_t0145_s003,"He had a Democrat House, a Democrat Senate, super majority in both Houses."
1027_t0035_s008,"The biggest one, a multinational one known as CAFTA, I voted against."
1026_t0018_s001,Excuse me.
1023_t0015_s007,They are certainly in a better position to weather the extraordinary recession that we went through.
1027_t0206_s009,"But they wouldn’t have even been formed if they left some troops behind, like 10,000 or maybe something more than that."
1023_t0014_s005,But the president mentioned a couple of other ideas I’ll just note.
1017_t0132_s010,That’s a personal opinion.
1026_t0134_s001,"Well, that’s probably true."
1019_t0128_s017,They tested a nuke.
1033_t0245_s008,And don’t reach for the glove box because someone may shoot you.
1026_t0163_s003,"And the idea that has been suggested that I would liquidate the industry, of course not."
1025_t0150_s017,"What I was saying is, we’re not going to round up 12 million people, undocumented illegals, and take them out of the nation."
1006_t0244_s009,Our schools are now better.
1031_t0155_s012,He knew all the way back in February how serious this crisis was.
1027_t0160_s018,We need to have more second chance programs.
1010_t0045_s011,This is America.
1003_t0150_s002,I will not agree to another debate.
1029_t0204_s007,I’ve been reading now…
1015_t0098_s002,That’s exactly what Kim Jong Il wants.
1030_t0202_s011,And you take a look at the people of Haiti.
1019_t0184_s006,He is not captured.
1003_t0050_s003,"I don’t rule out modernization, and there are discussions going on now in the Congress, I know with the Pentagon, about a less expensive modernized land-based leg of the triad."
1021_t0057_s013,It’s going to be a little tougher because we’re talking about very complex and difficult issues.
1004_t0063_s003,"What I’m going to do is say to Jim Baker when this campaign is over, all right, let’s sit down now, you do in domestic affairs what you’ve done in foreign affairs, be kind of the economic coordinator of all the domestic side of the House, and that includes all the economic side, all the training side, and bring this program together."
1008_t0132_s021,"If I couldn’t cut taxes and balance the budget the same time, I wouldn’t look at you in the eye in your living room or wherever you might be and say that this is good for America."
1027_t0065_s003,” You can pick it up tomorrow at a bookstore…
1031_t0291_s002,"The fact is that he has in fact, worked on this in a way that he’s going to be the first president of the United States to leave office, having fewer jobs in his administration than when he became president."
1017_t0033_s005,The president did not do what was necessary.
1004_t0068_s011,I am going to protect the American taxpayer against the spend and tax Congress.
1017_t0083_s001,Let me begin by saying that my health-care plan is not what the president described.
1019_t0134_s002,"Nobody’s been talking about that, and Senator McCain knows it."
1001_t0145_s003,Mr.
1014_t0019_s003,"And therefore, when they have to try to purchase drugs they do so on their own, there’s no kind of collective bargaining, no power of purchasing among seniors."
1006_t0008_s011,"Number three, stop the federal government’s program that now gives low-interest loans and job training funds to companies that will actually shut down and move to other countries, but we won’t do the same thing for plants that stay here."
1021_t0039_s003,We are Americans.
1030_t0006_s014,"They are great scholars in all cases, and they’re people of tremendous respect."
1008_t0065_s003,Now I think we have a selective engagement policy.
1033_t0303_s003,And we’re told by all the leading scientists in the world we don’t have much time.
1001_t0016_s002,"And let me lay out for you my own strategy for bring that deficit down, because as a chief executive that’s balanced ten budgets in a row, I’ve had to make those tough decisions and those tough choices."
1004_t0047_s009,"9 Nobel Prize-winning economists and 500 others, including numerous Republican and Democratic business executives, have endorsed this approach because it offers the best hope to put America back to work and get our incomes rising instead of falling."
1031_t0503_s008,They have to be held accountable.
1029_t0140_s003,"In some cases, they’re murderers, drug lords, drug problems."
1006_t0240_s001,— that ain’t bad.
1001_t0140_s014,Do you know who J.
1025_t0029_s002,That’s the problem.
1003_t0171_s017,"We love you, and we’re grateful to you for everything that you’ve given to us."
1019_t0124_s015,Now here’s what we need to do.
1025_t0029_s001,But that’s not what you’ve done in the last four years.
1033_t0276_s006,"I mean, they can say anything."
1008_t0059_s017,We’ve also stood up to the new threats of terrorism.
1030_t0012_s002,"But there’s no doubt that I respect the Second Amendment, that I also believe there’s an individual right to bear arms."
1026_t0067_s017,"Latin America is a huge opportunity for us — time zone, language opportunities."
1014_t0055_s004,"And he ought to be proud of it, it’s part of his record."
1011_t0050_s011,"And Governor Bush has declared to the anti-choice groups that he will appoint justices in the mold of Scalia and Clarence Thomas, who are known for being the most vigorous opponents of a woman’s right to choose."
1026_t0199_s004,"Over the last four years we’ve made real progress digging our way out of policies that gave us two prolonged wars, record deficits and the worst economic crisis since the Great Depression."
1029_t0264_s002,"Well, you’re right."
1007_t0103_s007,"That’s kind of pathetic I have to do it — and nobody’s called me yet to come up, I might mention."
1013_t0075_s002,"I certainly don’t disagree that we ought to get our troops home from places like the Balkans as soon as we can, as soon as the mission is complete."
1027_t0125_s002,"For 40 years, everyone running for president has released their tax returns."
1025_t0245_s041,My priority is making sure that we get more people hired.
1018_t0053_s014,"Once a health-care program ends up in a line item in the federal government budget, it leads to more controls."
1033_t0020_s013,And you catch it.
1030_t0236_s006,"The New York Times actually wrote an article about it, but they don’t even care."
1004_t0042_s016,Mr.
1017_t0105_s003,But I thought it would cost a lot — I think there’s a better way to do it.
1011_t0048_s020,I hope the FDA took its time to make sure that American women will be safe who use this drug.
1003_t0072_s001,That’s not bad.
1031_t0090_s001,I beat him by a whole hell of a lot.
1022_t0152_s005,And we find bad teachers another line of work.
1007_t0153_s002,"They’re not correct and if you look at my life, until I got involved in this effort, I was one person."
1031_t0176_s003,Just a mask.
1022_t0136_s001,I would consider anyone in their qualifications.
1025_t0132_s015,"You might say, “Well, you got an example of one that worked better?"
1031_t0191_s002,That was said sarcastically.
1004_t0138_s019,"Every 4 years, they send you all kinds of messages to tell you how to vote and then go back to business as usual."
1018_t0081_s002,.
1027_t0166_s004,"These are very, very good people, and they’re protecting the Second Amendment."
1017_t0092_s007,And of course he’s going to raise your taxes.
1018_t0063_s003,"This is the same thing we heard — remember, I appeared on “Meet the Press” with Tim Russert in 1990-something."
1013_t0070_s019,But it was also military.
1015_t0029_s002,"We just read on the front pages of America’s papers that there are over 100,000 hours of tapes, unlistened to."
1022_t0026_s001,"Well, thank you, Bob."
1025_t0104_s006,"My chief of staff, for instance, had two kids that were still in school."
1010_t0080_s003,It covers the majority of the work force.
1031_t0551_s002,.
1029_t0142_s005,And I was making the point that it is hard sometimes to get the Congress to do what you want to do and you have to keep working at it.
1027_t0263_s010,There’s no doubt that we have other problems with Iran.
1006_t0011_s007,Mr.
1013_t0033_s010,In some of the discussions we’ve had about when it’s appropriate for the U.
1031_t0541_s001,"Law and order with justice, where people get treated fairly."
1030_t0328_s001,Such a nasty woman.
1031_t0842_s001,They’re not equipped.
1023_t0089_s005,So the way for us to deal with Medicare in particular is to lower health care costs.
1030_t0059_s002,And this used to be a bipartisan issue.
1010_t0062_s008,"Now all you got that tax cut, congratulations."
1017_t0006_s018,It’s — you’ve got to be consistent when you’re the president.
1019_t0004_s007,I also want to thank the University of Mississippi for hosting us tonight.
1023_t0206_s013,And it’s not just looking to our words that you have to take in evidence of where they go.
1027_t0133_s024,I have a great company.
1023_t0102_s002,And the president supports taking $716 billion out of that program.
1029_t0232_s003,"And what he has said about African-Americans and Latinos, about Muslims, about POWs, about immigrants, about people with disabilities, he’s never apologized for."
1033_t0353_s002,I represent all of you whether you voted for me or against me.
1004_t0127_s005,Perot on that because I don’t think we need to touch Social Security.
1013_t0112_s008,And that’s what’s gonna happen in the State of Texas.
1030_t0335_s020,"We are going to make America strong again, and we are going to make America great again, and it has to start now."
1030_t0065_s004,I think that would be a great benefit to us.
1033_t0099_s016,"You play by them or you’re going to pay the price for not playing by them, economically."
1029_t0117_s008,They’ll never be the same.
1027_t0133_s007,"And believe me, this country thinks it’s—really thinks it’s disgraceful, also."
1033_t0116_s007,"We were not going to have a steel industry, and now we have a steel industry."
1008_t0088_s004,I’ve supported the President when I thought he was right on Bosnia.
1011_t0139_s019,"I think it should stay in a lockbox, and I’ll tell you this."
1031_t0766_s001,"The final question is, I can’t remember which of all his rantings was the final question."
1017_t0029_s021,He didn’t.
1031_t0622_s002,"But I’ll tell you what, I’ll tell you what: somebody’s got to do something about Antifa and the left because this is not a right wing problem this is a left-wing."
1019_t0066_s001,The problem with a spending freeze is you’re using a hatchet where you need a scalpel.
1021_t0073_s008,So here’s what I would do.
1026_t0076_s004,"While I was governor, I was proud that our fourth graders came out number one of all 50 states in English, and then also in math."
1015_t0023_s001,"Yes, we have to be steadfast and resolved, and I am."
1013_t0095_s006,A jury found them guilty.
1022_t0157_s018,I think the Head Start program is a great program.
1026_t0046_s014,"But we did so in a careful, thoughtful way, making certain that we knew who we were dealing with, that those forces of moderation on the ground were ones that we could work with, and we have to take the same kind of steady, thoughtful leadership when it comes to Syria."
1006_t0033_s004,I’m not interested in his character.
1033_t0128_s011,Because he’s not going to do that.
1015_t0079_s019,Libya was a threat.
1013_t0002_s011,"I haven’t started naming names except for one person, and that’s Mr."
1011_t0113_s015,90% of our kids go to public schools.
1015_t0006_s009,Ten million people have registered to vote in Afghanistan in the upcoming presidential election.
1021_t0046_s010,"I’ve got some news, Senator Obama, the news is bad."
1031_t0498_s001,"You did a crime bill, 1994, where you called them super-predators."
1008_t0081_s018,"The bottom line is, we went in there alone."
1007_t0057_s015,But it is good for America to improve fuel efficiency.
1031_t0295_s001,I have to respond to that.
1029_t0142_s006,"And, yes, President Lincoln was trying to convince some people, he used some arguments, convincing other people, he used other arguments."
1033_t0083_s002,Show us.
1033_t0012_s001,"No, I think my timeline is going to be more accurate."
1003_t0157_s002,And the reason we’ve gotten it is because they see us now as unwilling to make the very kinds of unilateral cuts that have been called for and to go for the discredited freeze.
1014_t0131_s010,You’re stuck in a time warp in many ways.
1022_t0169_s012,In policies that will lift wages and will grow our middle class.
1027_t0252_s001,"It’s a good one, though."
1026_t0146_s004,You look at the record of the last four years and say is Iran closer to a bomb?
1021_t0073_s003,I can’t tell you how many people I meet who don’t have health insurance.
1021_t0046_s003,But he wants to raise taxes.
1023_t0141_s006,It wasn’t thought through properly.
1033_t0020_s019,9 of young people recover.
1018_t0022_s002,He been a senator for 20 years.
1004_t0095_s014,"So with all the talk about family values, I know about family values — I wouldn’t be here without them."
1027_t0152_s005,They would have won an appeal.
1033_t0217_s001,"Who built the cages, Joe?"
1003_t0040_s008,And I’m not the one that compared the President of the United States rotting from like a dead fish from the head down.
1015_t0034_s017,We didn’t guard the borders.
1019_t0002_s016,"Now, we also have to recognize that this is a final verdict on eight years of failed economic policies promoted by George Bush, supported by Senator McCain, a theory that basically says that we can shred regulations and consumer protections and give more and more to the most, and somehow prosperity will trickle down."
1017_t0090_s005,I am not going to raise taxes.
1015_t0138_s018,"I believe America’s best days are ahead of us because I believe that the future belongs to freedom, not to fear."
1001_t0103_s004,"Yes, I think it’s fine to do business with them."
1029_t0027_s009,Because we’ve seen this throughout the campaign.
1001_t0095_s009,I’m simply not going to do that.
1006_t0045_s009,Standing up against aggression.
1033_t0032_s005,She was dancing on the streets in Chinatown in San Francisco.
1026_t0201_s005,I’m excited about our prospects as a nation.
1004_t0140_s003,And I’d like to thank those of you who are watching.
1011_t0163_s009,A spirit of cooperation.
1033_t0338_s001,We actually do give it to solar and wind–
1025_t0146_s030,” That’s not true.
1013_t0197_s009,"And I remember you gave a very good answer to New Hampshire about the White Mountains, about how it was important to keep that collaborative effort in place."
1029_t0052_s009,"When I was on the Senate Armed Services Committee, I was privy to a lot of classified material."
1031_t0552_s002,.
1008_t0061_s017,"We agreed to train and arm the Muslims so they could defend themselves, the policy you had when you ran in 1992."
1006_t0013_s016,Some sophisticates think it may be a little gimmicky.
1004_t0138_s027,And I can’t tell you what it means to me at these rallies when I see you and you come up and the look in your eyes — and I know how you feel and you know how I feel.
1008_t0104_s013,"Now, it would have."
1015_t0070_s015,And our goal in my administration would be to get all of the troops out of there with a minimal amount you need for training and logistics as we do in some other countries in the world after a war to be able to sustain the peace.
1019_t0133_s009,"By the way, North Korea, most repressive and brutal regime probably on Earth."
1033_t0286_s009,They should be going into treatment.
1023_t0151_s008,"They put out a plan, a bipartisan plan."
1013_t0230_s012,I worry about morale in today’s military.
1022_t0130_s006,And don’t take my word for it.
1027_t0242_s014,"And my successor, John Kerry, and President Obama got a deal that put a lid on Iran’s nuclear program without firing a single shot."
1014_t0150_s001,"Well, Jim, I want to thank you and thank the folks here at Washington University and the vice president."
1004_t0142_s030,I hope I’ve earned your trust because a lot of being president is about trust and character.
1029_t0021_s002,"And I will tell you: No, I have not."
1017_t0081_s001,"Right, thank you for that."
1023_t0198_s004,I’ll do it again.
1019_t0164_s001,I — I just have to correct the record here.
1022_t0125_s015,"Here’s the problem — that for about 20 million people, you may find yourselves no longer having employer-based health insurance."
1013_t0081_s017,It means having intelligent decisions that keep our prosperity going and shepherds that economic strength so that we can provide that leadership role.
1010_t0014_s001,I will.
1025_t0007_s009,I know what it takes to get this economy going.
1010_t0088_s014,No insult ever cleaned up a toxic waste dump or helped an elderly person.
1011_t0086_s007,There is a problem.
1021_t0070_s010,I have fought time after time against these pork barrel — these bills that come to the floor and they have all kinds of goodies and all kinds of things in them for everybody and they buy off the votes.
1027_t0226_s001,Just—would you like to hear…
1033_t0051_s004,"You need to be able to, for example, if you’re gonna open a business, have social distancing within the business."
1008_t0065_s020,"It’s just like you said in Texas one day, you know raised taxes too much, and you did, and you cut defense too much, Mr."
1025_t0258_s001,Barry?
1031_t0634_s001,"You know what, Antifa is a dangerous radical group."
1006_t0097_s009,"So we have to have, in my judgment, a drastic simplification of the basic health insurance policies of this country, be very comprehensive for everybody."
1025_t0188_s010,That’s not what we do.
1008_t0050_s008,You resisted the appointment of a drug czar there because you thought it might interfere with treatment.
1011_t0107_s005,It’s a fundamental difference of opinion.
1015_t0004_s002,"But before I answer further, let me thank you for moderating."
1025_t0111_s002,And I appreciate that question.
1023_t0167_s001,"Which is — which is my experience as a governor is if I come in and — and lay down a piece of legislation and say, “It’s my way or the highway,” I don’t get a lot done."
1015_t0140_s024,I ask for your vote.
1025_t0245_s043,The reason incomes are down is because unemployment is so high.
1007_t0160_s010,"And I believe if we have a good balanced approach, we can get the good banks loaning money again, end the credit crunch, have proper regulation on the ones that are in trouble, and not overreact."
1015_t0123_s005,It’s a big mistake to do that.
1031_t0569_s001,"No, no."
1006_t0013_s015,I’ve proposed another one.
1022_t0032_s002,Another one would be a number of subsidies for ethanol.
1019_t0135_s001,So let me get this right.
1006_t0164_s016,So we’ve got to innovate through school choice.
1027_t0071_s005,"And by the way, my tax cut is the biggest since Ronald Reagan."
1007_t0148_s001,"No, I don’t."
1008_t0054_s018,"If we’re going to protect American children and American families and people who live as prisoners in their own home, we’ve got to stop guns from being dumped on the street."
1030_t0113_s001,"… and admirals, 21 endorsing me, 21 congressional Medal of Honor recipients."
1031_t0074_s001,I’ll give you an example.
1031_t0828_s003,.
1026_t0194_s018,"Look, I love to — I love teachers, and I’m happy to have states and communities that want to hire teachers do that."
1003_t0085_s007,"But I also see a tremendous opportunity now to negotiate with the Soviet Union to build on the progress that we’ve made with the INF Treaty, which I strongly supported and most Democrats did to get those reductions in strategic weapons, to get a test ban treaty, and to really make progress on the reduction of conventional forces in Europe."
1029_t0188_s007,Not good.
1019_t0047_s004,"But here’s the problem: If we are giving them to oil companies, then that means that there are those who are not going to be getting them."
1007_t0205_s008,"Now, you got to stop letting these people tell you who to vote for, you got to stop letting these folks in the press tell you you’re throwing your vote away — you got to start using your own head."
1003_t0160_s013,But I’m somebody who believes very strongly in taking care of the fundamentals first before you start new stuff.
1018_t0039_s015,I will not.
1001_t0050_s021,I’m not questioning his patriotism.
1015_t0010_s003,"But we also have to be smart, Jim."
1007_t0201_s010,I just believe it’s time to change.
1014_t0032_s002,I wish I knew the law because I would darn sure sign it.
1026_t0065_s006,"But what we also have been able to do is position ourselves so we can start rebuilding America, and that’s what my plan does."
1022_t0141_s009,"And then, on the floor of the State Senate, as he did 130 times as a state senator, he voted present."
1006_t0119_s003,If the question — maybe I — get it wrong.
1006_t0090_s008,"And I think you get a certain arrogance, bureaucratic arrogance, if people stay there too long."
1030_t0265_s007,Mosul is on the border of Syria.
1026_t0185_s004,"You were very clear that you would not provide, government assistance to the U."
1015_t0052_s014,"And meanwhile, North Korea has got nuclear weapons."
1031_t0696_s001,"No, but you would take a lot of cars off the market because people would be able to afford a car."
1022_t0019_s004,Where are companies going to go where they can create jobs and where they can do best in business?
1018_t0067_s016,That has the benefit of making sure our employers aren’t breaking the law as they try to fill their workforce needs.
1007_t0039_s001,"Well, no, but the point is that’s a subjective thing."
1011_t0156_s007,"And that’s one of the reasons I’ve said before, and I’ll pledge here tonight, if I’m president, the very first bill that Joe Lieberman and I will send to the United States Congress is the McCain-Feingold campaign finance reform bill."
1030_t0309_s023,So we have to use our great people.
1031_t0784_s028,It won’t happen.
1021_t0123_s007,We have to do a lot of things.
1018_t0061_s010,I have a record of fighting for fiscal responsibility.
1023_t0073_s004,That is not a recipe for growth.
1013_t0167_s001,A brown field is an abandoned industrial site that just sits idle in some of our urban centers.
1021_t0080_s006,All I’m going to do is help you to lower the premiums on it.
1033_t0195_s004,They’re not going to be able to make it back.
1025_t0125_s009,"Making sure that we are controlling our own energy, but not only the energy of today, but also the energy of the future."
1018_t0028_s004,I’ve acknowledged that in union halls across the country.
1008_t0030_s004,"This is a Main Street tax cut, 15 percent across — let’s take a family making $30,000 a year, that’s $1261."
1031_t0373_s002,Number two-
1007_t0205_s026,"Finally, to you students up there — God bless you, I’m doing this for you: I want you to have the American dream."
1010_t0075_s003,That’s the problem with it.
1014_t0019_s007,It’s kind of like a political issue as opposed to a people issue.
1031_t0812_s006,"What we’re saying is, they’re saying is that it has to be a postmark by the time, by election day."
1025_t0260_s013,I — I served as a missionary for my church.
1007_t0035_s001,I don’t think that’s true at all.
1004_t0140_s006,"I’d like to thank the hundreds of executives who came to Chicago, a third of them Republicans, who said they wanted to change."
1017_t0098_s004,He voted 98 times to raise taxes.
1023_t0139_s006,You had credit agencies that were stamping these as A1 great investments when they weren’t.
1033_t0193_s001,"If I get elected, I’m not gonna — I’m running as a proud Democrat, but I’m gonna be an American president."
1003_t0069_s010,And so you saw ten grandchildren there jumping all over their grandfather at the convention.
1013_t0099_s001,"Well, I think we need tough enforcement of the civil rights laws."
1031_t0786_s014,So don’t tell me about a free transition.
1017_t0081_s015,"Everybody got tax relief, so that they get out of the recession."
1008_t0143_s032,"Ortilano, J."
1026_t0069_s005,"And the kinds of budget proposals that you’ve put forward, when we don’t ask either you or me to pay a dime more in terms of reducing the deficit, but instead we slash support for education, that’s undermining our long-term competitiveness."
1033_t0193_s008,They allowed the federal government to deficit spend to compensate for the United States of America.
1017_t0009_s003,The hardest decision a president makes is ever to use force.
1019_t0179_s016,That’s going to be critical.
1017_t0083_s003,You have choice.
1027_t0289_s001,I didn’t say that.
1015_t0006_s004,We pursued Al Qaida wherever Al Qaida tries to hide.
1001_t0030_s008,But we’ve got to keep going forward without killing off the engine and throwing people out of work.
1030_t0071_s017,And she’s playing chicken.
1023_t0062_s013,It’s not just Donald Trump you’re taxing.
1003_t0045_s006,But it’s very important.
1031_t0465_s001,That’s not true.
1027_t0192_s001,"Well, it was very—I say nothing."
1031_t0752_s001,What he did is he said.
1029_t0293_s013,"But she does fight hard, and she doesn’t quit, and she doesn’t give up."
1011_t0003_s016,I believe it’s important to resist the temptation to squander our surplus.
1017_t0163_s007,9 million new jobs over the past 13 months.
1015_t0118_s017,My opponent opposed the missile defenses.
1006_t0092_s003,"I believe, number one, it would pose a real problem for a lot of smaller states in the Congress who have enough trouble now making sure their interests are heard."
1018_t0100_s018,"And there were many people, like myself, who opposed quotas, who felt there were places where it was overreaching."
1006_t0015_s008,"Now, it’s not the Republicans’ fault, of course, and it’s not the Democrats’ fault."
1014_t0066_s001,Good.
1001_t0120_s003,Clearly nobody’s going to think the president started out thinking he was going to trade arms for hostages.
1007_t0197_s004,"So I am still focussed on gridlock, I guess."
1015_t0004_s013,But I also know how to lead those alliances.
1019_t0151_s005,"By the way, I went there once, and we went inside and drove in, and there was a huge poster."
1029_t0144_s001,… with the Russians and other foreign powers.
1001_t0056_s008,The government has a role.
1019_t0116_s008,Our troops have performed brilliantly.
1007_t0010_s012,"Now, it’s hard to out-spend Congress but he tried to for the last 3 years."
1014_t0129_s008,"Now, the tax relief that I propose is directed specifically at middle-income individuals and families."
1025_t0069_s001,"Candy, Candy —"
1031_t0700_s018,"More, more carbon is absorbed in that rainforest than every bit of carbon that’s emitted in the United States."
1006_t0015_s001,"Well, we’re $4 trillion in debt."
1010_t0097_s001,I’m just curious.
1008_t0070_s004,Then Cuba shot down two of our planes and murdered four people in international air space.
1022_t0157_s023,"That was, of course, out-of-bounds by the Democrats."
1008_t0032_s002,"It’s a $550 billion tax scheme that will cause a big hole in the deficit which will raise interest rates and slow down the economy and cause people to pay more for home mortgages, car payments, credit card payments, college loans, and small business loans."
1015_t0062_s009,"You know, it’s hard work to try to love her as best as I can, knowing full well that the decision I made caused her loved one to be in harm’s way."
1029_t0129_s016,We have it on tape.
1013_t0046_s003,"It was in the previous administration, in the Bush-Quayle administration, and I think in retrospect the lessons there are ones that we should take very, very seriously."
1010_t0009_s006,And we’ve gotten some real progress in the last four years.
1001_t0124_s010,"How does it look in a program he called or some one of these marvelous Boston adjective up there and-about Angola-now, we have a chance-several Bostonians don’t like it, but the rest of the country will understand."
1033_t0301_s001,And we haven’t destroyed our industries.
1010_t0065_s004,"But because I still believe that there is some discrimination and that not everybody has an opportunity to prove they’re qualified, I favor the right kind of Affirmative Action."
1004_t0016_s008,"When youâ€™re a senior official in the federal government spending billions of dollars in taxpayerâ€™s money and youâ€™re a mature individual and you make a mistake, then that was on our ticket."
1025_t0249_s005,"Number two, by stealing our intellectual property; our designs, our patents, our technology."
1021_t0143_s006,I know that I wouldn’t be standing here if it weren’t for the fact that this country gave me opportunity.
1007_t0073_s003,"His whole deal is you’ve gotta be for it or against it, you can’t make it better."
1033_t0190_s005,This HEROES Act has been sitting there.
1007_t0012_s009,"Yes, I did."
1030_t0049_s002,There also is necessarily going to be new technology and how best to deploy that.
1018_t0061_s018,And we’re going to be fiscally responsible.
1003_t0144_s026,I’m an environmentalist.
1027_t0079_s004,And I think it’s time that the wealthy and corporations paid their fair share to support this country.
1019_t0133_s007,And so we just have a fundamental difference of opinion.
1006_t0121_s001,I’m not sure I get — help me with the question and I’ll try to answer it.
1003_t0032_s011,"Now, we have just heard two or three times from the vice president: he’s not going to raise taxes."
1022_t0148_s008,But that does not mean that we will cease to protect the rights of the unborn.
1001_t0056_s020,Maybe we need to do a better job in mental clinics to help them.
1030_t0281_s001,"… as he has campaigned for me around the country, you are the most dangerous person to run for president in the modern history of America."
1031_t0551_s001,.
1011_t0093_s004,I was one of only a few Democrats in the Senate to support the Persian Gulf War.
1014_t0111_s004,"Sometimes people who are very idealistic and have great dreams, as young people do, are apt to stay at arm’s length from the political process because they think their good hearts might be brittle, and if they invest their hopes and allow themselves to believe, then they’re gonna be let down and disappointed."
1023_t0179_s005,"My own view, by the way, is I’ve added to that."
1011_t0041_s010,"I think we need to get serious about this energy crisis, both in the Congress and in the White House, and if you entrust me with the presidency, I will tackle this problem and focus on new technologies that will make us less dependent on big oil or foreign oil."
1030_t0135_s003,I also will not add a penny to the debt.
1004_t0092_s005,"I urged the president to support this air cover, and he did–and I applaud that."
1008_t0046_s002,Get people who don’t have any interest in politics but understand the issue and let them make the recommendation to Congress.
1029_t0027_s014,"So, yes, this is who Donald Trump is."
1004_t0073_s013,"When we think of Russia, remember we’re thinking of many countries, now."
1033_t0191_s006,"But what that does, everybody all over the world will start pouring into our country."
1029_t0276_s021,"They’ll pay off our tremendous budget deficits, which are tremendous."
1006_t0190_s010,They know what it’s like not to have family leave or childcare.
1008_t0030_s010,"It’s a tax cut, cutting capital gains 50 percent."
1008_t0065_s010,"And it seems to me that when you make a decision, the decision is made by the President of the United States, by the Commander-in-Chief."
1030_t0236_s012,But I think they’re going to see through it.
1011_t0148_s010,"I see it all the time when people come up to me and say, I don’t want you to let me down again."
1031_t0761_s001,I would never say that.
1026_t0067_s004,The president said by now we’d be a 5.
1014_t0105_s016,And so I don’t support censorship.
1021_t0068_s001,Sure.
1010_t0025_s004,We only have ten divisions now.
1019_t0153_s006,Two points I think are important to think about when it comes to Russia.
1004_t0052_s017,Look at the misery index when the Democrats had both the White House and the Congress.
1027_t0171_s009,"And so we need to do a better job of working, again, with the communities, faith communities, business communities, as well as the police to try to deal with this problem."
1008_t0008_s009,"If you made 25,000 as the original proposal, you got your Social Security taxes increased."
1006_t0182_s001,I just want to mention if I could —
1029_t0220_s013,She called it the gold standard.
1007_t0087_s005,I don’t agree with that.
1004_t0095_s015,"The best expression of my family values is that tonight’s my 17th wedding anniversary, and I’d like to close my question by just wishing my wife a happy anniversary, and thank you, my daughter, for being here."
1017_t0127_s003,"But let me tell you, point blank, the lines of stem cells that he’s made available, every scientist in the country will tell you, “Not adequate,” because they’re contaminated by mouse cells, and because there aren’t 60 or 70 — they’re are only about 11 to 20 now — and there aren’t enough to be able to do the research because they’re contaminated."
1033_t0311_s001,Solar.
1031_t0786_s041,An election could be won or lost with that.
1017_t0132_s008,I think that’s an example of a judge allowing personal opinion to enter into the decision-making process as opposed to a strict interpretation of the Constitution.
1018_t0102_s001,"Well, first of all, it is just not true that I haven’t met with the Black Congressional Caucus."
1004_t0077_s020,And we’re going to keep on doing that.
1031_t0282_s013,He will destroy this country.
1025_t0024_s013,"And that means, yes, we still continue to open up new areas for drilling."
1027_t0040_s001,And I have been a secretary of state…
1011_t0143_s003,Could we do another round on it?
1027_t0204_s012,"And I think we need to go after Baghdadi, as well, make that one of our organizing principles."
1030_t0256_s018,They want to look good.
1033_t0073_s016,So what’s going on here?
1006_t0151_s020,We had a guarantee — and what happened?
1026_t0068_s006,That’s not the kind of small business promotion we need.
1013_t0153_s001,"Well, I don’t know about all these percentages that he throws out, but I do know that — I speculate that the reason why he didn’t answer your question directly as to whether my numbers were right, the facts were right about Texas ranking dead last in families with health insurance and 49th out of 50 for both children and women, is because those facts are correct."
1010_t0024_s003,"I also presented to the Congress and they adopted a large package of quality-of-life improvements, which are very important."
1022_t0016_s004,"So, look, nobody likes taxes."
1015_t0127_s003,It sort of brought home the transition to democracy that Russia was trying to make.
1029_t0108_s003,Once we break out—once we break out the lines and allow the competition to come…
1017_t0037_s007,"Meanwhile, while Iran is moving toward nuclear weapons, some 37 tons of what they called yellow cake, the stuff they use to make enriched uranium, while they’re doing that, North Korea has moved from one bomb maybe, maybe, to four to seven bombs."
1033_t0245_s013,"That we hold these truths to be self-evident, all men and women are created equal."
1001_t0085_s013,"But itÏ€s not going to be dedicated by some federal bureaucracy in Washington, D."
1004_t0063_s005,"Nobody wants gridlock anymore, and so let’s get the program through."
1015_t0010_s008,And they believe it because they know I would not take my eye off of the goal: Osama bin Laden.
1026_t0035_s001,…of forces agreement at the end of the conflict that existed.
1021_t0099_s016,"We need to help the Pakistani government go into Waziristan, where I visited, a very rough country, and — and get the support of the people, and get them to work with us and turn against the cruel Taliban and others."
1033_t0353_s009,We can grow this economy.
1025_t0247_s009,"One of his big ideas when it comes to corporate tax reform would be to say, if you invest overseas, you make profits overseas, you don’t have to pay U."
1001_t0025_s015,"So, it isn’t that we’re taking too little – from taxpayer – we’re spending too much still."
1010_t0068_s011,"No preferences to unqualified people, no quotas, but don’t give up on making an extra effort until you’re sure everybody has a chance to prove they’re qualified."
1004_t0090_s007,Everybody went.
1019_t0148_s007,"And we also have to affirm all the fledgling democracies in that region, you know, the Estonians, the Lithuanians, the Latvians, the Poles, the Czechs, that we are, in fact, going to be supportive and in solidarity with them in their efforts."
1013_t0224_s001,"I think that what — I think the point of that is that anybody would have a hard time trying to make a tax cut plan that is so large, that would put us into such big deficits, that gives almost half the benefits to the wealthiest of the wealthy."
1015_t0044_s022,” They’re not going to follow somebody who says this is the wrong war at the wrong place at the wrong time.
1006_t0213_s002,These are people that I just happen to know and have a high regard for.
1004_t0102_s012,But where we’re not making it is with the confirmed addicts.
1030_t0051_s006,As far as moving these people out and moving—we either have a country or we don’t.
1011_t0044_s001,"If I may just briefly, Jim, note."
1018_t0047_s006,I came to Washington to solve problems.
1027_t0133_s037,And it’s politicians like Secretary Clinton that have caused this problem.
1011_t0115_s008,"You can say you do to the cameras but you don’t, unless you’ve changed your plan here on the stage."
1019_t0035_s012,Look at them.
1018_t0033_s004,He voted to violate the budget cap 277 times.
1019_t0113_s020,That’s going to change when I’m president of the United States.
1006_t0015_s032,Today it will take 12 generations.
1022_t0060_s005,"The notion, though, that because we’re not doing town hall meetings that justifies some of the ads that have been going up, not just from your own campaign directly, John, but 527s and other organizations that make some pretty tough accusations, well, I don’t mind being attacked for the next three weeks."
1018_t0105_s007,"I was taught — I went to a church school and I was taught that the two greatest commandments are: Love the Lord, your God, with all your mind, your body and your soul, and love your neighbor as yourself."
1022_t0026_s003,"During the Depression era, we had a thing called the home ownership loan corporation."
1023_t0133_s009,There’ve been 122 community and small banks have closed since Dodd- Frank.
1026_t0150_s004,So my attitude coming into office was that we are going to insist that China plays by the same rules as everybody else.
1031_t0770_s002,.
1031_t0495_s003,What did he do?
1027_t0150_s017,We have to bring back law and order.
1029_t0269_s003,"But I believe there should be comprehensive background checks, and we should close the gun show loophole, and close the online loophole."
1022_t0110_s001,"Well, you know, I admire so much Senator Obama’s eloquence."
1006_t0088_s002,I’ll be glad to respond.
1023_t0206_s014,You can look at the record.
1031_t0666_s005,Like a lot of people we know at home had a drug problem.
1015_t0140_s004,"That’s not going to happen, so long as I’m your president."
1003_t0042_s004,And this is something Republicans have used for a long time.
1014_t0075_s016,"In the Senate I was one of only ten Democrats, along with Senator Joe Lieberman, to support Governor Bush’s dad in the Persian Gulf War Resolution."
1004_t0002_s006,The thing that separates my candidacy and makes it unique is that this came from millions of people in 50 states all over this country who wanted a candidate that worked and belonged to nobody but them.
1030_t0065_s007,"They have hacked American websites, American accounts of private people, of institutions."
1017_t0073_s016,"And finally, he said he’s going to have a novel health care plan."
1031_t0657_s006,.
1001_t0083_s007,Think about that father down there in Houston who has to tell his youngster that he can’t play little league ball that he can’t go out on the ball field because he’s afraid he’s going to get hurt.
1025_t0183_s001,Now Governor Romney had a very different response.
1008_t0112_s003,I believe you can protect the environment and grow the economy.
1006_t0172_s024,These big factories?
1018_t0089_s017,The fact is that he did not choose to go to war as a last result.
1007_t0095_s002,I think Ross is right and that we do need some more restrictions on lobbyists.
1006_t0228_s001,National Institutes of Health.
1027_t0133_s023,I am very underleveraged.
1011_t0070_s013,"Now, we have to take measured steps because the sentiment within Serbia is, for understandable reasons, against the United States because their nationalism — even if they don’t like Milosevic, they still have some feelings lingering from the NATO action there."
1031_t0684_s010,"In addition to everything else, the forest floors are loaded up with trees, dead trees that are years old and they’re like tinder and leaves and everything else."
1015_t0042_s007,"He went to Cincinnati and he gave a speech in which he said, “We will plan carefully."
1017_t0039_s022,"That’s why in my speech to the Congress I said: There’s an “Axis of Evil,” Iraq, Iran and North Korea, and we’re paying attention to it."
1031_t0663_s001,He made a fortune.
1004_t0010_s012,I would hate to be running for president and think that the only way I could win would be to convince everybody how horrible things are.
1033_t0065_s016,Don’t tell me about Wall Street.
1010_t0025_s001,"I don’t disagree with anything that the President said, except he waited four years to do these things, and my view is it ought to be, it will be done on Day 1."
1019_t0094_s001,They just passed an electoral…
1011_t0165_s019,She has Social Security.
1010_t0055_s002,Gingrich also were recommending that we pass these tax cuts only insofar as we could pay for them.
1031_t0161_s001,It’s so wrong.
1021_t0033_s005,I know how to do that.
1027_t0087_s002,You know what?
1025_t0222_s013,"Wherever possible the — the benefit of having two parents in the home, and that’s not always possible."
1027_t0146_s001,"So, yeah, I think—I do think it’s time."
1030_t0329_s005,That will have dire consequences for Social Security and Medicare.
1004_t0082_s019,And I’m not going to do it.
1025_t0222_s020,"Which was a program under this administration, and how it worked exactly I think we don’t know precisely, where thousands of automatic, and AK-47 type weapons were — were given to people that ultimately gave them to — to drug lords."
1033_t0328_s008,That’s why so many people in my state were dying and getting cancer.
1006_t0045_s002,"I mean, I think in general, let’s talk about these issues."
1025_t0103_s003,"And I — and I went to my staff, and I said, “How come all the people for these jobs are — are all men."
1026_t0067_s002,"And when it comes to our economy here at home, I know what it takes to create 12 million new jobs and rising take-home pay."
1004_t0038_s012,And so I simply do not think we should go back to the isolation days and starting blaming foreigners.
1010_t0088_s015,"Now, for four years that’s what I worked on."
1023_t0024_s010,But that — that is not the case.
1013_t0193_s003,Vice President.
1030_t0008_s007,"Because I support the Second Amendment doesn’t mean that I want people who shouldn’t have guns to be able to threaten you, kill you or members of your family."
1014_t0090_s008,"That’s why I’m for instant background checks at gun shows, I’m for trigger locks, I think that makes sense."
1025_t0012_s003,"Number one, I want to build manufacturing jobs in this country again."
1018_t0041_s006,It’s a brutal practice.
1004_t0066_s014,Give me a chance to do that.
1021_t0041_s014,And the last point I just want to make.
1015_t0133_s002,I don’t take it personally.
1003_t0078_s013,I know others disagree with it.
1026_t0112_s023,"In the meantime, though, we’re not going to let up the pressure until we have clear evidence that that takes place."
1023_t0042_s004,My plan is not to put in place any tax cut that will add to the deficit.
1017_t0161_s003,Obviously the president and I both have very strong convictions.
1018_t0074_s018,And we had an initiative that we were working on to raise women’s pay.
1007_t0162_s002,It is sound.
1031_t0176_s007,What we trust is a scientist.
1019_t0153_s009,That made no sense whatsoever.
1026_t0059_s002,"And if we’re strong in each of those things, American influence will grow."
1014_t0029_s001,Follow-up?
1019_t0153_s018,"What we’re going to have to do is to approach it through alternative energy, like solar, and wind, and biodiesel, and, yes, nuclear energy, clean-coal technology."
1027_t0010_s005,And the kind of plan that Donald has put forth would be trickle-down economics all over again.
1029_t0142_s007,That was a great—I thought a great display of presidential leadership.
1013_t0141_s019,Love your neighbor like you would like to be loved yourself.
1017_t0011_s003,The world is more dangerous today.
1025_t0006_s001,"Thank you, Jeremy."
1017_t0021_s020,I meet with them all the time.
1007_t0008_s001,"The basic problem with it, it doesn’t balance the budget."
1029_t0276_s027,The EPA is so restrictive that they are putting our energy companies out of business.
1022_t0108_s009,"We can only get 4,000 to 5,000 into South Korea."
1025_t0131_s012,This was the president’s plan.
1007_t0012_s010,And the American taxpayer ought to be glad they have a president to stand up to a spending Congress.
1011_t0083_s007,"And finally, whether or not there was an exit strategy."
1017_t0020_s010,"Now, I have to tell you, I would do something different."
1031_t0087_s001,Are you saying you didn’t agree?
1014_t0133_s003,It’s an issue that good people obviously disagree on.
1033_t0290_s006,We lost an election.
1013_t0139_s003,"I think states should do that for new handguns, because too many criminals are getting guns."
1017_t0115_s009,Taxes are going up when you run up the top two brackets.
1006_t0242_s003,I’ll see you tomorrow night — on NBC — 10:30 to 11:00 Eastern Time.
1006_t0172_s002,"And the first word you need to say in every city and state, and just draw a line in the sand, is public schools exist for the benefit of the children."
1013_t0161_s019,And our state cares a lot about our children.
1033_t0018_s002,"And he did it late, after 40 countries had already done that."
1018_t0089_s014,"He said in Cincinnati we would plan carefully, we would take every precaution."
1031_t0638_s009,But now we’re building it back up again.
1015_t0104_s001,That’s a loaded question.
1033_t0055_s006,"They are the states in the Midwest, they are the states in the upper Midwest, that’s where the spike is occurring significantly, but they’re all Americans."
1004_t0080_s013,Open your society.
1006_t0132_s007,"When the businesses go bankrupt, I know them."
1021_t0143_s013,Wages and incomes have gone down.
1011_t0156_s005,"And incidentally, one of them is this."
1017_t0110_s023,And we’re going to put our laboratories and our colleges and our universities to work.
1017_t0087_s007,Do you know what he presented us with?
1029_t0226_s003,"Carter, I have tried my entire life to do what I can to support children and families."
1011_t0117_s005,"Stop this business about asking gosh, how old are you?"
1001_t0133_s002,Vice President.
1029_t0009_s010,So that’s why I hope that we will come together in this campaign.
1017_t0112_s019,"Do you realize, 900,000 small businesses will be taxed under his plan because most small businesses are Subchapter S corps or limited partnerships, and they pay tax at the individual income tax level."
1030_t0256_s011,They’ve all left.
1013_t0002_s016,I’ve been able to set clear goals.
1025_t0131_s017,He hasn’t even made a proposal on either one.
1008_t0074_s019,"So there are a lot of good things in this bill we should have done instead of trying this massive, massive takeover by the Federal government."
1033_t0018_s007,We have to thank him.
1022_t0088_s003,Ayers has become the centerpiece of Senator McCain’s campaign over the last two or three weeks.
1003_t0171_s019,"Thank you, and God bless you."
1033_t0079_s008,I paid in advance.
1029_t0140_s018,Come right over.
1023_t0047_s005,"Unfortunately, he doubled it."
1007_t0205_s006,Question really is who do you want in the White House.
1018_t0028_s013,"And when I’m president, we’re going to shut that loophole in a nanosecond and we’re going to use that money to lower corporate tax rates in America for all corporations, 5 percent."
1025_t0014_s016,My plan was to have the company go through bankruptcy like 7-Eleven did and Macy’s and Condell Airlines and come out stronger.
1017_t0134_s006,"I don’t believe we need a good conservative judge, and I don’t believe we need a good liberal judge."
1019_t0124_s018,"But we are also going to have to, I believe, engage in tough direct diplomacy with Iran and this is a major difference I have with Senator McCain, this notion that by not talking to people we are punishing them has not worked."
1031_t0549_s004,"If you look at New York where it’s going up, like nobody’s ever seen anything."
1023_t0144_s015,"Second reason, it cuts $716 billion from Medicare to pay for it."
1021_t0096_s003,"So what happened was we got distracted, we diverted resources, and ultimately bin Laden escaped, set up base camps in the mountains of Pakistan in the northwest provinces there."
1013_t0070_s014,We got intimately involved in building NATO and other structures there.
1001_t0061_s018,But governors are ready; mayors are ready.
1030_t0121_s003,And defend yourself.
1015_t0016_s018,We will succeed.
1017_t0021_s024,Our plan is working.
1010_t0131_s011,"We shouldn’t discriminate — race, color, whatever — life-style, disability."
1021_t0143_s024,You’re last up.
1022_t0107_s006,It’s mortgaging our children’s future.
1023_t0129_s005,You couldn’t have people opening up banks in their — in their garage and making loans.
1014_t0148_s022,"Highest private home ownership ever, but I’ll make you one promise here."
1025_t0042_s001,Here’s what happened.
1019_t0032_s006,And I pay for every dime of it.
1003_t0042_s001,"Well, Margaret, we’ve heard it again tonight and I’m not surprised, the labels."
1018_t0111_s003,I love the strong women around me.
1030_t0110_s004,"The bottom line on nuclear weapons is that when the president gives the order, it must be followed."
1033_t0004_s019,"I can tell you from personal experience that I was in the hospital, I had it."
1007_t0103_s001,I’ve volunteered.
1004_t0082_s013,"He says don’t do it, but the policies he’s expounding of putting conditions on M."
1021_t0036_s016,We do need to look at our records.
1017_t0137_s002,"First of all, I cannot tell you how deeply I respect the belief about life and when it begins."
1027_t0061_s002,And I think it’s important to look at what we need to do to get the economy going again.
1014_t0062_s006,"If you want somebody who will fight for you and who will fight to have middle-class tax cuts, then I am your man."
1008_t0100_s021,Why shouldn’t low income Americans and low middle income Americans.
1017_t0101_s001,Off-road diesel engines — we have reached an agreement to reduce pollution from off-road diesel engines by 90 percent.
1030_t0157_s005,And you do have experience.
1027_t0196_s005,It doesn’t work that way.
1007_t0117_s003,I did it for the very reasons you say.
1015_t0021_s003,"I don’t see how you can lead this country to succeed in Iraq if you say wrong war, wrong time, wrong place."
1029_t0045_s001,In the first debate…
1004_t0016_s007,Or did they occur while you were a senior official in the federal government?
1018_t0098_s012,And most of the law enforcement agencies in America wanted that assault weapons ban.
1029_t0119_s006,And we’ve had many successful Muslims.
1011_t0140_s002,He puts no real assets into the Social Security system.
1014_t0081_s015,"The trends before we — before I got my current job were on the decline, the number of divisions were reduced."
1029_t0029_s002,I assume I am.
1006_t0236_s017,I hope I’m that person.
1004_t0087_s010,"And right now, as you know, the US took the lead in a no-fly operation up there in– no- fly order up in the United Nations."
1004_t0049_s018,But I do not want to go the tax-and-spend route.
1007_t0186_s013,"And it’s fair, shared sacrifice to do the right thing for our country and for our children."
1011_t0072_s013,It’s time for the man to leave.
1022_t0102_s003,He voted against the first Gulf War.
1027_t0026_s009,"The Obama administration, from the time they’ve come in, is over 230 years’ worth of debt, and he’s topped it."
1033_t0195_s002,"We should be bailing them out now, those small businesses."
1025_t0261_s013,The president said he would.
1014_t0023_s017,"7 billion dollars, or 4."
1021_t0121_s007,"But we have to have a government that is responsive to the Afghan people, and, frankly, it’s just not responsive right now."
1004_t0040_s009,"They don’t want us to control it, very candidly."
1003_t0167_s007,His chief education adviser is in jail He’s in jail because he betrayed the public trust.
1027_t0242_s016,That’s coalition-building.
1015_t0066_s003,"You cannot lead the war on terror if you keep changing positions on the war on terror and say things like, “Well, this is just a grand diversion."
1027_t0180_s001,"And I will tell you, you look at the inner cities—and I just left Detroit, and I just left Philadelphia, and I just—you know, you’ve seen me, I’ve been all over the place."
1004_t0125_s013,"When we talk about cutting health care costs, let’s start with the insurance companies and the people that are making a killing instead of making our people healthy."
1003_t0094_s001,May I disagree with the premise of your question?
1026_t0072_s001,"Well — well, I need to speak a moment…"
1033_t0310_s001,Find me a scientist that says that.
1010_t0011_s008,We try to help people with disabilities.
1033_t0175_s007,What happens to them?
1033_t0020_s004,We can’t lock ourselves up in a basement like Joe does.
1031_t0207_s002,"He still hasn’t even acknowledged that he knew this was happening, knew how dangerous it was going to be back in February, and he didn’t even tell you."
1033_t0043_s005,"Do not open until you get this under control, under more control."
1014_t0021_s014,"Now, briefly, let me tell you how my prescription drug plan works."
1033_t0020_s020,99% of people recover.
1003_t0040_s012,And I have enormous difference with the ACLU on their politic agenda.
1029_t0065_s001,"Oh, 33,000?"
1017_t0039_s011,"It is naive and dangerous to take a policy that he suggested the other day, which is to have bilateral relations with North Korea."
1030_t0126_s009,And I sure do want to make sure women get equal pay for the work we do.
1007_t0199_s006,"I don’t think he’ll be reelected because trickle down economics is a failure and he’s offering more of it, and what he’s saying about my program is just not true."
1018_t0107_s015,And I’ve done that.
1025_t0132_s014,"But the policies he’s put in place from Obamacare to Dodd-Frank to his tax policies to his regulatory policies, these policies combined have not let this economy take off and grow like it could have."
1021_t0052_s001,"Well, Tom, we’re going to have to take on entitlements and I think we’ve got to do it quickly."
1027_t0216_s006,"And now they’re going to be actually probably a major power at some point pretty soon, the way they’re going."
1011_t0148_s007,It’s not good for the country and it’s not right.
1029_t0037_s017,So don’t tell me about words.
1022_t0005_s021,We’ve got to fix our health care system and we’ve got to invest in our education system for every young person to be able to learn.
1004_t0029_s002,My plan –
1015_t0010_s007,"I’m proud that important military figures who are supporting me in this race: former Chairman of the Joint Chiefs of Staff John Shalikashvili; just yesterday, General Eisenhower’s son, General John Eisenhower, endorsed me; General Admiral William Crown; General Tony McBeak, who ran the Air Force war so effectively for his father — all believe I would make a stronger commander in chief."
1023_t0175_s001,"First, life and liberty."
1018_t0055_s008,Senators and congressmen have a wide choice.
1014_t0105_s002,"Laura and I are proud parents of teenage girls, twin daughters, and I know what you’re saying."
1029_t0106_s001,We’re going to be able to.
1008_t0057_s012,It would far surpass the numbers you mentioned.
1033_t0330_s001,Would he close down the oil industry — would you close down the oil industry?
1004_t0004_s008,But we must all decide first we have the courage to change for hope and a better tomorrow.
1030_t0319_s004,I’ve been waiting for years.
1030_t0037_s015,I have been for border security for years.
1031_t0378_s002,They said it would take-
1031_t0784_s031,"Is it going to change, or are you going to get four more years of these lies?"
1006_t0172_s040,"At the end of the first day, that little child wants out."
1001_t0050_s014,"He has every right to exercise his passion, as what he said, a strong, progressive liberal."
1021_t0052_s016,That is not fair.
1001_t0088_s020,"The question is values; the question is strength, the question is your willingness to provide the kind of leadership that must be provided."
1001_t0041_s003,The Surgeon General is doing a good job in encouraging the proper kind of education.
1018_t0075_s018,"In order to make sure people have jobs for the 21st century, we’ve got to get it right in the education system, and we’re beginning to close a minority achievement gap now."
1029_t0092_s002,Obamacare is a disaster.
1003_t0060_s009,Probably never heard of him.
1030_t0279_s001,"Well, you should ask Bernie Sanders who he’s supporting for president."
1006_t0151_s014,"Six increases in the payroll tax — that means people with incomes of $51,000 a year or less pay a disproportionally high share of the federal tax burden, which is why I want some middle-class tax relief."
1025_t0209_s001,I’m happy to have a longer conversation —
1017_t0029_s002,"Let me address it but also talk about the weapons the president just talked about, because every part of the president’s answer just now promises you more of the same over the next four years."
1008_t0101_s002,We’ve worked hard to expand public school choice in my balanced budget bill.
1023_t0024_s003,What I’ve said is I won’t put in place a tax cut that adds to the deficit.
1030_t0024_s007,Donald has said he’s in favor of defunding Planned Parenthood.
1025_t0007_s003,"If you graduated in the top quarter of your airlines, we gave you a John and Abigail Adams scholarship, four years tuition free in the college of your choice in Massachusetts, it’s a public institution."
1014_t0111_s005,But thank goodness we’ve always had enough people who have been willing in every generation to push past the fear of a broken heart and become deeply involved in forming a more perfect union.
1021_t0010_s008,3 million people in America make their living off eBay.
1010_t0096_s016,But it does seem to me that you’ve raised a very important point that needs to be addressed.
1010_t0096_s011,"And ended up we had more votes than he had, then they decided to pull the plug."
1025_t0150_s003,"I said that the E-Verify portion of the Arizona law, which is — which is the portion of the law which says that employers could be able to determine whether someone is here illegally or not illegally, that that was a model for the nation."
1003_t0023_s001,"No, I’m not sure I can promise that; I don’t think either one of us can really."
1030_t0309_s006,"And if we do, you don’t have to bother asking your question, because we have a tremendous machine."
1017_t0094_s005,9 million new jobs.
1001_t0108_s026,Bush has been reconsidering his position over the course of the past few weeks.
1021_t0091_s002,But understand that there’s a lot of cruelty around the world.
1027_t0275_s002,We need heart.
1007_t0059_s001,"Well, everybody’s nibbling around the edges."
1008_t0030_s003,This is a family tax cut.
1033_t0087_s011,The only guy that made money from China is this guy.
1014_t0108_s002,"It’s not just movies; television, video games, music, the Internet."
1011_t0021_s001,"I cannot let this go by, the old-style Washington politics, of we’re going to scare you in the voting booth."
1031_t0025_s001,The party is me.
1030_t0232_s001,"But I will tell you, I sat there… … I sat there watching ad after ad after ad, false ad."
1030_t0157_s012,How do you miss $6 billion?
1021_t0143_s016,"And we can’t expect that if we do the same things that we’ve been doing over the last eight years, that somehow we are going to have a different outcome."
1021_t0075_s022,"You know, like hair transplants, I might need one of those myself."
1001_t0090_s019,And he was down there fighting against imperialism.
1027_t0271_s004,We cannot protect countries all over the world…
1033_t0097_s002,That was before.
1025_t0245_s005,A lot of good people have lost jobs.
1023_t0167_s007,Those are my principles.
1023_t0024_s021,"I want to bring the rates down, at the same time lower deductions and exemptions and credits and so forth, so we keep getting the revenue we need."
1010_t0090_s015,Credit card debt has never been higher.
1030_t0105_s011,She has been outsmarted by Putin.
1010_t0135_s024,Every 18-year-old can go to college.
1010_t0004_s019,"If we do those things, we can build that bridge to the 21st century."
1030_t0113_s003,We are spending a fortune doing it.
1030_t0024_s009,I will defend Planned Parenthood.
1001_t0063_s010,Louis at some of that effort.
1007_t0109_s012,"I think that the president has to be prepared to use the power of the nation when our vital interests are threatened, when our treaty commitments are at stake, when we know that something has to be done that is in the national interest, and that is a part of being president."
1029_t0188_s008,Our government shouldn’t have allowed that to happen.
1031_t0786_s022,If you have an unsolicited–they’re sending millions of ballots all over the country.
1017_t0090_s010,And I lower the cost of health care in the way that I described to you.
1013_t0008_s003,"I think that one of the problems that we have faced in the world is that we are so much more powerful than any single nation has been in relationship to the rest of the world than at any time in history, that I know about, anyway."
1004_t0059_s021,"” Well, obviously, my orientation is let’s go do it."
1029_t0011_s025,"But I want to do things that haven’t been done, including fixing and making our inner cities better for the African-American citizens that are so great, and for the Latinos, Hispanics, and I look forward to doing it."
1008_t0020_s004,"He said he did the right thing then, he knew it wouldn’t work at the time."
1010_t0135_s020,Whether we’re going to give our families more protection for their kids against drugs and tobacco and gangs and guns.
1003_t0106_s011,In precinct politics in Texas and I’ve seen it at the national level.
1004_t0031_s009,Bush and Mr.
1026_t0140_s006,It was higher when I came into office.
1006_t0102_s004,They concluded that my plan would cover everybody and his would leave 27 million behind by the year 2000 and that my plan in the next 12 years would save $2.
1031_t0784_s021,"If I win, that will be accepted."
1027_t0202_s001,"I do want to say that I was just endorsed—and more are coming next week—it will be over 200 admirals, many of them here—admirals and generals endorsed me to lead this country."
1030_t0105_s015,They’ve taken over the Middle East.
1007_t0150_s006,An African American was my chief economic development officer.
1019_t0124_s012,"Senator McCain is absolutely right, we cannot tolerate a nuclear Iran."
1031_t0778_s003,.
1026_t0006_s013,Our hearts and — and minds go out to them.
1019_t0067_s006,Nuclear power is not only important as far as eliminating our dependence on foreign oil but it’s also responsibility as far as climate change is concerned.
1030_t0311_s003,"You know, back in 1987, he took out a $100,000 ad in the New York Times, during the time when President Reagan was president, and basically said exactly what he just said now, that we were the laughingstock of the world."
1029_t0151_s014,“I wish you would have done this.
1019_t0060_s006,That was a give away and part of the reason is because lobbyists are able to shape how Medicare works.
1015_t0094_s001,Right.
1030_t0110_s006,"And that’s why 10 people who have had that awesome responsibility have come out and, in an unprecedented way, said they would not trust Donald Trump with the nuclear codes or to have his finger on the nuclear button."
1007_t0117_s010,What should I have done?
1011_t0163_s023,I’ve had a strong record of working with Democrats and Republicans in Texas to make sure no child is left behind.
1001_t0025_s014,Spending was only up something like 4 percent.
1027_t0259_s019,"And when they made that horrible deal with Iran, they should have included the fact that they do something with respect to North Korea."
1017_t0066_s015,"The president also took Medicare, which belongs to you."
1015_t0104_s004,"I appreciate the fact that his daughters have been so kind to my daughters in what has been a pretty hard experience for, I guess, young girls, seeing their dads out there campaigning."
1001_t0030_s002,I want to keep this economic recovery going.
1008_t0071_s016,"It’s about your family; it’s about your business, and in this case it’s about a firmer policy with Cuba."
1008_t0083_s001,It’s not the U.
1013_t0075_s017,And we have to also be very cautious in the way we use our military.
1021_t0093_s016,"And, again, I know those situations."
1022_t0088_s016,So that’s Mr.
1007_t0071_s009,"And if you make a mistake, say you made a mistake and go on about your business, trying to serve the American people."
1014_t0044_s014,"Now, accountability, we basically agree on accountability."
1023_t0163_s001,"It just reminds me of, you know, he says that he’s going to close deductions and loopholes for his tax plan."
1031_t0824_s004,sent in and swamping the system.
1022_t0111_s009,"And now with the financial crisis, car dealerships are closing and people can’t get car loans."
1010_t0135_s002,"And thank you, ladies and gentlemen, and all the people who are watching."
1023_t0172_s008,"Wasn’t a top-down approach, Governor."
1031_t0784_s013,Show up and vote.
1031_t0392_s001,China ate your lunch- .
1015_t0081_s008,"They outsourced the job to Afghan warlords, who only a week earlier had been on the other side fighting against us, neither of whom trusted each other."
1010_t0009_s011,This is an historic time.
1033_t0053_s007,"These are businesses that are dying, Joe, you can’t do that to people, you just can’t."
1006_t0139_s028,They just write a note for the interest.
1004_t0045_s013,"And if we don’t, we will be spending our children’s money."
1013_t0228_s019,"I choose education and health care, the environment and retirement security, and I ask for your support."
1029_t0280_s013,We have enough worries over there without having to worry about that.
1031_t0372_s001,"Excuse me, Chris, wait."
1031_t0200_s004,You can trust the-
1008_t0136_s001,Let’s look at that.
1031_t0389_s001,"Many car companies came in from Germany, from Japan, went to Michigan, went to Ohio and they didn’t come in with you."
1014_t0048_s002,Absolutely not.
1013_t0012_s001,"The first priority has to be on ending the violence, dampening down the tensions that have arisen there."
1006_t0236_s010,I think we need to invest and save more.
1029_t0104_s001,By the way…
1031_t0117_s005,Take it away.
1019_t0004_s001,"Well, thank you, Jim."
1013_t0012_s005,"The use of diplomacy in this situation has already, well, it goes hour-by-hour and day-by-day now."
1019_t0110_s014,It’s not just more troops.
1006_t0040_s001,I agree with him.
1013_t0082_s013,They’re going to have to make the decision themselves.
1008_t0074_s009,"5 trillion and force people into managed care, whether they wanted it or not."
1033_t0305_s019,"They want to knock down buildings and build new buildings with little tiny, small windows and many other things."
1010_t0117_s013,"We’re the most competitive country in the world now, and then just fight to open those markets and go try to make the sale, and that’s what our trade ambassador our commerce secretary and all the other people in our administration are trying to do."
1026_t0158_s006,My dad was head of a car company.
1010_t0041_s001,"Well again, if you’re somebody thinking about the future, I think it’s fair to say that it’ll be — we’ll work it out."
1031_t0828_s004,Eighty million ballots.
1030_t0004_s010,"Wade, that we stand up against Citizens United, we stand up for the rights of people in the workplace, that we stand up and basically say: The Supreme Court should represent all of us."
1027_t0137_s006,It’s a beautiful facility.
1018_t0035_s020,"And if it gets overturned, then we’ll end up with marriage being defined by courts, and I don’t think that’s in our nation’s interests."
1017_t0006_s016,He voted against it.
1006_t0211_s003,Colin Powell will be on somebody’s ticket 4 years from now — right?
1027_t0133_s008,"As far as my tax returns, you don’t learn that much from tax returns."
1010_t0058_s005,"And I have a lot of young people work in my office, work in my campaign."
1030_t0128_s010,We protect Saudi Arabia.
1030_t0297_s002,It’s a humanitarian nightmare.
1027_t0096_s002,They’re going to expand their companies.
1031_t0434_s001,Even the people who testified under oath-
1026_t0115_s004,"And every fact checker and every reporter who’s looked at it, Governor, has said this is not true."
1025_t0131_s008,The difference between where it is and 5.
1010_t0061_s002,And so let me just say this.
1031_t0217_s001,Because he doesn’t have a plan.
1007_t0157_s010,"Yes, we had grain credits for Iraq, and there isn’t any evidence that those grain credits were diverted into weaponry — none, none whatsoever."
1033_t0245_s015,"But we have constantly been moving the needle further and further to inclusion, not exclusion."
1033_t0004_s006,You see the spikes in Europe and many other places right now.
1004_t0123_s011,"So I welcome that challenge, and just watch — — because if the American people send me there, we’ll get it done."
1019_t0078_s004,"We hadn’t put al Qaeda to rest, and as a consequence, I thought that it was going to be a distraction."
1008_t0138_s017,When I’m President of the United States we’re going to have a governors’ council and we’re going to work directly with the governors to get power back to the people and back to the states.
1033_t0190_s013,What’s the matter with these guys.
1019_t0076_s002,The consequences of defeat would have been increased Iranian influence.
1008_t0096_s011,We have to tell the truth.
1027_t0259_s026,It was actually $1.
1031_t0431_s001,… because they’re embarrassed.
1023_t0171_s004,"But I also believe that government has the capacity, the federal government has the capacity to help open up opportunity and create ladders of opportunity and to create frameworks where the American people can succeed."
1027_t0212_s020,They’re on the front lines.
1018_t0024_s004,We’ve expanded trade adjustment assistance.
1026_t0112_s022,"But over time, what they can do is regain credibility."
1006_t0061_s011,They can do better.
1026_t0067_s003,And what we’ve seen over the last four years is something I don’t want to see over the next four years.
1006_t0055_s005,"5 million hard-working people who put me on the ballot, and I belong to them."
1030_t0141_s003,I was in the Senate before I became secretary of state.
1031_t0638_s007,"People were calling me for the first time in years, they were calling, and they were saying it’s time maybe and then what happened?"
1029_t0276_s001,Absolutely.
1027_t0196_s022,"No discrimination against African-Americans, against Muslims, against anybody."
1026_t0014_s001,"Governor Romney, I’m glad that you recognize that Al Qaida is a threat, because a few months ago when you were asked what’s the biggest geopolitical threat facing America, you said Russia, not Al Qaida; you said Russia, in the 1980s, they’re now calling to ask for their foreign policy back because, you know, the Cold War’s been over for 20 years."
1018_t0003_s006,"President, I’m glad to be here with you again to share similarities and differences with the American people."
1008_t0059_s016,"We’ve made progress in Northern Ireland, in the Middle East."
1006_t0126_s011,But everybody’s affected by the debt because of the tremendous interest that goes into paying on that debt everything’s more expensive.
1004_t0014_s006,” I was 19 or 20 flying off an aircraft carrier and that shaped me to be Commander-in-Chief of the armed forces.
1030_t0145_s008,A terrible jobs report.
1013_t0086_s009,And I think we’ve now got so many examples around the country that we really have to find ways to end this.
1017_t0112_s003,"Thirdly, spread what’s called health savings accounts."
1022_t0143_s012,The last point I want to make on the issue of abortion.
1001_t0041_s002,The NIH is doing a good job in research.
1001_t0145_s001,"I think the American people have a right to judge us on this question, on how we picked a running mate, a person who is a heartbeat away from the presidency."
1011_t0075_s001,"Well obviously we wouldn’t use the Russians if they didn’t agree with our answer, Mr."
1015_t0042_s006,"Then the president, in fact, promised them."
1011_t0074_s008,"I think the governor’s instinct is not necessarily bad because we have worked with the Russians in a constructive way in Kosovo, for example, to end the conflict there."
1010_t0035_s023,"When I’m President of the United States, we’re going to use the National Guard and whatever sources we need to stop some of the drugs coming into America."
1017_t0027_s006,Somebody called that stubborn.
1022_t0056_s012,"Every time there’s been an out-of-bounds remark made by a Republican, no matter where they are, I have repudiated them."
1031_t0846_s004,Some of these ballots in some states can’t even be opened until election day.
1015_t0090_s017,"We worked very closely with the foreign ministers of France, Germany and Great Britain, who have been the folks delivering the message to the mullahs that if you expect to be part of the world of nations, get rid of your nuclear programs."
1031_t0293_s009,One in six is now gone.
1033_t0004_s021,Some people could say it was a cure.
1006_t0050_s005,So I don’t want the implication to be that somehow everything we say is just cooked up and put in our head by somebody else.
1011_t0117_s001,You need to test every year.
1027_t0148_s011,I’ve laid out a platform that I think would begin to remedy some of the problems we have in the criminal justice system.
1004_t0087_s002,And I vowed something because I learned something from Vietnam.
1011_t0109_s025,"Two is to say if you want to access reading money, you can do so."
1003_t0173_s019,Lincoln called this country the last best hope of man on earth.
1026_t0006_s010,"But instead, we’ve seen in nation after nation, a number of disturbing events."
1011_t0119_s001,"When the action in Kosovo was dragging on and we were searching for a solution to the problem, our country had defeated the adversary on the battlefield without a single American life being lost in combat."
1008_t0006_s002,"That, to me, is the key."
1008_t0057_s006,I’m not going to worry about it anymore.
1003_t0042_s015,"But I don’t think these labels mean a thing and I would hope that tonight in the course of the rest of this campaign, we can have good solid disagreements on issues."
1003_t0123_s001,"Andrea, why do people who want balanced budgets or to bring the deficit down always go to those programs which tend to benefit people of very modest means?"
1008_t0061_s015,There’s no ceasefire in Bosnia.
1014_t0034_s008,"We need to give teachers the training and professional development that they need, including a paid time off to go visit the classroom of a master teacher to pick up some new skills."
1013_t0032_s001,"Yes, I think it is."
1033_t0065_s011,"Because you’re the one that takes the money from Wall Street, not me."
1003_t0078_s007,We took the child to New York.
1023_t0010_s008,I want to provide tax breaks for companies that are investing here in the United States.
1031_t0450_s002,"Excuse me, this person."
1022_t0016_s002,"OBAMA: … in order to give — in order to give additional tax cuts to Joe the plumber before he was at the point where he could make $250,000."
1003_t0167_s009,"And yet this man, the governor, equated the President to a rotting fish."
1014_t0148_s011,Tipper and I have been married for 30 years.
1023_t0089_s002,"And in Medicare, what we did was we said, we are going to have to bring down the costs if we’re going to deal with our long-term deficits, but to do that, let’s look where some of the money’s going."
1033_t0337_s005,Why are we giving it to oil industry?
1026_t0201_s023,I was in a state where my legislature was 87 percent Democrat.
1026_t0118_s004,And they can say that the President of the United States and the United States of America has stood on the right side of history.
1004_t0014_s007,"And I’m sorry, but demonstrating — it’s not a question of patriotism."
1007_t0153_s018,"We’ve never let the Congress and the Foreign Relations, Senate Intelligence Committees see them."
1003_t0144_s028,I believe in the President’s commission on outdoors.
1015_t0016_s020,And the main reason we’ll succeed is because the Iraqis want to be free.
1029_t0088_s004,"Copays, deductibles, prescription drug costs, and I’ve laid out a series of actions that we can take to try to get those costs down."
1013_t0068_s005,"But there’s got to be priorities, and Middle East is a priority for a lot of reasons, as is Europe and the Far East, our own hemisphere."
1010_t0131_s009,We’ve made that clear.
1025_t0217_s001,— all of these wonderful folks are going to have a chance to get some of their questions answered.
1004_t0092_s009,"END Part 1, 1992 Debate 1 END Part 1, 1992 Debate 1 October 11, 1992 Second Half Debate Transcript October 11, 1992 The First Clinton-Bush-Perot Presidential Debate The second half of the first debate of 1992 continues below."
1014_t0073_s018,Our coalition against Saddam is unraveling.
1006_t0077_s007,We need to give the police a fighting chance in our urban areas where the gangs are building up.
1031_t0516_s005,And I’m not going to do that.
1033_t0290_s003,"We — in fact, we’re the ones that put in the legislation saying we could look at pattern or practice of police departments and what they were doing, how they were conducting themselves."
1031_t0557_s008,"His failure to deal with the environment, they’re being flooded, they’re being burned out because his refusal to do anything."
1007_t0018_s005,We have the lowest per capita state and local spending in the country.
1007_t0085_s018,"I don’t have a one of them, and I haven’t taken a penny of foreign money, and I never will."
1031_t0025_s002,"Right now, I am the Democratic Party."
1017_t0044_s015,"And they’re over there, not over here."
1025_t0131_s026,"And if Obamacare is passed, or implemented — it’s already been passed — if it’s implemented fully, it’ll be another $2,500 on top."
1008_t0121_s003,"President, the first two years you were president."
1030_t0307_s003,"A cease-fire, United States, Russia, and Syria."
1017_t0064_s023,I think our seniors deserve a modern medical system.
1029_t0280_s010,And I think that’s an important transition.
1027_t0156_s003,And it’s very unfair to them what our politicians are allowing to happen.
1013_t0066_s002,Fine.
1019_t0023_s002,We’ve got fundamental problems in the system.
1008_t0123_s005,"It’s under, there’s been no consideration of it, no discussion of it."
1015_t0052_s005,So what I’m trying to do is just talk the truth to the American people and to the world.
1015_t0023_s008,But I don’t believe this president can.
1031_t0054_s001,Good healthcare.
1026_t0156_s004,It’s a silent one.
1003_t0050_s009,So military security and economic security go hand in hand.
1031_t0222_s001,"You probably play more than I do, Joe."
1033_t0020_s010,I can’t do that.
1017_t0149_s019,"Now, you asked what mistakes."
1008_t0002_s015,We passed family and medical leave.
1013_t0161_s010,"Let me go back to Texas, for example, for a minute."
1031_t0070_s010,So we’re cutting healthcare.
1027_t0296_s001,… she’s going to vote this November.
1029_t0200_s003,It basically has fallen.
1031_t0606_s004,"we could, very quickly"
1017_t0023_s005,"Now, everyone in the world knows that there were no weapons of mass destruction."
1006_t0065_s010,"I mean, we agree with that."
1022_t0116_s020,"Now, Joe, Senator Obama’s plan, if you’re a small business and you are able — and your — the guy that sells to you will not have his capital gains tax increase, which Senator Obama wants, if you’re out there, my friend, and you’ve got employees, and you’ve got kids, if you don’t get — adopt the health care plan that Senator Obama mandates, he’s going to fine you."
1007_t0186_s008,"Now, our real problem here is they both have plans that will not work."
1011_t0043_s012,I know we can do a better job of clean coal technologies.
1004_t0138_s007,I don’t like to see the people in a deteriorating economy in a deteriorating country because our government has lost touch with the people.
1031_t0704_s004,.
1006_t0094_s011,So we need to do the reforms and the term limits.
1031_t0299_s003,They don’t want their state shut down.
1018_t0045_s012,"Medicare is for seniors, who many of them are on fixed income, to lift them out of poverty."
1006_t0015_s012,I’m here tonight for these young people up here in the balcony from this college.
1023_t0189_s006,I’m planning on to grow.
1026_t0090_s018,SCHIEFFER: That’s what I’m trying…
1013_t0020_s001,I haven’t heard a big difference in the last few exchanges.
1022_t0150_s004,"In some cases, we are going to have to invest."
1008_t0141_s010,And I think what others could do for our country and themselves if we did the welfare reform thing in the proper way.
1030_t0243_s007,He said the Republican primary was rigged against him.
1027_t0198_s018,It’s one of the reasons why 50 national security officials who served in Republican information—in administrations…
1001_t0056_s021,Because there is a major problem there.
1013_t0084_s001,Far be it from me to suggest otherwise.
1031_t0779_s001,You just lost the radical left.
1031_t0167_s009,Most of them said that.
1006_t0031_s002,I started doing these formats a year ago in New Hampshire and I found that we had huge crowds because all I did was let people ask questions and I tried to give very specific answers.
1003_t0167_s013,I will see that these standards apply to the United States Congress.
1026_t0150_s001,"Well, I think it will continue to be terrorist networks."
1026_t0090_s010,"To the extent humanly possible, we get that out."
1010_t0045_s008,Obviously some people are going to need help.
1010_t0060_s001,You tried it last time you ran.
1018_t0113_s002,And some would say maybe me more so than others.
1004_t0104_s005,"Again and again and again, the mother disappears in 3 days, and the child becomes a ward of the state because he’s permanently and genetically damaged."
1018_t0065_s014,And the tax relief was important to spur consumption and investment to get us out of this recession.
1003_t0047_s006,Bush wants to spend on Star Wars.
1033_t0147_s033,We have done an incredible job on health care.
1031_t0124_s016,"Chris, we want to get rid of that and give something that’s cheaper and better."
1007_t0129_s014,Sometimes he has to act.
1025_t0084_s014,So that’ll stay the same.
1026_t0157_s013,"exports have doubled since I came into office, to China and actually currencies are at their most advantageous point for U."
1017_t0059_s002,And I accept what the president has said.
1019_t0175_s002,Let’s move on.
1033_t0128_s009,"They said, ‘oh there’s going to be trouble."
1018_t0051_s026,"In addition to that, we’re going to allow people 55 to 64 to buy into Medicare early."
1007_t0115_s003,"I appreciate their idealism, their sacrifices."
1021_t0114_s003,"” This is the person who, after we had — we hadn’t even finished Afghanistan, where he said, “Next up, Baghdad."
1001_t0150_s021,Bush’s selection for the Vice Presidency of the United States meets that test.
1001_t0080_s012,I know what’s happened over the course of the past eight years.
1031_t0786_s046,"That means, that’s seven days after the election, in theory, should’ve been announced."
1029_t0246_s008,"So, you know, she shouldn’t be talking about that."
1025_t0107_s015,That’s a pocketbook issue for women and families all across the country.
1004_t0014_s010,” When I make a mistake I’ll admit it.
1014_t0083_s007,The force must be strong enough so that the mission can be accomplished.
1003_t0114_s005,” I won’t support judges like that.
1014_t0090_s004,I think it might have been one of my opponent’s ads.
1030_t0158_s010,"He insulted a former Miss Universe, Alicia Machado, called her an eating machine."
1033_t0069_s014,I don’t know why he hasn’t said a word to Putin about it.
1008_t0108_s017,There will be people with experience and people who understand America and people who’ve made it and know the hard knocks in life.
1022_t0102_s008,"There are several issues in which, frankly, Joe Biden and I openly and honestly disagreed on national security policy, and he’s been wrong on a number of the major ones."
1001_t0108_s009,â‰¤ He hasn’t told us where.
1033_t0149_s012,"I guess we’re gonna get the pre-existing condition plan the same time we get the infrastructure plan that we waited since 17, 18, 19, 20."
1008_t0048_s017,I don’t think this issue should be politicized because my record is clear and I don’t think Senator Dole supports using using drugs.
1007_t0010_s015,Yes.
1007_t0186_s010,"And you can take it out on charts, you look at all the studies the different groups have done, you go out 4, 5, 6 years, we’re still drifting along with a huge deficit."
1011_t0113_s009,But I don’t think private schools should have a right to take taxpayer money away from public schools at a time when Caley Ellis is standing in that classroom.
1007_t0016_s002,"Bush’s Bureau of Labor Statistics says that Arkansas ranks first in the country in the growth of new jobs this year, first."
1004_t0140_s016,"I want the future of this country to be as bright and brilliant as its past, and it can be if we have the courage to change."
1025_t0086_s011,"But what I’ve also said is, if we’re serious about reducing the deficit, if this is genuinely a moral obligation to the next generation, then in addition to some tough spending cuts, we’ve also got to make sure that the wealthy do a little bit more."
1010_t0035_s014,I don’t know.
1003_t0144_s013,I led for the Earl Wallop bill or formerly Dingell-Johnson.
1013_t0230_s003,"Vice President, thank you very much, and I would like to thank the folks here at Wake Forest, and I want to thank you all for listening."
1013_t0091_s003,"I talked to an African-American police officer in Springfield, Massachusetts not long ago who raised this question and said that in his opinion one of the biggest solutions is in the training."
1001_t0100_s009,"He apparently wants to spend billions on the MX on railroad cars, a weapons system we don’t need and can’t afford."
1031_t0809_s003,.
1033_t0091_s004,"Listen to this, 183, and they gave him a $3 million upfront payment, and he had no energy experience."
1014_t0075_s005,I will — I pledge to you I will do whatever is necessary to make sure that it stays that way.
1026_t0153_s007,They don’t want to see protectionism.
1021_t0073_s010,You can keep your choice of doctor.
1006_t0238_s020,Ninety percent are on the honor role.
1017_t0139_s018,Thank you.
1007_t0077_s001,Is there an equal time rule tonight?
1031_t0015_s005,I don’t know where you got that number.
1007_t0138_s009,"I suggest, in the sense of taking responsibility for your actions, we lay those papers on the table."
1007_t0201_s024,Thank you very much.
1022_t0111_s005,But I think that the important point is we’ve got to have a president who understands the benefits of free trade but also is going to enforce unfair trade agreements and is going to stand up to other countries.
1031_t0493_s001,Now-
1025_t0086_s030,So we just have a different theory.
1007_t0129_s013,A president can’t do that.
1027_t0156_s001,"But we need—Lester, we need law and order."
1008_t0016_s012,That’s what I want to focus on.
1030_t0145_s007,"Last week, as you know, the end of last week, they came out with an anemic jobs report."
1011_t0032_s001,Let me call your attention to the key word there.
1031_t0652_s003,"You in the home, you got less."
1023_t0061_s003,It’s now four years later.
1031_t0730_s006,.
1031_t0700_s003,"Nobody’s gonna build another, uh, coal fired plant in America."
1031_t0085_s001,"Joe, you agreed with Bernie Sanders, who’s far left, on the manifesto, we call it."
1033_t0043_s008,"They need to deal with ventilation systems, they need to deal with smaller classes, more teachers, more pods, and he’s refused to support that money, or at least up to now."
1029_t0140_s019,It’s a horrible thing she’s doing.
1026_t0046_s006,"When we went in to Libya, and we were able to immediately stop the massacre there, because of the unique circumstances and the coalition that we had helped to organize."
1007_t0099_s005,Thank you.
1003_t0167_s001,"Yes, and I’ll apply it to Congress too."
1007_t0203_s012,I couldn’t disagree more.
1021_t0070_s008,You know who voted against it?
1017_t0139_s009,He’s against them.
1011_t0005_s008,I want everybody who pays taxes to have their tax rates cut.
1030_t0297_s003,But it has fallen from the—from any standpoint.
1031_t0498_s002,African-Americans are super-predators and they’ve never forgotten it.
1033_t0071_s019,You handed it to them.
1013_t0161_s003,The top 1% will pay one-third of all the federal income taxes.
1017_t0103_s011,"Now, when it comes to the issue of the environment, this is one of the worst administrations in modern history."
1027_t0146_s003,I built an unbelievable company.
1004_t0059_s004,There are great plans lying all over Washington nobody ever executes.
1007_t0153_s030,This is ours.
1001_t0050_s001,Nothings wrong with it.
1027_t0039_s001,You haven’t done it.
1029_t0047_s001,… I told people that it would be impossible to be fact-checking Donald all the time.
1014_t0105_s014,That will help reinforce the values that parents teach at home as well.
1018_t0005_s019,"It just takes good, strong leadership."
1031_t0561_s007,It went down.
1011_t0050_s006,The main issue is whether or not the Roe v.
1015_t0064_s003,"And it reminds me that it is vital for us not to confuse the war, ever, with the warriors."
1004_t0140_s011,Mr.
1004_t0066_s010,I think the American people are ready for action.
1030_t0243_s003,The FBI conducted a year-long investigation into my e-mails.
1003_t0114_s006,There is no litmus test on any issue.
1031_t0786_s030,This is going to be a fraud like you’ve never seen.
1011_t0132_s003,"But you know, they were working pretty hard eight years ago."
1008_t0088_s006,So it’s not that we always disagree.
1033_t0303_s007,"I was able to get both all the environmental organizations as well as labor, the people worried about jobs, to support my climate plan."
1031_t0145_s002,Who’s on your list?
1019_t0002_s005,"And although we’ve heard a lot about Wall Street, those of you on Main Street I think have been struggling for a while, and you recognize that this could have an impact on all sectors of the economy."
1026_t0063_s015,"And our military, we’ve got to strengthen our military long-term."
1010_t0030_s001,"When the change of government occurred in Israel, the people of Israel were saying we don’t want to abandon the peace process."
1007_t0153_s009,And the only difference between me and any other businessman that has the range of businesses that I have is I haven’t had that many lawsuits.
1033_t0111_s001,Taxpayers money.
1029_t0151_s027,She’s raising your taxes really high.
1001_t0118_s001,"And since that action, terrorist action against the United States citizens have gone down."
1027_t0006_s022,"You have to judge us, who can shoulder the immense, awesome responsibilities of the presidency, who can put into action the plans that will make your life better."
1027_t0065_s001,"In fact, I have written a book about it."
1015_t0081_s012,He also said Saddam Hussein would have been stronger.
1025_t0014_s020,You took Chrysler bankrupt.
1021_t0117_s001,… to — to — to…
1015_t0066_s002,"And if I were to ever say, “This is the wrong war at the wrong time at the wrong place,” the troops would wonder, how can I follow this guy?"
1004_t0038_s003,We have reduced the number of troops that are deployed and going to be deployed.
1013_t0139_s009,"The woman who bought the guns for the two boys who did that killing at Columbine said that if she had had to give her name and fill out a form there, she would not have bought those guns."
1030_t0051_s009,"Now, you can come back in and you can become a citizen."
1011_t0005_s001,"Well, we do come from different places."
1026_t0090_s014,"I can run this more efficiently than the federal government and states, by the way, are proving it."
1029_t0129_s009,We are a country founded on religious freedom and liberty.
1022_t0036_s008,"Now, Senator McCain talks a lot about earmarks."
1013_t0032_s011,"And one of the reasons I felt so strongly that the United States needed to participate was because of our relations with NATO, and NATO is going to be an important part of keeping the peace in the future."
1019_t0184_s010,They now hold a trillion dollars’ worth of our debt.
1030_t0254_s005,The goal here is to take back Mosul.
1010_t0004_s008,"We’ve got ten and a half million more jobs, the deficit’s been reduced by 60 percent."
1026_t0136_s011,"But Pakistan is important to the region, to the world and to us, because Pakistan has 100 nuclear warheads and they’re rushing to build a lot more."
1017_t0112_s004,"It’s good for small businesses, good for owners."
1026_t0065_s019,He’s praised George Bush as a good economic steward and Dick Cheney as somebody who’s — who shows great wisdom and judgment.
1017_t0006_s006,"He said he voted for the $87 billion, and voted against it right before he voted for it."
1022_t0056_s017,And I can prove it.
1013_t0034_s005,"I felt like unchecked Milosevic would harm NATO, and so it depends on the situation, Mr."
1014_t0006_s023,I don’t want the law to supersede good law like we’ve got in Texas.
1025_t0260_s004,I care about 100 percent of the American people.
1029_t0157_s003,"And so do all of her donors, or most of her donors."
1015_t0121_s002,"But again, the test or the difference between us, the president has had four years to try to do something about it, and North Korea has got more weapons; Iran is moving towards weapons."
1017_t0039_s016,And guess what happened?
1014_t0122_s001,"He said if affirmative action means quotas, he’s against it."
1006_t0015_s017,Now that’s up to 40%.
1029_t0027_s019,"These are very important values to me, because this is the America that I know and love."
1018_t0039_s010,And that’s why I support that.
1025_t0121_s007,"But when Governor Romney says that he has a very different economic plan, the centerpiece of his economic plan are tax cuts."
1026_t0011_s017,We have to help these nations create civil societies.
1011_t0005_s013,Tonight youâ€™re going to hear that my passion and my vision is to empower Americans to be able to make decisions for themselves in their own lives.
1029_t0096_s001,"No, I mean, he clarified what he meant."
1021_t0038_s010,And they’ll have to undergo the same scrutiny that all projects should in competition with others.
1010_t0028_s010,"It had 26 separate maps they had to sign, literally thousands of delineations of who would do what on the West Bank, and I believe if the parties will get together and in a good-faith manner make that agreement, that they’ll be able to do it if we cannot impose a peace on the Middle East."
1008_t0054_s030,Let’s get together on this instant check because that will really make a difference.
1007_t0193_s001,"I’m the last one, right?"
1027_t0216_s032,They said…
1021_t0052_s009,"Now, Senator McCain talks about small businesses."
1001_t0103_s012,We ought to say this is good.
1001_t0071_s005,"And you see, yes, my position has evolved."
1019_t0116_s001,"Jim, let me just make a point."
1033_t0286_s012,"That’s what I’m going to get done because the American people have now seen that in fact, it was a mistake to pass those laws related to drugs."
1027_t0152_s006,"If you look at it, throughout the country, there are many places where it’s allowed."
1018_t0098_s020,So I believe America’s less safe.
1008_t0136_s006,"I said we would change the way welfare works, and even before the bill passed we’d moved nearly two million people from welfare to work, working with states and communities."
1008_t0088_s005,I supported him on NAFTA and GATT.
1027_t0160_s019,I’m glad that we’re ending private prisons in the federal system; I want to see them ended in the state system.
1001_t0100_s007,Mr.
1025_t0144_s021,There are 4 million people who are waiting in line to get here legally.
1015_t0116_s007,"And back then, we intercepted a suitcase in a Middle Eastern country with nuclear materials in it."
1010_t0084_s007,We’re selling everything from from — from telephones to CDs to rice in Japan.
1033_t0263_s001,It’s the laptop from hell.
1011_t0055_s002,"And if I heard the statement day before yesterday, you said you would order — he said he would order his FDA appointee to review the decision."
1018_t0028_s023,And I will fight for the American worker just as hard as I fight for my own job.
1030_t0122_s003,"I think it makes the world safer and, frankly, it makes the United States safer."
1031_t0329_s005,And I’m going to eliminate those tax cuts.
1025_t0101_s012,So we fixed that.
1018_t0069_s019,"SCHIEFFER: Do you want to respond, Mr."
1007_t0153_s008,"They went to extraordinary sick lengths, and I just found it amusing that they would take 2 or 3 cases where I was involved in lawsuits and would engage an investigator — the lawyers would engage an investigator, which is common."
1027_t0190_s007,"I mean, you know—now, everybody in mainstream is going to say, oh, that’s not true."
1014_t0108_s009,And I’m so proud of what she accomplished in getting them on there.
1025_t0024_s020,"And if we are only thinking about tomorrow or the next day and not thinking about 10 years from now, we’re not going to control our own economic future."
1021_t0041_s011,"But each and every one of us can start thinking about how can we save energy in our homes, in our buildings."
1018_t0077_s003,"I will pick judges who will interpret the Constitution, but I’ll have no litmus test."
1013_t0185_s003,"Vice President, haven’t they been changing their opinion a little bit on global warming?"
1023_t0187_s011,"And for us to be able to make sure that they’ve got that opportunity and they can walk through that door, that is vitally important not just to those kids."
1026_t0110_s015,I would tighten those sanctions further.
1033_t0344_s001,"He takes everything out of context, but the point is, look, we have to move toward a net zero emissions."
1008_t0033_s003,I want the government to pinch pennies for a change instead of the American families.
1017_t0071_s024,He’s done nothing about it.
1007_t0115_s004,Appreciate the sacrifices their families make.
1033_t0010_s003,"Pfizer is doing very well, and we have numerous others."
1031_t0719_s003,.
1018_t0003_s004,We’re proud to be here.
1004_t0045_s012,"Because we have so mismanaged our country over the years, and it is now time to pay the fiddler."
1031_t0302_s001,People want to be safe.
1006_t0004_s014,One last point here.
1023_t0076_s003,"First of all, the Department of Energy has said the tax break for oil companies is $2."
1029_t0276_s006,We are killing—absolutely killing our energy business in this country.
1001_t0160_s005,"Yes, we want change but we are the change."
1017_t0152_s015,They didn’t have the right body armor.
1015_t0116_s024,And we’re going to build the strongest international network to prevent nuclear proliferation.
1015_t0072_s010,"When he came, after giving a speech to the Congress, my opponent questioned his credibility."
1010_t0007_s009,But I’ve always tried in whatever I’ve done is to bring people together.
1010_t0062_s012,Well he made the promise.
1019_t0012_s009,Somehow we’ve lost that accountability.
1025_t0245_s023,making the same products can’t compete.
1017_t0154_s003,And he was a risk that — and this is where we just have a difference of opinion.
1022_t0167_s011,We have to make health care affordable and available.
1003_t0160_s008,Why have there been these safety violations?
1019_t0182_s011,That is the central issue of our time.
1011_t0102_s010,You ask the Strunks whose plan makes more sense.
1010_t0135_s022,Where every eight-year-old can read.
1033_t0130_s007,We’re going to make sure we can control them and make sure they cannot hurt us.
1019_t0002_s007,How’s it going to affect my job?
1025_t0253_s003,"I want high wage, high skill jobs."
1001_t0052_s004,I resent it.
1006_t0159_s008,"I think that defense needs to be — with fewer people in permanent armed services but with greater mobility on the land, in the air and on the sea, with a real dedication to continuing development of high technology weaponry and well trained people."
1004_t0109_s008,Our diversity is a strength.
1013_t0066_s004,"My wife Tipper, who is here, actually went on a military plane with General Sholicatchvieli on one of those flights."
1003_t0139_s006,I don’t.
1007_t0047_s016,"For 3 months — quarters I’ve been fighting, 3 quarters been fighting to get the Congress to pass some incentives for small business."
1030_t0259_s004,He has consistently denied what is…
1026_t0171_s003,"We’re going to have to have a president, however, that doesn’t think that somehow the government investing in — in car companies like Tesla and — and Fisker, making electric battery cars."
1030_t0202_s002,"Saudi Arabia giving $25 million, Qatar, all of these countries."
1033_t0085_s010,"Your other brother made a fortune, and it’s all through you, Joe."
1027_t0100_s001,Why not?
1033_t0299_s001,"So we have the trillion trees program, we have so many different programs."
1010_t0054_s010,Create jobs and opportunities.
1017_t0110_s017,I want to lower your cost to health care.
1026_t0039_s005,"And so what I’ve done throughout my presidency and will continue to do is, number one, make sure that these countries are supporting our counterterrorism efforts."
1013_t0068_s002,"And we’ve got to do a lot of work in Africa to promote democracy and trade, and there are some — Vice President mentioned Nigeria is a fledgling democracy."
1013_t0014_s005,I’m going to stand by Israel.
1029_t0206_s002,Why would they be saying—they’re not staying there anymore.
1008_t0052_s003,"Secondly, Senator Dole, you voted against the crime bill that had the death penalty for drug kingpins in it."
1022_t0116_s009,does that.
1031_t0700_s017,"Brazil, the rainforests of Brazil are being torn down, are being ripped down."
1027_t0121_s012,I will say this.
1021_t0033_s009,"Build a whole bunch of them, create millions of new jobs."
1031_t0102_s001,"God, I want to make sure-"
1017_t0055_s019,"When you get on an airplane, your bag is X- rayed, but the cargo hold isn’t X-rayed."
1013_t0193_s001,I’m sorry.
1031_t0094_s001,All he knows how to do-
1030_t0178_s001,"Well, every time Donald is pushed on something which is obviously uncomfortable, like what these women are saying, he immediately goes to denying responsibility."
1007_t0175_s022,Line item veto — there’s a good reform program for you.
1019_t0112_s005,I’m not prepared at this time to cut off aid to Pakistan.
1007_t0178_s020,"I’m gonna make those decisions, and I won’t raise taxes on the middle class to pay for my programs."
1022_t0007_s003,"Joe wants to buy the business that he has been in for all of these years, worked 10, 12 hours a day."
1013_t0023_s002,"We don’t know — there are no inspectors now in Iraq, the coalition that was in place isn’t as strong as it used to be."
1019_t0039_s011,"So you may end up getting a $5,000 tax credit."
1015_t0079_s022,"So to answer your question, I would hope we never have to."
1022_t0032_s008,"But I would fight for a line-item veto, and I would certainly veto every earmark pork-barrel bill."
1007_t0049_s003,"They just wouldn’t do it, and everybody now knows the terrible price they’re paying by waiting until it’s obvious to the brain-dead that they have problems."
1008_t0004_s007,"I have three very special people with me tonight: My wife, Elizabeth; my daughter, Robin, who has never let me down, and a fellow named Frank Carafa from New York, along with Ollie Manninen who helped me out in the mountains of Italy a few years back."
1031_t0543_s002,It’s gone up on his watch.
1018_t0026_s009,"The jobs that are being created in Arizona right now are paying about $13,700 less than the jobs that we’re losing."
1004_t0052_s003,"And we worked it out, and indeed we’re moving forward all around the world in a much more peaceful way."
1008_t0008_s001,"I think the basic difference is, and I have had some experience in this, I think the basic difference, I trust the people."
1026_t0156_s011,"You can’t keep on holding down the value of your currency, stealing our intellectual property, counterfeiting our products, selling them around the world, even to the United States."
1015_t0116_s021,Not this president.
1015_t0030_s004,"I work with Director Mueller of the FBI; comes in my office when I’m in Washington every morning, talking about how to protect us."
1022_t0002_s014,The catalyst for this housing crisis was the Fannie and Freddie Mae that caused subprime lending situation that now caused the housing market in America to collapse.
1006_t0099_s009,They’re breaking the system.
1027_t0160_s020,You shouldn’t have a profit motivation to fill prison cells with young Americans.
1031_t0851_s002,Here’s the deal.
1018_t0109_s010,Pretty divided in the 2000 election.
1031_t0508_s001,That is not peaceful protest.
1021_t0073_s018,"Now, Senator McCain has a different kind of approach."
1008_t0123_s001,"Well, first of all, you know, he made that remark about Senator D’Amato."
1033_t0232_s005,They never come back.
1004_t0113_s003,"I’ve tried to use the White House as a bully pulpit, speaking out against discrimination."
1010_t0052_s005,And these are things I think that will go a long way toward helping America build a stronger economy and a better tax system.
1022_t0073_s001,… talking about it this evening.
1015_t0092_s014,"While they didn’t talk at all, the fuel rods came out, the inspectors were kicked out, the television cameras were kicked out."
1022_t0124_s001,Zero?
1027_t0148_s001,"Well, you’re right."
1025_t0026_s024,"” When the president ran for office, he said if you build a coal plant, you can go ahead, but you’ll go bankrupt."
1010_t0135_s021,Whether we’re going to give our children a world-class education.
1025_t0183_s005,And people — not everybody agrees with some of the decisions I’ve made.
1027_t0150_s008,"You walk down the street, you get shot."
1021_t0023_s007,They’re the fundamental aspect of America’s economy.
1026_t0046_s010,Imagine if we had pulled out at that point.
1031_t0742_s006,.
1031_t0834_s001,.
1033_t0055_s005,They’re the red states.
1007_t0071_s011,Ross is against it.
1026_t0086_s003,You got that fact wrong.
1029_t0117_s009,Muslims have to report the problems when they see them.
1026_t0039_s001,"You’ve got to be clear, both to our allies and our enemies, about where you stand and what you mean."
1013_t0230_s006,"There’s been too much finger pointing and too much name calling in Washington, D."
1013_t0155_s001,"If he’s trying to allege that I’m a hard-hearted person and I don’t care about children, he’s absolutely wrong."
1025_t0127_s003,"Make sure that you are getting a good paying job, making sure that Medicare and Social Security…"
1007_t0182_s002,"Bush to break the rules, he said, to defend the honor of the country."
1023_t0091_s020,That’s $1 — that’s $1 for every $15 you’ve cut.
1004_t0059_s023,"Small business–you’ve got to have capital, you’ve got to credit, and many of them need mentors or coaches."
1015_t0004_s019,"I have a plan to have a summit with all of the allies, something this president has not yet achieved, not yet been able to do to bring people to the table."
1025_t0121_s008,That’s what took us from surplus to deficit.
1026_t0069_s004,Companies are going to locate here depending on whether we’ve got the most highly skilled workforce.
1001_t0058_s002,"The problem, Mr."
1017_t0163_s003,It’s been enjoyable.
1008_t0133_s004,"A targeted tax cut, a real commitment to educational reform."
1011_t0099_s013,"After my plan is in place, the wealthiest Americans will pay a higher percentage of taxes then they do today, the poorest of Americans, six million families, won’t pay any tax at all."
1022_t0169_s002,I think we all know America is going through tough times right now.
1010_t0110_s005,You have to be very careful of that because you have to protect the people who are already in the pipeline.
1004_t0068_s015,"I’m going to protect the working man by continuing to veto, and to threaten to veto until we get this new Congress, and then we’re going to move forward on our plan."
1033_t0197_s002,He said we have to help our small businesses — by raising the minimum wage?
1010_t0129_s010,"All over the world, people are being torn apart — Bosnia, the Middle East, Northern Ireland, Rwanda, Burundi — you name it — because of all their differences."
1019_t0067_s004,Senator Obama opposes both storing and reprocessing of spent nuclear fuel.
1022_t0070_s001,I cannot…
1026_t0143_s015,And that’s one of the reasons the Afghan Security Forces have so much work to do to be able to fight against that.
1010_t0134_s007,It’s about selecting a president of the United States.
1011_t0021_s003,It’s called Immediate Helping Hand.
1021_t0093_s018,And I can tell you right now the security of your young men and women who are serving in the military are my first priority right after our nation’s security.
1022_t0012_s009,I’m not going to…
1013_t0118_s003,I respect their — I respect — on the one hand he says he agrees with me and then he says he doesn’t.
1033_t0051_s011,Come on.
1030_t0128_s001,"Well, first of all, before I start on my plan, her plan is going to raise taxes and even double your taxes."
1027_t0070_s004,"And people have looked at both of our plans, have concluded that mine would create 10 million jobs and yours would lose us 3."
1021_t0046_s002,"There has been five or six of them and if you wait long enough, there will probably be another one."
1033_t0069_s028,"Any country that interferes with us will, in fact, pay a price because they’re affecting our sovereignty."
1023_t0189_s020,I don’t want to cut our commitment to education.
1007_t0069_s002,"You know, Mr."
1025_t0146_s020,And that’s what I’ve done administratively.
1027_t0148_s016,"So we have to do two things, as I said."
1029_t0096_s008,That was the slot that the Obamacare approach was to take.
1001_t0090_s002,The governor was for a nuclear freeze that would have locked in a thousand Soviet intermediate nuclear force weapons and zero for the West.
1022_t0110_s018,The same country that’s helping us try to stop the flow of drugs into our country that’s killing young Americans.
1018_t0115_s006,"I believe I offer tested, strong leadership that can calm the waters of the troubled world."
1010_t0040_s014,"It would save a lot of money through more managed care, by giving more options, more preventative care and lowering the inflation rate and the prices we’re paying providers without having the kind of big premium increases and out-of-pocket costs that the budget I vetoed would provide."
1008_t0030_s005,"Now, maybe to some in this Bushnell Memorial that it’s not a lot of money, but people watching tonight with a couple of kids, a working family, that’s four or five months of day care, maybe a personal computer; it’s may be three or four months of mortgage payments."
1031_t0202_s004,They’re the people… And by the way-
1006_t0065_s004,This is fact slinging — a bill earlier this year.
1003_t0169_s003,Wasn’t this the George Bush that supported Mr.
1021_t0006_s015,We’ve got to have a package of reforms and it has got to lead to reform prosperity and peace in the world.
1003_t0141_s001,The farm payments are going down because the agricultural economy is coming back.
1030_t0108_s001,I—I find it ironic that he’s raising nuclear weapons.
1022_t0112_s005,We’re not going to follow that path while I’m — when I’m president of the United States.
1019_t0044_s009,"And so, again, look at the record, particularly the energy bill."
1019_t0051_s017,"And I also think that we’re going to have to rebuild our infrastructure, which is falling behind, our roads, our bridges, but also broadband lines that reach into rural communities."
1014_t0140_s013,"And I will invest in education, health care, protecting the environment and retirement security."
1008_t0074_s018,"If you change your job, you’re going to be covered."
1011_t0060_s002,Voters will know I’ll put competent judges on the bench.
1013_t0026_s003,But the fact is that that’s the situation that was left when I got there.
1017_t0042_s005,The all- volunteer army works.
1015_t0046_s004,"Secondly, when we went in, there were three countries: Great Britain, Australia and the United States."
1019_t0012_s008,"And he wrote out another letter, and that was a letter of resignation from the United States Army for the failure of the landings at Normandy."
1023_t0133_s001,"No, it can become out of date."
1030_t0297_s001,"Well, Aleppo is a disaster."
1013_t0197_s006,We may have different approaches.
1031_t0029_s001,"The platform of the Democratic Party is what I, in fact, approved of, what I approved of."
1014_t0150_s010,I want to make sure the public school system in America keeps its promise so not one child is left behind.
1025_t0007_s010,"With half of college kids graduating this year without a college — excuse me, without a job."
1006_t0081_s001,I didn’t get to make a comment on this.
1022_t0143_s014,"And in some ways, it may be difficult to — to reconcile the two views."
1021_t0080_s003,So let me — let me just talk about this fundamental difference.
1027_t0279_s007,"I mean, can you imagine, we’re defending Saudi Arabia?"
1013_t0203_s002,"Anyway, he co-sponsored McCain-Feingold, and yet he didn’t."
1030_t0161_s013,"She gave us ISIS, because her and Obama created this huge vacuum, and a small group came out of that huge vacuum because when—we should have never been in Iraq, but once we were there, we should have never got out the way they wanted to get out."
1026_t0115_s010,"When I came into office, the world was divided."
1027_t0194_s002,"And clearly, as Donald just admitted, he knew he was going to stand on this debate stage, and Lester Holt was going to be asking us questions, so he tried to put the whole racist birther lie to bed."
1031_t0226_s005,"We had to, because we didn’t know anything about the disease."
1031_t0377_s001,No.
1001_t0075_s002,"Let me simply say that I think it has to be the woman in the exercise of her own conscience and religious beliefs that makes that decision, and I think that’s the right approach, the right decision, and I would hope by this time that Mr."
1031_t0162_s005,Open schools cost a lot of money.
1023_t0167_s010,"One way, for instance, would be to have a single number."
1017_t0006_s004,as well.
1033_t0247_s027,And I did.
1003_t0139_s009,"In the first place, never go back to that Democratic grain embargo, that liberal Democrat grain embargo that knocked the markets right out from under us and made Mr."
1010_t0134_s013,We should have more debates.
1001_t0037_s005,"The last time the Vice President used that phrase, I suspect he remembers it, don’t you?"
1015_t0060_s002,He changes positions.
1031_t0286_s002,"Billionaires have made another $300 billion because of his profligate tax proposal, and he only focused on the market."
1023_t0200_s014,"When — when we were fighting about whether or not we were going to make sure that Americans had more security with their health insurance and they said no, yes, that was a fight that we needed to have."
1030_t0335_s004,It’s called “Make America Great Again.
1010_t0073_s014,"The President wants to spend 20 percent more in the next six years, and I want to spend 14 percent more and give that 6 percent back to the people."
1029_t0220_s017,And she lied.
1007_t0055_s008,I’ve never heard Governor Clinton make a mistake.
1021_t0096_s008,"As Secretary Gates, the defense secretary, said, the war against terrorism began in that region and that’s where it will end."
1033_t0049_s003,We have to open our country.
1001_t0095_s004,DIVAD.
1030_t0245_s003,"And it’s funny, but it’s also really troubling."
1006_t0143_s007,That is priority one in this country.
1017_t0055_s007,These people wait.
1018_t0035_s006,And that’s to be honored.
1008_t0084_s001,Sometimes the United States has to act alone or at least has to act first.
1014_t0140_s021,"” Which one of those promises will you keep and which will you break, Governor?"
1033_t0030_s007,"And even today, he thinks we are in control."
1023_t0011_s006,"How we pay for that, reduce the deficit, and make the investments that we need to make, without dumping those costs onto middle-class Americans, I think is one of the central questions of this campaign."
1007_t0006_s004,"And therein, I think Governor Clinton keeps talking about trickle down, trickle down, and he’s still talking about spending more and taxing more."
1033_t0274_s005,I thought it was a terrible thing.
1015_t0098_s007,"Secondly, he said — my opponent said where he worked to put sanctions on Iran — we’ve already sanctioned Iran."
1025_t0125_s015,"He said, “Me too."
1026_t0175_s002,So I want to make sure that we make — we make America more competitive.
1030_t0082_s001,And I think it’s time you take a stand…
1015_t0054_s002,And I try not to.
1006_t0101_s010,"You own this country but you have no voice in it the way it’s organized now, and if you want to have a high risk experience, comparable to bungee jumping, go into Congress some time when they’re working on this kind of legislation, when the lobbyists are running up and down the halls."
1021_t0023_s002,"I think if we act effectively, if we stabilize the housing market — which I believe we can, if we go out and buy up these bad loans, so that people can have a new mortgage at the new value of their home — I think if we get rid of the cronyism and special interest influence in Washington so we can act more effectively."
1003_t0162_s007,"I believe that the more dependent we become on foreign oil, the less our national security is enhanced."
1011_t0048_s013,This is an issue that will require a new attitude.
1023_t0152_s011,"So at Cleveland Clinic, one of the best health care systems in the world, they actually provide great care cheaper than average."
1030_t0128_s002,Her tax plan is a disaster.
1004_t0106_s015,I have a plan for that.
1013_t0066_s007,"But I do not think that it was an example of a conflict where we should have put our troops in to try to separate the parties for this reason, Jim."
1025_t0245_s010,What I will do as president is make sure it’s more attractive to come to America again.
1010_t0035_s025,Just don’t do it.
1003_t0050_s014,And all of these things are going to have to be addressed.
1015_t0088_s004,"Let me tell you one thing I didn’t sign, and I think it shows the difference of our opinion — the difference of opinions."
1018_t0074_s021,They don’t enforce these kinds of things.
1010_t0068_s006,Make an effort to put a ramp up there so someone in a wheelchair can get up.
1013_t0149_s010,So it’s one of my top priorities.
1027_t0171_s002,"And I give credit—I give credit across the board going back two mayors, two police chiefs, because it has worked."
1030_t0180_s004,"He went after John McCain, a prisoner of war, said he prefers “people who aren’t captured."
1031_t0088_s001,I’m not going to listen to him.
1018_t0100_s024,"This president is the first president ever, I think, not to meet with the NAACP."
1023_t0163_s004,He won’t tell us.
1015_t0014_s006,I understand the serious consequences of committing our troops into harm’s way.
1031_t0786_s043,"It’s a fraud, and it’s a shame."
1017_t0004_s003,I want to thank Washington University for hosting us here this evening.
1006_t0151_s008,"Now, specifically, one, on Medicare, it is not true that everyone knows how to fix it."
1011_t0112_s002,He says he’s for voluntary testing.
1010_t0131_s014,But we’re not there yet.
1013_t0167_s005,"And now that the energy prices are high, I guess he’s not advocating those big energy taxes right now."
1030_t0204_s007,"But when it comes to Haiti, Haiti is the poorest country in our hemisphere."
1006_t0061_s003,That happened when I was president.
1029_t0067_s001,"Oh, yeah."
1003_t0069_s019,"I’ve been in politics a long time, and I don’t remember that kind of piling on, that kind of ugly rumor that never was true, printed."
1030_t0301_s008,But I want to respond to what Donald said about refugees.
1027_t0096_s016,5 trillion.
1001_t0037_s002,I hope he hasn’t.
1018_t0061_s003,"The CBO said very clearly that if you were to adopt the president’s plan, there would be a $2 trillion hole in Social Security, because today’s workers pay in to the system for today’s retirees."
1010_t0052_s008,We’ve got home ownership at a 15-year high.
1018_t0102_s008,"That’s the access I believe is necessary, is to make sure every child learns to read, write, add and subtract early, to be able to build on that education by going to college so they can start their careers with a college diploma."
1014_t0083_s003,Your question was deployment.
1030_t0161_s007,"And if we could run our country the way I’ve run my company, we would have a country that you would be so proud of."
1023_t0187_s005,"When it comes to making college affordable, whether it’s two-year or four-year, one of the things that I did as president was we were sending $60 billion to banks and lenders as middlemen for the student loan program, even though the loans were guaranteed."
1010_t0049_s004,Across-the-board tax cut.
1010_t0016_s002,But let me just say the American Hospital Association said that the budget I vetoed could have closed 700 hospitals.
1014_t0090_s014,"Enforcement of law, and the federal government can help."
1021_t0057_s022,You know he came to the Senate and never once proposed legislation to do that?
1014_t0023_s015,"Under Governor Bush, Texas has sunk to be 50th out of 50 in health care — in health insurance for their citizens."
1001_t0047_s011,He is very passionate.
1030_t0065_s009,"This has come from the highest levels of the Russian government, clearly, from Putin himself, in an effort, as 17 of our intelligence agencies have confirmed, to influence our election."
1025_t0168_s005,And it’s a bad policy.
1029_t0153_s005,"His plan will give the wealthy and corporations the biggest tax cuts they’ve ever had, more than the Bush tax cuts by at least a factor of two."
1008_t0104_s014,That’s a fact.
1017_t0083_s019,They knew how to ask the American people for the right things.
1014_t0092_s001,"Well, it was not one of my ads, either, Governor."
1017_t0064_s018,"And, you know, in 2006 seniors are going to get prescription drug coverage for the first time in Medicare."
1007_t0014_s006,I’ll give you an example.
1011_t0083_s022,I believe we’re overextended in too many places.
1001_t0071_s010,"See the millions of these killings accumulate, and this is one where you can have an honest difference of opinion."
1004_t0097_s002,So I do think we need to strengthen family.
1031_t0176_s001,"His own CDC Director says we could lose as many as another 200,000 people between now and the end of the year."
1018_t0030_s017,"The way my opponent talks, he said, “We’re going to spend the government’s money."
1031_t0503_s011,"So we change the way in which we have more transparency, in when these things happen."
1031_t0220_s001,"Tell that to Nancy Pelosi, and Schumer Chuck."
1027_t0301_s002,I just can’t do it.
1025_t0132_s019,And the only reason the unemployment rate seems a little lower today is because of all the people that have dropped out of the workforce.
1021_t0057_s024,I’ve fought higher taxes.
1027_t0202_s025,"Now, whether that was Russia, whether that was China, whether it was another country, we don’t know, because the truth is, under President Obama we’ve lost control of things that we used to have control over."
1019_t0042_s001,"I know we have to, but this is a classic example of walking the walk and talking the talk."
1031_t0694_s005,"It would be much cheaper by $3,500."
1011_t0097_s004,The key question that has to be answered in this election is will we use that prosperity wisely in a way that benefits all of our people and doesn’t go just to the few.
1029_t0061_s001,"Look, it’s just not true."
1014_t0131_s009,"If you’re a Medicare person, on Medicare, you don’t get the new procedures."
1001_t0009_s004,That means those of us who are elected to positions of political leadership have to reflect those values ourselves.
1007_t0049_s019,I could have rationalized it.
1008_t0074_s022,It means a lot to a lot of people watching us tonight.
1004_t0073_s022,"We really need to nail down the big intercontinental ballistic missiles, the ones that can hit us from Russia."
1023_t0014_s006,"First, education."
1029_t0110_s003,"You know that, because Jonathan Gruber, the architect of Obamacare, was said—he said it was a great lie, it was a big lie."
1023_t0014_s004,Those are the — the cornerstones of my plan.
1027_t0307_s004,People are pouring into our country.
1014_t0048_s003,I’m so glad that I have the chance to knock that down.
1006_t0172_s038,It is terrible to bus tiny little children across town.
1018_t0055_s009,Americans ought to have it too.
1011_t0012_s006,"That’s why I don’t think we should give nearly half of it to the wealthiest 1%, because the other 99% have had an awful lot to do with building the surplus in our prosperity."
1015_t0006_s013,We continue to pursue our policy of disrupting those who proliferate weapons of mass destruction.
1004_t0047_s004,"People are working harder for less money than they were making 10 years ago, 2- 3rds of our people–a $1600 drop in average income in just the last 2 years."
1017_t0090_s001,Absolutely.
1001_t0071_s012,"But no, I’m for the sanctity of life, and once that illegality is established, then we can come to grips with the penalty side, and of course there’s got to be some penalties to enforce the law, whatever they may be."
1026_t0065_s005,"And Governor Romney, our alliances have never been stronger, in Asia, in Europe, in Africa, with Israel, where we have unprecedented military and intelligence cooperation, including dealing with the Iranian threat."
1018_t0083_s008,But let me go a step further.
1026_t0147_s002,"We created partnerships throughout the region to deal with extremism in Somalia, in Yemen, in Pakistan."
1011_t0003_s014,I will put Medicare and Social Security in a lockbox and protect them.
1013_t0004_s011,"It means addressing the problems of injustice and inequity, along the lines of race and ethnicity here at home, because in all these other places around the world where they’re having these terrible problems, when they feel hope, it is often because they see in us a reflection of their potential."
1031_t0489_s001,That’s true.
1023_t0129_s004,I needed them there.
1017_t0064_s013,And we’re doing just that.
1010_t0135_s019,Whether we’re going to move a million people from welfare to work.
1010_t0019_s004,We have men and women wearing our uniform in substandard housing.
1003_t0069_s002,And Barbara and I were sitting there before that Democratic convention.
1010_t0040_s010,Medicare is different.
1029_t0080_s001,"No, it hasn’t."
1026_t0092_s008,And that’s the budget that we’ve put forward.
1027_t0182_s004,I prepared to be president.
1010_t0096_s008,We have the best health care delivery system in the world and we want to keep it that way.
1030_t0024_s005,It is about what’s happening right now in America.
1030_t0325_s001,"No, it’s going to totally help you."
1021_t0057_s018,"” Now, just back on this — on this tax, you know, again, it’s back to our first question here about rhetoric and record."
1015_t0032_s017,"And we’ll get you home as soon as the mission’s done, because this is a vital mission."
1033_t0176_s002,People’s stock are through the roof —
1013_t0116_s001,"I agree with that, and I did support that law."
1029_t0282_s001,But the price of coal is down worldwide.
1010_t0103_s011,"Because if you want to cut the cost of campaigns, you have to open the airways, because what drives the cost of campaigns are the cost of advertising on television, radio, newspaper, mass mailing."
1006_t0099_s024,I think medical care should go with the person.
1029_t0072_s001,And get off this question.
1014_t0142_s013,And I won.
1031_t0786_s045,” November 10th.
1033_t0138_s001,"They tried, he wouldn’t do it."
1030_t0157_s003,You were very much involved in every aspect of this country.
1006_t0166_s016,"Number 4, we would fully fund the Head Start program to get little kids off to a good start."
1033_t0006_s015,"We’re in a situation now where the New England Medical Journal — one of the serious, most serious journals in the whole world — said for the first time ever that this, the way this President has responded to this crisis has been absolutely tragic."
1003_t0127_s004,"And he said at that time, in a quote, and this is a paraphrase, a freeze, that’s easy."
1026_t0201_s027,"I know what it takes to get this country back, and will work with good Democrats and good Republicans to do that."
1018_t0063_s006,"In fact, we put together a $5."
1029_t0163_s006,Congratulations.
1023_t0014_s027,People in the coal industry feel like it’s getting crushed by your policies.
1010_t0002_s018,Maybe all but one.
1018_t0117_s022,I’m asking for your vote.
1029_t0276_s026,We have to make it possible.
1014_t0010_s003,It is the bipartisan bill that is now pending in the Congress.
1003_t0169_s009,"And one of the reasons our selection of a running mate is so important, it is such a test of the kinds of standards we’ll set, is because it tells the American people in advance of the election just what kind of people we’re looking for."
1003_t0073_s001,"And doesn’t that prove the point, George, which is that values like family and education and community, decent homes for young people that family on Long Island I visited on Monday where Lou and Betty Tolamo bought a house for some $19,000 back in 1962, have had seven children, they’re all making good livings."
1003_t0012_s006,"Three times since World War II, the Vice President has had to suddenly become the President and commander in chief."
1001_t0007_s007,"You know, we have five percent of the world’s population in this country."
1030_t0301_s004,This would take a lot of negotiation.
1033_t0247_s021,"Biggest beneficiary, the Black and Hispanic communities and then historically Black colleges and universities."
1018_t0115_s003,"And, like Franklin Roosevelt, I don’t care whether an idea is a Republican idea or a Democrat idea."
1011_t0142_s007,That is what it is.
1027_t0192_s003,He should have produced it a long time before.
1022_t0023_s004,"Every dollar that I’ve proposed, I’ve proposed an additional cut so that it matches."
1033_t0171_s001,They say the stock market will boom if I’m elected.
1021_t0034_s001,"My friends, some of this $700 billion ends up in the hands of terrorist organizations."
1018_t0061_s004,And the CBO said — that’s the Congressional Budget Office; it’s bipartisan — they said that there would have to be a cut in benefits of 25 percent to 40 percent.
1004_t0138_s014,Think of their dreams.
1011_t0066_s003,I do believe it’s wrong to use a litmus test.
1023_t0014_s036,President?
1003_t0167_s012,I will have an ethical office in the White House that will be under the President’s personal concern.
1003_t0023_s013,But sooner or later that credit card mentality isn’t going to work.
1030_t0185_s001,"… but those other charges, as she knows, are false."
1017_t0125_s006,To destroy life to save life is — it’s one of the real ethical dilemmas that we face.
1027_t0012_s016,"It’s been defective for a long time, many years, but the politicians haven’t done anything about it."
1031_t0566_s001,That’s not true.
1017_t0052_s001,Mr.
1021_t0070_s007,That one.
1018_t0109_s007,"And the way I view it is there’s a lot of entrenched special interests there, people who are, you know, on one side of the issue or another and they spend enormous sums of money and they convince different senators to taut their way or different congressmen to talk about their issue, and they dig in."
1022_t0005_s017,And we’ve got to get the financial package working much quicker than it has been working.
1011_t0043_s010,I was in coal country in West Virginia yesterday.
1007_t0091_s001,Jim.
1004_t0116_s008,"We’re funding them Ã¢â‚¬â€œ I wish there was more money — but we’re funding them far more than any time in the past, and we’re going to keep on doing that."
1031_t0516_s003,"And if you look at the people, we would pay people hundreds of thousands of dollars to teach very bad ideas and frankly, very sick ideas."
1033_t0053_s003,And when you talk about plexiglass — these are restaurants that are dying.
1007_t0006_s016,Mr.
1011_t0046_s001,Well can I have the last word on this?
1006_t0049_s008,But you don’t have to wonder if it’s me talking.
1029_t0192_s004,And those three have now lined up because of our weak foreign policy.
1027_t0023_s001,I do not say that.
1021_t0029_s012,I don’t expect you to watch every vote.
1027_t0234_s017,It’s been a disaster.
1008_t0054_s012,We ought to keep guns out of the hands of criminals.
1006_t0159_s001,I’d rather answer her question first and then I’ll be glad to.
1031_t0456_s004,"I mean, his family, we could talk about all night."
1029_t0054_s012,"And more importantly, that was after getting a subpoena."
1013_t0004_s007,"As soon as they have a change that allows the people to speak freely, they’re wanting to develop some kind of blueprint that will help them be like us more, freedom, free markets, political freedom."
1026_t0009_s008,And that’s exactly what we’re going to do.
1001_t0092_s004,And out he goes.
1001_t0161_s009,With decent and affordable healthcare for all working families.
1014_t0034_s010,"I want to work for universal free school because we know from all the studies that the youngsters learn, kids learn more in the first few years of life than any where else."
1011_t0123_s002,"I can remember the fires that swept Parker County, Texas."
1015_t0102_s005,"In terms of Darfur, I agree it’s genocide."
1007_t0201_s006,"Perot on how fast we can reduce the deficit and how much we can increase taxes on the middle class, I really respect what he’s done in this campaign to bring the issue of deficit reduction to our attention."
1018_t0005_s004,"I have got a comprehensive strategy to not only chase down the Al Qaida, wherever it exists — and we’re making progress; three-quarters of Al Qaida leaders have been brought to justice — but to make sure that countries that harbor terrorists are held to account."
1014_t0148_s014,"Nine times I have raised my hand to take an oath to the Constitution, and I have never violated that oath."
1027_t0024_s001,"And I think it’s important that we grip this and deal with it, both at home and abroad."
1007_t0090_s006,One of the largest industries in the world is the travel and tourist business.
1006_t0159_s004,"Winds of freedom blowing around the world, Russia demilitarizing."
1017_t0027_s003,I love our values.
1027_t0242_s013,And we did drive them to the negotiating table.
1014_t0142_s022,"Now remember, Social Security revenue exceeds expenses up until 2015."
1013_t0116_s003,And I think the three of us have one view and the Governor has another view.
1013_t0008_s006,power.
1023_t0189_s021,I wanted to make it more effective and efficient.
1033_t0143_s003,North Korea was a mess.
1008_t0065_s014,We all fight over how much money is there.
1013_t0070_s013,"And acting upon that lesson in the aftermath of our great victory in World War II, we laid down the Marshall Plan, President Truman did."
1019_t0186_s003,That’s where I get my name.
1030_t0281_s002,I think he’s right.
1007_t0125_s007,"I just love the fact that everybody, particularly in the media, goes bonkers over the town hall."
1013_t0118_s007,I just happen to believe strongly that marriage is between a man and a woman.
1018_t0028_s024,That’s what the American worker wants.
1029_t0088_s014,But we’ve got to get costs down.
1021_t0143_s017,We need fundamental change.
1006_t0130_s001,You know people who’ve lost their jobs and lost their homes?
1010_t0037_s006,"attorney here that sends `em back home, so I think that’s pretty important."
1022_t0045_s001,"Well, there’s a lot of stuff that was put out there, so let me try to address it."
1033_t0299_s012,"The Paris Accord, I took us out because we were going to have to spend trillions of dollars and we were treated very unfairly."
1031_t0317_s001,Let me-
1001_t0034_s007,"The fact of the matter is that employers who today are insuring their employees are paying the freight, because they’re paying for those who aren’t."
1029_t0117_s013,Look at Paris.
1007_t0008_s002,"If you forecast it out, we still have a significant deficit under each of their plans, as I understand them."
1029_t0159_s004,"See, I understand the tax code better than anybody that’s ever run for president."
1015_t0100_s016,We’ve got Guards and Reserves who are doing double duties.
1023_t0088_s009,My grandmother died three days before I was elected president.
1022_t0088_s022,The only involvement I’ve had with ACORN was I represented them alongside the U.
1018_t0105_s013,I talked about it earlier when I talked about the works and faith without works being dead.
1030_t0145_s031,I was so honored.
1029_t0291_s010,"And that’s why I’ve tried to put forth specific policies and plans, trying to get it off of the personal and put it on to what it is I want to do as president."
1033_t0287_s002,"See, it’s all talk, no action with these politicians."
1017_t0139_s012,My opponent was against that.
1023_t0024_s020,"That is, I want to bring down rates."
1023_t0160_s006,"I used to consult to businesses — excuse me, to hospitals and to health care providers."
1006_t0067_s011,But you have to work together.
1013_t0108_s001,I don’t want to jump in.
1025_t0157_s004,Mr.
1031_t0784_s009,Number one.
1007_t0010_s006,And as far as what Mr.
1027_t0263_s006,And so I know that this campaign has caused some questioning and some worries on the part of many leaders across the globe.
1030_t0297_s006,It is so sad when you see what’s happened.
1011_t0107_s012,I want you to hear a problem weâ€™ve got here in the USA.
1025_t0101_s021,"And as a consequence, we’ve seen millions of young people be able to afford college, and that’s going to make sure that young women are going to be able to compete in that marketplace."
1015_t0081_s014,Two-thirds of the country was a no-fly zone when we started this war.
1023_t0007_s026,"Number five, champion small business."
1029_t0182_s007,"We need some leverage with the Russians, because they are not going to come to the negotiating table for a diplomatic resolution, unless there is some leverage over them."
1001_t0137_s002,And I think it’s important to understand what happened here.
1027_t0234_s012,"But if somebody—and I’ll ask the press—if somebody would call up Sean Hannity, this was before the war started."
1021_t0130_s002,And for the most part I agree with Senator McCain on many of the steps that have to be taken.
1011_t0140_s009,The payroll taxes are your money.
1031_t0747_s003,.
1026_t0052_s002,What you just heard Governor Romney said is he doesn’t have different ideas.
1014_t0075_s001,"I see a future when the world is at peace, with the United States of America promoting the values of democracy and human rights and freedom all around the world."
1025_t0026_s027,"And if we do that, if we do what I’m planning on doing, which is getting us energy independent, North America energy independence within eight years, you’re going to see manufacturing jobs come back."
1031_t0826_s001,You know it can’t be done.
1031_t0784_s018,Vote whatever way is the best way for you.
1022_t0143_s004,There was a bill that was put forward before the Illinois Senate that said you have to provide lifesaving treatment and that would have helped to undermine Roe v.
1015_t0114_s009,But we didn’t need to rush to war without a plan to win the peace.
1026_t0043_s001,Syria is Iran’s only ally in the Arab world.
1003_t0157_s005,We see the Russians coming out of Afghanistan.
1031_t0752_s003,.
1031_t0165_s011,"He’s a racist and he’s xenophobic,” because you didn’t think I should have closed our country."
1025_t0014_s003,The president’s policies have been exercised over the last four years and they haven’t put Americans back to work.
1008_t0050_s018,"But it seems to me the kids ought to — if they’ve started, they ought to stop and just don’t do it."
1013_t0091_s004,"And not only the training in police procedures, but human relations."
1019_t0112_s011,"If you have to do things, you have to do things, and you work with the Pakistani government."
1003_t0167_s015,"But there is no corner on this sleaze factor, believe me."
1006_t0238_s007,Everybody says you can’t do that with Congress.
1013_t0230_s022,I believe we can set our priorities.
1027_t0242_s006,"With respect to Iran, when I became secretary of state, Iran was weeks away from having enough nuclear material to form a bomb."
1011_t0097_s012,The governor will not put Medicare in a lockbox.
1003_t0087_s011,And I think those that advocated the freeze missed the point that there was a better way and that better way has resulted in a principle asymmetrical cuts.
1018_t0028_s011,“ That’s not smart.
1011_t0016_s002,I’ve said that eight years ago they campaigned on prescription drugs for seniors.
1033_t0053_s012,Everyone’s leaving New York.
1018_t0077_s002,"And the answer is, no, I will not have a litmus test."
1023_t0129_s001,Regulation is essential.
1011_t0085_s008,"Now, just because we don’t want to get involved everywhere doesn’t mean we should back off anywhere it comes up."
1010_t0134_s022,People give their lives.
1010_t0131_s006,So we want to end discrimination.
1031_t0700_s009,"We can get to net zero, in terms of energy production, by 2035."
1004_t0080_s004,That was their response to that sort of action.
1031_t0070_s007,Drug prices will be coming down 80 or 90%.
1029_t0250_s009,And I have worked and I admire President Obama.
1022_t0114_s006,"And they were desperate for some way of getting coverage, because, understandably, they’re worried that, if they get sick, they could go bankrupt."
1025_t0247_s004,It’s too high.
1004_t0120_s002,Well over a million and a quarter Americans are HIV-positive.
1007_t0078_s001,Yes.
1010_t0035_s005,"We sent it to the Clinton Administration for implementation, and they waited three and a half years."
1006_t0055_s002,I don’t have any foreign lobbyists on leave in my campaign.
1031_t0796_s007,We don’t like ’em.
1031_t0165_s009,"They don’t exactly give you a straight count, just so you understand."
1007_t0089_s002,The laws protect the American taxpayer in this regard.
1025_t0125_s010,"All of those things will make a difference, so the point is the commitments I’ve made, I’ve kept."
1010_t0058_s018,A 50 percent increase.
1003_t0010_s010,And it’s turning around.
1013_t0030_s002,I thought the president made the right decision in joining NATO and bombing Serbia.
1013_t0030_s005,I’m pleased the president made the decision he made.
1018_t0067_s018,"See, the card, it’ll have a period of time attached to it."
1003_t0003_s010,And I want to call a hemispheric summit just as soon after the 20th of January as possible to fight that war.
1011_t0107_s007,We’ll spend $25 trillion — we’ll collect $25 trillion in revenue in the next 10 years and spend $21 trillion.
1023_t0206_s034,I will keep America strong and get America’s middle class working again.
1015_t0092_s004,"If they weren’t willing to work a deal, then we could have put sanctions together."
1015_t0090_s010,"So now there are five voices speaking to Kim Jong Il, not just one."
1018_t0115_s019,I ask you for your help.
1011_t0083_s019,We’re having trouble meeting recruiting goals.
1018_t0102_s007,"Do you realize today in America, we spend $73 billion to help 10 million low- and middle-income families better afford college?"
1025_t0261_s002,We don’t have to settle for what we’re going through.
1033_t0307_s005,This plan was — This plan has been endorsed by every major — every major environmental group and every labor group.
1030_t0293_s001,That’s right.
1011_t0141_s010,"If you cut the amount going in 1 out of every $6, then you have to cut the value of each check by 1 out of every $6 unless you come up with the money from somewhere else."
1025_t0026_s009,"The administration brought a criminal action against the people drilling up there for oil, this massive new resource we have."
1025_t0035_s002,How much did you cut licenses and permits on federal land and federal waters?
1021_t0034_s006,All three you mentioned are compelling national security requirements.
1003_t0073_s012,George Bush believes in them.
1026_t0199_s012,"Yes, I want to reduce our deficit by cutting spending that we don’t need but also by asking the wealthy to do a little bit more so that we can invest in things like research and technology that are the key to a 21st century economy."
1008_t0018_s001,I doubt that I acknowledged that this year.
1017_t0115_s008,Most small businesses — 70 percent of the new jobs in America are created by small businesses.
1030_t0128_s017,"All of a sudden, they’re starting to pay up."
1021_t0093_s007,"And we must do whatever we can to prevent genocide, whatever we can to prevent these terrible calamities that we have said never again."
1025_t0245_s034,We have to be competitive if we’re going to create more jobs here.
1010_t0007_s011,"If you think the Republican party is some place for you to come if you’re narrow minded or bigoted or don’t like certain people in America, the exits are clearly marked for you to walk out of as I stand here without compromise, because this is the party of Lincoln."
1027_t0206_s011,"Or, as I’ve been saying for a long time, and I think you’ll agree, because I said it to you once, had we taken the oil—and we should have taken the oil—ISIS would not have been able to form either, because the oil was their primary source of income."
1023_t0014_s026,I’m going to make sure we can continue to burn clean coal.
1033_t0305_s014,"Frankly, I don’t even know how it can be good politically."
1008_t0035_s001,"Well, I try to articulate my positions as clearly as possible, tell people what I stand for and let them decide whether they’re going to support me or not."
1022_t0167_s005,"My friends, as I said in my opening remarks, these are very difficult times and challenges for America."
1017_t0029_s009,And guess what?
1018_t0098_s010,I’ve broken up organized crime.
1025_t0250_s001,…is completely…is completely…
1011_t0097_s009,I think we’ve got to have welfare reform taken to the next stage.
1006_t0015_s028,"Weâ€™ll deal with our problems, weâ€™ll solve our problems."
1014_t0118_s004,"Well, you establish respect for differences."
1029_t0224_s001,It turned out to be a disaster.
1017_t0081_s025,"Like you, I’m concerned about the deficit."
1029_t0031_s003,"Those words, I’ve been hearing them for many years."
1003_t0012_s004,"More than that, it was the first national security decision that we had to make."
1008_t0059_s003,The United States is still the indispensable nation in the aftermath of the Cold War and on the brink of the 21st Century.
1019_t0110_s008,They are feeling emboldened.
1015_t0052_s008,The president says that I’m denigrating these troops.
1026_t0172_s001,Governor?
1017_t0071_s023,Five million people have lost their health insurance under this president.
1021_t0016_s010,"Meanwhile, they were getting all kinds of money in campaign contributions."
1031_t0440_s001,"Oh, really?"
1030_t0323_s002,We’re going to grow the economy.
1031_t0327_s007,"Which by the way, was given to me by the Obama Administration, if you can believe that."
1031_t0190_s003,"Miraculous, like a miracle."
1019_t0184_s016,"We can’t invest in science and technology, which will determine whether or not we are going to be competitive in the long term."
1030_t0041_s006,"The NAFTA deal signed by her husband is one of the worst deals ever made of any kind, signed by anybody."
1029_t0175_s001,"And I’ve proven that I can, and for 30 years, I’ve produced results for people."
1004_t0142_s025,We need to do better in job retraining.
1027_t0253_s010,That’s why we’re losing—we’re losing—we lose on everything.
1033_t0299_s021,We have done an incredible job environmentally.
1010_t0054_s013,"If we cut the capital gains rate, I’m told everyday, I had a letter from a former constituent in Kansas saying I want to sell property in California, put it in my business in Kansas, I can’t, because the capital gains rate’s too high."
1025_t0222_s010,But let me mention another thing.
1007_t0169_s004,"But the White House staff increased its expenditures by considerably more than Congress has in the last 4 years under the Bush administration, and Congress has actually spent a billion dollars less than President Bush asked them to spend."
1017_t0096_s001,"Well, first of all, the president’s figures of $2."
1033_t0077_s005,"Number two, I don’t make money from China, you do."
1011_t0020_s002,Under my plan I will put Medicare in an iron clad lockbox and prevent the money from being used for anything other than Medicare.
1003_t0173_s009,That’s why I do feel if some police officer is gunned down that the death penalty is required.
1023_t0091_s010,"Now, he says by not overpaying hospitals and providers."
1025_t0014_s001,Well what you’re seeing in this country is 23 million people struggling to find a job.
1004_t0142_s016,Nobody would have dreamed it possible.
1018_t0061_s001,You just heard the president say that young people ought to be able to take money out of Social Security and put it in their own accounts.
1010_t0002_s002,Let me first give you a sports update.
1001_t0100_s002,Bush was a lot more sympathetic to the freeze than he seems to be today.
1026_t0112_s006,"Because they have the opportunity to reenter the community of nations, and we would welcome that."
1030_t0202_s006,And yet you take their money.
1014_t0086_s001,"I’m sorry, I didn’t hear that."
1031_t0788_s003,.
1001_t0061_s010,We went out and built housing.
1025_t0222_s026,"I’d like to understand who it was that did this, what the idea was behind it, why it led to the violence, thousands of guns going to Mexican drug lords."
1026_t0032_s001,…major speech.
1007_t0085_s015,What do you think they’re going to do when the campaign’s over?
1021_t0023_s005,The point is — the point is that we can fix our economy.
1023_t0044_s004,"I think it’s, frankly, not moral for my generation to keep spending massively more than we take in, knowing those burdens are going to be passed on to the next generation and they’re going to be paying the interest and the principal all their lives."
1029_t0200_s001,I think that it basically has fallen.
1013_t0151_s003,Clinton and them fought for in 1993 was a government-run health care system.
1019_t0004_s005,He’s a dear and beloved friend to all of us.
1025_t0034_s001,"Governor, we have actually produced more oil —"
1022_t0019_s003,"Ireland, it’s 11 percent."
1007_t0150_s007,It was interesting today.
1031_t0559_s001,It means.
1031_t0129_s001,He has no plan for healthcare.
1027_t0212_s021,They can provide information to us that we might not get anywhere else.
1029_t0092_s019,You will have the finest health care plan there is.
1011_t0043_s013,I’m going to ask the Congress for $2 billion to make sure we have the cleanest coal technologies in the world.
1006_t0015_s016,"In other words, we were down to 18% of them were making — 18- to 24-year- olds were making less than $12,000."
1014_t0023_s008,I will make a commitment to bring health care coverage of high quality that is affordable to every single child in America within four years.
1031_t0418_s001,"Did Burisma pay him 183 thousand a month, with no experience in energy?"
1018_t0067_s014,And that’s what’s happening.
1008_t0066_s014,When we’ve worked hard to end the Northern Korean nuclear threat.
1010_t0014_s008,"So this is, that’s a good start."
1014_t0108_s005,"And God bless them, every one of them decided on their own to come here this evening."
1022_t0024_s004,It’s just a giveaway.
1007_t0178_s016,"He’d just said Jim Baker was going to be secretary of state and in the first debate he said no, now he’s gonna be responsible for domestic economic policy."
1030_t0309_s020,We have to use them to negotiate our trade deals.
1031_t0187_s001,"Well, we’re going to deliver it right away."
1029_t0127_s004,"People are coming into our country like we have no idea who they are, where they are from, what their feelings about our country is, and she wants 550 percent more."
1001_t0160_s004,I want to keep this expansion going.
1031_t0008_s011,Even if we did it after the election itself.
1030_t0047_s001,"I voted for border security, and there are…"
1008_t0114_s001,"The way you get a better America is to balance the budget and protect Medicare, Medicaid, education and the environment; to give a targeted tax cut — and let me talk about the education tax cut — to let people have a $10,000 deduction for the cost of college tuition in any year, any kind of college tuition; to give families a tax credit, a dollar for dollar reduction in their taxes for the cost of a typical community college so we can open that to everybody."
1023_t0079_s008,"The second topic, which is you said you get a deduction for taking a plant overseas."
1008_t0101_s010,That’s the issue.
1003_t0085_s004,"But I do think this, that the next president, even within a relatively stable budget and that’s what we are going to have for the foreseeable future will have to make those tough choices that I was talking about and that Mr."
1031_t0686_s002,"You know, we’re planting a billion trees–the Billion Tree Project–and it’s very exciting for a lot of people."
1003_t0045_s016,The Soviets are modernizing.
1031_t0152_s001,They sure do.
1006_t0242_s001,But it’s in your hands.
1006_t0236_s014,"Now, let me pose this question to America."
1027_t0271_s002,"And as far as Japan is concerned, I want to help all of our allies, but we are losing billions and billions of dollars."
1010_t0135_s016,Your responsibility is to show up on November the 5th.
1022_t0088_s001,"Bob, I think it’s going to be important to just — I’ll respond to these two particular allegations that Senator McCain has made and that have gotten a lot of attention."
1027_t0150_s020,But you take the gun away from criminals that shouldn’t be having it.
1026_t0201_s012,And there are two very different paths the country can take.
1033_t0176_s001,401k’s are through the roof.
1027_t0063_s001,"But in—oh, but I do."
1018_t0061_s009,He’s broken the pay-as-you-go rules.
1017_t0079_s004,You should have shown up on the floor in the Senate and voted for it then.
1006_t0015_s030,"We’ll pass on the American dream to our children, and I will not leave our children a situation that they have today."
1007_t0069_s014,"Let me just point out, just today in the Los Angeles Times Clyde Prestowitz, who was one of President Reagan’s leading trade advisers and a life-long conservative Republican, endorsed my candidacy because he knows that I’ll have a free and fair trade policy, a hard-headed, realistic policy, and not get caught up in rubber-stamping everything the Bush administration did."
1001_t0058_s001,"Well, this is another fundamental difference that I have with the vice president, just as I do in the case of health care for 37 million members of working families in this country who don’t have health insurance."
1003_t0023_s004,And that’s grossly unfair to the average American who is paying his taxes and paying them on time and doesn’t have any alternative: it’s taken out of his paycheck.
1010_t0097_s004,How many of you like it?
1026_t0194_s005,"Today, 47 million people on food stamps."
1033_t0323_s002,He was against fracking.
1023_t0036_s017,"And so what I do is I bring down the tax rates, lower deductions and exemptions, the same idea behind Bowles-Simpson, by the way, get the rates down, lower deductions and exemptions, to create more jobs, because there’s nothing better for getting us to a balanced budget than having more people working, earning more money, paying more taxes."
1017_t0101_s008,They’re not taken care of.
1033_t0203_s007,"In other places, other states, $15 would be —"
1025_t0245_s018,"Because if they put their currency down low, that means their prices on their goods are low."
1022_t0155_s017,We can’t say we’re going to do things and then not explain in concrete terms how we’re going to pay for it.
1015_t0025_s009,"Civilians get onto aircraft, and their luggage is X-rayed, but the cargo hold is not X- rayed."
1017_t0066_s022,That’s the difference between us.
1017_t0064_s017,These cards make sense.
1022_t0152_s004,"So choice and competition amongst schools is one of the key elements that’s already been proven in places in like New Orleans and New York City and other places, where we have charter schools, where we take good teachers and we reward them and promote them."
1018_t0026_s004,This president has taken a $5.
1019_t0025_s015,You will know their names.
1026_t0189_s002,I am not wrong.
1023_t0150_s003,What you did instead was to push through a plan without a single Republican vote.
1015_t0118_s012,It’s a central part of dealing with weapons of mass destruction and proliferation.
1015_t0072_s017,"I reject this notion — and I’m suggesting my opponent isn’t — I reject the notion that some say that if you’re Muslim you can’t free, you don’t desire freedom."
1010_t0006_s004,"I’m a beginning educator in this country, and I really think it’s important what children have to say."
1022_t0021_s002,But there is no doubt that we’ve been living beyond our means and we’re going to have to make some adjustments.
1027_t0127_s003,"And the financial disclosure statements, they don’t give you the tax rate."
1019_t0126_s007,"Those pre-conditions would apply that we wouldn’t legitimize with a face to face meeting, a person like Ahmadinejad."
1008_t0057_s002,"I mean, it seemed to me at the time the assault weapon ban was not effective."
1003_t0053_s002,I held off for the applause.
1011_t0156_s008,"And the reason it’s that important is that all of the other issues, whether prescription drugs for all seniors that are opposed by the drug companies or the patient’s bill of rights to take the decisions away from the HMOs and give them to the doctors and nurses, opposed by the HMOs and insurance companies, all these other proposals are going to be a lot easier to get passed for the American people if we limit the influence of special interest money and give democracy back to the American people."
1006_t0172_s018,"You say, well, gee, what are you going to do about that?"
1011_t0020_s004,I would be interested to see if he would say this evening he’ll put Medicare in a lockbox.
1026_t0127_s001,"Governor, the problem is, is that on a whole range of issues, whether it’s the Middle East, whether it’s Afghanistan, whether it’s Iraq, whether it’s now Iran, you’ve been all over the map."
1015_t0102_s003,"That happened long before I arrived in Washington, D."
1017_t0009_s021,That’s why he called him a grave threat.
1014_t0150_s015,And you ought to have some of this surplus so you can save and dream and build.
1029_t0146_s032,Many of the people that are giving her all this money that she can do many more commercials than me gave her—took massive deductions.
1017_t0123_s020,And the president has chosen a policy that makes it impossible for our scientists to do that.
1004_t0070_s002,"We live in a global economy, not a national economy."
1027_t0079_s003,"What I have proposed would be paid for by raising taxes on the wealthy, because they have made all the gains in the economy."
1029_t0232_s001,"Well, within hours I said that I was sorry about the way I talked about that, because my argument is not with his supporters."
1023_t0126_s001,Absolutely.
1004_t0052_s008,"I would say to them, look at the job retraining programs that we’re proposing."
1031_t0590_s001,I do.
1008_t0138_s007,He talks about a smaller government.
1018_t0072_s007,We could speed it up.
1004_t0118_s008,So I would think we can expedite the problem there.
1008_t0108_s007,"Now the reason they don’t have, The reason the President can’t support this is pretty obvious."
1015_t0008_s024,Because an enemy realizes the stakes.
1019_t0131_s002,I don’t even have a seal yet.
1023_t0172_s005,And so what I’ve tried to do as president is to apply those same principles.
1027_t0245_s001,"No, they were taunting us."
1027_t0212_s014,"And we may find out more information because he is still alive, which may prove to be an intelligence benefit."
1033_t0147_s025,"You’ll see, but I think we’re gonna win the House."
1003_t0155_s004,"That’s why tough choices will be required, choices I am prepared to make, Mr."
1007_t0134_s001,Huh?
1030_t0216_s003,You can look at our tax returns.
1017_t0152_s003,process to its end and go to war as a last resort.
1014_t0060_s002,"Under my plan, if you make — the top — the wealthy people pay 62% of the taxes today."
1008_t0123_s006,I will tell you this: I will not give anyone special treatment and I will strictly adhere to the law.
1019_t0058_s001,… deferred and delayed.
1011_t0125_s008,"We come up with practical, common sense solutions for problems that we’re confronted with."
1014_t0092_s010,"But I would like to use my remaining time on this exchange, Jim, to respond to an exchange that took place just a moment ago."
1004_t0063_s006,"And I believe it’ll work because, as Ross said, we got the plans."
1025_t0186_s013,We have Iran four years closer to a nuclear bomb.
1031_t0638_s031,"By the end of this term, 300 judges."
1022_t0092_s001,And that’s not the facts.
1006_t0097_s017,The key is to control the cost and maintain the quality.
1030_t0331_s004,And I think that we will be able to get entitlement spending under control by with more resources and smarter decisions.
1023_t0150_s010,We didn’t cut Medicare.
1029_t0291_s002,"Look, I respect his children."
1029_t0092_s014,"And not only expensive for the person that has it, unbelievably expensive for our country."
1014_t0075_s014,"When I went to the United States Senate, I asked for an assignment to the Armed Services Committee."
1008_t0050_s003,"You don’t want to politicize drugs, but it’s already politicized Medicare, go out and scare senior citizens and other vulnerable groups, veterans and people who get Pell Grants and things like this."
1017_t0096_s009,"And third, credible: Ladies and gentlemen, in 1985, I was one of the first Democrats to move to balance the budget."
1001_t0011_s002,And Mr.
1003_t0150_s001,No.
1029_t0092_s007,It’s only getting worse.
1010_t0019_s007,"Did get a 3 percent increase this year, but that’s not enough."
1029_t0146_s025,But I have no loans with Russia.
1030_t0158_s004,"You know, back in the 1970s, I worked for the Children’s Defense Fund."
1003_t0150_s004,They had thirty of them; we had seven of them.
1006_t0132_s011,It is because we have not grown.
1013_t0002_s014,He’s man of solid judgment and he’s going to be a person to stand by my side.
1006_t0055_s008,I’ve already taken the pledge on cutting the deficit in half.
1003_t0032_s005,I think I’m a reasonably likable guy.
1022_t0167_s001,"Well, thank you again, Bob."
1007_t0010_s011,"And furthermore, under this administration, spending has increased more than it has in the last 20 years and he asked Congress to spend more money than it actually spent."
1004_t0049_s017,"And with this new Congress coming in, gridlock will be gone, and I’ll sit down with them and say let’s get this done."
1033_t0159_s006,He keeps talking about it.
1026_t0067_s023,"And finally, number five, we’ve got to champion small business."
1027_t0012_s002,Our country’s in deep trouble.
1026_t0048_s005,"And I want to make sure they get armed and they have the arms necessary to defend themselves, but also to remove — to remove Assad."
1015_t0018_s017,More in August than July.
1017_t0103_s015,We’re going backwards.
1011_t0113_s021,It’s an illusion.
1031_t0671_s001,That was totally discredited.
1015_t0098_s005,That’s what we caught him doing.
1019_t0004_s013,And we’re not talking about failure of institutions on Wall Street.
1019_t0148_s018,And we have to recognize that the way they’ve been behaving lately demands a sharp response from the international community and our allies.
1025_t0119_s007,It’s been growing about 12 percent per year over a long period of time.
1031_t0596_s005,Figure out how to deal with this.
1019_t0153_s020,"And I have to say, Senator McCain and I, I think agree on the importance of energy, but Senator McCain mentioned earlier the importance of looking at a record."
1030_t0141_s007,But it was a terrible recession.
1031_t0524_s013,The only way we’re gonna bring this country together is bring everybody together.
1010_t0078_s001,"Thank you, well, first let me say that I signed the Family Leave Act."
1022_t0167_s007,America needs a new direction.
1030_t0301_s013,"And so we are going to do very careful, thorough vetting."
1026_t0050_s006,"As you hear from intelligence sources even today, the — the insurgents are highly disparate."
1019_t0150_s002,"His first statement was, “Both sides ought to show restraint."
1004_t0073_s012,We’ve got to help Russia succeed in its revolution and all of its republics.
1030_t0126_s005,"New jobs and clean energy, not only to fight climate change, which is a serious problem, but to create new opportunities and new businesses."
1033_t0228_s001,Wrong.
1023_t0047_s003,This is the approach we have to take to get America to a balanced budget.
1031_t0784_s006,They said that.
1001_t0058_s006,We’ve got to begin to get back to the business of building and rehabilitating housing for families of low and moderate income in this country; housing for young families that they can look forward some day to buy.
1022_t0007_s005,"You were going to put him in a higher tax bracket which was going to increase his taxes, which was going to cause him not to be able to employ people, which Joe was trying to realize the American dream."
1029_t0196_s008,She had a chance to do something with Syria.
1004_t0045_s005,We’re trying to solve it.
1031_t0832_s013,If it’s a fair election.
1033_t0351_s006,"We had the best Black unemployment numbers in the history of our country, Hispanic, women, Asian, people with diplomas, with no diplomas, MIT graduates, number one in the class — everybody had the best numbers."
1001_t0013_s003,I am very careful in public life about dealing with classified information.
1004_t0132_s020,"And you have to have cost controls, yes."
1017_t0118_s010,The intelligence-gathering and the law-enforcement arms of the FBI just couldn’t share intelligence under the old law.
1013_t0199_s009,I mention the last debate —
1029_t0212_s008,"I would specifically target Baghdadi, because I think our targeting of Al Qaida leaders—and I was involved in a lot of those operations, highly classified ones—made a difference."
1031_t0561_s008,And so we have to be engaged with .
1031_t0501_s001,"So you did that, and they call you super-predator and I’m letting people out of jail now, that you have treated the African-American population community, you have treated the black community about as bad as anybody in this country."
1021_t0086_s002,"But the challenge is to know when the United States of American can beneficially effect the outcome of a crisis, when to go in and when not, when American military power is worth the expenditure of our most precious treasure."
1031_t0702_s001,"Well, he hadn’t drawn a line."
1023_t0100_s004,"AARP thinks that the — the savings that we obtained from Medicare bolster the system, lengthen the Medicare trust fund by eight years."
1015_t0052_s010,"But you can’t tell me that when the most troops any other country has on the ground is Great Britain, with 8,300, and below that the four others are below 4,000, and below that, there isn’t anybody out of the hundreds, that we have a genuine coalition to get this job done."
1033_t0147_s003,"That is the worst part of Obamacare, as we call it."
1006_t0013_s013,"And I think it would discipline not only the Congress, which needs it, but also the executive branch."
1011_t0148_s014,It’s time for a fresh start after a season of cynicism.
1031_t0292_s001,"Secondly, the people who have lost their jobs are those people who have been on the front lines."
1008_t0050_s016,Is that the kind of leadership we need?
1011_t0140_s023,If we’re smart and if we trust workers and if we understand the power of the compounding rate of interest.
1031_t0579_s002,Oh really?
1026_t0093_s007,We cut taxes 19 times and balanced our budget.
1008_t0066_s006,That is my solemn obligation.
1014_t0002_s001,I’m glad you clarified that.
1014_t0073_s019,Sanctions are loosened.
1008_t0048_s015,I think we all do.
1006_t0192_s001,I think if Barbara Bush were running this year she’d be elected.
1017_t0061_s004,I’m worried about our country.
1025_t0170_s002,And it’s time for them to get serious on it.
1018_t0113_s012,I can sometimes take myself too seriously.
1025_t0027_s014,And that’s creating jobs.
1031_t0046_s001,You don’t know her view on Roe V.
1023_t0046_s006,"I like PBS, I love Big Bird."
1010_t0083_s014,I met a lady in Colorado Springs about seven weeks ago now.
1033_t0149_s002,"Public option is an option that says that if you, in fact, do not have the wherewithal to be — if you qualify for Medicaid, and you do not have the wherewithal in your state to get Medicaid, you automatically are enrolled, providing competition for insurance companies."
1010_t0028_s014,I think what Mr.
1011_t0099_s015,A difference between big exploding federal government that wants to think on your behalf and a plan that meets priorities and liberates working people to be able to make decisions on your own.
1015_t0100_s006,"Now, with respect to Darfur, yes, it is a genocide."
1017_t0006_s017,And yet he tells you he’s for a middle- class tax cut.
1014_t0118_s024,They’re against the American way.
1033_t0147_s015,I don’t know that it’s going to work.
1008_t0054_s013,"And, there are eight other categories that should not have guns."
1006_t0164_s003,"It’s being worked now in 1700 communities — bypassed Congress on this one, Ross — 1700 communities across the country."
1010_t0059_s002,It’s the age of his ideas that I question.
1031_t0495_s007,"The general who was with him said “All he ever wants to do is divide people, not unite people at all."
1026_t0147_s003,"And what we’ve also done is engaged these governments in the kind of reforms that are actually going to make a difference in people’s lives day to day, to make sure that their governments aren’t corrupt, to make sure that they’re treating women with the kind of respect and dignity that every nation that succeeds has shown and to make sure that they’ve got a free market system that works."
1029_t0054_s008,I don’t think so.
1008_t0061_s006,They asked for the tanks.
1004_t0113_s002,I do think it’s fair to note — he can rebut it — but Arkansas is one of the few states that doesn’t have any civil rights legislation.
1010_t0075_s017,"He promised you a tax cut in 1992, and if you got one, you ought to vote for him."
1030_t0256_s035,And you know who’s going to be the beneficiary?
1027_t0065_s002,It’s called “Stronger Together.
1010_t0004_s001,"I was going to applaud, too."
1004_t0142_s021,We don’t need to do that any more.
1031_t0212_s001,"Well, let’s have this debate-"
1018_t0020_s012,"And we start — we don’t do it exclusively — but we start by rolling back George Bush’s unaffordable tax cut for the wealthiest people, people earning more than $200,000 a year, and we pass, hopefully, the McCain-Kerry Commission which identified some $60 billion that we can get."
1031_t0567_s004,Go ahead.
1004_t0059_s012,"See, we have an adversarial relationship between government and business."
1021_t0052_s012,"And we provide a 50 percent tax credit so that they can buy health insurance for their workers, because there are an awful lot of small businesses that I meet across America that want to do right by their workers but they just can’t afford it."
1031_t0124_s011,” And I just had a meeting with them.
1013_t0095_s002,We’ve got one in Texas.
1008_t0068_s003,"We’ve sort of distanced ourselves from our ally, South Korea."
1019_t0153_s003,I immediately said that this was illegal and objectionable.
1003_t0009_s002,And I made a good selection.
1014_t0021_s011,Than they are on research and development.
1031_t0638_s013,It was a mess.
1027_t0010_s008,That is not how we grow the economy.
1030_t0180_s007,"This is a pattern, a pattern of divisiveness, of a very dark and in many ways dangerous vision of our country, where he incites violence, where he applauds people who are pushing and pulling and punching at his rallies."
1030_t0216_s007,"You know, half of all immigrants—undocumented immigrants in our country—actually pay federal income tax."
1001_t0050_s002,But just take a look at the positions of the ACLU.
1029_t0220_s016,OK?
1017_t0147_s001,"Hi, Linda."
1015_t0058_s002,Nor was I misleading on the day that the president decided to go to war when I said that he had made a mistake in not building strong alliances and that I would have preferred that he did more diplomacy.
1022_t0069_s004,"The important point here is, though, the American people have become so cynical about our politics, because all they see is a tit- for-tat and back-and-forth."
1006_t0067_s023,"Let me say in my case, if I’m out of work, I’ll cut grass tomorrow to take care of my family; I’ll be happy to make shoes, I’ll be happy to make clothing, I’ll make sausage."
1011_t0009_s008,That’s not what I think.
1003_t0106_s013,And it is going to be operating at surpluses and I don’t want the liberal Democratic Congress to spend out of that Social Security Trust Fund or go and take the money out for some other purpose.
1007_t0136_s016,"What we got to do is keep working, as the Labor Dept is doing a first-class job on, to break down discrimination, to break down the glass ceiling."
1030_t0170_s001,I did not say that.
1027_t0136_s001,"It would be squandered, too, believe me."
1027_t0242_s004,And you know the only time it’s ever been invoked?
1019_t0078_s005,Now Senator McCain and President Bush had a very different judgment.
1033_t0053_s002,It’s a ghost town.
1029_t0182_s014,"I think wherever we can cooperate with Russia, that’s fine."
1017_t0137_s011,"I can talk to people, as my wife Teresa does, about making other choices, and about abstinence, and about all these other things that we ought to do as a responsible society."
1019_t0131_s003,"Look, Dr."
1031_t0714_s002,.
1008_t0010_s001,I trust the people.
1006_t0166_s001,"First of all, let me say that I’ve spent more of my time and life on this in the last 12 years than any other issue."
1025_t0104_s001,And — and so we — we took a concerted effort to go out and find women who had backgrounds that could be qualified to become members of our cabinet.
1025_t0059_s007,"When the president took office, the price of gasoline here in Nassau County was about $1."
1033_t0195_s008,"But this, these guys will not help them."
1031_t0666_s004,like a lot of people.
1006_t0196_s001,"Yeah, but wouldn’t that suggest to the American people, then, here’s a quality person, if he decided that he could automatically get the nomination of either party?"
1001_t0061_s025,"Well, that’s a choice we have to make, isn’t it?"
1033_t0030_s005,"Don’t worry, maybe inject bleach — he said he was kidding when he said that, but a lot of people thought it was serious."
1010_t0067_s017,No discrimination.
1004_t0031_s003,"In addition to that, the money that I raise from upper-income people and from asking foreign corporations just to pay the same income on their income earned in America that American corporations do will be used to give incentives back to upper-income people."
1033_t0245_s021,Just to give people a shot.
1026_t0127_s005,"In the same way that you say you would have ended the war in Iraq, but recently gave a speech saying that we should have 20,000 more folks in there."
1014_t0019_s017,"Expediting drugs through the FDA makes sense, of course."
1027_t0026_s015,"And, Hillary, I’d just ask you this."
1019_t0124_s006,"And ironically, the single thing that has strengthened Iran over the last several years has been the war in Iraq."
1026_t0037_s001,…here’s one thing I’ve learned as commander in chief.
1023_t0160_s010,"Innermountain Healthcare does it superbly well, Mayo Clinic is doing it superbly well, Cleveland Clinic, others."
1019_t0114_s014,So I have a record.
1008_t0018_s003,"We ask the people that are viewing tonight, are you better off than you were four years ago."
1019_t0122_s015,So this is a serious threat.
1011_t0146_s007,What Mr.
1022_t0088_s019,"Apparently what they’ve done is they were paying people to go out and register folks, and apparently some of the people who were out there didn’t really register people, they just filled out a bunch of names."
1031_t0820_s006,That is totally legitimate.
1011_t0125_s007,We end up being problem solvers.
1014_t0004_s007,This state became one of the top five in the nation for health care coverage for children under his leadership.
1029_t0071_s001,"I didn’t in the first debate, and I’m going to try not to in this debate, because I’d like to get to the questions that the people have brought here tonight to talk to us about."
1019_t0112_s007,We’ve got to get the support of the people of — of Pakistan.
1013_t0179_s002,So long as people have input.
1018_t0065_s025,But the way to make sure our economy grows is not to raise taxes on small-business owners.
1026_t0054_s001,Right.
1025_t0260_s011,And I believe we’re all children of the same God.
1007_t0109_s011,I wouldn’t relish doing it but I wouldn’t shrink from it.
1004_t0140_s004,"Most of all, I’d like to thank all of you who have touched me in some way over this last year, all the thousands of you whom I’ve seen."
1030_t0145_s028,She totally lied.
1008_t0109_s006,And I just don’t think that dog will hunt this time.
1023_t0038_s003,We went from deficit to surplus.
1026_t0126_s001,… the damage in his — in his own party.
1030_t0145_s012,"Look, our country is stagnant."
1033_t0058_s005,Take a look at North Carolina.
1031_t0584_s002,.
1025_t0059_s010,00 a gallon.
1025_t0222_s022,And this was a — this was a program of the government.
1022_t0063_s004,I don’t.
1011_t0074_s003,And the people of Serbia know that they can escape all those sanctions if this guy is turned out of power.
1031_t0849_s002,They have no idea what happened.
1010_t0103_s012,"And if you open the airways to more things like this, you see it’s not just you that are participating here."
1023_t0141_s001,"Sorry, but that’s just not — that’s just not the facts."
1001_t0005_s007,Governors like me and others have been trying to deal with the consequences.
1031_t0652_s013,He spent a year there.
1029_t0127_s007,I believe in building safe zones.
1026_t0043_s005,"Number two, seeing a — a replacement government being responsible people is critical for us."
1006_t0008_s004,So what is the answer?
1013_t0070_s006,"Like it or not, we are now — the United States is now the natural leader of the world."
1014_t0083_s010,"See, I think the mission has somewhat become fuzzy."
1029_t0240_s001,She’s got tremendous—she’s got tremendous hatred.
1018_t0037_s011,You can’t discriminate in the rights that you afford people.
1008_t0022_s008,"I’ve had the best healthcare from government hospitals, Army hospitals and I know its importance, but we’ve got to fix it."
1015_t0008_s018,"That if given a chance to be free, they will show up at the polls."
1030_t0095_s002,Putin has outsmarted her in Syria.
1033_t0284_s004,Just take a look at what’s happening out there.
1004_t0106_s016,"Secondly, we ought to have treatment on demand."
1013_t0046_s002,I did support it at the time.
1027_t0162_s009,"They want support, they want more training, they want more assistance."
1027_t0301_s008,"And I will tell you this, Lester: It’s not nice."
1033_t0249_s002,"The fact of the matter is, in 2000 though, after the crime bill had been in the law for a while, this is the guy who said, ‘The problem with the crime bill, there’s not enough people in jail."
1013_t0097_s003,"My friend, Phyllis Hunter, is here."
1001_t0034_s003,All of them with little or no health insurance.
1008_t0114_s002,"And then to let people save in an IRA and withdraw from it without a tax penalty for education, home buying or medical expenses, that’s the right way to go into the 21st Century, balance the budget and cut taxes, not balloon with this $550 billion tax scheme."
1001_t0140_s002,I see a man who is young and I am putting my confidence in a whole generation of people that are in their 30Ï€s and 40Ï€s.
1011_t0110_s002,"I strongly support new accountability, so does Governor Bush."
1027_t0279_s005,You have to be able to negotiate our trade deals.
1031_t0347_s001,"By the way, I’m going to eliminate a significant number of the taxes."
1027_t0012_s010,They have a VAT tax.
1029_t0226_s009,I have worked with Latinos—one of my first jobs in politics was down in south Texas registering Latino citizens to be able to vote.
1007_t0069_s016,Anybody else can run the middle class down and run the economy in a ditch.
1003_t0060_s004,"I think of those people that took us back into space again, Rick Houk and that crew, as people that are worthy of this."
1007_t0175_s020,Governor Clinton keeps hitting me on vetoing legislation.
1027_t0242_s007,They had mastered the nuclear fuel cycle under the Bush administration.
1023_t0091_s019,We’re going to give a better prescription program.
1008_t0132_s003,I happen to like President Clinton personally.
1026_t0098_s009,"Well, Governor, we also have fewer horses and bayonets, because the nature of our military’s changed."
1018_t0055_s003,Maybe that explains why Medicare patients are complaining about being pushed off of Medicare.
1031_t0804_s005,.
1026_t0151_s003,And we put a stop to it and as a consequence saved jobs throughout America.
1010_t0002_s014,"Would I understand it if it occurred to me, and I might just say I’m from a large family."
1017_t0057_s021,I don’t see how the Iraqis are going to have confidence in the American president if all they hear is that it was a mistake to be there in the first place.
1007_t0144_s004,"And I suggest that in a free society owned by the people, the American people ought to know what we told Ambassador Glaspie to tell Saddam Hussein, because we spent a lot of money and risked lives and lost lives in that effort, and did not accomplish most of our objectives."
1014_t0115_s002,MEMBER OF AUDIENCE: Hi.
1013_t0074_s002,I think what we need to do is convince people who live in the lands they live in to build the nations.
1001_t0056_s019,And I think maybe we could look back over our shoulders and wonder whether it was right to let all those mental patients out.
1013_t0217_s001,Wait a minute.
1011_t0132_s011,Too many people have been left behind.
1007_t0203_s011,"And, lastly, the other night on character Governor Clinton said it’s not the character of the president but the character of the presidency."
1033_t0118_s009,"Who’s going to tell her, she can’t go back to community college?"
1018_t0024_s010,And I saw a problem in the public education system in America.
1008_t0022_s007,I’m concerned about healthcare.
1033_t0276_s001,"I don’t, I don’t know what to say."
1031_t0740_s003,India does.
1025_t0163_s005,You also have investments through a Cayman’s trust.
1013_t0095_s017,"I believe, though — I believe, as sure as I’m sitting here, that most Americans really care."
1033_t0351_s003,4 million jobs in a short period of time etc.
1013_t0086_s008,And I was surprised at the extent of it.
1008_t0048_s013,"Do I think that I bear some responsibility for the fact that too many of our children still don’t understand drugs are wrong, drugs can kill you."
1001_t0047_s014,But I salute him for his passion.
1014_t0133_s023,"But I’m not proud of any record, sir, I’m not."
1017_t0103_s008,I’ve been for faith-based initiatives helping to intervene in the lives of young children for years.
1015_t0096_s001,Both.
1018_t0043_s023,"And so, those are four ways to help control the costs in health care."
1010_t0084_s012,Why?
1023_t0041_s002,"Well, but he gets the first word of that segment."
1029_t0048_s001,Because you’d be in jail.
1025_t0150_s002,I did not say that the Arizona law was a model for the nation in that aspect.
1023_t0027_s001,"Well, for 18 months he’s been running on this tax plan."
1022_t0130_s010,"All I want to do, if you’ve already got health care, is lower your costs."
1030_t0045_s001,"Well—well, but she said one thing."
1010_t0118_s010,They want to get into our market.
1027_t0026_s016,You’ve been doing this for 30 years.
1017_t0161_s023,And I ask you for the privilege of leading our nation to be stronger at home and respected again in the world.
1013_t0042_s001,I supported that.
1033_t0147_s017,But it no longer is Obamacare.
1013_t0082_s017,"We can work with them on security matters, for example, but it’s their call to make."
1013_t0142_s009,But I don’t think that we can ignore the role played by guns.
1027_t0006_s006,I want us to invest in you.
1029_t0184_s001,"First of all, she was there as secretary of state with the so-called line in the sand, which…"
1014_t0062_s008,"Now, I doubt anybody here makes more than $330,000 a year."
1031_t0226_s002,"Let me shut you down for a second, Joe, just for one second."
1027_t0309_s003,I’m going to be able to do it.
1008_t0132_s017,I have relatives on Medicare.
1006_t0008_s002,The trick is to expand our export base and to expand trade on terms that are fair to us.
1026_t0140_s005,"And as a consequence, veterans’ unemployment is actually now lower than general population."
1010_t0035_s004,"In fact, 1992 we had a bill come before us that all the states had to comply or they’re going to lose certain money."
1015_t0029_s006,We didn’t need that tax cut.
1004_t0102_s015,And he went out and he did it.
1031_t0171_s001,"14,000 people died, not 200,000."
1029_t0151_s040,And I think it’s so important—one of the most important things we can do.
1004_t0038_s010,"I will accept and have accepted the recommendations of 2 proven leaders, General Colin Powell and Secretary Dick Cheney."
1031_t0630_s001,.
1023_t0167_s004,He said he was going to lower tax rates.
1013_t0082_s015,"Putin is going to have to make the decision as to whether or not he wants to adhere to rule of law and normal accounting practices so that if countries and/or entities invest capital, there’s a reasonable rate of return, a way to get the money out of the economy."
1025_t0084_s009,So I want to get some relief to middle-income families.
1022_t0114_s015,We are going to invest in information technology to eliminate bureaucracy and make the system more efficient.
1015_t0050_s007,I understand how hard it is.
1006_t0172_s030,"Now, that has nothing to do with learning."
1011_t0110_s012,I would like to tell you a quick story.
1030_t0128_s013,Why aren’t the NATO questioned—why aren’t they paying?
1027_t0261_s003,"Believe me, he’s not a happy camper."
1025_t0097_s001,"And I just described — I just described to you, Mr."
1003_t0071_s001,I didn’t hear the word “liberal” or “left” one time.
1014_t0027_s017,We need a program for the uninsured.
1004_t0010_s014,"But I believe that this Agenda for American renewal I have is the answer to do it, and I believe we can get it done now, whereas we didn’t in the past, because you’re going to have a whole brand new bunch of people in the Congress that are going to have to listen to the same American people I’m listening to."
1026_t0104_s002,It is our greatest ally in the region.
1014_t0090_s015,"There is a great program called Project Exile in Richmond, Virginia, where we focused federal taxpayers’ money and federal prosecutors and went after people who were illegally using guns."
1001_t0003_s004,"So we’ve seen a deterioration in values, and one of the things that I think we should do about it in terms of cause is to instill values into the young people in our schools."
1001_t0088_s018,"And he continues to support a failed policy in Central America which is getting worse and worse, and which has in fact increased Cuban and Soviet influence in that region."
1031_t0738_s001,"Wait a minute, Chris."
1017_t0009_s013,"And I saw a unique threat in Saddam Hussein, as did my opponent, because we thought he had weapons of mass destruction."
1021_t0027_s006,We’ve got to invest in college affordability.
1033_t0147_s024,"And I think we’re going to win the House, okay?"
1014_t0010_s005,"They like it because it doesn’t accomplish what I think really needs to be accomplished to give the decisions back to the doctors and nurses and give you a right of appeal to somebody other than the HMO or insurance company, let you go to the nearest emergency room without having to call an HMO before you call 911, to let you see a specialist if you need to, and it has strong bipartisan support."
1003_t0169_s011,Mr.
1022_t0167_s009,"I have a record of reform, and taking on my party, the other party, the special interests, whether it be an HMO Patients’ Bill of Rights, or trying to clean up the campaign finance system in — in this country, or whether it be establishment of a 9/11 Commission, I have a long record of it."
1022_t0032_s009,Senator Obama has asked for nearly $1 billion in pork-barrel earmark projects…
1011_t0099_s007,There is a huge difference in this campaign.
1021_t0077_s006,American citizens understand that.
1025_t0222_s019,The — the greatest failure we’ve had with regards to — to gun violence in some respects is what — what is known as Fast and Furious.
1015_t0090_s005,"And so I decided that a better way to approach the issue was to get other nations involved, just besides us."
1010_t0114_s004,Reduce the capital gains rate.
1010_t0124_s014,"When you have 900 files gathered up by some guy who is a bouncer in a bar and hired a security officer to collect files, in Watergate — I know a person who went to jail for looking at one file, one FBI file."
1003_t0157_s006,"That wouldn’t have stopped if we hadn’t been willing wouldn’t have even started, the Soviets coming out, if we hadn’t even been willing to support the freedom fighters there."
1022_t0030_s005,And the point is that we become energy independent and we will create millions of jobs — millions of jobs in America.
1027_t0026_s002,"We invested in a solar company, our country."
1001_t0116_s005,"Now, it’s fine to say that sometimes you have to hit base camps, but when the president saw this state sponsored-fingerprints of Muammar Khadaffi on the loss of American life, he hit Libya."
1008_t0037_s015,"I said that one day and Pat Moynihan, a Democrat, say, no, he said, in the history of the world."
1033_t0049_s002,"The transmittal rate to the teachers is very small, but I want to open the schools."
1001_t0009_s008,"I remember being in a high school in my own state as we were organizing something we call the Governor’s Alliance Against Drugs, and a young 16 year old girl coming up to me, desperate, addicted, dependent, saying, Governor, I need help."
1030_t0256_s040,"You shouldn’t have been in Iraq, but once you were in Iraq, you should have never left the way."
1007_t0031_s002,"I’d like to see a balanced budget amendment for America, to protect the American taxpayers, and then that would discipline not only the executive branch but the spending Congress, the Congress that’s been in control of one party, his party, for 38 years."
1029_t0088_s012,"Number four, if you’re under 26, and your parents have a policy, you can be on that policy until the age of 26, something that didn’t happen before."
1008_t0118_s011,"President, but you’re stuck with it because that’s your record, that’s your record in Arkansas: The biggest tax increase in history."
1015_t0138_s005,"My fellow Americans, as I’ve said at the very beginning of this debate, both President Bush and I love this country very much."
1008_t0033_s002,"I want to increase spending 14 percent, that’s how simple it is."
1021_t0016_s004,"I’ll bet you, you may never even have heard of them before this crisis."
1017_t0090_s019,"If you care about it, why don’t you veto it?"
1027_t0010_s007,"I call it trumped-up trickle-down, because that’s exactly what it would be."
1001_t0098_s011,But you have to have a little bit of experience to know where to start.
1007_t0057_s012,"Look, I am a job creator, not a job destroyer."
1025_t0186_s005,"But I find more troubling than this, that on — on the day following the assassination of the United States ambassador, the first time that’s happened since 1979, when — when we have four Americans killed there, when apparently we didn’t know what happened, that the president, the day after that happened, flies to Las Vegas for a political fund-raiser, then the next day to Colorado for another event, other political event."
1003_t0058_s019,"In many cases they are people in the community who are examples, and are role models."
1022_t0062_s001,Congratulations.
1011_t0115_s007,You don’t test every year.
1011_t0060_s008,I don’t believe in liberal activist judges.
1003_t0080_s004,"And I think it has to be the woman, in the exercise of her own conscience and religious beliefs, that makes that decision."
1007_t0045_s003,"He really didn’t have a new economic program until over 1300 days into his presidency, and not all of his health care initiative has been presented to the Congress even now."
1008_t0108_s008,"It’s not taking anything away from schools, it’s new money."
1006_t0172_s019,"Well, the White House is a bully pulpit, and I think we ought to be pounding on the table every day."
1018_t0081_s001,Which time limit.
1029_t0220_s031,"I mean, it’s—you know, and I’ve been saying at big speeches where I have 20,000 and 30,000 people, what do you have to lose?"
1008_t0075_s005,The Kennedy-Kassebaum bill that I signed will make it possible for 25 million people to keep their health insurance when they change jobs or when somebody in their family’s been sick.
1021_t0023_s011,They’re most effective.
1023_t0072_s016,And all that raises revenue.
1033_t0020_s014,"And you know, I caught it."
1001_t0005_s005,Here we are with a government that’s been dealing with a drug-running Panamanian dictator.
1006_t0013_s028,I just don’t believe that would stimulate any kind of growth at all.
1008_t0134_s001,"Well, I’d say the first homeless bill in the Senate was the Dole-Byrd Byrd-Dole bill, I can’t remember who was in control then."
1007_t0189_s014,Truman is right.
1006_t0045_s012,"So in principle, though, I’ll take your point and think we ought to discuss child care or whatever else it is."
1014_t0027_s020,The number of uninsured has now gone up for the past seven years.
1017_t0020_s025,I’m going to get the training done for our troops.
1027_t0143_s001,"Well, sometimes there’s not a direct transfer of skills from business to government, but sometimes what happened in business would be really bad for government."
1019_t0110_s016,And I’ve said this to President Karzai.
1030_t0204_s002,I’m very proud of that.
1027_t0184_s003,"And her campaign manager, Patti Doyle, went to—during the campaign, her campaign against President Obama, fought very hard."
1015_t0023_s007,"Now, we can succeed."
1018_t0049_s004,And I’m very proud of that.
1017_t0101_s015,We’re spending $1 billion to come up with the technologies to do that.
1007_t0095_s003,We ought to make them disclose the people they’ve given money to when they’re testifying before congressional committees; we ought to close the lawyers’ loopholes; they ought to have to disclose when they’re really lobbying.
1030_t0149_s005,I’m against it now.
1027_t0137_s004,"I’ve met dishwashers, painters, architects, glass installers, marble installers, drapery installers, like my dad was, who you refused to pay when they finished the work that you asked them to do."
1008_t0136_s010,"I think they’re better off, all of us are, that we got the interest rates down and the deficit down."
1018_t0102_s009,"I believe the best way to help our small businesses is not only through small-business loans, which we have increased since I’ve been the president of the United States, but to unbundle government contracts so people have a chance to be able to bid and receive a contract to help get their business going."
1004_t0140_s007,I’d like to thank the people who’ve started with Mr.
1007_t0167_s003,"And if you watch it Thursday, Friday, Saturday this week, you’ll get more."
1025_t0265_s010,"Loves his family, cares about his faith."
1027_t0014_s004,"We cannot do it any longer, Lester."
1026_t0117_s002,"If we’re going to talk about trips that we’ve taken — when I was a candidate for office, first trip I took was to visit our troops."
1027_t0006_s018,We’re going to do it by having the wealthy pay their fair share and close the corporate loopholes.
1026_t0063_s004,They don’t vote for war.
1015_t0034_s016,"We didn’t guard the foreign office, where you might have found information about weapons of mass destruction."
1010_t0007_s018,"They’re watching what we do, what we say, what we promise and what we finally deliver."
1014_t0032_s015,"That’s why I support a teacher liability act at the federal level, that says if a teacher or principal upholds reasonable standards of classroom discipline they can’t be sued."
1022_t0024_s009,I mentioned health care earlier.
1013_t0139_s001,The state.
1013_t0034_s006,Vice President.
1033_t0147_s014,We have the individual mandate done.
1006_t0155_s018,And I think I got a good plan to help fix those problems at home.
1006_t0215_s001,Absolutely.
1007_t0117_s015,That’s quite different than taking a position where you know it’s best for you.
1019_t0012_s005,You’ve mentioned President Dwight David Eisenhower.
1023_t0062_s012,And the reality is it’s not just wealthy people — you mentioned Donald Trump.
1017_t0112_s008,"This is different from saying, “OK, let me incent you to go on the government."
1021_t0034_s004,But we can do them all at once.
1003_t0118_s001,that is a very good reason for voting for Mike Dukakis and Lloyd Bentsen on the 8th of November.
1031_t0124_s006,"And that destroyed … They shouldn’t even call it Obamacare, then I had a choice to make, do I let my people run it really well or badly?"
1026_t0068_s009,"You know, under my leadership, what we’ve done is reformed education, working with governors, 46 states."
1015_t0006_s015,The A.
1031_t0209_s003,You didn’t go to Delaware State.
1022_t0098_s005,"When she was the head of their energy and natural resources board, she saw corruption, she resigned and said, “This can’t go on."
1022_t0060_s006,"What the American people can’t afford, though, is four more years of failed economic policies."
1033_t0195_s009,He is not giving them any of the money.
1015_t0090_s015,"He wants to unravel the six- party talks, or the five-nation coalition that’s sending him a clear message."
1017_t0098_s007,Look at the record of the man running for the president.
1006_t0101_s016,None of them ever get implemented because — let me give you an example.
1026_t0065_s020,And taking us back to those kinds of strategies that got us into this mess are not the way that we are going to maintain leadership in the 21st century.
1010_t0131_s019,"It’s sort of ad hoc, just whatever comes up, we’ll deal with it."
1004_t0038_s002,"If you look at the cost of not keeping the peace in Europe, it would be exorbitant."
1023_t0014_s029,"And finally, with regards to that tax cut, look, I’m not looking to cut massive taxes and to reduce the — the revenues going to the government."
1022_t0157_s019,"A lot of people, including me, said, look, it’s not doing what it should do."
1013_t0034_s002,If I think it’s in our nation’s strategic interest I’ll commit troops.
1001_t0050_s009,I like those ratings systems.
1031_t0308_s001,Show us your tax returns.
1029_t0264_s006,"And so I would want to see the Supreme Court reverse Citizens United and get dark, unaccountable money out of our politics."
1015_t0127_s001,"Well, let me just say quickly that I’ve had an extraordinary experience of watching up close and personal that transition in Russia, because I was there right after the transformation."
1031_t0596_s003,He doesn’t want to calm things down.
1027_t0008_s007,And we have a very good fight.
1019_t0114_s023,And they all say to me that we don’t want defeat.
1013_t0161_s009,I believe everybody who pays taxes ought to get tax relief.
1021_t0006_s020,Yes.
1006_t0151_s007,I do hope you will read our plans.
1030_t0006_s005,And she was forced to apologize.
1031_t0228_s001,Because it’s a political thing.
1025_t0089_s010,He can’t tell you.
1015_t0083_s008,"And, yes, he would have been stronger had we not dealt with him."
1027_t0216_s003,"Under your direction, to a large extent."
1011_t0107_s001,Take for example the marriage penalty.
1013_t0131_s024,It’s the law-abiding citizens who will do that.
1006_t0067_s014,"The president wants it, but we can’t get it because we sit here in gridlock because it’s a campaign year."
1001_t0013_s012,"I went down there and talked to the president of Panama about cleaning up their money laundering, and Mr."
1018_t0089_s001,"Well, I think the fact that they’re facing these repeated call-ups, some of them two and three deployments, and there’s a stop- loss policy that prevents people from being able to get out when their time was up, is a reflection of the bad judgment this president exercised in how he has engaged in the world and deployed our forces."
1025_t0104_s003,"I was proud of the fact that after I staffed my Cabinet and my senior staff, that the University of New York in Albany did a survey of all 50 states, and concluded that mine had more women in senior leadership positions than any other state in America."
1027_t0253_s011,"I say, who makes these—we lose on everything."
1008_t0133_s009,That’s what I’d like them to know about me; that I’ve gotten up every day and worked for the American people and worked so that their children could have their dreams come true.
1033_t0290_s001,"38,000 prisoners were released from federal prison."
1001_t0103_s001,"What I think we ought to do is take a look at perestroika and glasnost, welcome them, but keep our eyes open."
1006_t0065_s003,This is not mud slinging.
1007_t0111_s006,He got a deferment or he didn’t.
1015_t0023_s002,"And I will succeed for those troops, now that we’re there."
1026_t0151_s006,They feel as if they had finally an administration who was going to take this issue seriously.
1003_t0025_s002,He has raised taxes several times.
1006_t0013_s001,"Well, I’m a little confused here, because I don’t see how you can grow the deficit down by raising people’s taxes."
1029_t0130_s001,That’s not been debunked.
1010_t0096_s006,Maybe that’s part of the answer.
1014_t0075_s003,We stand for those values and we have to be willing to assert them.
1013_t0044_s001,"Yes, I voted for it, supported it."
1026_t0041_s001,"What we’ve done is organize the international community, saying Assad has to go."
1006_t0101_s013,The facts are you now have a government that comes at you.
1003_t0120_s004,I don’t appoint people I think are liberal or people who think – who I think are conservative.
1008_t0061_s003,Now I understand it’s been extended ’til some time next year.
1023_t0062_s017,I don’t want to kill jobs in this environment.
1022_t0056_s005,So I think the tone of this campaign could have been very different.
1021_t0073_s004,"If you’ve got health insurance, most of you have seen your premiums double over the last eight years."
1018_t0069_s018,"We got to start moving them toward full citizenship, out of the shadows."
1011_t0140_s008,The vice president thinks it’s the government’s money.
1004_t0052_s014,But it is a good program.
1013_t0087_s008,I don’t think they ought to be held guilty.
1021_t0109_s001,It’d be fine with me.
1015_t0006_s012,America and the world are safer for it.
1019_t0163_s002,That was the key legislation at the time and put us on the road to eliminating this issue of nuclear waste and the nuclear fuel that has to be taken care of.
1017_t0096_s003,Those are the fuzzy math figures put together by some group that works for the campaign.
1008_t0014_s017,Renee Proval is probably better off than he was four years ago.
1018_t0098_s004,"I’ve been a hunter since I was a kid, 12, 13 years old."
1025_t0260_s001,"Thank you, and that’s an opportunity for me, and I appreciate it."
1033_t0317_s002,Show the tape.
1025_t0168_s001,I do want to make sure that — I do want to make sure that we just understand something.
1001_t0088_s006,"Remember that, George?"
1022_t0019_s001,The fact is that businesses in America today are paying the second highest tax rate of anywhere in the world.
1021_t0057_s004,"We know what the problems are, my friends, and we know what the fixes are."
1018_t0069_s014,"Secondly, we need a guest-worker program, but if it’s all we have, it’s not going to solve the problem."
1010_t0083_s025,We’ve got to stop some of these frivolous lawsuits.
1007_t0008_s012,We gave it off to a slow start and a fast finish to give the economy time to recover.
1014_t0133_s020,I’m not proud of any record.
1031_t0784_s010,"Number two, we’re going to make sure that those people who want to vote in person are able to vote because there are enough poll watchers are there to make sure they can socially distance."
1026_t0112_s021,There are inspections that are very intrusive.
1033_t0162_s002,"When he talks about a public option, he’s talking about destroying your Medicare, totally destroying — and destroying your Social Security."
1014_t0108_s007,"She and her husband made us grandparents almost a year-and-a-half ago, and yet if she’ll forgive me, when she was little, she brought a record home that had some awful lyrics in it and Tipper hit the ceiling."
1021_t0043_s003,There’s easy money out there.
1031_t0032_s001,"And if you were here, it wouldn’t be 200, it would be two million people because you were very late on the draw."
1017_t0103_s013,Here they’re leaving the skies and the environment behind.
1030_t0268_s001,Iran is taking over Iraq.
1030_t0035_s003,"In the audience tonight, we have four mothers of—I mean, these are unbelievable people that I’ve gotten to know over a period of years whose children have been killed, brutally killed by people that came into the country illegally."
1017_t0071_s020,You’ve gone up 64 percent.
1011_t0104_s008,Every middle class family is eligible for a tax cut under my proposal.
1015_t0050_s029,And a free Iraq is going to make this world a more peaceful place.
1033_t0295_s002,Sometimes you gotta talk ’em into it.
1001_t0145_s006,"And as a matter of fact, I think for most people the notion of President Quayle is a very very troubling thought."
1007_t0045_s007,"They will be my first priority, not my election year concern."
1018_t0053_s015,And just look at other countries that have tried to have federally controlled health care.
1014_t0144_s002,Because the trillion dollars that has been promised to young people has also been promised to older people.
1004_t0138_s015,"Think of your dreams as a child and ask yourself, isn’t it time to stop talking about it?"
1025_t0082_s001,You’re doing great.
1014_t0142_s031,I’m going to bring them together.
1025_t0182_s005,So nobody is more concerned about their safety and security than I am.
1029_t0134_s001,I was against—I was against the war in Iraq.
1008_t0024_s003,I vetoed that bill because it cut more Medicare and and basically ran the risk of breaking up the system.
1018_t0091_s004,Some of them had been there before.
1007_t0157_s006,"And the battlefield was searched, and there wasn’t one single iota of evidence that any US weapons were on that battlefield."
1007_t0012_s002,He refers to one tax increase.
1029_t0230_s001,I want to be the best president I can be for every American.
1026_t0193_s011,That’s why we have to move forward and not go back.
1021_t0023_s003,"My friend, I’d like you to see the letter that a group of senators and I wrote warning exactly of this crisis."
1008_t0066_s009,Our values must be at stake.
1031_t0802_s003,.
1004_t0022_s002,Bush.
1031_t0704_s001,It’s all true.
1015_t0004_s020,"We can do a better job of training the Iraqi forces to defend themselves, and I know that we can do a better job of preparing for elections."
1031_t0008_s009,So I think she’s going to be fantastic.
1013_t0074_s007,That’s what it’s meant to do.
1021_t0073_s015,"If you don’t have health insurance, you’re going to be able to buy the same kind of insurance that Senator McCain and I enjoy as federal employees."
1013_t0081_s013,"Are we going to step up to the plate as a nation the way we did after World War II, the way that generation of heroes said okay, the United States is going to be the leader."
1017_t0081_s014,"And plus, we cut taxes for everybody."
1025_t0260_s007,I understand what it takes to make a bright and prosperous future for America again.
1031_t0717_s001,"You know, that’s not true either, right?"
1029_t0256_s003,He would send us back into recession with his tax plans that benefit the wealthiest of Americans.
1013_t0163_s011,And so they’re looking for ways to satisfy their desire for a better life and still reduce pollution at the same time.
1017_t0115_s010,It’s a fact.
1033_t0256_s006,Look at us closely.
1026_t0158_s013,I disagree with that.
1006_t0077_s010,"I also believe that we should offer college scholarships to people who will agree to work them off as police officers, and I think, as we reduce our military forces, we should let people earn military retirement by coming out and working as police officers."
1017_t0057_s022,"This war is a long, long war, and it requires steadfast determination and it requires a complete understanding that we not only chase down Al Qaida but we disrupt terrorist safe havens as well as people who could provide the terrorists with support."
1003_t0010_s013,They want to judge it on the record itself.
1017_t0105_s006,"And we’ll continue to spend money on research and development, because I truly believe that’s the way to get from how we live today to being able to live a standard of living that we’re accustomed to and being able to protect our environment better, the use of technologies."
1031_t0345_s001,"Well, just take a look at what is the analysis done by Wall Street firms, points out that my economic plan would create 7 million more jobs than his in four years, number one."
1027_t0160_s005,"Stop-and-frisk was found to be unconstitutional and, in part, because it was ineffective."
1006_t0238_s004,I am action oriented.
1006_t0023_s008,"My record on world affairs is pretty well known because I’ve been president for 4 years, so I feel I’ve been talking issues."
1027_t0196_s025,And I have been given great credit for what I did.
1010_t0007_s007,Nobody knows who hired this man.
1013_t0228_s004,"I agree with Governor Bush that we should have new accountability, testing of students."
1010_t0040_s011,Medicare needs help now.
1008_t0091_s003,It seemed to me the violence stopped when these leaders came to America.
1007_t0057_s013,It is the Bush administration that has had no new jobs in the private sector in the last 4 years.
1018_t0065_s018,But we acted.
1018_t0035_s005,"And I also know in a free society people, consenting adults can live the way they want to live."
1003_t0160_s005,What’s been going on?
1015_t0042_s024,But this president hasn’t even held the kind of statesman-like summits that pull people together and get them to invest in those states.
1026_t0065_s001,America remains the one indispensable nation.
1007_t0186_s002,"Key thing here, see, we all come up with images."
1031_t0633_s003,.
1001_t0080_s013,"These programs have been cut and slashed and butchered, and they’ve hurt kids all over this country."
1013_t0086_s011,"Now, that runs counter to what the United States of America is all about at our core."
1027_t0162_s003,"And therefore, I think we need all of us to be asking hard questions about, you know, why am I feeling this way?"
1017_t0134_s014,Will we have equal opportunity?
1014_t0081_s002,"Just to finish briefly, I started to say that for the last eight years I’ve been on the National Security Council."
1006_t0157_s005,"We’ve got agreements, but they are still there."
1013_t0012_s008,"It’s too much to hope that this is going to continue, but I do hope that it will continue."
1031_t0017_s001,"Well, you’re certainly going to socialist."
1014_t0017_s008,"If I’m the president, we’re going to have emergency room care, we’re going have gag orders, we’re going to have direct access to OB/GYN."
1021_t0006_s006,"Americans are angry, they’re upset, and they’re a little fearful."
1031_t0157_s001,Wrong.
1029_t0188_s015,She talks in favor of the rebels.
1023_t0091_s012,” That’s not just going after places where there’s abuse.
1003_t0078_s003,"Barb and I lost a child, you know that we lost a daughter, Robin."
1013_t0014_s012,He better not be or there’s going to be a consequence should I be the president.
1023_t0046_s005,I’m going to stop other things.
1023_t0102_s001,What I support is no change for current retirees and near-retirees to Medicare.
1011_t0157_s001,"You know, this man has no credibility on the issue."
1030_t0105_s003,"But if the United States got along with Russia, wouldn’t be so bad."
1007_t0167_s005,President.
1019_t0112_s002,"And the result over time was the Taliban, Al Qaida, and a lot of the difficulties we are facing today."
1026_t0039_s009,"But number five, the other thing that we have to do is recognize that we can’t continue to do nation building in these regions."
1031_t0714_s003,.
1025_t0236_s003,"When Governor Romney was asked whether teachers, hiring more teachers was important to growing our economy, Governor Romney said that doesn’t grow our economy."
1030_t0335_s017,They have no jobs.
1013_t0163_s001,I do.
1013_t0006_s008,So I don’t think they ought to look at us in any way other than what we are.
1023_t0061_s004,We still have trillion-dollar deficits.
1001_t0140_s010,And he has my full confidence and he’ll have the confidence of people that are in their 30Ï€s and 40Ï€s and more.
1027_t0079_s002,What I have proposed would cut regulations and streamline them for small businesses.
1004_t0125_s008,"And just remember this, folks."
1013_t0064_s004,And that’s a case where we need to use our influence to have countries in Africa come together and help deal with the situation.
1026_t0046_s004,And we are making sure that those we help are those who will be friends of ours in the long term and friends of our allies in the region over the long term.
1025_t0144_s022,Those who’ve come here illegally take their place.
1015_t0090_s004,And we signed an agreement with North Korea that my administration found out that was not being honored by the North Koreans.
1010_t0134_s028,It’s a very proud moment for me.
1019_t0116_s009,"The question is for the next president, are we making good judgments about how to keep America safe precisely because sending our military into battle is such an enormous step."
1033_t0336_s001,I see.
1008_t0136_s009,The deficit was bigger than I thought it was going to be.
1030_t0008_s012,"And what I was saying that you referenced, Chris, was that I disagreed with the way the court applied the Second Amendment in that case, because what the District of Columbia was trying to do was to protect toddlers from guns and so they wanted people with guns to safely store them."
1033_t0309_s008,"And the fumes coming up — if you’re a believer in carbon emission, the fumes coming up to make — make these massive windmills is more than anything that we’re talking about with natural gas, which is very clean."
1018_t0003_s008,Yes.
1006_t0061_s012,Everyone knows that.
1029_t0238_s003,You look at Charlotte.
1025_t0185_s002,"And — and I — I think the president just said correctly that the buck does stop at his desk and — and he takes responsibility for — for that — for the failure in providing those security resources, and — and those terrible things may well happen from time to time."
1001_t0160_s023,Thank you very much.
1019_t0100_s014,We’ve been successful in Afghanistan.
1027_t0263_s017,"He says it’s a secret plan, but the only secret is that he has no plan."
1030_t0335_s006,We have a depleted military.
1006_t0157_s014,Germany and Japan spend around $30 billion a piece.
1017_t0059_s004,I understand that.
1021_t0019_s003,He jumped on it a year after it had been introduced and it never got passed.
1030_t0004_s003,"You know, I think when we talk about the Supreme Court, it really raises the central issue in this election, namely, what kind of country are we going to be?"
1027_t0150_s019,It brought the crime rate way down.
1014_t0032_s010,"I believe we ought to measure a lot, three, four, five, six, seven, eighth grade."
1006_t0097_s018,"To do that you need a system of managed competition where all of us are covered in big groups and we can choose our doctors and our hospitals, a wide range, but there is an incentive to control costs."
1008_t0118_s002,So I think he’s a bit taller than I am.
1033_t0020_s001,I did not say over soon.
1008_t0132_s015,"I know this to be a fact because I had one tell me last week, Senator don’t cut my Medicare."
1033_t0333_s001,It is a big statement because I would stop —
1007_t0167_s019,"I don’t have a free reserved parking place at Natl Airport, why should my servants?"
1023_t0007_s025,"Number four, get to us a balanced budget."
1014_t0034_s004,"Where there are no failing schools, where the classrooms are small enough in size, number of students, so that the teacher can spend enough one-on-one time with each student."
1006_t0155_s001,"Well, we have come to that position."
1023_t0011_s002,"Now, in order for us to do it, we do have to close our deficit, and one of the things I’m sure we’ll be discussing tonight is, how do we deal with our tax code?"
1030_t0092_s001,"Well, he’d rather believe Vladimir Putin than the military and civilian intelligence professionals who are sworn to protect us."
1026_t0147_s010,But there are always going to be elements in these countries that potentially threaten the United States.
1033_t0159_s001,My response is people deserve to have affordable health care — period.
1021_t0125_s006,"He has gradually repressed most of the liberties that we would expect for nations to observe, and he has exhibited most aggressive behavior, obviously, in Georgia."
1018_t0089_s013,He said he would work through a real alliance.
1001_t0160_s010,The best poverty program is a job with dignity in the private sector.
1025_t0006_s008,I can’t find a job.
1027_t0190_s002,"I figured you’d ask the question tonight, of course."
1019_t0114_s017,"” He was 22 years old and he was killed in combat outside of Baghdad, Matthew Stanley, before Christmas last year."
1023_t0068_s003,He’s ruled out revenue.
1011_t0041_s005,I worked to get $400 million just a couple of weeks ago.
1006_t0013_s025,That’s the main growing thing in the budget.
1017_t0149_s012,And the biggest threat facing America is terrorists with weapons of mass destruction.
1010_t0061_s001,Tell him you can have everything you got.
1003_t0003_s002,And I think you know that I’ve opposed the death penalty during all of my life.
1031_t0786_s011,"And by the way, you gave the idea for the Logan Act against General Flynn."
1026_t0019_s002,You didn’t want a status of…
1013_t0149_s003,"In fact, I’m for shrinking the size of government."
1017_t0090_s021,"I mean, you’ve got to stand up and fight somewhere, folks."
1026_t0147_s007,In Egypt we stood on the side of democracy.
1018_t0053_s011,It’s estimated that 8 million people will go from private insurance to government insurance.
1014_t0144_s009,The reason Social Security — he says it gets 2%.
1026_t0142_s002,It’s a nation that’s not like — like others and it does not have a civilian leadership that is calling the shots there.
1008_t0056_s007,He didn’t succeed and I signed it and I’m glad I did.
1015_t0004_s009,And I believe President Bush and I both love our country equally.
1026_t0188_s001,…you’re wrong.
1026_t0009_s001,"Well, my first job as commander in chief, Bob, is to keep the American people safe."
1010_t0124_s009,By example.
1014_t0090_s005,"Here is what I believe, sir."
1031_t0820_s002,"When you file—when you get a ballot and you fill it out, you’re supposed to have an affidavit."
1019_t0088_s003,But let’s get back to the core issue here.
1015_t0129_s001,You know my opinion on North Korea.
1027_t0010_s016,My father was a small-businessman.
1001_t0068_s004,No other state programs do that.
1025_t0119_s015,"And then let’s take the last one, championing small business."
1027_t0275_s003,We need a lot of things.
1023_t0144_s022,It has killed jobs.
1006_t0238_s032,"I’ve been paying taxes just like you and Lord knows, I’ve paid my share — over a billion in taxes."
1015_t0044_s018,” I know how these people think.
1011_t0132_s008,We have gone from a triple-dip recession during the previous 12 years to a tripling of the stock market.
1021_t0130_s021,That will strengthen us and weaken them when it comes to issues like Georgia.
1004_t0109_s015,"See, divided teams lose; united teams win."
1011_t0020_s015,"Under Governor Bush’s plan, they would get not one penny for four to five years and then they would be forced to go into an HMO or to an insurance company and ask them for coverage, but there would be no limit on the premiums or the deductibles or any of the terms and conditions."
1015_t0079_s007,But a president must always be willing to use troops.
1019_t0179_s005,We haven’t done enough in terms of transit; we haven’t done enough in terms of ports.
1022_t0089_s003,So — and you launched your political campaign in Mr.
1019_t0182_s012,And I think Americans will judge very seriously as to whether that’s the right path or the wrong path and who should be the next president of the United States.
1001_t0050_s015,I don’t agree with that.
1011_t0038_s006,"And in the long-term we have to give new incentives for the development of domestic resources like deep gas in the western Gulf, like stripper wells for oil, but also renewable sources of energy."
1014_t0062_s007,I want to be.
1030_t0024_s004,Wade.
1019_t0035_s002,"Right now, in the United States of America, business pays the second-highest business taxes in the world, 35 percent."
1023_t0013_s014,I’ll call it the economy tax.
1006_t0006_s001,"Carole, the thing that saved us in this global economic slowdown has been our exports, and what I’m trying to do is increase our exports."
1008_t0136_s013,But we’ll get the rest of that tax relief.
1025_t0144_s015,"I also think that we should give visas to people — green cards, rather, to people who graduate with skills that we need."
1008_t0014_s006,4 percent.
1033_t0087_s005,I carried out US policy.
1027_t0035_s011,"I think it is a part of it, and I’ve said what I’m going to do."
1010_t0071_s002,What’s your first name?
1031_t0749_s001,He made a statement about the military.
1022_t0069_s001,… my response.
1029_t0039_s004,"When I hear something like that, I am reminded of what my friend, Michelle Obama, advised us all: When they go low, you go high."
1030_t0163_s007,"They hired people—they paid them $1,500, and they’re on tape saying be violent, cause fights, do bad things."
1019_t0073_s004,I have a long record and the American people know me very well and that is independent and a maverick of the Senate and I’m happy to say that I’ve got a partner that’s a good maverick along with me now.
1010_t0099_s001,"Well, one of the things that I tried to do was to make sure that everybody in the country who was under a managed care plan should at least have three choices of plans, and would have the right to get out without penalty every year."
1008_t0002_s001,"Thank you, Jim."
1017_t0158_s001,Do you want to go first?
1029_t0013_s013,"Yes, I’m very embarrassed by it."
1015_t0008_s021,It’s hard work.
1025_t0104_s002,"I went to a number of women’s groups and said, “Can you help us find folks,” and they brought us whole binders full of women."
1017_t0152_s004,"I ask each of you just to look into your hearts, look into your guts."
1022_t0102_s011,Maybe that’s why he’s asked for 860 — sought and proposed $860 billion worth of new spending and wants to raise people’s taxes in a time of incredible challenge and difficulty and heartache for the American families.
1001_t0068_s005,And I favor the death penalty.
1013_t0010_s007,We can lend money but we have to do it wisely.
1006_t0094_s010,It takes both.
1031_t0347_s002,I’m going to make the corporate tax 28%.
1029_t0088_s001,"Well, I think Donald was about to say he’s going to solve it by repealing it and getting rid of the Affordable Care Act."
1023_t0152_s008,"One is to simply leave a whole bunch of people uninsured and let them fend for themselves, to let businesses figure out how long they can continue to pay premiums until finally they just give up, and their workers are no longer getting insured, and that’s been the trend line."
1007_t0175_s003,Term limits for members of the US Congress.
1014_t0046_s017,"I hear from teachers all the time about the lawsuits and the threats, respect in the classroom."
1006_t0159_s007,We may differ about what the elements of that are.
1011_t0146_s005,We need to make sure our seniors get the promise made.
1004_t0087_s016,"I am concerned about a tax on Muslims, for example, over there."
1019_t0076_s003,It would have been increase in sectarian violence.
1017_t0021_s017,Risk your troops in a war you’ve called a mistake.
1029_t0092_s010,We have right now almost $20 trillion in debt.
1026_t0116_s001,We’re four years closer to a nuclear Iran.
1019_t0100_s018,But we can’t do it if we are not willing to give Iraq back its country.
1014_t0124_s001,Are you for what the Supreme Court says is a constitutional way of having affirmative action?
1010_t0040_s006,"What we have to do is simply to make some adjustments to take account of the fact that the baby boomers, people like me, are bigger in number than the people that went just before us and the people that come just after us."
1026_t0017_s006,But I’ll respond to a couple of things that you mentioned.
1008_t0105_s010,"You’re not for school choice, you can’t be for school choice, because this is that special interest money again."
1007_t0178_s015,Bush made some news.
1019_t0110_s003,"And I think that we have to do it as quickly as possible, because it’s been acknowledged by the commanders on the ground the situation is getting worse, not better."
1021_t0029_s022,I think you have to look at my record and you have to look at his.
1017_t0139_s016,"And we need to promote maternity group homes, which my administration has done."
1033_t0065_s007,"As president and as somebody that knows most of those people, I could call the heads of Wall Street, the heads of every company in America, I would blow away every record."
1029_t0188_s034,So she wants to fight.
1008_t0004_s003,"President, for those kind words."
1031_t0155_s015,He’s on tape as acknowledging he knew it.
1019_t0134_s001,"Look, I mean, Senator McCain keeps on using this example that suddenly the president would just meet with somebody without doing any preparation, without having low-level talks."
1030_t0037_s002,"They work hard, they do everything they can to give her a good life."
1027_t0016_s011,"And that’s a big, big factor."
1023_t0187_s002,And people who are going through them know that there’s a job waiting for them if they complete it.
1030_t0256_s038,But you were there when you took everybody out of Mosul and out of Iraq.
1019_t0124_s007,Iraq was Iran’s mortal enemy.
1006_t0155_s019,"But because of our leadership, because we didn’t listen to the freeze — the nuclear-freeze group, do you remember — freeze it, back in the late 70s — freeze, don’t touch it; we’re going to lock it in now or else we’ll have war."
1021_t0112_s006,"Now, that I think has to be our policy, because they are threatening to kill more Americans."
1031_t0638_s023,.
1023_t0151_s006,"It’s why Republicans said, do not do this, and the Republicans had — had the plan."
1011_t0150_s002,"I want to spend my time making this country even better than it is, not trying to make you out to be a bad person."
1019_t0088_s013,You were wrong.
1017_t0006_s008,"He said he thought Saddam Hussein was a grave threat, and now he said it was a mistake to remove Saddam Hussein from power."
1023_t0014_s011,"The second area, taxation, we agree, we ought to bring the tax rates down."
1023_t0014_s020,Mr.
1027_t0190_s004,But I was the one that got him to produce the birth certificate.
1019_t0102_s001,That’s not the case.
1027_t0255_s001,"Well, wait, but it’s very important."
1014_t0019_s008,"So what I want to do is I want to call upon Republicans and Democrats to forget all the arguing and finger pointing, and come together and take care of our seniors’ prescription drug program, that says we’ll pay for the poor seniors, we’ll help all seniors with prescription drugs."
1011_t0043_s003,And the vice president doesn’t believe in exploration in Alaska.
1026_t0123_s002,"Let’s come back to what the president was speaking about, which is what’s happening in the world and the president’s statement that things are going so well."
1029_t0220_s014,"And by the way, at the last debate, she lied, because it turned out that she did say the gold standard and she said she didn’t say it."
1031_t0643_s001,"By the way, my son…"
1030_t0128_s024,"We have to tell Japan in a very nice way, we have to tell Germany, all of these countries, South Korea, we have to say, you have to help us out."
1029_t0264_s012,And among the ones that he has suggested are people who would reverse Roe v.
1008_t0065_s012,That would be my position.
1030_t0065_s008,Then they have given that information to WikiLeaks for the purpose of putting it on the Internet.
1019_t0110_s015,We have to press the Afghan government to make certain that they are actually working for their people.
1007_t0010_s004,Perot that the answer is to raise — put a 50-cent gas tax on the middle class and raise more taxes on the middle class and the working poor than on the wealthy.
1022_t0134_s011,” I voted for Justice Breyer and Justice Ginsburg.
1010_t0028_s018,Don’t be too discouraged.
1022_t0116_s006,We need to put health care records online.
1022_t0136_s004,But I certainly would not impose any litmus test.
1004_t0106_s003,"But I know more about this, I think, than anybody else up here because I have a brother who’s a recovering drug addict."
1008_t0141_s003,"I never could have dreamed anything like this would come my way in life, and I’ve done my best to be faithful to the charge you’ve given me."
1033_t0249_s015,"They should be going to rehabilitation, not to jail."
1004_t0073_s026,The sooner the better.
1033_t0083_s007,"President, what they do know is you’re not paying your taxes or you’re paying taxes that are so low."
1011_t0154_s003,We need to say we each need to be responsible for what we do.
1030_t0158_s003,"He raised the 30 years of experience, so let me just talk briefly about that."
1010_t0002_s007,It’s an awesome responsibility.
1031_t0454_s001,That is simply not true.
1004_t0038_s001,"Well, Sander, that’s a good question, and the answer is: for 40-some years we kept the peace."
1003_t0016_s008,And what I have proposed is something much better.
1008_t0143_s017,This is important business.
1006_t0023_s014,"But he raised the question of my father and said, well, your father, Prescott Bush, was against McCarthy, you should be ashamed of yourself, McCarthyism."
1011_t0159_s003,I believe there needs to be instant disclosure on the Internet as to who has given to who.
1006_t0155_s025,"If it hadn’t been for us, Saddam Hussein would be sitting on top of three-fifths of the oil supply of the world and he’d have nuclear weapons."
1027_t0160_s013,Too many young African-American and Latino men ended up in jail for nonviolent offenses.
1004_t0059_s006,You don’t have anywhere to sleep.
1017_t0114_s004,You can’t.
1017_t0073_s020,And it fits with his philosophy.
1025_t0061_s006,"Because the economy was on the verge of collapse, because we were about to go through the worst recession since the Great Depression, as a consequence of some of the same policies that Governor Romney’s now promoting."
1011_t0123_s005,I have to pay the administration a compliment.
1019_t0070_s001,"Well, I want to make sure we’re not handing the health care system over to the federal government which is basically what would ultimately happen with Senator Obama’s health care plan."
1017_t0087_s006,He came and asked for a tax cut — we wanted a tax cut to kick the economy into gear.
1015_t0044_s025,"Well, there are summits being held."
1026_t0069_s001,"When you were asked about reduced class sizes, you said class sizes don’t make a difference."
1014_t0046_s009,What I want to do is to send flexibility and authority to the local folks so you can choose what to do with the money.
1007_t0189_s010,We can’t do that to the American people.
1019_t0150_s016,"It’s not accidental that the presidents of Latvia, Estonia, Lithuania, Poland, and Ukraine flew to Georgia, flew to Tbilisi, where I have spent significant amount of time with a great young president, Misha Saakashvili."
1019_t0092_s002,"But the important — I’d like to tell you, two Fourths of July ago I was in Baghdad."
1008_t0127_s001,Thank you.
1011_t0090_s009,I think that’s an important part of leadership.
1018_t0085_s007,Absolutely we’ve got to make sure they get educated.
1004_t0116_s003,We’ve doubled it on research and on every other aspect of it.
1025_t0101_s010,And this is one of the reasons why one of the first — the first bill I signed was something called the Lily Ledbetter bill.
1018_t0039_s027,That’s why I fight against poverty.
1015_t0138_s021,"I ask you to give me the opportunity to lead this great nation, so that we can be stronger here at home, respected again in the world, and have responsible leadership that we deserve."
1025_t0059_s008,86 a gallon.
1019_t0054_s002,8 billion by fighting a contract that was negotiated between Boeing and DOD that was completely wrong.
1015_t0042_s008,We will proceed cautiously.
1019_t0004_s027,And we’ve got to create jobs.
1015_t0088_s003,My opponent talks about me not signing certain treaties.
1013_t0079_s008,I thought the President did the right thing with Mexico and was very strongly supportive of the administration in Mexico.
1013_t0181_s007,"I think we need to be more even-handed, as evidently 99 senators — I think it was 99 senators supported that position."
1018_t0005_s016,My opponent voted against it.
1026_t0043_s006,"And finally, we don’t want to have military involvement there."
1019_t0133_s012,"And we ought to go back to a little bit of Ronald Reagan’s “trust, but verify,” and certainly not sit down across the table from — without precondition, as Senator Obama said he did twice, I mean, it’s just dangerous."
1022_t0134_s018,And so that’s what I will do.
1014_t0113_s028,What I cared about is could we work together.
1021_t0070_s020,Thanks.
1014_t0140_s004,I think the record shows otherwise.
1001_t0058_s013,This is one of the most important priorities that faces this country.
1031_t0638_s005,Everything was going.
1025_t0186_s004,How could we have not known?
1006_t0126_s002,I was in the Lomax AME Church.
1010_t0131_s002,I said I’m opposed to discrimination.
1003_t0096_s016,"But, the Dorgan Task Force, the bipartisan task force estimated that we could collect about $35 billion in the fifth year, $105 billion over five years, the other study even more than that"
1025_t0146_s010,They’ll start new businesses.
1019_t0075_s010,And that withdrawal is the result of every counterinsurgency that succeeds.
1007_t0111_s013,It wasn’t failing to serve.
1031_t0305_s003,When .
1010_t0019_s017,America owes you a debt of gratitude.
1010_t0041_s012,"I think if I were a senior citizen I would be a little fed up with all these ads scaring seniors, scaring veterans and scaring students about education."
1010_t0105_s007,But these are important questions.
1011_t0041_s009,They’ve only approved about 10% of the agenda I’ve helped to send up there.
1010_t0104_s001,"Well, I don’t know of any perfect solution."
1027_t0008_s015,"You see that, their small car division leaving."
1003_t0069_s025,So I salute these things.
1030_t0055_s001,We will not have open borders.
1015_t0100_s017,"We’ve got a backdoor draft taking place in America today: people with stop-loss programs where they’re told you can’t get out of the military; nine out of our 10 active duty divisions committed to Iraq one way or the other, either going, coming or preparing."
1023_t0042_s015,We’ve got 23 million people out of work or stopped looking for work in this country.
1027_t0010_s018,"He printed drapery fabrics on long tables, where he pulled out those fabrics and he went down with a silkscreen and dumped the paint in and took the squeegee and kept going."
1019_t0112_s012,"Now, the new president of Pakistan, Kardari , has got his hands full."
1018_t0030_s018,"“No, we’re spending your money."
1014_t0094_s015,I think that we ought to have an expanded conservation reserve program.
1006_t0143_s006,"We’ve got to pay it off and build money to renew it- -spend money to renew it, and that’s going to take a growing, expanding job base."
1022_t0107_s001,"I think that in ten years, we can reduce our dependence so that we no longer have to import oil from the Middle East or Venezuela."
1025_t0042_s005,"So if you want to drill on public lands, you use it or you lose it."
1025_t0026_s003,"As a matter of fact, oil production is down 14 percent this year on federal land, and gas production was down 9 percent."
1023_t0049_s015,And this is a major difference that Governor Romney and I have.
1019_t0088_s005,"They have done a brilliant job, and General Petraeus has done a brilliant job."
1031_t0740_s001,So why didn’t you get the world—China sends up real dirt into the air.
1018_t0063_s008,If you take the tax cut that the president of the United States has given — President Bush gave to Americans in the top 1 percent of America — just that tax cut that went to the top 1 percent of America would have saved Social Security until the year 2075.
1031_t0263_s002,I mean-
1022_t0005_s013,Now Senator McCain and I agree with your idea that we’ve got to help homeowners.
1021_t0036_s007,That’s why I’ve called for an investment of $15 billion a year over 10 years.
1030_t0293_s002,And they are being slaughtered…
1014_t0055_s008,The Vice President believes only the right people ought to get tax relief.
1015_t0016_s031,And our alliance is strong.
1011_t0088_s013,"We have to be willing to make good, sound judgments."
1010_t0080_s015,It’s up to you.
1014_t0073_s009,I also need — the next leader needs to be patient.
1011_t0100_s003,The fact remains almost 30% of his proposed tax cut goes to — only to Americans that make more than $1 million per year.
1013_t0181_s002,But I don’t think we know the solution to global warming yet.
1015_t0052_s017,” They have.
1008_t0138_s002,He didn’t do all these things.
1025_t0222_s008,We were able to drive our schools to be number one in the nation in my state.
1018_t0024_s018,And that’s what I would say to that person.
1010_t0067_s022,That’s not how America became the greatest country on the face of the earth.
1026_t0024_s001,Governor?
1011_t0093_s006,We have to find ways to reestablish it in foreign policy and national security policy.
1027_t0020_s004,"Now, we have come back from that abyss."
1007_t0095_s004,"And we ought to have to limit — we ought to have a much longer period of time, about 5 years, between the time when people can leave executive branch offices and then go out and start lobbying for foreign interests."
1010_t0104_s015,And talk about the economy.
1030_t0037_s022,He choked and then got into a Twitter war because the Mexican president said we’re not paying for that wall.
1030_t0265_s013,They’ve been prepared to defend.
1014_t0118_s001,I believe in this goal and effort with all my heart.
1031_t0572_s001,There aren’t any.
1011_t0048_s001,I don’t think a president can do that.
1010_t0105_s001,"Let me make one other suggestion, because you’re a teacher, you can have an impact on that."
1014_t0116_s008,Quotas are bad for America.
1033_t0328_s010,It matters how you keep them safe.
1007_t0178_s019,The person responsible for domestic economic policy in my administration will be Bill Clinton.
1013_t0070_s007,All these other countries are looking to us.
1008_t0044_s010,And members of Senator Dole’s own party in the Senate killed it.
1010_t0124_s017,People like you.
1031_t0664_s001,My son.
1008_t0014_s005,"8 percent, now it’s down to about 2."
1025_t0059_s009,"Now, it’s $4."
1003_t0052_s001,I think the foremost
1007_t0033_s012,"And I beat back the Congress on that, and then we passed a decent civil rights bill that offers guarantees against discrimination in employment."
1017_t0103_s018,They’re going backwards on the water quality.
1014_t0118_s009,I do know what affirmative action means.
1001_t0140_s009,And he will do very very well.
1023_t0058_s002,It’s not the same as Simpson- Bowles.
1021_t0027_s008,"And what I’ve proposed, you’ll hear Senator McCain say, well, he’s proposing a whole bunch of new spending, but actually I’m cutting more than I’m spending so that it will be a net spending cut."
1001_t0071_s011,We certainly do.
1015_t0100_s020,I also intend to double the number of special forces so that we can do the job we need to do with respect fighting the terrorists around the world.
1011_t0163_s015,I want to finally get something done on Social Security.
1004_t0142_s001,Let me tell you a little what it’s like to be president.
1008_t0024_s004,My balanced budget plan puts ten years on the Medicare.
1023_t0073_s002,"The first two weeks she’s got them, some of them sitting on the floor until finally they get reassigned."
1023_t0070_s005,Spain — Spain spends 42 percent of their total economy on government.
1021_t0123_s012,"So I have confidence that General Petraeus, working with the Pakistanis, working with the Afghans, doing the same job that he did in Iraq, will again."
1010_t0067_s018,Discrimination ought to be punished but there ought to be equal opportunity.
1018_t0065_s005,That’s exactly where the tax cuts went.
1029_t0117_s017,"” Now, to solve a problem, you have to be able to state what the problem is or at least say the name."
1001_t0071_s003,And I favor adoption.
1004_t0142_s007,"Mine for foreign affairs is democracy and freedom, and look at the dramatic changes around the world."
1023_t0005_s012,But we all know that we’ve still got a lot of work to do.
1004_t0045_s007,"50 a gallon in taxes, and they use that money to build infrastructure and to create jobs."
1010_t0029_s013,But let’s sort of keep this out of politics because it’s pretty dicey right now.
1001_t0088_s012,The vice president has a long resume.
1021_t0093_s015,"So you have to temper your decisions with the ability to beneficially affect the situation and realize you’re sending America’s most precious asset, American blood, into harm’s way."
1025_t0182_s003,"I send them there, oftentimes into harm’s way."
1004_t0068_s006,"There was a momentary fear that he might win and that the markets went phwee, down like that."
1030_t0061_s001,"… to sign immigration reform, and George W."
1001_t0025_s001,I think it’s the Republican Party and my concern to bring it down.
1025_t0084_s025,And I want to help people in the middle-class.
1026_t0165_s001,That’s the height of silliness…
1008_t0022_s012,"And we can do it again, if we take politics out of it."
1029_t0151_s023,We’re cutting taxes for the middle class.
1031_t0428_s002,"Well, by the media, by our allies."
1023_t0206_s029,I’ll restore that $716 billion to Medicare.
1013_t0155_s015,We come together both Republicans and Democrats.
1011_t0070_s001,"Well, Milosevic has lost the election."
1021_t0019_s010,"The secretary already has the power to do that in the rescue package, but it hasn’t been exercised yet."
1017_t0023_s008,I’ve always said that.
1011_t0109_s036,It can happen in America with the right kind of leadership.
1010_t0129_s005,"I would wind up — I mean, it’s the last question and I would mischaracterize it to try to make you happy."
1011_t0115_s003,"See, here is the mentality."
1031_t0444_s001,I’ll fire them.
1017_t0101_s005,I have — was fought for a very strong title in the farm bill for the conservation reserve program to set aside millions of acres of land to help improve wildlife and the habitat.
1030_t0126_s010,I feel strongly that we have to have an education system that starts with preschool and goes through college.
1015_t0070_s014,I will make a flat statement: The United States of America has no long-term designs on staying in Iraq.
1027_t0160_s023,"Right now—and this is something Donald has supported, along with the gun lobby—right now, we’ve got too many military-style weapons on the streets."
1030_t0178_s005,"But he also went after a disabled reporter, mocked and mimicked him on national television."
1013_t0125_s005,"I don’t really think it’s any of my — you know, any of my concerns what — how you conduct your sex life."
1022_t0063_s008,"Of course, I’ve talked to people like Joe the plumber and tell him that I’m not going to spread his wealth around."
1029_t0021_s008,"And we’re going to make America wealthy again, because if you don’t do that, it just—it sounds harsh to say, but we have to build up the wealth of our nation."
1018_t0096_s004,I believe in background checks at gun shows or anywhere to make sure that guns don’t get in the hands of people that shouldn’t have them.
1033_t0238_s001,Check it out.
1017_t0161_s011,We need to.
1006_t0159_s013,Bush went to Japan and the Japanese prime minister said he felt sympathy for our country.
1031_t0338_s003,We’ve done things that you never even thought of doing.
1029_t0280_s011,We’ve got to remain energy-independent.
1014_t0090_s011,But I also believe strongly that we need to enforce laws on the books that the best way to make sure that we keep our society safe and secure is to hold people accountable for breaking the law.
1015_t0008_s016,Ten million citizens have registered to vote.
1025_t0265_s025,That’s why I’m asking for your vote and that’s why I’m asking for another four years.
1022_t0107_s013,We invented the auto industry and the fact that we have fallen so far behind is something that we have to work on.
1033_t0245_s020,And I’ve laid out a clear plan as to how to do those things.
1011_t0005_s010,His plan is three times larger than President Clinton’s proposed plan eight years ago.
1010_t0049_s016,Federal government doesn’t do that.
1008_t0048_s004,"Overall in America cocaine use has dropped 30 percent in the last four years, casual drug use down 13 percent."
1003_t0073_s013,I think the vast majority of Americans believe in them.
1010_t0016_s004,"On a per-person basis, it did cut way below the rate of inflation in medical costs."
1007_t0117_s004,"There was one good thing that came out of that budget agreement, and that is we put a cap on discretionary spending."
1008_t0100_s009,"I’ve worked on the food stamp program, proudly."
1021_t0057_s012,"So Medicare, it’s going to be a little tougher."
1006_t0079_s016,"We have got to win our national strategy against drugs, the fight against drugs."
1025_t0249_s002,We can compete with anyone in the world as long as the playing field is level.
1026_t0107_s006,We cannot afford to have a nuclear arms race in the most volatile region of the world.
1025_t0265_s011,"But I also believe that when he said behind closed doors that 47 percent of the country considered themselves victims who refuse personal responsibility, think about who he was talking about."
1008_t0105_s013,"5 percent, we’re looking for it, somebody got it, but it all went to Democrats."
1031_t0357_s001,Not lower tax for the American people.
1018_t0107_s004,"And I really was moved, as well as impressed, by the speech that he gave to the Congress."
1018_t0063_s022,"Eleven other presidents — six Democrats and five Republicans — had wars, had recessions, had great difficulties; none of them lost jobs the way this president has."
1017_t0029_s008,"General Shinseki, the Army chief of staff, told him he was going to need several hundred thousand."
1019_t0096_s003,They inform on the bad guys.
1027_t0206_s010,And then you wouldn’t have had them.
1019_t0100_s013,"Senator McCain, in the rush to go into Iraq, said, you know what?"
1017_t0042_s002,Thanks.
1022_t0098_s004,She is — she took on a governor who was a member of her own party when she ran for governor.
1014_t0027_s001,I’m absolutely opposed to a national health care plan.
1022_t0157_s002,"I’m sure you’re aware, Senator Obama, of the program in the Washington, D."
1029_t0220_s036,It’s just going to be talk.
1030_t0178_s004,So we know what he has said and what he’s done to women.
1021_t0141_s007,And we will never take military options off the table.
1033_t0234_s001,"You don’t know the law, Joe."
1022_t0016_s001,We’re talking about Joe the plumber.
1006_t0015_s010,"Now, they’re the 2 folks involved so maybe if you put them together, they did it."
1017_t0057_s006,The best way to defend America in this world we live in is to stay on the offense.
1027_t0066_s001,That’s about all you’ve…
1007_t0201_s003,I was especially moved in Richmond a few days ago when 209 of our fellow citizens got to ask us questions.
1026_t0193_s006,"Bringing down our deficit by adding $7 trillion of tax cuts and military spending that our military is not asking for, before we even get to the debt that we currently have, that is not going to make us more competitive."
1029_t0092_s011,Obamacare will never work.
1025_t0121_s024,That’s not how we’re going to move our economy forward.
1033_t0032_s007,You’re xenophobic.
1033_t0297_s001,Like I did with criminal justice reform.
1018_t0047_s002,He has no record on reforming of health care.
1033_t0247_s018,It’s one of the most successful programs.
1013_t0151_s016,"We spent a lot of money to make sure people get health care in the State of Texas, and we’re doing a better job than they are at the national level for reducing uninsured."
1021_t0143_s023,Senator Obama had the opening.
1014_t0064_s001,I’m not going to ask them.
1008_t0088_s020,But I do think that Saddam Hussein is stronger than he was.
1031_t0165_s010,"But if you look at what we’ve done, I closed it and you said, “He’s xenophobic."
1023_t0044_s021,President.
1025_t0027_s015,"That means those cars can be exported, ’cause that’s the demand around the world, and it also means that it’ll save money in your pocketbook."
1033_t0130_s004,Why are you continuing to do military maneuvers with South Korea?
1025_t0131_s014,"He said he would have by now put forward a plan to reform Medicare and Social Security, because he pointed out they’re on the road to bankruptcy."
1010_t0074_s010,"And it’s paid for, and I’ll tell you how I’ll pay for it."
1022_t0088_s030,"And I think the fact that this has become such an important part of your campaign, Senator McCain, says more about your campaign than it says about me."
1021_t0132_s001,I think they’ve engaged in an evil behavior and I think that it is important that we understand they’re not the old Soviet Union but they still have nationalist impulses that I think are very dangerous.
1021_t0057_s027,"Let’s look at our records, my friends, and then listen to my vision for the future of America."
1013_t0141_s014,"Some desperate child needs to have somebody put their arm around them and say, we love you."
1014_t0032_s003,I wish I knew the law that said all of us would be good parents.
1023_t0140_s003,"And, you know, I appreciate and it appears we’ve got some agreement that a marketplace to work has to have some regulation."
1018_t0022_s005,"He talks about being a fiscal conservative, or fiscally sound, but he voted over — he voted 277 times to waive the budget caps, which would have cost the taxpayers $4."
1001_t0150_s005,I know that the people you pick make an enormous difference in your ability to govern and I set high standards.
1011_t0062_s005,"And when the phrase a strict constructionist is used and when the names of Scalia and Thomas are used as the benchmarks for who would be appointed, those are code words, and nobody should mistake this, for saying the governor would appoint people who would overturn Roe v."
1021_t0016_s001,"Well, thank you, Oliver, and that’s an excellent question, because as you just described it, bailout, when I believe that it’s rescue, because — because of the greed and excess in Washington and Wall Street, Main Street was paying a very heavy price, and we know that."
1017_t0055_s023,He chose a tax cut for the wealthiest Americans over getting that equipment out into the homeland as fast as possible.
1017_t0039_s013,"He now wants to take the six-party talks we have — China, North Korea, South Korea, Russia, Japan and the United States — and undermine them by having bilateral talks."
1018_t0035_s007,"But as we respect someone’s rights, and as we profess tolerance, we shouldn’t change — or have to change — our basic views on the sanctity of marriage."
1001_t0009_s002,Bush that values are important.
1023_t0204_s002,And I want to thank the University of Denver.
1033_t0349_s001,That’ll cost you $1 trillion.
1011_t0157_s007,And I am not going to lay down my arms in the middle of the campaign for somebody who has got no credibility on the issue.
1008_t0059_s007,The integration of Central and Eastern European democracies into a new partnership with NATO.
1015_t0006_s007,"We’ve upheld the doctrine that said if you harbor a terrorist, you’re equally as guilty as the terrorist."
1015_t0052_s011,"You can’t tell me that on the day that we went into that war and it started — it was principally the United States, the America and Great Britain and one or two others."
1008_t0008_s006,"Don’t forget that, that happened in 1993."
1026_t0139_s009,"And we’re now in a position where we can transition out, because there’s no reason why Americans should die when Afghans are perfectly capable of defending their own country."
1010_t0078_s002,"It was my very first bill, and I’m very proud of it because it symbolizes what I think we ought to be doing."
1033_t0205_s005,They deserve a minimum wage of $15.
1021_t0136_s006,And that’s one of the reasons why it’s in our interest.
1021_t0027_s007,"So we’re going to have to make some investments, but we’ve also got to make spending cuts."
1003_t0050_s017,But we cannot continue to live on a credit card.
1001_t0160_s015,And then it gets down to a question of values.
1031_t0180_s001,God.
1022_t0169_s001,"Well, I want to thank Senator McCain and Bob for moderating."
1029_t0238_s004,You look at Baltimore.
1031_t0786_s008,We’ve caught ’em all.
1026_t0136_s007,"I can tell you at the same time, that we will make sure that we look at what’s happening in Pakistan, and recognize that what’s happening in Pakistan is going to have a major impact on the success in Afghanistan."
1029_t0280_s020,I don’t want to walk away from them.
1003_t0100_s001,"Well, Andrea, you didn’t predicate that lack of economists’ support for what I call a flexible freeze, because some good very good economists do support that concept."
1023_t0082_s003,"I’m not quite sure where that came in, except this, which is, I would like to take the Medicaid dollars that go to states and say to a state, you’re going to get what you got last year, plus inflation, plus 1 percent, and then you’re going to manage your care for your poor in the way you think best."
1003_t0035_s001,Please.
1015_t0052_s016,"The president is the one that said, “We can’t allow countries to get nuclear weapons."
1017_t0112_s011,Robert Rubin looked at his plan and said it won’t work.
1014_t0004_s005,And I would just like to say that this debate in a way is a living tribute to Mel Carnahan because he loved the vigorous discussion of ideas in our democracy.
1007_t0175_s008,Term limits.
1019_t0035_s009,"I can tell you, it’s rife."
1022_t0117_s004,So the point is…
1010_t0009_s008,We have to respect one another.
1015_t0056_s018,Let me finish.
1021_t0112_s005,"What I said was the same thing that the audience here today heard me say, which is, if Pakistan is unable or unwilling to hunt down bin Laden and take him out, then we should."
1018_t0089_s016,And the result is our forces today are overextended.
1001_t0003_s011,"You know, I saw a movie – “Crocodile Dundee."
1021_t0075_s016,"I want to give every American a $5,000 refundable tax credit."
1027_t0141_s008,You even at one time suggested that you would try to negotiate down the national debt of the United States.
1031_t0788_s001,We have major states with that.
1019_t0096_s001,An election law just in the last few days.
1004_t0033_s011,In terms of this one on taxes spells out the biggest difference between us.
1007_t0033_s009,I’ve been speaking out since day 1.
1018_t0051_s013,But I got a better plan.
1021_t0139_s004,"And I thank you, and I thank you, my friend."
1001_t0039_s007,The special Federal commission made good solid recommendations.
1006_t0172_s028,One reason.
1001_t0150_s010,"President, that’s wrong."
1021_t0046_s009,"You know, he said some time ago, he said he would forgo his tax increases if the economy was bad."
1007_t0136_s011,Jim Baker’s a man.
1018_t0087_s005,"Now, that’s not in my gut."
1018_t0015_s004,He just said he wants everybody to be able to buy in to the same plan that senators and congressmen get.
1017_t0073_s017,You know what it is?
1030_t0238_s005,She shouldn’t be allowed to run.
1003_t0146_s014,No thanks to you.
1029_t0039_s011,"He never apologized to the distinguished federal judge who was born in Indiana, but Donald said he couldn’t be trusted to be a judge because his parents were, quote, “Mexican."
1023_t0014_s002,And I’ve described it.
1029_t0151_s007,Why didn’t you change it when you were a senator?
1018_t0063_s002,"Absolutely not, Bob."
1003_t0096_s002,We don’t have an alternative.
