unit_id,speaker,text,Annotator 1 - Phase A (DAMSL),Annotator 1 - Phase A notes,Annotator 1 - Phase B (Beads),Annotator 1 - Phase B notes,Annotator 2 - Phase A (DAMSL),Annotator 2 - Phase A notes,Annotator 2 - Phase B (Beads),Annotator 2 - Phase B notes,Annotator 3 - Phase A (DAMSL),Annotator 3 - Phase A notes,Annotator 3 - Phase B (Beads),Annotator 3 - Phase B notes
1,LEHRER,"Good evening from the Magness Arena at the University of Denver in Denver, Colorado.",S; GR,,,,S; GR,,,,S; GR,,,
2,LEHRER,"I’m Jim Lehrer of the “PBS NewsHour,” and I welcome you to the first of the 2012 presidential debates between President Barack Obama, the Democratic nominee, and former Massachusetts Governor Mitt Romney, the Republican nominee.",S; GR; HS; S-Inform,,,,S; GR; HS; S-Inform,,,,S; GR; HS; S-Inform,,,
3,LEHRER,"This debate and the next three — two presidential, one vice presidential — are sponsored by the Commission on Presidential Debates.",S,,,,S,,,,S,,,
4,LEHRER,Tonight’s 90 minutes will be about domestic issues and will follow a format designed by the commission.,S; S-Inform,,,,S; S-Inform,,,,S; S-Inform,,,
5,LEHRER,"There will be six roughly 15-minute segments with two-minute answers for the first question, then open discussion for the remainder of each segment.",S; S-Inform,,,,S; S-Inform,,,,S; S-Inform,,,
6,LEHRER,"Thousands of people offered suggestions on segment subjects or questions via the Internet and other means, but I made the final selections.",S,,IT,,S,,IT,,S,,IT,
7,LEHRER,"And for the record, they were not submitted for approval to the commission or the candidates.",S,,,,S,,,,S,,,
8,LEHRER,"The segments as I announced in advance will be three on the economy and one each on health care, the role of government and governing, with an emphasis throughout on differences, specifics and choices.",S,,,,S,,,,S,,,
9,LEHRER,Both candidates will also have two-minute closing statements.,S,,,,S,,,,S,,,
10,LEHRER,"The audience here in the hall has promised to remain silent — no cheers, applause, boos, hisses, among other noisy distracting things, so we may all concentrate on what the candidates have to say.",S,,,,S,,,,S,,,
11,LEHRER,"There is a noise exception right now, though, as we welcome President Obama and Governor Romney.",S; GR,,,,S; GR,,,,S; GR,,,
12,LEHRER,"Gentlemen, welcome to you both.",S; GR,,,,S; GR,,,,S; GR,,,
13,LEHRER,"Let’s start the economy, segment one, and let’s begin with jobs.",S,,,,S,,,,S,,,
14,LEHRER,What are the major differences between the two of you about how you would go about creating new jobs?,Q-W,,,,Q-W,,,,Q-W,,,
15,LEHRER,You have two minutes.,S,,,,S,,,,S,,,
16,LEHRER,Each of you have two minutes to start.,S,,,,S,,,,S,,,
17,LEHRER,"A coin toss has determined, Mr.",S,,,,S,,,,S,,,
18,LEHRER,"President, you go first.",S,,,,S,,,,S,,,
19,OBAMA,"Well, thank you very much, Jim, for this opportunity.",IAFA; THK,,,,IAFA; THK,,,,IAFA; THK,,,
20,OBAMA,I want to thank Governor Romney and the University of Denver for your hospitality.,S,,,,S,,,,S,,,
21,OBAMA,"There are a lot of points I want to make tonight, but the most important one is that 20 years ago I became the luckiest man on Earth because Michelle Obama agreed to marry me.",S; EXPL; S-Inform,,,,S; EXPL; S-Inform,,,,S; EXPL; S-Inform,,,
22,OBAMA,"And so I just want to wish, Sweetie, you happy anniversary and let you know that a year from now we will not be celebrating it in front of 40 million people.",S; S-Inform,,,,S; S-Inform,,,,S; S-Inform,,,
23,OBAMA,"You know, four years ago we went through the worst financial crisis since the Great Depression.",S,,AF,,S,,AF,,S,,AF,
24,OBAMA,"Millions of jobs were lost, the auto industry was on the brink of collapse.",S,,AF,,S,,AF,,S,,AF,
25,OBAMA,The financial system had frozen up.,S,,,,S,,,,S,,,
26,OBAMA,"And because of the resilience and the determination of the American people, we’ve begun to fight our way back.",S; EXPL,,AP; APAT,,S; EXPL,,AP; APAT,,S; EXPL,,AP; APAT,
27,OBAMA,"Over the last 30 months, we’ve seen 5 million jobs in the private sector created.",S; S-Inform,,,,S; S-Inform,,,,S; S-Inform,,,
28,OBAMA,The auto industry has come roaring back.,S,,,,S,,,,S,,,
29,OBAMA,And housing has begun to rise.,S,,,,S,,,,S,,,
30,OBAMA,But we all know that we’ve still got a lot of work to do.,S,,,,S,,,,S,,,
31,OBAMA,"And so the question here tonight is not where we’ve been, but where we’re going.",S,,,,S,,,,S,,,
32,OBAMA,"Governor Romney has a perspective that says if we cut taxes, skewed towards the wealthy, and roll back regulations, that we’ll be better off.",S,,,,S,,,,S,,,
33,OBAMA,I’ve got a different view.,S,,,,S,,,,S,,,
34,OBAMA,I think we’ve got to invest in education and training.,S,,IP,,S,,IP,,S,,IP,
35,OBAMA,"I think it’s important for us to develop new sources of energy here in America, that we change our tax code to make sure that we’re helping small businesses and companies that are investing here in the United States, that we take some of the money that we’re saving as we wind down two wars to rebuild America and that we reduce our deficit in a balanced way that allows us to make these critical investments.",S,,APAT; UF; IP,,S,,APAT; UF; IP,,S,,APAT; UF; IP,
36,OBAMA,"Now, it ultimately is going to be up to the voters — to you — which path we should take.",S,,,,S,,,,S,,,
37,OBAMA,Are we going to double on top-down economic policies that helped to get us into this mess or do we embrace a new economic patriotism that says America does best when the middle class does best?,YNQ,,APAT,,YNQ,,APAT,,YNQ,,APAT,
38,OBAMA,And I’m looking forward to having that debate.,S,,,,S,,,,S,,,
39,LEHRER,"Governor Romney, two minutes.",S,,,,S,,,,S,,,
40,ROMNEY,"Thank you, Jim.",IAFA; THK,,,,IAFA; THK,,,,IAFA; THK,,,
41,ROMNEY,"It’s an honor to be here with you, and I appreciate the chance to be with the president.",S,,,,S,,,,S,,,
42,ROMNEY,"I’m pleased to be at the University of Denver, appreciate their welcome, and also the Presidential Commission on these debates.",S; GR,,,,S; GR,,,,S; GR,,,
43,ROMNEY,"And congratulations to you, Mr.",S,,,,S,,,,S,,,
44,ROMNEY,"President, on your anniversary.",S,,,,S,,,,S,,,
45,ROMNEY,"I’m sure this was the most romantic place you could imagine, here — here with me.",S,,,,S,,,,S,,,
46,ROMNEY,So I… Congratulations.,S,,,,S,,,,S,,,
47,ROMNEY,This is obviously a very tender topic.,S,,,,S,,,,S,,,
48,ROMNEY,I’ve had the occasion over the last couple of years of meeting people across the country.,S,,,,S,,,,S,,,
49,ROMNEY,"I was in Dayton, Ohio, and a woman grabbed my arm and she said, “I’ve been out of work since May.",S,,,,S,,,,S,,,
50,ROMNEY,Can you help me?,YNQ,,,,YNQ,,,,YNQ,,,
51,ROMNEY,"” Ann yesterday was at a rally in Denver and a woman came up to her with a baby in her arms and said, “Ann, my husband has had four jobs in three years, part-time jobs.",S,,,,S,,,,S,,,
52,ROMNEY,He’s lost his most recent job and we’ve now just lost our home.,S,,,,S,,,,S,,,
53,ROMNEY,Can you help us?,YNQ,,,,YNQ,,,,YNQ,,,
54,ROMNEY,"” And the answer is, yes, we can help, but it’s going to take a different path.",S,,,,S,,,,S,,,
55,ROMNEY,"Not the one we’ve been on, not the one the president describes as a top-down, cut taxes for the rich.",S,,,,S,,,,S,,,
56,ROMNEY,That’s not what I’m going to do.,S,,,,S,,,,S,,,
57,ROMNEY,My plan has five basic parts.,S,,,,S,,,,S,,,
58,ROMNEY,"One, get us energy independent, North American energy independent.",S,,APAT,,S,,APAT,,S,,APAT,
59,ROMNEY,That creates about 4 million jobs.,S; S-Inform,,,,S; S-Inform,,,,S; S-Inform,,,
60,ROMNEY,"Number two, open up more trade, particularly in Latin America.",S,,APAT,,S,,APAT,,S,,APAT,
61,ROMNEY,"Crack down on China, if and when they cheat.",S,,,,S,,,,S,,,
62,ROMNEY,"Number three, make sure our people have the skills they need to succeed and the best schools in the world.",S,,,,S,,,,S,,,
63,ROMNEY,We’re far away from that now.,S,,,,S,,,,S,,,
64,ROMNEY,"Number four, get to us a balanced budget.",S,,,,S,,,,S,,,
65,ROMNEY,"Number five, champion small business.",S,,,,S,,,,S,,,
66,ROMNEY,"It’s small business that creates the jobs in America, and over the last four years, small business people have decided that America may not be the place to open a new business because new business startups are down to a 30-year low.",S; EXPL; S-Inform,,APAT,,S; EXPL; S-Inform,,APAT,,S; EXPL; S-Inform,,APAT,
67,ROMNEY,"Now, I’m concerned that the path that we’re on has just been unsuccessful.",S,,,,S,,,,S,,,
68,ROMNEY,"The president has a view very similar to the view he had when he ran four years, that a bigger government, spending more, taxing more, regulating more — if you will, trickle-down government — would work.",S,,,,S,,,,S,,,
69,ROMNEY,That’s not the right answer for America.,S,,APAT; PB,,S,,APAT; PB,,S,,APAT; PB,
70,ROMNEY,I’ll restore the vitality that gets America working again.,S,,APAT,,S,,APAT,,S,,APAT,
71,ROMNEY,Thank you.,IAFA; THK,,,,IAFA; THK,,,,IAFA; THK,,,
72,LEHRER,Mr.,S,,,,S,,,,S,,,
73,LEHRER,"President, please respond directly to what the governor just said about trickle-down — his trick-down approach, as he said yours is.",S,,,,S,,,,S,,,
74,OBAMA,"Well, let me talk specifically about what I think we need to do.",S; EXPL,,IP,,S; EXPL,,IP,,S; EXPL,,IP,
75,OBAMA,"First, we’ve got to improve our education system and we’ve made enormous progress drawing on ideas both from Democrats and Republicans that are already starting to show gains in some of the toughest to deal with schools.",S,,,,S,,,,S,,,
76,OBAMA,"We’ve got a program called Race to the Top that has prompted reforms in 46 states around the country, raising standards, improving how we train teachers.",S; S-Inform,,RB,,S; S-Inform,,RB,,S; S-Inform,,RB,
77,OBAMA,"So now I want to hire another 100,000 new math and science teachers, and create 2 million more slots in our community colleges so that people can get trained for the jobs that are out there right now.",S; S-Inform,,,,S; S-Inform,,,,S; S-Inform,,,
78,OBAMA,And I want to make sure that we keep tuition low for our young people.,S,,,,S,,,,S,,,
79,OBAMA,"When it comes to our tax code, Governor Romney and I both agree that our corporate tax rate is too high, so I want to lower it, particularly for manufacturing, taking it down to 25 percent.",S; S-Inform,,,,S; S-Inform,,,,S; S-Inform,,,
80,OBAMA,But I also want to close those loopholes that are giving incentives for companies that are shipping jobs overseas.,S,,,,S,,,,S,,,
81,OBAMA,I want to provide tax breaks for companies that are investing here in the United States.,S,,UF,,S,,UF,,S,,UF,
82,OBAMA,"On energy, Governor Romney and I, we both agree that we’ve got to boost American energy production, and oil and natural gas production are higher than they’ve been in years.",S,,APAT,,S,,APAT,,S,,APAT,
83,OBAMA,"But I also believe that we’ve got to look at the energy sources of the future, like wind and solar and biofuels, and make those investments.",S,,,,S,,,,S,,,
84,OBAMA,So all of this is possible.,S,,,,S,,,,S,,,
85,OBAMA,"Now, in order for us to do it, we do have to close our deficit, and one of the things I’m sure we’ll be discussing tonight is, how do we deal with our tax code?",,,,,,,,,,,,
86,OBAMA,"And how do we make sure that we are reducing spending in a responsible way, but also, how do we have enough revenue to make those investments?",,,,,,,,,,,,
87,OBAMA,"And this is where there’s a difference, because Governor Romney’s central economic plan calls for a $5 trillion tax cut — on top of the extension of the Bush tax cuts — that’s another trillion dollars — and $2 trillion in additional military spending that the military hasn’t asked for.",S; EXPL; S-Inform,,,,S; EXPL; S-Inform,,,,S; EXPL; S-Inform,,,
88,OBAMA,That’s $8 trillion.,S; S-Inform,,,,S; S-Inform,,,,S; S-Inform,,,
89,OBAMA,"How we pay for that, reduce the deficit, and make the investments that we need to make, without dumping those costs onto middle-class Americans, I think is one of the central questions of this campaign.",S,,IP,,S,,IP,,S,,IP,
90,LEHRER,"Both of you have spoken about a lot of different things, and we’re going to try to get through them in as specific a way as we possibly can.",S,,,,S,,,,S,,,
91,LEHRER,"But, first, Governor Romney, do you have a question that you’d like to ask the president directly about something he just said?",,,,,,,,,,,,
92,ROMNEY,"Well, sure.",S,,,,S,,,,S,,,
93,ROMNEY,I’d like to clear up the record and go through it piece by piece.,S,,,,S,,,,S,,,
94,ROMNEY,"First of all, I don’t have a $5 trillion tax cut.",S; S-Inform,,,,S; S-Inform,,,,S; S-Inform,,,
95,ROMNEY,I don’t have a tax cut of a scale that you’re talking about.,S,,,,S,,,,S,,,
96,ROMNEY,My view is that we ought to provide tax relief to people in the middle class.,S,,,,S,,,,S,,,
97,ROMNEY,But I’m not going to reduce the share of taxes paid by high-income people.,S,,,,S,,,,S,,,
98,ROMNEY,High-income people are doing just fine in this economy.,S,,,,S,,,,S,,,
99,ROMNEY,They’ll do fine whether you’re president or I am.,S,,,,S,,,,S,,,
100,ROMNEY,The people who are having the hard time right now are middle- income Americans.,S,,,,S,,,,S,,,
101,ROMNEY,"Under the president’s policies, middle-income Americans have been buried.",S,,,,S,,,,S,,,
102,ROMNEY,They’re just being crushed.,S,,,,S,,,,S,,,
103,ROMNEY,"Middle- income Americans have seen their income come down by $4,300.",S; S-Inform,,,,S; S-Inform,,,,S; S-Inform,,,
104,ROMNEY,This is a — this is a tax in and of itself.,S,,,,S,,,,S,,,
105,ROMNEY,I’ll call it the economy tax.,S,,,,S,,,,S,,,
106,ROMNEY,It’s been crushing.,S,,,,S,,,,S,,,
107,ROMNEY,"At the same time, gasoline prices have doubled under the president.",S,,,,S,,,,S,,,
108,ROMNEY,Electric rates are up.,S,,,,S,,,,S,,,
109,ROMNEY,Food prices are up.,S,,,,S,,,,S,,,
110,ROMNEY,"Health care costs have gone up by $2,500 a family.",S; S-Inform,,,,S; S-Inform,,,,S; S-Inform,,,
111,ROMNEY,Middle-income families are being crushed.,S,,AE,,S,,AE,,S,,AE,
112,ROMNEY,And so the question is how to get them going again.,S,,,,S,,,,S,,,
113,ROMNEY,And I’ve described it.,S,,,,S,,,,S,,,
114,ROMNEY,"It’s energy and trade, the right kind of training programs, balancing our budget and helping small business.",S,,PB,,S,,PB,,S,,PB,
115,ROMNEY,Those are the — the cornerstones of my plan.,S,,,,S,,,,S,,,
116,ROMNEY,But the president mentioned a couple of other ideas I’ll just note.,S,,,,S,,,,S,,,
117,ROMNEY,"First, education.",S,,,,S,,,,S,,,
118,ROMNEY,"I agree: Education is key, particularly the future of our economy.",S; AGR,,,,S; AGR,,,,S; AGR,,,
119,ROMNEY,"But our training programs right now, we’ve got 47 of them, housed in the federal government, reporting to eight different agencies.",S; S-Inform,,,,S; S-Inform,,,,S; S-Inform,,,
120,ROMNEY,Overhead is overwhelming.,S,,,,S,,,,S,,,
121,ROMNEY,We’ve got to get those dollars back to the states and go to the workers so they can create their own pathways to get in the training they need for jobs that will really help them.,S,,,,S,,,,S,,,
122,ROMNEY,"The second area, taxation, we agree, we ought to bring the tax rates down.",S,,,,S,,,,S,,,
123,ROMNEY,"And I do, both for corporations and for individuals.",S,,,,S,,,,S,,,
124,ROMNEY,"But in order for us not to lose revenue, have the government run out of money, I also lower deductions and credits and exemptions, so that we keep taking in the same money when you also account for growth.",S,,,,S,,,,S,,,
125,ROMNEY,"The third area, energy.",S,,,,S,,,,S,,,
126,ROMNEY,"Energy is critical, and the president pointed out correctly that production of oil and gas in the U.",S,,,,S,,,,S,,,
127,ROMNEY,is up.,S,,,,S,,,,S,,,
128,ROMNEY,But not due to his policies.,S,,,,S,,,,S,,,
129,ROMNEY,In spite of his policies.,S,,,,S,,,,S,,,
130,ROMNEY,Mr.,S,,,,S,,,,S,,,
131,ROMNEY,"President, all of the increase in natural gas and oil has happened on private land, not on government land.",S,,,,S,,,,S,,,
132,ROMNEY,"On government land, your administration has cut the number of permits and licenses in half.",S,,,,S,,,,S,,,
133,ROMNEY,"If I’m president, I’ll double them, and also get the — the oil from offshore and Alaska.",S,,,,S,,,,S,,,
134,ROMNEY,And I’ll bring that pipeline in from Canada.,S,,,,S,,,,S,,,
135,ROMNEY,"And, by the way, I like coal.",S,,,,S,,,,S,,,
136,ROMNEY,I’m going to make sure we can continue to burn clean coal.,S,,,,S,,,,S,,,
137,ROMNEY,People in the coal industry feel like it’s getting crushed by your policies.,S,,,,S,,,,S,,,
138,ROMNEY,I want to get America and North America energy independent so we can create those jobs.,S,,APAT,,S,,APAT,,S,,APAT,
139,ROMNEY,"And finally, with regards to that tax cut, look, I’m not looking to cut massive taxes and to reduce the — the revenues going to the government.",S,,,,S,,,,S,,,
140,ROMNEY,"My — my number-one principal is, there will be no tax cut that adds to the deficit.",S,,,,S,,,,S,,,
141,ROMNEY,I want to underline that: no tax cut that adds to the deficit.,S,,,,S,,,,S,,,
142,ROMNEY,But I do want to reduce the burden being paid by middle-income Americans.,S,,,,S,,,,S,,,
143,ROMNEY,"And I — and to do that, that also means I cannot reduce the burden paid by high-income Americans.",S,,,,S,,,,S,,,
144,ROMNEY,So any — any language to the contrary is simply not accurate.,S,,,,S,,,,S,,,
145,ROMNEY,LEHRER: Mr.,S,,,,S,,,,S,,,
146,ROMNEY,President?,,,,,,,,,,,,
147,OBAMA,"Well, I think — let’s talk about taxes, because I think it’s instructive.",S; EXPL,,IP,,S; EXPL,,IP,,S; EXPL,,IP,
148,OBAMA,"Now, four years ago, when I stood on this stage, I said that I would cut taxes for middle-class families.",S,,AE,,S,,AE,,S,,AE,
149,OBAMA,And that’s exactly what I did.,S; AGR,,,,S; AGR,,,,S; AGR,,,
150,OBAMA,"We cut taxes for middle-class families by about $3,600.",S; S-Inform,,AE,,S; S-Inform,,AE,,S; S-Inform,,AE,
151,OBAMA,"And the reason is, because I believe that we do best when the middle class is doing well.",S; EXPL,,IP,,S; EXPL,,IP,,S; EXPL,,IP,
152,OBAMA,"And by giving them those tax cuts, they had a little more money in their pocket, and so maybe they can buy a new car.",S,,,,S,,,,S,,,
153,OBAMA,They are certainly in a better position to weather the extraordinary recession that we went through.,S,,,,S,,,,S,,,
154,OBAMA,"They can buy a computer for their kid who’s going off to college, which means they’re spending more money, businesses have more customers, businesses make more profits, and then hire more workers.",S,,,,S,,,,S,,,
155,OBAMA,"Now, Governor Romney’s proposal that he has been promoting for 18 months calls for a $5 trillion tax cut, on top of $2 trillion of additional spending for our military.",S; S-Inform,,,,S; S-Inform,,,,S; S-Inform,,,
156,OBAMA,And he is saying that he is going to pay for it by closing loopholes and deductions.,S,,,,S,,,,S,,,
157,OBAMA,"The problem is that he’s been asked over 100 times how you would close those deductions and loopholes, and he hasn’t been able to identify them.",S; S-Inform,,,,S; S-Inform,,,,S; S-Inform,,,
158,OBAMA,"But I’m going to make an important point here, Jim.",S,,,,S,,,,S,,,
159,LEHRER,All right.,S,,,,S,,,,S,,,
160,OBAMA,"When you add up all the loopholes and deductions that upper-income individuals can — are currently taking advantage of, you take those all away, you don’t come close to paying for $5 trillion in tax cuts and $2 trillion in additional military spending.",S; S-Inform,,,,S; S-Inform,,,,S; S-Inform,,,
161,OBAMA,And that’s why independent studies looking at this said the only way to meet Governor Romney’s pledge of not reducing the deficit or — or — or not adding to the deficit is by burdening middle-class families.,S,,AE,,S,,AE,,S,,AE,
162,OBAMA,"The average middle-class family with children would pay about $2,000 more.",S; S-Inform,,AE,,S; S-Inform,,AE,,S; S-Inform,,AE,
163,OBAMA,"Now, that’s not my analysis.",S,,,,S,,,,S,,,
164,OBAMA,That’s the analysis of economists who have looked at this.,S,,,,S,,,,S,,,
165,OBAMA,"And — and that kind of top — top-down economics, where folks at the top are doing well, so the average person making $3 million is getting a $250,000 tax break, while middle-class families are burdened further, that’s not what I believe is a recipe for economic growth.",S; S-Inform,,AE; IP,,S; S-Inform,,AE; IP,,S; S-Inform,,AE; IP,
166,LEHRER,All right.,S,,,,S,,,,S,,,
167,LEHRER,What is the difference?,Q-W,,,,Q-W,,,,Q-W,,,
168,LEHRER,Let’s just stay on taxes.,S,,,,S,,,,S,,,
169,LEHRER,Just — let’s just stay on taxes for .,S,,,,S,,,,S,,,
170,LEHRER,What is the difference…,S,,,,S,,,,S,,,
171,ROMNEY,"Well, but — but virtually — virtually everything he just said about my tax plan is inaccurate.",S,,,,S,,,,S,,,
172,LEHRER,All right.,S,,,,S,,,,S,,,
173,ROMNEY,"So if the tax plan he described were a tax plan I was asked to support, I’d say absolutely not.",S; AGR,,,,S; AGR,,,,S; AGR,,,
174,ROMNEY,I’m not looking for a $5 trillion tax cut.,S; S-Inform,,,,S; S-Inform,,,,S; S-Inform,,,
175,ROMNEY,What I’ve said is I won’t put in place a tax cut that adds to the deficit.,S,,,,S,,,,S,,,
176,ROMNEY,That’s part one.,S,,,,S,,,,S,,,
177,ROMNEY,So there’s no economist that can say Mitt Romney’s tax plan adds $5 trillion if I say I will not add to the deficit with my tax plan.,S; S-Inform,,,,S; S-Inform,,,,S; S-Inform,,,
178,ROMNEY,"Number two, I will not reduce the share paid by high-income individuals.",S,,,,S,,,,S,,,
179,ROMNEY,"I know that you and your running mate keep saying that and I know it’s a popular thing to say with a lot of people, but it’s just not the case.",S,,,,S,,,,S,,,
180,ROMNEY,"Look, I’ve got five boys.",S,,,,S,,,,S,,,
181,ROMNEY,"I’m used to people saying something that’s not always true, but just keep on repeating it and ultimately hoping I’ll believe it.",S,,,,S,,,,S,,,
182,ROMNEY,But that — that is not the case.,S; EXPL,,,,S; EXPL,,,,S; EXPL,,,
183,ROMNEY,All right?,,,,,,,,,,,,
184,ROMNEY,I will not reduce the taxes paid by high-income Americans.,S,,,,S,,,,S,,,
185,ROMNEY,"And number three, I will not under any circumstances raise taxes on middle-income families.",S,,AE,,S,,AE,,S,,AE,
186,ROMNEY,I will lower taxes on middle-income families.,S,,AE,,S,,AE,,S,,AE,
187,ROMNEY,"Now, you cite a study.",S,,,,S,,,,S,,,
188,ROMNEY,There are six other studies that looked at the study you describe and say it’s completely wrong.,S,,,,S,,,,S,,,
189,ROMNEY,"I saw a study that came out today that said you’re going to raise taxes by $3,000 to $4,000 on middle-income families.",S; S-Inform,,AE,,S; S-Inform,,AE,,S; S-Inform,,AE,
190,ROMNEY,There are all these studies out there.,IAFA,,,,IAFA,,,,IAFA,,,
191,ROMNEY,But let’s get at the bottom line.,S,,,,S,,,,S,,,
192,ROMNEY,"That is, I want to bring down rates.",S; EXPL,,,,S; EXPL,,,,S; EXPL,,,
193,ROMNEY,"I want to bring the rates down, at the same time lower deductions and exemptions and credits and so forth, so we keep getting the revenue we need.",S,,,,S,,,,S,,,
194,ROMNEY,"And you’d think, well, then why lower the rates?",,,,,,,,,,,,
195,ROMNEY,"And the reason is because small business pays that individual rate; 54 percent of America’s workers work in businesses that are taxed not at the corporate tax rate, but at the individual tax rate.",S; EXPL; S-Inform,,APAT,,S; EXPL; S-Inform,,APAT,,S; EXPL; S-Inform,,APAT,
196,ROMNEY,"And if we lower that rate, they will be able to hire more people.",S,,,,S,,,,S,,,
197,ROMNEY,"For me, this is about jobs.",S,,,,S,,,,S,,,
198,ROMNEY,This is about getting jobs for the American people.,S,,AP; APAT,,S,,AP; APAT,,S,,AP; APAT,
199,LEHRER,That’s where we started.,S,,,,S,,,,S,,,
200,LEHRER,Yeah.,S; ACK,,,,S; ACK,,,,S; ACK,,,
201,LEHRER,Do you challenge what the governor just said about his own plan?,YNQ,,,,YNQ,,,,YNQ,,,
202,OBAMA,"Well, for 18 months he’s been running on this tax plan.",S; S-Inform,,,,S; S-Inform,,,,S; S-Inform,,,
203,OBAMA,"And now, five weeks before the election, he’s saying that his big, bold idea is, “Never mind.",S,,,,S,,,,S,,,
204,OBAMA,"” And the fact is that if you are lowering the rates the way you described, Governor, then it is not possible to come up with enough deductions and loopholes that only affect high-income individuals to avoid either raising the deficit or burdening the middle class.",S,,,,S,,,,S,,,
205,OBAMA,It’s — it’s math.,S,,,,S,,,,S,,,
206,OBAMA,It’s arithmetic.,S,,,,S,,,,S,,,
207,OBAMA,"Now, Governor Romney and I do share a deep interest in encouraging small-business growth.",S,,,,S,,,,S,,,
208,OBAMA,"So at the same time that my tax plan has already lowered taxes for 98 percent of families, I also lowered taxes for small businesses 18 times.",S; S-Inform,,AE,,S; S-Inform,,AE,,S; S-Inform,,AE,
209,OBAMA,And what I want to do is continue the tax rates — the tax cuts that we put into place for small businesses and families.,S,,AE,,S,,AE,,S,,AE,
210,OBAMA,"But I have said that for incomes over $250,000 a year, that we should go back to the rates that we had when Bill Clinton was president, when we created 23 million new jobs, went from deficit to surplus, and created a whole lot of millionaires to boot.",S; S-Inform,,,,S; S-Inform,,,,S; S-Inform,,,
211,OBAMA,"And the reason this is important is because by doing that, we cannot only reduce the deficit, we cannot only encourage job growth through small businesses, but we’re also able to make the investments that are necessary in education or in energy.",S; EXPL,,,,S; EXPL,,,,S; EXPL,,,
212,OBAMA,"And we do have a difference, though, when it comes to definitions of small business.",S,,,,S,,,,S,,,
213,OBAMA,"Under — under my plan, 97 percent of small businesses would not see their income taxes go up.",S; S-Inform,,,,S; S-Inform,,,,S; S-Inform,,,
214,OBAMA,"Governor Romney says, well, those top 3 percent, they’re the job creators, they’d be burdened.",S; S-Inform,,,,S; S-Inform,,,,S; S-Inform,,,
215,OBAMA,"But under Governor Romney’s definition, there are a whole bunch of millionaires and billionaires who are small businesses.",S,,,,S,,,,S,,,
216,OBAMA,Donald Trump is a small business.,S,,,,S,,,,S,,,
217,OBAMA,"Now, I know Donald Trump doesn’t like to think of himself as small anything, but — but that’s how you define small businesses if you’re getting business income.",S,,,,S,,,,S,,,
218,OBAMA,"And that kind of approach, I believe, will not grow our economy, because the only way to pay for it without either burdening the middle class or blowing up our deficit is to make drastic cuts in things like education, making sure that we are continuing to invest in basic science and research, all the things that are helping America grow.",S; EXPL,,APAT; IP,,S; EXPL,,APAT; IP,,S; EXPL,,APAT; IP,
219,OBAMA,And I think that would be a mistake.,S,,IP,,S,,IP,,S,,IP,
220,LEHRER,All right.,S,,,,S,,,,S,,,
221,ROMNEY,"Jim, let me just come back on that — on that point, which is these…",S,,,,S,,,,S,,,
222,LEHRER,Just for the — just for record…,S,,,,S,,,,S,,,
223,ROMNEY,… the small businesses we’re talking about…,S,,,,S,,,,S,,,
224,LEHRER,Excuse me.,IAFA; TT,,,,IAFA; TT,,,,IAFA; TT,,,
225,LEHRER,Excuse me.,IAFA; TT,,,,IAFA; TT,,,,IAFA; TT,,,
226,LEHRER,"Just so everybody understands, we’re way over our first 15 minutes.",S; S-Inform,,,,S; S-Inform,,,,S; S-Inform,,,
227,ROMNEY,"It’s fun, isn’t it?",,,,,,,,,,,,
228,LEHRER,"It’s OK, it’s great.",S,,,,S,,,,S,,,
229,LEHRER,No problem.,S; REJ; ANS,,,,S; REJ; ANS,,,,S; REJ; ANS,,,
230,LEHRER,"Well, you all don’t have — you don’t have a problem, I don’t have a problem, because we’re still on the economy.",S; EXPL,,,,S; EXPL,,,,S; EXPL,,,
231,LEHRER,We’re going to come back to taxes.,S,,,,S,,,,S,,,
232,LEHRER,"I want move on to the deficit and a lot of other things, too.",S,,,,S,,,,S,,,
233,LEHRER,"OK, but go ahead, sir.",IAFA,,,,IAFA,,,,IAFA,,,
234,ROMNEY,You bet.,S,,,,S,,,,S,,,
235,ROMNEY,"Well, President, you’re — Mr.",S,,,,S,,,,S,,,
236,ROMNEY,"President, you’re absolutely right, which is that, with regards to 97 percent of the businesses are not — not taxed at the 35 percent tax rate, they’re taxed at a lower rate.",S; AGR; S-Inform,,,,S; AGR; S-Inform,,,,S; AGR; S-Inform,,,
237,ROMNEY,But those businesses that are in the last 3 percent of businesses happen to employ half — half of all the people who work in small business.,S; S-Inform,,,,S; S-Inform,,,,S; S-Inform,,,
238,ROMNEY,Those are the businesses that employ one-quarter of all the workers in America.,S,,APAT,,S,,APAT,,S,,APAT,
239,ROMNEY,And your plan is to take their tax rate from 35 percent to 40 percent.,S; S-Inform,,,,S; S-Inform,,,,S; S-Inform,,,
240,ROMNEY,"Now, and — and I’ve talked to a guy who has a very small business.",S,,,,S,,,,S,,,
241,ROMNEY,He’s in the electronics business in — in St.,S,,,,S,,,,S,,,
242,ROMNEY,Louis.,S,,,,S,,,,S,,,
243,ROMNEY,He has four employees.,S,,,,S,,,,S,,,
244,ROMNEY,"He said he and his son calculated how much they pay in taxes, federal income tax, federal payroll tax, state income tax, state sales tax, state property tax, gasoline tax.",S,,,,S,,,,S,,,
245,ROMNEY,It added up to well over 50 percent of what they earned.,S; S-Inform,,,,S; S-Inform,,,,S; S-Inform,,,
246,ROMNEY,And your plan is to take the tax rate on successful small businesses from 35 percent to 40 percent.,S; S-Inform,,,,S; S-Inform,,,,S; S-Inform,,,
247,ROMNEY,"The National Federation of Independent Businesses has said that will cost 700,000 jobs.",S; S-Inform,,,,S; S-Inform,,,,S; S-Inform,,,
248,ROMNEY,I don’t want to cost jobs.,S,,,,S,,,,S,,,
249,ROMNEY,My priority is jobs.,S,,,,S,,,,S,,,
250,ROMNEY,"And so what I do is I bring down the tax rates, lower deductions and exemptions, the same idea behind Bowles-Simpson, by the way, get the rates down, lower deductions and exemptions, to create more jobs, because there’s nothing better for getting us to a balanced budget than having more people working, earning more money, paying more taxes.",S; EXPL,,,,S; EXPL,,,,S; EXPL,,,
251,ROMNEY,That’s by far the most effective and efficient way to get this budget balanced.,S,,,,S,,,,S,,,
252,OBAMA,"Jim, I — you may want to move onto another topic, but I — I would just say this to the American people.",S,,AP; APAT,,S,,AP; APAT,,S,,AP; APAT,
253,OBAMA,"If you believe that we can cut taxes by $5 trillion and add $2 trillion in additional spending that the military is not asking for, $7 trillion — just to give you a sense, over 10 years, that’s more than our entire defense budget — and you think that by closing loopholes and deductions for the well-to-do, somehow you will not end up picking up the tab, then Governor Romney’s plan may work for you.",S; S-Inform,,,,S; S-Inform,,,,S; S-Inform,,,
254,OBAMA,"But I think math, common sense, and our history shows us that’s not a recipe for job growth.",S,,IP,,S,,IP,,S,,IP,
255,OBAMA,"Look, we’ve tried this.",S,,,,S,,,,S,,,
256,OBAMA,We’ve tried both approaches.,S,,,,S,,,,S,,,
257,OBAMA,"The approach that Governor Romney’s talking about is the same sales pitch that was made in 2001 and 2003, and we ended up with the slowest job growth in 50 years, we ended up moving from surplus to deficits, and it all culminated in the worst financial crisis since the Great Depression.",S; HS; S-Inform,,AF,,S; HS; S-Inform,,AF,,S; HS; S-Inform,,AF,
258,OBAMA,Bill Clinton tried the approach that I’m talking about.,S,,,,S,,,,S,,,
259,OBAMA,We created 23 million new jobs.,S; S-Inform,,,,S; S-Inform,,,,S; S-Inform,,,
260,OBAMA,We went from deficit to surplus.,S,,,,S,,,,S,,,
261,OBAMA,And businesses did very well.,S,,,,S,,,,S,,,
262,OBAMA,"So, in some ways, we’ve got some data on which approach is more likely to create jobs and opportunity for Americans and I believe that the economy works best when middle-class families are getting tax breaks so that they’ve got some money in their pockets, and those of us who have done extraordinarily well because of this magnificent country that we live in, that we can afford to do a little bit more to make sure we’re not blowing up the deficit.",S; EXPL,,AE; IP,,S; EXPL,,AE; IP,,S; EXPL,,AE; IP,
263,ROMNEY,"Jim, the president began this segment, so I think I get the last word.",S,,IP,,S,,IP,,S,,IP,
264,LEHRER,"Well, you’re going to get the first word in the next segment.",S,,,,S,,,,S,,,
265,ROMNEY,All right.,S,,,,S,,,,S,,,
266,ROMNEY,"Well, but he gets the first word of that segment.",S,,,,S,,,,S,,,
267,ROMNEY,I get the last word I hope.,S,,,,S,,,,S,,,
268,ROMNEY,Let me just make this comment.,S,,,,S,,,,S,,,
269,ROMNEY,"I think first of all, let me — let me repeat — let me repeat what I said.",S,,IP,,S,,IP,,S,,IP,
270,ROMNEY,I’m not in favor of a $5 trillion tax cut.,S; S-Inform,,,,S; S-Inform,,,,S; S-Inform,,,
271,ROMNEY,That’s not my plan.,S,,,,S,,,,S,,,
272,ROMNEY,My plan is not to put in place any tax cut that will add to the deficit.,S,,,,S,,,,S,,,
273,ROMNEY,That’s point one.,S,,,,S,,,,S,,,
274,ROMNEY,"So you may keep referring to it as a $5 trillion tax cut, but that’s not my plan.",S; S-Inform,,,,S; S-Inform,,,,S; S-Inform,,,
275,ROMNEY,"Number two, let’s look at history.",S,,,,S,,,,S,,,
276,ROMNEY,My plan is not like anything that’s been tried before.,S,,,,S,,,,S,,,
277,ROMNEY,"My plan is to bring down rates, but also bring down deductions and exemptions and credits at the same time so the revenue stays in, but that we bring down rates to get more people working.",S,,,,S,,,,S,,,
278,ROMNEY,My priority is putting people back to work in America.,S,,APAT,,S,,APAT,,S,,APAT,
279,ROMNEY,They’re suffering in this country.,S,,,,S,,,,S,,,
280,ROMNEY,And we talk about evidence.,S,,,,S,,,,S,,,
281,ROMNEY,Look at the evidence of the last four years.,IAFA,,,,IAFA,,,,IAFA,,,
282,ROMNEY,It’s absolutely extraordinary.,S; AGR,,,,S; AGR,,,,S; AGR,,,
283,ROMNEY,We’ve got 23 million people out of work or stopped looking for work in this country.,S; S-Inform,,,,S; S-Inform,,,,S; S-Inform,,,
284,ROMNEY,"It’s just — it’s — we’ve got — when the president took office, 32 million people on food stamps; 47 million on food stamps today; economic growth this year slower than last year, and last year slower than the year before.",S; S-Inform,,,,S; S-Inform,,,,S; S-Inform,,,
285,ROMNEY,Going forward with the status quo is not going to cut it for the American people who are struggling today.,S,,AP; APAT,,S,,AP; APAT,,S,,AP; APAT,
286,LEHRER,All right.,S,,,,S,,,,S,,,
287,LEHRER,Let’s talk — we’re still on the economy.,S,,,,S,,,,S,,,
288,LEHRER,"This is, theoretically now, a second segment still on the economy, and specifically on what to do about the federal deficit, the federal debt.",S; EXPL,,,,S; EXPL,,,,S; EXPL,,,
289,LEHRER,"And the question, you each have two minutes on this, and Governor Romney, you — you go first because the president went first on segment one.",S; EXPL,,,,S; EXPL,,,,S; EXPL,,,
290,LEHRER,"And the question is this, what are the differences between the two of you as to how you would go about tackling the deficit problem in this country?",,,,,,,,,,,,
291,ROMNEY,Good.,S,,,,S,,,,S,,,
292,ROMNEY,"I’m glad you raised that, and it’s a — it’s a critical issue.",S,,,,S,,,,S,,,
293,ROMNEY,"I think it’s not just an economic issue, I think it’s a moral issue.",S,,IP,,S,,IP,,S,,IP,
294,ROMNEY,"I think it’s, frankly, not moral for my generation to keep spending massively more than we take in, knowing those burdens are going to be passed on to the next generation and they’re going to be paying the interest and the principal all their lives.",S,,IP,,S,,IP,,S,,IP,
295,ROMNEY,"And the amount of debt we’re adding, at a trillion a year, is simply not moral.",S; S-Inform,,,,S; S-Inform,,,,S; S-Inform,,,
296,ROMNEY,So how do we deal with it?,,,,,,,,,,,,
297,ROMNEY,"Well, mathematically, there are three ways that you can cut a deficit.",S,,,,S,,,,S,,,
298,ROMNEY,"One, of course, is to raise taxes.",S,,,,S,,,,S,,,
299,ROMNEY,Number two is to cut spending.,S,,,,S,,,,S,,,
300,ROMNEY,"And number is to grow the economy, because if more people work in a growing economy, they’re paying taxes, and you can get the job done that way.",S; EXPL,,,,S; EXPL,,,,S; EXPL,,,
301,ROMNEY,The presidents would — president would prefer raising taxes.,S,,,,S,,,,S,,,
302,ROMNEY,I understand.,S,,,,S,,,,S,,,
303,ROMNEY,The problem with raising taxes is that it slows down the rate of growth.,S,,,,S,,,,S,,,
304,ROMNEY,And you could never quite get the job done.,S,,,,S,,,,S,,,
305,ROMNEY,I want to lower spending and encourage economic growth at the same time.,S,,,,S,,,,S,,,
306,ROMNEY,What things would I cut from spending?,Q-W,,IT,,Q-W,,IT,,Q-W,,IT,
307,ROMNEY,"Well, first of all, I will eliminate all programs by this test, if they don’t pass it: Is the program so critical it’s worth borrowing money from China to pay for it?",,,,,,,,,,,,
308,ROMNEY,"And if not, I’ll get rid of it.",S,,,,S,,,,S,,,
309,ROMNEY,Obamacare’s on my list.,S,,,,S,,,,S,,,
310,ROMNEY,"I apologize, Mr.",S; APO,,,,S; APO,,,,S; APO,,,
311,ROMNEY,President.,S,,,,S,,,,S,,,
312,ROMNEY,"I use that term with all respect, by the way.",S,,,,S,,,,S,,,
313,OBAMA,I like it.,S,,,,S,,,,S,,,
314,ROMNEY,Good.,S,,,,S,,,,S,,,
315,ROMNEY,"OK, good.",S,,,,S,,,,S,,,
316,ROMNEY,So I’ll get rid of that.,S,,,,S,,,,S,,,
317,ROMNEY,"I’m sorry, Jim, I’m going to stop the subsidy to PBS.",S,,,,S,,,,S,,,
318,ROMNEY,I’m going to stop other things.,S,,,,S,,,,S,,,
319,ROMNEY,"I like PBS, I love Big Bird.",S,,,,S,,,,S,,,
320,ROMNEY,"Actually like you, too.",S,,,,S,,,,S,,,
321,ROMNEY,But I’m not going to — I’m not going to keep on spending money on things to borrow money from China to pay for.,S,,,,S,,,,S,,,
322,ROMNEY,That’s number one.,S,,,,S,,,,S,,,
323,ROMNEY,"Number two, I’ll take programs that are currently good programs but I think could be run more efficiently at the state level and send them to the state.",S,,IP,,S,,IP,,S,,IP,
324,ROMNEY,"Number three, I’ll make government more efficient and to cut back the number of employees, combine some agencies and departments.",S,,,,S,,,,S,,,
325,ROMNEY,"My cutbacks will be done through attrition, by the way.",S,,,,S,,,,S,,,
326,ROMNEY,This is the approach we have to take to get America to a balanced budget.,S,,APAT,,S,,APAT,,S,,APAT,
327,ROMNEY,The president said he’d cut the deficit in half.,S,,,,S,,,,S,,,
328,ROMNEY,"Unfortunately, he doubled it.",S,,,,S,,,,S,,,
329,ROMNEY,Trillion-dollar deficits for the last four years.,S; S-Inform,,,,S; S-Inform,,,,S; S-Inform,,,
330,ROMNEY,The president’s put it in place as much public debt — almost as much debt held by the public as al prior presidents combined.,S,,,,S,,,,S,,,
331,LEHRER,Mr.,S,,,,S,,,,S,,,
332,LEHRER,"President, two minutes.",S,,,,S,,,,S,,,
333,OBAMA,"When I walked into the Oval Office, I had more than a trillion-dollar deficit greeting me.",S; S-Inform,,,,S; S-Inform,,,,S; S-Inform,,,
334,OBAMA,And we know where it came from: two wars that were paid for on a credit card; two tax cuts that were not paid for; and a whole bunch of programs that were not paid for; and then a massive economic crisis.,S,,AF,,S,,AF,,S,,AF,
335,OBAMA,"And despite that, what we’ve said is, yes, we had to take some initial emergency measures to make sure we didn’t slip into a Great Depression, but what we’ve also said is, let’s make sure that we are cutting out those things that are not helping us grow.",S,,,,S,,,,S,,,
336,OBAMA,"So 77 government programs, everything from aircrafts that the Air Force had ordered but weren’t working very well, 18 government — 18 government programs for education that were well-intentioned, not weren’t helping kids learn, we went after medical fraud in Medicare and Medicaid very aggressively, more aggressively than ever before, and have saved tens of billions of dollars, $50 billion of waste taken out of the system.",S; S-Inform,,,,S; S-Inform,,,,S; S-Inform,,,
337,OBAMA,And I worked with Democrats and Republicans to cut a trillion dollars out of our discretionary domestic budget.,S; S-Inform,,,,S; S-Inform,,,,S; S-Inform,,,
338,OBAMA,That’s the largest cut in the discretionary domestic budget since Dwight Eisenhower.,S,,,,S,,,,S,,,
339,OBAMA,"Now, we all know that we’ve got to do more.",S,,,,S,,,,S,,,
340,OBAMA,And so I’ve put forward a specific $4 trillion deficit reduction plan.,S; S-Inform,,,,S; S-Inform,,,,S; S-Inform,,,
341,OBAMA,It’s on a website.,S,,,,S,,,,S,,,
342,OBAMA,"You can look at all the numbers, what cuts we make and what revenue we raise.",S,,,,S,,,,S,,,
343,OBAMA,And the way we do it is $2.,S; S-Inform,,,,S; S-Inform,,,,S; S-Inform,,,
344,OBAMA,"50 for every cut, we ask for $1 of additional revenue, paid for, as I indicated earlier, by asking those of us who have done very well in this country to contribute a little bit more to reduce the deficit.",S; S-Inform,,,,S; S-Inform,,,,S; S-Inform,,,
345,OBAMA,Governor Romney earlier mentioned the Bowles-Simpson commission.,S,,,,S,,,,S,,,
346,OBAMA,"Well, that’s how the commission — bipartisan commission that talked about how we should move forward suggested we have to do it, in a balanced way with some revenue and some spending cuts.",S,,,,S,,,,S,,,
347,OBAMA,And this is a major difference that Governor Romney and I have.,S,,,,S,,,,S,,,
348,OBAMA,"Let — let me just finish their point, because you’re looking for contrast.",S; EXPL,,,,S; EXPL,,,,S; EXPL,,,
349,OBAMA,"You know, when Governor Romney stood on a stage with other Republican candidates for the nomination and he was asked, would you take $10 of spending cuts for just $1 of revenue?",,,,,,,,,,,,
350,OBAMA,And he said no.,S,,,,S,,,,S,,,
351,OBAMA,"Now, if you take such an unbalanced approach, then that means you are going to be gutting our investments in schools and education.",S,,,,S,,,,S,,,
352,OBAMA,It means that Governor Romney…,S,,,,S,,,,S,,,
353,OBAMA,"… talked about Medicaid and how we could send it back to the states, but effectively this means a 30 percent cut in the primary program we help for seniors who are in nursing homes, for kids who are with disabilities.",S; S-Inform,,,,S; S-Inform,,,,S; S-Inform,,,
354,LEHRER,Mr.,S,,,,S,,,,S,,,
355,LEHRER,"President, I’m sorry.",S,,,,S,,,,S,,,
356,OBAMA,And — and that is not a right strategy for us to move forward.,S; EXPL,,,,S; EXPL,,,,S; EXPL,,,
357,LEHRER,Way over the two minutes.,S,,,,S,,,,S,,,
358,OBAMA,Sorry.,S,,,,S,,,,S,,,
359,LEHRER,"Governor, what about Simpson-Bowles?",,,,,,,,,,,,
360,LEHRER,Do you support Simpson-Bowles?,YNQ,,,,YNQ,,,,YNQ,,,
361,ROMNEY,"Simpson-Bowles, the president should have grabbed that.",S,,,,S,,,,S,,,
362,LEHRER,"No, I mean, do you support Simpson-Bowles?",REJ; ANS,,,,REJ; ANS,,,,REJ; ANS,,,
363,ROMNEY,I have my own plan.,S,,,,S,,,,S,,,
364,ROMNEY,It’s not the same as Simpson- Bowles.,S,,,,S,,,,S,,,
365,ROMNEY,"But in my view, the president should have grabbed it.",S,,IP,,S,,IP,,S,,IP,
366,ROMNEY,"If you wanted to make some adjustments to it, take it, go to Congress, fight for it.",S,,,,S,,,,S,,,
367,OBAMA,"That’s what we’ve done, made some adjustments to it, and we’re putting it forward before Congress right now, a $4 trillion plan…",S; S-Inform,,,,S; S-Inform,,,,S; S-Inform,,,
368,ROMNEY,But you’ve been — but you’ve been president four years…,S,,,,S,,,,S,,,
369,ROMNEY,You’ve been president four years.,S,,,,S,,,,S,,,
370,ROMNEY,You said you’d cut the deficit in half.,S,,,,S,,,,S,,,
371,ROMNEY,It’s now four years later.,S,,,,S,,,,S,,,
372,ROMNEY,We still have trillion-dollar deficits.,S; S-Inform,,,,S; S-Inform,,,,S; S-Inform,,,
373,ROMNEY,The CBO says we’ll have a trillion-dollar deficit each of the next four years.,S; S-Inform,,,,S; S-Inform,,,,S; S-Inform,,,
374,ROMNEY,"If you’re re-elected, we’ll get to a trillion-dollar debt.",S; S-Inform,,,,S; S-Inform,,,,S; S-Inform,,,
375,ROMNEY,"I mean, you have said before you’d cut the deficit in half.",S,,,,S,,,,S,,,
376,ROMNEY,And this — I love this idea of $4 trillion in cuts.,S; S-Inform,,,,S; S-Inform,,,,S; S-Inform,,,
377,ROMNEY,"You found $4 trillion of ways to reduce or to get closer to a balanced budget, except we still show trillion-dollar deficits every year.",S; S-Inform,,,,S; S-Inform,,,,S; S-Inform,,,
378,ROMNEY,That doesn’t get the job done.,S,,,,S,,,,S,,,
379,ROMNEY,"Let me come back and say, why is it that I don’t want to raise taxes?",,,,,,,,,,,,
380,ROMNEY,Why don’t I want to raise taxes on people?,Q-W,,,,Q-W,,,,Q-W,,,
381,ROMNEY,"And actually, you said it back in 2010.",S; HS; S-Inform,,,,S; HS; S-Inform,,,,S; HS; S-Inform,,,
382,ROMNEY,"You said, “Look, I’m going to extend the tax policies that we have now; I’m not going to raise taxes on anyone, because when the economy is growing slow like this, when we’re in recession, you shouldn’t raise taxes on anyone.",S; EXPL,,,,S; EXPL,,,,S; EXPL,,,
383,ROMNEY,"” Well, the economy is still growing slow.",S,,,,S,,,,S,,,
384,ROMNEY,"As a matter of fact, it’s growing much more slowly now than when you made that statement.",S,,,,S,,,,S,,,
385,ROMNEY,"And so if you believe the same thing, you just don’t want to raise taxes on people.",S,,,,S,,,,S,,,
386,ROMNEY,And the reality is it’s not just wealthy people — you mentioned Donald Trump.,S,,,,S,,,,S,,,
387,ROMNEY,It’s not just Donald Trump you’re taxing.,S,,,,S,,,,S,,,
388,ROMNEY,It’s all those businesses that employ one-quarter of the workers in America; these small businesses that are taxed as individuals.,S,,APAT,,S,,APAT,,S,,APAT,
389,ROMNEY,You raise taxes and you kill jobs.,S,,,,S,,,,S,,,
390,ROMNEY,"That’s why the National Federation of Independent Businesses said your plan will kill 700,000 jobs.",S; S-Inform,,,,S; S-Inform,,,,S; S-Inform,,,
391,ROMNEY,I don’t want to kill jobs in this environment.,S,,,,S,,,,S,,,
392,ROMNEY,I’ll make one more point.,S,,,,S,,,,S,,,
393,LEHRER,answer the taxes thing for a moment.,IAFA,,,,IAFA,,,,IAFA,,,
394,ROMNEY,OK.,S; ACK,,,,S; ACK,,,,S; ACK,,,
395,LEHRER,Mr.,S,,,,S,,,,S,,,
396,LEHRER,President?,,,,,,,,,,,,
397,OBAMA,"Well, we’ve had this discussion before.",S,,,,S,,,,S,,,
398,LEHRER,"About the idea that in order to reduce the deficit, there has to be revenue in addition to cuts.",S,,,,S,,,,S,,,
399,OBAMA,There has to be revenue in addition to cuts.,IAFA,,,,IAFA,,,,IAFA,,,
400,OBAMA,"Now, Governor Romney has ruled out revenue.",S,,,,S,,,,S,,,
401,OBAMA,He’s ruled out revenue.,S,,,,S,,,,S,,,
402,ROMNEY,Absolutely.,S; AGR,,,,S; AGR,,,,S; AGR,,,
403,ROMNEY,"Look, the revenue I get is by more people working, getting higher pay, paying more taxes.",S,,,,S,,,,S,,,
404,ROMNEY,That’s how we get growth and how we balance the budget.,S,,,,S,,,,S,,,
405,ROMNEY,"But the idea of taxing people more, putting more people out of work, you’ll never get there.",S,,,,S,,,,S,,,
406,ROMNEY,You’ll never balance the budget by raising taxes.,S,,,,S,,,,S,,,
407,ROMNEY,Spain — Spain spends 42 percent of their total economy on government.,S; S-Inform,,,,S; S-Inform,,,,S; S-Inform,,,
408,ROMNEY,We’re now spending 42 percent of our economy on government.,S; S-Inform,,,,S; S-Inform,,,,S; S-Inform,,,
409,ROMNEY,I don’t want to go down the path to Spain.,S,,,,S,,,,S,,,
410,ROMNEY,I want to go down the path of growth that puts Americans to work with more money coming in because they’re working.,S; EXPL,,,,S; EXPL,,,,S; EXPL,,,
411,LEHRER,But — but Mr.,S,,,,S,,,,S,,,
412,LEHRER,"President, you’re saying in order to — to get the job done, it’s got to be balanced.",S,,,,S,,,,S,,,
413,LEHRER,You’ve got to have…,S,,,,S,,,,S,,,
414,OBAMA,"If — if we’re serious, we’ve got to take a balanced, responsible approach.",S,,,,S,,,,S,,,
415,OBAMA,"And by the way, this is not just when it comes to individual taxes.",S,,,,S,,,,S,,,
416,OBAMA,Let’s talk about corporate taxes.,S,,,,S,,,,S,,,
417,OBAMA,"Now, I’ve identified areas where we can, right away, make a change that I believe would actually help the economy.",S,,IP,,S,,IP,,S,,IP,
418,OBAMA,The oil industry gets $4 billion a year in corporate welfare.,S; S-Inform,,,,S; S-Inform,,,,S; S-Inform,,,
419,OBAMA,"Basically, they get deductions that those small businesses that Governor Romney refers to, they don’t get.",S,,,,S,,,,S,,,
420,OBAMA,"Now, does anybody think that ExxonMobil needs some extra money, when they’re making money every time you go to the pump?",,,,,,,,,,,,
421,OBAMA,Why wouldn’t we want to eliminate that?,Q-W,,,,Q-W,,,,Q-W,,,
422,OBAMA,Why wouldn’t we eliminate tax breaks for corporate jets?,Q-W,,,,Q-W,,,,Q-W,,,
423,OBAMA,"My attitude is, if you got a corporate jet, you can probably afford to pay full freight, not get a special break for it.",S,,,,S,,,,S,,,
424,OBAMA,"When it comes to corporate taxes, Governor Romney has said he wants to, in a revenue neutral way, close loopholes, deductions — he hasn’t identified which ones they are — but that thereby bring down the corporate rate.",S,,,,S,,,,S,,,
425,OBAMA,"Well, I want to do the same thing, but I’ve actually identified how we can do that.",S,,,,S,,,,S,,,
426,OBAMA,And part of the way to do it is to not give tax breaks to companies that are shipping jobs overseas.,S,,,,S,,,,S,,,
427,OBAMA,"Right now, you can actually take a deduction for moving a plant overseas.",S,,,,S,,,,S,,,
428,OBAMA,I think most Americans would say that doesn’t make sense.,S,,IP,,S,,IP,,S,,IP,
429,OBAMA,And all that raises revenue.,S,,,,S,,,,S,,,
430,OBAMA,"And so if we take a balanced approach, what that then allows us to do is also to help young people, the way we already have during my administration, make sure that they can afford to go to college.",S,,,,S,,,,S,,,
431,OBAMA,"It means that the teacher that I met in Las Vegas, a wonderful young lady, who describes to me — she’s got 42 kids in her class.",S; S-Inform,,,,S; S-Inform,,,,S; S-Inform,,,
432,OBAMA,"The first two weeks she’s got them, some of them sitting on the floor until finally they get reassigned.",S,,,,S,,,,S,,,
433,OBAMA,They’re using text books that are 10 years old.,S; S-Inform,,,,S; S-Inform,,,,S; S-Inform,,,
434,OBAMA,That is not a recipe for growth.,S; EXPL,,,,S; EXPL,,,,S; EXPL,,,
435,OBAMA,That’s not how America was built.,S,,APAT,,S,,APAT,,S,,APAT,
436,OBAMA,And so budgets reflect choices.,S,,,,S,,,,S,,,
437,OBAMA,"Ultimately, we’re going to have to make some decisions.",S,,,,S,,,,S,,,
438,OBAMA,"And if we’re asking for no revenue, then that means that we’ve got to get rid of a whole bunch of stuff.",S,,,,S,,,,S,,,
439,OBAMA,"And the magnitude of the tax cuts that you’re talking about, Governor, would end up resulting in severe hardship for people, but more importantly, would not help us grow.",S,,,,S,,,,S,,,
440,OBAMA,"As I indicated before, when you talk about shifting Medicaid to states, we’re talking about potentially a 30 — a 30 percent cut in Medicaid over time.",S; S-Inform,,,,S; S-Inform,,,,S; S-Inform,,,
441,OBAMA,"Now, you know, that may not seem like a big deal when it just is, you know, numbers on a sheet of paper, but if we’re talking about a family who’s got an autistic kid and is depending on that Medicaid, that’s a big problem.",S,,,,S,,,,S,,,
442,OBAMA,And governors are creative.,S,,,,S,,,,S,,,
443,OBAMA,There’s no doubt about it.,IAFA,,,,IAFA,,,,IAFA,,,
444,OBAMA,But they’re not creative enough to make up for 30 percent of revenue on something like Medicaid.,S; S-Inform,,,,S; S-Inform,,,,S; S-Inform,,,
445,OBAMA,What ends up happening is some people end up not getting help.,S,,,,S,,,,S,,,
446,ROMNEY,"Jim, let’s — we’ve gone on a lot of topics there, and so it’s going to take a minute to go from Medicaid to schools…",S,,,,S,,,,S,,,
447,LEHRER,Come back to…,IAFA,,,,IAFA,,,,IAFA,,,
448,ROMNEY,"… to oil, to tax breaks, then companies going overseas.",S,,,,S,,,,S,,,
449,ROMNEY,So let’s go through them one by one.,S,,,,S,,,,S,,,
450,ROMNEY,"First of all, the Department of Energy has said the tax break for oil companies is $2.",S; S-Inform,,,,S; S-Inform,,,,S; S-Inform,,,
451,ROMNEY,8 billion a year.,S; S-Inform,,,,S; S-Inform,,,,S; S-Inform,,,
452,ROMNEY,"And it’s actually an accounting treatment, as you know, that’s been in place for a hundred years.",S,,,,S,,,,S,,,
453,ROMNEY,Now…,S,,,,S,,,,S,,,
454,OBAMA,It’s time to end it.,S,,,,S,,,,S,,,
455,ROMNEY,"And in one year, you provided $90 billion in breaks to the green energy world.",S; S-Inform,,,,S; S-Inform,,,,S; S-Inform,,,
456,ROMNEY,"Now, I like green energy as well, but that’s about 50 years’ worth of what oil and gas receives.",S; S-Inform,,,,S; S-Inform,,,,S; S-Inform,,,
457,ROMNEY,And you say Exxon and Mobil.,S,,,,S,,,,S,,,
458,ROMNEY,"Actually, this $2.",S; S-Inform,,,,S; S-Inform,,,,S; S-Inform,,,
459,ROMNEY,"8 billion goes largely to small companies, to drilling operators and so forth.",S; S-Inform,,,,S; S-Inform,,,,S; S-Inform,,,
460,ROMNEY,"But, you know, if we get that tax rate from 35 percent down to 25 percent, why that $2.",S; S-Inform,,,,S; S-Inform,,,,S; S-Inform,,,
461,ROMNEY,8 billion is on the table.,S; S-Inform,,,,S; S-Inform,,,,S; S-Inform,,,
462,ROMNEY,Of course it’s on the table.,S,,,,S,,,,S,,,
463,ROMNEY,That’s probably not going to survive you get that rate down to 25 percent.,S; S-Inform,,,,S; S-Inform,,,,S; S-Inform,,,
464,ROMNEY,"But don’t forget, you put $90 billion, like 50 years’ worth of breaks, into — into solar and wind, to Solyndra and Fisker and Tester and Ener1.",S; S-Inform,,,,S; S-Inform,,,,S; S-Inform,,,
465,ROMNEY,"I mean, I had a friend who said you don’t just pick the winners and losers, you pick the losers, all right?",,,,,,,,,,,,
466,ROMNEY,So this — this is not — this is not the kind of policy you want to have if you want to get America energy secure.,S,,APAT,,S,,APAT,,S,,APAT,
467,ROMNEY,"The second topic, which is you said you get a deduction for taking a plant overseas.",S,,,,S,,,,S,,,
468,ROMNEY,"Look, I’ve been in business for 25 years.",S; S-Inform,,,,S; S-Inform,,,,S; S-Inform,,,
469,ROMNEY,I have no idea what you’re talking about.,S,,,,S,,,,S,,,
470,ROMNEY,I maybe need to get a new accountant.,S,,,,S,,,,S,,,
471,LEHRER,Let’s…,IAFA,,,,IAFA,,,,IAFA,,,
472,ROMNEY,But — but the idea that you get a break for shipping jobs overseas is simply not the case.,S,,,,S,,,,S,,,
473,ROMNEY,What we do have right now is a setting where I’d like to bring money from overseas back to this country.,S,,,,S,,,,S,,,
474,ROMNEY,"And, finally, Medicaid to states?",,,,,,,,,,,,
475,ROMNEY,"I’m not quite sure where that came in, except this, which is, I would like to take the Medicaid dollars that go to states and say to a state, you’re going to get what you got last year, plus inflation, plus 1 percent, and then you’re going to manage your care for your poor in the way you think best.",S; S-Inform,,,,S; S-Inform,,,,S; S-Inform,,,
476,ROMNEY,"And I remember, as a governor, when this idea was floated by Tommy Thompson, the governors — Republican and Democrats — said, please let us do that.",S,,,,S,,,,S,,,
477,ROMNEY,We can care for our own poor in so much better and more effective a way than having the federal government tell us how to care for our poor.,S,,,,S,,,,S,,,
478,ROMNEY,So — so let’s state — one of the magnificent things about this country is the whole idea that states are the laboratories of democracy.,S,,,,S,,,,S,,,
479,ROMNEY,Don’t have the federal government tell everybody what kind of training programs they have to have and what kind of Medicaid they have to have.,S,,,,S,,,,S,,,
480,ROMNEY,Let states do this.,S,,,,S,,,,S,,,
481,ROMNEY,"And, by the way, if a state gets in trouble, well, we can step in and see if we can find a way to help them.",S,,,,S,,,,S,,,
482,LEHRER,Let’s go.,S,,,,S,,,,S,,,
483,ROMNEY,"But — but the right — the right approach is one which relies on the brilliance of our people and states, not the federal government.",S,,PB,,S,,PB,,S,,PB,
484,LEHRER,"and we’re going on — still on the economy, on another — but another part of it…",S,,,,S,,,,S,,,
485,OBAMA,OK.,S; ACK,,,,S; ACK,,,,S; ACK,,,
486,LEHRER,All right?,,,,,,,,,,,,
487,LEHRER,All right.,S,,,,S,,,,S,,,
488,LEHRER,"This is segment three, the economy.",S,,,,S,,,,S,,,
489,LEHRER,Entitlements.,S,,,,S,,,,S,,,
490,LEHRER,"First — first answer goes to you, two minutes, Mr.",S,,,,S,,,,S,,,
491,LEHRER,President.,S,,,,S,,,,S,,,
492,LEHRER,Do you see a major difference between the two of you on Social Security?,YNQ,,,,YNQ,,,,YNQ,,,
493,OBAMA,"You know, I suspect that, on Social Security, we’ve got a somewhat similar position.",S,,,,S,,,,S,,,
494,OBAMA,Social Security is structurally sound.,S,,,,S,,,,S,,,
495,OBAMA,It’s going to have to be tweaked the way it was by Ronald Reagan and Speaker — Democratic Speaker Tip O’Neill.,S; HS,,,,S; HS,,,,S; HS,,,
496,OBAMA,But it is — the basic structure is sound.,S,,,,S,,,,S,,,
497,OBAMA,"But — but I want to talk about the values behind Social Security and Medicare, and then talk about Medicare, because that’s the big driver of our deficits right now.",S; EXPL,,,,S; EXPL,,,,S; EXPL,,,
498,OBAMA,"You know, my grandmother — some of you know — helped to raise me.",S,,,,S,,,,S,,,
499,OBAMA,My grandparents did.,S,,,,S,,,,S,,,
500,OBAMA,My grandfather died a while back.,S,,,,S,,,,S,,,
501,OBAMA,My grandmother died three days before I was elected president.,S,,,,S,,,,S,,,
502,OBAMA,And she was fiercely independent.,S,,,,S,,,,S,,,
503,OBAMA,"She worked her way up, only had a high school education, started as a secretary, ended up being the vice president of a local bank.",S,,,,S,,,,S,,,
504,OBAMA,And she ended up living alone by choice.,S,,,,S,,,,S,,,
505,OBAMA,And the reason she could be independent was because of Social Security and Medicare.,S; EXPL,,,,S; EXPL,,,,S; EXPL,,,
506,OBAMA,"She had worked all her life, put in this money, and understood that there was a basic guarantee, a floor under which she could not go.",S,,,,S,,,,S,,,
507,OBAMA,And that’s the perspective I bring when I think about what’s called entitlements.,S,,IP,,S,,IP,,S,,IP,
508,OBAMA,"You know, the name itself implies some sense of dependency on the part of these folks.",S,,,,S,,,,S,,,
509,OBAMA,"These are folks who’ve worked hard, like my grandmother, and there are millions of people out there who are counting on this.",S,,,,S,,,,S,,,
510,OBAMA,"So my approach is to say, how do we strengthen the system over the long term?",,,,,,,,,,,,
511,OBAMA,"And in Medicare, what we did was we said, we are going to have to bring down the costs if we’re going to deal with our long-term deficits, but to do that, let’s look where some of the money’s going.",S,,,,S,,,,S,,,
512,OBAMA,$716 billion we were able to save from the Medicare program by no longer overpaying insurance companies by making sure that we weren’t overpaying providers.,S; S-Inform,,,,S; S-Inform,,,,S; S-Inform,,,
513,OBAMA,"And using that money, we were actually able to lower prescription drug costs for seniors by an average of $600, and we were also able to make a — make a significant dent in providing them the kind of preventive care that will ultimately save money through the — throughout the system.",S; S-Inform,,,,S; S-Inform,,,,S; S-Inform,,,
514,OBAMA,So the way for us to deal with Medicare in particular is to lower health care costs.,S,,,,S,,,,S,,,
515,OBAMA,"When it comes to Social Security, as I said, you don’t need a major structural change in order to make sure that Social Security is there for the future.",S,,,,S,,,,S,,,
516,LEHRER,We’ll follow up on this.,S,,,,S,,,,S,,,
517,LEHRER,"First, Governor Romney, you have two minutes on Social Security and entitlements.",S,,,,S,,,,S,,,
518,ROMNEY,"Well, Jim, our seniors depend on these programs, and I know anytime we talk about entitlements, people become concerned that something’s going to happen that’s going to change their life for the worse.",S,,,,S,,,,S,,,
519,ROMNEY,"And the answer is neither the president nor I are proposing any changes for any current retirees or near retirees, either to Social Security or Medicare.",S,,,,S,,,,S,,,
520,ROMNEY,"So if you’re 60 or around 60 or older, you don’t need to listen any further.",S; S-Inform,,,,S; S-Inform,,,,S; S-Inform,,,
521,ROMNEY,"But for younger people, we need to talk about what changes are going to be occurring.",S,,,,S,,,,S,,,
522,ROMNEY,"Oh, I just thought about one.",S,,,,S,,,,S,,,
523,ROMNEY,"And that is, in fact, I was wrong when I said the president isn’t proposing any changes for current retirees.",S; EXPL,,,,S; EXPL,,,,S; EXPL,,,
524,ROMNEY,In fact he is on Medicare.,S,,,,S,,,,S,,,
525,ROMNEY,On Social Security he’s not.,S,,,,S,,,,S,,,
526,ROMNEY,"But on Medicare, for current retirees, he’s cutting $716 billion from the program.",S; S-Inform,,,,S; S-Inform,,,,S; S-Inform,,,
527,ROMNEY,"Now, he says by not overpaying hospitals and providers.",S,,,,S,,,,S,,,
528,ROMNEY,"Actually just going to them and saying, “We’re going to reduce the rates you get paid across the board, everybody’s going to get a lower rate.",S,,,,S,,,,S,,,
529,ROMNEY,” That’s not just going after places where there’s abuse.,S,,,,S,,,,S,,,
530,ROMNEY,That’s saying we’re cutting the rates.,S,,,,S,,,,S,,,
531,ROMNEY,Some 15 percent of hospitals and nursing homes say they won’t take anymore Medicare patients under that scenario.,S; S-Inform,,,,S; S-Inform,,,,S; S-Inform,,,
532,ROMNEY,We also have 50 percent of doctors who say they won’t take more Medicare patients.,S; S-Inform,,,,S; S-Inform,,,,S; S-Inform,,,
533,ROMNEY,This — we have 4 million people on Medicare Advantage that will lose Medicare Advantage because of those $716 billion in cuts.,S; EXPL; S-Inform,,,,S; EXPL; S-Inform,,,,S; EXPL; S-Inform,,,
534,ROMNEY,I can’t understand how you can cut Medicare $716 billion for current recipients of Medicare.,S; S-Inform,,,,S; S-Inform,,,,S; S-Inform,,,
535,ROMNEY,"Now, you point out, well, we’re putting some back.",S,,,,S,,,,S,,,
536,ROMNEY,We’re going to give a better prescription program.,S,,,,S,,,,S,,,
537,ROMNEY,That’s $1 — that’s $1 for every $15 you’ve cut.,S; S-Inform,,,,S; S-Inform,,,,S; S-Inform,,,
538,ROMNEY,They’re smart enough to know that’s not a good trade.,S,,,,S,,,,S,,,
539,ROMNEY,I want to take that $716 billion you’ve cut and put it back into Medicare.,S; S-Inform,,,,S; S-Inform,,,,S; S-Inform,,,
540,ROMNEY,"By the way, we can include a prescription program if we need to improve it.",S,,,,S,,,,S,,,
541,ROMNEY,"But the idea of cutting $716 billion from Medicare to be able to balance the additional cost of Obamacare is, in my opinion, a mistake.",S; S-Inform,,IP,,S; S-Inform,,IP,,S; S-Inform,,IP,
542,ROMNEY,"And with regards to young people coming along, I’ve got proposals to make sure Medicare and Social Security are there for them without any question.",S,,,,S,,,,S,,,
543,LEHRER,Mr.,S,,,,S,,,,S,,,
544,LEHRER,President?,,,,,,,,,,,,
545,OBAMA,"First of all, I think it’s important for Governor Romney to present this plan that he says will only affect folks in the future.",S,,IP,,S,,IP,,S,,IP,
546,OBAMA,And the essence of the plan is that you would turn Medicare into a voucher program.,S,,,,S,,,,S,,,
547,OBAMA,"It’s called premium support, but it’s understood to be a voucher program.",S,,,,S,,,,S,,,
548,OBAMA,His running mate…,S,,,,S,,,,S,,,
549,LEHRER,And you don’t support that?,,,,,,,,,,,,
550,OBAMA,I don’t.,S,,,,S,,,,S,,,
551,OBAMA,And let me explain why.,S; EXPL,,,,S; EXPL,,,,S; EXPL,,,
552,ROMNEY,"Again, that’s for future…",S,,,,S,,,,S,,,
553,OBAMA,I understand.,S,,,,S,,,,S,,,
554,ROMNEY,"… people, right, not for current retirees.",S,,,,S,,,,S,,,
555,OBAMA,"For — so if you’re — if you’re 54 or 55, you might want to listen ’cause this — this will affect you.",S; S-Inform,,,,S; S-Inform,,,,S; S-Inform,,,
556,OBAMA,"The idea, which was originally presented by Congressman Ryan, your running mate, is that we would give a voucher to seniors and they could go out in the private marketplace and buy their own health insurance.",S,,,,S,,,,S,,,
557,OBAMA,"The problem is that because the voucher wouldn’t necessarily keep up with health care inflation, it was estimated that this would cost the average senior about $6,000 a year.",S; EXPL; S-Inform,,,,S; EXPL; S-Inform,,,,S; EXPL; S-Inform,,,
558,OBAMA,"Now, in fairness, what Governor Romney has now said is he’ll maintain traditional Medicare alongside it.",S,,,,S,,,,S,,,
559,OBAMA,"But there’s still a problem, because what happens is, those insurance companies are pretty clever at figuring out who are the younger and healthier seniors.",S; EXPL,,,,S; EXPL,,,,S; EXPL,,,
560,OBAMA,"They recruit them, leaving the older, sicker seniors in Medicare.",S,,,,S,,,,S,,,
561,OBAMA,"And every health care economist that looks at it says, over time, what’ll happen is the traditional Medicare system will collapse.",S,,AF,,S,,AF,,S,,AF,
562,OBAMA,And then what you’ve got is folks like my grandmother at the mercy of the private insurance system precisely at the time when they are most in need of decent health care.,S,,,,S,,,,S,,,
563,OBAMA,"So, I don’t think vouchers are the right way to go.",S,,PB,,S,,PB,,S,,PB,
564,OBAMA,And this is not my own — only my opinion.,S,,,,S,,,,S,,,
565,OBAMA,"AARP thinks that the — the savings that we obtained from Medicare bolster the system, lengthen the Medicare trust fund by eight years.",S,,,,S,,,,S,,,
566,OBAMA,Benefits were not affected at all.,S,,,,S,,,,S,,,
567,OBAMA,"And ironically, if you repeal Obamacare, and I have become fond of this term, “Obamacare,” if you repeal it, what happens is those seniors right away are going to be paying $600 more in prescription care.",S; S-Inform,,,,S; S-Inform,,,,S; S-Inform,,,
568,OBAMA,They’re now going to have to be paying copays for basic checkups that can keep them healthier.,S,,,,S,,,,S,,,
569,OBAMA,And the primary beneficiary of that repeal are insurance companies that are estimated to gain billions of dollars back when they aren’t making seniors any healthier.,S,,,,S,,,,S,,,
570,OBAMA,And I don’t think that’s the right approach when it comes to making sure that Medicare is stronger over the long term.,S,,PB,,S,,PB,,S,,PB,
571,LEHRER,We’ll talk about — specifically about health care in a moment.,S; EXPL,,,,S; EXPL,,,,S; EXPL,,,
572,LEHRER,"But what — do you support the voucher system, Governor?",,,,,,,,,,,,
573,ROMNEY,What I support is no change for current retirees and near-retirees to Medicare.,S,,,,S,,,,S,,,
574,ROMNEY,And the president supports taking $716 billion out of that program.,S; S-Inform,,,,S; S-Inform,,,,S; S-Inform,,,
575,LEHRER,And what about the vouchers?,,,,,,,,,,,,
576,ROMNEY,So that’s — that’s number one.,S,,,,S,,,,S,,,
577,ROMNEY,"Number two is for people coming along that are young, what I do to make sure that we can keep Medicare in place for them is to allow them either to choose the current Medicare program or a private plan.",S,,,,S,,,,S,,,
578,ROMNEY,Their choice.,S,,,,S,,,,S,,,
579,ROMNEY,They get to choose — and they’ll have at least two plans that will be entirely at no cost to them.,S,,,,S,,,,S,,,
580,ROMNEY,"So they don’t have to pay additional money, no additional $6,000.",S; S-Inform,,,,S; S-Inform,,,,S; S-Inform,,,
581,ROMNEY,That’s not going to happen.,S,,,,S,,,,S,,,
582,ROMNEY,They’ll have at least two plans.,S,,,,S,,,,S,,,
583,ROMNEY,"And by the way, if the government can be as efficient as the private sector and offer premiums that are as low as the private sector, people will be happy to get traditional Medicare or they’ll be able to get a private plan.",S,,,,S,,,,S,,,
584,ROMNEY,I know my own view is I’d rather have a private plan.,S,,,,S,,,,S,,,
585,ROMNEY,I’d just assume not have the government telling me what kind of health care I get.,S,,,,S,,,,S,,,
586,ROMNEY,I’d rather be able to have an insurance company.,S,,,,S,,,,S,,,
587,ROMNEY,"If I don’t like them, I can get rid of them and find a different insurance company.",S,,,,S,,,,S,,,
588,ROMNEY,But people make their own choice.,S,,,,S,,,,S,,,
589,ROMNEY,The other thing we have to do to save Medicare?,,,,,,,,,,,,
590,ROMNEY,"We have to have the benefits high for those that are low income, but for higher income people, we’re going to have to lower some of the benefits.",S,,,,S,,,,S,,,
591,ROMNEY,We have to make sure this program is there for the long term.,S,,,,S,,,,S,,,
592,ROMNEY,That’s the plan that I’ve put forward.,S,,,,S,,,,S,,,
593,ROMNEY,"And, by the way the idea came not even from Paul Ryan or — or Senator Wyden, who’s the co-author of the bill with — with Paul Ryan in the Senate, but also it came from Bill — Bill Clinton’s chief of staff.",S,,,,S,,,,S,,,
594,ROMNEY,"This is an idea that’s been around a long time, which is saying, hey, let’s see if we can’t get competition into the Medicare world so that people can get the choice of different plans at lower cost, better quality.",S,,,,S,,,,S,,,
595,ROMNEY,I believe in competition.,S,,IP,,S,,IP,,S,,IP,
596,OBAMA,"Jim, if I — if I can just respond very quickly, first of all, every study has shown that Medicare has lower administrative costs than private insurance does, which is why seniors are generally pretty happy with it.",S,,,,S,,,,S,,,
597,OBAMA,And private insurers have to make a profit.,S,,,,S,,,,S,,,
598,OBAMA,Nothing wrong with that.,S,,,,S,,,,S,,,
599,OBAMA,That’s what they do.,S,,,,S,,,,S,,,
600,OBAMA,"And so you’ve got higher administrative costs, plus profit on top of that.",S,,,,S,,,,S,,,
601,OBAMA,"And if you are going to save any money through what Governor Romney’s proposing, what has to happen is, is that the money has to come from somewhere.",S,,,,S,,,,S,,,
602,OBAMA,"And when you move to a voucher system, you are putting seniors at the mercy of those insurance companies.",S,,,,S,,,,S,,,
603,OBAMA,"And over time, if traditional Medicare has decayed or fallen apart, then they’re stuck.",S,,,,S,,,,S,,,
604,OBAMA,And this is the reason why AARP has said that your plan would weaken Medicare substantially.,S; EXPL,,,,S; EXPL,,,,S; EXPL,,,
605,OBAMA,And that’s why they were supportive of the approach that we took.,S,,,,S,,,,S,,,
606,OBAMA,One last point I want to make.,S,,,,S,,,,S,,,
607,OBAMA,"We do have to lower the cost of health care, not just in Medicare and Medicaid… LEHRER: Talk about that in a minute.",S,,,,S,,,,S,,,
608,OBAMA,… but — but — but overall.,S,,,,S,,,,S,,,
609,LEHRER,OK.,S; ACK,,,,S; ACK,,,,S; ACK,,,
610,OBAMA,And so…,S,,,,S,,,,S,,,
611,ROMNEY,That’s — that’s a big topic.,S,,,,S,,,,S,,,
612,ROMNEY,Can we — can we stay on Medicare?,YNQ,,,,YNQ,,,,YNQ,,,
613,OBAMA,Is that a — is that a separate topic?,YNQ,,,,YNQ,,,,YNQ,,,
614,LEHRER,"Yeah, we’re going to — yeah, I want to get to it.",S,,,,S,,,,S,,,
615,OBAMA,I’m sorry.,S,,,,S,,,,S,,,
616,LEHRER,But all I want to do is go very quickly…,S,,,,S,,,,S,,,
617,ROMNEY,Let’s get back to Medicare.,S,,,,S,,,,S,,,
618,LEHRER,… before we leave the economy…,S,,,,S,,,,S,,,
619,ROMNEY,Let’s get back to Medicare.,S,,,,S,,,,S,,,
620,ROMNEY,The president said that the government can provide the service at lower cost and without a profit.,S,,,,S,,,,S,,,
621,LEHRER,All right.,S,,,,S,,,,S,,,
622,ROMNEY,"If that’s the case, then it will always be the best product that people can purchase.",S,,,,S,,,,S,,,
623,LEHRER,"Wait a minute, Governor.",IAFA,,,,IAFA,,,,IAFA,,,
624,ROMNEY,But my experience — my experience the private sector typically is able to provide a better product at a lower cost.,S,,,,S,,,,S,,,
625,LEHRER,All right.,S,,,,S,,,,S,,,
626,LEHRER,Can we — can the two of you agree that the voters have a choice — a clear choice between the two…,S,,,,S,,,,S,,,
627,ROMNEY,Absolutely.,S; AGR,,,,S; AGR,,,,S; AGR,,,
628,LEHRER,… of you on Medicare?,,,,,,,,,,,,
629,ROMNEY,Absolutely.,S; AGR,,,,S; AGR,,,,S; AGR,,,
630,OBAMA,Absolutely.,S; AGR,,,,S; AGR,,,,S; AGR,,,
631,LEHRER,All right.,S,,,,S,,,,S,,,
632,LEHRER,"So to finish quickly, briefly, on the economy, what is your view about the level of federal regulation of the economy right now?",,,,,,,,,,,,
633,LEHRER,Is there too much?,YNQ,,,,YNQ,,,,YNQ,,,
634,LEHRER,"And in your case, Mr.",S,,,,S,,,,S,,,
635,LEHRER,"President, is there — should there be more?",,,,,,,,,,,,
636,LEHRER,Beginning with you.,IAFA,,,,IAFA,,,,IAFA,,,
637,LEHRER,This is not a new two-minute segment to start.,S,,,,S,,,,S,,,
638,LEHRER,"And we’ll go for a few minutes, and then we’re going to go to health care, OK?",,,,,,,,,,,,
639,ROMNEY,Regulation is essential.,S,,,,S,,,,S,,,
640,ROMNEY,You can’t have a free market work if you don’t have regulation.,S,,,,S,,,,S,,,
641,ROMNEY,"As a businessperson, I had to have — I need to know the regulations.",S,,,,S,,,,S,,,
642,ROMNEY,I needed them there.,S,,,,S,,,,S,,,
643,ROMNEY,You couldn’t have people opening up banks in their — in their garage and making loans.,S,,,,S,,,,S,,,
644,ROMNEY,"I mean, you have to have regulations so that you can have an economy work.",S,,,,S,,,,S,,,
645,ROMNEY,Every free economy has good regulation.,S,,,,S,,,,S,,,
646,ROMNEY,"At the same time, regulation can become excessive.",S,,,,S,,,,S,,,
647,LEHRER,"Is it excessive now, do you think?",YNQ,,,,YNQ,,,,YNQ,,,
648,ROMNEY,"In some places, yes.",S,,,,S,,,,S,,,
649,ROMNEY,"Other places, no.",S,,,,S,,,,S,,,
650,LEHRER,Like where?,,,,,,,,,,,,
651,ROMNEY,"No, it can become out of date.",S; REJ; ANS,,,,S; REJ; ANS,,,,S; REJ; ANS,,,
652,ROMNEY,"And what’s happened with some of the legislation that’s been passed during the president’s term, you’ve seen regulation become excessive, and it’s hurt — it’s hurt the economy.",S,,,,S,,,,S,,,
653,ROMNEY,Let me give you an example.,S,,,,S,,,,S,,,
654,ROMNEY,Dodd-Frank was passed.,S,,,,S,,,,S,,,
655,ROMNEY,And it includes within it a number of provisions that I think has some unintended consequences that are harmful to the economy.,S,,IP,,S,,IP,,S,,IP,
656,ROMNEY,"One is it designates a number of banks as too big to fail, and they’re effectively guaranteed by the federal government.",S,,,,S,,,,S,,,
657,ROMNEY,This is the biggest kiss that’s been given to — to New York banks I’ve ever seen.,S,,,,S,,,,S,,,
658,ROMNEY,This is an enormous boon for them.,S,,,,S,,,,S,,,
659,ROMNEY,There’ve been 122 community and small banks have closed since Dodd- Frank.,S; S-Inform,,,,S; S-Inform,,,,S; S-Inform,,,
660,ROMNEY,So there’s one example.,IAFA,,,,IAFA,,,,IAFA,,,
661,ROMNEY,Here’s another.,S,,,,S,,,,S,,,
662,ROMNEY,In Dodd-Frank…,S,,,,S,,,,S,,,
663,LEHRER,Do you want to repeal Dodd-Frank?,YNQ,,,,YNQ,,,,YNQ,,,
664,ROMNEY,"Well, I would repeal and replace it.",S,,,,S,,,,S,,,
665,ROMNEY,We’re not going to get rid of all regulation.,S,,,,S,,,,S,,,
666,ROMNEY,You have to have regulation.,S,,,,S,,,,S,,,
667,ROMNEY,And there are some parts of Dodd-Frank that make all the sense in the world.,S,,,,S,,,,S,,,
668,ROMNEY,"You need transparency, you need to have leverage limits for…",S,,,,S,,,,S,,,
669,LEHRER,"Well, here’s a specific…",S,,,,S,,,,S,,,
670,ROMNEY,But let’s — let’s mention — let me mention the other one.,S,,,,S,,,,S,,,
671,ROMNEY,Let’s talk…,S,,,,S,,,,S,,,
672,LEHRER,"No, let’s not.",IAFA; REJ; ANS,,,,IAFA; REJ; ANS,,,,IAFA; REJ; ANS,,,
673,LEHRER,Let’s let him respond — let’s let him respond to this specific on Dodd-Frank and what the governor just said.,S,,,,S,,,,S,,,
674,OBAMA,I think this is a great example.,S,,IP,,S,,IP,,S,,IP,
675,OBAMA,The reason we have been in such a enormous economic crisis was prompted by reckless behavior across the board.,S,,AF,,S,,AF,,S,,AF,
676,OBAMA,"Now, it wasn’t just on Wall Street.",S,,,,S,,,,S,,,
677,OBAMA,"You had loan officers were — that were giving loans and mortgages that really shouldn’t have been given, because the folks didn’t qualify.",S; EXPL,,,,S; EXPL,,,,S; EXPL,,,
678,OBAMA,You had people who were borrowing money to buy a house that they couldn’t afford.,S,,,,S,,,,S,,,
679,OBAMA,You had credit agencies that were stamping these as A1 great investments when they weren’t.,S,,,,S,,,,S,,,
680,OBAMA,"But you also had banks making money hand over fist, churning out products that the bankers themselves didn’t even understand, in order to make big profits, but knowing that it made the entire system vulnerable.",S,,,,S,,,,S,,,
681,OBAMA,So what did we do?,,,,,,,,,,,,
682,OBAMA,We stepped in and had the toughest reforms on Wall Street since the 1930s.,S; S-Inform,,,,S; S-Inform,,,,S; S-Inform,,,
683,OBAMA,"We said you’ve got — banks, you’ve got to raise your capital requirements.",S,,,,S,,,,S,,,
684,OBAMA,You can’t engage in some of this risky behavior that is putting Main Street at risk.,S; EXPL,,,,S; EXPL,,,,S; EXPL,,,
685,OBAMA,We’ve going to make sure that you’ve got to have a living will so — so we can know how you’re going to wind things down if you make a bad bet so we don’t have other taxpayer bailouts.,S,,,,S,,,,S,,,
686,OBAMA,"In the meantime, by the way, we also made sure that all the help that we provided those banks was paid back every single dime, with interest.",S,,,,S,,,,S,,,
687,OBAMA,"Now, Governor Romney has said he wants to repeal Dodd-Frank.",S,,,,S,,,,S,,,
688,OBAMA,"And, you know, I appreciate and it appears we’ve got some agreement that a marketplace to work has to have some regulation.",S,,,,S,,,,S,,,
689,OBAMA,"But in the past, Governor Romney has said he just want to repeal Dodd- Frank, roll it back.",S,,,,S,,,,S,,,
690,OBAMA,And so the question is: Does anybody out there think that the big problem we had is that there was too much oversight and regulation of Wall Street?,,,,,,,,,,,,
691,OBAMA,"Because if you do, then Governor Romney is your candidate.",S; EXPL,,,,S; EXPL,,,,S; EXPL,,,
692,OBAMA,But that’s not what I believe.,S,,IP,,S,,IP,,S,,IP,
693,ROMNEY,"Sorry, but that’s just not — that’s just not the facts.",S,,,,S,,,,S,,,
694,ROMNEY,"Look, we have to have regulation on Wall Street.",S,,,,S,,,,S,,,
695,ROMNEY,That’s why I’d have regulation.,S,,,,S,,,,S,,,
696,ROMNEY,But I wouldn’t designate five banks as too big to fail and give them a blank check.,S,,,,S,,,,S,,,
697,ROMNEY,That’s one of the unintended consequences of Dodd-Frank.,S,,,,S,,,,S,,,
698,ROMNEY,It wasn’t thought through properly.,S,,,,S,,,,S,,,
699,ROMNEY,We need to get rid of that provision because it’s killing regional and small banks.,S; EXPL,,,,S; EXPL,,,,S; EXPL,,,
700,ROMNEY,They’re getting hurt.,S,,,,S,,,,S,,,
701,ROMNEY,Let me mention another regulation in Dodd-Frank.,S,,,,S,,,,S,,,
702,ROMNEY,You say we were giving mortgages to people who weren’t qualified.,S,,,,S,,,,S,,,
703,ROMNEY,That’s exactly right.,S; AGR,,,,S; AGR,,,,S; AGR,,,
704,ROMNEY,It’s one of the reasons for the great financial calamity we had.,S,,,,S,,,,S,,,
705,ROMNEY,"And so Dodd-Frank correctly says we need to have qualified mortgages, and if you give a mortgage that’s not qualified, there are big penalties, except they didn’t ever go on and define what a qualified mortgage was.",S,,,,S,,,,S,,,
706,ROMNEY,It’s been two years.,S,,,,S,,,,S,,,
707,ROMNEY,We don’t know what a qualified mortgage is yet.,S,,,,S,,,,S,,,
708,ROMNEY,"So banks are reluctant to make loans, mortgages.",S,,,,S,,,,S,,,
709,ROMNEY,Try and get a mortgage these days.,IAFA,,,,IAFA,,,,IAFA,,,
710,ROMNEY,It’s hurt the housing market because Dodd-Frank didn’t anticipate putting in place the kinds of regulations you have to have.,S; EXPL,,,,S; EXPL,,,,S; EXPL,,,
711,ROMNEY,It’s not that Dodd-Frank always was wrong with too much regulation.,S,,,,S,,,,S,,,
712,ROMNEY,Sometimes they didn’t come out with a clear regulation.,S,,,,S,,,,S,,,
713,ROMNEY,"I will make sure we don’t hurt the functioning of our — of our marketplace and our business, because I want to bring back housing and get good jobs.",S; EXPL,,,,S; EXPL,,,,S; EXPL,,,
714,LEHRER,All right.,S,,,,S,,,,S,,,
715,LEHRER,I think we have another clear difference between the two of you.,S,,IP,,S,,IP,,S,,IP,
716,LEHRER,"Now, let’s move to health care where I know there is a clear difference, and that has to do with the Affordable Care Act, Obamacare.",S,,,,S,,,,S,,,
717,LEHRER,"And it’s a two-minute new — new segment, and that means two minutes each.",S,,,,S,,,,S,,,
718,LEHRER,"And you go first, Governor Romney.",S,,,,S,,,,S,,,
719,LEHRER,You want it repealed.,S,,,,S,,,,S,,,
720,LEHRER,You want the Affordable Care Act repealed.,S,,,,S,,,,S,,,
721,LEHRER,Why?,Q-W,,,,Q-W,,,,Q-W,,,
722,ROMNEY,I sure do.,S,,,,S,,,,S,,,
723,ROMNEY,"Well, in part, it comes, again, from my experience.",S,,,,S,,,,S,,,
724,ROMNEY,"You know, I was in New Hampshire.",S,,,,S,,,,S,,,
725,ROMNEY,"A woman came to me and she said, look, I can’t afford insurance for myself or my son.",S,,,,S,,,,S,,,
726,ROMNEY,"I met a couple in Appleton, Wisconsin, and they said, we’re thinking of dropping our insurance, we can’t afford it.",S,,,,S,,,,S,,,
727,ROMNEY,"And the number of small businesses I’ve gone to that are saying they’re dropping insurance because they can’t afford it, the cost of health care is just prohibitive.",S; EXPL,,,,S; EXPL,,,,S; EXPL,,,
728,ROMNEY,And — and we’ve got to deal with cost.,S,,,,S,,,,S,,,
729,ROMNEY,"And, unfortunately, when — when — when you look at Obamacare, the Congressional Budget Office has said it will cost $2,500 a year more than traditional insurance.",S; S-Inform,,,,S; S-Inform,,,,S; S-Inform,,,
730,ROMNEY,So it’s adding to cost.,S,,,,S,,,,S,,,
731,ROMNEY,"And as a matter of fact, when the president ran for office, he said that, by this year, he would have brought down the cost of insurance for each family by $2,500 a family.",S; S-Inform,,,,S; S-Inform,,,,S; S-Inform,,,
732,ROMNEY,"Instead, it’s gone up by that amount.",S,,,,S,,,,S,,,
733,ROMNEY,So it’s expensive.,S,,,,S,,,,S,,,
734,ROMNEY,Expensive things hurt families.,S,,AE,,S,,AE,,S,,AE,
735,ROMNEY,So that’s one reason I don’t want it.,S,,,,S,,,,S,,,
736,ROMNEY,"Second reason, it cuts $716 billion from Medicare to pay for it.",S; S-Inform,,,,S; S-Inform,,,,S; S-Inform,,,
737,ROMNEY,I want to put that money back in Medicare for our seniors.,S,,,,S,,,,S,,,
738,ROMNEY,"Number three, it puts in place an unelected board that’s going to tell people ultimately what kind of treatments they can have.",S,,,,S,,,,S,,,
739,ROMNEY,I don’t like that idea.,S,,,,S,,,,S,,,
740,ROMNEY,"Fourth, there was a survey done of small businesses across the country, said, what’s been the effect of Obamacare on your hiring plans?",,,,,,,,,,,,
741,ROMNEY,And three-quarters of them said it makes us less likely to hire people.,S,,,,S,,,,S,,,
742,ROMNEY,"I just don’t know how the president could have come into office, facing 23 million people out of work, rising unemployment, an economic crisis at the — at the kitchen table, and spend his energy and passion for two years fighting for Obamacare instead of fighting for jobs for the American people.",S; S-Inform,,AF; AP; APAT,,S; S-Inform,,AF; AP; APAT,,S; S-Inform,,AF; AP; APAT,
743,ROMNEY,It has killed jobs.,S,,,,S,,,,S,,,
744,ROMNEY,And the best course for health care is to do what we did in my state: craft a plan at the state level that fits the needs of the state.,S,,,,S,,,,S,,,
745,ROMNEY,"And then let’s focus on getting the costs down for people, rather than raising it with the $2,500 additional premium.",S; S-Inform,,,,S; S-Inform,,,,S; S-Inform,,,
746,LEHRER,Mr.,S,,,,S,,,,S,,,
747,LEHRER,"President, the argument against repeal?",,,,,,,,,,,,
748,LEHRER,"OBAMA: Well, four years ago, when I was running for office, I was traveling around and having those same conversations that Governor Romney talks about.",S,,,,S,,,,S,,,
749,LEHRER,And it wasn’t just that small businesses were seeing costs skyrocket and they couldn’t get affordable coverage even if they wanted to provide it to their employees.,S,,,,S,,,,S,,,
750,LEHRER,"It wasn’t just that this was the biggest driver of our federal deficit, our overall health care costs, but it was families who were worried about going bankrupt if they got sick, millions of families, all across the country.",S,,AE,,S,,AE,,S,,AE,
751,LEHRER,"If they had a pre-existing condition, they might not be able to get coverage at all.",S,,,,S,,,,S,,,
752,LEHRER,"If they did have coverage, insurance companies might impose an arbitrary limit.",S,,,,S,,,,S,,,
753,LEHRER,"And so as a consequence, they’re paying their premiums, somebody gets really sick, lo and behold, they don’t have enough money to pay the bills, because the insurance companies say that they’ve hit the limit.",S; EXPL,,,,S; EXPL,,,,S; EXPL,,,
754,LEHRER,"So we did work on this, alongside working on jobs, because this is part of making sure that middle-class families are secure in this country.",S; EXPL,,AE,,S; EXPL,,AE,,S; EXPL,,AE,
755,LEHRER,And let me tell you exactly what Obamacare did.,S; AGR,,,,S; AGR,,,,S; AGR,,,
756,LEHRER,"Number one, if you’ve got health insurance, it doesn’t mean a government takeover.",S,,,,S,,,,S,,,
757,LEHRER,You keep your own insurance.,S,,,,S,,,,S,,,
758,LEHRER,You keep your own doctor.,S,,,,S,,,,S,,,
759,LEHRER,But it does say insurance companies can’t jerk you around.,S,,,,S,,,,S,,,
760,LEHRER,They can’t impose arbitrary lifetime limits.,S,,,,S,,,,S,,,
761,LEHRER,They have to let you keep your kid on their insurance — your insurance plan until you’re 26 years old.,S; S-Inform,,,,S; S-Inform,,,,S; S-Inform,,,
762,LEHRER,And it also says that you’re going to have to get rebates if insurance companies are spending more on administrative costs and profits than they are on actual care.,S,,,,S,,,,S,,,
763,LEHRER,"Number two, if you don’t have health insurance, we’re essentially setting up a group plan that allows you to benefit from group rates that are typically 18 percent lower than if you’re out there trying to get insurance on the individual market.",S; S-Inform,,,,S; S-Inform,,,,S; S-Inform,,,
764,LEHRER,"Now, the last point I’d make before…",S,,,,S,,,,S,,,
765,LEHRER,"Two minutes — two minutes is up, sir.",S,,,,S,,,,S,,,
766,OBAMA,"No, I think — I had five seconds before you interrupted me, was … … the irony is that we’ve seen this model work really well in Massachusetts, because Governor Romney did a good thing, working with Democrats in the state to set up what is essentially the identical model and as a consequence people are covered there.",S; REJ; EXPL; ANS,,IP,,S; REJ; EXPL; ANS,,IP,,S; REJ; EXPL; ANS,,IP,
767,OBAMA,It hasn’t destroyed jobs.,S,,AF,,S,,AF,,S,,AF,
768,OBAMA,"And as a consequence, we now have a system in which we have the opportunity to start bringing down costs, as opposed to just leaving millions of people out in the cold.",S,,,,S,,,,S,,,
769,LEHRER,Your five seconds went away a long time ago.,S,,,,S,,,,S,,,
770,LEHRER,"All right, Governor.",S,,,,S,,,,S,,,
771,LEHRER,"Governor, tell — tell the president directly why you think what he just said is wrong about Obamacare?",,,,,,,,,,,,
772,ROMNEY,"Well, I did with my first statement.",S,,,,S,,,,S,,,
773,ROMNEY,"First of all, I like the way we did it in Massachusetts.",S,,,,S,,,,S,,,
774,ROMNEY,"I like the fact that in my state, we had Republicans and Democrats come together and work together.",S,,,,S,,,,S,,,
775,ROMNEY,What you did instead was to push through a plan without a single Republican vote.,S,,,,S,,,,S,,,
776,ROMNEY,"As a matter of fact, when Massachusetts did something quite extraordinary — elected a Republican senator to stop Obamacare, you pushed it through anyway.",S,,,,S,,,,S,,,
777,ROMNEY,"So entirely on a partisan basis, instead of bringing America together and having a discussion on this important topic, you pushed through something that you and Nancy Pelosi and Harry Reid thought was the best answer and drove it through.",S,,APAT,,S,,APAT,,S,,APAT,
778,ROMNEY,"What we did in a legislature 87 percent Democrat, we worked together; 200 legislators in my legislature, only two voted against the plan by the time we were finished.",S; S-Inform,,,,S; S-Inform,,,,S; S-Inform,,,
779,ROMNEY,What were some differences?,Q-W,,,,Q-W,,,,Q-W,,,
780,ROMNEY,We didn’t raise taxes.,S,,,,S,,,,S,,,
781,ROMNEY,You’ve raised them by $1 trillion under Obamacare.,S; S-Inform,,,,S; S-Inform,,,,S; S-Inform,,,
782,ROMNEY,We didn’t cut Medicare.,S,,,,S,,,,S,,,
783,ROMNEY,"Of course, we don’t have Medicare, but we didn’t cut Medicare by $716 billion.",S; S-Inform,,,,S; S-Inform,,,,S; S-Inform,,,
784,ROMNEY,We didn’t put in place a board that can tell people ultimately what treatments they’re going to receive.,S,,,,S,,,,S,,,
785,ROMNEY,"We didn’t also do something that I think a number of people across this country recognize, which is put — put people in a position where they’re going to lose the insurance they had and they wanted.",S,,IP,,S,,IP,,S,,IP,
786,ROMNEY,"Right now, the CBO says up to 20 million people will lose their insurance as Obamacare goes into effect next year.",S; S-Inform,,,,S; S-Inform,,,,S; S-Inform,,,
787,ROMNEY,"And likewise, a study by McKinsey and Company of American businesses said 30 percent of them are anticipating dropping people from coverage.",S; S-Inform,,APAT,,S; S-Inform,,APAT,,S; S-Inform,,APAT,
788,ROMNEY,"So for those reasons, for the tax, for Medicare, for this board, and for people losing their insurance, this is why the American people don’t want Medicare — don’t want Obamacare.",S,,AP; APAT,,S,,AP; APAT,,S,,AP; APAT,
789,ROMNEY,"It’s why Republicans said, do not do this, and the Republicans had — had the plan.",S,,,,S,,,,S,,,
790,ROMNEY,They put a plan out.,S,,,,S,,,,S,,,
791,ROMNEY,"They put out a plan, a bipartisan plan.",S,,,,S,,,,S,,,
792,ROMNEY,It was swept aside.,S,,,,S,,,,S,,,
793,ROMNEY,"I think something this big, this important has to be done on a bipartisan basis.",S,,IP,,S,,IP,,S,,IP,
794,ROMNEY,And we have to have a president who can reach across the aisle and fashion important legislation with the input from both parties.,S,,,,S,,,,S,,,
795,OBAMA,Governor Romney said this has to be done on a bipartisan basis.,S,,,,S,,,,S,,,
796,OBAMA,This was a bipartisan idea.,S,,,,S,,,,S,,,
797,OBAMA,"In fact, it was a Republican idea.",S,,,,S,,,,S,,,
798,OBAMA,And Governor Romney at the beginning of this debate wrote and said what we did in Massachusetts could be a model for the nation.,S,,,,S,,,,S,,,
799,OBAMA,"And I agree that the Democratic legislators in Massachusetts might have given some advice to Republicans in Congress about how to cooperate, but the fact of the matter is, we used the same advisers, and they say it’s the same plan.",S; AGR,,,,S; AGR,,,,S; AGR,,,
800,OBAMA,"It — when Governor Romney talks about this board, for example, unelected board that we’ve created, what this is, is a group of health care experts, doctors, et cetera, to figure out, how can we reduce the cost of care in the system overall?",,,,,,,,,,,,
801,OBAMA,Because there — there are two ways of dealing with our health care crisis.,IAFA; EXPL,,AF,,IAFA; EXPL,,AF,,IAFA; EXPL,,AF,
802,OBAMA,"One is to simply leave a whole bunch of people uninsured and let them fend for themselves, to let businesses figure out how long they can continue to pay premiums until finally they just give up, and their workers are no longer getting insured, and that’s been the trend line.",S,,,,S,,,,S,,,
803,OBAMA,"Or, alternatively, we can figure out, how do we make the cost of care more effective?",,,,,,,,,,,,
804,OBAMA,And there are ways of doing it.,IAFA,,,,IAFA,,,,IAFA,,,
805,OBAMA,"So at Cleveland Clinic, one of the best health care systems in the world, they actually provide great care cheaper than average.",S,,,,S,,,,S,,,
806,OBAMA,And the reason they do is because they do some smart things.,S; EXPL,,,,S; EXPL,,,,S; EXPL,,,
807,OBAMA,"They — they say, if a patient’s coming in, let’s get all the doctors together at once, do one test instead of having the patient run around with 10 tests.",S; S-Inform,,,,S; S-Inform,,,,S; S-Inform,,,
808,OBAMA,Let’s make sure that we’re providing preventive care so we’re catching the onset of something like diabetes.,S,,,,S,,,,S,,,
809,OBAMA,Let’s — let’s pay providers on the basis of performance as opposed to on the basis of how many procedures they’ve — they’ve engaged in.,S,,,,S,,,,S,,,
810,OBAMA,"Now, so what this board does is basically identifies best practices and says, let’s use the purchasing power of Medicare and Medicaid to help to institutionalize all these good things that we do.",S,,,,S,,,,S,,,
811,OBAMA,"And the fact of the matter is that, when Obamacare is fully implemented, we’re going to be in a position to show that costs are going down.",S,,,,S,,,,S,,,
812,OBAMA,"And over the last two years, health care premiums have gone up — it’s true — but they’ve gone up slower than any time in the last 50 years.",S; S-Inform,,,,S; S-Inform,,,,S; S-Inform,,,
813,OBAMA,So we’re already beginning to see progress.,S,,,,S,,,,S,,,
814,OBAMA,"In the meantime, folks out there with insurance, you’re already getting a rebate.",S,,,,S,,,,S,,,
815,OBAMA,Let me make one last point.,S,,,,S,,,,S,,,
816,OBAMA,"Governor Romney says, we should replace it, I’m just going to repeal it, but — but we can replace it with something.",S,,,,S,,,,S,,,
817,OBAMA,"But the problem is, he hasn’t described what exactly we’d replace it with, other than saying we’re going to leave it to the states.",S; AGR,,,,S; AGR,,,,S; AGR,,,
818,OBAMA,"But the fact of the matter is that some of the prescriptions that he’s offered, like letting you buy insurance across state lines, there’s no indication that that somehow is going to help somebody who’s got a pre-existing condition be able to finally buy insurance.",S,,,,S,,,,S,,,
819,OBAMA,"In fact, it’s estimated that by repealing Obamacare, you’re looking at 50 million people losing health insurance…",S; S-Inform,,,,S; S-Inform,,,,S; S-Inform,,,
820,LEHRER,Let’s…,IAFA,,,,IAFA,,,,IAFA,,,
821,OBAMA,… at a time when it’s vitally important.,S,,,,S,,,,S,,,
822,LEHRER,Let’s let the governor explain what you would do…,S,,,,S,,,,S,,,
823,ROMNEY,Well…,S,,,,S,,,,S,,,
824,LEHRER,… if Obamacare is repealed.,S,,,,S,,,,S,,,
825,LEHRER,How would you replace it?,Q-W,,,,Q-W,,,,Q-W,,,
826,ROMNEY,"Well, actually it’s — it’s — it’s a lengthy description.",S,,,,S,,,,S,,,
827,ROMNEY,"But, number one, preexisting conditions are covered under my plan.",S,,,,S,,,,S,,,
828,ROMNEY,"Number two, young people are able to stay on their family plan.",S,,,,S,,,,S,,,
829,ROMNEY,That’s already offered in the private marketplace.,S,,,,S,,,,S,,,
830,ROMNEY,You don’t have to have the government mandate that for that to occur.,S,,,,S,,,,S,,,
831,ROMNEY,"But let’s come back to something the president and I agree on, which is the key task we have in health care is to get the cost down so it’s more affordable for families.",S; AGR,,AE,,S; AGR,,AE,,S; AGR,,AE,
832,ROMNEY,"And then he has as a model for doing that a board of people at the government, an unelected board, appointed board, who are going to decide what kind of treatment you ought to have.",S,,,,S,,,,S,,,
833,ROMNEY,"In my opinion, the government is not effective in — in bringing down the cost of almost anything.",S,,IP,,S,,IP,,S,,IP,
834,ROMNEY,"As a matter of fact, free people and free enterprises trying to find ways to do things better are able to be more effective in bringing down the cost than the government will ever be.",S,,,,S,,,,S,,,
835,ROMNEY,"Your example of the Cleveland Clinic is my case in point, along with several others I could describe.",S,,,,S,,,,S,,,
836,ROMNEY,This is the private market.,S,,,,S,,,,S,,,
837,ROMNEY,"These are small — these are enterprises competing with each other, learning how to do better and better jobs.",S,,,,S,,,,S,,,
838,ROMNEY,"I used to consult to businesses — excuse me, to hospitals and to health care providers.",S; TT,,,,S; TT,,,,S; TT,,,
839,ROMNEY,I was astonished at the creativity and innovation that exists in the American people.,S,,AP; APAT,,S,,AP; APAT,,S,,AP; APAT,
840,ROMNEY,"In order to bring the cost of health care down, we don’t need to have a board of 15 people telling us what kinds of treatments we should have.",S; S-Inform,,,,S; S-Inform,,,,S; S-Inform,,,
841,ROMNEY,"We instead need to put insurance plans, providers, hospitals, doctors on target such that they have an incentive, as you say, performance pay, for doing an excellent job, for keeping costs down, and that’s happening.",S,,,,S,,,,S,,,
842,ROMNEY,"Innermountain Healthcare does it superbly well, Mayo Clinic is doing it superbly well, Cleveland Clinic, others.",S,,,,S,,,,S,,,
843,ROMNEY,"But the right answer is not to have the federal government take over health care and start mandating to the providers across America, telling a patient and a doctor what kind of treatment they can have.",S,,APAT; PB,,S,,APAT; PB,,S,,APAT; PB,
844,ROMNEY,That’s the wrong way to go.,S,,,,S,,,,S,,,
845,ROMNEY,The private market and individual responsibility always work best.,S,,,,S,,,,S,,,
846,OBAMA,Let me just point out first of all this board that we’re talking about can’t make decisions about what treatments are given.,S,,,,S,,,,S,,,
847,OBAMA,That’s explicitly prohibited in the law.,S,,,,S,,,,S,,,
848,OBAMA,"But let’s go back to what Governor Romney indicated, that under his plan, he would be able to cover people with preexisting conditions.",S,,,,S,,,,S,,,
849,OBAMA,"Well, actually Governor, that isn’t what your plan does.",S,,,,S,,,,S,,,
850,OBAMA,"What your plan does is to duplicate what’s already the law, which says if you are out of health insurance for three months, then you can end up getting continuous coverage and an insurance company can’t deny you if you’ve — if it’s been under 90 days.",S; S-Inform,,,,S; S-Inform,,,,S; S-Inform,,,
851,OBAMA,But that’s already the law and that doesn’t help the millions of people out there with preexisting conditions.,S,,,,S,,,,S,,,
852,OBAMA,There’s a reason why Governor Romney set up the plan that he did in Massachusetts.,S,,,,S,,,,S,,,
853,OBAMA,It wasn’t a government takeover of health care.,S,,,,S,,,,S,,,
854,OBAMA,It was the largest expansion of private insurance.,S,,,,S,,,,S,,,
855,OBAMA,"But what it does say is that “insurers, you’ve got to take everybody.",S,,,,S,,,,S,,,
856,OBAMA,"” Now, that also means that you’ve got more customers.",S,,,,S,,,,S,,,
857,OBAMA,"But when — when Governor Romney says that he’ll replace it with something, but can’t detail how it will be in fact replaced and the reason he set up the system he did in Massachusetts was because there isn’t a better way of dealing with the preexisting conditions problem.",S; EXPL,,,,S; EXPL,,,,S; EXPL,,,
858,OBAMA,"It just reminds me of, you know, he says that he’s going to close deductions and loopholes for his tax plan.",S,,,,S,,,,S,,,
859,OBAMA,"That’s how it’s going to be paid for, but we don’t know the details.",S,,,,S,,,,S,,,
860,OBAMA,"He says that he’s going to replace Dodd-Frank, Wall Street reform, but we don’t know exactly which ones.",S; AGR,,,,S; AGR,,,,S; AGR,,,
861,OBAMA,He won’t tell us.,S,,,,S,,,,S,,,
862,OBAMA,He now says he’s going to replace Obamacare and ensure that all the good things that are in it are going to be in there and you don’t have to worry.,S,,,,S,,,,S,,,
863,OBAMA,"And at some point, I think the American people have to ask themselves, is the reason that Governor Romney is keeping all these plans to replace secret because they’re too good?",EXPL,,AP; APAT; IP,,EXPL,,AP; APAT; IP,,EXPL,,AP; APAT; IP,
864,OBAMA,Is it — is it because that somehow middle-class families are going to benefit too much from them?,YNQ; EXPL,,AE,,YNQ; EXPL,,AE,,YNQ; EXPL,,AE,
865,OBAMA,No.,S; REJ; ANS,,,,S; REJ; ANS,,,,S; REJ; ANS,,,
866,OBAMA,"The reason is, is because, when we reform Wall Street, when we tackle the problem of pre-existing conditions, then, you know, these are tough problems and we’ve got to make choices.",S; EXPL,,,,S; EXPL,,,,S; EXPL,,,
867,OBAMA,And the choices we’ve made have been ones that ultimately are benefiting middle-class families all across the country.,S,,AE,,S,,AE,,S,,AE,
868,LEHRER,We’re going to move to…,S,,,,S,,,,S,,,
869,ROMNEY,No.,S; REJ; ANS,,,,S; REJ; ANS,,,,S; REJ; ANS,,,
870,ROMNEY,I — I have to respond to that.,S,,,,S,,,,S,,,
871,LEHRER,"No, but…",S; REJ; ANS,,,,S; REJ; ANS,,,,S; REJ; ANS,,,
872,ROMNEY,"Which is — which is my experience as a governor is if I come in and — and lay down a piece of legislation and say, “It’s my way or the highway,” I don’t get a lot done.",S,,,,S,,,,S,,,
873,ROMNEY,What I do is the same way that Tip O’Neill and Ronald Reagan worked together some years ago.,S; HS,,,,S; HS,,,,S; HS,,,
874,ROMNEY,"When Ronald Reagan ran for office, he laid out the principles that he was going to foster.",S; HS,,,,S; HS,,,,S; HS,,,
875,ROMNEY,He said he was going to lower tax rates.,S,,,,S,,,,S,,,
876,ROMNEY,He said he was going to broaden the base.,S,,,,S,,,,S,,,
877,ROMNEY,"You’ve said the same thing, you’re going to simplify the tax code, broaden the base.",S,,,,S,,,,S,,,
878,ROMNEY,Those are my principles.,S,,,,S,,,,S,,,
879,ROMNEY,I want to bring down the tax burden on middle-income families.,S,,AE,,S,,AE,,S,,AE,
880,ROMNEY,"And I’m going to work together with Congress to say, OK, what — what are the various ways we could bring down deductions, for instance?",,,,,,,,,,,,
881,ROMNEY,"One way, for instance, would be to have a single number.",S,,,,S,,,,S,,,
882,ROMNEY,"Make up a number, $25,000, $50,000.",IAFA,,,,IAFA,,,,IAFA,,,
883,ROMNEY,Anybody can have deductions up to that amount.,S,,,,S,,,,S,,,
884,ROMNEY,And then that number disappears for high-income people.,S,,,,S,,,,S,,,
885,ROMNEY,That’s one way one could do it.,S,,,,S,,,,S,,,
886,ROMNEY,One could follow Bowles-Simpson as a model and take deduction by deduction and make differences that way.,S,,,,S,,,,S,,,
887,ROMNEY,"There are alternatives to accomplish the objective I have, which is to bring down rates, broaden the base, simplify the code, and create incentives for growth.",S,,,,S,,,,S,,,
888,ROMNEY,"And with regards to health care, you had remarkable details with regards to my pre-existing condition plan.",S,,,,S,,,,S,,,
889,ROMNEY,You obviously studied up on — on my plan.,S,,,,S,,,,S,,,
890,ROMNEY,"In fact, I do have a plan that deals with people with pre-existing conditions.",S,,,,S,,,,S,,,
891,ROMNEY,That’s part of my health care plan.,S,,,,S,,,,S,,,
892,ROMNEY,And what we did in Massachusetts is a model for the nation state by state.,S,,,,S,,,,S,,,
893,ROMNEY,And I said that at that time.,S,,,,S,,,,S,,,
894,ROMNEY,"The federal government taking over health care for the entire nation and whisking aside the 10th Amendment, which gives states the rights for these kinds of things, is not the course for America to have a stronger, more vibrant economy.",S; S-Inform,,APAT,,S; S-Inform,,APAT,,S; S-Inform,,APAT,
895,LEHRER,"That is a terrific segue to our next segment, and is the role of government.",S; EXPL,,,,S; EXPL,,,,S; EXPL,,,
896,LEHRER,And — and let’s see.,S,,,,S,,,,S,,,
897,LEHRER,Role of government.,S,,,,S,,,,S,,,
898,LEHRER,"And it is — you are first on this, Mr.",S,,,,S,,,,S,,,
899,LEHRER,President.,S,,,,S,,,,S,,,
900,LEHRER,And the question is this.,S,,,,S,,,,S,,,
901,LEHRER,"Do you believe, both of you — but you had the first two minutes on this, Mr.",S,,,,S,,,,S,,,
902,LEHRER,President — do you believe there’s a fundamental difference between the two of you as to how you view the mission of the federal government?,,,,,,,,,,,,
903,OBAMA,"Well, I definitely think there are differences.",S,,,,S,,,,S,,,
904,LEHRER,And do you — yeah.,S,,,,S,,,,S,,,
905,OBAMA,The first role of the federal government is to keep the American people safe.,S,,AP; APAT,,S,,AP; APAT,,S,,AP; APAT,
906,OBAMA,That’s its most basic function.,S,,,,S,,,,S,,,
907,OBAMA,"And as commander-in-chief, that is something that I’ve worked on and thought about every single day that I’ve been in the Oval Office.",S; EXPL,,,,S; EXPL,,,,S; EXPL,,,
908,OBAMA,"But I also believe that government has the capacity, the federal government has the capacity to help open up opportunity and create ladders of opportunity and to create frameworks where the American people can succeed.",S,,AP; APAT,,S,,AP; APAT,,S,,AP; APAT,
909,OBAMA,"Look, the genius of America is the free enterprise system and freedom and the fact that people can go out there and start a business, work on an idea, make their own decisions.",S,,APAT,,S,,APAT,,S,,APAT,
910,OBAMA,"But as Abraham Lincoln understood, there are also some things we do better together.",S,,,,S,,,,S,,,
911,OBAMA,"So, in the middle of the Civil War, Abraham Lincoln said, let’s help to finance the Transcontinental Railroad, let’s start the National Academy of Sciences, let’s start land grant colleges, because we want to give these gateways of opportunity for all Americans, because if all Americans are getting opportunity, we’re all going to be better off.",S; EXPL; HS,,,,S; EXPL; HS,,,,S; EXPL; HS,,,
912,OBAMA,That doesn’t restrict people’s freedom.,S,,APAT,,S,,APAT,,S,,APAT,
913,OBAMA,That enhances it.,S,,,,S,,,,S,,,
914,OBAMA,And so what I’ve tried to do as president is to apply those same principles.,S,,,,S,,,,S,,,
915,OBAMA,And when it comes to education what I’ve said is we’ve got to reform schools that are not working.,S,,,,S,,,,S,,,
916,OBAMA,We use something called Race to the Top.,S,,RB,,S,,RB,,S,,RB,
917,OBAMA,"Wasn’t a top-down approach, Governor.",S,,,,S,,,,S,,,
918,OBAMA,"What we’ve said is to states, we’ll give you more money if you initiate reforms.",S,,,,S,,,,S,,,
919,OBAMA,"And as a consequence, you had 46 states around the country who have made a real difference.",S; S-Inform,,,,S; S-Inform,,,,S; S-Inform,,,
920,OBAMA,"But what I’ve also said is let’s hire another 100,000 math and science teachers to make sure we maintain our technological lead and our people are skilled and able to succeed.",S; S-Inform,,,,S; S-Inform,,,,S; S-Inform,,,
921,OBAMA,And hard-pressed states right now can’t all do that.,S,,,,S,,,,S,,,
922,OBAMA,"In fact we’ve seen layoffs of hundreds of thousands of teachers over the last several years, and Governor Romney doesn’t think we need more teachers.",S,,,,S,,,,S,,,
923,OBAMA,"I do, because I think that that is the kind of investment where the federal government can help.",S; EXPL,,IP,,S; EXPL,,IP,,S; EXPL,,IP,
924,OBAMA,"It can’t do it all, but it can make a difference.",S,,,,S,,,,S,,,
925,OBAMA,And as a consequence we’ll have a better trained workforce and that will create jobs because companies want to locate in places where we’ve got a skilled workforce.,S; EXPL,,,,S; EXPL,,,,S; EXPL,,,
926,LEHRER,"Two minutes, Governor, on the role of government.",S,,,,S,,,,S,,,
927,LEHRER,Your view?,,,,,,,,,,,,
928,ROMNEY,"Well, first, I love great schools.",S,,,,S,,,,S,,,
929,ROMNEY,"Massachusetts, our schools are ranked number one of all 50 states.",S; S-Inform,,,,S; S-Inform,,,,S; S-Inform,,,
930,ROMNEY,"And the key to great schools, great teachers.",S,,,,S,,,,S,,,
931,ROMNEY,So I reject the idea that I don’t believe in great teachers or more teachers.,S,,,,S,,,,S,,,
932,ROMNEY,"Every school district, every state should make that decision on their own.",S,,,,S,,,,S,,,
933,ROMNEY,The role of government: Look behind us.,S,,,,S,,,,S,,,
934,ROMNEY,The Constitution and the Declaration of Independence.,S,,APAT,,S,,APAT,,S,,APAT,
935,ROMNEY,The role of government is to promote and protect the principles of those documents.,S,,,,S,,,,S,,,
936,ROMNEY,"First, life and liberty.",S,,APAT,,S,,APAT,,S,,APAT,
937,ROMNEY,"We have a responsibility to protect the lives and liberties of our people, and that means a military second to none.",S,,,,S,,,,S,,,
938,ROMNEY,I do not believe in cutting our military.,S,,,,S,,,,S,,,
939,ROMNEY,I believe in maintaining the strength of America’s military.,S,,APAT; IP,,S,,APAT; IP,,S,,APAT; IP,
940,ROMNEY,"Second, in that line that says we are endowed by our creator with our rights, I believe we must maintain our commitment to religious tolerance and freedom in this country.",S,,APAT; IP,,S,,APAT; IP,,S,,APAT; IP,
941,ROMNEY,That statement also says that we are endowed by our creator with the right to pursue happiness as we choose.,S,,PB,,S,,PB,,S,,PB,
942,ROMNEY,"I interpret that as, one, making sure that those people who are less fortunate and can’t care for themselves are cared by — by one another.",S,,,,S,,,,S,,,
943,ROMNEY,"We’re a nation that believes that we’re all children of the same god and we care for those that have difficulties, those that are elderly and have problems and challenges, those that are disabled.",S,,AE,,S,,AE,,S,,AE,
944,ROMNEY,We care for them.,S,,,,S,,,,S,,,
945,ROMNEY,"And we — we look for discovery and innovation, all these things desired out of the American heart to provide the pursuit of happiness for our citizens.",S,,APAT,,S,,APAT,,S,,APAT,
946,ROMNEY,But we also believe in maintaining for individuals the right to pursue their dreams and not to have the government substitute itself for the rights of free individuals.,S,,PB,,S,,PB,,S,,PB,
947,ROMNEY,"And what we’re seeing right now is, in my view, a — a trickle-down government approach, which has government thinking it can do a better job than free people pursuing their dreams.",S,,IP,,S,,IP,,S,,IP,
948,ROMNEY,And it’s not working.,S,,,,S,,,,S,,,
949,ROMNEY,And the proof of that is 23 million people out of work.,S; EXPL; S-Inform,,,,S; EXPL; S-Inform,,,,S; EXPL; S-Inform,,,
950,ROMNEY,The proof of that is 1 out of 6 people in poverty.,S; EXPL; S-Inform,,,,S; EXPL; S-Inform,,,,S; EXPL; S-Inform,,,
951,ROMNEY,The proof of that is we’ve gone from 32 million on food stamps to 47 million on food stamps.,S; EXPL; S-Inform,,,,S; EXPL; S-Inform,,,,S; EXPL; S-Inform,,,
952,ROMNEY,The proof of that is that 50 percent of college graduates this year can’t find work.,S; EXPL; S-Inform,,,,S; EXPL; S-Inform,,,,S; EXPL; S-Inform,,,
953,LEHRER,All right.,S,,,,S,,,,S,,,
954,ROMNEY,We know that the path we’re taking is not working.,S,,,,S,,,,S,,,
955,ROMNEY,It’s time for a new path.,S,,,,S,,,,S,,,
956,LEHRER,All right.,S,,,,S,,,,S,,,
957,LEHRER,Let’s go through some specifics in terms of what — how each of you views the role of government.,S,,,,S,,,,S,,,
958,LEHRER,How do — education.,S,,,,S,,,,S,,,
959,LEHRER,Does the federal government have a responsibility to improve the quality of public education in America?,YNQ,,APAT,,YNQ,,APAT,,YNQ,,APAT,
960,ROMNEY,"Well, the primary responsibility for education is — is, of course, at the state and local level.",S,,,,S,,,,S,,,
961,ROMNEY,But the federal government also can play a very important role.,S,,,,S,,,,S,,,
962,ROMNEY,"And I — and I agree with Secretary Arne Duncan, he’s — some ideas he’s put forward on Race to the Top, not all of them, but some of them I agree with and — and congratulate him for pursuing that.",S; AGR,,RB,,S; AGR,,RB,,S; AGR,,RB,
963,ROMNEY,The federal government can get local and — and state schools to do a better job.,S,,,,S,,,,S,,,
964,ROMNEY,"My own view, by the way, is I’ve added to that.",S,,,,S,,,,S,,,
965,ROMNEY,"I happen to believe, I want the kids that are getting federal dollars from IDEA or Title I — these are disabled kids or — or — or poor kids or — or lower-income kids, rather, I want them to be able to go to the school of their choice.",S,,,,S,,,,S,,,
966,ROMNEY,"So all federal funds, instead of going to the — to the state or to the school district, I’d have go, if you will, follow the child and let the parent and the child decide where to send their — their — their student.",S,,,,S,,,,S,,,
967,LEHRER,"How do you see the federal government’s responsibility to, as I say, to improve the quality of public education in this country?",Q-W; SEEP,,,,Q-W; SEEP,,,,Q-W; SEEP,,,
968,OBAMA,"Well, as I’ve indicated, I think that it has a significant role to play.",S,,IP,,S,,IP,,S,,IP,
969,OBAMA,"Through our Race to the Top program, we’ve worked with Republican and Democratic governors to initiate major reforms, and they’re having an impact right now.",S,,RB,,S,,RB,,S,,RB,
970,LEHRER,Do you think you have a difference with your views and — and those of Governor Romney on — about education and the federal government?,YNQ,,,,YNQ,,,,YNQ,,,
971,OBAMA,"You know, this is where budgets matter, because budgets reflect choices.",S; EXPL,,,,S; EXPL,,,,S; EXPL,,,
972,OBAMA,"So when Governor Romney indicates that he wants to cut taxes and potentially benefit folks like me and him, and to pay for it we’re having to initiate significant cuts in federal support for education, that makes a difference.",S,,,,S,,,,S,,,
973,OBAMA,"You know, his — his running mate, Congressman Ryan, put forward a budget that reflects many of the principles that Governor Romney’s talked about.",S,,,,S,,,,S,,,
974,OBAMA,And it wasn’t very detailed.,S,,,,S,,,,S,,,
975,OBAMA,This seems to be a trend.,S,,,,S,,,,S,,,
976,OBAMA,"But — but what it did do is to — if you extrapolated how much money we’re talking about, you’d look at cutting the education budget by up to 20 percent.",S; S-Inform,,,,S; S-Inform,,,,S; S-Inform,,,
977,OBAMA,"When it comes to community colleges, we are seeing great work done out there all over the country because we have the opportunity to train people for jobs that exist right now.",S; EXPL,,,,S; EXPL,,,,S; EXPL,,,
978,OBAMA,And one of the things I suspect Governor Romney and I probably agree on is getting businesses to work with community colleges so that they’re setting up their training programs…,S,,,,S,,,,S,,,
979,LEHRER,"Do you — do you agree, Governor?",YNQ; TG,,,,YNQ; TG,,,,YNQ; TG,,,
980,OBAMA,Let me just finish the point.,S,,,,S,,,,S,,,
981,OBAMA,The — where they’re partnering so that they’re designing training programs.,S,,,,S,,,,S,,,
982,OBAMA,And people who are going through them know that there’s a job waiting for them if they complete it.,S,,,,S,,,,S,,,
983,OBAMA,"That makes a big difference, but that requires some federal support.",S,,,,S,,,,S,,,
984,OBAMA,Let me just say one final example.,S,,,,S,,,,S,,,
985,OBAMA,"When it comes to making college affordable, whether it’s two-year or four-year, one of the things that I did as president was we were sending $60 billion to banks and lenders as middlemen for the student loan program, even though the loans were guaranteed.",S; S-Inform,,,,S; S-Inform,,,,S; S-Inform,,,
986,OBAMA,"So there was no risk for the banks or the lenders, but they were taking billions out of the system.",S,,,,S,,,,S,,,
987,OBAMA,"And we said, “Why not cut out the middleman?",,,,,,,,,,,,
988,OBAMA,"” And as a consequence, what we’ve been able to do is to provide millions more students assistance, lower or keep low interest rates on student loans.",S,,,,S,,,,S,,,
989,OBAMA,And this is an example of where our priorities make a difference.,S,,,,S,,,,S,,,
990,OBAMA,"Governor Romney, I genuinely believe cares about education, but when he tells a student that, you know, “you should borrow money from your parents to go to college,” you know, that indicates the degree to which, you know, there may not be as much of a focus on the fact that folks like myself, folks like Michelle, kids probably who attend University of Denver, just don’t have that option.",S,,,,S,,,,S,,,
991,OBAMA,"And for us to be able to make sure that they’ve got that opportunity and they can walk through that door, that is vitally important not just to those kids.",S; EXPL,,,,S; EXPL,,,,S; EXPL,,,
992,OBAMA,It’s how we’re going to grow this economy over the long term.,S,,,,S,,,,S,,,
993,LEHRER,"We’re running out of time, gentlemen.",S,,,,S,,,,S,,,
994,LEHRER,LEHRER: Governor?,,,,,,,,,,,,
995,ROMNEY,Mr.,S,,,,S,,,,S,,,
996,ROMNEY,"President, Mr.",S,,,,S,,,,S,,,
997,ROMNEY,"President, you’re entitled as the president to your own airplane and to your own house, but not to your own facts.",S,,,,S,,,,S,,,
998,ROMNEY,"All right, I’m not going to cut education funding.",S,,,,S,,,,S,,,
999,ROMNEY,I don’t have any plan to cut education funding and — and grants that go to people going to college.,S,,,,S,,,,S,,,
1000,ROMNEY,I’m planning on to grow.,S,,,,S,,,,S,,,
1001,ROMNEY,So I’m not planning on making changes there.,S,,,,S,,,,S,,,
1002,ROMNEY,"But you make a very good point, which is that the place you put your money just makes a pretty clear indication of where your heart is.",S,,,,S,,,,S,,,
1003,ROMNEY,You put $90 billion into — into green jobs.,S; S-Inform,,,,S; S-Inform,,,,S; S-Inform,,,
1004,ROMNEY,"And I — look, I’m all in favor of green energy.",S,,,,S,,,,S,,,
1005,ROMNEY,"$90 billion, that would have — that would have hired 2 million teachers.",S; S-Inform,,,,S; S-Inform,,,,S; S-Inform,,,
1006,ROMNEY,$90 billion.,S; S-Inform,,,,S; S-Inform,,,,S; S-Inform,,,
1007,ROMNEY,"And these businesses, many of them have gone out of business, I think about half of them, of the ones have been invested in have gone out of business.",S,,IP,,S,,IP,,S,,IP,
1008,ROMNEY,A number of them happened to be owned by people who were contributors to your campaigns.,S,,,,S,,,,S,,,
1009,ROMNEY,"Look, the right course for America’s government, we were talking about the role of government, is not to become the economic player, picking winners and losers, telling people what kind of health treatment they can receive, taking over the health care system that has existed in this country for a long, long time and has produced the best health records in the world.",S,,APAT; PB,,S,,APAT; PB,,S,,APAT; PB,
1010,ROMNEY,"The right answer for government is say, How do we make the private sector become more efficient and more effective?",,,PB,,,,PB,,,,PB,
1011,ROMNEY,How do we get schools to be more competitive?,Q-W; SEEP,,,,Q-W; SEEP,,,,Q-W; SEEP,,,
1012,ROMNEY,Let’s grade them.,S,,,,S,,,,S,,,
1013,ROMNEY,"I propose we grade our schools so parents know which schools are succeeding and failing, so they can take their child to a — to a school that he’s being more successful.",S,,,,S,,,,S,,,
1014,ROMNEY,I don’t want to cut our commitment to education.,S,,,,S,,,,S,,,
1015,ROMNEY,I wanted to make it more effective and efficient.,S,,,,S,,,,S,,,
1016,ROMNEY,"And by the way, I’ve had that experience.",S,,,,S,,,,S,,,
1017,ROMNEY,I don’t just talk about it.,S,,,,S,,,,S,,,
1018,ROMNEY,I’ve been there.,S,,,,S,,,,S,,,
1019,ROMNEY,Massachusetts schools are ranked number one in the nation.,S,,,,S,,,,S,,,
1020,ROMNEY,This is not because I didn’t have commitment to education.,S; EXPL,,,,S; EXPL,,,,S; EXPL,,,
1021,ROMNEY,It’s because I care about education for all of our kids.,S; EXPL,,AE,,S; EXPL,,AE,,S; EXPL,,AE,
1022,LEHRER,"All right, gentlemen…",S,,,,S,,,,S,,,
1023,LEHRER,Excuse me .,IAFA; TT,,,,IAFA; TT,,,,IAFA; TT,,,
1024,LEHRER,"Excuse me, sir.",IAFA; TT,,,,IAFA; TT,,,,IAFA; TT,,,
1025,LEHRER,We’ve got — we’ve got — barely have three minutes left.,S,,,,S,,,,S,,,
1026,LEHRER,I’m not going to grade the two of you and say your answers have been too long or I’ve done a poor job.,S,,,,S,,,,S,,,
1027,OBAMA,You’ve done a great job.,S,,,,S,,,,S,,,
1028,LEHRER,"Oh, well, no.",S,,,,S,,,,S,,,
1029,LEHRER,"But the fact is government — the role of government and governing, we’ve lost a pod in other words.",S; EXPL,,,,S; EXPL,,,,S; EXPL,,,
1030,LEHRER,So we only have three — three minutes left in the — in the debate before we go to your closing statements.,S,,,,S,,,,S,,,
1031,LEHRER,"And so I want to ask finally here, and remember, we’ve got three minutes total time here — and the question is this.",S,,,,S,,,,S,,,
1032,LEHRER,Many of the legislative functions of the federal government right now are in a state of paralysis as a result of partisan gridlock.,S,,,,S,,,,S,,,
1033,LEHRER,"If elected, in your case, if re-elected, in your case, what would you do about that?",,,,,,,,,,,,
1034,LEHRER,Governor?,,,,,,,,,,,,
1035,ROMNEY,"Jim, I had the great experience — it didn’t seem like it at the time — of being elected in a state where my legislature was 87 percent Democrat.",S; S-Inform,,,,S; S-Inform,,,,S; S-Inform,,,
1036,ROMNEY,And that meant I figured out from day one I had to get along and I had to work across the aisle to get anything done.,S,,,,S,,,,S,,,
1037,ROMNEY,We drove our schools to be number one in the nation.,S,,,,S,,,,S,,,
1038,ROMNEY,We cut taxes 19 times.,S; S-Inform,,,,S; S-Inform,,,,S; S-Inform,,,
1039,LEHRER,But what would you do as president?,,,,,,,,,,,,
1040,ROMNEY,"We — as president, I will sit on day one — actually, the day after I get elected — I’ll sit down with leaders — the Democratic leaders, as well as Republican leaders, and continue — as we did in my state — we met every Monday for a couple hours, talked about the issues and the challenges in the — in the — in our state in that case.",S,,,,S,,,,S,,,
1041,ROMNEY,"We have to work on a collaborative basis, not because we’re going to compromise our principle, but because there’s common ground.",S; EXPL,,UF,,S; EXPL,,UF,,S; EXPL,,UF,
1042,ROMNEY,"And the challenges America faces right now — look, the reason I’m in this race is there are people that are really hurting today in this country.",S,,APAT; RB,,S,,APAT; RB,,S,,APAT; RB,
1043,ROMNEY,And we face — this deficit could crush the future generations.,S,,,,S,,,,S,,,
1044,ROMNEY,"What’s happening in the Middle East, there are developments around the world that are of real concern.",S,,,,S,,,,S,,,
1045,LEHRER,All right.,S,,,,S,,,,S,,,
1046,ROMNEY,And Republicans and Democrats both love America.,S,,APAT,,S,,APAT,,S,,APAT,
1047,ROMNEY,But we need to have leadership — leadership in Washington that will actually bring people together and get the job done and could not care less if — if it’s a Republican or a Democrat.,S,,,,S,,,,S,,,
1048,ROMNEY,I’ve done it before.,S,,,,S,,,,S,,,
1049,ROMNEY,I’ll do it again.,S,,,,S,,,,S,,,
1050,LEHRER,Mr.,S,,,,S,,,,S,,,
1051,LEHRER,President?,,,,,,,,,,,,
1052,OBAMA,"Well, first of all, I think Governor Romney’s going to have a busy first day, because he’s also going to repeal Obamacare, which will not be very popular among Democrats as you’re sitting down with them.",S; EXPL,,IP,,S; EXPL,,IP,,S; EXPL,,IP,
1053,OBAMA,"But, look, my philosophy has been, I will take ideas from anybody, Democrat or Republican, as long as they’re advancing the cause of making middle-class families stronger and giving ladders of opportunity to the middle class.",S,,AE,,S,,AE,,S,,AE,
1054,OBAMA,That’s how we cut taxes for middle- class families and small businesses.,S,,AE,,S,,AE,,S,,AE,
1055,OBAMA,That’s how we cut a trillion dollars of spending that wasn’t advancing that cause.,S; S-Inform,,,,S; S-Inform,,,,S; S-Inform,,,
1056,OBAMA,That’s how we signed three trade deals into law that are helping us to double our exports and sell more American products around the world.,S,,APAT,,S,,APAT,,S,,APAT,
1057,OBAMA,That’s how we repealed “don’t ask/don’t tell.,S,,,,S,,,,S,,,
1058,OBAMA,"” That’s how we ended the war in Iraq, as I promised, and that’s how we’re going to wind down the war in Afghanistan.",S,,,,S,,,,S,,,
1059,OBAMA,That’s how we went after Al Qaida and bin Laden.,S,,,,S,,,,S,,,
1060,OBAMA,So we’ve — we’ve seen progress even under Republican control of the House of Representatives.,S,,,,S,,,,S,,,
1061,OBAMA,"But, ultimately, part of being principled, part of being a leader is, A, being able to describe exactly what it is that you intend to do, not just saying, “I’ll sit down,” but you have to have a plan.",S; AGR,,,,S; AGR,,,,S; AGR,,,
1062,OBAMA,"Number two, what’s important is occasionally you’ve got to say no, to — to — to folks both in your own party and in the other party.",S,,,,S,,,,S,,,
1063,OBAMA,"And, you know, yes, have we had some fights between me and the Republicans when — when they fought back against us reining in the excesses of Wall Street?",,,,,,,,,,,,
1064,OBAMA,"Absolutely, because that was a fight that needed to be had.",S; AGR; EXPL,,,,S; AGR; EXPL,,,,S; AGR; EXPL,,,
1065,OBAMA,"When — when we were fighting about whether or not we were going to make sure that Americans had more security with their health insurance and they said no, yes, that was a fight that we needed to have.",S,,,,S,,,,S,,,
1066,LEHRER,All right,S,,,,S,,,,S,,,
1067,OBAMA,"And so part of leadership and governing is both saying what it is that you are for, but also being willing to say no to some things.",S,,,,S,,,,S,,,
1068,OBAMA,"And I’ve got to tell you, Governor Romney, when it comes to his own party during the course of this campaign, has not displayed that willingness to say no to some of the more extreme parts of his party.",S,,,,S,,,,S,,,
1069,LEHRER,That brings us to closing statements.,S,,,,S,,,,S,,,
1070,LEHRER,It was a coin toss.,S,,,,S,,,,S,,,
1071,LEHRER,"Governor Romney, you won the toss and you elected to go last, so you have a closing two minutes, Mr.",S,,,,S,,,,S,,,
1072,LEHRER,President.,S,,,,S,,,,S,,,
1073,OBAMA,"Well, Jim, I want to thank you, and I want to thank Governor Romney, because I think was a terrific debate, and I very much appreciate it.",S; THK; EXPL,,IP,,S; THK; EXPL,,IP,,S; THK; EXPL,,IP,
1074,OBAMA,And I want to thank the University of Denver.,S,,,,S,,,,S,,,
1075,OBAMA,"You know, four years ago, we were going through a major crisis.",S,,AF,,S,,AF,,S,,AF,
1076,OBAMA,And yet my faith and confidence in the American future is undiminished.,S,,APAT,,S,,APAT,,S,,APAT,
1077,OBAMA,"And the reason is because of its people, because of the woman I met in North Carolina who decided at 55 to go back to school because she wanted to inspire her daughter and now has a job from that new training that she’s gotten; because a company in Minnesota who was willing to give up salaries and perks for their executives to make sure that they didn’t lay off workers during a recession.",S; EXPL; S-Inform,,,,S; EXPL; S-Inform,,,,S; EXPL; S-Inform,,,
1078,OBAMA,"The auto workers that you meet in Toledo or Detroit take such pride in building the best cars in the world, not just because of a paycheck, but because it gives them that sense of pride, that they’re helping to build America.",S; EXPL,,APAT,,S; EXPL,,APAT,,S; EXPL,,APAT,
1079,OBAMA,And so the question now is how do we build on those strengths.,S,,,,S,,,,S,,,
1080,OBAMA,"And everything that I’ve tried to do, and everything that I’m now proposing for the next four years in terms of improving our education system or developing American energy or making sure that we’re closing loopholes for companies that are shipping jobs overseas and focusing on small businesses and companies that are creating jobs here in the United States, or closing our deficit in a responsible, balanced way that allows us to invest in our future.",S,,APAT; UF,,S,,APAT; UF,,S,,APAT; UF,
1081,OBAMA,"All those things are designed to make sure that the American people, their genius, their grit, their determination, is — is channeled and — and they have an opportunity to succeed.",S,,AP; APAT,,S,,AP; APAT,,S,,AP; APAT,
1082,OBAMA,And everybody’s getting a fair shot.,S,,,,S,,,,S,,,
1083,OBAMA,"And everybody’s getting a fair share — everybody’s doing a fair share, and everybody’s playing by the same rules.",S,,,,S,,,,S,,,
1084,OBAMA,"You know, four years ago, I said that I’m not a perfect man and I wouldn’t be a perfect president.",S,,,,S,,,,S,,,
1085,OBAMA,And that’s probably a promise that Governor Romney thinks I’ve kept.,S,,,,S,,,,S,,,
1086,OBAMA,"But I also promised that I’d fight every single day on behalf of the American people, the middle class, and all those who were striving to get into the middle class.",S,,AP; APAT,,S,,AP; APAT,,S,,AP; APAT,
1087,OBAMA,"I’ve kept that promise and if you’ll vote for me, then I promise I’ll fight just as hard in a second term.",S,,,,S,,,,S,,,
1088,LEHRER,"Governor Romney, your two-minute closing.",S,,,,S,,,,S,,,
1089,ROMNEY,"Thank you, Jim, and Mr.",IAFA; THK,,,,IAFA; THK,,,,IAFA; THK,,,
1090,ROMNEY,President.,S,,,,S,,,,S,,,
1091,ROMNEY,And thank you for tuning in this evening.,IAFA; THK,,,,IAFA; THK,,,,IAFA; THK,,,
1092,ROMNEY,This is a — this is an important election and I’m concerned about America.,S,,APAT,,S,,APAT,,S,,APAT,
1093,ROMNEY,I’m concerned about the direction America has been taking over the last four years.,S,,APAT,,S,,APAT,,S,,APAT,
1094,ROMNEY,I — I know this is bigger than an election about the two of us as individuals.,S,,,,S,,,,S,,,
1095,ROMNEY,It’s bigger than our respective parties.,S,,,,S,,,,S,,,
1096,ROMNEY,It’s an election about the course of America.,S,,APAT,,S,,APAT,,S,,APAT,
1097,ROMNEY,What kind of America do you want to have for yourself and for your children.,S,,AE; APAT,,S,,AE; APAT,,S,,AE; APAT,
1098,ROMNEY,"And there really are two very different paths that we began speaking about this evening, and over the course of this month we’re going to have two more presidential debates and a vice presidential debate.",S,,,,S,,,,S,,,
1099,ROMNEY,We’re talk about those two paths.,S,,,,S,,,,S,,,
1100,ROMNEY,But they lead in very different directions.,S,,,,S,,,,S,,,
1101,ROMNEY,And it’s not just looking to our words that you have to take in evidence of where they go.,S,,,,S,,,,S,,,
1102,ROMNEY,You can look at the record.,S,,,,S,,,,S,,,
1103,ROMNEY,There’s no question in my mind that if the president were to be reelected you’ll continue to see a middle-class squeeze with incomes going down and prices going up.,S,,,,S,,,,S,,,
1104,ROMNEY,I’ll get incomes up again.,S,,,,S,,,,S,,,
1105,ROMNEY,You’ll see chronic unemployment.,S,,,,S,,,,S,,,
1106,ROMNEY,We’ve had 43 straight months with unemployment above 8 percent.,S; S-Inform,,,,S; S-Inform,,,,S; S-Inform,,,
1107,ROMNEY,If I’m president I will create — help create 12 million new jobs in this country with rising incomes.,S; S-Inform,,,,S; S-Inform,,,,S; S-Inform,,,
1108,ROMNEY,"If the president’s reelected, Obamacare will be fully installed.",S,,,,S,,,,S,,,
1109,ROMNEY,In my view that’s going to mean a whole different way of life for people who counted on the insurance plan they had in the past.,S,,IP,,S,,IP,,S,,IP,
1110,ROMNEY,Many will lose it.,S,,,,S,,,,S,,,
1111,ROMNEY,"You’re going to see health premiums go up by some $2,500 per family.",S; S-Inform,,,,S; S-Inform,,,,S; S-Inform,,,
1112,ROMNEY,If I’m elected we won’t have Obama.,S,,,,S,,,,S,,,
1113,ROMNEY,We’ll put in place the kind of principles that I put in place in my own state and allow each state to craft their own programs to get people insured and we’ll focus on getting the cost of health care down.,S,,,,S,,,,S,,,
1114,ROMNEY,If the president were to be reelected you’re going to see a $716 billion cut to Medicare.,S; S-Inform,,,,S; S-Inform,,,,S; S-Inform,,,
1115,ROMNEY,You’ll have 4 million people who will lose Medicare Advantage.,S; S-Inform,,,,S; S-Inform,,,,S; S-Inform,,,
1116,ROMNEY,You’ll have hospital and providers that’ll no longer accept Medicare patients.,S,,,,S,,,,S,,,
1117,ROMNEY,I’ll restore that $716 billion to Medicare.,S; S-Inform,,,,S; S-Inform,,,,S; S-Inform,,,
1118,ROMNEY,"And finally, military.",S,,,,S,,,,S,,,
1119,ROMNEY,The president’s reelected you’ll see dramatic cuts to our military.,S,,,,S,,,,S,,,
1120,ROMNEY,The secretary of defense has said these would be even devastating.,S,,,,S,,,,S,,,
1121,ROMNEY,I will not cut our commitment to our military.,S,,,,S,,,,S,,,
1122,ROMNEY,I will keep America strong and get America’s middle class working again.,S,,APAT,,S,,APAT,,S,,APAT,
1123,ROMNEY,"Thank you, Jim.",IAFA; THK,,,,IAFA; THK,,,,IAFA; THK,,,
1124,LEHRER,"Thank you, Governor.",IAFA; THK,,,,IAFA; THK,,,,IAFA; THK,,,
1125,LEHRER,"Thank you, Mr.",IAFA; THK,,,,IAFA; THK,,,,IAFA; THK,,,
1126,LEHRER,President.,S,,,,S,,,,S,,,
1127,LEHRER,"The next debate will be the vice presidential event on Thursday, October 11th at Centre College in Danville, Kentucky.",S; S-Inform,,,,S; S-Inform,,,,S; S-Inform,,,
1128,LEHRER,"For now, from the University of Denver, I’m Jim Lehrer.",S,,,,S,,,,S,,,
1129,LEHRER,"Thank you, and good night.",IAFA; GR; THK,,,,IAFA; GR; THK,,,,IAFA; GR; THK,,,
1130,LEHRER,Â,S,,,,S,,,,S,,,
