unit_id,speaker,text,Annotator 1 - Phase A (DAMSL),Annotator 1 - Phase A notes,Annotator 1 - Phase B (Beads),Annotator 1 - Phase B notes,Annotator 2 - Phase A (DAMSL),Annotator 2 - Phase A notes,Annotator 2 - Phase B (Beads),Annotator 2 - Phase B notes,Annotator 3 - Phase A (DAMSL),Annotator 3 - Phase A notes,Annotator 3 - Phase B (Beads),Annotator 3 - Phase B notes
1,MODERATORS,Anderson Cooper and Martha Raddatz,S,,,,S,,,,S,,,
2,RADDATZ,Good evening.,S; GR,,,,S; GR,,,,S; GR,,,
3,RADDATZ,I’m Martha Raddatz from ABC News.,S,,,,S,,,,S,,,
4,COOPER,And I’m Anderson Cooper from CNN.,S,,,,S,,,,S,,,
5,COOPER,We want to welcome you to Washington University in St.,S; GR,,,,S; GR,,,,S; GR,,,
6,COOPER,"Louis for the second presidential debate between Hillary Clinton and Donald Trump, sponsored by the Commission on Presidential Debates.",S,,,,S,,,,S,,,
7,COOPER,"Tonight’s debate is a town hall format, which gives voters a chance to directly ask the candidates questions.",S,,,,S,,,,S,,,
8,COOPER,"Martha and I will ask follow-up questions but the night really belongs to the people in this room, and to people across the country who have submitted questions online.",S,,,,S,,,,S,,,
9,RADDATZ,The people you see on this stage were chosen by the Gallup Organization.,S,,,,S,,,,S,,,
10,RADDATZ,They are all from the St.,S,,,,S,,,,S,,,
11,RADDATZ,Louis area and told Gallup they haven’t committed to a candidate.,S,,,,S,,,,S,,,
12,RADDATZ,"Each of them came here with questions they wanted to ask, and we saw those questions for the first time this morning.",S,,,,S,,,,S,,,
13,RADDATZ,Anderson and I and our team from ABC and CNN are the only ones who have seen them.,S,,,,S,,,,S,,,
14,RADDATZ,Both candidates will have two minutes to answer each audience and online question.,S,,,,S,,,,S,,,
15,RADDATZ,"We hope to get to as many questions as we can, so we’ve asked the audience here not to slow things down with any applause.",S,,,,S,,,,S,,,
16,RADDATZ,Except for now.,S,,,,S,,,,S,,,
17,RADDATZ,"Ladies and gentlemen the Republican nominee for president, Donald J.",S,,,,S,,,,S,,,
18,RADDATZ,"Trump, and the Democratic nominee for president, Hillary Clinton.",S,,,,S,,,,S,,,
19,COOPER,Thank you very much for being here.,IAFA; THK,,,,IAFA; THK,,,,IAFA; THK,,,
20,COOPER,We’re going to begin with a question from one of the members in our town hall.,S,,,,S,,,,S,,,
21,COOPER,Each of you will have two minutes to respond to this question.,S,,,,S,,,,S,,,
22,COOPER,"Secretary Clinton, you won the coin toss, so you’ll go first.",S,,,,S,,,,S,,,
23,COOPER,Our first question comes from Patrice Brock.,S,,,,S,,,,S,,,
24,COOPER,Patrice?,,,,,,,,,,,,
25,QUESTION,"Thank you, and good evening.",IAFA; GR; THK,,,,IAFA; GR; THK,,,,IAFA; GR; THK,,,
26,QUESTION,"The last presidential debate could have been rated as MA, mature audiences, per TV parental guidelines.",S,,,,S,,,,S,,,
27,QUESTION,"Knowing that educators assign viewing the presidential debates as students’ homework, do you feel you’re modeling appropriate and positive behavior for today’s youth?",,,,,,,,,,,,
28,CLINTON,"Well, thank you.",IAFA; THK,,,,IAFA; THK,,,,IAFA; THK,,,
29,CLINTON,Are you a teacher?,YNQ,,,,YNQ,,,,YNQ,,,
30,CLINTON,"Yes, I think that that’s a very good question, because I’ve heard from lots of teachers and parents about some of their concerns about some of the things that are being said and done in this campaign.",S; EXPL; ANS,,IP,,S; EXPL; ANS,,IP,,S; EXPL; ANS,,IP,
31,CLINTON,And I think it is very important for us to make clear to our children that our country really is great because we’re good.,S; EXPL,,AE; IP,,S; EXPL,,AE; IP,,S; EXPL,,AE; IP,
32,CLINTON,"And we are going to respect one another, lift each other up.",S,,,,S,,,,S,,,
33,CLINTON,"We are going to be looking for ways to celebrate our diversity, and we are going to try to reach out to every boy and girl, as well as every adult, to bring them in to working on behalf of our country.",S,,,,S,,,,S,,,
34,CLINTON,I have a very positive and optimistic view about what we can do together.,S,,,,S,,,,S,,,
35,CLINTON,"That’s why the slogan of my campaign is “Stronger Together,” because I think if we work together, if we overcome the divisiveness that sometimes sets Americans against one another, and instead we make some big goals—and I’ve set forth some big goals, getting the economy to work for everyone, not just those at the top, making sure that we have the best education system from preschool through college and making it affordable, and so much else.",S; EXPL,,IP,,S; EXPL,,IP,,S; EXPL,,IP,
36,CLINTON,"If we set those goals and we go together to try to achieve them, there’s nothing in my opinion that America can’t do.",S,,APAT; IP,,S,,APAT; IP,,S,,APAT; IP,
37,CLINTON,So that’s why I hope that we will come together in this campaign.,S,,,,S,,,,S,,,
38,CLINTON,"Obviously, I’m hoping to earn your vote, I’m hoping to be elected in November, and I can promise you, I will work with every American.",S,,APAT,,S,,APAT,,S,,APAT,
39,CLINTON,"I want to be the president for all Americans, regardless of your political beliefs, where you come from, what you look like, your religion.",S,,UF,,S,,UF,,S,,UF,
40,CLINTON,"I want us to heal our country and bring it together because that’s, I think, the best way for us to get the future that our children and our grandchildren deserve.",S; EXPL,,AE; IP,,S; EXPL,,AE; IP,,S; EXPL,,AE; IP,
41,COOPER,"Secretary Clinton, thank you.",IAFA; THK,,,,IAFA; THK,,,,IAFA; THK,,,
42,COOPER,Mr.,S,,,,S,,,,S,,,
43,COOPER,"Trump, you have two minutes.",S,,,,S,,,,S,,,
44,TRUMP,"Well, I actually agree with that.",S,,,,S,,,,S,,,
45,TRUMP,I agree with everything she said.,S; AGR,,,,S; AGR,,,,S; AGR,,,
46,TRUMP,I began this campaign because I was so tired of seeing such foolish things happen to our country.,S; EXPL,,,,S; EXPL,,,,S; EXPL,,,
47,TRUMP,This is a great country.,S,,AP,,S,,AP,,S,,AP,
48,TRUMP,This is a great land.,S,,,,S,,,,S,,,
49,TRUMP,I’ve gotten to know the people of the country over the last year-and-a-half that I’ve been doing this as a politician.,S; S-Inform,,,,S; S-Inform,,,,S; S-Inform,,,
50,TRUMP,"I cannot believe I’m saying that about myself, but I guess I have been a politician.",S,,,,S,,,,S,,,
51,TRUMP,And my whole concept was to make America great again.,S,,APAT,,S,,APAT,,S,,APAT,
52,TRUMP,"When I watch the deals being made, when I watch what’s happening with some horrible things like Obamacare, where your health insurance and health care is going up by numbers that are astronomical, 68 percent, 59 percent, 71 percent, when I look at the Iran deal and how bad a deal it is for us, it’s a one-sided transaction where we’re giving back $150 billion to a terrorist state, really, the number one terror state, we’ve made them a strong country from really a very weak country just three years ago.",S; S-Inform,,AF,,S; S-Inform,,AF,,S; S-Inform,,AF,
53,TRUMP,"When I look at all of the things that I see and all of the potential that our country has, we have such tremendous potential, whether it’s in business and trade, where we’re doing so badly.",S,,,,S,,,,S,,,
54,TRUMP,"Last year, we had an almost $800 billion trade deficit.",S; S-Inform,,,,S; S-Inform,,,,S; S-Inform,,,
55,TRUMP,"In other words, trading with other countries.",IAFA; EXPL,,,,IAFA; EXPL,,,,IAFA; EXPL,,,
56,TRUMP,We had an $800 billion deficit.,S; S-Inform,,,,S; S-Inform,,,,S; S-Inform,,,
57,TRUMP,It’s hard to believe.,S,,,,S,,,,S,,,
58,TRUMP,Inconceivable.,S,,,,S,,,,S,,,
59,TRUMP,You say who’s making these deals?,,,,,,,,,,,,
60,TRUMP,We’re going to make great trade deals.,S,,,,S,,,,S,,,
61,TRUMP,We’re going to have a strong border.,S,,,,S,,,,S,,,
62,TRUMP,We’re going to bring back law and order.,S,,,,S,,,,S,,,
63,TRUMP,"Just today, policemen was shot, two killed.",S,,,,S,,,,S,,,
64,TRUMP,And this is happening on a weekly basis.,S,,,,S,,,,S,,,
65,TRUMP,We have to bring back respect to law enforcement.,S,,,,S,,,,S,,,
66,TRUMP,"At the same time, we have to take care of people on all sides.",S,,,,S,,,,S,,,
67,TRUMP,We need justice.,S,,,,S,,,,S,,,
68,TRUMP,"But I want to do things that haven’t been done, including fixing and making our inner cities better for the African-American citizens that are so great, and for the Latinos, Hispanics, and I look forward to doing it.",S,,APAT,,S,,APAT,,S,,APAT,
69,TRUMP,It’s called make America great again.,S,,APAT,,S,,APAT,,S,,APAT,
70,COOPER,"Thank you, Mr.",IAFA; THK,,,,IAFA; THK,,,,IAFA; THK,,,
71,COOPER,Trump.,S,,,,S,,,,S,,,
72,COOPER,The question from Patrice was about are you both modeling positive and appropriate behavior for today’s youth?,,,,,,,,,,,,
73,COOPER,"We received a lot of questions online, Mr.",S,,,,S,,,,S,,,
74,COOPER,"Trump, about the tape that was released on Friday, as you can imagine.",S,,,,S,,,,S,,,
75,COOPER,You called what you said locker room banter.,S,,,,S,,,,S,,,
76,COOPER,"You described kissing women without consent, grabbing their genitals.",S,,,,S,,,,S,,,
77,COOPER,That is sexual assault.,S; EXPL,,,,S; EXPL,,,,S; EXPL,,,
78,COOPER,You bragged that you have sexually assaulted women.,S,,,,S,,,,S,,,
79,COOPER,Do you understand that?,YNQ,,,,YNQ,,,,YNQ,,,
80,TRUMP,"No, I didn’t say that at all.",S; REJ; ANS,,,,S; REJ; ANS,,,,S; REJ; ANS,,,
81,TRUMP,I don’t think you understood what was—this was locker room talk.,S,,,,S,,,,S,,,
82,TRUMP,I’m not proud of it.,S,,,,S,,,,S,,,
83,TRUMP,I apologize to my family.,S; APO,,,,S; APO,,,,S; APO,,,
84,TRUMP,I apologize to the American people.,S; APO,,AP; APAT,,S; APO,,AP; APAT,,S; APO,,AP; APAT,
85,TRUMP,"Certainly, I’m not proud of it.",S,,,,S,,,,S,,,
86,TRUMP,But this is locker room talk.,S,,,,S,,,,S,,,
87,TRUMP,"You know, when we have a world where you have ISIS chopping off heads, where you have—and, frankly, drowning people in steel cages, where you have wars and horrible, horrible sights all over, where you have so many bad things happening, this is like medieval times.",S,,,,S,,,,S,,,
88,TRUMP,"We haven’t seen anything like this, the carnage all over the world.",S,,,,S,,,,S,,,
89,TRUMP,And they look and they see.,S,,,,S,,,,S,,,
90,TRUMP,"Can you imagine the people that are, frankly, doing so well against us with ISIS?",YNQ,,,,YNQ,,,,YNQ,,,
91,TRUMP,And they look at our country and they see what’s going on.,S,,,,S,,,,S,,,
92,TRUMP,"Yes, I’m very embarrassed by it.",S; ANS,,,,S; ANS,,,,S; ANS,,,
93,TRUMP,I hate it.,S,,,,S,,,,S,,,
94,TRUMP,"But it’s locker room talk, and it’s one of those things.",S,,,,S,,,,S,,,
95,TRUMP,I will knock the hell out of ISIS.,S,,,,S,,,,S,,,
96,TRUMP,We’re going to defeat ISIS.,S,,,,S,,,,S,,,
97,TRUMP,ISIS happened a number of years ago in a vacuum that was left because of bad judgment.,S; EXPL,,,,S; EXPL,,,,S; EXPL,,,
98,TRUMP,"And I will tell you, I will take care of ISIS.",S,,,,S,,,,S,,,
99,COOPER,"So, Mr.",S,,,,S,,,,S,,,
100,COOPER,Trump…,S,,,,S,,,,S,,,
101,TRUMP,And we should get on to much more important things and much bigger things.,S,,,,S,,,,S,,,
102,COOPER,"Just for the record, though, are you saying that what you said on that bus 11 years ago that you did not actually kiss women without consent or grope women without consent?",,,,,,,,,,,,
103,TRUMP,I have great respect for women.,S,,,,S,,,,S,,,
104,TRUMP,Nobody has more respect for women than I do.,S,,,,S,,,,S,,,
105,COOPER,"So, for the record, you’re saying you never did that?",,,,,,,,,,,,
106,TRUMP,"I’ve said things that, frankly, you hear these things I said.",S,,,,S,,,,S,,,
107,TRUMP,And I was embarrassed by it.,S,,,,S,,,,S,,,
108,TRUMP,But I have tremendous respect for women.,S,,,,S,,,,S,,,
109,COOPER,Have you ever done those things?,YNQ,,,,YNQ,,,,YNQ,,,
110,TRUMP,And women have respect for me.,S,,,,S,,,,S,,,
111,TRUMP,"And I will tell you: No, I have not.",S,,,,S,,,,S,,,
112,TRUMP,And I will tell you that I’m going to make our country safe.,S,,,,S,,,,S,,,
113,TRUMP,"We’re going to have borders in our country, which we don’t have now.",S,,,,S,,,,S,,,
114,TRUMP,"People are pouring into our country, and they’re coming in from the Middle East and other places.",S,,,,S,,,,S,,,
115,TRUMP,We’re going to make America safe again.,S,,APAT,,S,,APAT,,S,,APAT,
116,TRUMP,"We’re going to make America great again, but we’re going to make America safe again.",S,,APAT,,S,,APAT,,S,,APAT,
117,TRUMP,"And we’re going to make America wealthy again, because if you don’t do that, it just—it sounds harsh to say, but we have to build up the wealth of our nation.",S; EXPL,,APAT,,S; EXPL,,APAT,,S; EXPL,,APAT,
118,COOPER,"Thank you, Mr.",IAFA; THK,,,,IAFA; THK,,,,IAFA; THK,,,
119,COOPER,Trump.,S,,,,S,,,,S,,,
120,TRUMP,"Right now, other nations are taking our jobs and they’re taking our wealth.",S,,,,S,,,,S,,,
121,COOPER,"Thank you, Mr.",IAFA; THK,,,,IAFA; THK,,,,IAFA; THK,,,
122,COOPER,Trump.,S,,,,S,,,,S,,,
123,TRUMP,And that’s what I want to talk about.,S,,,,S,,,,S,,,
124,COOPER,"Secretary Clinton, do you want to respond?",,,,,,,,,,,,
125,CLINTON,"Well, like everyone else, I’ve spent a lot of time thinking over the last 48 hours about what we heard and saw.",S; S-Inform,,,,S; S-Inform,,,,S; S-Inform,,,
126,CLINTON,"You know, with prior Republican nominees for president, I disagreed with them on politics, policies, principles, but I never questioned their fitness to serve.",S,,,,S,,,,S,,,
127,CLINTON,Donald Trump is different.,S,,,,S,,,,S,,,
128,CLINTON,I said starting back in June that he was not fit to be president and commander-in-chief.,S,,,,S,,,,S,,,
129,CLINTON,And many Republicans and independents have said the same thing.,S,,,,S,,,,S,,,
130,CLINTON,"What we all saw and heard on Friday was Donald talking about women, what he thinks about women, what he does to women.",S,,,,S,,,,S,,,
131,CLINTON,And he has said that the video doesn’t represent who he is.,S,,,,S,,,,S,,,
132,CLINTON,But I think it’s clear to anyone who heard it that it represents exactly who he is.,S; AGR,,IP,,S; AGR,,IP,,S; AGR,,IP,
133,CLINTON,Because we’ve seen this throughout the campaign.,S; EXPL,,,,S; EXPL,,,,S; EXPL,,,
134,CLINTON,We have seen him insult women.,S,,,,S,,,,S,,,
135,CLINTON,"We’ve seen him rate women on their appearance, ranking them from one to ten.",S,,,,S,,,,S,,,
136,CLINTON,We’ve seen him embarrass women on TV and on Twitter.,S,,,,S,,,,S,,,
137,CLINTON,"We saw him after the first debate spend nearly a week denigrating a former Miss Universe in the harshest, most personal terms.",S,,,,S,,,,S,,,
138,CLINTON,"So, yes, this is who Donald Trump is.",S,,,,S,,,,S,,,
139,CLINTON,"But it’s not only women, and it’s not only this video that raises questions about his fitness to be our president, because he has also targeted immigrants, African-Americans, Latinos, people with disabilities, POWs, Muslims, and so many others.",S; EXPL,,,,S; EXPL,,,,S; EXPL,,,
140,CLINTON,So this is who Donald Trump is.,S,,,,S,,,,S,,,
141,CLINTON,"And the question for us, the question our country must answer is that this is not who we are.",S,,,,S,,,,S,,,
142,CLINTON,"That’s why—to go back to your question—I want to send a message—we all should—to every boy and girl and, indeed, to the entire world that America already is great, but we are great because we are good, and we will respect one another, and we will work with one another, and we will celebrate our diversity.",S; EXPL,,APAT,,S; EXPL,,APAT,,S; EXPL,,APAT,
143,CLINTON,"These are very important values to me, because this is the America that I know and love.",S; EXPL,,APAT,,S; EXPL,,APAT,,S; EXPL,,APAT,
144,CLINTON,And I can pledge to you tonight that this is the America that I will serve if I’m so fortunate enough to become your president.,S,,APAT,,S,,APAT,,S,,APAT,
145,RADDATZ,And we want to get to some questions from online…,S,,,,S,,,,S,,,
146,TRUMP,Am I allowed to respond to that?,YNQ; T-REQ,,,,YNQ; T-REQ,,,,YNQ; T-REQ,,,
147,TRUMP,I assume I am.,S,,,,S,,,,S,,,
148,RADDATZ,"Yes, you can respond to that.",S; ANS,,,,S; ANS,,,,S; ANS,,,
149,TRUMP,"It’s just words, folks.",S,,,,S,,,,S,,,
150,TRUMP,It’s just words.,S,,,,S,,,,S,,,
151,TRUMP,"Those words, I’ve been hearing them for many years.",S,,,,S,,,,S,,,
152,TRUMP,"I heard them when they were running for the Senate in New York, where Hillary was going to bring back jobs to upstate New York and she failed.",S,,,,S,,,,S,,,
153,TRUMP,"I’ve heard them where Hillary is constantly talking about the inner cities of our country, which are a disaster education-wise, job-wise, safety-wise, in every way possible.",S,,AF,,S,,AF,,S,,AF,
154,TRUMP,I’m going to help the African-Americans.,S,,,,S,,,,S,,,
155,TRUMP,"I’m going to help the Latinos, Hispanics.",S,,,,S,,,,S,,,
156,TRUMP,I am going to help the inner cities.,S,,,,S,,,,S,,,
157,TRUMP,She’s done a terrible job for the African-Americans.,S,,,,S,,,,S,,,
158,TRUMP,"She wants their vote, and she does nothing, and then she comes back four years later.",S,,,,S,,,,S,,,
159,TRUMP,We saw that firsthand when she was a United States senator.,S,,UF,,S,,UF,,S,,UF,
160,TRUMP,She campaigned where the primary part of her campaign…,S,,,,S,,,,S,,,
161,RADDATZ,Mr.,S,,,,S,,,,S,,,
162,RADDATZ,"Trump, Mr.",S,,,,S,,,,S,,,
163,RADDATZ,Trump—I want to get to audience questions and online questions.,S,,,,S,,,,S,,,
164,TRUMP,"So, she’s allowed to do that, but I’m not allowed to respond?",,,,,,,,,,,,
165,RADDATZ,You’re going to have—you’re going to get to respond right now.,S,,,,S,,,,S,,,
166,TRUMP,Sounds fair.,IAFA,,,,IAFA,,,,IAFA,,,
167,RADDATZ,This tape is generating intense interest.,S,,,,S,,,,S,,,
168,RADDATZ,"In just 48 hours, it’s become the single most talked about story of the entire 2016 election on Facebook, with millions and millions of people discussing it on the social network.",S; HS; S-Inform,,,,S; HS; S-Inform,,,,S; HS; S-Inform,,,
169,RADDATZ,"As we said a moment ago, we do want to bring in questions from voters around country via social media, and our first stays on this topic.",S,,,,S,,,,S,,,
170,RADDATZ,"Jeff from Ohio asks on Facebook, “Trump says the campaign has changed him.",S,,,,S,,,,S,,,
171,RADDATZ,When did that happen?,Q-W,,,,Q-W,,,,Q-W,,,
172,RADDATZ,"” So, Mr.",S,,,,S,,,,S,,,
173,RADDATZ,"Trump, let me add to that.",S; TT,,,,S; TT,,,,S; TT,,,
174,RADDATZ,"When you walked off that bus at age 59, were you a different man or did that behavior continue until just recently?",Q-W,,,,Q-W,,,,Q-W,,,
175,RADDATZ,And you have two minutes for this.,S,,,,S,,,,S,,,
176,TRUMP,"It was locker room talk, as I told you.",S,,,,S,,,,S,,,
177,TRUMP,That was locker room talk.,S,,,,S,,,,S,,,
178,TRUMP,I’m not proud of it.,S,,,,S,,,,S,,,
179,TRUMP,"I am a person who has great respect for people, for my family, for the people of this country.",S,,,,S,,,,S,,,
180,TRUMP,"And certainly, I’m not proud of it.",S,,,,S,,,,S,,,
181,TRUMP,But that was something that happened.,S,,,,S,,,,S,,,
182,TRUMP,"If you look at Bill Clinton, far worse.",S,,,,S,,,,S,,,
183,TRUMP,"Mine are words, and his was action.",S,,,,S,,,,S,,,
184,TRUMP,His was what he’s done to women.,S,,,,S,,,,S,,,
185,TRUMP,There’s never been anybody in the history of politics in this nation that’s been so abusive to women.,S,,,,S,,,,S,,,
186,TRUMP,"So you can say any way you want to say it, but Bill Clinton was abusive to women.",S,,,,S,,,,S,,,
187,TRUMP,Hillary Clinton attacked those same women and attacked them viciously.,S,,AF,,S,,AF,,S,,AF,
188,TRUMP,Four of them here tonight.,S,,,,S,,,,S,,,
189,TRUMP,"One of the women, who is a wonderful woman, at 12 years old, was raped at 12.",S; S-Inform,,,,S; S-Inform,,,,S; S-Inform,,,
190,TRUMP,"Her client she represented got him off, and she’s seen laughing on two separate occasions, laughing at the girl who was raped.",S,,,,S,,,,S,,,
191,TRUMP,"Kathy Shelton, that young woman is here with us tonight.",S,,,,S,,,,S,,,
192,TRUMP,So don’t tell me about words.,IAFA,,,,IAFA,,,,IAFA,,,
193,TRUMP,I am absolutely—I apologize for those words.,S; AGR; APO,,,,S; AGR; APO,,,,S; AGR; APO,,,
194,TRUMP,But it is things that people say.,S,,,,S,,,,S,,,
195,TRUMP,"But what President Clinton did, he was impeached, he lost his license to practice law.",S,,,,S,,,,S,,,
196,TRUMP,"He had to pay an $850,000 fine to one of the women.",S; S-Inform,,,,S; S-Inform,,,,S; S-Inform,,,
197,TRUMP,"Paula Jones, who’s also here tonight.",S,,,,S,,,,S,,,
198,TRUMP,"And I will tell you that when Hillary brings up a point like that and she talks about words that I said 11 years ago, I think it’s disgraceful, and I think she should be ashamed of herself, if you want to know the truth.",S; S-Inform,,IP,,S; S-Inform,,IP,,S; S-Inform,,IP,
199,RADDATZ,Can we please hold the applause?,YNQ,,,,YNQ,,,,YNQ,,,
200,RADDATZ,"Secretary Clinton, you have two minutes.",S,,,,S,,,,S,,,
201,CLINTON,"Well, first, let me start by saying that so much of what he’s just said is not right, but he gets to run his campaign any way he chooses.",S,,,,S,,,,S,,,
202,CLINTON,He gets to decide what he wants to talk about.,S,,,,S,,,,S,,,
203,CLINTON,"Instead of answering people’s questions, talking about our agenda, laying out the plans that we have that we think can make a better life and a better country, that’s his choice.",S,,,,S,,,,S,,,
204,CLINTON,"When I hear something like that, I am reminded of what my friend, Michelle Obama, advised us all: When they go low, you go high.",S,,,,S,,,,S,,,
205,CLINTON,"And, look, if this were just about one video, maybe what he’s saying tonight would be understandable, but everyone can draw their own conclusions at this point about whether or not the man in the video or the man on the stage respects women.",S,,,,S,,,,S,,,
206,CLINTON,But he never apologizes for anything to anyone.,S,,,,S,,,,S,,,
207,CLINTON,He never apologized to Mr.,S,,,,S,,,,S,,,
208,CLINTON,and Mrs.,S,,,,S,,,,S,,,
209,CLINTON,"Khan, the Gold Star family whose son, Captain Khan, died in the line of duty in Iraq.",S,,,,S,,,,S,,,
210,CLINTON,And Donald insulted and attacked them for weeks over their religion.,S,,AF,,S,,AF,,S,,AF,
211,CLINTON,"He never apologized to the distinguished federal judge who was born in Indiana, but Donald said he couldn’t be trusted to be a judge because his parents were, quote, “Mexican.",S; EXPL,,,,S; EXPL,,,,S; EXPL,,,
212,CLINTON,” He never apologized to the reporter that he mimicked and mocked on national television and our children were watching.,S,,AE,,S,,AE,,S,,AE,
213,CLINTON,And he never apologized for the racist lie that President Obama was not born in the United States of America.,S,,APAT; UF,,S,,APAT; UF,,S,,APAT; UF,
214,CLINTON,"He owes the president an apology, he owes our country an apology, and he needs to take responsibility for his actions and his words.",S,,,,S,,,,S,,,
215,TRUMP,"Well, you owe the president an apology, because as you know very well, your campaign, Sidney Blumenthal—he’s another real winner that you have—and he’s the one that got this started, along with your campaign manager, and they were on television just two weeks ago, she was, saying exactly that.",S; AGR; EXPL,,,,S; AGR; EXPL,,,,S; AGR; EXPL,,,
216,TRUMP,So you really owe him an apology.,S,,,,S,,,,S,,,
217,TRUMP,"You’re the one that sent the pictures around your campaign, sent the pictures around with President Obama in a certain garb.",S,,,,S,,,,S,,,
218,TRUMP,"That was long before I was ever involved, so you actually owe an apology.",S,,,,S,,,,S,,,
219,TRUMP,"Number two, Michelle Obama.",S,,,,S,,,,S,,,
220,TRUMP,I’ve gotten to see the commercials that they did on you.,S,,,,S,,,,S,,,
221,TRUMP,"And I’ve gotten to see some of the most vicious commercials I’ve ever seen of Michelle Obama talking about you, Hillary.",S,,,,S,,,,S,,,
222,TRUMP,"So, you talk about friend?",,,,,,,,,,,,
223,TRUMP,"Go back and take a look at those commercials, a race where you lost fair and square, unlike the Bernie Sanders race, where you won, but not fair and square, in my opinion.",S,,IP; RB,,S,,IP; RB,,S,,IP; RB,
224,TRUMP,"And all you have to do is take a look at WikiLeaks and just see what they said about Bernie Sanders and see what Deborah Wasserman Schultz had in mind, because Bernie Sanders, between super-delegates and Deborah Wasserman Schultz, he never had a chance.",S; EXPL,,,,S; EXPL,,,,S; EXPL,,,
225,TRUMP,And I was so surprised to see him sign on with the devil.,S,,,,S,,,,S,,,
226,TRUMP,"But when you talk about apology, I think the one that you should really be apologizing for and the thing that you should be apologizing for are the 33,000 e-mails that you deleted, and that you acid washed, and then the two boxes of e-mails and other things last week that were taken from an office and are now missing.",S; S-Inform,,IP,,S; S-Inform,,IP,,S; S-Inform,,IP,
227,TRUMP,And I’ll tell you what.,S,,,,S,,,,S,,,
228,TRUMP,"I didn’t think I’d say this, but I’m going to say it, and I hate to say it.",S,,,,S,,,,S,,,
229,TRUMP,"But if I win, I am going to instruct my attorney general to get a special prosecutor to look into your situation, because there has never been so many lies, so much deception.",S; EXPL,,,,S; EXPL,,,,S; EXPL,,,
230,TRUMP,"There has never been anything like it, and we’re going to have a special prosecutor.",S,,,,S,,,,S,,,
231,TRUMP,"When I speak, I go out and speak, the people of this country are furious.",S,,,,S,,,,S,,,
232,TRUMP,"In my opinion, the people that have been long-term workers at the FBI are furious.",S,,IP,,S,,IP,,S,,IP,
233,TRUMP,"There has never been anything like this, where e-mails—and you get a subpoena, you get a subpoena, and after getting the subpoena, you delete 33,000 e-mails, and then you acid wash them or bleach them, as you would say, very expensive process.",S; S-Inform,,,,S; S-Inform,,,,S; S-Inform,,,
234,TRUMP,"So we’re going to get a special prosecutor, and we’re going to look into it, because you know what?",EXPL,,,,EXPL,,,,EXPL,,,
235,TRUMP,People have been—their lives have been destroyed for doing one-fifth of what you’ve done.,S,,AF,,S,,AF,,S,,AF,
236,TRUMP,And it’s a disgrace.,S,,,,S,,,,S,,,
237,TRUMP,"And honestly, you ought to be ashamed of yourself.",S,,,,S,,,,S,,,
238,RADDATZ,"Secretary Clinton, I want to follow up on that.",S,,,,S,,,,S,,,
239,RADDATZ,I’m going to let you talk about e-mails.,S,,,,S,,,,S,,,
240,CLINTON,"… because everything he just said is absolutely false, but I’m not surprised.",S; AGR; EXPL,,,,S; AGR; EXPL,,,,S; AGR; EXPL,,,
241,TRUMP,"Oh, really?",,,,,,,,,,,,
242,CLINTON,In the first debate…,S,,,,S,,,,S,,,
243,RADDATZ,"And really, the audience needs to calm down here.",S,,,,S,,,,S,,,
244,CLINTON,… I told people that it would be impossible to be fact-checking Donald all the time.,S,,,,S,,,,S,,,
245,CLINTON,I’d never get to talk about anything I want to do and how we’re going to really make lives better for people.,S,,,,S,,,,S,,,
246,CLINTON,"So, once again, go to HillaryClinton.",IAFA,,,,IAFA,,,,IAFA,,,
247,CLINTON,We have literally Trump—you can fact check him in real time.,S,,,,S,,,,S,,,
248,CLINTON,"Last time at the first debate, we had millions of people fact checking, so I expect we’ll have millions more fact checking, because, you know, it is—it’s just awfully good that someone with the temperament of Donald Trump is not in charge of the law in our country.",S; EXPL,,,,S; EXPL,,,,S; EXPL,,,
249,TRUMP,Because you’d be in jail.,S; EXPL,,,,S; EXPL,,,,S; EXPL,,,
250,RADDATZ,Secretary Clinton…,S,,,,S,,,,S,,,
251,COOPER,We want to remind the audience to please not talk out loud.,S,,,,S,,,,S,,,
252,COOPER,Please do not applaud.,IAFA,,,,IAFA,,,,IAFA,,,
253,COOPER,You’re just wasting time.,S,,,,S,,,,S,,,
254,RADDATZ,"And, Secretary Clinton, I do want to follow up on e- mails.",S,,,,S,,,,S,,,
255,RADDATZ,You’ve said your handing of your e-mails was a mistake.,S,,,,S,,,,S,,,
256,RADDATZ,"You disagreed with FBI Director James Comey, calling your handling of classified information, quote, “extremely careless.",S,,,,S,,,,S,,,
257,RADDATZ,"” The FBI said that there were 110 classified e-mails that were exchanged, eight of which were top secret, and that it was possible hostile actors did gain access to those e-mails.",S; S-Inform,,,,S; S-Inform,,,,S; S-Inform,,,
258,RADDATZ,You don’t call that extremely careless?,,,,,,,,,,,,
259,CLINTON,"Well, Martha, first, let me say—and I’ve said before, but I’ll repeat it, because I want everyone to hear it—that was a mistake, and I take responsibility for using a personal e-mail account.",S; EXPL; TT,,,,S; EXPL; TT,,,,S; EXPL; TT,,,
260,CLINTON,"Obviously, if I were to do it over again, I would not.",S,,,,S,,,,S,,,
261,CLINTON,I’m not making any excuses.,S,,,,S,,,,S,,,
262,CLINTON,It was a mistake.,S,,,,S,,,,S,,,
263,CLINTON,And I am very sorry about that.,S,,,,S,,,,S,,,
264,CLINTON,But I think it’s also important to point out where there are some misleading accusations from critics and others.,S,,IP,,S,,IP,,S,,IP,
265,CLINTON,"After a year-long investigation, there is no evidence that anyone hacked the server I was using and there is no evidence that anyone can point to at all—anyone who says otherwise has no basis—that any classified material ended up in the wrong hands.",S; S-Inform,,,,S; S-Inform,,,,S; S-Inform,,,
266,CLINTON,I take classified materials very seriously and always have.,S,,,,S,,,,S,,,
267,CLINTON,"When I was on the Senate Armed Services Committee, I was privy to a lot of classified material.",S,,,,S,,,,S,,,
268,CLINTON,"Obviously, as secretary of state, I had some of the most important secrets that we possess, such as going after Bin Laden.",S,,,,S,,,,S,,,
269,CLINTON,So I am very committed to taking classified information seriously.,S,,,,S,,,,S,,,
270,CLINTON,"And as I said, there is no evidence that any classified information ended up in the wrong hands.",S,,,,S,,,,S,,,
271,RADDATZ,"OK, we’re going to move on.",S,,,,S,,,,S,,,
272,TRUMP,And yet she didn’t know the word—the letter C on a document.,S,,,,S,,,,S,,,
273,TRUMP,Right?,ACK,,,,ACK,,,,ACK,,,
274,TRUMP,She didn’t even know what that word—what that letter meant.,S,,,,S,,,,S,,,
275,TRUMP,"You know, it’s amazing.",S,,,,S,,,,S,,,
276,TRUMP,I’m watching Hillary go over facts.,S,,,,S,,,,S,,,
277,TRUMP,"And she’s going after fact after fact, and she’s lying again, because she said she—you know, what she did with the e-mails was fine.",S; EXPL,,,,S; EXPL,,,,S; EXPL,,,
278,TRUMP,"You think it was fine to delete 33,000 e-mails?",,,,,,,,,,,,
279,TRUMP,I don’t think so.,S,,,,S,,,,S,,,
280,TRUMP,"She said the 33,000 e-mails had to do with her daughter’s wedding, number one, and a yoga class.",S; S-Inform,,,,S; S-Inform,,,,S; S-Inform,,,
281,TRUMP,"Well, maybe we’ll give three or three or four or five or something.",S,,,,S,,,,S,,,
282,TRUMP,"33,000 e-mails deleted, and now she’s saying there wasn’t anything wrong.",S; S-Inform,,,,S; S-Inform,,,,S; S-Inform,,,
283,TRUMP,"And more importantly, that was after getting a subpoena.",S,,,,S,,,,S,,,
284,TRUMP,That wasn’t before.,S,,,,S,,,,S,,,
285,TRUMP,That was after.,S,,,,S,,,,S,,,
286,TRUMP,She got it from the United States Congress.,S,,UF,,S,,UF,,S,,UF,
287,TRUMP,"And I’ll be honest, I am so disappointed in congressmen, including Republicans, for allowing this to happen.",S,,,,S,,,,S,,,
288,TRUMP,"Our Justice Department, where her husband goes onto the back of an airplane for 39 minutes, talks to the attorney general days before a ruling is going to be made on her case.",S; S-Inform,,,,S; S-Inform,,,,S; S-Inform,,,
289,TRUMP,"But for you to say that there was nothing wrong with you deleting 39,000 e-mails, again, you should be ashamed of yourself.",S; S-Inform,,,,S; S-Inform,,,,S; S-Inform,,,
290,TRUMP,What you did—and this is after getting a subpoena from the United States Congress.,S,,UF,,S,,UF,,S,,UF,
291,COOPER,We have to move on.,S,,,,S,,,,S,,,
292,TRUMP,You did that.,S,,,,S,,,,S,,,
293,TRUMP,Wait a minute.,IAFA,,,,IAFA,,,,IAFA,,,
294,TRUMP,One second.,S,,,,S,,,,S,,,
295,COOPER,"Secretary Clinton, you can respond, and then we’ve got to move on.",S,,,,S,,,,S,,,
296,RADDATZ,We want to give the audience a chance.,S,,,,S,,,,S,,,
297,TRUMP,"If you did that in the private sector, you’d be put in jail, let alone after getting a subpoena from the United States Congress.",S,,UF,,S,,UF,,S,,UF,
298,COOPER,"Secretary Clinton, you can respond.",S,,,,S,,,,S,,,
299,COOPER,Then we have to move on to an audience question.,S,,,,S,,,,S,,,
300,CLINTON,"Look, it’s just not true.",S,,,,S,,,,S,,,
301,CLINTON,"And so please, go to…",IAFA,,,,IAFA,,,,IAFA,,,
302,TRUMP,"Oh, you didn’t delete them?",,,,,,,,,,,,
303,COOPER,"Allow her to respond, please.",S,,,,S,,,,S,,,
304,CLINTON,"It was personal e-mails, not official.",S,,,,S,,,,S,,,
305,TRUMP,"Oh, 33,000?",,,,,,,,,,,,
306,TRUMP,Yeah.,S; ACK,,,,S; ACK,,,,S; ACK,,,
307,CLINTON,"Not—well, we turned over 35,000, so…",S; S-Inform,,,,S; S-Inform,,,,S; S-Inform,,,
308,TRUMP,"Oh, yeah.",S,,,,S,,,,S,,,
309,TRUMP,"What about the other 15,000?",Q-W,,,,Q-W,,,,Q-W,,,
310,COOPER,Please allow her to respond.,S,,,,S,,,,S,,,
311,COOPER,She didn’t talk while you talked.,S,,,,S,,,,S,,,
312,CLINTON,"Yes, that’s true, I didn’t.",S; ANS,,,,S; ANS,,,,S; ANS,,,
313,TRUMP,Because you have nothing to say.,S; EXPL,,,,S; EXPL,,,,S; EXPL,,,
314,CLINTON,"I didn’t in the first debate, and I’m going to try not to in this debate, because I’d like to get to the questions that the people have brought here tonight to talk to us about.",S; EXPL,,,,S; EXPL,,,,S; EXPL,,,
315,TRUMP,And get off this question.,IAFA,,,,IAFA,,,,IAFA,,,
316,CLINTON,"OK, Donald.",S,,,,S,,,,S,,,
317,CLINTON,"I know you’re into big diversion tonight, anything to avoid talking about your campaign and the way it’s exploding and the way Republicans are leaving you.",S,,PB,,S,,PB,,S,,PB,
318,CLINTON,But let’s at least focus…,S,,,,S,,,,S,,,
319,TRUMP,Let’s see what happens…,S,,,,S,,,,S,,,
320,COOPER,Allow her to respond.,S,,,,S,,,,S,,,
321,CLINTON,… on some of the issues that people care about tonight.,S,,,,S,,,,S,,,
322,CLINTON,Let’s get to their questions.,S,,,,S,,,,S,,,
323,COOPER,We have a question here from Ken Karpowicz.,S,,,,S,,,,S,,,
324,COOPER,He has a question about health care.,S,,,,S,,,,S,,,
325,COOPER,Ken?,,,,,,,,,,,,
326,TRUMP,"I’d like to know, Anderson, why aren’t you bringing up the e-mails?",,,,,,,,,,,,
327,TRUMP,I’d like to know.,S,,,,S,,,,S,,,
328,TRUMP,Why aren’t you bringing…,S,,,,S,,,,S,,,
329,COOPER,We brought up the e-mails.,S,,,,S,,,,S,,,
330,TRUMP,"No, it hasn’t.",S; REJ; ANS,,,,S; REJ; ANS,,,,S; REJ; ANS,,,
331,TRUMP,It hasn’t.,S,,,,S,,,,S,,,
332,TRUMP,And it hasn’t been finished at all.,S,,,,S,,,,S,,,
333,COOPER,Ken Karpowicz has a question.,S,,,,S,,,,S,,,
334,TRUMP,It’s nice to—one on three.,S,,,,S,,,,S,,,
335,QUESTION,Thank you.,IAFA; THK,,,,IAFA; THK,,,,IAFA; THK,,,
336,QUESTION,"Affordable Care Act, known as Obamacare, it is not affordable.",S,,,,S,,,,S,,,
337,QUESTION,Premiums have gone up.,S,,,,S,,,,S,,,
338,QUESTION,Deductibles have gone up.,S,,,,S,,,,S,,,
339,QUESTION,Copays have gone up.,S,,,,S,,,,S,,,
340,QUESTION,Prescriptions have gone up.,S,,,,S,,,,S,,,
341,QUESTION,And the coverage has gone down.,S,,,,S,,,,S,,,
342,QUESTION,What will you do to bring the cost down and make coverage better?,Q-W,,,,Q-W,,,,Q-W,,,
343,COOPER,"That first one goes to Secretary Clinton, because you started out the last one to the audience.",S; EXPL,,,,S; EXPL,,,,S; EXPL,,,
344,CLINTON,"If he wants to start, he can start.",S,,,,S,,,,S,,,
345,CLINTON,"No, go ahead, Donald.",IAFA; REJ; ANS,,,,IAFA; REJ; ANS,,,,IAFA; REJ; ANS,,,
346,TRUMP,"No, I’m a gentleman, Hillary.",S; REJ; ANS,,,,S; REJ; ANS,,,,S; REJ; ANS,,,
347,TRUMP,Go ahead.,IAFA,,,,IAFA,,,,IAFA,,,
348,COOPER,Secretary Clinton?,,,,,,,,,,,,
349,CLINTON,"Well, I think Donald was about to say he’s going to solve it by repealing it and getting rid of the Affordable Care Act.",S,,IP,,S,,IP,,S,,IP,
350,CLINTON,"And I’m going to fix it, because I agree with you.",S; AGR; EXPL,,,,S; AGR; EXPL,,,,S; AGR; EXPL,,,
351,CLINTON,Premiums have gotten too high.,S,,,,S,,,,S,,,
352,CLINTON,"Copays, deductibles, prescription drug costs, and I’ve laid out a series of actions that we can take to try to get those costs down.",S,,,,S,,,,S,,,
353,CLINTON,"But here’s what I don’t want people to forget when we’re talking about reining in the costs, which has to be the highest priority of the next president, when the Affordable Care Act passed, it wasn’t just that 20 million people got insurance who didn’t have it before.",S; S-Inform,,,,S; S-Inform,,,,S; S-Inform,,,
354,CLINTON,But that in and of itself was a good thing.,S,,,,S,,,,S,,,
355,CLINTON,"I meet these people all the time, and they tell me what a difference having that insurance meant to them and their families.",S,,AE,,S,,AE,,S,,AE,
356,CLINTON,"But everybody else, the 170 million of us who get health insurance through our employers got big benefits.",S; S-Inform,,,,S; S-Inform,,,,S; S-Inform,,,
357,CLINTON,"Number one, insurance companies can’t deny you coverage because of a pre-existing condition.",S; EXPL,,,,S; EXPL,,,,S; EXPL,,,
358,CLINTON,"Number two, no lifetime limits, which is a big deal if you have serious health problems.",S,,,,S,,,,S,,,
359,CLINTON,"Number three, women can’t be charged more than men for our health insurance, which is the way it used to be before the Affordable Care Act.",S,,,,S,,,,S,,,
360,CLINTON,"Number four, if you’re under 26, and your parents have a policy, you can be on that policy until the age of 26, something that didn’t happen before.",S; S-Inform,,,,S; S-Inform,,,,S; S-Inform,,,
361,CLINTON,So I want very much to save what works and is good about the Affordable Care Act.,S,,,,S,,,,S,,,
362,CLINTON,But we’ve got to get costs down.,S,,,,S,,,,S,,,
363,CLINTON,We’ve got to provide some additional help to small businesses so that they can afford to provide health insurance.,S,,,,S,,,,S,,,
364,CLINTON,"But if we repeal it, as Donald has proposed, and start over again, all of those benefits I just mentioned are lost to everybody, not just people who get their health insurance on the exchange.",S,,,,S,,,,S,,,
365,CLINTON,And then we would have to start all over again.,S,,,,S,,,,S,,,
366,CLINTON,"Right now, we are at 90 percent health insurance coverage.",S; S-Inform,,,,S; S-Inform,,,,S; S-Inform,,,
367,CLINTON,That’s the highest we’ve ever been in our country.,S,,,,S,,,,S,,,
368,COOPER,"Secretary Clinton, your time is up.",S,,,,S,,,,S,,,
369,CLINTON,"So I want us to get to 100 percent, but get costs down and keep quality up.",S; S-Inform,,,,S; S-Inform,,,,S; S-Inform,,,
370,COOPER,Mr.,S,,,,S,,,,S,,,
371,COOPER,"Trump, you have two minutes.",S,,,,S,,,,S,,,
372,TRUMP,"It is such a great question and it’s maybe the question I get almost more than anything else, outside of defense.",S,,,,S,,,,S,,,
373,TRUMP,Obamacare is a disaster.,S,,AF,,S,,AF,,S,,AF,
374,TRUMP,You know it.,S,,,,S,,,,S,,,
375,TRUMP,We all know it.,S,,,,S,,,,S,,,
376,TRUMP,It’s going up at numbers that nobody’s ever seen worldwide.,S,,,,S,,,,S,,,
377,TRUMP,Nobody’s ever seen numbers like this for health care.,S,,,,S,,,,S,,,
378,TRUMP,It’s only getting worse.,S,,,,S,,,,S,,,
379,TRUMP,"In ’17, it implodes by itself.",S; S-Inform,,,,S; S-Inform,,,,S; S-Inform,,,
380,TRUMP,"Their method of fixing it is to go back and ask Congress for more money, more and more money.",S,,,,S,,,,S,,,
381,TRUMP,We have right now almost $20 trillion in debt.,S; S-Inform,,,,S; S-Inform,,,,S; S-Inform,,,
382,TRUMP,Obamacare will never work.,S,,,,S,,,,S,,,
383,TRUMP,"It’s very bad, very bad health insurance.",S,,,,S,,,,S,,,
384,TRUMP,Far too expensive.,S,,,,S,,,,S,,,
385,TRUMP,"And not only expensive for the person that has it, unbelievably expensive for our country.",S,,,,S,,,,S,,,
386,TRUMP,It’s going to be one of the biggest line items very shortly.,S,,,,S,,,,S,,,
387,TRUMP,"We have to repeal it and replace it with something absolutely much less expensive and something that works, where your plan can actually be tailored.",S; AGR,,,,S; AGR,,,,S; AGR,,,
388,TRUMP,"We have to get rid of the lines around the state, artificial lines, where we stop insurance companies from coming in and competing, because they want—and President Obama and whoever was working on it—they want to leave those lines, because that gives the insurance companies essentially monopolies.",S; EXPL,,,,S; EXPL,,,,S; EXPL,,,
389,TRUMP,We want competition.,S,,,,S,,,,S,,,
390,TRUMP,You will have the finest health care plan there is.,S,,,,S,,,,S,,,
391,TRUMP,"She wants to go to a single-payer plan, which would be a disaster, somewhat similar to Canada.",S,,AF,,S,,AF,,S,,AF,
392,TRUMP,"And if you haven’t noticed the Canadians, when they need a big operation, when something happens, they come into the United States in many cases because their system is so slow.",S; EXPL,,UF,,S; EXPL,,UF,,S; EXPL,,UF,
393,TRUMP,It’s catastrophic in certain ways.,S,,,,S,,,,S,,,
394,TRUMP,"But she wants to go to single payer, which means the government basically rules everything.",S,,,,S,,,,S,,,
395,TRUMP,Hillary Clinton has been after this for years.,S,,,,S,,,,S,,,
396,TRUMP,Obamacare was the first step.,S,,,,S,,,,S,,,
397,TRUMP,Obamacare is a total disaster.,S,,AF,,S,,AF,,S,,AF,
398,TRUMP,"And not only are your rates going up by numbers that nobody’s ever believed, but your deductibles are going up, so that unless you get hit by a truck, you’re never going to be able to use it.",S,,,,S,,,,S,,,
399,COOPER,Mr.,S,,,,S,,,,S,,,
400,COOPER,"Trump, your time…",S,,,,S,,,,S,,,
401,TRUMP,"It is a disastrous plan, and it has to be repealed and replaced.",S,,,,S,,,,S,,,
402,COOPER,"Secretary Clinton, let me follow up with you.",S,,,,S,,,,S,,,
403,COOPER,"Your husband called Obamacare, quote, “the craziest thing in the world,” saying that small-business owners are getting killed as premiums double, coverage is cut in half.",S,,,,S,,,,S,,,
404,COOPER,Was he mistaken or was the mistake simply telling the truth?,YNQ,,,,YNQ,,,,YNQ,,,
405,CLINTON,"No, I mean, he clarified what he meant.",S; REJ; ANS,,,,S; REJ; ANS,,,,S; REJ; ANS,,,
406,CLINTON,And it’s very clear.,S,,,,S,,,,S,,,
407,CLINTON,"Look, we are in a situation in our country where if we were to start all over again, we might come up with a different system.",S,,,,S,,,,S,,,
408,CLINTON,But we have an employer-based system.,S,,,,S,,,,S,,,
409,CLINTON,That’s where the vast majority of people get their health care.,S,,,,S,,,,S,,,
410,CLINTON,"And the Affordable Care Act was meant to try to fill the gap between people who were too poor and couldn’t put together any resources to afford health care, namely people on Medicaid.",S,,,,S,,,,S,,,
411,CLINTON,"Obviously, Medicare, which is a single-payer system, which takes care of our elderly and does a great job doing it, by the way, and then all of the people who were employed, but people who were working but didn’t have the money to afford insurance and didn’t have anybody, an employer or anybody else, to help them.",S,,,,S,,,,S,,,
412,CLINTON,That was the slot that the Obamacare approach was to take.,S,,,,S,,,,S,,,
413,CLINTON,"And like I say, 20 million people now have health insurance.",S; S-Inform,,,,S; S-Inform,,,,S; S-Inform,,,
414,CLINTON,"So if we just rip it up and throw it away, what Donald’s not telling you is we just turn it back to the insurance companies the way it used to be, and that means the insurance companies…",S,,,,S,,,,S,,,
415,COOPER,Secretary Clinton…,S,,,,S,,,,S,,,
416,CLINTON,"… get to do pretty much whatever they want, including saying, look, I’m sorry, you’ve got diabetes, you had cancer, your child has asthma…",S,,,,S,,,,S,,,
417,COOPER,Your time is up.,S,,,,S,,,,S,,,
418,CLINTON,… you may not be able to have insurance because you can’t afford it.,S; EXPL,,,,S; EXPL,,,,S; EXPL,,,
419,CLINTON,"So let’s fix what’s broken about it, but let’s not throw it away and give it all back to the insurance companies and the drug companies.",S,,,,S,,,,S,,,
420,CLINTON,That’s not going to work.,S,,,,S,,,,S,,,
421,COOPER,Mr.,S,,,,S,,,,S,,,
422,COOPER,"Trump, let me follow up on this.",S,,,,S,,,,S,,,
423,TRUMP,"Well, I just want—just one thing.",S,,,,S,,,,S,,,
424,TRUMP,"First of all, Hillary, everything’s broken about it.",S,,,,S,,,,S,,,
425,TRUMP,Everything.,S,,,,S,,,,S,,,
426,TRUMP,"Number two, Bernie Sanders said that Hillary Clinton has very bad judgment.",S,,,,S,,,,S,,,
427,TRUMP,"This is a perfect example of it, trying to save Obamacare, which is a disaster.",S,,AF,,S,,AF,,S,,AF,
428,COOPER,You’ve said you want to end Obamacare…,S,,,,S,,,,S,,,
429,TRUMP,By the way…,S,,,,S,,,,S,,,
430,COOPER,You’ve said you want to end Obamacare.,S,,,,S,,,,S,,,
431,COOPER,You’ve also said you want to make coverage accessible for people with pre-existing conditions.,S,,,,S,,,,S,,,
432,COOPER,How do you force insurance companies to do that if you’re no longer mandating that every American get insurance?,Q-W; SEEP,,APAT,,Q-W; SEEP,,APAT,,Q-W; SEEP,,APAT,
433,TRUMP,We’re going to be able to.,S,,,,S,,,,S,,,
434,TRUMP,You’re going to have plans…,S,,,,S,,,,S,,,
435,COOPER,What does that mean?,Q-W,,,,Q-W,,,,Q-W,,,
436,TRUMP,"Well, I’ll tell you what it means.",S,,,,S,,,,S,,,
437,TRUMP,"You’re going to have plans that are so good, because we’re going to have so much competition in the insurance industry.",S; EXPL,,,,S; EXPL,,,,S; EXPL,,,
438,TRUMP,Once we break out—once we break out the lines and allow the competition to come…,S,,,,S,,,,S,,,
439,COOPER,Are you going—are you going to have a mandate that Americans have to have health insurance?,YNQ,,,,YNQ,,,,YNQ,,,
440,TRUMP,"President Obama—Anderson, excuse me.",S; TT,,,,S; TT,,,,S; TT,,,
441,TRUMP,"President Obama, by keeping those lines, the boundary lines around each state, it was almost gone until just very toward the end of the passage of Obamacare, which, by the way, was a fraud.",S,,,,S,,,,S,,,
442,TRUMP,"You know that, because Jonathan Gruber, the architect of Obamacare, was said—he said it was a great lie, it was a big lie.",S; EXPL,,,,S; EXPL,,,,S; EXPL,,,
443,TRUMP,"President Obama said you keep your doctor, you keep your plan.",S,,,,S,,,,S,,,
444,TRUMP,"The whole thing was a fraud, and it doesn’t work.",S,,,,S,,,,S,,,
445,TRUMP,"But when we get rid of those lines, you will have competition, and we will be able to keep pre-existing, we’ll also be able to help people that can’t get—don’t have money because we are going to have people protected.",S; EXPL,,,,S; EXPL,,,,S; EXPL,,,
446,TRUMP,"And Republicans feel this way, believe it or not, and strongly this way.",S,,,,S,,,,S,,,
447,TRUMP,We’re going to block grant into the states.,S,,,,S,,,,S,,,
448,TRUMP,We’re going to block grant into Medicaid into the states…,S,,,,S,,,,S,,,
449,COOPER,"Thank you, Mr.",IAFA; THK,,,,IAFA; THK,,,,IAFA; THK,,,
450,COOPER,Trump.,S,,,,S,,,,S,,,
451,TRUMP,… so that we will be able to take care of people without the necessary funds to take care of themselves.,S,,,,S,,,,S,,,
452,COOPER,"Thank you, Mr.",IAFA; THK,,,,IAFA; THK,,,,IAFA; THK,,,
453,COOPER,Trump.,S,,,,S,,,,S,,,
454,RADDATZ,We now go to Gorbah Hamed with a question for both candidates.,S,,,,S,,,,S,,,
455,QUESTION,Hi.,S,,,,S,,,,S,,,
456,QUESTION,There are 3.,IAFA,,,,IAFA,,,,IAFA,,,
457,QUESTION,"3 million Muslims in the United States, and I’m one of them.",S; S-Inform,,UF,,S; S-Inform,,UF,,S; S-Inform,,UF,
458,QUESTION,"You’ve mentioned working with Muslim nations, but with Islamophobia on the rise, how will you help people like me deal with the consequences of being labeled as a threat to the country after the election is over?",,,AF,,,,AF,,,,AF,
459,RADDATZ,Mr.,S,,,,S,,,,S,,,
460,RADDATZ,"Trump, you’re first.",S,,,,S,,,,S,,,
461,TRUMP,"Well, you’re right about Islamophobia, and that’s a shame.",S,,,,S,,,,S,,,
462,TRUMP,But one thing we have to do is we have to make sure that—because there is a problem.,S; EXPL,,,,S; EXPL,,,,S; EXPL,,,
463,TRUMP,"I mean, whether we like it or not, and we could be very politically correct, but whether we like it or not, there is a problem.",S,,,,S,,,,S,,,
464,TRUMP,And we have to be sure that Muslims come in and report when they see something going on.,S,,,,S,,,,S,,,
465,TRUMP,"When they see hatred going on, they have to report it.",S,,,,S,,,,S,,,
466,TRUMP,"As an example, in San Bernardino, many people saw the bombs all over the apartment of the two people that killed 14 and wounded many, many people.",S; S-Inform,,,,S; S-Inform,,,,S; S-Inform,,,
467,TRUMP,Horribly wounded.,IAFA,,,,IAFA,,,,IAFA,,,
468,TRUMP,They’ll never be the same.,S,,,,S,,,,S,,,
469,TRUMP,Muslims have to report the problems when they see them.,S,,,,S,,,,S,,,
470,TRUMP,"And, you know, there’s always a reason for everything.",S,,,,S,,,,S,,,
471,TRUMP,"If they don’t do that, it’s a very difficult situation for our country, because you look at Orlando and you look at San Bernardino and you look at the World Trade Center.",S; EXPL,,,,S; EXPL,,,,S; EXPL,,,
472,TRUMP,Go outside.,IAFA,,,,IAFA,,,,IAFA,,,
473,TRUMP,Look at Paris.,IAFA,,,,IAFA,,,,IAFA,,,
474,TRUMP,Look at that horrible—these are radical Islamic terrorists.,S,,AF,,S,,AF,,S,,AF,
475,TRUMP,And she won’t even mention the word and nor will President Obama.,S,,,,S,,,,S,,,
476,TRUMP,He won’t use the term “radical Islamic terrorism.,S,,AF,,S,,AF,,S,,AF,
477,TRUMP,"” Now, to solve a problem, you have to be able to state what the problem is or at least say the name.",S,,,,S,,,,S,,,
478,TRUMP,She won’t say the name and President Obama won’t say the name.,S,,,,S,,,,S,,,
479,TRUMP,But the name is there.,S,,,,S,,,,S,,,
480,TRUMP,It’s radical Islamic terror.,S,,AF,,S,,AF,,S,,AF,
481,TRUMP,"And before you solve it, you have to say the name.",S,,,,S,,,,S,,,
482,RADDATZ,Secretary Clinton?,,,,,,,,,,,,
483,CLINTON,"Well, thank you for asking your question.",IAFA; THK,,,,IAFA; THK,,,,IAFA; THK,,,
484,CLINTON,"And I’ve heard this question from a lot of Muslim-Americans across our country, because, unfortunately, there’s been a lot of very divisive, dark things said about Muslims.",S; EXPL,,,,S; EXPL,,,,S; EXPL,,,
485,CLINTON,"And even someone like Captain Khan, the young man who sacrificed himself defending our country in the United States Army, has been subject to attack by Donald.",S,,AF; UF,,S,,AF; UF,,S,,AF; UF,
486,CLINTON,I want to say just a couple of things.,S,,,,S,,,,S,,,
487,CLINTON,"First, we’ve had Muslims in America since George Washington.",S,,APAT,,S,,APAT,,S,,APAT,
488,CLINTON,And we’ve had many successful Muslims.,S,,,,S,,,,S,,,
489,CLINTON,We just lost a particularly well-known one with Muhammad Ali.,S,,,,S,,,,S,,,
490,CLINTON,"My vision of America is an America where everyone has a place, if you’re willing to work hard, you do your part, you contribute to the community.",S,,APAT,,S,,APAT,,S,,APAT,
491,CLINTON,That’s what America is.,S,,APAT,,S,,APAT,,S,,APAT,
492,CLINTON,That’s what we want America to be for our children and our grandchildren.,S,,AE; APAT,,S,,AE; APAT,,S,,AE; APAT,
493,CLINTON,It’s also very short-sighted and even dangerous to be engaging in the kind of demagogic rhetoric that Donald has about Muslims.,S,,AF,,S,,AF,,S,,AF,
494,CLINTON,We need American Muslims to be part of our eyes and ears on our front lines.,S,,APAT,,S,,APAT,,S,,APAT,
495,CLINTON,I’ve worked with a lot of different Muslim groups around America.,S,,APAT,,S,,APAT,,S,,APAT,
496,CLINTON,"I’ve met with a lot of them, and I’ve heard how important it is for them to feel that they are wanted and included and part of our country, part of our homeland security, and that’s what I want to see.",S,,,,S,,,,S,,,
497,CLINTON,"It’s also important I intend to defeat ISIS, to do so in a coalition with majority Muslim nations.",S,,,,S,,,,S,,,
498,CLINTON,"Right now, a lot of those nations are hearing what Donald says and wondering, why should we cooperate with the Americans?",,,,,,,,,,,,
499,CLINTON,"And this is a gift to ISIS and the terrorists, violent jihadist terrorists.",S,,AF,,S,,AF,,S,,AF,
500,CLINTON,We are not at war with Islam.,S,,,,S,,,,S,,,
501,CLINTON,And it is a mistake and it plays into the hands of the terrorists to act as though we are.,S,,AF,,S,,AF,,S,,AF,
502,CLINTON,So I want a country where citizens like you and your family are just as welcome as anyone else.,S; GR,,,,S; GR,,,,S; GR,,,
503,RADDATZ,"Thank you, Secretary Clinton.",IAFA; THK,,,,IAFA; THK,,,,IAFA; THK,,,
504,RADDATZ,Mr.,S,,,,S,,,,S,,,
505,RADDATZ,"Trump, in December, you said this.",S,,,,S,,,,S,,,
506,RADDATZ,“Donald J.,S,,,,S,,,,S,,,
507,RADDATZ,Trump is calling for a total and complete shutdown of Muslims entering the United States until our country’s representatives can figure out what the hell is going on.,S,,UF,,S,,UF,,S,,UF,
508,RADDATZ,We have no choice.,S,,,,S,,,,S,,,
509,RADDATZ,We have no choice.,S,,,,S,,,,S,,,
510,RADDATZ,” Your running mate said this week that the Muslim ban is no longer your position.,S,,,,S,,,,S,,,
511,RADDATZ,Is that correct?,YNQ,,,,YNQ,,,,YNQ,,,
512,RADDATZ,"And if it is, was it a mistake to have a religious test?",,,,,,,,,,,,
513,TRUMP,"First of all, Captain Khan is an American hero, and if I were president at that time, he would be alive today, because unlike her, who voted for the war without knowing what she was doing, I would not have had our people in Iraq.",S; EXPL,,APAT,,S; EXPL,,APAT,,S; EXPL,,APAT,
514,TRUMP,Iraq was a disaster.,S,,AF,,S,,AF,,S,,AF,
515,TRUMP,So he would have been alive today.,S,,,,S,,,,S,,,
516,TRUMP,The Muslim ban is something that in some form has morphed into a extreme vetting from certain areas of the world.,S,,,,S,,,,S,,,
517,TRUMP,Hillary Clinton wants to allow hundreds of thousands—excuse me.,S; TT,,,,S; TT,,,,S; TT,,,
518,TRUMP,Excuse me..,IAFA; TT,,,,IAFA; TT,,,,IAFA; TT,,,
519,RADDATZ,And why did it morph into that?,,,,,,,,,,,,
520,RADDATZ,"No, did you—no, answer the question.",S; REJ; ANS,,,,S; REJ; ANS,,,,S; REJ; ANS,,,
521,RADDATZ,Do you still believe…,S,,,,S,,,,S,,,
522,TRUMP,Why don’t you interrupt her?,Q-W,,,,Q-W,,,,Q-W,,,
523,TRUMP,You interrupt me all the time.,S,,,,S,,,,S,,,
524,RADDATZ,I do.,S,,,,S,,,,S,,,
525,TRUMP,Why don’t you interrupt her?,Q-W,,,,Q-W,,,,Q-W,,,
526,RADDATZ,Would you please explain whether or not the Muslim ban still stands?,YNQ,,,,YNQ,,,,YNQ,,,
527,TRUMP,It’s called extreme vetting.,S,,,,S,,,,S,,,
528,TRUMP,We are going to areas like Syria where they’re coming in by the tens of thousands because of Barack Obama.,S; EXPL,,,,S; EXPL,,,,S; EXPL,,,
529,TRUMP,And Hillary Clinton wants to allow a 550 percent increase over Obama.,S; S-Inform,,,,S; S-Inform,,,,S; S-Inform,,,
530,TRUMP,"People are coming into our country like we have no idea who they are, where they are from, what their feelings about our country is, and she wants 550 percent more.",S; S-Inform,,,,S; S-Inform,,,,S; S-Inform,,,
531,TRUMP,This is going to be the great Trojan horse of all time.,S,,,,S,,,,S,,,
532,TRUMP,We have enough problems in this country.,S,,,,S,,,,S,,,
533,TRUMP,I believe in building safe zones.,S,,IP,,S,,IP,,S,,IP,
534,TRUMP,"I believe in having other people pay for them, as an example, the Gulf states, who are not carrying their weight, but they have nothing but money, and take care of people.",S,,IP,,S,,IP,,S,,IP,
535,TRUMP,"But I don’t want to have, with all the problems this country has and all of the problems that you see going on, hundreds of thousands of people coming in from Syria when we know nothing about them.",S,,,,S,,,,S,,,
536,TRUMP,We know nothing about their values and we know nothing about their love for our country.,S,,,,S,,,,S,,,
537,RADDATZ,"And, Secretary Clinton, let me ask you about that, because you have asked for an increase from 10,000 to 65,000 Syrian refugees.",S; EXPL; S-Inform,,,,S; EXPL; S-Inform,,,,S; EXPL; S-Inform,,,
538,RADDATZ,We know you want tougher vetting.,S,,,,S,,,,S,,,
539,RADDATZ,That’s not a perfect system.,S,,,,S,,,,S,,,
540,RADDATZ,So why take the risk of having those refugees come into the country?,,,,,,,,,,,,
541,CLINTON,"Well, first of all, I will not let anyone into our country that I think poses a risk to us.",S,,IP,,S,,IP,,S,,IP,
542,CLINTON,"But there are a lot of refugees, women and children—think of that picture we all saw of that 4-year-old boy with the blood on his forehead because he’d been bombed by the Russian and Syrian air forces.",S; EXPL; S-Inform,,AE,,S; EXPL; S-Inform,,AE,,S; EXPL; S-Inform,,AE,
543,CLINTON,"There are children suffering in this catastrophic war, largely, I believe, because of Russian aggression.",S; EXPL,,AE; IP,,S; EXPL,,AE; IP,,S; EXPL,,AE; IP,
544,CLINTON,And we need to do our part.,S,,,,S,,,,S,,,
545,CLINTON,We by no means are carrying anywhere near the load that Europe and others are.,S,,,,S,,,,S,,,
546,CLINTON,"But we will have vetting that is as tough as it needs to be from our professionals, our intelligence experts and others.",S; EXPL,,,,S; EXPL,,,,S; EXPL,,,
547,CLINTON,"But it is important for us as a policy, you know, not to say, as Donald has said, we’re going to ban people based on a religion.",S,,,,S,,,,S,,,
548,CLINTON,How do you do that?,Q-W; SEEP,,,,Q-W; SEEP,,,,Q-W; SEEP,,,
549,CLINTON,We are a country founded on religious freedom and liberty.,S,,APAT,,S,,APAT,,S,,APAT,
550,CLINTON,How do we do what he has advocated without causing great distress within our own county?,Q-W; SEEP,,,,Q-W; SEEP,,,,Q-W; SEEP,,,
551,CLINTON,Are we going to have religious tests when people fly into our country?,YNQ,,,,YNQ,,,,YNQ,,,
552,CLINTON,And how do we expect to be able to implement those?,,,,,,,,,,,,
553,CLINTON,So I thought that what he said was extremely unwise and even dangerous.,S,,AF,,S,,AF,,S,,AF,
554,CLINTON,"And indeed, you can look at the propaganda on a lot of the terrorist sites, and what Donald Trump says about Muslims is used to recruit fighters, because they want to create a war between us.",S; EXPL,,AF,,S; EXPL,,AF,,S; EXPL,,AF,
555,CLINTON,"And the final thing I would say, this is the 10th or 12th time that he’s denied being for the war in Iraq.",S; S-Inform,,,,S; S-Inform,,,,S; S-Inform,,,
556,CLINTON,We have it on tape.,S,,,,S,,,,S,,,
557,CLINTON,The entire press corps has looked at it.,S,,,,S,,,,S,,,
558,CLINTON,"It’s been debunked, but it never stops him from saying whatever he wants to say.",S,,,,S,,,,S,,,
559,TRUMP,That’s not been debunked.,S,,,,S,,,,S,,,
560,CLINTON,"So, please…",S,,,,S,,,,S,,,
561,TRUMP,That has not been debunked.,S,,,,S,,,,S,,,
562,CLINTON,… go to HillaryClinton.,IAFA,,,,IAFA,,,,IAFA,,,
563,CLINTON,com and you can see it.,S,,,,S,,,,S,,,
564,TRUMP,I was against—I was against the war in Iraq.,S,,,,S,,,,S,,,
565,TRUMP,Has not been debunked.,IAFA,,,,IAFA,,,,IAFA,,,
566,TRUMP,And you voted for it.,S,,,,S,,,,S,,,
567,TRUMP,And you shouldn’t have.,S,,,,S,,,,S,,,
568,TRUMP,"Well, I just want to say…",S,,,,S,,,,S,,,
569,RADDATZ,There’s been lots of fact-checking on that.,S,,,,S,,,,S,,,
570,RADDATZ,I’d like to move on to an online question…,S,,,,S,,,,S,,,
571,TRUMP,Excuse me.,IAFA; TT,,,,IAFA; TT,,,,IAFA; TT,,,
572,TRUMP,She just went about 25 seconds over her time.,S; S-Inform,,,,S; S-Inform,,,,S; S-Inform,,,
573,RADDATZ,She did not.,S,,,,S,,,,S,,,
574,TRUMP,"Could I just respond to this, please?",YNQ,,,,YNQ,,,,YNQ,,,
575,RADDATZ,"Very quickly, please.",S,,,,S,,,,S,,,
576,TRUMP,"Hillary Clinton, in terms of having people come into our country, we have many criminal illegal aliens.",S,,,,S,,,,S,,,
577,TRUMP,"When we want to send them back to their country, their country says we don’t want them.",S,,,,S,,,,S,,,
578,TRUMP,"In some cases, they’re murderers, drug lords, drug problems.",S,,,,S,,,,S,,,
579,TRUMP,And they don’t want them.,S,,,,S,,,,S,,,
580,TRUMP,"And Hillary Clinton, when she was secretary of state, said that’s OK, we can’t force it into their country.",S,,,,S,,,,S,,,
581,TRUMP,"Let me tell you, I’m going to force them right back into their country.",S,,,,S,,,,S,,,
582,TRUMP,They’re murderers and some very bad people.,S,,,,S,,,,S,,,
583,TRUMP,"And I will tell you very strongly, when Bernie Sanders said she had bad judgment, she has really bad judgment, because we are letting people into this country that are going to cause problems and crime like you’ve never seen.",S; EXPL,,,,S; EXPL,,,,S; EXPL,,,
584,TRUMP,We’re also letting drugs pour through our southern border at a record clip.,S,,,,S,,,,S,,,
585,TRUMP,At a record clip.,S,,,,S,,,,S,,,
586,TRUMP,And it shouldn’t be allowed to happen.,S,,,,S,,,,S,,,
587,TRUMP,ICE just endorsed me.,S,,,,S,,,,S,,,
588,TRUMP,They’ve never endorsed a presidential candidate.,S,,,,S,,,,S,,,
589,TRUMP,"The Border Patrol agents, 16,500, just recently endorsed me, and they endorsed me because I understand the border.",S; EXPL; S-Inform,,,,S; EXPL; S-Inform,,,,S; EXPL; S-Inform,,,
590,TRUMP,She doesn’t.,S,,,,S,,,,S,,,
591,TRUMP,She wants amnesty for everybody.,S,,,,S,,,,S,,,
592,TRUMP,Come right in.,IAFA,,,,IAFA,,,,IAFA,,,
593,TRUMP,Come right over.,IAFA,,,,IAFA,,,,IAFA,,,
594,TRUMP,It’s a horrible thing she’s doing.,S,,,,S,,,,S,,,
595,TRUMP,"She’s got bad judgment, and honestly, so bad that she should never be president of the United States.",S,,UF,,S,,UF,,S,,UF,
596,TRUMP,That I can tell you.,S,,,,S,,,,S,,,
597,RADDATZ,"Thank you, Mr.",IAFA; THK,,,,IAFA; THK,,,,IAFA; THK,,,
598,RADDATZ,Trump.,S,,,,S,,,,S,,,
599,RADDATZ,I want to move on.,S,,,,S,,,,S,,,
600,RADDATZ,"This next question comes from the public through the Bipartisan Open Debate Coalition’s online forum, where Americans submitted questions that generated millions of votes.",S,,,,S,,,,S,,,
601,RADDATZ,"This question involves WikiLeaks release of purported excerpts of Secretary Clinton’s paid speeches, which she has refused to release, and one line in particular, in which you, Secretary Clinton, purportedly say you need both a public and private position on certain issues.",S,,,,S,,,,S,,,
602,RADDATZ,"So, Tu, from Virginia asks, is it OK for politicians to be two-faced?",,,,,,,,,,,,
603,RADDATZ,Is it acceptable for a politician to have a private stance on issues?,YNQ,,,,YNQ,,,,YNQ,,,
604,RADDATZ,"Secretary Clinton, your two minutes.",S,,,,S,,,,S,,,
605,CLINTON,"Well, right.",S,,,,S,,,,S,,,
606,CLINTON,"As I recall, that was something I said about Abraham Lincoln after having seen the wonderful Steven Spielberg movie called “Lincoln.",S,,,,S,,,,S,,,
607,CLINTON,” It was a master class watching President Lincoln get the Congress to approve the 13th Amendment.,S; S-Inform,,,,S; S-Inform,,,,S; S-Inform,,,
608,CLINTON,"It was principled, and it was strategic.",S,,,,S,,,,S,,,
609,CLINTON,And I was making the point that it is hard sometimes to get the Congress to do what you want to do and you have to keep working at it.,S,,,,S,,,,S,,,
610,CLINTON,"And, yes, President Lincoln was trying to convince some people, he used some arguments, convincing other people, he used other arguments.",S,,,,S,,,,S,,,
611,CLINTON,That was a great—I thought a great display of presidential leadership.,S,,,,S,,,,S,,,
612,CLINTON,"But, you know, let’s talk about what’s really going on here, Martha, because our intelligence community just came out and said in the last few days that the Kremlin, meaning Putin and the Russian government, are directing the attacks, the hacking on American accounts to influence our election.",S; EXPL,,AF; APAT,,S; EXPL,,AF; APAT,,S; EXPL,,AF; APAT,
613,CLINTON,"And WikiLeaks is part of that, as are other sites where the Russians hack information, we don’t even know if it’s accurate information, and then they put it out.",S,,,,S,,,,S,,,
614,CLINTON,"We have never in the history of our country been in a situation where an adversary, a foreign power, is working so hard to influence the outcome of the election.",S,,,,S,,,,S,,,
615,CLINTON,"And believe me, they’re not doing it to get me elected.",S,,,,S,,,,S,,,
616,CLINTON,They’re doing it to try to influence the election for Donald Trump.,S,,,,S,,,,S,,,
617,CLINTON,"Now, maybe because he has praised Putin, maybe because he says he agrees with a lot of what Putin wants to do, maybe because he wants to do business in Moscow, I don’t know the reasons.",S; EXPL,,,,S; EXPL,,,,S; EXPL,,,
618,CLINTON,But we deserve answers.,S,,,,S,,,,S,,,
619,CLINTON,And we should demand that Donald release all of his tax returns so that people can see what are the entanglements and the financial relationships that he has…,S,,,,S,,,,S,,,
620,RADDATZ,We’re going to get to that later.,S,,,,S,,,,S,,,
621,RADDATZ,"Secretary Clinton, you’re out of time.",S,,,,S,,,,S,,,
622,CLINTON,… with the Russians and other foreign powers.,S,,,,S,,,,S,,,
623,RADDATZ,Mr.,S,,,,S,,,,S,,,
624,RADDATZ,Trump?,,,,,,,,,,,,
625,TRUMP,"Well, I think I should respond, because—so ridiculous.",S; EXPL,,IP,,S; EXPL,,IP,,S; EXPL,,IP,
626,TRUMP,"Look, now she’s blaming—she got caught in a total lie.",S,,,,S,,,,S,,,
627,TRUMP,"Her papers went out to all her friends at the banks, Goldman Sachs and everybody else, and she said things—WikiLeaks that just came out.",S,,,,S,,,,S,,,
628,TRUMP,And she lied.,S,,,,S,,,,S,,,
629,TRUMP,"Now she’s blaming the lie on the late, great Abraham Lincoln.",S,,,,S,,,,S,,,
630,TRUMP,"That’s one that I haven’t… OK, Honest Abe, Honest Abe never lied.",S,,,,S,,,,S,,,
631,TRUMP,That’s the good thing.,S,,,,S,,,,S,,,
632,TRUMP,That’s the big difference between Abraham Lincoln and you.,S,,,,S,,,,S,,,
633,TRUMP,"That’s a big, big difference.",S,,,,S,,,,S,,,
634,TRUMP,We’re talking about some difference.,S,,,,S,,,,S,,,
635,TRUMP,"But as far as other elements of what she was saying, I don’t know Putin.",S,,,,S,,,,S,,,
636,TRUMP,"I think it would be great if we got along with Russia because we could fight ISIS together, as an example.",S; EXPL,,IP,,S; EXPL,,IP,,S; EXPL,,IP,
637,TRUMP,But I don’t know Putin.,S,,,,S,,,,S,,,
638,TRUMP,"But I notice, anytime anything wrong happens, they like to say the Russians are—she doesn’t know if it’s the Russians doing the hacking.",S,,,,S,,,,S,,,
639,TRUMP,Maybe there is no hacking.,IAFA,,,,IAFA,,,,IAFA,,,
640,TRUMP,But they always blame Russia.,S,,,,S,,,,S,,,
641,TRUMP,And the reason they blame Russia because they think they’re trying to tarnish me with Russia.,S; EXPL,,,,S; EXPL,,,,S; EXPL,,,
642,TRUMP,I know nothing about Russia.,S,,,,S,,,,S,,,
643,TRUMP,"I know—I know about Russia, but I know nothing about the inner workings of Russia.",S,,,,S,,,,S,,,
644,TRUMP,I don’t deal there.,S,,,,S,,,,S,,,
645,TRUMP,I have no businesses there.,S,,,,S,,,,S,,,
646,TRUMP,I have no loans from Russia.,S,,,,S,,,,S,,,
647,TRUMP,"I have a very, very great balance sheet, so great that when I did the Old Post Office on Pennsylvania Avenue, the United States government, because of my balance sheet, which they actually know very well, chose me to do the Old Post Office, between the White House and Congress, chose me to do the Old Post Office.",S; EXPL,,UF; RB,,S; EXPL,,UF; RB,,S; EXPL,,UF; RB,
648,TRUMP,"One of the primary things, in fact, perhaps the primary thing was balance sheet.",S,,,,S,,,,S,,,
649,TRUMP,But I have no loans with Russia.,S,,,,S,,,,S,,,
650,TRUMP,"You could go to the United States government, and they would probably tell you that, because they know my sheet very well in order to get that development I had to have.",S; EXPL,,UF,,S; EXPL,,UF,,S; EXPL,,UF,
651,TRUMP,"Now, the taxes are a very simple thing.",S,,,,S,,,,S,,,
652,TRUMP,"As soon as I have—first of all, I pay hundreds of millions of dollars in taxes.",S,,,,S,,,,S,,,
653,TRUMP,Many of her friends took bigger deductions.,S,,,,S,,,,S,,,
654,TRUMP,Warren Buffett took a massive deduction.,S,,,,S,,,,S,,,
655,TRUMP,"Soros, who’s a friend of hers, took a massive deduction.",S,,,,S,,,,S,,,
656,TRUMP,Many of the people that are giving her all this money that she can do many more commercials than me gave her—took massive deductions.,S,,,,S,,,,S,,,
657,TRUMP,I pay hundreds of millions of dollars in taxes.,S,,,,S,,,,S,,,
658,TRUMP,"But—but as soon as my routine audit is finished, I’ll release my returns.",S,,,,S,,,,S,,,
659,TRUMP,I’ll be very proud to.,S,,,,S,,,,S,,,
660,TRUMP,They’re actually quite great.,S,,,,S,,,,S,,,
661,RADDATZ,"Thank you, Mr.",IAFA; THK,,,,IAFA; THK,,,,IAFA; THK,,,
662,RADDATZ,Trump.,S,,,,S,,,,S,,,
663,COOPER,"We want to turn, actually, to the topic of taxes.",S,,,,S,,,,S,,,
664,COOPER,We have a question from Spencer Maass.,S,,,,S,,,,S,,,
665,COOPER,Spencer?,,,,,,,,,,,,
666,QUESTION,Good evening.,S; GR,,,,S; GR,,,,S; GR,,,
667,QUESTION,"My question is, what specific tax provisions will you change to ensure the wealthiest Americans pay their fair share in taxes?",,,,,,,,,,,,
668,COOPER,Mr.,S,,,,S,,,,S,,,
669,COOPER,"Trump, you have two minutes.",S,,,,S,,,,S,,,
670,TRUMP,"Well, one thing I’d do is get rid of carried interest.",S,,,,S,,,,S,,,
671,TRUMP,"One of the greatest provisions for people like me, to be honest with you, I give up a lot when I run, because I knock out the tax code.",S; EXPL,,,,S; EXPL,,,,S; EXPL,,,
672,TRUMP,"And she could have done this years ago, by the way.",S,,,,S,,,,S,,,
673,TRUMP,She’s a United States—she was a United States senator.,S,,UF,,S,,UF,,S,,UF,
674,TRUMP,She complains that Donald Trump took advantage of the tax code.,S,,,,S,,,,S,,,
675,TRUMP,"Well, why didn’t she change it?",,,,,,,,,,,,
676,TRUMP,Why didn’t you change it when you were a senator?,Q-W,,,,Q-W,,,,Q-W,,,
677,TRUMP,The reason you didn’t is that all your friends take the same advantage that I do.,S,,,,S,,,,S,,,
678,TRUMP,And I do.,S,,,,S,,,,S,,,
679,TRUMP,"You have provisions in the tax code that, frankly, we could change.",S,,,,S,,,,S,,,
680,TRUMP,"But you wouldn’t change it, because all of these people give you the money so you can take negative ads on Donald Trump.",S; EXPL,,,,S; EXPL,,,,S; EXPL,,,
681,TRUMP,But—and I say that about a lot of things.,S,,,,S,,,,S,,,
682,TRUMP,"You know, I’ve heard Hillary complaining about so many different things over the years.",S,,,,S,,,,S,,,
683,TRUMP,“I wish you would have done this.,S,,,,S,,,,S,,,
684,TRUMP,” But she’s been there for 30 years she’s been doing this stuff.,S; S-Inform,,,,S; S-Inform,,,,S; S-Inform,,,
685,TRUMP,She never changed.,S,,,,S,,,,S,,,
686,TRUMP,And she never will change.,S,,,,S,,,,S,,,
687,TRUMP,She never will change.,S,,,,S,,,,S,,,
688,TRUMP,We’re getting rid of carried interest provisions.,S,,,,S,,,,S,,,
689,TRUMP,"I’m lowering taxes actually, because I think it’s so important for corporations, because we have corporations leaving—massive corporations and little ones, little ones can’t form.",S; EXPL,,IP,,S; EXPL,,IP,,S; EXPL,,IP,
690,TRUMP,We’re getting rid of regulations which goes hand in hand with the lowering of the taxes.,S,,,,S,,,,S,,,
691,TRUMP,But we’re bringing the tax rate down from 35 percent to 15 percent.,S; S-Inform,,,,S; S-Inform,,,,S; S-Inform,,,
692,TRUMP,We’re cutting taxes for the middle class.,S,,,,S,,,,S,,,
693,TRUMP,"And I will tell you, we are cutting them big league for the middle class.",S,,,,S,,,,S,,,
694,TRUMP,"And I will tell you, Hillary Clinton is raising your taxes, folks.",S,,,,S,,,,S,,,
695,TRUMP,You can look at me.,S,,,,S,,,,S,,,
696,TRUMP,She’s raising your taxes really high.,S,,,,S,,,,S,,,
697,TRUMP,And what that’s going to do is a disaster for the country.,S,,AF,,S,,AF,,S,,AF,
698,TRUMP,But she is raising your taxes and I’m lowering your taxes.,S,,,,S,,,,S,,,
699,TRUMP,That in itself is a big difference.,S,,,,S,,,,S,,,
700,TRUMP,We are going to be thriving again.,S,,,,S,,,,S,,,
701,TRUMP,We have no growth in this country.,S,,,,S,,,,S,,,
702,TRUMP,There’s no growth.,IAFA,,,,IAFA,,,,IAFA,,,
703,TRUMP,"If China has a GDP of 7 percent, it’s like a national catastrophe.",S; S-Inform,,AF,,S; S-Inform,,AF,,S; S-Inform,,AF,
704,TRUMP,We’re down at 1 percent.,S; S-Inform,,,,S; S-Inform,,,,S; S-Inform,,,
705,TRUMP,"And that’s, like, no growth.",S,,,,S,,,,S,,,
706,TRUMP,"And we’re going lower, in my opinion.",S,,IP,,S,,IP,,S,,IP,
707,TRUMP,"And a lot of it has to do with the fact that our taxes are so high, just about the highest in the world.",S,,,,S,,,,S,,,
708,TRUMP,And I’m bringing them down to one of the lower in the world.,S,,,,S,,,,S,,,
709,TRUMP,And I think it’s so important—one of the most important things we can do.,S,,IP,,S,,IP,,S,,IP,
710,TRUMP,But she is raising everybody’s taxes massively.,S,,,,S,,,,S,,,
711,COOPER,"Secretary Clinton, you have two minutes.",S,,,,S,,,,S,,,
712,COOPER,"The question was, what specific tax provisions will you change to ensure the wealthiest Americans pay their fair share of taxes?",,,,,,,,,,,,
713,CLINTON,"Well, everything you’ve heard just now from Donald is not true.",S,,,,S,,,,S,,,
714,CLINTON,"I’m sorry I have to keep saying this, but he lives in an alternative reality.",S,,,,S,,,,S,,,
715,CLINTON,And it is sort of amusing to hear somebody who hasn’t paid federal income taxes in maybe 20 years talking about what he’s going to do.,S; S-Inform,,,,S; S-Inform,,,,S; S-Inform,,,
716,CLINTON,But I’ll tell you what he’s going to do.,S,,,,S,,,,S,,,
717,CLINTON,"His plan will give the wealthy and corporations the biggest tax cuts they’ve ever had, more than the Bush tax cuts by at least a factor of two.",S,,,,S,,,,S,,,
718,CLINTON,"Donald always takes care of Donald and people like Donald, and this would be a massive gift.",S,,,,S,,,,S,,,
719,CLINTON,"And, indeed, the way that he talks about his tax cuts would end up raising taxes on middle-class families, millions of middle-class families.",S,,AE,,S,,AE,,S,,AE,
720,CLINTON,"Now, here’s what I want to do.",S,,,,S,,,,S,,,
721,CLINTON,"I have said nobody who makes less than $250,000 a year—and that’s the vast majority of Americans as you know—will have their taxes raised, because I think we’ve got to go where the money is.",S; EXPL; S-Inform,,IP,,S; EXPL; S-Inform,,IP,,S; EXPL; S-Inform,,IP,
722,CLINTON,And the money is with people who have taken advantage of every single break in the tax code.,S,,,,S,,,,S,,,
723,CLINTON,"And, yes, when I was a senator, I did vote to close corporate loopholes.",S,,,,S,,,,S,,,
724,CLINTON,"I voted to close, I think, one of the loopholes he took advantage of when he claimed a billion-dollar loss that enabled him to avoid paying taxes.",S; S-Inform,,IP,,S; S-Inform,,IP,,S; S-Inform,,IP,
725,CLINTON,I want to have a tax on people who are making a million dollars.,S; S-Inform,,,,S; S-Inform,,,,S; S-Inform,,,
726,CLINTON,It’s called the Buffett rule.,S,,,,S,,,,S,,,
727,CLINTON,"Yes, Warren Buffett is the one who’s gone out and said somebody like him should not be paying a lower tax rate than his secretary.",S; ANS,,,,S; ANS,,,,S; ANS,,,
728,CLINTON,I want to have a surcharge on incomes above $5 million.,S; S-Inform,,,,S; S-Inform,,,,S; S-Inform,,,
729,CLINTON,"We have to make up for lost times, because I want to invest in you.",S; EXPL,,,,S; EXPL,,,,S; EXPL,,,
730,CLINTON,I want to invest in hard-working families.,S,,AE,,S,,AE,,S,,AE,
731,CLINTON,"And I think it’s been unfortunate, but it’s happened, that since the Great Recession, the gains have all gone to the top.",S,,IP,,S,,IP,,S,,IP,
732,CLINTON,And we need to reverse that.,S,,,,S,,,,S,,,
733,CLINTON,"People like Donald, who paid zero in taxes, zero for our vets, zero for our military, zero for health and education, that is wrong.",S; EXPL,,,,S; EXPL,,,,S; EXPL,,,
734,COOPER,"Thank you, Secretary.",IAFA; THK,,,,IAFA; THK,,,,IAFA; THK,,,
735,CLINTON,"And we’re going to make sure that nobody, no corporation, and no individual can get away without paying his fair share to support our country.",S,,,,S,,,,S,,,
736,COOPER,Thank you.,IAFA; THK,,,,IAFA; THK,,,,IAFA; THK,,,
737,COOPER,I want to give you—Mr.,S,,,,S,,,,S,,,
738,COOPER,"Trump, I want to give you the chance to respond.",S,,,,S,,,,S,,,
739,COOPER,I just wanted to tell our viewers what she’s referring to.,S,,,,S,,,,S,,,
740,COOPER,"In the last month, taxes were the number-one issue on Facebook for the first time in the campaign.",S,,,,S,,,,S,,,
741,COOPER,The New York Times published three pages of your 1995 tax returns.,S; HS; S-Inform,,,,S; HS; S-Inform,,,,S; HS; S-Inform,,,
742,COOPER,"They show you claimed a $916 million loss, which means you could have avoided paying personal federal income taxes for years.",S; S-Inform,,,,S; S-Inform,,,,S; S-Inform,,,
743,COOPER,"You’ve said you pay state taxes, employee taxes, real estate taxes, property taxes.",S,,,,S,,,,S,,,
744,COOPER,"You have not answered, though, a simple question.",S,,,,S,,,,S,,,
745,COOPER,Did you use that $916 million loss to avoid paying personal federal income taxes for years?,YNQ,,,,YNQ,,,,YNQ,,,
746,TRUMP,Of course I do.,S,,,,S,,,,S,,,
747,TRUMP,Of course I do.,S,,,,S,,,,S,,,
748,TRUMP,"And so do all of her donors, or most of her donors.",S,,,,S,,,,S,,,
749,TRUMP,I know many of her donors.,S,,,,S,,,,S,,,
750,TRUMP,Her donors took massive tax write-offs.,S,,,,S,,,,S,,,
751,COOPER,So have you paid personal federal income tax?,,,,,,,,,,,,
752,TRUMP,"A lot of my—excuse me, Anderson—a lot of my write- off was depreciation and other things that Hillary as a senator allowed.",S; TT,,,,S; TT,,,,S; TT,,,
753,TRUMP,"And she’ll always allow it, because the people that give her all this money, they want it.",S; EXPL,,,,S; EXPL,,,,S; EXPL,,,
754,TRUMP,That’s why.,S,,,,S,,,,S,,,
755,TRUMP,"See, I understand the tax code better than anybody that’s ever run for president.",S,,,,S,,,,S,,,
756,TRUMP,"Hillary Clinton—and it’s extremely complex—Hillary Clinton has friends that want all of these provisions, including they want the carried interest provision, which is very important to Wall Street people.",S,,,,S,,,,S,,,
757,TRUMP,"But they really want the carried interest provision, which I believe Hillary’s leaving.",S,,IP,,S,,IP,,S,,IP,
758,TRUMP,Very interesting why she’s leaving carried interest.,S,,,,S,,,,S,,,
759,TRUMP,"But I will tell you that, number one, I pay tremendous numbers of taxes.",S,,,,S,,,,S,,,
760,TRUMP,I absolutely used it.,S; AGR,,,,S; AGR,,,,S; AGR,,,
761,TRUMP,And so did Warren Buffett and so did George Soros and so did many of the other people that Hillary is getting money from.,S,,,,S,,,,S,,,
762,TRUMP,"Now, I won’t mention their names, because they’re rich, but they’re not famous.",S; EXPL,,,,S; EXPL,,,,S; EXPL,,,
763,TRUMP,So we won’t make them famous.,S,,,,S,,,,S,,,
764,COOPER,So can you—can you say how many years you have avoided paying personal federal income taxes?,,,,,,,,,,,,
765,TRUMP,"No, but I pay tax, and I pay federal tax, too.",S; REJ; ANS,,,,S; REJ; ANS,,,,S; REJ; ANS,,,
766,TRUMP,"But I have a write-off, a lot of it’s depreciation, which is a wonderful charge.",S,,,,S,,,,S,,,
767,TRUMP,I love depreciation.,S,,,,S,,,,S,,,
768,TRUMP,"You know, she’s given it to us.",S,,,,S,,,,S,,,
769,TRUMP,"Hey, if she had a problem—for 30 years she’s been doing this, Anderson.",S; S-Inform,,,,S; S-Inform,,,,S; S-Inform,,,
770,TRUMP,I say it all the time.,S,,,,S,,,,S,,,
771,TRUMP,She talks about health care.,S,,,,S,,,,S,,,
772,TRUMP,Why didn’t she do something about it?,Q-W,,,,Q-W,,,,Q-W,,,
773,TRUMP,She talks about taxes.,S,,,,S,,,,S,,,
774,TRUMP,Why didn’t she do something about it?,Q-W,,,,Q-W,,,,Q-W,,,
775,TRUMP,She doesn’t do anything about anything other than talk.,S,,,,S,,,,S,,,
776,TRUMP,"With her, it’s all talk and no action.",S,,,,S,,,,S,,,
777,COOPER,In the past…,S,,,,S,,,,S,,,
778,TRUMP,"And, again, Bernie Sanders, it’s really bad judgment.",S,,,,S,,,,S,,,
779,TRUMP,She has made bad judgment not only on taxes.,S,,,,S,,,,S,,,
780,TRUMP,"She’s made bad judgments on Libya, on Syria, on Iraq.",S,,,,S,,,,S,,,
781,TRUMP,"I mean, her and Obama, whether you like it or not, the way they got out of Iraq, the vacuum they’ve left, that’s why ISIS formed in the first place.",S,,,,S,,,,S,,,
782,TRUMP,"They started from that little area, and now they’re in 32 different nations, Hillary.",S; S-Inform,,,,S; S-Inform,,,,S; S-Inform,,,
783,TRUMP,Congratulations.,S,,,,S,,,,S,,,
784,TRUMP,Great job.,S,,,,S,,,,S,,,
785,COOPER,"Secretary—I want you to be able to respond, Secretary Clinton.",S,,,,S,,,,S,,,
786,CLINTON,"Well, here we go again.",S,,,,S,,,,S,,,
787,CLINTON,"I’ve been in favor of getting rid of carried interest for years, starting when I was a senator from New York.",S,,,,S,,,,S,,,
788,CLINTON,But that’s not the point here.,S,,,,S,,,,S,,,
789,TRUMP,Why didn’t you do it?,Q-W,,,,Q-W,,,,Q-W,,,
790,TRUMP,Why didn’t you do it?,Q-W,,,,Q-W,,,,Q-W,,,
791,COOPER,Allow her to respond.,S,,,,S,,,,S,,,
792,CLINTON,Because I was a senator with a Republican president.,S; EXPL,,,,S; EXPL,,,,S; EXPL,,,
793,TRUMP,"Oh, really?",,,,,,,,,,,,
794,CLINTON,I will be the president and we will get it done.,S,,,,S,,,,S,,,
795,CLINTON,That’s exactly right.,S; AGR,,,,S; AGR,,,,S; AGR,,,
796,TRUMP,"You could have done it, if you were an effective—if you were an effective senator, you could have done it.",S,,,,S,,,,S,,,
797,TRUMP,"If you were an effective senator, you could have done it.",S,,,,S,,,,S,,,
798,TRUMP,But you were not an effective senator.,S,,,,S,,,,S,,,
799,COOPER,Please allow her to respond.,S,,,,S,,,,S,,,
800,COOPER,She didn’t interrupt you.,S,,,,S,,,,S,,,
801,CLINTON,"You know, under our Constitution, presidents have something called veto power.",S,,APAT,,S,,APAT,,S,,APAT,
802,CLINTON,"Look, he has now said repeatedly, “30 years this and 30 years that.",S; S-Inform,,,,S; S-Inform,,,,S; S-Inform,,,
803,CLINTON,” So let me talk about my 30 years in public service.,S; S-Inform,,,,S; S-Inform,,,,S; S-Inform,,,
804,CLINTON,I’m very glad to do so.,S,,,,S,,,,S,,,
805,CLINTON,"Eight million kids every year have health insurance, because when I was first lady I worked with Democrats and Republicans to create the Children’s Health Insurance Program.",S; EXPL; S-Inform,,AE,,S; EXPL; S-Inform,,AE,,S; EXPL; S-Inform,,AE,
806,CLINTON,Hundreds of thousands of kids now have a chance to be adopted because I worked to change our adoption and foster care system.,S; EXPL,,,,S; EXPL,,,,S; EXPL,,,
807,CLINTON,"After 9/11, I went to work with Republican mayor, governor and president to rebuild New York and to get health care for our first responders who were suffering because they had run toward danger and gotten sickened by it.",S; EXPL; S-Inform,,AF,,S; EXPL; S-Inform,,AF,,S; EXPL; S-Inform,,AF,
808,CLINTON,"Hundreds of thousands of National Guard and Reserve members have health care because of work that I did, and children have safer medicines because I was able to pass a law that required the dosing to be more carefully done.",S; EXPL,,AE,,S; EXPL,,AE,,S; EXPL,,AE,
809,CLINTON,"When I was secretary of state, I went around the world advocating for our country, but also advocating for women’s rights, to make sure that women had a decent chance to have a better life and negotiated a treaty with Russia to lower nuclear weapons.",S,,,,S,,,,S,,,
810,CLINTON,Four hundred pieces of legislation have my name on it as a sponsor or cosponsor when I was a senator for eight years.,S,,,,S,,,,S,,,
811,CLINTON,I worked very hard and was very proud to be re-elected in New York by an even bigger margin than I had been elected the first time.,S,,AP,,S,,AP,,S,,AP,
812,CLINTON,"And as president, I will take that work, that bipartisan work, that finding common ground, because you have to be able to get along with people to get things done in Washington.",S; EXPL,,UF,,S; EXPL,,UF,,S; EXPL,,UF,
813,COOPER,"Thank you, secretary.",IAFA; THK,,,,IAFA; THK,,,,IAFA; THK,,,
814,CLINTON,"And I’ve proven that I can, and for 30 years, I’ve produced results for people.",S; S-Inform,,,,S; S-Inform,,,,S; S-Inform,,,
815,COOPER,"Thank you, secretary.",IAFA; THK,,,,IAFA; THK,,,,IAFA; THK,,,
816,RADDATZ,We’re going to move on to Syria.,S,,,,S,,,,S,,,
817,RADDATZ,Both of you have mentioned that.,S,,,,S,,,,S,,,
818,TRUMP,She said a lot of things that were false.,S,,,,S,,,,S,,,
819,TRUMP,"I mean, I think we should be allowed to maybe…",S,,IP,,S,,IP,,S,,IP,
820,RADDATZ,"No, we can—no, Mr.",S; REJ; ANS,,,,S; REJ; ANS,,,,S; REJ; ANS,,,
821,RADDATZ,"Trump, we’re going to go on.",S,,,,S,,,,S,,,
822,RADDATZ,This is about the audience.,S,,,,S,,,,S,,,
823,TRUMP,Excuse me.,IAFA; TT,,,,IAFA; TT,,,,IAFA; TT,,,
824,TRUMP,Because she has been a disaster as a senator.,S; EXPL,,AF; PER,,S; EXPL,,AF; PER,,S; EXPL,,AF; PER,
825,TRUMP,A disaster.,S,,AF,,S,,AF,,S,,AF,
826,RADDATZ,Mr.,S,,,,S,,,,S,,,
827,RADDATZ,"Trump, we’re going to move on.",S,,,,S,,,,S,,,
828,RADDATZ,"The heart-breaking video of a 5-year-old Syrian boy named Omran sitting in an ambulance after being pulled from the rubble after an air strike in Aleppo focused the world’s attention on the horrors of the war in Syria, with 136 million views on Facebook alone.",S; S-Inform,,,,S; S-Inform,,,,S; S-Inform,,,
829,RADDATZ,"But there are much worse images coming out of Aleppo every day now, where in the past few weeks alone, 400 people have been killed, at least 100 of them children.",S; S-Inform,,AE,,S; S-Inform,,AE,,S; S-Inform,,AE,
830,RADDATZ,"Just days ago, the State Department called for a war crimes investigation of the Syrian regime of Bashar al-Assad and its ally, Russia, for their bombardment of Aleppo.",S,,,,S,,,,S,,,
831,RADDATZ,So this next question comes from social media through Facebook.,S,,,,S,,,,S,,,
832,RADDATZ,"Diane from Pennsylvania asks, if you were president, what would you do about Syria and the humanitarian crisis in Aleppo?",,,AF,,,,AF,,,,AF,
833,RADDATZ,Isn’t it a lot like the Holocaust when the U.,S,,,,S,,,,S,,,
834,RADDATZ,waited too long before we helped?,,,,,,,,,,,,
835,RADDATZ,"Secretary Clinton, we will begin with your two minutes.",S,,,,S,,,,S,,,
836,CLINTON,"Well, the situation in Syria is catastrophic.",S,,,,S,,,,S,,,
837,CLINTON,"And every day that goes by, we see the results of the regime by Assad in partnership with the Iranians on the ground, the Russians in the air, bombarding places, in particular Aleppo, where there are hundreds of thousands of people, probably about 250,000 still left.",S; S-Inform,,,,S; S-Inform,,,,S; S-Inform,,,
838,CLINTON,And there is a determined effort by the Russian air force to destroy Aleppo in order to eliminate the last of the Syrian rebels who are really holding out against the Assad regime.,S,,AF,,S,,AF,,S,,AF,
839,CLINTON,Russia hasn’t paid any attention to ISIS.,S,,,,S,,,,S,,,
840,CLINTON,They’re interested in keeping Assad in power.,S,,,,S,,,,S,,,
841,CLINTON,"So I, when I was secretary of state, advocated and I advocate today a no-fly zone and safe zones.",S,,,,S,,,,S,,,
842,CLINTON,"We need some leverage with the Russians, because they are not going to come to the negotiating table for a diplomatic resolution, unless there is some leverage over them.",S; EXPL,,,,S; EXPL,,,,S; EXPL,,,
843,CLINTON,And we have to work more closely with our partners and allies on the ground.,S,,,,S,,,,S,,,
844,CLINTON,But I want to emphasize that what is at stake here is the ambitions and the aggressiveness of Russia.,S,,,,S,,,,S,,,
845,CLINTON,"Russia has decided that it’s all in, in Syria.",S,,,,S,,,,S,,,
846,CLINTON,"And they’ve also decided who they want to see become president of the United States, too, and it’s not me.",S,,UF,,S,,UF,,S,,UF,
847,CLINTON,I’ve stood up to Russia.,S,,,,S,,,,S,,,
848,CLINTON,"I’ve taken on Putin and others, and I would do that as president.",S,,,,S,,,,S,,,
849,CLINTON,"I think wherever we can cooperate with Russia, that’s fine.",S,,IP,,S,,IP,,S,,IP,
850,CLINTON,And I did as secretary of state.,S,,,,S,,,,S,,,
851,CLINTON,That’s how we got a treaty reducing nuclear weapons.,S,,,,S,,,,S,,,
852,CLINTON,It’s how we got the sanctions on Iran that put a lid on the Iranian nuclear program without firing a single shot.,S,,,,S,,,,S,,,
853,CLINTON,So I would go to the negotiating table with more leverage than we have now.,S,,,,S,,,,S,,,
854,CLINTON,"But I do support the effort to investigate for crimes, war crimes committed by the Syrians and the Russians and try to hold them accountable.",S,,,,S,,,,S,,,
855,RADDATZ,"Thank you, Secretary Clinton.",IAFA; THK,,,,IAFA; THK,,,,IAFA; THK,,,
856,RADDATZ,Mr.,S,,,,S,,,,S,,,
857,RADDATZ,Trump?,,,,,,,,,,,,
858,TRUMP,"First of all, she was there as secretary of state with the so-called line in the sand, which…",S,,,,S,,,,S,,,
859,CLINTON,"No, I wasn’t.",S; REJ; ANS,,,,S; REJ; ANS,,,,S; REJ; ANS,,,
860,CLINTON,I was gone.,S,,,,S,,,,S,,,
861,CLINTON,"I hate to interrupt you, but at some point…",S,,,,S,,,,S,,,
862,TRUMP,OK.,S; ACK,,,,S; ACK,,,,S; ACK,,,
863,TRUMP,But you were in contact—excuse me.,S; TT,,,,S; TT,,,,S; TT,,,
864,TRUMP,You were…,S,,,,S,,,,S,,,
865,CLINTON,"At some point, we need to do some fact-checking here.",S,,,,S,,,,S,,,
866,TRUMP,"You were in total contact with the White House, and perhaps, sadly, Obama probably still listened to you.",S,,RB,,S,,RB,,S,,RB,
867,TRUMP,I don’t think he would be listening to you very much anymore.,S,,,,S,,,,S,,,
868,TRUMP,Obama draws the line in the sand.,S,,,,S,,,,S,,,
869,TRUMP,It was laughed at all over the world what happened.,S,,,,S,,,,S,,,
870,TRUMP,"Now, with that being said, she talks tough against Russia.",S,,,,S,,,,S,,,
871,TRUMP,"But our nuclear program has fallen way behind, and they’ve gone wild with their nuclear program.",S,,,,S,,,,S,,,
872,TRUMP,Not good.,S,,,,S,,,,S,,,
873,TRUMP,Our government shouldn’t have allowed that to happen.,S,,,,S,,,,S,,,
874,TRUMP,Russia is new in terms of nuclear.,S,,,,S,,,,S,,,
875,TRUMP,We are old.,S,,,,S,,,,S,,,
876,TRUMP,We’re tired.,S,,,,S,,,,S,,,
877,TRUMP,We’re exhausted in terms of nuclear.,S,,,,S,,,,S,,,
878,TRUMP,A very bad thing.,S,,,,S,,,,S,,,
879,TRUMP,"Now, she talks tough, she talks really tough against Putin and against Assad.",S,,,,S,,,,S,,,
880,TRUMP,She talks in favor of the rebels.,S,,,,S,,,,S,,,
881,TRUMP,She doesn’t even know who the rebels are.,S,,,,S,,,,S,,,
882,TRUMP,"You know, every time we take rebels, whether it’s in Iraq or anywhere else, we’re arming people.",S,,,,S,,,,S,,,
883,TRUMP,And you know what happens?,,,,,,,,,,,,
884,TRUMP,They end up being worse than the people.,S,,,,S,,,,S,,,
885,TRUMP,Look at what she did in Libya with Gadhafi.,S,,,,S,,,,S,,,
886,TRUMP,Gadhafi’s out.,S,,,,S,,,,S,,,
887,TRUMP,It’s a mess.,S,,,,S,,,,S,,,
888,TRUMP,"And, by the way, ISIS has a good chunk of their oil.",S,,,,S,,,,S,,,
889,TRUMP,I’m sure you probably have heard that.,S,,,,S,,,,S,,,
890,TRUMP,It was a disaster.,S,,AF,,S,,AF,,S,,AF,
891,TRUMP,"Because the fact is, almost everything she’s done in foreign policy has been a mistake and it’s been a disaster.",S; EXPL,,AF,,S; EXPL,,AF,,S; EXPL,,AF,
892,TRUMP,"But if you look at Russia, just take a look at Russia, and look at what they did this week, where I agree, she wasn’t there, but possibly she’s consulted.",S; AGR,,,,S; AGR,,,,S; AGR,,,
893,TRUMP,We sign a peace treaty.,S,,,,S,,,,S,,,
894,TRUMP,Everyone’s all excited.,S,,,,S,,,,S,,,
895,TRUMP,"Well, what Russia did with Assad and, by the way, with Iran, who you made very powerful with the dumbest deal perhaps I’ve ever seen in the history of deal-making, the Iran deal, with the $150 billion, with the $1.",S; S-Inform,,,,S; S-Inform,,,,S; S-Inform,,,
896,TRUMP,"7 billion in cash, which is enough cash to fill up this room.",S; S-Inform,,,,S; S-Inform,,,,S; S-Inform,,,
897,TRUMP,But look at that deal.,IAFA,,,,IAFA,,,,IAFA,,,
898,TRUMP,Iran now and Russia are now against us.,S,,,,S,,,,S,,,
899,TRUMP,So she wants to fight.,S,,,,S,,,,S,,,
900,TRUMP,She wants to fight for rebels.,S,,,,S,,,,S,,,
901,TRUMP,There’s only one problem.,IAFA,,,,IAFA,,,,IAFA,,,
902,TRUMP,You don’t even know who the rebels are.,S,,,,S,,,,S,,,
903,TRUMP,So what’s the purpose?,,,,,,,,,,,,
904,RADDATZ,Mr.,S,,,,S,,,,S,,,
905,RADDATZ,"Trump, Mr.",S,,,,S,,,,S,,,
906,RADDATZ,"Trump, your two minutes is up.",S,,,,S,,,,S,,,
907,TRUMP,And one thing I have to say.,S,,,,S,,,,S,,,
908,RADDATZ,Your two minutes is up.,S,,,,S,,,,S,,,
909,TRUMP,"I don’t like Assad at all, but Assad is killing ISIS.",S,,,,S,,,,S,,,
910,TRUMP,Russia is killing ISIS.,S,,,,S,,,,S,,,
911,TRUMP,And Iran is killing ISIS.,S,,,,S,,,,S,,,
912,TRUMP,And those three have now lined up because of our weak foreign policy.,S; EXPL,,,,S; EXPL,,,,S; EXPL,,,
913,RADDATZ,Mr.,S,,,,S,,,,S,,,
914,RADDATZ,"Trump, let me repeat the question.",S,,,,S,,,,S,,,
915,RADDATZ,If you were president… …what would you do about Syria and the humanitarian crisis in Aleppo?,,,AF,,,,AF,,,,AF,
916,RADDATZ,And I want to remind you what your running mate said.,S,,,,S,,,,S,,,
917,RADDATZ,"He said provocations by Russia need to be met with American strength and that if Russia continues to be involved in air strikes along with the Syrian government forces of Assad, the United States of America should be prepared to use military force to strike the military targets of the Assad regime.",S,,APAT; UF,,S,,APAT; UF,,S,,APAT; UF,
918,TRUMP,OK.,S; ACK,,,,S; ACK,,,,S; ACK,,,
919,TRUMP,"He and I haven’t spoken, and I disagree.",S; DIS,,,,S; DIS,,,,S; DIS,,,
920,TRUMP,I disagree.,S; DIS,,,,S; DIS,,,,S; DIS,,,
921,RADDATZ,You disagree with your running mate?,,,,,,,,,,,,
922,TRUMP,I think you have to knock out ISIS.,S,,IP,,S,,IP,,S,,IP,
923,TRUMP,"Right now, Syria is fighting ISIS.",S,,,,S,,,,S,,,
924,TRUMP,We have people that want to fight both at the same time.,S,,,,S,,,,S,,,
925,TRUMP,But Syria is no longer Syria.,S,,,,S,,,,S,,,
926,TRUMP,"Syria is Russia and it’s Iran, who she made strong and Kerry and Obama made into a very powerful nation and a very rich nation, very, very quickly, very, very quickly.",S,,,,S,,,,S,,,
927,TRUMP,I believe we have to get ISIS.,S,,IP,,S,,IP,,S,,IP,
928,TRUMP,We have to worry about ISIS before we can get too much more involved.,S,,,,S,,,,S,,,
929,TRUMP,She had a chance to do something with Syria.,S,,,,S,,,,S,,,
930,TRUMP,They had a chance.,S,,,,S,,,,S,,,
931,TRUMP,And that was the line.,S,,,,S,,,,S,,,
932,TRUMP,And she didn’t.,S,,,,S,,,,S,,,
933,RADDATZ,What do you think will happen if Aleppo falls?,Q-W; OQ; TG,,,,Q-W; OQ; TG,,,,Q-W; OQ; TG,,,
934,TRUMP,"I think Aleppo is a disaster, humanitarian-wise.",S,,AF; IP,,S,,AF; IP,,S,,AF; IP,
935,RADDATZ,What do you think will happen if it falls?,Q-W; OQ; TG,,,,Q-W; OQ; TG,,,,Q-W; OQ; TG,,,
936,TRUMP,I think that it basically has fallen.,S,,IP,,S,,IP,,S,,IP,
937,TRUMP,OK?,ACK,,,,ACK,,,,ACK,,,
938,TRUMP,It basically has fallen.,S,,,,S,,,,S,,,
939,TRUMP,Let me tell you something.,S,,,,S,,,,S,,,
940,TRUMP,You take a look at Mosul.,S,,,,S,,,,S,,,
941,TRUMP,"The biggest problem I have with the stupidity of our foreign policy, we have Mosul.",S,,,,S,,,,S,,,
942,TRUMP,They think a lot of the ISIS leaders are in Mosul.,S,,,,S,,,,S,,,
943,TRUMP,"So we have announcements coming out of Washington and coming out of Iraq, we will be attacking Mosul in three weeks or four weeks.",S,,AF,,S,,AF,,S,,AF,
944,TRUMP,"Well, all of these bad leaders from ISIS are leaving Mosul.",S,,,,S,,,,S,,,
945,TRUMP,Why can’t they do it quietly?,Q-W,,,,Q-W,,,,Q-W,,,
946,TRUMP,"Why can’t they do the attack, make it a sneak attack, and after the attack is made, inform the American public that we’ve knocked out the leaders, we’ve had a tremendous success?",Q-W,,AF; APAT,,Q-W,,AF; APAT,,Q-W,,AF; APAT,
947,TRUMP,People leave.,S,,,,S,,,,S,,,
948,TRUMP,"Why do they have to say we’re going to be attacking Mosul within the next four to six weeks, which is what they’re saying?",Q-W; SEEP,,AF,,Q-W; SEEP,,AF,,Q-W; SEEP,,AF,
949,TRUMP,How stupid is our country?,Q-W,,,,Q-W,,,,Q-W,,,
950,RADDATZ,There are sometimes reasons the military does that.,S,,,,S,,,,S,,,
951,RADDATZ,Psychological warfare.,S,,,,S,,,,S,,,
952,TRUMP,I can’t think of any.,S,,,,S,,,,S,,,
953,TRUMP,I can’t think of any.,S,,,,S,,,,S,,,
954,TRUMP,And I’m pretty good at it.,S,,,,S,,,,S,,,
955,RADDATZ,It might be to help get civilians out.,S,,,,S,,,,S,,,
956,TRUMP,And we have General Flynn.,S,,,,S,,,,S,,,
957,TRUMP,"And we have—look, I have 200 generals and admirals who endorsed me.",S; S-Inform,,,,S; S-Inform,,,,S; S-Inform,,,
958,TRUMP,I have 21 Congressional Medal of Honor recipients who endorsed me.,S; S-Inform,,,,S; S-Inform,,,,S; S-Inform,,,
959,TRUMP,We talk about it all the time.,S,,,,S,,,,S,,,
960,TRUMP,"They understand, why can’t they do something secretively, where they go in and they knock out the leadership?",,,,,,,,,,,,
961,TRUMP,How—why would these people stay there?,Q-W,,,,Q-W,,,,Q-W,,,
962,TRUMP,I’ve been reading now…,S,,,,S,,,,S,,,
963,RADDATZ,Tell me what your strategy is.,S,,,,S,,,,S,,,
964,TRUMP,"… for weeks—I’ve been reading now for weeks about Mosul, that it’s the harbor of where—you know, between Raqqa and Mosul, this is where they think the ISIS leaders are.",S,,,,S,,,,S,,,
965,TRUMP,Why would they be saying—they’re not staying there anymore.,S,,,,S,,,,S,,,
966,TRUMP,They’re gone.,S,,,,S,,,,S,,,
967,TRUMP,"Because everybody’s talking about how Iraq, which is us with our leadership, goes in to fight Mosul.",S; EXPL,,,,S; EXPL,,,,S; EXPL,,,
968,TRUMP,"Now, with these 200 admirals and generals, they can’t believe it.",S; S-Inform,,,,S; S-Inform,,,,S; S-Inform,,,
969,TRUMP,All I say is this.,S,,,,S,,,,S,,,
970,TRUMP,"General George Patton, General Douglas MacArthur are spinning in their grave at the stupidity of what we’re doing in the Middle East.",S,,,,S,,,,S,,,
971,RADDATZ,I’m going to go to Secretary Clinton.,S,,,,S,,,,S,,,
972,RADDATZ,"Secretary Clinton, you want Assad to go.",S,,,,S,,,,S,,,
973,RADDATZ,"You advocated arming rebels, but it looks like that may be too late for Aleppo.",S,,,,S,,,,S,,,
974,RADDATZ,You talk about diplomatic efforts.,S,,,,S,,,,S,,,
975,RADDATZ,Those have failed.,S,,,,S,,,,S,,,
976,RADDATZ,Cease-fires have failed.,S,,,,S,,,,S,,,
977,RADDATZ,Would you introduce the threat of U.,S,,AF,,S,,AF,,S,,AF,
978,RADDATZ,military force beyond a no-fly zone against the Assad regime to back up diplomacy?,,,,,,,,,,,,
979,CLINTON,I would not use American ground forces in Syria.,S,,APAT,,S,,APAT,,S,,APAT,
980,CLINTON,I think that would be a very serious mistake.,S,,IP,,S,,IP,,S,,IP,
981,CLINTON,"I don’t think American troops should be holding territory, which is what they would have to do as an occupying force.",S,,APAT,,S,,APAT,,S,,APAT,
982,CLINTON,I don’t think that is a smart strategy.,S; EXPL,,,,S; EXPL,,,,S; EXPL,,,
983,CLINTON,"I do think the use of special forces, which we’re using, the use of enablers and trainers in Iraq, which has had some positive effects, are very much in our interests, and so I do support what is happening, but let me just…",S,,,,S,,,,S,,,
984,RADDATZ,But what would you do differently than President Obama is doing?,,,,,,,,,,,,
985,CLINTON,"Well, Martha, I hope that by the time I—if I’m fortunate…",S,,,,S,,,,S,,,
986,TRUMP,Everything.,S,,,,S,,,,S,,,
987,CLINTON,I hope by the time I am president that we will have pushed ISIS out of Iraq.,S,,,,S,,,,S,,,
988,CLINTON,I do think that there is a good chance that we can take Mosul.,S,,,,S,,,,S,,,
989,CLINTON,"And, you know, Donald says he knows more about ISIS than the generals.",S,,,,S,,,,S,,,
990,CLINTON,"No, he doesn’t.",S; REJ; ANS,,,,S; REJ; ANS,,,,S; REJ; ANS,,,
991,CLINTON,"There are a lot of very important planning going on, and some of it is to signal to the Sunnis in the area, as well as Kurdish Peshmerga fighters, that we all need to be in this.",S,,,,S,,,,S,,,
992,CLINTON,And that takes a lot of planning and preparation.,S,,,,S,,,,S,,,
993,CLINTON,I would go after Baghdadi.,S,,,,S,,,,S,,,
994,CLINTON,"I would specifically target Baghdadi, because I think our targeting of Al Qaida leaders—and I was involved in a lot of those operations, highly classified ones—made a difference.",S; EXPL,,IP,,S; EXPL,,IP,,S; EXPL,,IP,
995,CLINTON,So I think that could help.,S,,IP,,S,,IP,,S,,IP,
996,CLINTON,I would also consider arming the Kurds.,S,,,,S,,,,S,,,
997,CLINTON,"The Kurds have been our best partners in Syria, as well as Iraq.",S,,,,S,,,,S,,,
998,CLINTON,"And I know there’s a lot of concern about that in some circles, but I think they should have the equipment they need so that Kurdish and Arab fighters on the ground are the principal way that we take Raqqa after pushing ISIS out of Iraq.",S,,IP,,S,,IP,,S,,IP,
999,RADDATZ,Thank you very much.,IAFA; THK,,,,IAFA; THK,,,,IAFA; THK,,,
1000,RADDATZ,We’re going to move on…,S,,,,S,,,,S,,,
1001,TRUMP,You know what’s funny?,,,,,,,,,,,,
1002,TRUMP,"She went over a minute over, and you don’t stop her.",S,,,,S,,,,S,,,
1003,TRUMP,"When I go one second over, it’s like a big deal.",S,,,,S,,,,S,,,
1004,RADDATZ,You had many answers.,S,,,,S,,,,S,,,
1005,TRUMP,It’s really—it’s really very interesting.,S,,,,S,,,,S,,,
1006,COOPER,We’ve got a question over here from James Carter.,S,,,,S,,,,S,,,
1007,COOPER,Mr.,S,,,,S,,,,S,,,
1008,COOPER,Carter?,,,,,,,,,,,,
1009,QUESTION,"My question is, do you believe you can be a devoted president to all the people in the United States?",,,UF,,,,UF,,,,UF,
1010,COOPER,That question begins for Mr.,S,,,,S,,,,S,,,
1011,COOPER,Trump.,S,,,,S,,,,S,,,
1012,TRUMP,Absolutely.,S; AGR,,,,S; AGR,,,,S; AGR,,,
1013,TRUMP,"I mean, she calls our people deplorable, a large group, and irredeemable.",S,,,,S,,,,S,,,
1014,TRUMP,I will be a president for all of our people.,S,,,,S,,,,S,,,
1015,TRUMP,And I’ll be a president that will turn our inner cities around and will give strength to people and will give economics to people and will bring jobs back.,S,,,,S,,,,S,,,
1016,TRUMP,"Because NAFTA, signed by her husband, is perhaps the greatest disaster trade deal in the history of the world.",S; EXPL,,AF,,S; EXPL,,AF,,S; EXPL,,AF,
1017,TRUMP,Not in this country.,S,,,,S,,,,S,,,
1018,TRUMP,It stripped us of manufacturing jobs.,S,,,,S,,,,S,,,
1019,TRUMP,We lost our jobs.,S,,,,S,,,,S,,,
1020,TRUMP,We lost our money.,S,,,,S,,,,S,,,
1021,TRUMP,We lost our plants.,S,,,,S,,,,S,,,
1022,TRUMP,It is a disaster.,S,,AF,,S,,AF,,S,,AF,
1023,TRUMP,"And now she wants to sign TPP, even though she says now she’s for it.",S,,,,S,,,,S,,,
1024,TRUMP,She called it the gold standard.,S,,,,S,,,,S,,,
1025,TRUMP,"And by the way, at the last debate, she lied, because it turned out that she did say the gold standard and she said she didn’t say it.",S; EXPL,,,,S; EXPL,,,,S; EXPL,,,
1026,TRUMP,They actually said that she lied.,S,,,,S,,,,S,,,
1027,TRUMP,OK?,ACK,,,,ACK,,,,ACK,,,
1028,TRUMP,And she lied.,S,,,,S,,,,S,,,
1029,TRUMP,But she’s lied about a lot of things.,S,,,,S,,,,S,,,
1030,TRUMP,"I would be a president for all of the people, African-Americans, the inner cities.",S,,,,S,,,,S,,,
1031,TRUMP,Devastating what’s happening to our inner cities.,S,,,,S,,,,S,,,
1032,TRUMP,She’s been talking about it for years.,S,,,,S,,,,S,,,
1033,TRUMP,"As usual, she talks about it, nothing happens.",S,,,,S,,,,S,,,
1034,TRUMP,She doesn’t get it done.,S,,,,S,,,,S,,,
1035,TRUMP,"Same with the Latino Americans, the Hispanic Americans.",S,,RB,,S,,RB,,S,,RB,
1036,TRUMP,The same exact thing.,S,,,,S,,,,S,,,
1037,TRUMP,"They talk, they don’t get it done.",S,,,,S,,,,S,,,
1038,TRUMP,You go into the inner cities and—you see it’s 45 percent poverty.,S; S-Inform,,,,S; S-Inform,,,,S; S-Inform,,,
1039,TRUMP,African- Americans now 45 percent poverty in the inner cities.,S; S-Inform,,,,S; S-Inform,,,,S; S-Inform,,,
1040,TRUMP,The education is a disaster.,S,,AF,,S,,AF,,S,,AF,
1041,TRUMP,Jobs are essentially nonexistent.,S,,,,S,,,,S,,,
1042,TRUMP,"I mean, it’s—you know, and I’ve been saying at big speeches where I have 20,000 and 30,000 people, what do you have to lose?",,,,,,,,,,,,
1043,TRUMP,It can’t get any worse.,S,,,,S,,,,S,,,
1044,TRUMP,And she’s been talking about the inner cities for 25 years.,S; S-Inform,,,,S; S-Inform,,,,S; S-Inform,,,
1045,TRUMP,Nothing’s going to ever happen.,S,,,,S,,,,S,,,
1046,TRUMP,"Let me tell you, if she’s president of the United States, nothing’s going to happen.",S,,UF,,S,,UF,,S,,UF,
1047,TRUMP,It’s just going to be talk.,S,,,,S,,,,S,,,
1048,TRUMP,"And all of her friends, the taxes we were talking about, and I would just get it by osmosis.",S,,,,S,,,,S,,,
1049,TRUMP,She’s not doing any me favors.,S,,,,S,,,,S,,,
1050,TRUMP,"But by doing all the others’ favors, she’s doing me favors.",S,,,,S,,,,S,,,
1051,COOPER,Mr.,S,,,,S,,,,S,,,
1052,COOPER,"Trump, thank you.",IAFA; THK,,,,IAFA; THK,,,,IAFA; THK,,,
1053,TRUMP,"But I will tell you, she’s all talk.",S,,,,S,,,,S,,,
1054,TRUMP,It doesn’t get done.,S,,,,S,,,,S,,,
1055,TRUMP,All you have to do is take a look at her Senate run.,S,,,,S,,,,S,,,
1056,TRUMP,Take a look at upstate New York.,IAFA,,,,IAFA,,,,IAFA,,,
1057,COOPER,Your two minutes is up.,S,,,,S,,,,S,,,
1058,COOPER,"Secretary Clinton, two minutes?",,,,,,,,,,,,
1059,TRUMP,It turned out to be a disaster.,S,,AF,,S,,AF,,S,,AF,
1060,COOPER,"You have two minutes, Secretary Clinton.",S,,,,S,,,,S,,,
1061,CLINTON,"Well, 67 percent of the people voted to re-elect me when I ran for my second term, and I was very proud and very humbled by that.",S; S-Inform,,,,S; S-Inform,,,,S; S-Inform,,,
1062,CLINTON,Mr.,S,,,,S,,,,S,,,
1063,CLINTON,"Carter, I have tried my entire life to do what I can to support children and families.",S,,AE,,S,,AE,,S,,AE,
1064,CLINTON,"You know, right out of law school, I went to work for the Children’s Defense Fund.",S,,AE,,S,,AE,,S,,AE,
1065,CLINTON,"And Donald talks a lot about, you know, the 30 years I’ve been in public service.",S; S-Inform,,,,S; S-Inform,,,,S; S-Inform,,,
1066,CLINTON,I’m proud of that.,S,,,,S,,,,S,,,
1067,CLINTON,"You know, I started off as a young lawyer working against discrimination against African-American children in schools and in the criminal justice system.",S,,AE; APAT,,S,,AE; APAT,,S,,AE; APAT,
1068,CLINTON,"I worked to make sure that kids with disabilities could get a public education, something that I care very much about.",S,,,,S,,,,S,,,
1069,CLINTON,I have worked with Latinos—one of my first jobs in politics was down in south Texas registering Latino citizens to be able to vote.,S,,RB,,S,,RB,,S,,RB,
1070,CLINTON,"So I have a deep devotion, to use your absolutely correct word, to making sure that every American feels like he or she has a place in our country.",S; AGR,,APAT,,S; AGR,,APAT,,S; AGR,,APAT,
1071,CLINTON,"And I think when you look at the letters that I get, a lot of people are worried that maybe they wouldn’t have a place in Donald Trump’s America.",S,,APAT; IP,,S,,APAT; IP,,S,,APAT; IP,
1072,CLINTON,"They write me, and one woman wrote me about her son, Felix.",S,,,,S,,,,S,,,
1073,CLINTON,She adopted him from Ethiopia when he was a toddler.,S,,,,S,,,,S,,,
1074,CLINTON,He’s 10 years old now.,S; S-Inform,,,,S; S-Inform,,,,S; S-Inform,,,
1075,CLINTON,This is the only country he’s ever known.,S,,,,S,,,,S,,,
1076,CLINTON,"And he listens to Donald on TV and he said to his mother one day, will he send me back to Ethiopia if he gets elected?",,,,,,,,,,,,
1077,CLINTON,"You know, children listen to what is being said.",S,,AE,,S,,AE,,S,,AE,
1078,CLINTON,"To go back to the very, very first question.",IAFA,,,,IAFA,,,,IAFA,,,
1079,CLINTON,"And there’s a lot of fear—in fact, teachers and parents are calling it the Trump effect.",S,,,,S,,,,S,,,
1080,CLINTON,Bullying is up.,S,,,,S,,,,S,,,
1081,CLINTON,"A lot of people are feeling, you know, uneasy.",S,,,,S,,,,S,,,
1082,CLINTON,A lot of kids are expressing their concerns.,S,,,,S,,,,S,,,
1083,CLINTON,"So, first and foremost, I will do everything I can to reach out to everybody.",S,,,,S,,,,S,,,
1084,COOPER,"Your time, Secretary Clinton.",S,,,,S,,,,S,,,
1085,CLINTON,"Democrats, Republicans, independents, people across our country.",S,,,,S,,,,S,,,
1086,CLINTON,"If you don’t vote for me, I still want to be your president.",S,,,,S,,,,S,,,
1087,COOPER,Your two minutes is up.,S,,,,S,,,,S,,,
1088,CLINTON,I want to be the best president I can be for every American.,S,,APAT,,S,,APAT,,S,,APAT,
1089,COOPER,"Secretary Clinton, your two minutes is up.",S,,,,S,,,,S,,,
1090,COOPER,"I want to follow up on something that Donald Trump actually said to you, a comment you made last month.",S,,,,S,,,,S,,,
1091,COOPER,"You said that half of Donald Trump’s supporters are, quote, “deplorables, racist, sexist, homophobic, xenophobic, Islamophobic.",S,,,,S,,,,S,,,
1092,COOPER,” You later said you regretted saying half.,S,,,,S,,,,S,,,
1093,COOPER,You didn’t express regret for using the term “deplorables.,S,,,,S,,,,S,,,
1094,COOPER,” To Mr.,S,,,,S,,,,S,,,
1095,COOPER,"Carter’s question, how can you unite a country if you’ve written off tens of millions of Americans?",,,,,,,,,,,,
1096,CLINTON,"Well, within hours I said that I was sorry about the way I talked about that, because my argument is not with his supporters.",S; EXPL,,,,S; EXPL,,,,S; EXPL,,,
1097,CLINTON,"It’s with him and with the hateful and divisive campaign that he has run, and the inciting of violence at his rallies, and the very brutal kinds of comments about not just women, but all Americans, all kinds of Americans.",S,,,,S,,,,S,,,
1098,CLINTON,"And what he has said about African-Americans and Latinos, about Muslims, about POWs, about immigrants, about people with disabilities, he’s never apologized for.",S,,,,S,,,,S,,,
1099,CLINTON,And so I do think that a lot of the tone and tenor that he has said—I’m proud of the campaign that Bernie Sanders and I ran.,S,,,,S,,,,S,,,
1100,CLINTON,"We ran a campaign based on issues, not insults.",S,,,,S,,,,S,,,
1101,CLINTON,And he is supporting me 100 percent.,S; S-Inform,,,,S; S-Inform,,,,S; S-Inform,,,
1102,COOPER,Thank you.,IAFA; THK,,,,IAFA; THK,,,,IAFA; THK,,,
1103,CLINTON,Because we talked about what we wanted to do.,S; EXPL,,,,S; EXPL,,,,S; EXPL,,,
1104,CLINTON,"We might have had some differences, and we had a lot of debates…",S,,,,S,,,,S,,,
1105,COOPER,"Thank you, Secretary.",IAFA; THK,,,,IAFA; THK,,,,IAFA; THK,,,
1106,TRUMP,… but we believed that we could make the country better.,S,,,,S,,,,S,,,
1107,TRUMP,And I was proud of that.,S,,,,S,,,,S,,,
1108,COOPER,I want to give you a minute to respond.,S,,,,S,,,,S,,,
1109,TRUMP,We have a divided nation.,S,,,,S,,,,S,,,
1110,TRUMP,We have a very divided nation.,S,,,,S,,,,S,,,
1111,TRUMP,You look at Charlotte.,S,,,,S,,,,S,,,
1112,TRUMP,You look at Baltimore.,S,,,,S,,,,S,,,
1113,TRUMP,"You look at the violence that’s taking place in the inner cities, Chicago, you take a look at Washington, D.",S,,,,S,,,,S,,,
1114,TRUMP,"We have a increase in murder within our cities, the biggest in 45 years.",S; S-Inform,,,,S; S-Inform,,,,S; S-Inform,,,
1115,TRUMP,"We have a divided nation, because people like her—and believe me, she has tremendous hate in her heart.",S; EXPL,,,,S; EXPL,,,,S; EXPL,,,
1116,TRUMP,"And when she said deplorables, she meant it.",S,,,,S,,,,S,,,
1117,TRUMP,"And when she said irredeemable, they’re irredeemable, you didn’t mention that, but when she said they’re irredeemable, to me that might have been even worse.",S,,,,S,,,,S,,,
1118,COOPER,She said some of them are irredeemable.,S,,,,S,,,,S,,,
1119,TRUMP,She’s got tremendous—she’s got tremendous hatred.,S,,,,S,,,,S,,,
1120,TRUMP,"And this country cannot take another four years of Barack Obama, and that’s what you’re getting with her.",S,,,,S,,,,S,,,
1121,COOPER,Mr.,S,,,,S,,,,S,,,
1122,COOPER,"Trump, let me follow up with you.",S,,,,S,,,,S,,,
1123,COOPER,"In 2008, you wrote in one of your books that the most important characteristic of a good leader is discipline.",S; HS; S-Inform,,,,S; HS; S-Inform,,,,S; HS; S-Inform,,,
1124,COOPER,"You said, if a leader doesn’t have it, quote, “he or she won’t be one for very long.",S,,,,S,,,,S,,,
1125,COOPER,"” In the days after the first debate, you sent out a series of tweets from 3 a.",S; S-Inform,,,,S; S-Inform,,,,S; S-Inform,,,
1126,COOPER,to 5 a.,S; S-Inform,,,,S; S-Inform,,,,S; S-Inform,,,
1127,COOPER,", including one that told people to check out a sex tape.",S,,,,S,,,,S,,,
1128,COOPER,Is that the discipline of a good leader?,YNQ,,,,YNQ,,,,YNQ,,,
1129,TRUMP,"No, there wasn’t check out a sex tape.",IAFA; REJ; ANS,,,,IAFA; REJ; ANS,,,,IAFA; REJ; ANS,,,
1130,TRUMP,It was just take a look at the person that she built up to be this wonderful Girl Scout who was no Girl Scout.,S,,,,S,,,,S,,,
1131,COOPER,You mentioned sex tape.,S,,,,S,,,,S,,,
1132,TRUMP,"By the way, just so you understand, when she said 3 o’clock in the morning, take a look at Benghazi.",S; S-Inform,,,,S; S-Inform,,,,S; S-Inform,,,
1133,TRUMP,She said who is going to answer the call at 3 o’clock in the morning?,,,,,,,,,,,,
1134,TRUMP,Guess what?,,,,,,,,,,,,
1135,TRUMP,"She didn’t answer it, because when Ambassador Stevens…",S; EXPL,,,,S; EXPL,,,,S; EXPL,,,
1136,COOPER,"The question is, is that the discipline of a good leader?",,,,,,,,,,,,
1137,TRUMP,"… 600—wait a minute, Anderson, 600 times.",IAFA,,,,IAFA,,,,IAFA,,,
1138,TRUMP,"Well, she said she was awake at 3 o’clock in the morning, and she also sent a tweet out at 3 o’clock in the morning, but I won’t even mention that.",S; S-Inform,,,,S; S-Inform,,,,S; S-Inform,,,
1139,TRUMP,But she said she’ll be awake.,S,,,,S,,,,S,,,
1140,TRUMP,"Who’s going—the famous thing, we’re going to answer our call at 3 o’clock in the morning.",S; S-Inform,,,,S; S-Inform,,,,S; S-Inform,,,
1141,TRUMP,Guess what happened?,,,,,,,,,,,,
1142,TRUMP,Ambassador Stevens—Ambassador Stevens sent 600 requests for help.,S; S-Inform,,,,S; S-Inform,,,,S; S-Inform,,,
1143,TRUMP,"And the only one she talked to was Sidney Blumenthal, who’s her friend and not a good guy, by the way.",S,,,,S,,,,S,,,
1144,TRUMP,"So, you know, she shouldn’t be talking about that.",S,,,,S,,,,S,,,
1145,TRUMP,"Now, tweeting happens to be a modern day form of communication.",S,,,,S,,,,S,,,
1146,TRUMP,"I mean, you can like it or not like it.",S,,,,S,,,,S,,,
1147,TRUMP,"I have, between Facebook and Twitter, I have almost 25 million people.",S; S-Inform,,,,S; S-Inform,,,,S; S-Inform,,,
1148,TRUMP,It’s a very effective way of communication.,S,,,,S,,,,S,,,
1149,TRUMP,"So you can put it down, but it is a very effective form of communication.",S,,,,S,,,,S,,,
1150,TRUMP,"I’m not un-proud of it, to be honest with you.",S,,,,S,,,,S,,,
1151,COOPER,"Secretary Clinton, does Mr.",S,,,,S,,,,S,,,
1152,COOPER,Trump have the discipline to be a good leader?,,,,,,,,,,,,
1153,CLINTON,No.,S; REJ; ANS,,,,S; REJ; ANS,,,,S; REJ; ANS,,,
1154,TRUMP,I’m shocked to hear that.,S,,,,S,,,,S,,,
1155,CLINTON,"Well, it’s not only my opinion.",S,,,,S,,,,S,,,
1156,CLINTON,"It’s the opinion of many others, national security experts, Republicans, former Republican members of Congress.",S,,,,S,,,,S,,,
1157,CLINTON,"But it’s in part because those of us who have had the great privilege of seeing this job up close and know how difficult it is, and it’s not just because I watched my husband take a $300 billion deficit and turn it into a $200 billion surplus, and 23 million new jobs were created, and incomes went up for everybody.",S; EXPL; S-Inform,,,,S; EXPL; S-Inform,,,,S; EXPL; S-Inform,,,
1158,CLINTON,Everybody.,S,,,,S,,,,S,,,
1159,CLINTON,African-American incomes went up 33 percent.,S; S-Inform,,APAT,,S; S-Inform,,APAT,,S; S-Inform,,APAT,
1160,CLINTON,And it’s not just because I worked with George W.,S; EXPL,,,,S; EXPL,,,,S; EXPL,,,
1161,CLINTON,"Bush after 9/11, and I was very proud that when I told him what the city needed, what we needed to recover, he said you’ve got it, and he never wavered.",S; S-Inform,,,,S; S-Inform,,,,S; S-Inform,,,
1162,CLINTON,He stuck with me.,S,,,,S,,,,S,,,
1163,CLINTON,And I have worked and I admire President Obama.,S,,,,S,,,,S,,,
1164,CLINTON,He inherited the worst financial crisis since the Great Depression.,S,,AF,,S,,AF,,S,,AF,
1165,CLINTON,That was a terrible time for our country.,S,,,,S,,,,S,,,
1166,COOPER,We have to move along.,S,,,,S,,,,S,,,
1167,CLINTON,Nine million people lost their jobs.,S; S-Inform,,,,S; S-Inform,,,,S; S-Inform,,,
1168,RADDATZ,"Secretary Clinton, we have to…",S,,,,S,,,,S,,,
1169,CLINTON,Five million homes were lost.,S; S-Inform,,,,S; S-Inform,,,,S; S-Inform,,,
1170,RADDATZ,"Secretary Clinton, we’re moving on.",S,,,,S,,,,S,,,
1171,CLINTON,And $13 trillion in family wealth was wiped out.,S; S-Inform,,,,S; S-Inform,,,,S; S-Inform,,,
1172,CLINTON,We are back on the right track.,S,,PB,,S,,PB,,S,,PB,
1173,CLINTON,He would send us back into recession with his tax plans that benefit the wealthiest of Americans.,S,,,,S,,,,S,,,
1174,RADDATZ,"Secretary Clinton, we are moving to an audience question.",S,,,,S,,,,S,,,
1175,RADDATZ,We’re almost out of time.,S,,,,S,,,,S,,,
1176,RADDATZ,We have another…,S,,,,S,,,,S,,,
1177,TRUMP,We have the slowest growth since 1929.,S; HS; S-Inform,,,,S; HS; S-Inform,,,,S; HS; S-Inform,,,
1178,RADDATZ,Mr.,S,,,,S,,,,S,,,
1179,RADDATZ,"Trump, we’re moving to an audience question.",S,,,,S,,,,S,,,
1180,TRUMP,It is—our country has the slowest growth and jobs are a disaster.,S,,AF,,S,,AF,,S,,AF,
1181,RADDATZ,Mr.,S,,,,S,,,,S,,,
1182,RADDATZ,"Trump, Secretary Clinton, we want to get to the audience.",S,,,,S,,,,S,,,
1183,RADDATZ,Thank you very much both of you.,IAFA; THK,,,,IAFA; THK,,,,IAFA; THK,,,
1184,RADDATZ,We have another audience question.,S,,,,S,,,,S,,,
1185,RADDATZ,Beth Miller has a question for both candidates.,S,,,,S,,,,S,,,
1186,QUESTION,Good evening.,S; GR,,,,S; GR,,,,S; GR,,,
1187,QUESTION,Perhaps the most important aspect of this election is the Supreme Court justice.,S,,,,S,,,,S,,,
1188,QUESTION,What would you prioritize as the most important aspect of selecting a Supreme Court justice?,Q-W,,,,Q-W,,,,Q-W,,,
1189,RADDATZ,"We begin with your two minutes, Secretary Clinton.",S,,,,S,,,,S,,,
1190,CLINTON,Thank you.,IAFA; THK,,,,IAFA; THK,,,,IAFA; THK,,,
1191,CLINTON,"Well, you’re right.",S,,,,S,,,,S,,,
1192,CLINTON,This is one of the most important issues in this election.,S,,,,S,,,,S,,,
1193,CLINTON,"I want to appoint Supreme Court justices who understand the way the world really works, who have real-life experience, who have not just been in a big law firm and maybe clerked for a judge and then gotten on the bench, but, you know, maybe they tried some more cases, they actually understand what people are up against.",S,,,,S,,,,S,,,
1194,CLINTON,Because I think the current court has gone in the wrong direction.,S; EXPL,,IP,,S; EXPL,,IP,,S; EXPL,,IP,
1195,CLINTON,"And so I would want to see the Supreme Court reverse Citizens United and get dark, unaccountable money out of our politics.",S,,UF,,S,,UF,,S,,UF,
1196,CLINTON,Donald doesn’t agree with that.,S,,,,S,,,,S,,,
1197,CLINTON,"I would like the Supreme Court to understand that voting rights are still a big problem in many parts of our country, that we don’t always do everything we can to make it possible for people of color and older people and young people to be able to exercise their franchise.",S,,,,S,,,,S,,,
1198,CLINTON,I want a Supreme Court that will stick with Roe v.,S,,,,S,,,,S,,,
1199,CLINTON,"Wade and a woman’s right to choose, and I want a Supreme Court that will stick with marriage equality.",S,,,,S,,,,S,,,
1200,CLINTON,"Now, Donald has put forth the names of some people that he would consider.",S,,,,S,,,,S,,,
1201,CLINTON,And among the ones that he has suggested are people who would reverse Roe v.,S,,,,S,,,,S,,,
1202,CLINTON,Wade and reverse marriage equality.,S,,,,S,,,,S,,,
1203,CLINTON,I think that would be a terrible mistake and would take us backwards.,S,,IP,,S,,IP,,S,,IP,
1204,CLINTON,I want a Supreme Court that doesn’t always side with corporate interests.,S,,,,S,,,,S,,,
1205,CLINTON,I want a Supreme Court that understands because you’re wealthy and you can give more money to something doesn’t mean you have any more rights or should have any more rights than anybody else.,S; EXPL,,,,S; EXPL,,,,S; EXPL,,,
1206,CLINTON,So I have very clear views about what I want to see to kind of change the balance on the Supreme Court.,S,,,,S,,,,S,,,
1207,CLINTON,"And I regret deeply that the Senate has not done its job and they have not permitted a vote on the person that President Obama, a highly qualified person, they’ve not given him a vote to be able to be have the full complement of nine Supreme Court justices.",S; APO,,,,S; APO,,,,S; APO,,,
1208,CLINTON,I think that was a dereliction of duty.,S,,IP,,S,,IP,,S,,IP,
1209,CLINTON,"I hope that they will see their way to doing it, but if I am so fortunate enough as to be president, I will immediately move to make sure that we fill that, we have nine justices that get to work on behalf of our people.",S,,,,S,,,,S,,,
1210,RADDATZ,"Thank you, Secretary Clinton.",IAFA; THK,,,,IAFA; THK,,,,IAFA; THK,,,
1211,RADDATZ,Thank you.,IAFA; THK,,,,IAFA; THK,,,,IAFA; THK,,,
1212,RADDATZ,You’re out of time.,S,,,,S,,,,S,,,
1213,RADDATZ,Mr.,S,,,,S,,,,S,,,
1214,RADDATZ,Trump?,,,,,,,,,,,,
1215,TRUMP,"Justice Scalia, great judge, died recently.",S,,,,S,,,,S,,,
1216,TRUMP,And we have a vacancy.,S,,,,S,,,,S,,,
1217,TRUMP,I am looking to appoint judges very much in the mold of Justice Scalia.,S,,,,S,,,,S,,,
1218,TRUMP,"I’m looking for judges—and I’ve actually picked 20 of them so that people would see, highly respected, highly thought of, and actually very beautifully reviewed by just about everybody.",S; S-Inform,,,,S; S-Inform,,,,S; S-Inform,,,
1219,TRUMP,But people that will respect the Constitution of the United States.,S,,APAT; UF,,S,,APAT; UF,,S,,APAT; UF,
1220,TRUMP,And I think that this is so important.,S,,IP,,S,,IP,,S,,IP,
1221,TRUMP,"Also, the Second Amendment, which is totally under siege by people like Hillary Clinton.",S,,,,S,,,,S,,,
1222,TRUMP,"They’ll respect the Second Amendment and what it stands for, what it represents.",S,,,,S,,,,S,,,
1223,TRUMP,So important to me.,S,,,,S,,,,S,,,
1224,TRUMP,"Now, Hillary mentioned something about contributions just so you understand.",S,,,,S,,,,S,,,
1225,TRUMP,"So I will have in my race more than $100 million put in—of my money, meaning I’m not taking all of this big money from all of these different corporations like she’s doing.",S; S-Inform,,RB,,S; S-Inform,,RB,,S; S-Inform,,RB,
1226,TRUMP,What I ask is this.,S,,,,S,,,,S,,,
1227,TRUMP,"So I’m putting in more than—by the time it’s finished, I’ll have more than $100 million invested.",S; S-Inform,,,,S; S-Inform,,,,S; S-Inform,,,
1228,TRUMP,Pretty much self-funding mine.,S,,,,S,,,,S,,,
1229,TRUMP,"We’re raising money for the Republican Party, and we’re doing tremendously on the small donations, $61 average or so.",S; S-Inform,,,,S; S-Inform,,,,S; S-Inform,,,
1230,TRUMP,"I ask Hillary, why doesn’t—she made $250 million by being in office.",S; S-Inform,,,,S; S-Inform,,,,S; S-Inform,,,
1231,TRUMP,She used the power of her office to make a lot of money.,S,,,,S,,,,S,,,
1232,TRUMP,"Why isn’t she funding, not for $100 million, but why don’t you put $10 million or $20 million or $25 million or $30 million into your own campaign?",Q-W,,,,Q-W,,,,Q-W,,,
1233,TRUMP,"It’s $30 million less for special interests that will tell you exactly what to do and it would really, I think, be a nice sign to the American public.",S; AGR; S-Inform,,APAT; IP,,S; AGR; S-Inform,,APAT; IP,,S; AGR; S-Inform,,APAT; IP,
1234,TRUMP,Why aren’t you putting some money in?,Q-W,,,,Q-W,,,,Q-W,,,
1235,TRUMP,You have a lot of it.,S,,,,S,,,,S,,,
1236,TRUMP,You’ve made a lot of it because of the fact that you’ve been in office.,S; EXPL,,,,S; EXPL,,,,S; EXPL,,,
1237,TRUMP,"Made a lot of it while you were secretary of state, actually.",S,,,,S,,,,S,,,
1238,TRUMP,So why aren’t you putting money into your own campaign?,,,,,,,,,,,,
1239,TRUMP,I’m just curious.,S,,,,S,,,,S,,,
1240,CLINTON,Well…,S,,,,S,,,,S,,,
1241,RADDATZ,Thank you very much.,IAFA; THK,,,,IAFA; THK,,,,IAFA; THK,,,
1242,RADDATZ,We’re going to get on to one more question.,S,,,,S,,,,S,,,
1243,CLINTON,The question was about the Supreme Court.,S,,,,S,,,,S,,,
1244,CLINTON,"And I just want to quickly say, I respect the Second Amendment.",S,,,,S,,,,S,,,
1245,CLINTON,"But I believe there should be comprehensive background checks, and we should close the gun show loophole, and close the online loophole.",S,,IP,,S,,IP,,S,,IP,
1246,COOPER,Thank you.,IAFA; THK,,,,IAFA; THK,,,,IAFA; THK,,,
1247,RADDATZ,"We have—we have one more question, Mrs.",S,,,,S,,,,S,,,
1248,RADDATZ,Clinton.,S,,,,S,,,,S,,,
1249,CLINTON,We have to save as many lives as we possibly can.,S,,,,S,,,,S,,,
1250,COOPER,We have one more question from Ken Bone about energy policy.,S,,,,S,,,,S,,,
1251,COOPER,Ken?,,,,,,,,,,,,
1252,QUESTION,"What steps will your energy policy take to meet our energy needs, while at the same time remaining environmentally friendly and minimizing job loss for fossil power plant workers?",Q-W,,,,Q-W,,,,Q-W,,,
1253,COOPER,Mr.,S,,,,S,,,,S,,,
1254,COOPER,"Trump, two minutes?",,,,,,,,,,,,
1255,TRUMP,Absolutely.,S; AGR,,,,S; AGR,,,,S; AGR,,,
1256,TRUMP,"I think it’s such a great question, because energy is under siege by the Obama administration.",S; EXPL,,IP,,S; EXPL,,IP,,S; EXPL,,IP,
1257,TRUMP,Under absolutely siege.,S; AGR,,,,S; AGR,,,,S; AGR,,,
1258,TRUMP,"The EPA, Environmental Protection Agency, is killing these energy companies.",S,,,,S,,,,S,,,
1259,TRUMP,And foreign companies are now coming in buying our—buying so many of our different plants and then re-jiggering the plant so that they can take care of their oil.,S,,,,S,,,,S,,,
1260,TRUMP,We are killing—absolutely killing our energy business in this country.,S; AGR,,,,S; AGR,,,,S; AGR,,,
1261,TRUMP,"Now, I’m all for alternative forms of energy, including wind, including solar, et cetera.",S,,,,S,,,,S,,,
1262,TRUMP,But we need much more than wind and solar.,S,,,,S,,,,S,,,
1263,TRUMP,And you look at our miners.,S,,,,S,,,,S,,,
1264,TRUMP,Hillary Clinton wants to put all the miners out of business.,S,,,,S,,,,S,,,
1265,TRUMP,There is a thing called clean coal.,IAFA,,,,IAFA,,,,IAFA,,,
1266,TRUMP,"Coal will last for 1,000 years in this country.",S; S-Inform,,,,S; S-Inform,,,,S; S-Inform,,,
1267,TRUMP,Now we have natural gas and so many other things because of technology.,S; EXPL,,,,S; EXPL,,,,S; EXPL,,,
1268,TRUMP,"We have unbelievable—we have found over the last seven years, we have found tremendous wealth right under our feet.",S,,,,S,,,,S,,,
1269,TRUMP,So good.,S,,,,S,,,,S,,,
1270,TRUMP,Especially when you have $20 trillion in debt.,S; S-Inform,,,,S; S-Inform,,,,S; S-Inform,,,
1271,TRUMP,I will bring our energy companies back.,S,,,,S,,,,S,,,
1272,TRUMP,They’ll be able to compete.,S,,,,S,,,,S,,,
1273,TRUMP,They’ll make money.,S,,,,S,,,,S,,,
1274,TRUMP,They’ll pay off our national debt.,S,,,,S,,,,S,,,
1275,TRUMP,"They’ll pay off our tremendous budget deficits, which are tremendous.",S,,,,S,,,,S,,,
1276,TRUMP,But we are putting our energy companies out of business.,S,,,,S,,,,S,,,
1277,TRUMP,We have to bring back our workers.,S,,,,S,,,,S,,,
1278,TRUMP,"You take a look at what’s happening to steel and the cost of steel and China dumping vast amounts of steel all over the United States, which essentially is killing our steelworkers and our steel companies.",S,,UF,,S,,UF,,S,,UF,
1279,TRUMP,We have to guard our energy companies.,S,,,,S,,,,S,,,
1280,TRUMP,We have to make it possible.,S,,,,S,,,,S,,,
1281,TRUMP,The EPA is so restrictive that they are putting our energy companies out of business.,S,,,,S,,,,S,,,
1282,TRUMP,"And all you have to do is go to a great place like West Virginia or places like Ohio, which is phenomenal, or places like Pennsylvania and you see what they’re doing to the people, miners and others in the energy business.",S,,,,S,,,,S,,,
1283,TRUMP,It’s a disgrace.,S,,,,S,,,,S,,,
1284,COOPER,Your time is up.,S,,,,S,,,,S,,,
1285,COOPER,Thank you.,IAFA; THK,,,,IAFA; THK,,,,IAFA; THK,,,
1286,TRUMP,It’s an absolute disgrace.,S,,,,S,,,,S,,,
1287,COOPER,"Secretary Clinton, two minutes.",S,,,,S,,,,S,,,
1288,CLINTON,"And actually—well, that was very interesting.",S,,,,S,,,,S,,,
1289,CLINTON,"First of all, China is illegally dumping steel in the United States and Donald Trump is buying it to build his buildings, putting steelworkers and American steel plants out of business.",S,,APAT; UF,,S,,APAT; UF,,S,,APAT; UF,
1290,CLINTON,That’s something that I fought against as a senator and that I would have a trade prosecutor to make sure that we don’t get taken advantage of by China on steel or anything else.,S,,,,S,,,,S,,,
1291,CLINTON,"You know, because it sounds like you’re in the business or you’re aware of people in the business—you know that we are now for the first time ever energy-independent.",S; EXPL,,,,S; EXPL,,,,S; EXPL,,,
1292,CLINTON,We are not dependent upon the Middle East.,S,,,,S,,,,S,,,
1293,CLINTON,But the Middle East still controls a lot of the prices.,S,,,,S,,,,S,,,
1294,CLINTON,So the price of oil has been way down.,S,,,,S,,,,S,,,
1295,CLINTON,"And that has had a damaging effect on a lot of the oil companies, right?",,,,,,,,,,,,
1296,CLINTON,"We are, however, producing a lot of natural gas, which serves as a bridge to more renewable fuels.",S,,,,S,,,,S,,,
1297,CLINTON,And I think that’s an important transition.,S,,IP,,S,,IP,,S,,IP,
1298,CLINTON,We’ve got to remain energy-independent.,S,,,,S,,,,S,,,
1299,CLINTON,It gives us much more power and freedom than to be worried about what goes on in the Middle East.,S,,APAT,,S,,APAT,,S,,APAT,
1300,CLINTON,We have enough worries over there without having to worry about that.,S,,,,S,,,,S,,,
1301,CLINTON,"So I have a comprehensive energy policy, but it really does include fighting climate change, because I think that is a serious problem.",S; EXPL,,IP,,S; EXPL,,IP,,S; EXPL,,IP,
1302,CLINTON,"And I support moving toward more clean, renewable energy as quickly as we can, because I think we can be the 21st century clean energy superpower and create millions of new jobs and businesses.",S; EXPL; S-Inform,,IP,,S; EXPL; S-Inform,,IP,,S; EXPL; S-Inform,,IP,
1303,CLINTON,But I also want to be sure that we don’t leave people behind.,S,,,,S,,,,S,,,
1304,CLINTON,"That’s why I’m the only candidate from the very beginning of this campaign who had a plan to help us revitalize coal country, because those coal miners and their fathers and their grandfathers, they dug that coal out.",S; EXPL,,,,S; EXPL,,,,S; EXPL,,,
1305,CLINTON,A lot of them lost their lives.,S,,,,S,,,,S,,,
1306,CLINTON,"They were injured, but they turned the lights on and they powered our factories.",S,,,,S,,,,S,,,
1307,CLINTON,I don’t want to walk away from them.,S,,,,S,,,,S,,,
1308,CLINTON,So we’ve got to do something for them.,S,,,,S,,,,S,,,
1309,COOPER,Secretary Clinton…,S,,,,S,,,,S,,,
1310,CLINTON,But the price of coal is down worldwide.,S,,,,S,,,,S,,,
1311,CLINTON,So we have to look at this comprehensively.,S,,,,S,,,,S,,,
1312,COOPER,Your time is up.,S,,,,S,,,,S,,,
1313,CLINTON,And that’s exactly what I have proposed.,S; AGR,,,,S; AGR,,,,S; AGR,,,
1314,CLINTON,I hope you will go to HillaryClinton.,S,,,,S,,,,S,,,
1315,CLINTON,com and look at my entire policy.,IAFA,,,,IAFA,,,,IAFA,,,
1316,COOPER,Time is up.,S,,,,S,,,,S,,,
1317,COOPER,We have time for one more…,S,,,,S,,,,S,,,
1318,RADDATZ,We have…,S,,,,S,,,,S,,,
1319,COOPER,One more audience question.,S,,,,S,,,,S,,,
1320,RADDATZ,"We’ve sneaked in one more question, and it comes from Karl Becker.",S,,,,S,,,,S,,,
1321,QUESTION,Good evening.,S; GR,,,,S; GR,,,,S; GR,,,
1322,QUESTION,"My question to both of you is, regardless of the current rhetoric, would either of you name one positive thing that you respect in one another?",,,UF,,,,UF,,,,UF,
1323,RADDATZ,Mr.,S,,,,S,,,,S,,,
1324,RADDATZ,"Trump, would you like to go first?",IAFA-OF,,,,IAFA-OF,,,,IAFA-OF,,,
1325,CLINTON,"Well, I certainly will, because I think that’s a very fair and important question.",S; EXPL,,IP,,S; EXPL,,IP,,S; EXPL,,IP,
1326,CLINTON,"Look, I respect his children.",S,,AE,,S,,AE,,S,,AE,
1327,CLINTON,"His children are incredibly able and devoted, and I think that says a lot about Donald.",S,,AE; IP,,S,,AE; IP,,S,,AE; IP,
1328,CLINTON,"I don’t agree with nearly anything else he says or does, but I do respect that.",S,,,,S,,,,S,,,
1329,CLINTON,And I think that is something that as a mother and a grandmother is very important to me.,S; EXPL,,IP,,S; EXPL,,IP,,S; EXPL,,IP,
1330,CLINTON,"So I believe that this election has become in part so—so conflict-oriented, so intense because there’s a lot at stake.",S; EXPL,,IP,,S; EXPL,,IP,,S; EXPL,,IP,
1331,CLINTON,"This is not an ordinary time, and this is not an ordinary election.",S,,,,S,,,,S,,,
1332,CLINTON,"We are going to be choosing a president who will set policy for not just four or eight years, but because of some of the important decisions we have to make here at home and around the world, from the Supreme Court to energy and so much else, and so there is a lot at stake.",S; EXPL,,,,S; EXPL,,,,S; EXPL,,,
1333,CLINTON,It’s one of the most consequential elections that we’ve had.,S,,,,S,,,,S,,,
1334,CLINTON,"And that’s why I’ve tried to put forth specific policies and plans, trying to get it off of the personal and put it on to what it is I want to do as president.",S,,,,S,,,,S,,,
1335,CLINTON,"And that’s why I hope people will check on that for themselves so that they can see that, yes, I’ve spent 30 years, actually maybe a little more, working to help kids and families.",S; S-Inform,,AE,,S; S-Inform,,AE,,S; S-Inform,,AE,
1336,CLINTON,And I want to take all that experience to the White House and do that every single day.,S,,RB,,S,,RB,,S,,RB,
1337,RADDATZ,Mr.,S,,,,S,,,,S,,,
1338,RADDATZ,Trump?,,,,,,,,,,,,
1339,TRUMP,"Well, I consider her statement about my children to be a very nice compliment.",S,,AE,,S,,AE,,S,,AE,
1340,TRUMP,"I don’t know if it was meant to be a compliment, but it is a great—I’m very proud of my children.",S,,AE,,S,,AE,,S,,AE,
1341,TRUMP,"And they’ve done a wonderful job, and they’ve been wonderful, wonderful kids.",S,,,,S,,,,S,,,
1342,TRUMP,So I consider that a compliment.,S,,,,S,,,,S,,,
1343,TRUMP,I will say this about Hillary.,S,,,,S,,,,S,,,
1344,TRUMP,She doesn’t quit.,S,,,,S,,,,S,,,
1345,TRUMP,She doesn’t give up.,S,,,,S,,,,S,,,
1346,TRUMP,I respect that.,S,,,,S,,,,S,,,
1347,TRUMP,I tell it like it is.,S,,,,S,,,,S,,,
1348,TRUMP,She’s a fighter.,S,,,,S,,,,S,,,
1349,TRUMP,I disagree with much of what she’s fighting for.,S; DIS,,,,S; DIS,,,,S; DIS,,,
1350,TRUMP,I do disagree with her judgment in many cases.,S,,,,S,,,,S,,,
1351,TRUMP,"But she does fight hard, and she doesn’t quit, and she doesn’t give up.",S,,,,S,,,,S,,,
1352,TRUMP,And I consider that to be a very good trait.,S,,,,S,,,,S,,,
1353,RADDATZ,Thanks to both of you.,S; THK,,,,S; THK,,,,S; THK,,,
1354,COOPER,We want to thank both the candidates.,S,,,,S,,,,S,,,
1355,COOPER,We want to thank the university here.,S,,,,S,,,,S,,,
1356,COOPER,This concludes the town hall meeting.,S,,,,S,,,,S,,,
1357,COOPER,"Our thanks to the candidates, the commission, Washington University, and to everybody who watched.",S; THK,,,,S; THK,,,,S; THK,,,
1358,RADDATZ,"Please tune in on October 19th for the final presidential debate that will take place at the University of Nevada, Las Vegas.",S; S-Inform,,,,S; S-Inform,,,,S; S-Inform,,,
1359,RADDATZ,"Good night, everyone.",S; GR,,,,S; GR,,,,S; GR,,,
