unit_id,speaker,text,Annotator 1 - Phase A (DAMSL),Annotator 1 - Phase A notes,Annotator 1 - Phase B (Beads),Annotator 1 - Phase B notes,Annotator 2 - Phase A (DAMSL),Annotator 2 - Phase A notes,Annotator 2 - Phase B (Beads),Annotator 2 - Phase B notes,Annotator 3 - Phase A (DAMSL),Annotator 3 - Phase A notes,Annotator 3 - Phase B (Beads),Annotator 3 - Phase B notes
1,MODERATOR,Lester Holt,S,,,,S,,,,S,,,
2,HOLT,"Good evening from Hofstra University in Hempstead, New York.",S; GR,,,,S; GR,,,,S; GR,,,
3,HOLT,"I’m Lester Holt, anchor of “NBC Nightly News.",S,,,,S,,,,S,,,
4,HOLT,” I want to welcome you to the first presidential debate.,S; GR,,,,S; GR,,,,S; GR,,,
5,HOLT,The participants tonight are Donald Trump and Hillary Clinton.,S,,,,S,,,,S,,,
6,HOLT,"This debate is sponsored by the Commission on Presidential Debates, a nonpartisan, nonprofit organization.",S,,,,S,,,,S,,,
7,HOLT,"The commission drafted tonight’s format, and the rules have been agreed to by the campaigns.",S,,,,S,,,,S,,,
8,HOLT,"The 90-minute debate is divided into six segments, each 15 minutes long.",S; S-Inform,,,,S; S-Inform,,,,S; S-Inform,,,
9,HOLT,We’ll explore three topic areas tonight: Achieving prosperity; America’s direction; and securing America.,S,,APAT,,S,,APAT,,S,,APAT,
10,HOLT,"At the start of each segment, I will ask the same lead-off question to both candidates, and they will each have up to two minutes to respond.",S,,,,S,,,,S,,,
11,HOLT,"From that point until the end of the segment, we’ll have an open discussion.",S,,,,S,,,,S,,,
12,HOLT,The questions are mine and have not been shared with the commission or the campaigns.,S,,,,S,,,,S,,,
13,HOLT,The audience here in the room has agreed to remain silent so that we can focus on what the candidates are saying.,S,,,,S,,,,S,,,
14,HOLT,"I will invite you to applaud, however, at this moment, as we welcome the candidates: Democratic nominee for president of the United States, Hillary Clinton, and Republican nominee for president of the United States, Donald J.",S; GR,,UF,,S; GR,,UF,,S; GR,,UF,
15,HOLT,Trump.,S,,,,S,,,,S,,,
16,CLINTON,"How are you, Donald?",Q-W,,,,Q-W,,,,Q-W,,,
17,HOLT,Good luck to you.,S,,,,S,,,,S,,,
18,HOLT,"Well, I don’t expect us to cover all the issues of this campaign tonight, but I remind everyone, there are two more presidential debates scheduled.",S,,,,S,,,,S,,,
19,HOLT,"We are going to focus on many of the issues that voters tell us are most important, and we’re going to press for specifics.",S,,,,S,,,,S,,,
20,HOLT,"I am honored to have this role, but this evening belongs to the candidates and, just as important, to the American people.",S,,AP; APAT,,S,,AP; APAT,,S,,AP; APAT,
21,HOLT,"Candidates, we look forward to hearing you articulate your policies and your positions, as well as your visions and your values.",S,,,,S,,,,S,,,
22,HOLT,"So, let’s begin.",S,,,,S,,,,S,,,
23,HOLT,We’re calling this opening segment “Achieving Prosperity.,S,,,,S,,,,S,,,
24,HOLT,” And central to that is jobs.,S; EXPL,,,,S; EXPL,,,,S; EXPL,,,
25,HOLT,There are two economic realities in America today.,IAFA,,APAT,,IAFA,,APAT,,IAFA,,APAT,
26,HOLT,"There’s been a record six straight years of job growth, and new census numbers show incomes have increased at a record rate after years of stagnation.",S,,,,S,,,,S,,,
27,HOLT,"However, income inequality remains significant, and nearly half of Americans are living paycheck to paycheck.",S,,,,S,,,,S,,,
28,HOLT,"Beginning with you, Secretary Clinton, why are you a better choice than your opponent to create the kinds of jobs that will put more money into the pockets of American workers?",,,APAT,,,,APAT,,,,APAT,
29,CLINTON,"Well, thank you, Lester, and thanks to Hofstra for hosting us.",IAFA; THK,,,,IAFA; THK,,,,IAFA; THK,,,
30,CLINTON,The central question in this election is really what kind of country we want to be and what kind of future we’ll build together.,S,,,,S,,,,S,,,
31,CLINTON,"Today is my granddaughter’s second birthday, so I think about this a lot.",S,,IP,,S,,IP,,S,,IP,
32,CLINTON,"First, we have to build an economy that works for everyone, not just those at the top.",S,,,,S,,,,S,,,
33,CLINTON,"That means we need new jobs, good jobs, with rising incomes.",S,,,,S,,,,S,,,
34,CLINTON,I want us to invest in you.,S,,,,S,,,,S,,,
35,CLINTON,I want us to invest in your future.,S,,,,S,,,,S,,,
36,CLINTON,"That means jobs in infrastructure, in advanced manufacturing, innovation and technology, clean, renewable energy, and small business, because most of the new jobs will come from small business.",S; EXPL,,,,S; EXPL,,,,S; EXPL,,,
37,CLINTON,We also have to make the economy fairer.,S,,,,S,,,,S,,,
38,CLINTON,"That starts with raising the national minimum wage and also guarantee, finally, equal pay for women’s work.",S,,,,S,,,,S,,,
39,CLINTON,I also want to see more companies do profit-sharing.,S,,,,S,,,,S,,,
40,CLINTON,"If you help create the profits, you should be able to share in them, not just the executives at the top.",S,,,,S,,,,S,,,
41,CLINTON,And I want us to do more to support people who are struggling to balance family and work.,S,,,,S,,,,S,,,
42,CLINTON,I’ve heard from so many of you about the difficult choices you face and the stresses that you’re under.,S,,,,S,,,,S,,,
43,CLINTON,"So let’s have paid family leave, earned sick days.",S,,,,S,,,,S,,,
44,CLINTON,Let’s be sure we have affordable child care and debt-free college.,S,,,,S,,,,S,,,
45,CLINTON,How are we going to do it?,Q-W,,,,Q-W,,,,Q-W,,,
46,CLINTON,We’re going to do it by having the wealthy pay their fair share and close the corporate loopholes.,S,,,,S,,,,S,,,
47,CLINTON,"Finally, we tonight are on the stage together, Donald Trump and I.",S,,,,S,,,,S,,,
48,CLINTON,"Donald, it’s good to be with you.",S,,,,S,,,,S,,,
49,CLINTON,We’re going to have a debate where we are talking about the important issues facing our country.,S,,,,S,,,,S,,,
50,CLINTON,"You have to judge us, who can shoulder the immense, awesome responsibilities of the presidency, who can put into action the plans that will make your life better.",S,,,,S,,,,S,,,
51,CLINTON,I hope that I will be able to earn your vote on November 8th.,S; S-Inform,,,,S; S-Inform,,,,S; S-Inform,,,
52,HOLT,"Secretary Clinton, thank you.",IAFA; THK,,,,IAFA; THK,,,,IAFA; THK,,,
53,HOLT,Mr.,S,,,,S,,,,S,,,
54,HOLT,"Trump, the same question to you.",S,,,,S,,,,S,,,
55,HOLT,It’s about putting money—more money into the pockets of American workers.,S,,APAT,,S,,APAT,,S,,APAT,
56,HOLT,You have up to two minutes.,S,,,,S,,,,S,,,
57,TRUMP,"Thank you, Lester.",IAFA; THK,,,,IAFA; THK,,,,IAFA; THK,,,
58,TRUMP,Our jobs are fleeing the country.,S,,,,S,,,,S,,,
59,TRUMP,They’re going to Mexico.,S,,,,S,,,,S,,,
60,TRUMP,They’re going to many other countries.,S,,,,S,,,,S,,,
61,TRUMP,You look at what China is doing to our country in terms of making our product.,S,,,,S,,,,S,,,
62,TRUMP,"They’re devaluing their currency, and there’s nobody in our government to fight them.",S,,,,S,,,,S,,,
63,TRUMP,And we have a very good fight.,S,,,,S,,,,S,,,
64,TRUMP,And we have a winning fight.,S,,,,S,,,,S,,,
65,TRUMP,"Because they’re using our country as a piggy bank to rebuild China, and many other countries are doing the same thing.",S; EXPL,,,,S; EXPL,,,,S; EXPL,,,
66,TRUMP,"So we’re losing our good jobs, so many of them.",S,,,,S,,,,S,,,
67,TRUMP,"When you look at what’s happening in Mexico, a friend of mine who builds plants said it’s the eighth wonder of the world.",S,,,,S,,,,S,,,
68,TRUMP,"They’re building some of the biggest plants anywhere in the world, some of the most sophisticated, some of the best plants.",S,,,,S,,,,S,,,
69,TRUMP,"With the United States, as he said, not so much.",S,,UF,,S,,UF,,S,,UF,
70,TRUMP,So Ford is leaving.,S,,,,S,,,,S,,,
71,TRUMP,"You see that, their small car division leaving.",S,,,,S,,,,S,,,
72,TRUMP,"Thousands of jobs leaving Michigan, leaving Ohio.",S,,,,S,,,,S,,,
73,TRUMP,They’re all leaving.,S,,,,S,,,,S,,,
74,TRUMP,And we can’t allow it to happen anymore.,S,,,,S,,,,S,,,
75,TRUMP,"As far as child care is concerned and so many other things, I think Hillary and I agree on that.",S; AGR,,IP,,S; AGR,,IP,,S; AGR,,IP,
76,TRUMP,"We probably disagree a little bit as to numbers and amounts and what we’re going to do, but perhaps we’ll be talking about that later.",S,,,,S,,,,S,,,
77,TRUMP,But we have to stop our jobs from being stolen from us.,S,,,,S,,,,S,,,
78,TRUMP,"We have to stop our companies from leaving the United States and, with it, firing all of their people.",S,,UF,,S,,UF,,S,,UF,
79,TRUMP,All you have to do is take a look at Carrier air conditioning in Indianapolis.,S,,,,S,,,,S,,,
80,TRUMP,"They left—fired 1,400 people.",S; S-Inform,,,,S; S-Inform,,,,S; S-Inform,,,
81,TRUMP,They’re going to Mexico.,S,,,,S,,,,S,,,
82,TRUMP,So many hundreds and hundreds of companies are doing this.,S,,,,S,,,,S,,,
83,TRUMP,We cannot let it happen.,S,,,,S,,,,S,,,
84,TRUMP,"Under my plan, I’ll be reducing taxes tremendously, from 35 percent to 15 percent for companies, small and big businesses.",S; S-Inform,,,,S; S-Inform,,,,S; S-Inform,,,
85,TRUMP,That’s going to be a job creator like we haven’t seen since Ronald Reagan.,S; HS,,,,S; HS,,,,S; HS,,,
86,TRUMP,It’s going to be a beautiful thing to watch.,S,,,,S,,,,S,,,
87,TRUMP,Companies will come.,S,,,,S,,,,S,,,
88,TRUMP,They will build.,S,,,,S,,,,S,,,
89,TRUMP,They will expand.,S,,,,S,,,,S,,,
90,TRUMP,New companies will start.,S,,,,S,,,,S,,,
91,TRUMP,"And I look very, very much forward to doing it.",S,,,,S,,,,S,,,
92,TRUMP,"We have to renegotiate our trade deals, and we have to stop these countries from stealing our companies and our jobs.",S,,,,S,,,,S,,,
93,HOLT,"Secretary Clinton, would you like to respond?",IAFA-OF,,,,IAFA-OF,,,,IAFA-OF,,,
94,CLINTON,"Well, I think that trade is an important issue.",S,,IP,,S,,IP,,S,,IP,
95,CLINTON,"Of course, we are 5 percent of the world’s population; we have to trade with the other 95 percent.",S; S-Inform,,,,S; S-Inform,,,,S; S-Inform,,,
96,CLINTON,"And we need to have smart, fair trade deals.",S,,,,S,,,,S,,,
97,CLINTON,"We also, though, need to have a tax system that rewards work and not just financial transactions.",S,,,,S,,,,S,,,
98,CLINTON,And the kind of plan that Donald has put forth would be trickle-down economics all over again.,S,,,,S,,,,S,,,
99,CLINTON,"In fact, it would be the most extreme version, the biggest tax cuts for the top percent of the people in this country than we’ve ever had.",S; S-Inform,,,,S; S-Inform,,,,S; S-Inform,,,
100,CLINTON,"I call it trumped-up trickle-down, because that’s exactly what it would be.",S; AGR; EXPL,,,,S; AGR; EXPL,,,,S; AGR; EXPL,,,
101,CLINTON,That is not how we grow the economy.,S; EXPL,,,,S; EXPL,,,,S; EXPL,,,
102,CLINTON,"We just have a different view about what’s best for growing the economy, how we make investments that will actually produce jobs and rising incomes.",S,,,,S,,,,S,,,
103,CLINTON,I think we come at it from somewhat different perspectives.,S,,IP,,S,,IP,,S,,IP,
104,CLINTON,I understand that.,S,,,,S,,,,S,,,
105,CLINTON,"You know, Donald was very fortunate in his life, and that’s all to his benefit.",S,,,,S,,,,S,,,
106,CLINTON,"He started his business with $14 million, borrowed from his father, and he really believes that the more you help wealthy people, the better off we’ll be and that everything will work out from there.",S; S-Inform,,,,S; S-Inform,,,,S; S-Inform,,,
107,CLINTON,I don’t buy that.,S,,,,S,,,,S,,,
108,CLINTON,I have a different experience.,S,,,,S,,,,S,,,
109,CLINTON,My father was a small-businessman.,S,,,,S,,,,S,,,
110,CLINTON,He worked really hard.,S,,,,S,,,,S,,,
111,CLINTON,"He printed drapery fabrics on long tables, where he pulled out those fabrics and he went down with a silkscreen and dumped the paint in and took the squeegee and kept going.",S,,,,S,,,,S,,,
112,CLINTON,"And so what I believe is the more we can do for the middle class, the more we can invest in you, your education, your skills, your future, the better we will be off and the better we’ll grow.",S,,IP,,S,,IP,,S,,IP,
113,CLINTON,That’s the kind of economy I want us to see again.,S,,,,S,,,,S,,,
114,HOLT,Let me follow up with Mr.,S,,,,S,,,,S,,,
115,HOLT,"Trump, if I can.",S,,,,S,,,,S,,,
116,HOLT,"You’ve talked about creating 25 million jobs, and you’ve promised to bring back millions of jobs for Americans.",S; S-Inform,,,,S; S-Inform,,,,S; S-Inform,,,
117,HOLT,How are you going to bring back the industries that have left this country for cheaper labor overseas?,Q-W,,,,Q-W,,,,Q-W,,,
118,HOLT,"How, specifically, are you going to tell American manufacturers that you have to come back?",Q-W; EXPL,,APAT,,Q-W; EXPL,,APAT,,Q-W; EXPL,,APAT,
119,TRUMP,"Well, for one thing—and before we start on that—my father gave me a very small loan in 1975, and I built it into a company that’s worth many, many billions of dollars, with some of the greatest assets in the world, and I say that only because that’s the kind of thinking that our country needs.",S; EXPL; HS; S-Inform,,IT,,S; EXPL; HS; S-Inform,,IT,,S; EXPL; HS; S-Inform,,IT,
120,TRUMP,Our country’s in deep trouble.,S,,,,S,,,,S,,,
121,TRUMP,"We don’t know what we’re doing when it comes to devaluations and all of these countries all over the world, especially China.",S,,,,S,,,,S,,,
122,TRUMP,"They’re the best, the best ever at it.",S,,,,S,,,,S,,,
123,TRUMP,"What they’re doing to us is a very, very sad thing.",S,,,,S,,,,S,,,
124,TRUMP,So we have to do that.,S,,,,S,,,,S,,,
125,TRUMP,We have to renegotiate our trade deals.,S,,,,S,,,,S,,,
126,TRUMP,"And, Lester, they’re taking our jobs, they’re giving incentives, they’re doing things that, frankly, we don’t do.",S,,,,S,,,,S,,,
127,TRUMP,Let me give you the example of Mexico.,S,,,,S,,,,S,,,
128,TRUMP,They have a VAT tax.,S,,,,S,,,,S,,,
129,TRUMP,We’re on a different system.,S,,,,S,,,,S,,,
130,TRUMP,"When we sell into Mexico, there’s a tax.",S,,,,S,,,,S,,,
131,TRUMP,"When they sell in—automatic, 16 percent, approximately.",S; S-Inform,,,,S; S-Inform,,,,S; S-Inform,,,
132,TRUMP,"When they sell into us, there’s no tax.",S,,,,S,,,,S,,,
133,TRUMP,It’s a defective agreement.,S,,,,S,,,,S,,,
134,TRUMP,"It’s been defective for a long time, many years, but the politicians haven’t done anything about it.",S,,,,S,,,,S,,,
135,TRUMP,"Now, in all fairness to Secretary Clinton—yes, is that OK?",,,,,,,,,,,,
136,TRUMP,Good.,S,,,,S,,,,S,,,
137,TRUMP,I want you to be very happy.,S,,,,S,,,,S,,,
138,TRUMP,It’s very important to me.,S,,,,S,,,,S,,,
139,TRUMP,"But in all fairness to Secretary Clinton, when she started talking about this, it was really very recently.",S,,,,S,,,,S,,,
140,TRUMP,She’s been doing this for 30 years.,S; S-Inform,,,,S; S-Inform,,,,S; S-Inform,,,
141,TRUMP,And why hasn’t she made the agreements better?,,,,,,,,,,,,
142,TRUMP,The NAFTA agreement is defective.,S,,,,S,,,,S,,,
143,TRUMP,"Just because of the tax and many other reasons, but just because of the fact…",S; EXPL,,,,S; EXPL,,,,S; EXPL,,,
144,HOLT,"Let me interrupt just a moment, but…",S,,,,S,,,,S,,,
145,TRUMP,"Secretary Clinton and others, politicians, should have been doing this for years, not right now, because of the fact that we’ve created a movement.",S; EXPL,,,,S; EXPL,,,,S; EXPL,,,
146,TRUMP,They should have been doing this for years.,S,,,,S,,,,S,,,
147,TRUMP,"What’s happened to our jobs and our country and our economy generally is—look, we owe $20 trillion.",S; S-Inform,,,,S; S-Inform,,,,S; S-Inform,,,
148,TRUMP,"We cannot do it any longer, Lester.",S,,,,S,,,,S,,,
149,HOLT,"Back to the question, though.",S,,,,S,,,,S,,,
150,HOLT,"How do you bring back—specifically bring back jobs, American manufacturers?",Q-W; SEEP; EXPL,,APAT,,Q-W; SEEP; EXPL,,APAT,,Q-W; SEEP; EXPL,,APAT,
151,HOLT,How do you make them bring the jobs back?,Q-W; SEEP,,,,Q-W; SEEP,,,,Q-W; SEEP,,,
152,TRUMP,"Well, the first thing you do is don’t let the jobs leave.",S,,,,S,,,,S,,,
153,TRUMP,The companies are leaving.,S,,,,S,,,,S,,,
154,TRUMP,"I could name, I mean, there are thousands of them.",S,,,,S,,,,S,,,
155,TRUMP,"They’re leaving, and they’re leaving in bigger numbers than ever.",S,,,,S,,,,S,,,
156,TRUMP,"And what you do is you say, fine, you want to go to Mexico or some other country, good luck.",S,,,,S,,,,S,,,
157,TRUMP,We wish you a lot of luck.,S,,,,S,,,,S,,,
158,TRUMP,"But if you think you’re going to make your air conditioners or your cars or your cookies or whatever you make and bring them into our country without a tax, you’re wrong.",S,,,,S,,,,S,,,
159,TRUMP,"And once you say you’re going to have to tax them coming in, and our politicians never do this, because they have special interests and the special interests want those companies to leave, because in many cases, they own the companies.",S; EXPL,,,,S; EXPL,,,,S; EXPL,,,
160,TRUMP,"So what I’m saying is, we can stop them from leaving.",S,,,,S,,,,S,,,
161,TRUMP,We have to stop them from leaving.,S,,,,S,,,,S,,,
162,TRUMP,"And that’s a big, big factor.",S,,,,S,,,,S,,,
163,HOLT,Let me let Secretary Clinton get in here.,S,,,,S,,,,S,,,
164,CLINTON,"Well, let’s stop for a second and remember where we were eight years ago.",S,,,,S,,,,S,,,
165,CLINTON,"We had the worst financial crisis, the Great Recession, the worst since the 1930s.",S; S-Inform,,AF,,S; S-Inform,,AF,,S; S-Inform,,AF,
166,CLINTON,"That was in large part because of tax policies that slashed taxes on the wealthy, failed to invest in the middle class, took their eyes off of Wall Street, and created a perfect storm.",S; EXPL,,,,S; EXPL,,,,S; EXPL,,,
167,CLINTON,"In fact, Donald was one of the people who rooted for the housing crisis.",S,,AF,,S,,AF,,S,,AF,
168,CLINTON,"He said, back in 2006, “Gee, I hope it does collapse, because then I can go in and buy some and make some money.",S; EXPL; HS; S-Inform,,AF,,S; EXPL; HS; S-Inform,,AF,,S; EXPL; HS; S-Inform,,AF,
169,CLINTON,"” Well, it did collapse.",S,,AF,,S,,AF,,S,,AF,
170,TRUMP,"That’s called business, by the way.",S,,,,S,,,,S,,,
171,CLINTON,Nine million people—nine million people lost their jobs.,S; S-Inform,,,,S; S-Inform,,,,S; S-Inform,,,
172,CLINTON,Five million people lost their homes.,S; S-Inform,,,,S; S-Inform,,,,S; S-Inform,,,
173,CLINTON,And $13 trillion in family wealth was wiped out.,S; S-Inform,,,,S; S-Inform,,,,S; S-Inform,,,
174,CLINTON,"Now, we have come back from that abyss.",S,,,,S,,,,S,,,
175,CLINTON,And it has not been easy.,S,,,,S,,,,S,,,
176,CLINTON,"So we’re now on the precipice of having a potentially much better economy, but the last thing we need to do is to go back to the policies that failed us in the first place.",S,,,,S,,,,S,,,
177,CLINTON,"Independent experts have looked at what I’ve proposed and looked at what Donald’s proposed, and basically they’ve said this, that if his tax plan, which would blow up the debt by over $5 trillion and would in some instances disadvantage middle-class families compared to the wealthy, were to go into effect, we would lose 3.",S; S-Inform,,AE,,S; S-Inform,,AE,,S; S-Inform,,AE,
178,CLINTON,5 million jobs and maybe have another recession.,S; S-Inform,,,,S; S-Inform,,,,S; S-Inform,,,
179,CLINTON,"They’ve looked at my plans and they’ve said, OK, if we can do this, and I intend to get it done, we will have 10 million more new jobs, because we will be making investments where we can grow the economy.",S; EXPL; S-Inform,,,,S; EXPL; S-Inform,,,,S; EXPL; S-Inform,,,
180,CLINTON,Take clean energy.,IAFA,,,,IAFA,,,,IAFA,,,
181,CLINTON,Some country is going to be the clean- energy superpower of the 21st century.,S; S-Inform,,,,S; S-Inform,,,,S; S-Inform,,,
182,CLINTON,Donald thinks that climate change is a hoax perpetrated by the Chinese.,S,,,,S,,,,S,,,
183,CLINTON,I think it’s real.,S,,IP,,S,,IP,,S,,IP,
184,TRUMP,I did not.,S,,,,S,,,,S,,,
185,TRUMP,I did not.,S,,,,S,,,,S,,,
186,TRUMP,I do not say that.,S,,,,S,,,,S,,,
187,CLINTON,I think science is real.,S,,IP,,S,,IP,,S,,IP,
188,TRUMP,I do not say that.,S,,,,S,,,,S,,,
189,CLINTON,"And I think it’s important that we grip this and deal with it, both at home and abroad.",S,,IP,,S,,IP,,S,,IP,
190,CLINTON,And here’s what we can do.,S,,,,S,,,,S,,,
191,CLINTON,We can deploy a half a billion more solar panels.,S; S-Inform,,,,S; S-Inform,,,,S; S-Inform,,,
192,CLINTON,We can have enough clean energy to power every home.,S,,,,S,,,,S,,,
193,CLINTON,We can build a new modern electric grid.,S,,,,S,,,,S,,,
194,CLINTON,That’s a lot of jobs; that’s a lot of new economic activity.,S,,,,S,,,,S,,,
195,CLINTON,"So I’ve tried to be very specific about what we can and should do, and I am determined that we’re going to get the economy really moving again, building on the progress we’ve made over the last eight years, but never going back to what got us in trouble in the first place.",S,,,,S,,,,S,,,
196,HOLT,Mr.,S,,,,S,,,,S,,,
197,HOLT,Trump?,,,,,,,,,,,,
198,TRUMP,She talks about solar panels.,S,,,,S,,,,S,,,
199,TRUMP,"We invested in a solar company, our country.",S,,,,S,,,,S,,,
200,TRUMP,That was a disaster.,S,,AF,,S,,AF,,S,,AF,
201,TRUMP,They lost plenty of money on that one.,S,,,,S,,,,S,,,
202,TRUMP,"Now, look, I’m a great believer in all forms of energy, but we’re putting a lot of people out of work.",S,,,,S,,,,S,,,
203,TRUMP,Our energy policies are a disaster.,S,,AF,,S,,AF,,S,,AF,
204,TRUMP,"Our country is losing so much in terms of energy, in terms of paying off our debt.",S,,,,S,,,,S,,,
205,TRUMP,You can’t do what you’re looking to do with $20 trillion in debt.,S; S-Inform,,,,S; S-Inform,,,,S; S-Inform,,,
206,TRUMP,"The Obama administration, from the time they’ve come in, is over 230 years’ worth of debt, and he’s topped it.",S; S-Inform,,,,S; S-Inform,,,,S; S-Inform,,,
207,TRUMP,"He’s doubled it in a course of almost eight years, seven-and-a-half years, to be semi- exact.",S,,,,S,,,,S,,,
208,TRUMP,So I will tell you this.,S,,,,S,,,,S,,,
209,TRUMP,We have to do a much better job at keeping our jobs.,S,,,,S,,,,S,,,
210,TRUMP,"And we have to do a much better job at giving companies incentives to build new companies or to expand, because they’re not doing it.",S; EXPL,,,,S; EXPL,,,,S; EXPL,,,
211,TRUMP,"And all you have to do is look at Michigan and look at Ohio and look at all of these places where so many of their jobs and their companies are just leaving, they’re gone.",S,,,,S,,,,S,,,
212,TRUMP,"And, Hillary, I’d just ask you this.",S,,,,S,,,,S,,,
213,TRUMP,You’ve been doing this for 30 years.,S; S-Inform,,,,S; S-Inform,,,,S; S-Inform,,,
214,TRUMP,Why are you just thinking about these solutions right now?,Q-W,,,,Q-W,,,,Q-W,,,
215,TRUMP,"For 30 years, you’ve been doing it, and now you’re just starting to think of solutions.",S; S-Inform,,,,S; S-Inform,,,,S; S-Inform,,,
216,CLINTON,"Well, actually…",S,,,,S,,,,S,,,
217,TRUMP,I will bring—excuse me.,S; TT,,,,S; TT,,,,S; TT,,,
218,TRUMP,I will bring back jobs.,S,,,,S,,,,S,,,
219,TRUMP,You can’t bring back jobs.,S,,,,S,,,,S,,,
220,CLINTON,"Well, actually, I have thought about this quite a bit.",S,,,,S,,,,S,,,
221,TRUMP,"Yeah, for 30 years.",S; S-Inform,,,,S; S-Inform,,,,S; S-Inform,,,
222,CLINTON,"And I have—well, not quite that long.",S,,,,S,,,,S,,,
223,CLINTON,I think my husband did a pretty good job in the 1990s.,S; S-Inform,,IP,,S; S-Inform,,IP,,S; S-Inform,,IP,
224,CLINTON,I think a lot about what worked and how we can make it work again…,S,,IP,,S,,IP,,S,,IP,
225,TRUMP,"Well, he approved NAFTA…",S,,,,S,,,,S,,,
226,CLINTON,"… million new jobs, a balanced budget…",S; S-Inform,,,,S; S-Inform,,,,S; S-Inform,,,
227,TRUMP,"He approved NAFTA, which is the single worst trade deal ever approved in this country.",S,,,,S,,,,S,,,
228,CLINTON,Incomes went up for everybody.,S,,,,S,,,,S,,,
229,CLINTON,"Manufacturing jobs went up also in the 1990s, if we’re actually going to look at the facts.",S; S-Inform,,,,S; S-Inform,,,,S; S-Inform,,,
230,CLINTON,"When I was in the Senate, I had a number of trade deals that came before me, and I held them all to the same test.",S,,,,S,,,,S,,,
231,CLINTON,Will they create jobs in America?,YNQ,,APAT,,YNQ,,APAT,,YNQ,,APAT,
232,CLINTON,Will they raise incomes in America?,YNQ,,APAT,,YNQ,,APAT,,YNQ,,APAT,
233,CLINTON,And are they good for our national security?,,,,,,,,,,,,
234,CLINTON,Some of them I voted for.,S,,,,S,,,,S,,,
235,CLINTON,"The biggest one, a multinational one known as CAFTA, I voted against.",S,,,,S,,,,S,,,
236,CLINTON,And because I hold the same standards as I look at all of these trade deals.,S; EXPL,,,,S; EXPL,,,,S; EXPL,,,
237,CLINTON,But let’s not assume that trade is the only challenge we have in the economy.,S,,,,S,,,,S,,,
238,CLINTON,"I think it is a part of it, and I’ve said what I’m going to do.",S,,IP,,S,,IP,,S,,IP,
239,CLINTON,I’m going to have a special prosecutor.,S,,,,S,,,,S,,,
240,CLINTON,"We’re going to enforce the trade deals we have, and we’re going to hold people accountable.",S,,,,S,,,,S,,,
241,CLINTON,"When I was secretary of state, we actually increased American exports globally 30 percent.",S; S-Inform,,APAT,,S; S-Inform,,APAT,,S; S-Inform,,APAT,
242,CLINTON,We increased them to China 50 percent.,S; S-Inform,,,,S; S-Inform,,,,S; S-Inform,,,
243,CLINTON,So I know how to really work to get new jobs and to get exports that helped to create more new jobs.,S,,,,S,,,,S,,,
244,HOLT,Very quickly…,S,,,,S,,,,S,,,
245,TRUMP,But you haven’t done it in 30 years or 26 years or any number you want to…,S; S-Inform,,,,S; S-Inform,,,,S; S-Inform,,,
246,CLINTON,"Well, I’ve been a senator, Donald…",S,,,,S,,,,S,,,
247,TRUMP,You haven’t done it.,S,,,,S,,,,S,,,
248,TRUMP,You haven’t done it.,S,,,,S,,,,S,,,
249,CLINTON,And I have been a secretary of state…,S,,,,S,,,,S,,,
250,TRUMP,Excuse me.,IAFA; TT,,,,IAFA; TT,,,,IAFA; TT,,,
251,CLINTON,And I have done a lot…,S,,,,S,,,,S,,,
252,TRUMP,"Your husband signed NAFTA, which was one of the worst things that ever happened to the manufacturing industry.",S,,,,S,,,,S,,,
253,CLINTON,"Well, that’s your opinion.",S,,,,S,,,,S,,,
254,CLINTON,That is your opinion.,S; EXPL,,,,S; EXPL,,,,S; EXPL,,,
255,TRUMP,"You go to New England, you go to Ohio, Pennsylvania, you go anywhere you want, Secretary Clinton, and you will see devastation where manufacture is down 30, 40, sometimes 50 percent.",S; S-Inform,,,,S; S-Inform,,,,S; S-Inform,,,
256,TRUMP,"NAFTA is the worst trade deal maybe ever signed anywhere, but certainly ever signed in this country.",S,,,,S,,,,S,,,
257,TRUMP,And now you want to approve Trans-Pacific Partnership.,S,,,,S,,,,S,,,
258,TRUMP,You were totally in favor of it.,S,,,,S,,,,S,,,
259,TRUMP,"Then you heard what I was saying, how bad it is, and you said, I can’t win that debate.",S,,,,S,,,,S,,,
260,TRUMP,"But you know that if you did win, you would approve that, and that will be almost as bad as NAFTA.",S,,,,S,,,,S,,,
261,TRUMP,Nothing will ever top NAFTA.,S,,,,S,,,,S,,,
262,CLINTON,"Well, that is just not accurate.",S; EXPL,,,,S; EXPL,,,,S; EXPL,,,
263,CLINTON,I was against it once it was finally negotiated and the terms were laid out.,S,,,,S,,,,S,,,
264,CLINTON,I wrote about that in…,S,,,,S,,,,S,,,
265,TRUMP,You called it the gold standard.,S,,,,S,,,,S,,,
266,TRUMP,You called it the gold standard of trade deals.,S,,,,S,,,,S,,,
267,TRUMP,You said it’s the finest deal you’ve ever seen.,S,,,,S,,,,S,,,
268,CLINTON,No.,S; REJ; ANS,,,,S; REJ; ANS,,,,S; REJ; ANS,,,
269,TRUMP,"And then you heard what I said about it, and all of a sudden you were against it.",S,,,,S,,,,S,,,
270,CLINTON,"Well, Donald, I know you live in your own reality, but that is not the facts.",S; EXPL,,,,S; EXPL,,,,S; EXPL,,,
271,CLINTON,"The facts are—I did say I hoped it would be a good deal, but when it was negotiated…",S,,,,S,,,,S,,,
272,TRUMP,Not.,S,,,,S,,,,S,,,
273,CLINTON,"… which I was not responsible for, I concluded it wasn’t.",S,,,,S,,,,S,,,
274,CLINTON,I wrote about that in my book…,S,,,,S,,,,S,,,
275,TRUMP,So is it President Obama’s fault?,,,,,,,,,,,,
276,CLINTON,… before you even announced.,S,,,,S,,,,S,,,
277,TRUMP,Is it President Obama’s fault?,YNQ,,,,YNQ,,,,YNQ,,,
278,CLINTON,"Look, there are differences…",IAFA,,,,IAFA,,,,IAFA,,,
279,TRUMP,"Secretary, is it President Obama’s fault?",,,,,,,,,,,,
280,CLINTON,There are…,IAFA,,,,IAFA,,,,IAFA,,,
281,TRUMP,Because he’s pushing it.,S; EXPL,,,,S; EXPL,,,,S; EXPL,,,
282,CLINTON,"There are different views about what’s good for our country, our economy, and our leadership in the world.",S,,,,S,,,,S,,,
283,CLINTON,And I think it’s important to look at what we need to do to get the economy going again.,S,,IP,,S,,IP,,S,,IP,
284,CLINTON,"That’s why I said new jobs with rising incomes, investments, not in more tax cuts that would add $5 trillion to the debt.",S; S-Inform,,,,S; S-Inform,,,,S; S-Inform,,,
285,TRUMP,But you have no plan.,S,,,,S,,,,S,,,
286,CLINTON,"But in—oh, but I do.",S,,,,S,,,,S,,,
287,TRUMP,"Secretary, you have no plan.",S,,,,S,,,,S,,,
288,CLINTON,"In fact, I have written a book about it.",S,,,,S,,,,S,,,
289,CLINTON,It’s called “Stronger Together.,S,,,,S,,,,S,,,
290,CLINTON,” You can pick it up tomorrow at a bookstore…,S,,,,S,,,,S,,,
291,TRUMP,That’s about all you’ve…,S,,,,S,,,,S,,,
292,HOLT,"Folks, we’re going to…",S,,,,S,,,,S,,,
293,CLINTON,… or at an airport near you.,S,,,,S,,,,S,,,
294,HOLT,We’re going to move to…,S,,,,S,,,,S,,,
295,CLINTON,"But it’s because I see this—we need to have strong growth, fair growth, sustained growth.",S; EXPL,,,,S; EXPL,,,,S; EXPL,,,
296,CLINTON,We also have to look at how we help families balance the responsibilities at home and the responsibilities at business.,S,,AE,,S,,AE,,S,,AE,
297,CLINTON,So we have a very robust set of plans.,S,,,,S,,,,S,,,
298,CLINTON,"And people have looked at both of our plans, have concluded that mine would create 10 million jobs and yours would lose us 3.",S; S-Inform,,,,S; S-Inform,,,,S; S-Inform,,,
299,CLINTON,"5 million jobs, and explode the debt which would have a recession.",S; S-Inform,,,,S; S-Inform,,,,S; S-Inform,,,
300,TRUMP,You are going to approve one of the biggest tax cuts in history.,S,,,,S,,,,S,,,
301,TRUMP,You are going to approve one of the biggest tax increases in history.,S,,,,S,,,,S,,,
302,TRUMP,You are going to drive business out.,S,,,,S,,,,S,,,
303,TRUMP,"Your regulations are a disaster, and you’re going to increase regulations all over the place.",S,,AF,,S,,AF,,S,,AF,
304,TRUMP,"And by the way, my tax cut is the biggest since Ronald Reagan.",S; HS,,,,S; HS,,,,S; HS,,,
305,TRUMP,I’m very proud of it.,S,,,,S,,,,S,,,
306,TRUMP,It will create tremendous numbers of new jobs.,S,,,,S,,,,S,,,
307,TRUMP,"But regulations, you are going to regulate these businesses out of existence.",S,,,,S,,,,S,,,
308,TRUMP,"When I go around—Lester, I tell you this, I’ve been all over.",S,,,,S,,,,S,,,
309,TRUMP,"And when I go around, despite the tax cut, the thing—the things that business as in people like the most is the fact that I’m cutting regulation.",S,,,,S,,,,S,,,
310,TRUMP,"You have regulations on top of regulations, and new companies cannot form and old companies are going out of business.",S,,,,S,,,,S,,,
311,TRUMP,And you want to increase the regulations and make them even worse.,S,,,,S,,,,S,,,
312,TRUMP,I’m going to cut regulations.,S,,,,S,,,,S,,,
313,TRUMP,"I’m going to cut taxes big league, and you’re going to raise taxes big league, end of story.",S,,,,S,,,,S,,,
314,HOLT,"Let me get you to pause right there, because we’re going to move into—we’re going to move into the next segment.",S; EXPL,,,,S; EXPL,,,,S; EXPL,,,
315,HOLT,We’re going to talk taxes…,S,,,,S,,,,S,,,
316,CLINTON,That can’t—that can’t be left to stand.,S,,,,S,,,,S,,,
317,HOLT,Please just take 30 seconds and then we’re going to go on.,S; S-Inform,,,,S; S-Inform,,,,S; S-Inform,,,
318,CLINTON,"I kind of assumed that there would be a lot of these charges and claims, and so…",S,,,,S,,,,S,,,
319,TRUMP,Facts.,S,,,,S,,,,S,,,
320,CLINTON,"So we have taken the home page of my website, HillaryClinton.",S,,,,S,,,,S,,,
321,CLINTON,"com, and we’ve turned it into a fact-checker.",S,,,,S,,,,S,,,
322,CLINTON,"So if you want to see in real-time what the facts are, please go and take a look.",S,,,,S,,,,S,,,
323,CLINTON,Because what I have proposed…,S; EXPL,,,,S; EXPL,,,,S; EXPL,,,
324,TRUMP,"And take a look at mine, also, and you’ll see.",S,,,,S,,,,S,,,
325,CLINTON,"… would not add a penny to the debt, and your plans would add $5 trillion to the debt.",S; S-Inform,,,,S; S-Inform,,,,S; S-Inform,,,
326,CLINTON,What I have proposed would cut regulations and streamline them for small businesses.,S,,,,S,,,,S,,,
327,CLINTON,"What I have proposed would be paid for by raising taxes on the wealthy, because they have made all the gains in the economy.",S; EXPL,,,,S; EXPL,,,,S; EXPL,,,
328,CLINTON,And I think it’s time that the wealthy and corporations paid their fair share to support this country.,S,,IP,,S,,IP,,S,,IP,
329,HOLT,"Well, you just opened the next segment.",S,,,,S,,,,S,,,
330,TRUMP,"Well, could I just finish—I think I…",S,,IP,,S,,IP,,S,,IP,
331,HOLT,I’m going to give you a chance right here…,S,,,,S,,,,S,,,
332,TRUMP,"I think I should—you go to her website, and you take a look at her website.",S,,IP,,S,,IP,,S,,IP,
333,HOLT,… with a new 15-minute segment…,S; S-Inform,,,,S; S-Inform,,,,S; S-Inform,,,
334,TRUMP,She’s going to raise taxes $1.,S; S-Inform,,,,S; S-Inform,,,,S; S-Inform,,,
335,TRUMP,3 trillion.,S; S-Inform,,,,S; S-Inform,,,,S; S-Inform,,,
336,HOLT,Mr.,S,,,,S,,,,S,,,
337,HOLT,"Trump, I’m going to…",S,,,,S,,,,S,,,
338,TRUMP,And look at her website.,IAFA,,,,IAFA,,,,IAFA,,,
339,TRUMP,You know what?,,,,,,,,,,,,
340,TRUMP,It’s no difference than this.,S,,,,S,,,,S,,,
341,TRUMP,She’s telling us how to fight ISIS.,S,,,,S,,,,S,,,
342,TRUMP,Just go to her website.,IAFA,,,,IAFA,,,,IAFA,,,
343,TRUMP,She tells you how to fight ISIS on her website.,S,,,,S,,,,S,,,
344,TRUMP,I don’t think General Douglas MacArthur would like that too much.,S,,,,S,,,,S,,,
345,HOLT,"The next segment, we’re continuing…",S,,,,S,,,,S,,,
346,CLINTON,"Well, at least I have a plan to fight ISIS.",S,,,,S,,,,S,,,
347,HOLT,… achieving prosperity…,IAFA,,,,IAFA,,,,IAFA,,,
348,TRUMP,"No, no, you’re telling the enemy everything you want to do.",S; REJ; ANS,,,,S; REJ; ANS,,,,S; REJ; ANS,,,
349,CLINTON,"No, we’re not.",S; REJ; ANS,,,,S; REJ; ANS,,,,S; REJ; ANS,,,
350,CLINTON,"No, we’re not.",S; REJ; ANS,,,,S; REJ; ANS,,,,S; REJ; ANS,,,
351,TRUMP,"See, you’re telling the enemy everything you want to do.",S,,,,S,,,,S,,,
352,TRUMP,No wonder you’ve been fighting—no wonder you’ve been fighting ISIS your entire adult life.,S; REJ; ANS,,,,S; REJ; ANS,,,,S; REJ; ANS,,,
353,CLINTON,"That’s a—that’s—go to the—please, fact checkers, get to work.",S,,,,S,,,,S,,,
354,HOLT,"OK, you are unpacking a lot here.",S,,,,S,,,,S,,,
355,HOLT,And we’re still on the issue of achieving prosperity.,S,,,,S,,,,S,,,
356,HOLT,And I want to talk about taxes.,S,,,,S,,,,S,,,
357,HOLT,The fundamental difference between the two of you concerns the wealthy.,S,,,,S,,,,S,,,
358,HOLT,"Secretary Clinton, you’re calling for a tax increase on the wealthiest Americans.",S,,,,S,,,,S,,,
359,HOLT,I’d like you to further defend that.,S,,,,S,,,,S,,,
360,HOLT,"And, Mr.",S,,,,S,,,,S,,,
361,HOLT,"Trump, you’re calling for tax cuts for the wealthy.",S,,,,S,,,,S,,,
362,HOLT,I’d like you to defend that.,S,,,,S,,,,S,,,
363,HOLT,"And this next two-minute answer goes to you, Mr.",S,,,,S,,,,S,,,
364,HOLT,Trump.,S,,,,S,,,,S,,,
365,TRUMP,"Well, I’m really calling for major jobs, because the wealthy are going to create tremendous jobs.",S; EXPL,,,,S; EXPL,,,,S; EXPL,,,
366,TRUMP,They’re going to expand their companies.,S,,,,S,,,,S,,,
367,TRUMP,They’re going to do a tremendous job.,S,,,,S,,,,S,,,
368,TRUMP,I’m getting rid of the carried interest provision.,S,,,,S,,,,S,,,
369,TRUMP,"And if you really look, it’s not a tax—it’s really not a great thing for the wealthy.",S,,,,S,,,,S,,,
370,TRUMP,It’s a great thing for the middle class.,S,,,,S,,,,S,,,
371,TRUMP,It’s a great thing for companies to expand.,S,,,,S,,,,S,,,
372,TRUMP,"And when these people are going to put billions and billions of dollars into companies, and when they’re going to bring $2.",S; S-Inform,,,,S; S-Inform,,,,S; S-Inform,,,
373,TRUMP,"5 trillion back from overseas, where they can’t bring the money back, because politicians like Secretary Clinton won’t allow them to bring the money back, because the taxes are so onerous, and the bureaucratic red tape, so what—is so bad.",S; EXPL; S-Inform,,,,S; EXPL; S-Inform,,,,S; EXPL; S-Inform,,,
374,TRUMP,"So what they’re doing is they’re leaving our country, and they’re, believe it or not, leaving because taxes are too high and because some of them have lots of money outside of our country.",S; EXPL,,,,S; EXPL,,,,S; EXPL,,,
375,TRUMP,"And instead of bringing it back and putting the money to work, because they can’t work out a deal to—and everybody agrees it should be brought back.",S; EXPL,,,,S; EXPL,,,,S; EXPL,,,
376,TRUMP,"Instead of that, they’re leaving our country to get their money, because they can’t bring their money back into our country, because of bureaucratic red tape, because they can’t get together.",S; EXPL,,,,S; EXPL,,,,S; EXPL,,,
377,TRUMP,Because we have—we have a president that can’t sit them around a table and get them to approve something.,S; EXPL,,,,S; EXPL,,,,S; EXPL,,,
378,TRUMP,And here’s the thing.,S,,,,S,,,,S,,,
379,TRUMP,"Republicans and Democrats agree that this should be done, $2.",S; S-Inform,,,,S; S-Inform,,,,S; S-Inform,,,
380,TRUMP,5 trillion.,S; S-Inform,,,,S; S-Inform,,,,S; S-Inform,,,
381,TRUMP,I happen to think it’s double that.,S,,,,S,,,,S,,,
382,TRUMP,"It’s probably $5 trillion that we can’t bring into our country, Lester.",S; S-Inform,,,,S; S-Inform,,,,S; S-Inform,,,
383,TRUMP,"And with a little leadership, you’d get it in here very quickly, and it could be put to use on the inner cities and lots of other things, and it would be beautiful.",S,,,,S,,,,S,,,
384,TRUMP,But we have no leadership.,S,,,,S,,,,S,,,
385,TRUMP,"And honestly, that starts with Secretary Clinton.",S,,,,S,,,,S,,,
386,HOLT,All right.,S,,,,S,,,,S,,,
387,HOLT,"You have two minutes of the same question to defend tax increases on the wealthiest Americans, Secretary Clinton.",S,,,,S,,,,S,,,
388,CLINTON,"I have a feeling that by, the end of this evening, I’m going to be blamed for everything that’s ever happened.",S,,,,S,,,,S,,,
389,TRUMP,Why not?,Q-W,,,,Q-W,,,,Q-W,,,
390,CLINTON,Why not?,Q-W,,,,Q-W,,,,Q-W,,,
391,CLINTON,"Yeah, why not?",,,,,,,,,,,,
392,CLINTON,"You know, just join the debate by saying more crazy things.",S,,,,S,,,,S,,,
393,CLINTON,"Now, let me say this, it is absolutely the case…",S; AGR; TT,,,,S; AGR; TT,,,,S; AGR; TT,,,
394,TRUMP,There’s nothing crazy about not letting our companies bring their money back into their country.,S,,,,S,,,,S,,,
395,HOLT,"This is—this is Secretary Clinton’s two minutes, please.",S,,,,S,,,,S,,,
396,TRUMP,Yes.,S; ANS,,,,S; ANS,,,,S; ANS,,,
397,CLINTON,"Yeah, well, let’s start the clock again, Lester.",S,,,,S,,,,S,,,
398,CLINTON,We’ve looked at your tax proposals.,S,,,,S,,,,S,,,
399,CLINTON,"I don’t see changes in the corporate tax rates or the kinds of proposals you’re referring to that would cause the repatriation, bringing back of money that’s stranded overseas.",S,,,,S,,,,S,,,
400,CLINTON,I happen to support that.,S,,,,S,,,,S,,,
401,TRUMP,Then you didn’t read it.,S,,,,S,,,,S,,,
402,CLINTON,I happen to—I happen to support that in a way that will actually work to our benefit.,S,,,,S,,,,S,,,
403,CLINTON,"But when I look at what you have proposed, you have what is called now the Trump loophole, because it would so advantage you and the business you do.",S; EXPL,,,,S; EXPL,,,,S; EXPL,,,
404,CLINTON,You’ve proposed an approach that has a…,S,,,,S,,,,S,,,
405,TRUMP,Who gave it that name?,Q-W,,,,Q-W,,,,Q-W,,,
406,TRUMP,The first I’ve—who gave it that name?,,,,,,,,,,,,
407,HOLT,Mr.,S,,,,S,,,,S,,,
408,HOLT,"Trump, this is Secretary Clinton’s two minutes.",S,,,,S,,,,S,,,
409,CLINTON,… $4 billion tax benefit for your family.,S; S-Inform,,,,S; S-Inform,,,,S; S-Inform,,,
410,CLINTON,And when you look at what you are proposing…,S,,,,S,,,,S,,,
411,TRUMP,How much?,Q-W,,,,Q-W,,,,Q-W,,,
412,TRUMP,How much for my family?,Q-W,,,,Q-W,,,,Q-W,,,
413,CLINTON,… it is…,S,,,,S,,,,S,,,
414,TRUMP,"Lester, how much?",,,,,,,,,,,,
415,CLINTON,"… as I said, trumped-up trickle-down.",S,,,,S,,,,S,,,
416,CLINTON,Trickle-down did not work.,S,,,,S,,,,S,,,
417,CLINTON,"It got us into the mess we were in, in 2008 and 2009.",S; HS; S-Inform,,,,S; HS; S-Inform,,,,S; HS; S-Inform,,,
418,CLINTON,Slashing taxes on the wealthy hasn’t worked.,IAFA,,,,IAFA,,,,IAFA,,,
419,CLINTON,"And a lot of really smart, wealthy people know that.",S,,,,S,,,,S,,,
420,CLINTON,"And they are saying, hey, we need to do more to make the contributions we should be making to rebuild the middle class.",S,,,,S,,,,S,,,
421,CLINTON,I don’t think top-down works in America.,S,,APAT,,S,,APAT,,S,,APAT,
422,CLINTON,"I think building the middle class, investing in the middle class, making college debt-free so more young people can get their education, helping people refinance their—their debt from college at a lower rate.",S,,IP,,S,,IP,,S,,IP,
423,CLINTON,Those are the kinds of things that will really boost the economy.,S,,,,S,,,,S,,,
424,CLINTON,"Broad-based, inclusive growth is what we need in America, not more advantages for people at the very top.",S,,APAT,,S,,APAT,,S,,APAT,
425,HOLT,Mr.,S,,,,S,,,,S,,,
426,HOLT,"Trump, we’re…",S,,,,S,,,,S,,,
427,TRUMP,Typical politician.,S,,,,S,,,,S,,,
428,TRUMP,"All talk, no action.",S,,,,S,,,,S,,,
429,TRUMP,"Sounds good, doesn’t work.",IAFA,,,,IAFA,,,,IAFA,,,
430,TRUMP,Never going to happen.,IAFA; REJ,,,,IAFA; REJ,,,,IAFA; REJ,,,
431,TRUMP,Our country is suffering because people like Secretary Clinton have made such bad decisions in terms of our jobs and in terms of what’s going on.,S; EXPL,,,,S; EXPL,,,,S; EXPL,,,
432,TRUMP,"Now, look, we have the worst revival of an economy since the Great Depression.",S,,,,S,,,,S,,,
433,TRUMP,And believe me: We’re in a bubble right now.,S,,,,S,,,,S,,,
434,TRUMP,"And the only thing that looks good is the stock market, but if you raise interest rates even a little bit, that’s going to come crashing down.",S,,,,S,,,,S,,,
435,TRUMP,"We are in a big, fat, ugly bubble.",S,,,,S,,,,S,,,
436,TRUMP,And we better be awfully careful.,S,,,,S,,,,S,,,
437,TRUMP,And we have a Fed that’s doing political things.,S,,,,S,,,,S,,,
438,TRUMP,This Janet Yellen of the Fed.,S,,,,S,,,,S,,,
439,TRUMP,The Fed is doing political—by keeping the interest rates at this level.,S,,,,S,,,,S,,,
440,TRUMP,"And believe me: The day Obama goes off, and he leaves, and goes out to the golf course for the rest of his life to play golf, when they raise interest rates, you’re going to see some very bad things happen, because the Fed is not doing their job.",S; EXPL,,,,S; EXPL,,,,S; EXPL,,,
441,TRUMP,The Fed is being more political than Secretary Clinton.,S,,,,S,,,,S,,,
442,HOLT,Mr.,S,,,,S,,,,S,,,
443,HOLT,"Trump, we’re talking about the burden that Americans have to pay, yet you have not released your tax returns.",S,,,,S,,,,S,,,
444,HOLT,And the reason nominees have released their returns for decades is so that voters will know if their potential president owes money to—who he owes it to and any business conflicts.,S,,,,S,,,,S,,,
445,HOLT,Don’t Americans have a right to know if there are any conflicts of interest?,,,,,,,,,,,,
446,TRUMP,I don’t mind releasing—I’m under a routine audit.,S,,,,S,,,,S,,,
447,TRUMP,And it’ll be released.,S,,,,S,,,,S,,,
448,TRUMP,"And—as soon as the audit’s finished, it will be released.",S,,,,S,,,,S,,,
449,TRUMP,"But you will learn more about Donald Trump by going down to the federal elections, where I filed a 104-page essentially financial statement of sorts, the forms that they have.",S; S-Inform,,,,S; S-Inform,,,,S; S-Inform,,,
450,TRUMP,"It shows income—in fact, the income—I just looked today—the income is filed at $694 million for this past year, $694 million.",S; S-Inform,,,,S; S-Inform,,,,S; S-Inform,,,
451,TRUMP,"If you would have told me I was going to make that 15 or 20 years ago, I would have been very surprised.",S; S-Inform,,,,S; S-Inform,,,,S; S-Inform,,,
452,TRUMP,But that’s the kind of thinking that our country needs.,S,,,,S,,,,S,,,
453,TRUMP,"When we have a country that’s doing so badly, that’s being ripped off by every single country in the world, it’s the kind of thinking that our country needs, because everybody—Lester, we have a trade deficit with all of the countries that we do business with, of almost $800 billion a year.",S; EXPL; S-Inform,,,,S; EXPL; S-Inform,,,,S; EXPL; S-Inform,,,
454,TRUMP,You know what that is?,EXPL,,,,EXPL,,,,EXPL,,,
455,TRUMP,"That means, who’s negotiating these trade deals?",,,,,,,,,,,,
456,TRUMP,We have people that are political hacks negotiating our trade deals.,S,,,,S,,,,S,,,
457,HOLT,The IRS says an audit…,S,,,,S,,,,S,,,
458,TRUMP,Excuse me.,IAFA; TT,,,,IAFA; TT,,,,IAFA; TT,,,
459,HOLT,… of your taxes—you’re perfectly free to release your taxes during an audit.,S,,,,S,,,,S,,,
460,HOLT,"And so the question, does the public’s right to know outweigh your personal…",S,,,,S,,,,S,,,
461,TRUMP,"Well, I told you, I will release them as soon as the audit.",S,,,,S,,,,S,,,
462,TRUMP,"Look, I’ve been under audit almost for 15 years.",S; S-Inform,,,,S; S-Inform,,,,S; S-Inform,,,
463,TRUMP,I know a lot of wealthy people that have never been audited.,S,,,,S,,,,S,,,
464,TRUMP,"I said, do you get audited?",,,,,,,,,,,,
465,TRUMP,I get audited almost every year.,S; S-Inform,,,,S; S-Inform,,,,S; S-Inform,,,
466,TRUMP,"And in a way, I should be complaining.",S,,,,S,,,,S,,,
467,TRUMP,I’m not even complaining.,S,,,,S,,,,S,,,
468,TRUMP,I don’t mind it.,S,,,,S,,,,S,,,
469,TRUMP,It’s almost become a way of life.,S,,,,S,,,,S,,,
470,TRUMP,I get audited by the IRS.,S,,,,S,,,,S,,,
471,TRUMP,But other people don’t.,S,,,,S,,,,S,,,
472,TRUMP,I will say this.,S,,,,S,,,,S,,,
473,TRUMP,We have a situation in this country that has to be taken care of.,S,,,,S,,,,S,,,
474,TRUMP,"I will release my tax returns—against my lawyer’s wishes—when she releases her 33,000 e-mails that have been deleted.",S; S-Inform,,,,S; S-Inform,,,,S; S-Inform,,,
475,TRUMP,"As soon as she releases them, I will release.",S,,,,S,,,,S,,,
476,TRUMP,I will release my tax returns.,S,,,,S,,,,S,,,
477,TRUMP,"And that’s against—my lawyers, they say, “Don’t do it.",S,,,,S,,,,S,,,
478,TRUMP,” I will tell you this.,S,,,,S,,,,S,,,
479,TRUMP,"No—in fact, watching shows, they’re reading the papers.",S; REJ; ANS,,,,S; REJ; ANS,,,,S; REJ; ANS,,,
480,TRUMP,"Almost every lawyer says, you don’t release your returns until the audit’s complete.",S,,,,S,,,,S,,,
481,TRUMP,"When the audit’s complete, I’ll do it.",S,,,,S,,,,S,,,
482,TRUMP,But I would go against them if she releases her e-mails.,S,,,,S,,,,S,,,
483,HOLT,So it’s negotiable?,,,,,,,,,,,,
484,TRUMP,"It’s not negotiable, no.",S,,,,S,,,,S,,,
485,TRUMP,Let her release the e-mails.,S,,,,S,,,,S,,,
486,TRUMP,"Why did she delete 33,000…",S; S-Inform,,,,S; S-Inform,,,,S; S-Inform,,,
487,HOLT,"Well, I’ll let her answer that.",S,,,,S,,,,S,,,
488,HOLT,But let me just admonish the audience one more time.,S,,,,S,,,,S,,,
489,HOLT,There was an agreement.,IAFA,,,,IAFA,,,,IAFA,,,
490,HOLT,"We did ask you to be silent, so it would be helpful for us.",S,,,,S,,,,S,,,
491,HOLT,Secretary Clinton?,,,,,,,,,,,,
492,CLINTON,"Well, I think you’ve just seen another example of bait-and- switch here.",S,,IP,,S,,IP,,S,,IP,
493,CLINTON,"For 40 years, everyone running for president has released their tax returns.",S; S-Inform,,,,S; S-Inform,,,,S; S-Inform,,,
494,CLINTON,"You can go and see nearly, I think, 39, 40 years of our tax returns, but everyone has done it.",S; S-Inform,,IP,,S; S-Inform,,IP,,S; S-Inform,,IP,
495,CLINTON,We know the IRS has made clear there is no prohibition on releasing it when you’re under audit.,S,,,,S,,,,S,,,
496,CLINTON,"So you’ve got to ask yourself, why won’t he release his tax returns?",,,,,,,,,,,,
497,CLINTON,And I think there may be a couple of reasons.,S,,IP,,S,,IP,,S,,IP,
498,CLINTON,"First, maybe he’s not as rich as he says he is.",S,,,,S,,,,S,,,
499,CLINTON,"Second, maybe he’s not as charitable as he claims to be.",S,,,,S,,,,S,,,
500,CLINTON,"Third, we don’t know all of his business dealings, but we have been told through investigative reporting that he owes about $650 million to Wall Street and foreign banks.",S; S-Inform,,,,S; S-Inform,,,,S; S-Inform,,,
501,CLINTON,"Or maybe he doesn’t want the American people, all of you watching tonight, to know that he’s paid nothing in federal taxes, because the only years that anybody’s ever seen were a couple of years when he had to turn them over to state authorities when he was trying to get a casino license, and they showed he didn’t pay any federal income tax.",S; EXPL,,AP; APAT,,S; EXPL,,AP; APAT,,S; EXPL,,AP; APAT,
502,TRUMP,That makes me smart.,S,,,,S,,,,S,,,
503,CLINTON,"So if he’s paid zero, that means zero for troops, zero for vets, zero for schools or health.",S,,,,S,,,,S,,,
504,CLINTON,"And I think probably he’s not all that enthusiastic about having the rest of our country see what the real reasons are, because it must be something really important, even terrible, that he’s trying to hide.",S; EXPL,,IP,,S; EXPL,,IP,,S; EXPL,,IP,
505,CLINTON,"And the financial disclosure statements, they don’t give you the tax rate.",S,,,,S,,,,S,,,
506,CLINTON,They don’t give you all the details that tax returns would.,S,,,,S,,,,S,,,
507,CLINTON,And it just seems to me that this is something that the American people deserve to see.,S,,AP; APAT,,S,,AP; APAT,,S,,AP; APAT,
508,CLINTON,"And I have no reason to believe that he’s ever going to release his tax returns, because there’s something he’s hiding.",S; EXPL,,,,S; EXPL,,,,S; EXPL,,,
509,CLINTON,And we’ll guess.,S,,,,S,,,,S,,,
510,CLINTON,We’ll keep guessing at what it might be that he’s hiding.,S,,,,S,,,,S,,,
511,CLINTON,"But I think the question is, were he ever to get near the White House, what would be those conflicts?",,,IP; RB,,,,IP; RB,,,,IP; RB,
512,CLINTON,Who does he owe money to?,Q-W,,,,Q-W,,,,Q-W,,,
513,CLINTON,"Well, he owes you the answers to that, and he should provide them.",S,,,,S,,,,S,,,
514,HOLT,He also—he also raised the issue of your e-mails.,S,,,,S,,,,S,,,
515,HOLT,Do you want to respond to that?,YNQ,,,,YNQ,,,,YNQ,,,
516,CLINTON,I do.,S,,,,S,,,,S,,,
517,CLINTON,"You know, I made a mistake using a private e- mail.",S,,IT,,S,,IT,,S,,IT,
518,TRUMP,That’s for sure.,S,,,,S,,,,S,,,
519,CLINTON,"And if I had to do it over again, I would, obviously, do it differently.",S,,,,S,,,,S,,,
520,CLINTON,But I’m not going to make any excuses.,S,,,,S,,,,S,,,
521,CLINTON,"It was a mistake, and I take responsibility for that.",S,,,,S,,,,S,,,
522,HOLT,Mr.,S,,,,S,,,,S,,,
523,HOLT,Trump?,,,,,,,,,,,,
524,TRUMP,That was more than a mistake.,S,,,,S,,,,S,,,
525,TRUMP,That was done purposely.,S,,,,S,,,,S,,,
526,TRUMP,OK?,ACK,,,,ACK,,,,ACK,,,
527,TRUMP,That was not a mistake.,S,,,,S,,,,S,,,
528,TRUMP,That was done purposely.,S,,,,S,,,,S,,,
529,TRUMP,"When you have your staff taking the Fifth Amendment, taking the Fifth so they’re not prosecuted, when you have the man that set up the illegal server taking the Fifth, I think it’s disgraceful.",S,,IP,,S,,IP,,S,,IP,
530,TRUMP,"And believe me, this country thinks it’s—really thinks it’s disgraceful, also.",S,,,,S,,,,S,,,
531,TRUMP,"As far as my tax returns, you don’t learn that much from tax returns.",S,,,,S,,,,S,,,
532,TRUMP,That I can tell you.,S,,,,S,,,,S,,,
533,TRUMP,You learn a lot from financial disclosure.,S,,,,S,,,,S,,,
534,TRUMP,And you should go down and take a look at that.,S,,,,S,,,,S,,,
535,TRUMP,"The other thing, I’m extremely underleveraged.",S,,,,S,,,,S,,,
536,TRUMP,"The report that said $650—which, by the way, a lot of friends of mine that know my business say, boy, that’s really not a lot of money.",S; S-Inform,,,,S; S-Inform,,,,S; S-Inform,,,
537,TRUMP,It’s not a lot of money relative to what I had.,S,,,,S,,,,S,,,
538,TRUMP,"The buildings that were in question, they said in the same report, which was—actually, it wasn’t even a bad story, to be honest with you, but the buildings are worth $3.",S; S-Inform,,,,S; S-Inform,,,,S; S-Inform,,,
539,TRUMP,9 billion.,S; S-Inform,,,,S; S-Inform,,,,S; S-Inform,,,
540,TRUMP,And the $650 isn’t even on that.,S; S-Inform,,,,S; S-Inform,,,,S; S-Inform,,,
541,TRUMP,But it’s not $650.,S; S-Inform,,,,S; S-Inform,,,,S; S-Inform,,,
542,TRUMP,It’s much less than that.,S,,,,S,,,,S,,,
543,TRUMP,"But I could give you a list of banks, I would—if that would help you, I would give you a list of banks.",S,,,,S,,,,S,,,
544,TRUMP,"These are very fine institutions, very fine banks.",S,,,,S,,,,S,,,
545,TRUMP,I could do that very quickly.,S,,,,S,,,,S,,,
546,TRUMP,I am very underleveraged.,S,,,,S,,,,S,,,
547,TRUMP,I have a great company.,S,,,,S,,,,S,,,
548,TRUMP,I have a tremendous income.,S,,,,S,,,,S,,,
549,TRUMP,And the reason I say that is not in a braggadocios way.,S; EXPL,,,,S; EXPL,,,,S; EXPL,,,
550,TRUMP,It’s because it’s about time that this country had somebody running it that has an idea about money.,S; EXPL,,,,S; EXPL,,,,S; EXPL,,,
551,TRUMP,"When we have $20 trillion in debt, and our country’s a mess, you know, it’s one thing to have $20 trillion in debt and our roads are good and our bridges are good and everything’s in great shape, our airports.",S; S-Inform,,,,S; S-Inform,,,,S; S-Inform,,,
552,TRUMP,Our airports are like from a third world country.,S,,,,S,,,,S,,,
553,TRUMP,"You land at LaGuardia, you land at Kennedy, you land at LAX, you land at Newark, and you come in from Dubai and Qatar and you see these incredible—you come in from China, you see these incredible airports, and you land—we’ve become a third world country.",S,,,,S,,,,S,,,
554,TRUMP,So the worst of all things has happened.,S,,,,S,,,,S,,,
555,TRUMP,"We owe $20 trillion, and we’re a mess.",S; S-Inform,,,,S; S-Inform,,,,S; S-Inform,,,
556,TRUMP,We haven’t even started.,S,,,,S,,,,S,,,
557,TRUMP,"And we’ve spent $6 trillion in the Middle East, according to a report that I just saw.",S; S-Inform,,,,S; S-Inform,,,,S; S-Inform,,,
558,TRUMP,"Whether it’s 6 or 5, but it looks like it’s 6, $6 trillion in the Middle East, we could have rebuilt our country twice.",S; S-Inform,,,,S; S-Inform,,,,S; S-Inform,,,
559,TRUMP,And it’s really a shame.,S,,,,S,,,,S,,,
560,TRUMP,And it’s politicians like Secretary Clinton that have caused this problem.,S,,ATTR,,S,,ATTR,,S,,ATTR,
561,TRUMP,Our country has tremendous problems.,S,,,,S,,,,S,,,
562,TRUMP,We’re a debtor nation.,S,,,,S,,,,S,,,
563,TRUMP,We’re a serious debtor nation.,S,,,,S,,,,S,,,
564,TRUMP,"And we have a country that needs new roads, new tunnels, new bridges, new airports, new schools, new hospitals.",S,,,,S,,,,S,,,
565,TRUMP,"And we don’t have the money, because it’s been squandered on so many of your ideas.",S; EXPL,,,,S; EXPL,,,,S; EXPL,,,
566,HOLT,We’ll let you respond and we’ll move on to the next segment.,S,,,,S,,,,S,,,
567,CLINTON,And maybe because you haven’t paid any federal income tax for a lot of years.,S; EXPL,,,,S; EXPL,,,,S; EXPL,,,
568,CLINTON,And the other thing I think is important…,S,,IP,,S,,IP,,S,,IP,
569,TRUMP,"It would be squandered, too, believe me.",S,,,,S,,,,S,,,
570,CLINTON,"… is if your—if your main claim to be president of the United States is your business, then I think we should talk about that.",S,,UF; IP,,S,,UF; IP,,S,,UF; IP,
571,CLINTON,"You know, your campaign manager said that you built a lot of businesses on the backs of little guys.",S,,,,S,,,,S,,,
572,CLINTON,"And, indeed, I have met a lot of the people who were stiffed by you and your businesses, Donald.",S,,,,S,,,,S,,,
573,CLINTON,"I’ve met dishwashers, painters, architects, glass installers, marble installers, drapery installers, like my dad was, who you refused to pay when they finished the work that you asked them to do.",S,,,,S,,,,S,,,
574,CLINTON,We have an architect in the audience who designed one of your clubhouses at one of your golf courses.,S,,,,S,,,,S,,,
575,CLINTON,It’s a beautiful facility.,S,,,,S,,,,S,,,
576,CLINTON,It immediately was put to use.,S,,,,S,,,,S,,,
577,CLINTON,"And you wouldn’t pay what the man needed to be paid, what he was charging you to do…",S,,,,S,,,,S,,,
578,TRUMP,Maybe he didn’t do a good job and I was unsatisfied with his work…,S,,,,S,,,,S,,,
579,CLINTON,"Well, to…",S,,,,S,,,,S,,,
580,TRUMP,"Which our country should do, too.",S,,,,S,,,,S,,,
581,CLINTON,"Do the thousands of people that you have stiffed over the course of your business not deserve some kind of apology from someone who has taken their labor, taken the goods that they produced, and then refused to pay them?",YNQ,,,,YNQ,,,,YNQ,,,
582,CLINTON,I can only say that I’m certainly relieved that my late father never did business with you.,S,,,,S,,,,S,,,
583,CLINTON,"He provided a good middle-class life for us, but the people he worked for, he expected the bargain to be kept on both sides.",S,,,,S,,,,S,,,
584,CLINTON,"And when we talk about your business, you’ve taken business bankruptcy six times.",S,,,,S,,,,S,,,
585,CLINTON,There are a lot of great businesspeople that have never taken bankruptcy once.,S,,,,S,,,,S,,,
586,CLINTON,You call yourself the King of Debt.,S,,,,S,,,,S,,,
587,CLINTON,You talk about leverage.,S,,,,S,,,,S,,,
588,CLINTON,You even at one time suggested that you would try to negotiate down the national debt of the United States.,S,,UF,,S,,UF,,S,,UF,
589,TRUMP,Wrong.,S,,,,S,,,,S,,,
590,TRUMP,Wrong.,S,,,,S,,,,S,,,
591,CLINTON,"Well, sometimes there’s not a direct transfer of skills from business to government, but sometimes what happened in business would be really bad for government.",S,,,,S,,,,S,,,
592,HOLT,Let’s let Mr.,S,,,,S,,,,S,,,
593,HOLT,Trump…,S,,,,S,,,,S,,,
594,CLINTON,And we need to be very clear about that.,S,,,,S,,,,S,,,
595,TRUMP,"So, yeah, I think—I do think it’s time.",S,,IP,,S,,IP,,S,,IP,
596,TRUMP,"Look, it’s all words, it’s all sound bites.",S,,,,S,,,,S,,,
597,TRUMP,I built an unbelievable company.,S,,IT,,S,,IT,,S,,IT,
598,TRUMP,"Some of the greatest assets anywhere in the world, real estate assets anywhere in the world, beyond the United States, in Europe, lots of different places.",S,,UF,,S,,UF,,S,,UF,
599,TRUMP,It’s an unbelievable company.,S,,,,S,,,,S,,,
600,TRUMP,"But on occasion, four times, we used certain laws that are there.",S,,,,S,,,,S,,,
601,TRUMP,"And when Secretary Clinton talks about people that didn’t get paid, first of all, they did get paid a lot, but taken advantage of the laws of the nation.",S,,,,S,,,,S,,,
602,TRUMP,"Now, if you want to change the laws, you’ve been there a long time, change the laws.",S,,,,S,,,,S,,,
603,TRUMP,But I take advantage of the laws of the nation because I’m running a company.,S; EXPL,,,,S; EXPL,,,,S; EXPL,,,
604,TRUMP,"My obligation right now is to do well for myself, my family, my employees, for my companies.",S,,,,S,,,,S,,,
605,TRUMP,And that’s what I do.,S,,,,S,,,,S,,,
606,TRUMP,But what she doesn’t say is that tens of thousands of people that are unbelievably happy and that love me.,S,,,,S,,,,S,,,
607,TRUMP,I’ll give you an example.,S,,,,S,,,,S,,,
608,TRUMP,"We’re just opening up on Pennsylvania Avenue right next to the White House, so if I don’t get there one way, I’m going to get to Pennsylvania Avenue another.",S,,RB,,S,,RB,,S,,RB,
609,TRUMP,But we’re opening the Old Post Office.,S,,,,S,,,,S,,,
610,TRUMP,"Under budget, ahead of schedule, saved tremendous money.",IAFA,,,,IAFA,,,,IAFA,,,
611,TRUMP,I’m a year ahead of schedule.,S; S-Inform,,,,S; S-Inform,,,,S; S-Inform,,,
612,TRUMP,And that’s what this country should be doing.,S,,,,S,,,,S,,,
613,TRUMP,We build roads and they cost two and three and four times what they’re supposed to cost.,S,,,,S,,,,S,,,
614,TRUMP,"We buy products for our military and they come in at costs that are so far above what they were supposed to be, because we don’t have people that know what they’re doing.",S; EXPL,,,,S; EXPL,,,,S; EXPL,,,
615,TRUMP,"When we look at the budget, the budget is bad to a large extent because we have people that have no idea as to what to do and how to buy.",S; EXPL,,,,S; EXPL,,,,S; EXPL,,,
616,TRUMP,The Trump International is way under budget and way ahead of schedule.,S,,,,S,,,,S,,,
617,TRUMP,And we should be able to do that for our country.,S,,,,S,,,,S,,,
618,HOLT,"Well, we’re well behind schedule, so I want to move to our next segment.",S,,,,S,,,,S,,,
619,HOLT,We move into our next segment talking about America’s direction.,S,,APAT,,S,,APAT,,S,,APAT,
620,HOLT,And let’s start by talking about race.,S,,RB,,S,,RB,,S,,RB,
621,HOLT,"The share of Americans who say race relations are bad in this country is the highest it’s been in decades, much of it amplified by shootings of African-Americans by police, as we’ve seen recently in Charlotte and Tulsa.",S,,RB,,S,,RB,,S,,RB,
622,HOLT,"Race has been a big issue in this campaign, and one of you is going to have to bridge a very wide and bitter gap.",S,,RB,,S,,RB,,S,,RB,
623,HOLT,So how do you heal the divide?,,,,,,,,,,,,
624,HOLT,"Secretary Clinton, you get two minutes on this.",S,,,,S,,,,S,,,
625,CLINTON,"Well, you’re right.",S,,,,S,,,,S,,,
626,CLINTON,Race remains a significant challenge in our country.,S,,RB,,S,,RB,,S,,RB,
627,CLINTON,"Unfortunately, race still determines too much, often determines where people live, determines what kind of education in their public schools they can get, and, yes, it determines how they’re treated in the criminal justice system.",S,,RB,,S,,RB,,S,,RB,
628,CLINTON,We’ve just seen those two tragic examples in both Tulsa and Charlotte.,S,,,,S,,,,S,,,
629,CLINTON,And we’ve got to do several things at the same time.,S,,,,S,,,,S,,,
630,CLINTON,We have to restore trust between communities and the police.,S,,,,S,,,,S,,,
631,CLINTON,"We have to work to make sure that our police are using the best training, the best techniques, that they’re well prepared to use force only when necessary.",S,,,,S,,,,S,,,
632,CLINTON,"Everyone should be respected by the law, and everyone should respect the law.",S,,,,S,,,,S,,,
633,CLINTON,"Right now, that’s not the case in a lot of our neighborhoods.",S,,,,S,,,,S,,,
634,CLINTON,"So I have, ever since the first day of my campaign, called for criminal justice reform.",S,,,,S,,,,S,,,
635,CLINTON,I’ve laid out a platform that I think would begin to remedy some of the problems we have in the criminal justice system.,S,,IP,,S,,IP,,S,,IP,
636,CLINTON,"But we also have to recognize, in addition to the challenges that we face with policing, there are so many good, brave police officers who equally want reform.",S,,,,S,,,,S,,,
637,CLINTON,So we have to bring communities together in order to begin working on that as a mutual goal.,S,,,,S,,,,S,,,
638,CLINTON,And we’ve got to get guns out of the hands of people who should not have them.,S,,,,S,,,,S,,,
639,CLINTON,"The gun epidemic is the leading cause of death of young African- American men, more than the next nine causes put together.",S,,APAT,,S,,APAT,,S,,APAT,
640,CLINTON,"So we have to do two things, as I said.",S,,,,S,,,,S,,,
641,CLINTON,We have to restore trust.,S,,,,S,,,,S,,,
642,CLINTON,We have to work with the police.,S,,,,S,,,,S,,,
643,CLINTON,We have to make sure they respect the communities and the communities respect them.,S,,,,S,,,,S,,,
644,CLINTON,"And we have to tackle the plague of gun violence, which is a big contributor to a lot of the problems that we’re seeing today.",S,,,,S,,,,S,,,
645,HOLT,"All right, Mr.",S,,,,S,,,,S,,,
646,HOLT,"Trump, you have two minutes.",S,,,,S,,,,S,,,
647,HOLT,How do you heal the divide?,Q-W; SEEP,,,,Q-W; SEEP,,,,Q-W; SEEP,,,
648,TRUMP,"Well, first of all, Secretary Clinton doesn’t want to use a couple of words, and that’s law and order.",S,,,,S,,,,S,,,
649,TRUMP,And we need law and order.,S,,,,S,,,,S,,,
650,TRUMP,"If we don’t have it, we’re not going to have a country.",S,,,,S,,,,S,,,
651,TRUMP,"And when I look at what’s going on in Charlotte, a city I love, a city where I have investments, when I look at what’s going on throughout various parts of our country, whether it’s—I mean, I can just keep naming them all day long—we need law and order in our country.",S,,,,S,,,,S,,,
652,TRUMP,"I just got today the, as you know, the endorsement of the Fraternal Order of Police, we just—just came in.",S,,,,S,,,,S,,,
653,TRUMP,"We have endorsements from, I think, almost every police group, very—I mean, a large percentage of them in the United States.",S,,UF; IP,,S,,UF; IP,,S,,UF; IP,
654,TRUMP,"We have a situation where we have our inner cities, African- Americans, Hispanics are living in hell because it’s so dangerous.",S; EXPL,,AF,,S; EXPL,,AF,,S; EXPL,,AF,
655,TRUMP,"You walk down the street, you get shot.",S,,,,S,,,,S,,,
656,TRUMP,"In Chicago, they’ve had thousands of shootings, thousands since January 1st.",S; S-Inform,,,,S; S-Inform,,,,S; S-Inform,,,
657,TRUMP,Thousands of shootings.,S,,,,S,,,,S,,,
658,TRUMP,"And I’m saying, where is this?",,,,,,,,,,,,
659,TRUMP,Is this a war-torn country?,YNQ,,,,YNQ,,,,YNQ,,,
660,TRUMP,What are we doing?,Q-W,,,,Q-W,,,,Q-W,,,
661,TRUMP,And we have to stop the violence.,S,,,,S,,,,S,,,
662,TRUMP,We have to bring back law and order.,S,,,,S,,,,S,,,
663,TRUMP,"In a place like Chicago, where thousands of people have been killed, thousands over the last number of years, in fact, almost 4,000 have been killed since Barack Obama became president, over—almost 4,000 people in Chicago have been killed.",S; S-Inform,,,,S; S-Inform,,,,S; S-Inform,,,
664,TRUMP,We have to bring back law and order.,S,,,,S,,,,S,,,
665,TRUMP,"Now, whether or not in a place like Chicago you do stop and frisk, which worked very well, Mayor Giuliani is here, worked very well in New York.",S,,,,S,,,,S,,,
666,TRUMP,It brought the crime rate way down.,S,,,,S,,,,S,,,
667,TRUMP,But you take the gun away from criminals that shouldn’t be having it.,S,,,,S,,,,S,,,
668,TRUMP,We have gangs roaming the street.,S,,,,S,,,,S,,,
669,TRUMP,"And in many cases, they’re illegally here, illegal immigrants.",S,,,,S,,,,S,,,
670,TRUMP,And they have guns.,S,,,,S,,,,S,,,
671,TRUMP,And they shoot people.,S,,,,S,,,,S,,,
672,TRUMP,And we have to be very strong.,S,,,,S,,,,S,,,
673,TRUMP,And we have to be very vigilant.,S,,,,S,,,,S,,,
674,TRUMP,We have to be—we have to know what we’re doing.,S,,,,S,,,,S,,,
675,TRUMP,"Right now, our police, in many cases, are afraid to do anything.",S,,,,S,,,,S,,,
676,TRUMP,"We have to protect our inner cities, because African-American communities are being decimated by crime, decimated.",S; EXPL,,APAT,,S; EXPL,,APAT,,S; EXPL,,APAT,
677,HOLT,"Your two—your two minutes expired, but I do want to follow up.",S,,,,S,,,,S,,,
678,HOLT,"Stop-and-frisk was ruled unconstitutional in New York, because it largely singled out black and Hispanic young men.",S; EXPL,,RB,,S; EXPL,,RB,,S; EXPL,,RB,
679,TRUMP,"No, you’re wrong.",S; REJ; ANS,,,,S; REJ; ANS,,,,S; REJ; ANS,,,
680,TRUMP,"It went before a judge, who was a very against-police judge.",S,,,,S,,,,S,,,
681,TRUMP,It was taken away from her.,S,,,,S,,,,S,,,
682,TRUMP,"And our mayor, our new mayor, refused to go forward with the case.",S,,,,S,,,,S,,,
683,TRUMP,They would have won an appeal.,S,,,,S,,,,S,,,
684,TRUMP,"If you look at it, throughout the country, there are many places where it’s allowed.",S,,,,S,,,,S,,,
685,HOLT,The argument is that it’s a form of racial profiling.,S,,RB,,S,,RB,,S,,RB,
686,TRUMP,"No, the argument is that we have to take the guns away from these people that have them and that are bad people that shouldn’t have them.",S; REJ; ANS,,,,S; REJ; ANS,,,,S; REJ; ANS,,,
687,TRUMP,These are felons.,S,,,,S,,,,S,,,
688,TRUMP,"These are people that are bad people that shouldn’t be—when you have 3,000 shootings in Chicago from January 1st, when you have 4,000 people killed in Chicago by guns, from the beginning of the presidency of Barack Obama, his hometown, you have to have stop-and-frisk.",S; S-Inform,,,,S; S-Inform,,,,S; S-Inform,,,
689,TRUMP,You need more police.,S,,,,S,,,,S,,,
690,TRUMP,"You need a better community, you know, relation.",S,,,,S,,,,S,,,
691,TRUMP,You don’t have good community relations in Chicago.,S,,,,S,,,,S,,,
692,TRUMP,It’s terrible.,S,,,,S,,,,S,,,
693,TRUMP,I have property there.,S,,,,S,,,,S,,,
694,TRUMP,It’s terrible what’s going on in Chicago.,S,,,,S,,,,S,,,
695,TRUMP,"But when you look—and Chicago’s not the only—you go to Ferguson, you go to so many different places.",S,,,,S,,,,S,,,
696,TRUMP,You need better relationships.,S,,,,S,,,,S,,,
697,TRUMP,I agree with Secretary Clinton on this.,S; AGR,,,,S; AGR,,,,S; AGR,,,
698,TRUMP,"You need better relationships between the communities and the police, because in some cases, it’s not good.",S; EXPL,,,,S; EXPL,,,,S; EXPL,,,
699,TRUMP,"But you look at Dallas, where the relationships were really studied, the relationships were really a beautiful thing, and then five police officers were killed one night very violently.",S,,,,S,,,,S,,,
700,TRUMP,So there’s some bad things going on.,IAFA,,,,IAFA,,,,IAFA,,,
701,TRUMP,Some really bad things.,S,,,,S,,,,S,,,
702,HOLT,Secretary Clinton…,S,,,,S,,,,S,,,
703,TRUMP,"But we need—Lester, we need law and order.",S,,,,S,,,,S,,,
704,TRUMP,"And we need law and order in the inner cities, because the people that are most affected by what’s happening are African-American and Hispanic people.",S; EXPL,,APAT; RB,,S; EXPL,,APAT; RB,,S; EXPL,,APAT; RB,
705,TRUMP,And it’s very unfair to them what our politicians are allowing to happen.,S,,,,S,,,,S,,,
706,HOLT,Secretary Clinton?,,,,,,,,,,,,
707,CLINTON,"Well, I’ve heard—I’ve heard Donald say this at his rallies, and it’s really unfortunate that he paints such a dire negative picture of black communities in our country.",S,,,,S,,,,S,,,
708,TRUMP,Ugh.,S,,,,S,,,,S,,,
709,CLINTON,"You know, the vibrancy of the black church, the black businesses that employ so many people, the opportunities that so many families are working to provide for their kids.",S,,AE,,S,,AE,,S,,AE,
710,CLINTON,There’s a lot that we should be proud of and we should be supporting and lifting up.,S,,,,S,,,,S,,,
711,CLINTON,But we do always have to make sure we keep people safe.,S,,,,S,,,,S,,,
712,CLINTON,"There are the right ways of doing it, and then there are ways that are ineffective.",S,,PB,,S,,PB,,S,,PB,
713,CLINTON,"Stop-and-frisk was found to be unconstitutional and, in part, because it was ineffective.",S; EXPL,,,,S; EXPL,,,,S; EXPL,,,
714,CLINTON,It did not do what it needed to do.,S,,,,S,,,,S,,,
715,CLINTON,"Now, I believe in community policing.",S,,IP,,S,,IP,,S,,IP,
716,CLINTON,"And, in fact, violent crime is one-half of what it was in 1991.",S; HS; S-Inform,,,,S; HS; S-Inform,,,,S; HS; S-Inform,,,
717,CLINTON,Property crime is down 40 percent.,S; S-Inform,,,,S; S-Inform,,,,S; S-Inform,,,
718,CLINTON,We just don’t want to see it creep back up.,S,,,,S,,,,S,,,
719,CLINTON,We’ve had 25 years of very good cooperation.,S; S-Inform,,,,S; S-Inform,,,,S; S-Inform,,,
720,CLINTON,"But there were some problems, some unintended consequences.",IAFA,,,,IAFA,,,,IAFA,,,
721,CLINTON,Too many young African-American and Latino men ended up in jail for nonviolent offenses.,S,,APAT; RB,,S,,APAT; RB,,S,,APAT; RB,
722,CLINTON,"And it’s just a fact that if you’re a young African-American man and you do the same thing as a young white man, you are more likely to be arrested, charged, convicted, and incarcerated.",S,,APAT; RB,,S,,APAT; RB,,S,,APAT; RB,
723,CLINTON,So we’ve got to address the systemic racism in our criminal justice system.,S,,,,S,,,,S,,,
724,CLINTON,We cannot just say law and order.,S,,,,S,,,,S,,,
725,CLINTON,"We have to say—we have to come forward with a plan that is going to divert people from the criminal justice system, deal with mandatory minimum sentences, which have put too many people away for too long for doing too little.",S; EXPL,,,,S; EXPL,,,,S; EXPL,,,
726,CLINTON,We need to have more second chance programs.,S,,,,S,,,,S,,,
727,CLINTON,I’m glad that we’re ending private prisons in the federal system; I want to see them ended in the state system.,S,,,,S,,,,S,,,
728,CLINTON,You shouldn’t have a profit motivation to fill prison cells with young Americans.,S,,,,S,,,,S,,,
729,CLINTON,So there are some positive ways we can work on this.,S,,,,S,,,,S,,,
730,CLINTON,And I believe strongly that commonsense gun safety measures would assist us.,S,,IP,,S,,IP,,S,,IP,
731,CLINTON,"Right now—and this is something Donald has supported, along with the gun lobby—right now, we’ve got too many military-style weapons on the streets.",S,,,,S,,,,S,,,
732,CLINTON,"In a lot of places, our police are outgunned.",S,,,,S,,,,S,,,
733,CLINTON,"We need comprehensive background checks, and we need to keep guns out of the hands of those who will do harm.",S,,,,S,,,,S,,,
734,CLINTON,And we finally need to pass a prohibition on anyone who’s on the terrorist watch list from being able to buy a gun in our country.,S,,AF,,S,,AF,,S,,AF,
735,CLINTON,"If you’re too dangerous to fly, you are too dangerous to buy a gun.",S,,AF,,S,,AF,,S,,AF,
736,CLINTON,"So there are things we can do, and we ought to do it in a bipartisan way.",S,,,,S,,,,S,,,
737,HOLT,"Secretary Clinton, last week, you said we’ve got to do everything possible to improve policing, to go right at implicit bias.",S,,,,S,,,,S,,,
738,HOLT,Do you believe that police are implicitly biased against black people?,YNQ,,RB,,YNQ,,RB,,YNQ,,RB,
739,CLINTON,"Lester, I think implicit bias is a problem for everyone, not just police.",S,,IP,,S,,IP,,S,,IP,
740,CLINTON,"I think, unfortunately, too many of us in our great country jump to conclusions about each other.",S,,AP; IP,,S,,AP; IP,,S,,AP; IP,
741,CLINTON,"And therefore, I think we need all of us to be asking hard questions about, you know, why am I feeling this way?",,,UF; IP,,,,UF; IP,,,,UF; IP,
742,CLINTON,"But when it comes to policing, since it can have literally fatal consequences, I have said, in my first budget, we would put money into that budget to help us deal with implicit bias by retraining a lot of our police officers.",S,,,,S,,,,S,,,
743,CLINTON,"I’ve met with a group of very distinguished, experienced police chiefs a few weeks ago.",S,,,,S,,,,S,,,
744,CLINTON,They admit it’s an issue.,S,,,,S,,,,S,,,
745,CLINTON,They’ve got a lot of concerns.,S,,,,S,,,,S,,,
746,CLINTON,"Mental health is one of the biggest concerns, because now police are having to handle a lot of really difficult mental health problems on the street.",S; EXPL,,,,S; EXPL,,,,S; EXPL,,,
747,CLINTON,"They want support, they want more training, they want more assistance.",S,,,,S,,,,S,,,
748,CLINTON,And I think the federal government could be in a position where we would offer and provide that.,S,,IP,,S,,IP,,S,,IP,
749,HOLT,Mr.,S,,,,S,,,,S,,,
750,HOLT,Trump…,S,,,,S,,,,S,,,
751,TRUMP,I’d like to respond to that.,S,,,,S,,,,S,,,
752,HOLT,Please.,S,,,,S,,,,S,,,
753,TRUMP,"First of all, I agree, and a lot of people even within my own party want to give certain rights to people on watch lists and no-fly lists.",S; AGR,,,,S; AGR,,,,S; AGR,,,
754,TRUMP,I agree with you.,S; AGR,,,,S; AGR,,,,S; AGR,,,
755,TRUMP,"When a person is on a watch list or a no-fly list, and I have the endorsement of the NRA, which I’m very proud of.",S,,,,S,,,,S,,,
756,TRUMP,"These are very, very good people, and they’re protecting the Second Amendment.",S,,,,S,,,,S,,,
757,TRUMP,But I think we have to look very strongly at no-fly lists and watch lists.,S,,IP,,S,,IP,,S,,IP,
758,TRUMP,"And when people are on there, even if they shouldn’t be on there, we’ll help them, we’ll help them legally, we’ll help them get off.",S,,,,S,,,,S,,,
759,TRUMP,But I tend to agree with that quite strongly.,S,,,,S,,,,S,,,
760,TRUMP,I do want to bring up the fact that you were the one that brought up the words super-predator about young black youth.,S,,,,S,,,,S,,,
761,TRUMP,"And that’s a term that I think was a—it’s—it’s been horribly met, as you know.",S,,IP,,S,,IP,,S,,IP,
762,TRUMP,I think you’ve apologized for it.,S,,IP,,S,,IP,,S,,IP,
763,TRUMP,But I think it was a terrible thing to say.,S,,IP,,S,,IP,,S,,IP,
764,TRUMP,"And when it comes to stop-and-frisk, you know, you’re talking about taking guns away.",S,,,,S,,,,S,,,
765,TRUMP,"Well, I’m talking about taking guns away from gangs and people that use them.",S,,,,S,,,,S,,,
766,TRUMP,"And I don’t think—I really don’t think you disagree with me on this, if you want to know the truth.",S,,,,S,,,,S,,,
767,TRUMP,"I think maybe there’s a political reason why you can’t say it, but I really don’t believe—in New York City, stop-and-frisk, we had 2,200 murders, and stop-and-frisk brought it down to 500 murders.",S; S-Inform,,IP,,S; S-Inform,,IP,,S; S-Inform,,IP,
768,TRUMP,Five hundred murders is a lot of murders.,S,,,,S,,,,S,,,
769,TRUMP,"It’s hard to believe, 500 is like supposed to be good?",,,,,,,,,,,,
770,TRUMP,"But we went from 2,200 to 500.",S; S-Inform,,,,S; S-Inform,,,,S; S-Inform,,,
771,TRUMP,And it was continued on by Mayor Bloomberg.,S,,,,S,,,,S,,,
772,TRUMP,And it was terminated by current mayor.,S,,,,S,,,,S,,,
773,TRUMP,But stop-and-frisk had a tremendous impact on the safety of New York City.,IAFA,,,,IAFA,,,,IAFA,,,
774,TRUMP,Tremendous beyond belief.,S,,,,S,,,,S,,,
775,TRUMP,"So when you say it has no impact, it really did.",S,,,,S,,,,S,,,
776,TRUMP,"It had a very, very big impact.",S,,,,S,,,,S,,,
777,CLINTON,"Well, it’s also fair to say, if we’re going to talk about mayors, that under the current mayor, crime has continued to drop, including murders.",S,,,,S,,,,S,,,
778,CLINTON,So there is…,IAFA,,,,IAFA,,,,IAFA,,,
779,TRUMP,"No, you’re wrong.",S; REJ; ANS,,,,S; REJ; ANS,,,,S; REJ; ANS,,,
780,TRUMP,You’re wrong.,S,,,,S,,,,S,,,
781,CLINTON,"No, I’m not.",S; REJ; ANS,,,,S; REJ; ANS,,,,S; REJ; ANS,,,
782,TRUMP,Murders are up.,S,,,,S,,,,S,,,
783,TRUMP,All right.,S,,,,S,,,,S,,,
784,TRUMP,You check it.,S,,,,S,,,,S,,,
785,CLINTON,New York—New York has done an excellent job.,S,,,,S,,,,S,,,
786,CLINTON,"And I give credit—I give credit across the board going back two mayors, two police chiefs, because it has worked.",S; EXPL,,,,S; EXPL,,,,S; EXPL,,,
787,CLINTON,"And other communities need to come together to do what will work, as well.",S,,,,S,,,,S,,,
788,CLINTON,"Look, one murder is too many.",S,,,,S,,,,S,,,
789,CLINTON,But it is important that we learn about what has been effective.,S,,,,S,,,,S,,,
790,CLINTON,And not go to things that sound good that really did not have the kind of impact that we would want.,S,,,,S,,,,S,,,
791,CLINTON,Who disagrees with keeping neighborhoods safe?,Q-W,,,,Q-W,,,,Q-W,,,
792,CLINTON,"But let’s also add, no one should disagree about respecting the rights of young men who live in those neighborhoods.",S,,,,S,,,,S,,,
793,CLINTON,"And so we need to do a better job of working, again, with the communities, faith communities, business communities, as well as the police to try to deal with this problem.",S,,,,S,,,,S,,,
794,HOLT,This conversation is about race.,S,,RB,,S,,RB,,S,,RB,
795,HOLT,"And so, Mr.",S,,,,S,,,,S,,,
796,HOLT,"Trump, I have to ask you for five…",S,,,,S,,,,S,,,
797,TRUMP,"I’d like to just respond, if I might.",S,,,,S,,,,S,,,
798,HOLT,Please—20 seconds.,S; S-Inform,,,,S; S-Inform,,,,S; S-Inform,,,
799,TRUMP,I’d just like to respond.,S,,,,S,,,,S,,,
800,HOLT,"Please respond, then I’ve got a quick follow-up for you.",S,,,,S,,,,S,,,
801,TRUMP,I will.,S,,,,S,,,,S,,,
802,TRUMP,"Look, the African-American community has been let down by our politicians.",S,,APAT,,S,,APAT,,S,,APAT,
803,TRUMP,"They talk good around election time, like right now, and after the election, they said, see ya later, I’ll see you in four years.",S,,,,S,,,,S,,,
804,TRUMP,"The African-American community—because—look, the community within the inner cities has been so badly treated.",S; EXPL,,APAT,,S; EXPL,,APAT,,S; EXPL,,APAT,
805,TRUMP,"They’ve been abused and used in order to get votes by Democrat politicians, because that’s what it is.",S; EXPL,,,,S; EXPL,,,,S; EXPL,,,
806,TRUMP,They’ve controlled these communities for up to 100 years.,S; S-Inform,,,,S; S-Inform,,,,S; S-Inform,,,
807,HOLT,Mr.,S,,,,S,,,,S,,,
808,HOLT,"Trump, let me…",IAFA,,,,IAFA,,,,IAFA,,,
809,CLINTON,"Well, I—I do think…",S,,,,S,,,,S,,,
810,TRUMP,"And I will tell you, you look at the inner cities—and I just left Detroit, and I just left Philadelphia, and I just—you know, you’ve seen me, I’ve been all over the place.",S,,,,S,,,,S,,,
811,TRUMP,"You decided to stay home, and that’s OK.",S,,,,S,,,,S,,,
812,TRUMP,"But I will tell you, I’ve been all over.",S,,,,S,,,,S,,,
813,TRUMP,And I’ve met some of the greatest people I’ll ever meet within these communities.,S,,,,S,,,,S,,,
814,TRUMP,"And they are very, very upset with what their politicians have told them and what their politicians have done.",S,,,,S,,,,S,,,
815,HOLT,Mr.,S,,,,S,,,,S,,,
816,HOLT,"Trump, I…",S,,,,S,,,,S,,,
817,CLINTON,I think—I think—I think Donald just criticized me for preparing for this debate.,S,,IP,,S,,IP,,S,,IP,
818,CLINTON,"And, yes, I did.",S,,,,S,,,,S,,,
819,CLINTON,And you know what else I prepared for?,,,,,,,,,,,,
820,CLINTON,I prepared to be president.,S,,,,S,,,,S,,,
821,CLINTON,And I think that’s a good thing.,S,,IP,,S,,IP,,S,,IP,
822,HOLT,Mr.,S,,,,S,,,,S,,,
823,HOLT,"Trump, for five years, you perpetuated a false claim that the nation’s first black president was not a natural-born citizen.",S,,,,S,,,,S,,,
824,HOLT,You questioned his legitimacy.,S,,,,S,,,,S,,,
825,HOLT,"In the last couple of weeks, you acknowledged what most Americans have accepted for years: The president was born in the United States.",S,,UF,,S,,UF,,S,,UF,
826,HOLT,Can you tell us what took you so long?,YNQ,,,,YNQ,,,,YNQ,,,
827,TRUMP,"I’ll tell you very—well, just very simple to say.",S,,,,S,,,,S,,,
828,TRUMP,Sidney Blumenthal works for the campaign and close—very close friend of Secretary Clinton.,S,,,,S,,,,S,,,
829,TRUMP,"And her campaign manager, Patti Doyle, went to—during the campaign, her campaign against President Obama, fought very hard.",S,,,,S,,,,S,,,
830,TRUMP,"And you can go look it up, and you can check it out.",S,,,,S,,,,S,,,
831,TRUMP,"And if you look at CNN this past week, Patti Solis Doyle was on Wolf Blitzer saying that this happened.",S,,,,S,,,,S,,,
832,TRUMP,"Blumenthal sent McClatchy, highly respected reporter at McClatchy, to Kenya to find out about it.",S,,,,S,,,,S,,,
833,TRUMP,They were pressing it very hard.,S,,,,S,,,,S,,,
834,TRUMP,She failed to get the birth certificate.,S,,,,S,,,,S,,,
835,TRUMP,"When I got involved, I didn’t fail.",S,,,,S,,,,S,,,
836,TRUMP,I got him to give the birth certificate.,S,,,,S,,,,S,,,
837,TRUMP,So I’m satisfied with it.,S,,,,S,,,,S,,,
838,TRUMP,And I’ll tell you why I’m satisfied with it.,S,,,,S,,,,S,,,
839,HOLT,That was…,S,,,,S,,,,S,,,
840,TRUMP,"Because I want to get on to defeating ISIS, because I want to get on to creating jobs, because I want to get on to having a strong border, because I want to get on to things that are very important to me and that are very important to the country.",S; EXPL,,,,S; EXPL,,,,S; EXPL,,,
841,HOLT,I will let you respond.,S,,,,S,,,,S,,,
842,HOLT,It’s important.,S,,,,S,,,,S,,,
843,HOLT,But I just want to get the answer here.,S,,,,S,,,,S,,,
844,HOLT,The birth certificate was produced in 2011.,S; HS; S-Inform,,,,S; HS; S-Inform,,,,S; HS; S-Inform,,,
845,HOLT,"You’ve continued to tell the story and question the president’s legitimacy in 2012, ’13, ’14, ’15…",S; HS; S-Inform,,,,S; HS; S-Inform,,,,S; HS; S-Inform,,,
846,TRUMP,Yeah.,S; ACK,,,,S; ACK,,,,S; ACK,,,
847,HOLT,as recently as January.,S,,,,S,,,,S,,,
848,HOLT,"So the question is, what changed your mind?",,,,,,,,,,,,
849,TRUMP,"Well, nobody was pressing it, nobody was caring much about it.",S,,,,S,,,,S,,,
850,TRUMP,"I figured you’d ask the question tonight, of course.",S,,,,S,,,,S,,,
851,TRUMP,But nobody was caring much about it.,S,,,,S,,,,S,,,
852,TRUMP,But I was the one that got him to produce the birth certificate.,S,,,,S,,,,S,,,
853,TRUMP,And I think I did a good job.,S,,IP,,S,,IP,,S,,IP,
854,TRUMP,Secretary Clinton also fought it.,S,,,,S,,,,S,,,
855,TRUMP,"I mean, you know—now, everybody in mainstream is going to say, oh, that’s not true.",S,,,,S,,,,S,,,
856,TRUMP,"Look, it’s true.",S,,,,S,,,,S,,,
857,TRUMP,"Sidney Blumenthal sent a reporter—you just have to take a look at CNN, the last week, the interview with your former campaign manager.",S,,,,S,,,,S,,,
858,TRUMP,And she was involved.,S,,,,S,,,,S,,,
859,TRUMP,"But just like she can’t bring back jobs, she can’t produce.",S,,,,S,,,,S,,,
860,HOLT,I’m sorry.,S,,,,S,,,,S,,,
861,HOLT,"I’m just going to follow up—and I will let you respond to that, because there’s a lot there.",S; EXPL,,,,S; EXPL,,,,S; EXPL,,,
862,HOLT,But we’re talking about racial healing in this segment.,S,,RB,,S,,RB,,S,,RB,
863,HOLT,"What do you say to Americans, people of color who…",S; TG,,,,S; TG,,,,S; TG,,,
864,TRUMP,"Well, it was very—I say nothing.",S,,,,S,,,,S,,,
865,TRUMP,"I say nothing, because I was able to get him to produce it.",S; EXPL,,,,S; EXPL,,,,S; EXPL,,,
866,TRUMP,He should have produced it a long time before.,S,,,,S,,,,S,,,
867,TRUMP,I say nothing.,S,,,,S,,,,S,,,
868,TRUMP,But let me just tell you.,S,,,,S,,,,S,,,
869,TRUMP,"When you talk about healing, I think that I’ve developed very, very good relationships over the last little while with the African-American community.",S,,APAT; IP,,S,,APAT; IP,,S,,APAT; IP,
870,TRUMP,I think you can see that.,S,,IP,,S,,IP,,S,,IP,
871,TRUMP,And I feel that they really wanted me to come to that conclusion.,S,,IP,,S,,IP,,S,,IP,
872,TRUMP,"And I think I did a great job and a great service not only for the country, but even for the president, in getting him to produce his birth certificate.",S,,IP,,S,,IP,,S,,IP,
873,HOLT,Secretary Clinton?,,,,,,,,,,,,
874,CLINTON,"Well, just listen to what you heard.",S,,,,S,,,,S,,,
875,CLINTON,"And clearly, as Donald just admitted, he knew he was going to stand on this debate stage, and Lester Holt was going to be asking us questions, so he tried to put the whole racist birther lie to bed.",S,,,,S,,,,S,,,
876,CLINTON,But it can’t be dismissed that easily.,S,,,,S,,,,S,,,
877,CLINTON,He has really started his political activity based on this racist lie that our first black president was not an American citizen.,S,,APAT,,S,,APAT,,S,,APAT,
878,CLINTON,"There was absolutely no evidence for it, but he persisted, he persisted year after year, because some of his supporters, people that he was trying to bring into his fold, apparently believed it or wanted to believe it.",S; AGR; EXPL; S-Inform,,,,S; AGR; EXPL; S-Inform,,,,S; AGR; EXPL; S-Inform,,,
879,CLINTON,"But, remember, Donald started his career back in 1973 being sued by the Justice Department for racial discrimination because he would not rent apartments in one of his developments to African-Americans, and he made sure that the people who worked for him understood that was the policy.",S; EXPL; HS; S-Inform,,RB,,S; EXPL; HS; S-Inform,,RB,,S; EXPL; HS; S-Inform,,RB,
880,CLINTON,He actually was sued twice by the Justice Department.,S,,,,S,,,,S,,,
881,CLINTON,So he has a long record of engaging in racist behavior.,S,,,,S,,,,S,,,
882,CLINTON,And the birther lie was a very hurtful one.,S,,,,S,,,,S,,,
883,CLINTON,"You know, Barack Obama is a man of great dignity.",S,,,,S,,,,S,,,
884,CLINTON,And I could tell how much it bothered him and annoyed him that this was being touted and used against him.,S,,,,S,,,,S,,,
885,CLINTON,"But I like to remember what Michelle Obama said in her amazing speech at our Democratic National Convention: When they go low, we go high.",S,,,,S,,,,S,,,
886,CLINTON,"And Barack Obama went high, despite Donald Trump’s best efforts to bring him down.",S,,,,S,,,,S,,,
887,HOLT,Mr.,S,,,,S,,,,S,,,
888,HOLT,"Trump, you can respond and we’re going to move on to the next segment.",S,,,,S,,,,S,,,
889,TRUMP,I would love to respond.,S,,,,S,,,,S,,,
890,TRUMP,"First of all, I got to watch in preparing for this some of your debates against Barack Obama.",S,,,,S,,,,S,,,
891,TRUMP,You treated him with terrible disrespect.,S,,,,S,,,,S,,,
892,TRUMP,And I watched the way you talk now about how lovely everything is and how wonderful you are.,S,,,,S,,,,S,,,
893,TRUMP,It doesn’t work that way.,S,,,,S,,,,S,,,
894,TRUMP,"You were after him, you were trying to—you even sent out or your campaign sent out pictures of him in a certain garb, very famous pictures.",S,,,,S,,,,S,,,
895,TRUMP,I don’t think you can deny that.,S,,,,S,,,,S,,,
896,TRUMP,"But just last week, your campaign manager said it was true.",S,,,,S,,,,S,,,
897,TRUMP,"So when you tried to act holier than thou, it really doesn’t work.",S,,,,S,,,,S,,,
898,TRUMP,It really doesn’t.,S,,,,S,,,,S,,,
899,TRUMP,"Now, as far as the lawsuit, yes, when I was very young, I went into my father’s company, had a real estate company in Brooklyn and Queens, and we, along with many, many other companies throughout the country—it was a federal lawsuit—were sued.",S,,,,S,,,,S,,,
900,TRUMP,We settled the suit with zero—with no admission of guilt.,S,,,,S,,,,S,,,
901,TRUMP,It was very easy to do.,S,,,,S,,,,S,,,
902,TRUMP,But they sued many people.,S,,,,S,,,,S,,,
903,TRUMP,I notice you bring that up a lot.,S,,,,S,,,,S,,,
904,TRUMP,"And, you know, I also notice the very nasty commercials that you do on me in so many different ways, which I don’t do on you.",S,,,,S,,,,S,,,
905,TRUMP,Maybe I’m trying to save the money.,S,,,,S,,,,S,,,
906,TRUMP,"But, frankly, I look—I look at that, and I say, isn’t that amazing?",,,,,,,,,,,,
907,TRUMP,"Because I settled that lawsuit with no admission of guilt, but that was a lawsuit brought against many real estate firms, and it’s just one of those things.",S; EXPL,,,,S; EXPL,,,,S; EXPL,,,
908,TRUMP,I’ll go one step further.,S,,,,S,,,,S,,,
909,TRUMP,"In Palm Beach, Florida, tough community, a brilliant community, a wealthy community, probably the wealthiest community there is in the world, I opened a club, and really got great credit for it.",S,,,,S,,,,S,,,
910,TRUMP,"No discrimination against African-Americans, against Muslims, against anybody.",S; REJ; ANS,,,,S; REJ; ANS,,,,S; REJ; ANS,,,
911,TRUMP,And it’s a tremendously successful club.,S,,,,S,,,,S,,,
912,TRUMP,And I’m so glad I did it.,S,,,,S,,,,S,,,
913,TRUMP,And I have been given great credit for what I did.,S,,,,S,,,,S,,,
914,TRUMP,"And I’m very, very proud of it.",S,,,,S,,,,S,,,
915,TRUMP,And that’s the way I feel.,S,,IP,,S,,IP,,S,,IP,
916,TRUMP,That is the true way I feel.,S; EXPL,,IP,,S; EXPL,,IP,,S; EXPL,,IP,
917,HOLT,Our next segment is called “Securing America.,S,,APAT,,S,,APAT,,S,,APAT,
918,HOLT,” We want to start with a 21st century war happening every day in this country.,S; S-Inform,,,,S; S-Inform,,,,S; S-Inform,,,
919,HOLT,"Our institutions are under cyber attack, and our secrets are being stolen.",S,,AF,,S,,AF,,S,,AF,
920,HOLT,"So my question is, who’s behind it?",,,,,,,,,,,,
921,HOLT,And how do we fight it?,,,,,,,,,,,,
922,HOLT,"Secretary Clinton, this answer goes to you.",S,,,,S,,,,S,,,
923,CLINTON,"Well, I think cyber security, cyber warfare will be one of the biggest challenges facing the next president, because clearly we’re facing at this point two different kinds of adversaries.",S; EXPL,,IP,,S; EXPL,,IP,,S; EXPL,,IP,
924,CLINTON,There are the independent hacking groups that do it mostly for commercial reasons to try to steal information that they then can use to make money.,S,,,,S,,,,S,,,
925,CLINTON,"But increasingly, we are seeing cyber attacks coming from states, organs of states.",S,,AF,,S,,AF,,S,,AF,
926,CLINTON,The most recent and troubling of these has been Russia.,S,,,,S,,,,S,,,
927,CLINTON,"There’s no doubt now that Russia has used cyber attacks against all kinds of organizations in our country, and I am deeply concerned about this.",S,,AF,,S,,AF,,S,,AF,
928,CLINTON,"I know Donald’s very praiseworthy of Vladimir Putin, but Putin is playing a really… …tough, long game here.",S,,,,S,,,,S,,,
929,CLINTON,"And one of the things he’s done is to let loose cyber attackers to hack into government files, to hack into personal files, hack into the Democratic National Committee.",S,,AF,,S,,AF,,S,,AF,
930,CLINTON,"And we recently have learned that, you know, that this is one of their preferred methods of trying to wreak havoc and collect information.",S,,,,S,,,,S,,,
931,CLINTON,"We need to make it very clear—whether it’s Russia, China, Iran or anybody else—the United States has much greater capacity.",S,,UF,,S,,UF,,S,,UF,
932,CLINTON,"And we are not going to sit idly by and permit state actors to go after our information, our private-sector information or our public-sector information.",S,,,,S,,,,S,,,
933,CLINTON,And we’re going to have to make it clear that we don’t want to use the kinds of tools that we have.,S,,,,S,,,,S,,,
934,CLINTON,We don’t want to engage in a different kind of warfare.,S,,,,S,,,,S,,,
935,CLINTON,But we will defend the citizens of this country.,S,,,,S,,,,S,,,
936,CLINTON,And the Russians need to understand that.,S,,,,S,,,,S,,,
937,CLINTON,"I think they’ve been treating it as almost a probing, how far would we go, how much would we do.",S,,IP,,S,,IP,,S,,IP,
938,CLINTON,And that’s why I was so—I was so shocked when Donald publicly invited Putin to hack into Americans.,S,,,,S,,,,S,,,
939,CLINTON,That is just unacceptable.,S; EXPL,,,,S; EXPL,,,,S; EXPL,,,
940,CLINTON,It’s one of the reasons why 50 national security officials who served in Republican information—in administrations…,S; S-Inform,,,,S; S-Inform,,,,S; S-Inform,,,
941,HOLT,Your two minutes have expired.,S,,,,S,,,,S,,,
942,CLINTON,… have said that Donald is unfit to be the commander- in-chief.,S,,,,S,,,,S,,,
943,CLINTON,It’s comments like that that really worry people who understand the threats that we face.,S,,AF,,S,,AF,,S,,AF,
944,HOLT,Mr.,S,,,,S,,,,S,,,
945,HOLT,"Trump, you have two minutes and the same question.",S,,,,S,,,,S,,,
946,HOLT,Who’s behind it?,Q-W,,,,Q-W,,,,Q-W,,,
947,HOLT,And how do we fight it?,,,,,,,,,,,,
948,TRUMP,"I do want to say that I was just endorsed—and more are coming next week—it will be over 200 admirals, many of them here—admirals and generals endorsed me to lead this country.",S; S-Inform,,,,S; S-Inform,,,,S; S-Inform,,,
949,TRUMP,"That just happened, and many more are coming.",S,,,,S,,,,S,,,
950,TRUMP,And I’m very proud of it.,S,,,,S,,,,S,,,
951,TRUMP,"In addition, I was just endorsed by ICE.",S,,,,S,,,,S,,,
952,TRUMP,They’ve never endorsed anybody before on immigration.,S,,,,S,,,,S,,,
953,TRUMP,I was just endorsed by ICE.,S,,,,S,,,,S,,,
954,TRUMP,"I was just recently endorsed—16,500 Border Patrol agents.",S; S-Inform,,,,S; S-Inform,,,,S; S-Inform,,,
955,TRUMP,"So when Secretary Clinton talks about this, I mean, I’ll take the admirals and I’ll take the generals any day over the political hacks that I see that have led our country so brilliantly over the last 10 years with their knowledge.",S; S-Inform,,,,S; S-Inform,,,,S; S-Inform,,,
956,TRUMP,OK?,ACK,,,,ACK,,,,ACK,,,
957,TRUMP,Because look at the mess that we’re in.,S; EXPL,,,,S; EXPL,,,,S; EXPL,,,
958,TRUMP,Look at the mess that we’re in.,S,,,,S,,,,S,,,
959,TRUMP,"As far as the cyber, I agree to parts of what Secretary Clinton said.",S; AGR,,,,S; AGR,,,,S; AGR,,,
960,TRUMP,"We should be better than anybody else, and perhaps we’re not.",S,,,,S,,,,S,,,
961,TRUMP,I don’t think anybody knows it was Russia that broke into the DNC.,S,,,,S,,,,S,,,
962,TRUMP,"She’s saying Russia, Russia, Russia, but I don’t—maybe it was.",S,,,,S,,,,S,,,
963,TRUMP,"I mean, it could be Russia, but it could also be China.",S,,,,S,,,,S,,,
964,TRUMP,It could also be lots of other people.,S,,,,S,,,,S,,,
965,TRUMP,"It also could be somebody sitting on their bed that weighs 400 pounds, OK?",,,,,,,,,,,,
966,TRUMP,You don’t know who broke in to DNC.,S,,,,S,,,,S,,,
967,TRUMP,But what did we learn with DNC?,,,,,,,,,,,,
968,TRUMP,"We learned that Bernie Sanders was taken advantage of by your people, by Debbie Wasserman Schultz.",S,,,,S,,,,S,,,
969,TRUMP,Look what happened to her.,S,,,,S,,,,S,,,
970,TRUMP,But Bernie Sanders was taken advantage of.,S,,,,S,,,,S,,,
971,TRUMP,That’s what we learned.,S,,,,S,,,,S,,,
972,TRUMP,"Now, whether that was Russia, whether that was China, whether it was another country, we don’t know, because the truth is, under President Obama we’ve lost control of things that we used to have control over.",S; EXPL,,,,S; EXPL,,,,S; EXPL,,,
973,TRUMP,"We came in with the Internet, we came up with the Internet, and I think Secretary Clinton and myself would agree very much, when you look at what ISIS is doing with the Internet, they’re beating us at our own game.",S,,IP,,S,,IP,,S,,IP,
974,TRUMP,ISIS.,S,,,,S,,,,S,,,
975,TRUMP,"So we have to get very, very tough on cyber and cyber warfare.",S,,,,S,,,,S,,,
976,TRUMP,It is—it is a huge problem.,S,,,,S,,,,S,,,
977,TRUMP,I have a son.,S,,,,S,,,,S,,,
978,TRUMP,He’s 10 years old.,S; S-Inform,,,,S; S-Inform,,,,S; S-Inform,,,
979,TRUMP,He has computers.,S,,,,S,,,,S,,,
980,TRUMP,"He is so good with these computers, it’s unbelievable.",S,,,,S,,,,S,,,
981,TRUMP,"The security aspect of cyber is very, very tough.",S,,,,S,,,,S,,,
982,TRUMP,And maybe it’s hardly doable.,S,,,,S,,,,S,,,
983,TRUMP,"But I will say, we are not doing the job we should be doing.",S,,,,S,,,,S,,,
984,TRUMP,But that’s true throughout our whole governmental society.,S,,,,S,,,,S,,,
985,TRUMP,"We have so many things that we have to do better, Lester, and certainly cyber is one of them.",S,,,,S,,,,S,,,
986,HOLT,Secretary Clinton?,,,,,,,,,,,,
987,CLINTON,"Well, I think there are a number of issues that we should be addressing.",S,,IP,,S,,IP,,S,,IP,
988,CLINTON,I have put forth a plan to defeat ISIS.,S,,,,S,,,,S,,,
989,CLINTON,It does involve going after them online.,S,,,,S,,,,S,,,
990,CLINTON,"I think we need to do much more with our tech companies to prevent ISIS and their operatives from being able to use the Internet to radicalize, even direct people in our country and Europe and elsewhere.",S,,IP,,S,,IP,,S,,IP,
991,CLINTON,"But we also have to intensify our air strikes against ISIS and eventually support our Arab and Kurdish partners to be able to actually take out ISIS in Raqqa, end their claim of being a Caliphate.",S,,,,S,,,,S,,,
992,CLINTON,We’re making progress.,S,,,,S,,,,S,,,
993,CLINTON,Our military is assisting in Iraq.,S,,,,S,,,,S,,,
994,CLINTON,"And we’re hoping that within the year we’ll be able to push ISIS out of Iraq and then, you know, really squeeze them in Syria.",S; S-Inform,,,,S; S-Inform,,,,S; S-Inform,,,
995,CLINTON,"But we have to be cognizant of the fact that they’ve had foreign fighters coming to volunteer for them, foreign money, foreign weapons, so we have to make this the top priority.",S,,,,S,,,,S,,,
996,CLINTON,And I would also do everything possible to take out their leadership.,S,,,,S,,,,S,,,
997,CLINTON,"I was involved in a number of efforts to take out Al Qaida leadership when I was secretary of state, including, of course, taking out bin Laden.",S,,,,S,,,,S,,,
998,CLINTON,"And I think we need to go after Baghdadi, as well, make that one of our organizing principles.",S,,IP,,S,,IP,,S,,IP,
999,CLINTON,"Because we’ve got to defeat ISIS, and we’ve got to do everything we can to disrupt their propaganda efforts online.",S; EXPL,,,,S; EXPL,,,,S; EXPL,,,
1000,HOLT,"You mention ISIS, and we think of ISIS certainly as over there, but there are American citizens who have been inspired to commit acts of terror on American soil, the latest incident, of course, the bombings we just saw in New York and New Jersey, the knife attack at a mall in Minnesota, in the last year, deadly attacks in San Bernardino and Orlando.",S; S-Inform,,AF; APAT,,S; S-Inform,,AF; APAT,,S; S-Inform,,AF; APAT,
1001,HOLT,I’ll ask this to both of you.,S,,,,S,,,,S,,,
1002,HOLT,"Tell us specifically how you would prevent homegrown attacks by American citizens, Mr.",S; EXPL,,AF; APAT,,S; EXPL,,AF; APAT,,S; EXPL,,AF; APAT,
1003,HOLT,Trump?,,,,,,,,,,,,
1004,TRUMP,"Well, first I have to say one thing, very important.",S,,,,S,,,,S,,,
1005,TRUMP,Secretary Clinton is talking about taking out ISIS.,S,,,,S,,,,S,,,
1006,TRUMP,“We will take out ISIS.,S,,,,S,,,,S,,,
1007,TRUMP,"” Well, President Obama and Secretary Clinton created a vacuum the way they got out of Iraq, because they got out—what, they shouldn’t have been in, but once they got in, the way they got out was a disaster.",S; EXPL,,AF,,S; EXPL,,AF,,S; EXPL,,AF,
1008,TRUMP,And ISIS was formed.,S,,,,S,,,,S,,,
1009,TRUMP,So she talks about taking them out.,S,,,,S,,,,S,,,
1010,TRUMP,She’s been doing it a long time.,S,,,,S,,,,S,,,
1011,TRUMP,She’s been trying to take them out for a long time.,S,,,,S,,,,S,,,
1012,TRUMP,"But they wouldn’t have even been formed if they left some troops behind, like 10,000 or maybe something more than that.",S; S-Inform,,,,S; S-Inform,,,,S; S-Inform,,,
1013,TRUMP,And then you wouldn’t have had them.,S,,,,S,,,,S,,,
1014,TRUMP,"Or, as I’ve been saying for a long time, and I think you’ll agree, because I said it to you once, had we taken the oil—and we should have taken the oil—ISIS would not have been able to form either, because the oil was their primary source of income.",S; EXPL,,IP,,S; EXPL,,IP,,S; EXPL,,IP,
1015,TRUMP,"And now they have the oil all over the place, including the oil—a lot of the oil in Libya, which was another one of her disasters.",S,,AF,,S,,AF,,S,,AF,
1016,HOLT,Secretary Clinton?,,,,,,,,,,,,
1017,CLINTON,"Well, I hope the fact-checkers are turning up the volume and really working hard.",S,,,,S,,,,S,,,
1018,CLINTON,Donald supported the invasion of Iraq.,S,,AF,,S,,AF,,S,,AF,
1019,TRUMP,Wrong.,S,,,,S,,,,S,,,
1020,CLINTON,That is absolutely proved over and over again.,S; AGR; EXPL,,,,S; AGR; EXPL,,,,S; AGR; EXPL,,,
1021,TRUMP,Wrong.,S,,,,S,,,,S,,,
1022,TRUMP,Wrong.,S,,,,S,,,,S,,,
1023,CLINTON,"He actually advocated for the actions we took in Libya and urged that Gadhafi be taken out, after actually doing some business with him one time.",S,,,,S,,,,S,,,
1024,CLINTON,But the larger point—and he says this constantly—is George W.,S,,,,S,,,,S,,,
1025,CLINTON,"Bush made the agreement about when American troops would leave Iraq, not Barack Obama.",S,,APAT,,S,,APAT,,S,,APAT,
1026,CLINTON,"And the only way that American troops could have stayed in Iraq is to get an agreement from the then-Iraqi government that would have protected our troops, and the Iraqi government would not give that.",S,,APAT,,S,,APAT,,S,,APAT,
1027,CLINTON,"But let’s talk about the question you asked, Lester.",S,,,,S,,,,S,,,
1028,CLINTON,"The question you asked is, what do we do here in the United States?",,,UF,,,,UF,,,,UF,
1029,CLINTON,That’s the most important part of this.,S,,,,S,,,,S,,,
1030,CLINTON,How do we prevent attacks?,Q-W; SEEP,,AF,,Q-W; SEEP,,AF,,Q-W; SEEP,,AF,
1031,CLINTON,How do we protect our people?,Q-W; SEEP,,,,Q-W; SEEP,,,,Q-W; SEEP,,,
1032,CLINTON,"And I think we’ve got to have an intelligence surge, where we are looking for every scrap of information.",S,,IP,,S,,IP,,S,,IP,
1033,CLINTON,"I was so proud of law enforcement in New York, in Minnesota, in New Jersey.",S,,,,S,,,,S,,,
1034,CLINTON,"You know, they responded so quickly, so professionally to the attacks that occurred by Rahami.",S,,AF,,S,,AF,,S,,AF,
1035,CLINTON,And they brought him down.,S,,,,S,,,,S,,,
1036,CLINTON,"And we may find out more information because he is still alive, which may prove to be an intelligence benefit.",S; EXPL,,,,S; EXPL,,,,S; EXPL,,,
1037,CLINTON,"So we’ve got to do everything we can to vacuum up intelligence from Europe, from the Middle East.",S,,,,S,,,,S,,,
1038,CLINTON,"That means we’ve got to work more closely with our allies, and that’s something that Donald has been very dismissive of.",S,,,,S,,,,S,,,
1039,CLINTON,"We’re working with NATO, the longest military alliance in the history of the world, to really turn our attention to terrorism.",S,,AF,,S,,AF,,S,,AF,
1040,CLINTON,"We’re working with our friends in the Middle East, many of which, as you know, are Muslim majority nations.",S,,,,S,,,,S,,,
1041,CLINTON,"Donald has consistently insulted Muslims abroad, Muslims at home, when we need to be cooperating with Muslim nations and with the American Muslim community.",S,,APAT,,S,,APAT,,S,,APAT,
1042,CLINTON,They’re on the front lines.,S,,,,S,,,,S,,,
1043,CLINTON,They can provide information to us that we might not get anywhere else.,S,,,,S,,,,S,,,
1044,CLINTON,"They need to have close working cooperation with law enforcement in these communities, not be alienated and pushed away as some of Donald’s rhetoric, unfortunately, has led to.",S,,,,S,,,,S,,,
1045,HOLT,Mr.,S,,,,S,,,,S,,,
1046,HOLT,Trump…,S,,,,S,,,,S,,,
1047,TRUMP,"Well, I have to respond.",S,,,,S,,,,S,,,
1048,HOLT,Please respond.,IAFA,,,,IAFA,,,,IAFA,,,
1049,TRUMP,"The secretary said very strongly about working with—we’ve been working with them for many years, and we have the greatest mess anyone’s ever seen.",S,,,,S,,,,S,,,
1050,TRUMP,"You look at the Middle East, it’s a total mess.",S,,,,S,,,,S,,,
1051,TRUMP,"Under your direction, to a large extent.",S,,,,S,,,,S,,,
1052,TRUMP,"But you look at the Middle East, you started the Iran deal, that’s another beauty where you have a country that was ready to fall, I mean, they were doing so badly.",S,,,,S,,,,S,,,
1053,TRUMP,They were choking on the sanctions.,S,,,,S,,,,S,,,
1054,TRUMP,"And now they’re going to be actually probably a major power at some point pretty soon, the way they’re going.",S,,,,S,,,,S,,,
1055,TRUMP,"But when you look at NATO, I was asked on a major show, what do you think of NATO?",TG,,,,TG,,,,TG,,,
1056,TRUMP,"And you have to understand, I’m a businessperson.",S,,,,S,,,,S,,,
1057,TRUMP,I did really well.,S,,,,S,,,,S,,,
1058,TRUMP,But I have common sense.,S,,,,S,,,,S,,,
1059,TRUMP,"And I said, well, I’ll tell you.",S,,,,S,,,,S,,,
1060,TRUMP,I haven’t given lots of thought to NATO.,S,,,,S,,,,S,,,
1061,TRUMP,But two things.,S,,,,S,,,,S,,,
1062,TRUMP,"Number one, the 28 countries of NATO, many of them aren’t paying their fair share.",S; S-Inform,,,,S; S-Inform,,,,S; S-Inform,,,
1063,TRUMP,"Number two—and that bothers me, because we should be asking—we’re defending them, and they should at least be paying us what they’re supposed to be paying by treaty and contract.",S; EXPL,,,,S; EXPL,,,,S; EXPL,,,
1064,TRUMP,"And, number two, I said, and very strongly, NATO could be obsolete, because—and I was very strong on this, and it was actually covered very accurately in the New York Times, which is unusual for the New York Times, to be honest—but I said, they do not focus on terror.",S; EXPL,,AF,,S; EXPL,,AF,,S; EXPL,,AF,
1065,TRUMP,And I was very strong.,S,,,,S,,,,S,,,
1066,TRUMP,And I said it numerous times.,S,,,,S,,,,S,,,
1067,TRUMP,"And about four months ago, I read on the front page of the Wall Street Journal that NATO is opening up a major terror division.",S,,AF,,S,,AF,,S,,AF,
1068,TRUMP,And I think that’s great.,S,,IP,,S,,IP,,S,,IP,
1069,TRUMP,And I think we should get—because we pay approximately 73 percent of the cost of NATO.,S; EXPL; S-Inform,,IP,,S; EXPL; S-Inform,,IP,,S; EXPL; S-Inform,,IP,
1070,TRUMP,It’s a lot of money to protect other people.,S,,,,S,,,,S,,,
1071,TRUMP,But I’m all for NATO.,S,,,,S,,,,S,,,
1072,TRUMP,"But I said they have to focus on terror, also.",S,,AF,,S,,AF,,S,,AF,
1073,TRUMP,And they’re going to do that.,S,,,,S,,,,S,,,
1074,TRUMP,And that was—believe me—I’m sure I’m not going to get credit for it—but that was largely because of what I was saying and my criticism of NATO.,S; EXPL,,,,S; EXPL,,,,S; EXPL,,,
1075,TRUMP,"I think we have to get NATO to go into the Middle East with us, in addition to surrounding nations, and we have to knock the hell out of ISIS, and we have to do it fast, when ISIS formed in this vacuum created by Barack Obama and Secretary Clinton.",S,,IP,,S,,IP,,S,,IP,
1076,TRUMP,"And believe me, you were the ones that took out the troops.",S,,,,S,,,,S,,,
1077,TRUMP,"Not only that, you named the day.",S,,,,S,,,,S,,,
1078,TRUMP,They couldn’t believe it.,S,,,,S,,,,S,,,
1079,TRUMP,"They sat back probably and said, I can’t believe it.",S,,,,S,,,,S,,,
1080,TRUMP,They said…,S,,,,S,,,,S,,,
1081,CLINTON,"Lester, we’ve covered…",S,,,,S,,,,S,,,
1082,TRUMP,"No, wait a minute.",IAFA; REJ; ANS,,,,IAFA; REJ; ANS,,,,IAFA; REJ; ANS,,,
1083,CLINTON,We’ve covered this ground.,S,,,,S,,,,S,,,
1084,TRUMP,"When they formed, when they formed, this is something that never should have happened.",S,,,,S,,,,S,,,
1085,TRUMP,It should have never happened.,S,,,,S,,,,S,,,
1086,TRUMP,"Now, you’re talking about taking out ISIS.",S,,,,S,,,,S,,,
1087,TRUMP,"But you were there, and you were secretary of state when it was a little infant.",S,,,,S,,,,S,,,
1088,TRUMP,Now it’s in over 30 countries.,S; S-Inform,,,,S; S-Inform,,,,S; S-Inform,,,
1089,TRUMP,And you’re going to stop them?,,,,,,,,,,,,
1090,TRUMP,I don’t think so.,S,,,,S,,,,S,,,
1091,HOLT,Mr.,S,,,,S,,,,S,,,
1092,HOLT,"Trump, a lot of these are judgment questions.",S,,,,S,,,,S,,,
1093,HOLT,You had supported the war in Iraq before the invasion.,S,,AF,,S,,AF,,S,,AF,
1094,HOLT,What makes your…,S,,,,S,,,,S,,,
1095,TRUMP,I did not support the war in Iraq.,S,,,,S,,,,S,,,
1096,HOLT,In 2002…,S; HS; S-Inform,,,,S; HS; S-Inform,,,,S; HS; S-Inform,,,
1097,TRUMP,"That is a mainstream media nonsense put out by her, because she—frankly, I think the best person in her campaign is mainstream media.",S; EXPL,,IP,,S; EXPL,,IP,,S; EXPL,,IP,
1098,HOLT,"My question is, since you supported it…",S,,,,S,,,,S,,,
1099,TRUMP,Just—would you like to hear…,S; IAFA-OF,,,,S; IAFA-OF,,,,S; IAFA-OF,,,
1100,HOLT,… why is your—why is your judgment…,S,,,,S,,,,S,,,
1101,TRUMP,Wait a minute.,IAFA,,,,IAFA,,,,IAFA,,,
1102,TRUMP,I was against the war in Iraq.,S,,,,S,,,,S,,,
1103,TRUMP,Just so you put it out.,S,,,,S,,,,S,,,
1104,HOLT,"The record shows otherwise, but why—why was…",S,,,,S,,,,S,,,
1105,TRUMP,The record does not show that.,S,,,,S,,,,S,,,
1106,HOLT,Why was—is your judgment any…,S,,,,S,,,,S,,,
1107,TRUMP,The record shows that I’m right.,S,,,,S,,,,S,,,
1108,TRUMP,"When I did an interview with Howard Stern, very lightly, first time anyone’s asked me that, I said, very lightly, I don’t know, maybe, who knows?",Q-W,,,,Q-W,,,,Q-W,,,
1109,TRUMP,Essentially.,S,,,,S,,,,S,,,
1110,TRUMP,I then did an interview with Neil Cavuto.,S,,,,S,,,,S,,,
1111,TRUMP,We talked about the economy is more important.,S,,,,S,,,,S,,,
1112,TRUMP,"I then spoke to Sean Hannity, which everybody refuses to call Sean Hannity.",S,,,,S,,,,S,,,
1113,TRUMP,I had numerous conversations with Sean Hannity at Fox.,S,,,,S,,,,S,,,
1114,TRUMP,"And Sean Hannity said—and he called me the other day—and I spoke to him about it—he said you were totally against the war, because he was for the war.",S; EXPL,,,,S; EXPL,,,,S; EXPL,,,
1115,HOLT,Why is your judgment better than…,S,,,,S,,,,S,,,
1116,TRUMP,And when he—excuse me.,S; TT,,,,S; TT,,,,S; TT,,,
1117,TRUMP,And that was before the war started.,S,,,,S,,,,S,,,
1118,TRUMP,"Sean Hannity said very strongly to me and other people—he’s willing to say it, but nobody wants to call him.",S,,,,S,,,,S,,,
1119,TRUMP,I was against the war.,S,,,,S,,,,S,,,
1120,TRUMP,"He said, you used to have fights with me, because Sean was in favor of the war.",S; EXPL,,,,S; EXPL,,,,S; EXPL,,,
1121,TRUMP,"And I understand that side, also, not very much, because we should have never been there.",S; EXPL,,,,S; EXPL,,,,S; EXPL,,,
1122,TRUMP,But nobody called Sean Hannity.,S,,,,S,,,,S,,,
1123,TRUMP,"And then they did an article in a major magazine, shortly after the war started.",S,,,,S,,,,S,,,
1124,TRUMP,I think in ’04.,S; S-Inform,,IP,,S; S-Inform,,IP,,S; S-Inform,,IP,
1125,TRUMP,But they did an article which had me totally against the war in Iraq.,S,,,,S,,,,S,,,
1126,TRUMP,"And one of your compatriots said, you know, whether it was before or right after, Trump was definitely—because if you read this article, there’s no doubt.",S; EXPL,,,,S; EXPL,,,,S; EXPL,,,
1127,TRUMP,"But if somebody—and I’ll ask the press—if somebody would call up Sean Hannity, this was before the war started.",S,,,,S,,,,S,,,
1128,TRUMP,He and I used to have arguments about the war.,S,,,,S,,,,S,,,
1129,TRUMP,"I said, it’s a terrible and a stupid thing.",S,,,,S,,,,S,,,
1130,TRUMP,It’s going to destabilize the Middle East.,S,,,,S,,,,S,,,
1131,TRUMP,And that’s exactly what it’s done.,S; AGR,,,,S; AGR,,,,S; AGR,,,
1132,TRUMP,It’s been a disaster.,S,,AF,,S,,AF,,S,,AF,
1133,HOLT,"My reference was to what you had said in 2002, and my question was…",S; HS; S-Inform,,,,S; HS; S-Inform,,,,S; HS; S-Inform,,,
1134,TRUMP,"No, no.",S; REJ; ANS,,,,S; REJ; ANS,,,,S; REJ; ANS,,,
1135,TRUMP,You didn’t hear what I said.,S,,,,S,,,,S,,,
1136,HOLT,Why is your judgment—why is your judgment any different than Mrs.,S,,,,S,,,,S,,,
1137,HOLT,Clinton’s judgment?,,,,,,,,,,,,
1138,TRUMP,"Well, I have much better judgment than she does.",S,,,,S,,,,S,,,
1139,TRUMP,There’s no question about that.,IAFA,,,,IAFA,,,,IAFA,,,
1140,TRUMP,"I also have a much better temperament than she has, you know?",,,,,,,,,,,,
1141,TRUMP,"I have a much better—she spent—let me tell you—she spent hundreds of millions of dollars on an advertising—you know, they get Madison Avenue into a room, they put names—oh, temperament, let’s go after—I think my strongest asset, maybe by far, is my temperament.",S,,IP,,S,,IP,,S,,IP,
1142,TRUMP,I have a winning temperament.,S,,,,S,,,,S,,,
1143,TRUMP,I know how to win.,S,,,,S,,,,S,,,
1144,TRUMP,She does not have a…,S,,,,S,,,,S,,,
1145,HOLT,Secretary Clinton?,,,,,,,,,,,,
1146,TRUMP,Wait.,IAFA,,,,IAFA,,,,IAFA,,,
1147,TRUMP,"The AFL-CIO the other day, behind the blue screen, I don’t know who you were talking to, Secretary Clinton, but you were totally out of control.",S,,,,S,,,,S,,,
1148,TRUMP,"I said, there’s a person with a temperament that’s got a problem.",S,,,,S,,,,S,,,
1149,HOLT,Secretary Clinton?,,,,,,,,,,,,
1150,CLINTON,"Whew, OK.",S,,,,S,,,,S,,,
1151,CLINTON,"Let’s talk about two important issues that were briefly mentioned by Donald, first, NATO.",S,,,,S,,,,S,,,
1152,CLINTON,"You know, NATO as a military alliance has something called Article 5, and basically it says this: An attack on one is an attack on all.",S; S-Inform,,AF,,S; S-Inform,,AF,,S; S-Inform,,AF,
1153,CLINTON,And you know the only time it’s ever been invoked?,,,,,,,,,,,,
1154,CLINTON,"After 9/11, when the 28 nations of NATO said that they would go to Afghanistan with us to fight terrorism, something that they still are doing by our side.",S; S-Inform,,AF,,S; S-Inform,,AF,,S; S-Inform,,AF,
1155,CLINTON,"With respect to Iran, when I became secretary of state, Iran was weeks away from having enough nuclear material to form a bomb.",S,,,,S,,,,S,,,
1156,CLINTON,They had mastered the nuclear fuel cycle under the Bush administration.,S,,,,S,,,,S,,,
1157,CLINTON,They had built covert facilities.,S,,,,S,,,,S,,,
1158,CLINTON,They had stocked them with centrifuges that were whirling away.,S,,,,S,,,,S,,,
1159,CLINTON,And we had sanctioned them.,S,,,,S,,,,S,,,
1160,CLINTON,"I voted for every sanction against Iran when I was in the Senate, but it wasn’t enough.",S,,,,S,,,,S,,,
1161,CLINTON,So I spent a year-and-a-half putting together a coalition that included Russia and China to impose the toughest sanctions on Iran.,S; S-Inform,,,,S; S-Inform,,,,S; S-Inform,,,
1162,CLINTON,And we did drive them to the negotiating table.,S,,,,S,,,,S,,,
1163,CLINTON,"And my successor, John Kerry, and President Obama got a deal that put a lid on Iran’s nuclear program without firing a single shot.",S,,,,S,,,,S,,,
1164,CLINTON,That’s diplomacy.,S,,,,S,,,,S,,,
1165,CLINTON,That’s coalition-building.,S,,,,S,,,,S,,,
1166,CLINTON,That’s working with other nations.,S,,,,S,,,,S,,,
1167,CLINTON,"The other day, I saw Donald saying that there were some Iranian sailors on a ship in the waters off of Iran, and they were taunting American sailors who were on a nearby ship.",S,,APAT,,S,,APAT,,S,,APAT,
1168,CLINTON,"He said, you know, if they taunted our sailors, I’d blow them out of the water and start another war.",S,,,,S,,,,S,,,
1169,CLINTON,That’s not good judgment.,S,,,,S,,,,S,,,
1170,TRUMP,That would not start a war.,S,,,,S,,,,S,,,
1171,CLINTON,"That is not the right temperament to be commander-in-chief, to be taunted.",S; EXPL,,PB,,S; EXPL,,PB,,S; EXPL,,PB,
1172,CLINTON,And the worst part…,S,,,,S,,,,S,,,
1173,TRUMP,"No, they were taunting us.",S; REJ; ANS,,,,S; REJ; ANS,,,,S; REJ; ANS,,,
1174,CLINTON,… of what we heard Donald say has been about nuclear weapons.,S,,,,S,,,,S,,,
1175,CLINTON,"He has said repeatedly that he didn’t care if other nations got nuclear weapons, Japan, South Korea, even Saudi Arabia.",S,,,,S,,,,S,,,
1176,CLINTON,"It has been the policy of the United States, Democrats and Republicans, to do everything we could to reduce the proliferation of nuclear weapons.",S,,UF,,S,,UF,,S,,UF,
1177,CLINTON,"He even said, well, you know, if there were nuclear war in East Asia, well, you know, that’s fine…",S,,,,S,,,,S,,,
1178,TRUMP,Wrong.,S,,,,S,,,,S,,,
1179,CLINTON,"… have a good time, folks.",IAFA,,,,IAFA,,,,IAFA,,,
1180,TRUMP,It’s lies.,S,,,,S,,,,S,,,
1181,CLINTON,"And, in fact, his cavalier attitude about nuclear weapons is so deeply troubling.",S,,,,S,,,,S,,,
1182,CLINTON,That is the number-one threat we face in the world.,S; EXPL,,AF,,S; EXPL,,AF,,S; EXPL,,AF,
1183,CLINTON,And it becomes particularly threatening if terrorists ever get their hands on any nuclear material.,S,,AF,,S,,AF,,S,,AF,
1184,CLINTON,"So a man who can be provoked by a tweet should not have his fingers anywhere near the nuclear codes, as far as I think anyone with any sense about this should be concerned.",S,,IP,,S,,IP,,S,,IP,
1185,TRUMP,"That line’s getting a little bit old, I must say.",S,,,,S,,,,S,,,
1186,TRUMP,I would like to…,S,,,,S,,,,S,,,
1187,CLINTON,"It’s a good one, though.",S,,,,S,,,,S,,,
1188,CLINTON,It well describes the problem.,S,,,,S,,,,S,,,
1189,TRUMP,It’s not an accurate one at all.,S,,,,S,,,,S,,,
1190,TRUMP,It’s not an accurate one.,S,,,,S,,,,S,,,
1191,TRUMP,So I just want to give a lot of things—and just to respond.,S,,,,S,,,,S,,,
1192,TRUMP,I agree with her on one thing.,S; AGR,,,,S; AGR,,,,S; AGR,,,
1193,TRUMP,"The single greatest problem the world has is nuclear armament, nuclear weapons, not global warming, like you think and your—your president thinks.",S,,,,S,,,,S,,,
1194,TRUMP,Nuclear is the single greatest threat.,S,,AF,,S,,AF,,S,,AF,
1195,TRUMP,"Just to go down the list, we defend Japan, we defend Germany, we defend South Korea, we defend Saudi Arabia, we defend countries.",S,,,,S,,,,S,,,
1196,TRUMP,They do not pay us.,S,,,,S,,,,S,,,
1197,TRUMP,"But they should be paying us, because we are providing tremendous service and we’re losing a fortune.",S; EXPL,,,,S; EXPL,,,,S; EXPL,,,
1198,TRUMP,That’s why we’re losing—we’re losing—we lose on everything.,S,,,,S,,,,S,,,
1199,TRUMP,"I say, who makes these—we lose on everything.",S,,,,S,,,,S,,,
1200,TRUMP,"All I said, that it’s very possible that if they don’t pay a fair share, because this isn’t 40 years ago where we could do what we’re doing.",S; EXPL; S-Inform,,,,S; EXPL; S-Inform,,,,S; EXPL; S-Inform,,,
1201,TRUMP,"We can’t defend Japan, a behemoth, selling us cars by the million…",S; S-Inform,,,,S; S-Inform,,,,S; S-Inform,,,
1202,HOLT,We need to move on.,S,,,,S,,,,S,,,
1203,TRUMP,"Well, wait, but it’s very important.",S,,,,S,,,,S,,,
1204,TRUMP,"All I said was, they may have to defend themselves or they have to help us out.",S,,,,S,,,,S,,,
1205,TRUMP,We’re a country that owes $20 trillion.,S; S-Inform,,,,S; S-Inform,,,,S; S-Inform,,,
1206,TRUMP,They have to help us out.,S,,,,S,,,,S,,,
1207,HOLT,Our last…,S,,,,S,,,,S,,,
1208,TRUMP,"As far as the nuclear is concerned, I agree.",S; AGR,,,,S; AGR,,,,S; AGR,,,
1209,TRUMP,It is the single greatest threat that this country has.,S,,AF,,S,,AF,,S,,AF,
1210,HOLT,"Which leads to my next question, as we enter our last segment here on the, still on the subject of securing America.",S,,APAT,,S,,APAT,,S,,APAT,
1211,HOLT,"On nuclear weapons, President Obama reportedly considered changing the nation’s longstanding policy on first use.",S,,,,S,,,,S,,,
1212,HOLT,Do you support the current policy?,YNQ,,,,YNQ,,,,YNQ,,,
1213,HOLT,Mr.,S,,,,S,,,,S,,,
1214,HOLT,"Trump, you have two minutes on that.",S,,,,S,,,,S,,,
1215,TRUMP,"Well, I have to say that, you know, for what Secretary Clinton was saying about nuclear with Russia, she’s very cavalier in the way she talks about various countries.",S,,,,S,,,,S,,,
1216,TRUMP,But Russia has been expanding their—they have a much newer capability than we do.,S,,,,S,,,,S,,,
1217,TRUMP,We have not been updating from the new standpoint.,S,,,,S,,,,S,,,
1218,TRUMP,I looked the other night.,S,,,,S,,,,S,,,
1219,TRUMP,"I was seeing B-52s, they’re old enough that your father, your grandfather could be flying them.",S; S-Inform,,,,S; S-Inform,,,,S; S-Inform,,,
1220,TRUMP,We are not—we are not keeping up with other countries.,S,,,,S,,,,S,,,
1221,TRUMP,"I would like everybody to end it, just get rid of it.",S,,,,S,,,,S,,,
1222,TRUMP,But I would certainly not do first strike.,S,,,,S,,,,S,,,
1223,TRUMP,"I think that once the nuclear alternative happens, it’s over.",S,,IP,,S,,IP,,S,,IP,
1224,TRUMP,"At the same time, we have to be prepared.",S,,,,S,,,,S,,,
1225,TRUMP,I can’t take anything off the table.,S,,,,S,,,,S,,,
1226,TRUMP,"Because you look at some of these countries, you look at North Korea, we’re doing nothing there.",S; EXPL,,,,S; EXPL,,,,S; EXPL,,,
1227,TRUMP,China should solve that problem for us.,S,,,,S,,,,S,,,
1228,TRUMP,China should go into North Korea.,S,,,,S,,,,S,,,
1229,TRUMP,China is totally powerful as it relates to North Korea.,S,,,,S,,,,S,,,
1230,TRUMP,"And by the way, another one powerful is the worst deal I think I’ve ever seen negotiated that you started is the Iran deal.",S,,IP,,S,,IP,,S,,IP,
1231,TRUMP,Iran is one of their biggest trading partners.,S,,,,S,,,,S,,,
1232,TRUMP,Iran has power over North Korea.,S,,,,S,,,,S,,,
1233,TRUMP,"And when they made that horrible deal with Iran, they should have included the fact that they do something with respect to North Korea.",S,,,,S,,,,S,,,
1234,TRUMP,And they should have done something with respect to Yemen and all these other places.,S,,,,S,,,,S,,,
1235,TRUMP,"And when asked to Secretary Kerry, why didn’t you do that?",,,,,,,,,,,,
1236,TRUMP,Why didn’t you add other things into the deal?,Q-W,,,,Q-W,,,,Q-W,,,
1237,TRUMP,"One of the great giveaways of all time, of all time, including $400 million in cash.",S; S-Inform,,,,S; S-Inform,,,,S; S-Inform,,,
1238,TRUMP,Nobody’s ever seen that before.,S,,,,S,,,,S,,,
1239,TRUMP,That turned out to be wrong.,S,,,,S,,,,S,,,
1240,TRUMP,It was actually $1.,S; S-Inform,,,,S; S-Inform,,,,S; S-Inform,,,
1241,TRUMP,"7 billion in cash, obviously, I guess for the hostages.",S; S-Inform,,,,S; S-Inform,,,,S; S-Inform,,,
1242,TRUMP,It certainly looks that way.,S,,,,S,,,,S,,,
1243,TRUMP,"So you say to yourself, why didn’t they make the right deal?",,,PB,,,,PB,,,,PB,
1244,TRUMP,This is one of the worst deals ever made by any country in history.,S,,,,S,,,,S,,,
1245,TRUMP,The deal with Iran will lead to nuclear problems.,S,,,,S,,,,S,,,
1246,TRUMP,"All they have to do is sit back 10 years, and they don’t have to do much.",S; S-Inform,,,,S; S-Inform,,,,S; S-Inform,,,
1247,HOLT,Your two minutes is expired.,S,,,,S,,,,S,,,
1248,TRUMP,And they’re going to end up getting nuclear.,S,,,,S,,,,S,,,
1249,TRUMP,I met with Bibi Netanyahu the other day.,S,,,,S,,,,S,,,
1250,TRUMP,"Believe me, he’s not a happy camper.",S,,,,S,,,,S,,,
1251,HOLT,All right.,S,,,,S,,,,S,,,
1252,HOLT,Mrs.,S,,,,S,,,,S,,,
1253,HOLT,"Clinton, Secretary Clinton, you have two minutes.",S,,,,S,,,,S,,,
1254,CLINTON,"Well, let me—let me start by saying, words matter.",S,,,,S,,,,S,,,
1255,CLINTON,Words matter when you run for president.,S,,,,S,,,,S,,,
1256,CLINTON,And they really matter when you are president.,S,,,,S,,,,S,,,
1257,CLINTON,And I want to reassure our allies in Japan and South Korea and elsewhere that we have mutual defense treaties and we will honor them.,S,,,,S,,,,S,,,
1258,CLINTON,It is essential that America’s word be good.,S,,APAT,,S,,APAT,,S,,APAT,
1259,CLINTON,And so I know that this campaign has caused some questioning and some worries on the part of many leaders across the globe.,S,,,,S,,,,S,,,
1260,CLINTON,I’ve talked with a number of them.,S,,,,S,,,,S,,,
1261,CLINTON,"But I want to—on behalf of myself, and I think on behalf of a majority of the American people, say that, you know, our word is good.",S,,AP; APAT; IP,,S,,AP; APAT; IP,,S,,AP; APAT; IP,
1262,CLINTON,It’s also important that we look at the entire global situation.,S,,,,S,,,,S,,,
1263,CLINTON,There’s no doubt that we have other problems with Iran.,S,,,,S,,,,S,,,
1264,CLINTON,"But personally, I’d rather deal with the other problems having put that lid on their nuclear program than still to be facing that.",S,,,,S,,,,S,,,
1265,CLINTON,And Donald never tells you what he would do.,S,,,,S,,,,S,,,
1266,CLINTON,Would he have started a war?,YNQ,,,,YNQ,,,,YNQ,,,
1267,CLINTON,Would he have bombed Iran?,YNQ,,,,YNQ,,,,YNQ,,,
1268,CLINTON,"If he’s going to criticize a deal that has been very successful in giving us access to Iranian facilities that we never had before, then he should tell us what his alternative would be.",S,,,,S,,,,S,,,
1269,CLINTON,But it’s like his plan to defeat ISIS.,S,,,,S,,,,S,,,
1270,CLINTON,"He says it’s a secret plan, but the only secret is that he has no plan.",S,,,,S,,,,S,,,
1271,CLINTON,So we need to be more precise in how we talk about these issues.,S,,,,S,,,,S,,,
1272,CLINTON,"People around the word follow our presidential campaigns so closely, trying to get hints about what we will do.",S,,,,S,,,,S,,,
1273,CLINTON,Can they rely on us?,YNQ,,,,YNQ,,,,YNQ,,,
1274,CLINTON,Are we going to lead the world with strength and in accordance with our values?,YNQ,,,,YNQ,,,,YNQ,,,
1275,CLINTON,That’s what I intend to do.,S,,,,S,,,,S,,,
1276,CLINTON,"I intend to be a leader of our country that people can count on, both here at home and around the world, to make decisions that will further peace and prosperity, but also stand up to bullies, whether they’re abroad or at home.",S,,,,S,,,,S,,,
1277,CLINTON,We cannot let those who would try to destabilize the world to interfere with American interests and security…,S,,APAT,,S,,APAT,,S,,APAT,
1278,HOLT,Your two minutes is…,S,,,,S,,,,S,,,
1279,CLINTON,… to be given any opportunities at all.,IAFA,,,,IAFA,,,,IAFA,,,
1280,HOLT,… is expired.,IAFA,,,,IAFA,,,,IAFA,,,
1281,TRUMP,"Lester, one thing I’d like to say.",S,,,,S,,,,S,,,
1282,HOLT,Very quickly.,S,,,,S,,,,S,,,
1283,HOLT,Twenty seconds.,S,,,,S,,,,S,,,
1284,TRUMP,I will go very quickly.,S,,,,S,,,,S,,,
1285,TRUMP,"But I will tell you that Hillary will tell you to go to her website and read all about how to defeat ISIS, which she could have defeated by never having it, you know, get going in the first place.",S,,,,S,,,,S,,,
1286,TRUMP,"Right now, it’s getting tougher and tougher to defeat them, because they’re in more and more places, more and more states, more and more nations.",S; EXPL,,,,S; EXPL,,,,S; EXPL,,,
1287,HOLT,Mr.,S,,,,S,,,,S,,,
1288,HOLT,Trump…,S,,,,S,,,,S,,,
1289,TRUMP,And it’s a big problem.,S,,,,S,,,,S,,,
1290,TRUMP,"And as far as Japan is concerned, I want to help all of our allies, but we are losing billions and billions of dollars.",S,,,,S,,,,S,,,
1291,TRUMP,We cannot be the policemen of the world.,S,,,,S,,,,S,,,
1292,TRUMP,We cannot protect countries all over the world…,S,,,,S,,,,S,,,
1293,HOLT,We have just…,S,,,,S,,,,S,,,
1294,TRUMP,… where they’re not paying us what we need.,S,,,,S,,,,S,,,
1295,HOLT,We have just a few final questions…,S,,,,S,,,,S,,,
1296,TRUMP,"And she doesn’t say that, because she’s got no business ability.",S; EXPL,,,,S; EXPL,,,,S; EXPL,,,
1297,TRUMP,We need heart.,S,,,,S,,,,S,,,
1298,TRUMP,We need a lot of things.,S,,,,S,,,,S,,,
1299,TRUMP,But you have to have some basic ability.,S,,,,S,,,,S,,,
1300,TRUMP,"And sadly, she doesn’t have that.",S,,,,S,,,,S,,,
1301,TRUMP,"All of the things that she’s talking about could have been taken care of during the last 10 years, let’s say, while she had great power.",S; S-Inform,,,,S; S-Inform,,,,S; S-Inform,,,
1302,TRUMP,But they weren’t taken care of.,S,,,,S,,,,S,,,
1303,TRUMP,"And if she ever wins this race, they won’t be taken care of.",S,,RB,,S,,RB,,S,,RB,
1304,HOLT,Mr.,S,,,,S,,,,S,,,
1305,HOLT,"Trump, this year Secretary Clinton became the first woman nominated for president by a major party.",S; S-Inform,,,,S; S-Inform,,,,S; S-Inform,,,
1306,HOLT,"Earlier this month, you said she doesn’t have, quote, “a presidential look.",S,,,,S,,,,S,,,
1307,HOLT,” She’s standing here right now.,S,,,,S,,,,S,,,
1308,HOLT,What did you mean by that?,Q-W,,,,Q-W,,,,Q-W,,,
1309,TRUMP,She doesn’t have the look.,S,,,,S,,,,S,,,
1310,TRUMP,She doesn’t have the stamina.,S,,,,S,,,,S,,,
1311,TRUMP,I said she doesn’t have the stamina.,S,,,,S,,,,S,,,
1312,TRUMP,And I don’t believe she does have the stamina.,S,,,,S,,,,S,,,
1313,TRUMP,"To be president of this country, you need tremendous stamina.",S,,,,S,,,,S,,,
1314,HOLT,"The quote was, “I just don’t think she has the presidential look.",S,,,,S,,,,S,,,
1315,TRUMP,You have—wait a minute.,S,,,,S,,,,S,,,
1316,TRUMP,"Wait a minute, Lester.",IAFA,,,,IAFA,,,,IAFA,,,
1317,TRUMP,You asked me a question.,S,,,,S,,,,S,,,
1318,TRUMP,Did you ask me a question?,YNQ,,,,YNQ,,,,YNQ,,,
1319,TRUMP,You have to be able to negotiate our trade deals.,S,,,,S,,,,S,,,
1320,TRUMP,"You have to be able to negotiate, that’s right, with Japan, with Saudi Arabia.",S,,,,S,,,,S,,,
1321,TRUMP,"I mean, can you imagine, we’re defending Saudi Arabia?",,,,,,,,,,,,
1322,TRUMP,"And with all of the money they have, we’re defending them, and they’re not paying?",,,,,,,,,,,,
1323,TRUMP,All you have to do is speak to them.,S,,,,S,,,,S,,,
1324,TRUMP,Wait.,IAFA,,,,IAFA,,,,IAFA,,,
1325,TRUMP,"You have so many different things you have to be able to do, and I don’t believe that Hillary has the stamina.",S,,,,S,,,,S,,,
1326,HOLT,Let’s let her respond.,S,,,,S,,,,S,,,
1327,CLINTON,"Well, as soon as he travels to 112 countries and negotiates a peace deal, a cease-fire, a release of dissidents, an opening of new opportunities in nations around the world, or even spends 11 hours testifying in front of a congressional committee, he can talk to me about stamina.",S; S-Inform,,,,S; S-Inform,,,,S; S-Inform,,,
1328,TRUMP,The world—let me tell you.,S,,,,S,,,,S,,,
1329,TRUMP,Let me tell you.,S,,,,S,,,,S,,,
1330,TRUMP,"Hillary has experience, but it’s bad experience.",S,,,,S,,,,S,,,
1331,TRUMP,"We have made so many bad deals during the last—so she’s got experience, that I agree.",S; AGR,,,,S; AGR,,,,S; AGR,,,
1332,TRUMP,"But it’s bad, bad experience.",S,,,,S,,,,S,,,
1333,TRUMP,"Whether it’s the Iran deal that you’re so in love with, where we gave them $150 billion back, whether it’s the Iran deal, whether it’s anything you can—name—you almost can’t name a good deal.",S; S-Inform,,,,S; S-Inform,,,,S; S-Inform,,,
1334,TRUMP,I agree.,S; AGR,,,,S; AGR,,,,S; AGR,,,
1335,TRUMP,"She’s got experience, but it’s bad experience.",S,,,,S,,,,S,,,
1336,TRUMP,And this country can’t afford to have another four years of that kind of experience.,S,,,,S,,,,S,,,
1337,HOLT,We are at—we are at the final question.,S,,,,S,,,,S,,,
1338,CLINTON,"Well, one thing.",S,,,,S,,,,S,,,
1339,CLINTON,"One thing, Lester.",S,,,,S,,,,S,,,
1340,HOLT,"Very quickly, because we’re at the final question now.",S; EXPL,,,,S; EXPL,,,,S; EXPL,,,
1341,CLINTON,"You know, he tried to switch from looks to stamina.",S,,,,S,,,,S,,,
1342,CLINTON,"But this is a man who has called women pigs, slobs and dogs, and someone who has said pregnancy is an inconvenience to employers, who has said…",S,,,,S,,,,S,,,
1343,TRUMP,I never said that.,S,,,,S,,,,S,,,
1344,CLINTON,women don’t deserve equal pay unless they do as good a job as men.,S,,,,S,,,,S,,,
1345,TRUMP,I didn’t say that.,S,,,,S,,,,S,,,
1346,CLINTON,And one of the worst things he said was about a woman in a beauty contest.,S,,,,S,,,,S,,,
1347,CLINTON,"He loves beauty contests, supporting them and hanging around them.",S,,,,S,,,,S,,,
1348,CLINTON,And he called this woman “Miss Piggy.,S,,,,S,,,,S,,,
1349,CLINTON,"” Then he called her “Miss Housekeeping,” because she was Latina.",S; EXPL,,RB,,S; EXPL,,RB,,S; EXPL,,RB,
1350,CLINTON,"Donald, she has a name.",S,,,,S,,,,S,,,
1351,TRUMP,Where did you find this?,Q-W,,,,Q-W,,,,Q-W,,,
1352,TRUMP,Where did you find this?,Q-W,,,,Q-W,,,,Q-W,,,
1353,CLINTON,Her name is Alicia Machado.,S,,,,S,,,,S,,,
1354,TRUMP,Where did you find this?,Q-W,,,,Q-W,,,,Q-W,,,
1355,CLINTON,And she has become a U.,S,,,,S,,,,S,,,
1356,CLINTON,"citizen, and you can bet…",S,,,,S,,,,S,,,
1357,TRUMP,"Oh, really?",,,,,,,,,,,,
1358,CLINTON,… she’s going to vote this November.,S,,,,S,,,,S,,,
1359,TRUMP,"OK, good.",S,,,,S,,,,S,,,
1360,TRUMP,Let me just tell you…,S,,,,S,,,,S,,,
1361,HOLT,Mr.,S,,,,S,,,,S,,,
1362,HOLT,"Trump, could we just take 10 seconds and then we ask the final question…",S; S-Inform,,,,S; S-Inform,,,,S; S-Inform,,,
1363,TRUMP,"You know, Hillary is hitting me with tremendous commercials.",S,,,,S,,,,S,,,
1364,TRUMP,Some of it’s said in entertainment.,S,,,,S,,,,S,,,
1365,TRUMP,"Some of it’s said—somebody who’s been very vicious to me, Rosie O’Donnell, I said very tough things to her, and I think everybody would agree that she deserves it and nobody feels sorry for her.",S,,IP,,S,,IP,,S,,IP,
1366,TRUMP,But you want to know the truth?,,,,,,,,,,,,
1367,TRUMP,I was going to say something…,S,,,,S,,,,S,,,
1368,HOLT,Please very quickly.,S,,,,S,,,,S,,,
1369,TRUMP,"… extremely rough to Hillary, to her family, and I said to myself, “I can’t do it.",S,,,,S,,,,S,,,
1370,TRUMP,I just can’t do it.,S,,,,S,,,,S,,,
1371,TRUMP,It’s inappropriate.,S,,,,S,,,,S,,,
1372,TRUMP,It’s not nice.,S,,,,S,,,,S,,,
1373,TRUMP,"” But she spent hundreds of millions of dollars on negative ads on me, many of which are absolutely untrue.",S; AGR,,,,S; AGR,,,,S; AGR,,,
1374,TRUMP,They’re untrue.,S,,,,S,,,,S,,,
1375,TRUMP,And they’re misrepresentations.,S,,,,S,,,,S,,,
1376,TRUMP,"And I will tell you this, Lester: It’s not nice.",S,,,,S,,,,S,,,
1377,TRUMP,And I don’t deserve that.,S,,,,S,,,,S,,,
1378,TRUMP,But it’s certainly not a nice thing that she’s done.,S,,,,S,,,,S,,,
1379,TRUMP,It’s hundreds of millions of ads.,S,,,,S,,,,S,,,
1380,TRUMP,"And the only gratifying thing is, I saw the polls come in today, and with all of that money…",S,,,,S,,,,S,,,
1381,HOLT,We have to move on to the final question.,S,,,,S,,,,S,,,
1382,TRUMP,"… $200 million is spent, and I’m either winning or tied, and I’ve spent practically nothing.",S; S-Inform,,,,S; S-Inform,,,,S; S-Inform,,,
1383,HOLT,One of you will not win this election.,S,,,,S,,,,S,,,
1384,HOLT,"So my final question to you tonight, are you willing to accept the outcome as the will of the voters?",,,,,,,,,,,,
1385,HOLT,Secretary Clinton?,,,,,,,,,,,,
1386,CLINTON,"Well, I support our democracy.",S,,,,S,,,,S,,,
1387,CLINTON,"And sometimes you win, sometimes you lose.",S,,,,S,,,,S,,,
1388,CLINTON,But I certainly will support the outcome of this election.,S,,,,S,,,,S,,,
1389,CLINTON,"And I know Donald’s trying very hard to plant doubts about it, but I hope the people out there understand: This election’s really up to you.",S,,,,S,,,,S,,,
1390,CLINTON,It’s not about us so much as it is about you and your families and the kind of country and future you want.,S,,AE,,S,,AE,,S,,AE,
1391,CLINTON,"So I sure hope you will get out and vote as though your future depended on it, because I think it does.",S; EXPL,,IP,,S; EXPL,,IP,,S; EXPL,,IP,
1392,HOLT,Mr.,S,,,,S,,,,S,,,
1393,HOLT,"Trump, very quickly, same question.",S,,,,S,,,,S,,,
1394,HOLT,Will you accept the outcome as the will of the voters?,YNQ,,,,YNQ,,,,YNQ,,,
1395,TRUMP,I want to make America great again.,S,,APAT,,S,,APAT,,S,,APAT,
1396,TRUMP,We are a nation that is seriously troubled.,S; EXPL,,,,S; EXPL,,,,S; EXPL,,,
1397,TRUMP,We’re losing our jobs.,S,,,,S,,,,S,,,
1398,TRUMP,People are pouring into our country.,S,,,,S,,,,S,,,
1399,TRUMP,"The other day, we were deporting 800 people.",S; S-Inform,,,,S; S-Inform,,,,S; S-Inform,,,
1400,TRUMP,"And perhaps they passed the wrong button, they pressed the wrong button, or perhaps worse than that, it was corruption, but these people that we were going to deport for good reason ended up becoming citizens.",S,,,,S,,,,S,,,
1401,TRUMP,Ended up becoming citizens.,IAFA,,,,IAFA,,,,IAFA,,,
1402,TRUMP,And it was 800.,S; S-Inform,,,,S; S-Inform,,,,S; S-Inform,,,
1403,TRUMP,"And now it turns out it might be 1,800, and they don’t even know.",S; S-Inform,,,,S; S-Inform,,,,S; S-Inform,,,
1404,HOLT,Will you accept the outcome of the election?,YNQ,,,,YNQ,,,,YNQ,,,
1405,TRUMP,"Look, here’s the story.",S,,,,S,,,,S,,,
1406,TRUMP,I want to make America great again.,S,,APAT,,S,,APAT,,S,,APAT,
1407,TRUMP,I’m going to be able to do it.,S,,,,S,,,,S,,,
1408,TRUMP,I don’t believe Hillary will.,S,,,,S,,,,S,,,
1409,TRUMP,"The answer is, if she wins, I will absolutely support her.",S; AGR,,,,S; AGR,,,,S; AGR,,,
1410,HOLT,All right.,S,,,,S,,,,S,,,
1411,HOLT,"Well, that is going to do it for us.",S; EXPL,,,,S; EXPL,,,,S; EXPL,,,
1412,HOLT,"That concludes our debate for this evening, a spirited one.",S,,,,S,,,,S,,,
1413,HOLT,"We covered a lot of ground, not everything as I suspected we would.",S,,,,S,,,,S,,,
1414,HOLT,The next presidential debates are scheduled for October 9th at Washington University in St.,S; S-Inform,,,,S; S-Inform,,,,S; S-Inform,,,
1415,HOLT,Louis and October 19th at the University of Nevada Las Vegas.,S; S-Inform,,,,S; S-Inform,,,,S; S-Inform,,,
1416,HOLT,The conversation will continue.,S,,,,S,,,,S,,,
1417,HOLT,A reminder.,S,,,,S,,,,S,,,
1418,HOLT,"The vice presidential debate is scheduled for October 4th at Longwood University in Farmville, Virginia.",S; S-Inform,,,,S; S-Inform,,,,S; S-Inform,,,
1419,HOLT,My thanks to Hillary Clinton and to Donald Trump and to Hofstra University for hosting us tonight.,S; THK,,,,S; THK,,,,S; THK,,,
1420,HOLT,"Good night, everyone.",S; GR,,,,S; GR,,,,S; GR,,,
1421,HOLT,….,S,,,,S,,,,S,,,
1422,CLINTON,….,S,,,,S,,,,S,,,
