unit_id,speaker,text,Annotator 1 - Phase A (DAMSL),Annotator 1 - Phase A notes,Annotator 1 - Phase B (Beads),Annotator 1 - Phase B notes,Annotator 2 - Phase A (DAMSL),Annotator 2 - Phase A notes,Annotator 2 - Phase B (Beads),Annotator 2 - Phase B notes,Annotator 3 - Phase A (DAMSL),Annotator 3 - Phase A notes,Annotator 3 - Phase B (Beads),Annotator 3 - Phase B notes
1,MODERATOR,Kristen Welker,S,,,,S,,,,S,,,
2,WELKER,"Good evening from Belmont University in Nashville, Tennessee.",S; GR,,,,S; GR,,,,S; GR,,,
3,WELKER,I’m Kristen Welker of NBC News and I welcome you to the final 2020 presidential debate between President Donald J.,S; GR; HS; S-Inform,,,,S; GR; HS; S-Inform,,,,S; GR; HS; S-Inform,,,
4,WELKER,Trump and former Vice President Joe Biden.,IAFA,,,,IAFA,,,,IAFA,,,
5,WELKER,Tonight’s debate is sponsored by The Commission on Presidential Debates.,S,,,,S,,,,S,,,
6,WELKER,It is conducted under health and safety protocols designed by the commission’s health security advisor.,S,,,,S,,,,S,,,
7,WELKER,The audience here in the hall has promised to remain silent.,S,,,,S,,,,S,,,
8,WELKER,"No cheers, boos or other interruptions except right now, as we welcome to the stage former Vice President Joe Biden and President Donald J.",S; REJ; GR; ANS,,,,S; REJ; GR; ANS,,,,S; REJ; GR; ANS,,,
9,WELKER,Trump.,S,,,,S,,,,S,,,
10,WELKER,And I do want to say a very good evening to both of you.,S; GR,,,,S; GR,,,,S; GR,,,
11,WELKER,This debate will cover six major topics.,S,,,,S,,,,S,,,
12,WELKER,"At the beginning of each section, each candidate will have two minutes, uninterrupted, to answer my first question.",S,,,,S,,,,S,,,
13,WELKER,"The debate commission will then turn on their microphone only when it is their turn to answer, and the commission will turn it off exactly when the two minutes have expired.",S; AGR,,,,S; AGR,,,,S; AGR,,,
14,WELKER,"After that, both microphones will remain on, but on behalf of the voters, I’m going to ask you to please speak one at a time.",S,,,,S,,,,S,,,
15,WELKER,The goal is for you to hear each other and for the American people to hear every word of what you both have to say.,S,,AP; APAT,,S,,AP; APAT,,S,,AP; APAT,
16,WELKER,"And so with that, if you’re ready, let’s start.",S,,,,S,,,,S,,,
17,WELKER,And we will begin with the fight against the coronavirus.,S,,,,S,,,,S,,,
18,WELKER,"President Trump, the first question is for you.",S,,,,S,,,,S,,,
19,WELKER,The country is heading into a dangerous new phase.,S,,AF,,S,,AF,,S,,AF,
20,WELKER,"More than 40,000 Americans are in the hospital tonight with COVID, including record numbers here in Tennessee.",S; S-Inform,,,,S; S-Inform,,,,S; S-Inform,,,
21,WELKER,"And since the two of you last shared a stage, 16,000 Americans have died from COVID.",S; S-Inform,,,,S; S-Inform,,,,S; S-Inform,,,
22,WELKER,So please be specific: how would you lead the country during this next stage of the coronavirus crisis?,,,AF,,,,AF,,,,AF,
23,WELKER,"Two minutes, uninterrupted.",S,,,,S,,,,S,,,
24,TRUMP,"So, as you know, 2.",S; S-Inform,,,,S; S-Inform,,,,S; S-Inform,,,
25,TRUMP,"2 million people, modeled out, were expected to die.",S; S-Inform,,,,S; S-Inform,,,,S; S-Inform,,,
26,TRUMP,We closed up the greatest economy in the world in order to fight this horrible disease that came from China.,S,,,,S,,,,S,,,
27,TRUMP,It’s a worldwide pandemic.,S,,,,S,,,,S,,,
28,TRUMP,It’s all over the world.,S,,,,S,,,,S,,,
29,TRUMP,You see the spikes in Europe and many other places right now.,S,,,,S,,,,S,,,
30,TRUMP,"If you notice, the mortality rate is down, 85%.",S; S-Inform,,,,S; S-Inform,,,,S; S-Inform,,,
31,TRUMP,"The excess mortality rate is way down, and much lower than almost any other country.",S,,,,S,,,,S,,,
32,TRUMP,And we’re fighting it and we’re fighting it hard.,S,,,,S,,,,S,,,
33,TRUMP,There is a spike.,IAFA,,,,IAFA,,,,IAFA,,,
34,TRUMP,"There was a spike in Florida, and it’s now gone.",S,,,,S,,,,S,,,
35,TRUMP,"There was a very big spike in Texas, it’s now gone.",S,,,,S,,,,S,,,
36,TRUMP,"There was a very big spike in Arizona, it’s now gone.",S,,,,S,,,,S,,,
37,TRUMP,And there were some spikes and surges in other places.,IAFA,,,,IAFA,,,,IAFA,,,
38,TRUMP,They will soon be gone.,S,,,,S,,,,S,,,
39,TRUMP,"We have a vaccine that’s coming, it’s ready.",S,,,,S,,,,S,,,
40,TRUMP,"It’s going to be announced within weeks, and it’s going to be delivered.",S,,,,S,,,,S,,,
41,TRUMP,"We have Operation Warp Speed, which is the military, is going to distribute the vaccine.",S,,,,S,,,,S,,,
42,TRUMP,"I can tell you from personal experience that I was in the hospital, I had it.",S,,,,S,,,,S,,,
43,TRUMP,"And I got better and I will tell you that I had something that they gave me — a therapeutic, I guess they would call it.",S,,,,S,,,,S,,,
44,TRUMP,Some people could say it was a cure.,S,,,,S,,,,S,,,
45,TRUMP,But I was in for a short period of time and I got better very fast or I wouldn’t be here tonight.,S,,,,S,,,,S,,,
46,TRUMP,And now they say I’m immune.,S,,,,S,,,,S,,,
47,TRUMP,"Whether it’s four months or a lifetime, nobody’s been able to say that, but I’m immune.",S,,,,S,,,,S,,,
48,TRUMP,More and more people are getting better.,S,,,,S,,,,S,,,
49,TRUMP,We have a problem that’s a worldwide problem.,S,,,,S,,,,S,,,
50,TRUMP,"This is a worldwide problem, but I’ve been congratulated by the heads of many countries on what we’ve been able to do with the — if you take a look at what we’ve done in terms of goggles and masks and gowns and everything else, and in particular, ventilators.",S,,,,S,,,,S,,,
51,TRUMP,We’re now making ventilators.,S,,,,S,,,,S,,,
52,TRUMP,"All over the world, thousands and thousands a month, distributing them all over the world, it will go away and as I say, we’re rounding the turn, we’re rounding the corner, it’s going away.",S,,,,S,,,,S,,,
53,WELKER,"OK, former Vice President Biden, to you, how would you lead the country out of this crisis?",,,AF,,,,AF,,,,AF,
54,WELKER,You have two minutes uninterrupted.,S,,,,S,,,,S,,,
55,BIDEN,"220,000 Americans dead.",S; S-Inform,,,,S; S-Inform,,,,S; S-Inform,,,
56,BIDEN,"If you hear nothing else I say tonight, hear this.",S,,,,S,,,,S,,,
57,BIDEN,"Anyone who’s responsible for not taking control — in fact, not saying, I take no responsibility, initially — anyone who is responsible for that many deaths should not remain as President of the United States of America.",S,,APAT; UF,,S,,APAT; UF,,S,,APAT; UF,
58,BIDEN,"We’re in a situation where there are thousands of deaths a day, a thousand deaths a day.",S,,,,S,,,,S,,,
59,BIDEN,"And there are over 70,000 new cases per day.",IAFA,,,,IAFA,,,,IAFA,,,
60,BIDEN,"Compared to what’s going on in Europe, as the New England Medical Journal said, they’re starting from a very low rate.",S,,,,S,,,,S,,,
61,BIDEN,We’re starting from a very high rate.,S,,,,S,,,,S,,,
62,BIDEN,"The expectation is we’ll have another 200,000 Americans dead by the time, between now and the end of the year.",S; S-Inform,,,,S; S-Inform,,,,S; S-Inform,,,
63,BIDEN,"If we just wore these masks — the President’s own advisors have told him — we could save 100,000 lives.",S; S-Inform,,,,S; S-Inform,,,,S; S-Inform,,,
64,BIDEN,"And we’re in a circumstance where the President, thus far, still has no plan.",S,,,,S,,,,S,,,
65,BIDEN,No comprehensive plan.,S; REJ; ANS,,,,S; REJ; ANS,,,,S; REJ; ANS,,,
66,BIDEN,"What I would do is make sure we have everyone encouraged to wear a mask, all the time.",S,,,,S,,,,S,,,
67,BIDEN,"I would make sure we move in the direction of rapid testing, investing in rapid testing.",S,,,,S,,,,S,,,
68,BIDEN,"I would make sure that we set up national standards as to how to open up schools and open up businesses so they can be safe, and give them the wherewithal and financial resources to be able to do that.",S,,,,S,,,,S,,,
69,BIDEN,"We’re in a situation now where the New England Medical Journal — one of the serious, most serious journals in the whole world — said for the first time ever that this, the way this President has responded to this crisis has been absolutely tragic.",S; AGR,,AF,,S; AGR,,AF,,S; AGR,,AF,
70,BIDEN,"And so folks, I will take care of this, I will end this, I will make sure we have a plan.",S,,,,S,,,,S,,,
71,WELKER,"President Trump, I’d like to follow up with you and your comments.",S,,,,S,,,,S,,,
72,WELKER,You talked about taking a therapeutic.,S,,,,S,,,,S,,,
73,WELKER,I assume you’re referencing Regeneron.,S,,,,S,,,,S,,,
74,WELKER,You also said a vaccine will be coming within weeks.,S,,,,S,,,,S,,,
75,WELKER,Is that a guarantee?,YNQ,,,,YNQ,,,,YNQ,,,
76,TRUMP,"No, it’s not a guarantee but it will be by the end of the year, but I think it has a good chance.",S; REJ; ANS; S-Inform,,IP,,S; REJ; ANS; S-Inform,,IP,,S; REJ; ANS; S-Inform,,IP,
77,TRUMP,"There are two companies, I think, within a matter of weeks, and it will be distributed very quickly.",S,,IP,,S,,IP,,S,,IP,
78,WELKER,Can you tell us which companies?,YNQ,,,,YNQ,,,,YNQ,,,
79,TRUMP,Johnson and Johnson is doing very well.,S,,,,S,,,,S,,,
80,TRUMP,Moderna is doing very well.,S,,,,S,,,,S,,,
81,TRUMP,"Pfizer is doing very well, and we have numerous others.",S,,,,S,,,,S,,,
82,TRUMP,"And then we also have others that we’re working on very closely with other countries, in particular Europe.",S,,,,S,,,,S,,,
83,WELKER,"Let me follow up with you, and because this is new information — you have said a vaccine is coming soon, within weeks now.",S; EXPL,,,,S; EXPL,,,,S; EXPL,,,
84,WELKER,"Your own officials say it could take well into 2021 at the earliest for enough Americans to get vaccinated, and even then they say the country will be wearing masks and distancing into 2022.",S; HS; S-Inform,,,,S; HS; S-Inform,,,,S; HS; S-Inform,,,
85,WELKER,Is your timeline realistic?,YNQ,,,,YNQ,,,,YNQ,,,
86,TRUMP,"No, I think my timeline is going to be more accurate.",S; REJ; ANS,,IP,,S; REJ; ANS,,IP,,S; REJ; ANS,,IP,
87,TRUMP,"I don’t know that they’re counting on the military the way I do, but we have our generals lined up, one in particular, that’s the head of logistics.",S,,,,S,,,,S,,,
88,TRUMP,And this is a very easy distribution for him.,S,,,,S,,,,S,,,
89,TRUMP,"He’s ready to go as soon as we have the vaccine, and we expect to have 100 million vials as soon as we have the vaccine, he’s ready to go.",S; S-Inform,,,,S; S-Inform,,,,S; S-Inform,,,
90,WELKER,"Vice President Biden, your reaction?",,,,,,,,,,,,
91,WELKER,Just 40% of Americans say they would definitely agree to take a coronavirus vaccine if it was approved by the government.,S; S-Inform,,,,S; S-Inform,,,,S; S-Inform,,,
92,WELKER,What steps would you take to give Americans confidence in a vaccine if it were approved?,Q-W,,,,Q-W,,,,Q-W,,,
93,BIDEN,Make sure it’s totally transparent.,S,,,,S,,,,S,,,
94,BIDEN,"Have the scientific world see it, know it, look at it, go through all the processes.",S,,,,S,,,,S,,,
95,BIDEN,"And by the way, this is the same fellow who told you this is going to end by Easter last time.",S,,,,S,,,,S,,,
96,BIDEN,"This the same fellow who told you that, don’t worry, we’re going to end this by the summer.",S,,,,S,,,,S,,,
97,BIDEN,"We’re about to go into a dark winter, a dark winter, and he has no clear plan and there’s no prospect that there’s going to be a vaccine available for the majority of the American people before the middle of next year.",S; S-Inform,,AP; APAT,,S; S-Inform,,AP; APAT,,S; S-Inform,,AP; APAT,
98,WELKER,"President Trump, your reaction?",,,,,,,,,,,,
99,WELKER,He says you have no plan.,S,,,,S,,,,S,,,
100,TRUMP,I don’t think we’re going to have a dark winter at all.,S,,,,S,,,,S,,,
101,TRUMP,We’re opening up our country.,S,,,,S,,,,S,,,
102,TRUMP,"We’ve learned and studied and understand the disease, which we didn’t at the beginning.",S,,,,S,,,,S,,,
103,TRUMP,"When I closed and banned China from coming in heavily infected, and then ultimately Europe, but China was in January — months later he was saying I was xenophobic, I did it too soon.",S,,,,S,,,,S,,,
104,TRUMP,"Now he’s saying, ‘Oh, I should have, I should have, you know, moved quicker.",S,,,,S,,,,S,,,
105,TRUMP,"’ But he didn’t move quicker; he was months behind me, many months behind me.",S,,,,S,,,,S,,,
106,TRUMP,"And frankly, he ran the H1N1 swine flu, and it was a total disaster.",S,,AF,,S,,AF,,S,,AF,
107,TRUMP,Far less lethal.,S,,,,S,,,,S,,,
108,TRUMP,But it was a total disaster.,S,,AF,,S,,AF,,S,,AF,
109,TRUMP,"Had that had this kind of numbers, 700,000 people would be dead right now, but it was a far less lethal disease.",S; S-Inform,,,,S; S-Inform,,,,S; S-Inform,,,
110,TRUMP,"Look, his own person who ran that for him who, as you know was his chief of staff, said ‘It was catastrophic, it was horrible, we didn’t know what we were doing.",S,,,,S,,,,S,,,
111,TRUMP,’ Now he comes up and he tells us how to do this.,S,,,,S,,,,S,,,
112,TRUMP,"Also everything that he said about the way — every single move that he said we should make — that’s what we’ve done, we’ve done all of it, but he was way behind us.",S,,,,S,,,,S,,,
113,WELKER,"Vice President Biden, your response?",,,,,,,,,,,,
114,BIDEN,"My responses is, he is xenophobic but not because he shut down access from China.",S; EXPL,,,,S; EXPL,,,,S; EXPL,,,
115,BIDEN,"And he did it late, after 40 countries had already done that.",S; S-Inform,,,,S; S-Inform,,,,S; S-Inform,,,
116,BIDEN,"In addition to that, what he did, he made sure that we had 44 people that were in there, in China, trying to get to Wuhan to determine what exactly the source was.",S; AGR; S-Inform,,,,S; AGR; S-Inform,,,,S; AGR; S-Inform,,,
117,BIDEN,What did the President say in January?,Q-W,,,,Q-W,,,,Q-W,,,
118,BIDEN,"He said no, he said, this is — he’s being transparent, the president of China is being transparent.",S,,,,S,,,,S,,,
119,BIDEN,We owe him a debt of gratitude.,S,,,,S,,,,S,,,
120,BIDEN,We have to thank him.,S,,,,S,,,,S,,,
121,BIDEN,"And then what happened was, we started talking about using the Defense Act, to make sure we go out and get whatever is needed out there to protect people.",S,,,,S,,,,S,,,
122,BIDEN,"And again, I go back to this, he had nothing.",S,,,,S,,,,S,,,
123,BIDEN,He did virtually nothing.,S,,,,S,,,,S,,,
124,BIDEN,"And then he gets out of the hospital, and he talks about we’re, this is, ‘Oh, don’t worry.",S,,,,S,,,,S,,,
125,BIDEN,This is all going to be over soon.,S,,,,S,,,,S,,,
126,BIDEN,"’ Come on, there’s not another serious scientist in the world who thinks it’s going to be over soon.",S,,,,S,,,,S,,,
127,WELKER,"President Trump, your reaction?",,,,,,,,,,,,
128,TRUMP,I did not say over soon.,S,,,,S,,,,S,,,
129,TRUMP,I say we’re learning to live with it.,S,,,,S,,,,S,,,
130,TRUMP,We have no choice.,S,,,,S,,,,S,,,
131,TRUMP,We can’t lock ourselves up in a basement like Joe does.,S,,,,S,,,,S,,,
132,TRUMP,He has the ability to lock himself up.,S,,,,S,,,,S,,,
133,TRUMP,"I don’t know, he’s obviously made a lot of money, someplace, but he has this thing about living in a basement.",S,,,,S,,,,S,,,
134,TRUMP,People can’t do that.,S,,,,S,,,,S,,,
135,TRUMP,"By the way, I, as the president, couldn’t do that.",S,,,,S,,,,S,,,
136,TRUMP,I’d love to put myself in the basement or in a beautiful room in the White House and go away for a year and a half until it disappears.,S; S-Inform,,RB,,S; S-Inform,,RB,,S; S-Inform,,RB,
137,TRUMP,I can’t do that.,S,,,,S,,,,S,,,
138,TRUMP,"And Kristen — every, every meeting I had — every meeting I had — and I’d meet a lot of families, including Gold Star families and military families, every meeting I had — and I had to meet them, I had to, it would be horrible to have canceled everything.",S,,AE,,S,,AE,,S,,AE,
139,TRUMP,"I said, you know, this is dangerous.",S,,AF,,S,,AF,,S,,AF,
140,TRUMP,And you catch it.,S,,,,S,,,,S,,,
141,TRUMP,"And you know, I caught it.",S,,,,S,,,,S,,,
142,TRUMP,I learned a lot.,S,,,,S,,,,S,,,
143,TRUMP,"I learned a lot, great doctors, great hospitals.",S,,,,S,,,,S,,,
144,TRUMP,"And now, I recovered.",S,,,,S,,,,S,,,
145,TRUMP,9 of young people recover.,S; S-Inform,,,,S; S-Inform,,,,S; S-Inform,,,
146,TRUMP,99% of people recover.,S; S-Inform,,,,S; S-Inform,,,,S; S-Inform,,,
147,TRUMP,We have to recover.,S,,,,S,,,,S,,,
148,TRUMP,"We can’t close up our nation, we have to open our school, and we can’t close up our nation, or you’re not going to have a nation.",S,,,,S,,,,S,,,
149,WELKER,And of course the CDC has said young people can get sick with COVID-19 and can pass it.,S; S-Inform,,,,S; S-Inform,,,,S; S-Inform,,,
150,WELKER,"Vice President Biden, I want to talk broadly about strategy, though.",S,,,,S,,,,S,,,
151,BIDEN,Can I respond to that?,YNQ; T-REQ,,,,YNQ; T-REQ,,,,YNQ; T-REQ,,,
152,WELKER,"30 seconds please, and then I have a question.",S; S-Inform,,,,S; S-Inform,,,,S; S-Inform,,,
153,BIDEN,Number one.,S,,,,S,,,,S,,,
154,BIDEN,"He says that we’re, you know, we’re learning to live with it.",S,,,,S,,,,S,,,
155,BIDEN,People are learning to die with it.,S,,,,S,,,,S,,,
156,BIDEN,You folks home will have an empty chair at the kitchen table this morning.,S,,,,S,,,,S,,,
157,BIDEN,"That man or wife going to bed tonight and reaching over to try to touch their, out of habit, where their wife or husband was, is gone.",S,,,,S,,,,S,,,
158,BIDEN,Learning to live with it?,,,,,,,,,,,,
159,BIDEN,Come on.,IAFA,,,,IAFA,,,,IAFA,,,
160,BIDEN,"We’re dying with it, because he’s never said — he said it’s dangerous.",S; EXPL,,AF,,S; EXPL,,AF,,S; EXPL,,AF,
161,BIDEN,When’s the last time?,Q-W,,,,Q-W,,,,Q-W,,,
162,BIDEN,"Is it really dangerous, still?",YNQ,,AF,,YNQ,,AF,,YNQ,,AF,
163,BIDEN,Are we dangerous?,YNQ,,AF,,YNQ,,AF,,YNQ,,AF,
164,BIDEN,You tell the people it’s dangerous now?,,,AF,,,,AF,,,,AF,
165,BIDEN,What should they do about the danger?,Q-W,,AF,,Q-W,,AF,,Q-W,,AF,
166,BIDEN,"And you say, I take no responsibility.",S,,,,S,,,,S,,,
167,WELKER,Let me talk about —,S,,,,S,,,,S,,,
168,TRUMP,Excuse me.,IAFA; TT,,,,IAFA; TT,,,,IAFA; TT,,,
169,WELKER,Very quickly.,S,,,,S,,,,S,,,
170,TRUMP,I take full responsibility.,S,,,,S,,,,S,,,
171,TRUMP,It’s not my fault that it came here.,S,,,,S,,,,S,,,
172,TRUMP,It’s China’s fault.,S,,,,S,,,,S,,,
173,TRUMP,"And you know what, it’s not Joe’s fault that it came here either.",S,,,,S,,,,S,,,
174,TRUMP,It’s China’s fault.,S,,,,S,,,,S,,,
175,TRUMP,"They kept it from going into the rest of China, for the most part, but they didn’t keep it from coming out to the world including Europe and ourselves.",S,,,,S,,,,S,,,
176,WELKER,Vice President Biden.,S,,,,S,,,,S,,,
177,BIDEN,"The fact is, that when we knew it was coming, when it hit — what happened?",,,,,,,,,,,,
178,BIDEN,What did the President say?,Q-W,,,,Q-W,,,,Q-W,,,
179,BIDEN,"He said don’t worry, it’s going to go away, be gone by Easter.",S,,,,S,,,,S,,,
180,BIDEN,"Don’t worry, the warm weather.",IAFA,,,,IAFA,,,,IAFA,,,
181,BIDEN,"Don’t worry, maybe inject bleach — he said he was kidding when he said that, but a lot of people thought it was serious.",S,,,,S,,,,S,,,
182,BIDEN,A whole range of things the President said.,S,,,,S,,,,S,,,
183,BIDEN,"And even today, he thinks we are in control.",S,,,,S,,,,S,,,
184,BIDEN,"We’re about to lose 200,000 more people.",S; S-Inform,,,,S; S-Inform,,,,S; S-Inform,,,
185,WELKER,President Trump.,S,,,,S,,,,S,,,
186,TRUMP,"Look, perhaps just to finish this, I was kidding on that but just to finish this.",S,,,,S,,,,S,,,
187,TRUMP,"When I closed, he said, I shouldn’t have closed.",S,,,,S,,,,S,,,
188,TRUMP,And that went on for months.,S,,,,S,,,,S,,,
189,TRUMP,What Nancy Pelosi said the same thing.,S,,,,S,,,,S,,,
190,TRUMP,She was dancing on the streets in Chinatown in San Francisco.,S,,,,S,,,,S,,,
191,TRUMP,"But when I closed, he said, this is a terrible thing.",S,,,,S,,,,S,,,
192,TRUMP,You’re xenophobic.,S,,,,S,,,,S,,,
193,TRUMP,"I think he called me racist, even, and because I was closing it to China.",S; EXPL,,IP,,S; EXPL,,IP,,S; EXPL,,IP,
194,TRUMP,Now he says I should have closed it earlier.,S,,,,S,,,,S,,,
195,TRUMP,"It just, Joe, it doesn’t work.",S,,,,S,,,,S,,,
196,BIDEN,I didn’t say either of those things.,S,,,,S,,,,S,,,
197,TRUMP,You certainly did.,S,,,,S,,,,S,,,
198,BIDEN,I talked about his xenophobia in a different context.,S,,,,S,,,,S,,,
199,BIDEN,It wasn’t about closing the border to Chinese coming to the United States.,S,,UF,,S,,UF,,S,,UF,
200,WELKER,"All right, I want to talk about both of your different strategies to handling this.",S,,,,S,,,,S,,,
201,TRUMP,He thought I shouldn’t have closed the border.,S,,,,S,,,,S,,,
202,TRUMP,That’s obvious.,S,,,,S,,,,S,,,
203,WELKER,"Do you want to respond to that quickly, Vice President Biden?",YNQ,,,,YNQ,,,,YNQ,,,
204,BIDEN,No.,S; REJ; ANS,,,,S; REJ; ANS,,,,S; REJ; ANS,,,
205,WELKER,"OK, let’s talk about your different strategies toward dealing with this.",S,,,,S,,,,S,,,
206,WELKER,Mr.,S,,,,S,,,,S,,,
207,WELKER,"Vice President, you suggested you would support new shutdowns if scientists recommended it.",S,,,,S,,,,S,,,
208,WELKER,"What do you say to Americans who are fearful that the cost of shutdowns, the impact on the economy, the higher rates of hunger, depression, domestic and substance abuse, outweighs the risk of exposure to the virus?",Q-W; TG,,,,Q-W; TG,,,,Q-W; TG,,,
209,BIDEN,"What I would say is I’m going to shut down the virus, not the country.",S,,,,S,,,,S,,,
210,BIDEN,"It’s his ineptitude that caused the country to have to shut down in large part — why businesses have gone under, why schools are closed, why so many people have lost their living and why they’re concerned.",S,,,,S,,,,S,,,
211,BIDEN,Those other concerns are real.,S,,,,S,,,,S,,,
212,BIDEN,That’s why he should have been — instead of in a sand trap at his golf course — he should have been negotiating with Nancy Pelosi and the rest of the Democrats and Republicans about what to do about the acts they were passing for billions of dollars to make sure people had the capacity.,S,,,,S,,,,S,,,
213,WELKER,Well you haven’t ruled out more shutdowns.,S,,,,S,,,,S,,,
214,BIDEN,"Oh no, I’m not shutting down the nation but there are, look, they need standards.",S,,,,S,,,,S,,,
215,BIDEN,"The standard is, if you have a reproduction rate in a community that’s above a certain level, everybody says, slow up.",S,,,,S,,,,S,,,
216,BIDEN,More social distancing.,S,,,,S,,,,S,,,
217,BIDEN,Do not open bars and do not open gymnasiums.,IAFA,,,,IAFA,,,,IAFA,,,
218,BIDEN,"Do not open until you get this under control, under more control.",S,,,,S,,,,S,,,
219,BIDEN,"But when you do open, give the people the capacity to be able to open and have the capacity to do it safely.",S,,,,S,,,,S,,,
220,BIDEN,"For example schools — schools, they need a lot of money to open.",S,,,,S,,,,S,,,
221,BIDEN,"They need to deal with ventilation systems, they need to deal with smaller classes, more teachers, more pods, and he’s refused to support that money, or at least up to now.",S,,,,S,,,,S,,,
222,WELKER,Let’s talk about schools.,S,,,,S,,,,S,,,
223,WELKER,President Trump —,S,,,,S,,,,S,,,
224,TRUMP,"Well, I think we have to respond, if I might.",S,,IP,,S,,IP,,S,,IP,
225,WELKER,"Please, and then I have a follow up.",S,,,,S,,,,S,,,
226,TRUMP,"Thank you, and I appreciate that.",S; THK,,,,S; THK,,,,S; THK,,,
227,TRUMP,"Look, all he does is talk about shutdowns but forget about him.",S,,,,S,,,,S,,,
228,TRUMP,"His democrat governors — Cuomo in New York, you look at what’s going on in California, you look at Pennsylvania, North Carolina, Democrats, Democrats all — they are shut down so tight, and they’re dying.",S,,,,S,,,,S,,,
229,TRUMP,They’re dying.,S,,,,S,,,,S,,,
230,TRUMP,And he supports all these people.,S,,,,S,,,,S,,,
231,TRUMP,All he talks about is shutdowns.,S,,,,S,,,,S,,,
232,TRUMP,"No, we’re not going to shut down, and we have to open our schools.",S; REJ; ANS,,,,S; REJ; ANS,,,,S; REJ; ANS,,,
233,TRUMP,"And it’s like, as an example, I have a young son.",S,,,,S,,,,S,,,
234,TRUMP,He also tested positive.,S,,,,S,,,,S,,,
235,TRUMP,"By the time I spoke to the doctor, the second time, he was fine, it just went away.",S,,,,S,,,,S,,,
236,TRUMP,"Young people, I guess it’s their immune system.",S,,,,S,,,,S,,,
237,WELKER,"Let me follow up with you, President Trump.",S,,,,S,,,,S,,,
238,WELKER,You’ve demanded schools open in person and insisted they can do it safely.,S,,,,S,,,,S,,,
239,WELKER,"But just yesterday, Boston became the latest city to move its public school system entirely online after a coronavirus spike.",S,,,,S,,,,S,,,
240,WELKER,"What is your message to parents who worry that sending their children to school will endanger not only their kids, but also their teachers and families?",Q-W,,AF; AE,,Q-W,,AF; AE,,Q-W,,AF; AE,
241,TRUMP,I want to open the schools.,S,,,,S,,,,S,,,
242,TRUMP,"The transmittal rate to the teachers is very small, but I want to open the schools.",S,,,,S,,,,S,,,
243,TRUMP,We have to open our country.,S,,,,S,,,,S,,,
244,TRUMP,We’re not going to have a country.,S,,,,S,,,,S,,,
245,TRUMP,"You can’t do this, we can’t keep this country closed.",S,,,,S,,,,S,,,
246,TRUMP,It is a massive country with a massive economy.,S,,,,S,,,,S,,,
247,TRUMP,"People are losing their jobs, they’re committing suicide.",S,,,,S,,,,S,,,
248,TRUMP,"There’s depression, alcohol, drugs at a level that nobody’s ever seen before.",S,,,,S,,,,S,,,
249,TRUMP,"There’s abuse, tremendous abuse.",S,,,,S,,,,S,,,
250,TRUMP,We have to open our country.,S,,,,S,,,,S,,,
251,TRUMP,"You know I’ve said it often — the cure cannot be worse than the problem itself, and that’s what’s happening, and he wants to close down.",S,,,,S,,,,S,,,
252,TRUMP,"He’ll close down the country if one person in our, in our massive bureaucracy says we should close it down.",S,,,,S,,,,S,,,
253,WELKER,"Vice President Biden, your response.",S,,,,S,,,,S,,,
254,BIDEN,Simply not true.,S,,,,S,,,,S,,,
255,BIDEN,We’re gonna be able to walk and chew gum at the same time.,S,,,,S,,,,S,,,
256,BIDEN,"We ought to be able to safely open, but they need resources to open.",S,,,,S,,,,S,,,
257,BIDEN,"You need to be able to, for example, if you’re gonna open a business, have social distancing within the business.",S,,,,S,,,,S,,,
258,BIDEN,"You need to have, if you have a restaurant, you need to have plexiglass dividers so people cannot infect one another.",S,,,,S,,,,S,,,
259,BIDEN,"You need to be in a position where you can take testing rapidly and know whether a person is, in fact, infected.",S,,,,S,,,,S,,,
260,BIDEN,You need to be able to trace.,S,,,,S,,,,S,,,
261,BIDEN,You need to be able to provide all the resources that are needed to do this and that is not inconsistent with saying that we’re going to make sure that we open safely.,S; EXPL,,,,S; EXPL,,,,S; EXPL,,,
262,BIDEN,"And by the way, all you teachers out there — not that many of you are going to die, so don’t worry about it.",S,,,,S,,,,S,,,
263,BIDEN,Don’t worry about it.,IAFA,,,,IAFA,,,,IAFA,,,
264,BIDEN,Come on.,IAFA,,,,IAFA,,,,IAFA,,,
265,WELKER,"President Trump, let me follow up with you quickly.",S,,,,S,,,,S,,,
266,TRUMP,"By the way, I will say this, if you go and look at what’s happened to New York, it’s a ghost town.",S,,,,S,,,,S,,,
267,TRUMP,It’s a ghost town.,S,,,,S,,,,S,,,
268,TRUMP,And when you talk about plexiglass — these are restaurants that are dying.,S,,,,S,,,,S,,,
269,TRUMP,These are businesses with no money.,S,,,,S,,,,S,,,
270,TRUMP,"Putting up plexiglass is unbelievably expensive, and it’s not the answer.",S,,,,S,,,,S,,,
271,TRUMP,"I mean, you’re going to sit there in a cubicle wrapped around with plastic?",,,,,,,,,,,,
272,TRUMP,"These are businesses that are dying, Joe, you can’t do that to people, you just can’t.",S,,,,S,,,,S,,,
273,TRUMP,Take a look at New York and what’s happened to my wonderful city.,S,,,,S,,,,S,,,
274,TRUMP,"For so many years, I loved it.",S,,,,S,,,,S,,,
275,TRUMP,It was vibrant.,S,,,,S,,,,S,,,
276,TRUMP,It’s dying.,S,,,,S,,,,S,,,
277,TRUMP,Everyone’s leaving New York.,S,,,,S,,,,S,,,
278,WELKER,Vice President Biden.,S,,,,S,,,,S,,,
279,BIDEN,"Take a look at what New York has done in terms of turning the curve down, in terms of the number of people dying.",S,,,,S,,,,S,,,
280,BIDEN,"And I don’t look at this in terms of the way he does, blue states and red states.",S,,,,S,,,,S,,,
281,BIDEN,They’re all the United States.,S,,UF,,S,,UF,,S,,UF,
282,BIDEN,And look at the states that are having such a spike in the coronavirus.,S,,,,S,,,,S,,,
283,BIDEN,They’re the red states.,S,,,,S,,,,S,,,
284,BIDEN,"They are the states in the Midwest, they are the states in the upper Midwest, that’s where the spike is occurring significantly, but they’re all Americans.",S,,,,S,,,,S,,,
285,BIDEN,"They’re all Americans and what we have to do is say, wear these masks, number one, make sure we get the help that the businesses need.",S,,,,S,,,,S,,,
286,BIDEN,The money’s already been passed to do that.,S,,,,S,,,,S,,,
287,BIDEN,It’s been out there since the beginning of the summer and nothing’s happened.,S,,,,S,,,,S,,,
288,TRUMP,"Kristen, New York has lost more than 40,000 people.",S; S-Inform,,,,S; S-Inform,,,,S; S-Inform,,,
289,TRUMP,"11,000 people in nursing homes.",S; S-Inform,,,,S; S-Inform,,,,S; S-Inform,,,
290,WELKER,"President Trump, what about —",S,,,,S,,,,S,,,
291,TRUMP,"When you say spike, take a look at what’s happening in Pennsylvania, where they’ve had it closed.",S,,,,S,,,,S,,,
292,TRUMP,"Take a look at what’s happening with your friend in Michigan, where her husband’s the only one allowed to do anything.",S,,,,S,,,,S,,,
293,TRUMP,It’s been like a prison.,S,,,,S,,,,S,,,
294,TRUMP,Now it was just ruled unconstitutional.,S,,,,S,,,,S,,,
295,TRUMP,Take a look at North Carolina.,IAFA,,,,IAFA,,,,IAFA,,,
296,TRUMP,"They’re having spikes and they’ve been closed, and they’re getting killed financially.",S,,,,S,,,,S,,,
297,TRUMP,"We can’t let that happen, Joe, you can’t let that happen.",S,,,,S,,,,S,,,
298,TRUMP,"We have to open up and we understand the disease, we have to protect our seniors, we have to protect our elderly, we have to protect, especially, our seniors with heart problems and diabetes problems, and we will protect them.",S,,,,S,,,,S,,,
299,TRUMP,We have the best testing in the world by far.,S,,,,S,,,,S,,,
300,TRUMP,That’s why we have so many cases.,S,,,,S,,,,S,,,
301,WELKER,Let me follow up with you before we move on to our next section.,S,,,,S,,,,S,,,
302,WELKER,"President Trump, this week you called Dr.",S,,,,S,,,,S,,,
303,WELKER,"Anthony Fauci, the nation’s best known infectious disease expert, “a disaster.",S,,AF,,S,,AF,,S,,AF,
304,WELKER,” You described him and other medical experts as “idiots.,S,,,,S,,,,S,,,
305,WELKER,"” If you’re not listening to them, who are you listening to?",,,,,,,,,,,,
306,TRUMP,"I’m listening to all of them, including Anthony.",S,,,,S,,,,S,,,
307,TRUMP,I get along very well with Anthony.,S,,,,S,,,,S,,,
308,TRUMP,"But he did say, ‘don’t wear masks.",S,,,,S,,,,S,,,
309,TRUMP,"’ He did say, as you know, ‘this is not going to be a problem.",S,,,,S,,,,S,,,
310,TRUMP,"’ I think he’s a Democrat, but that’s okay.",S,,IP,,S,,IP,,S,,IP,
311,TRUMP,"He said, ‘this is not going to be a problem.",S,,,,S,,,,S,,,
312,TRUMP,We are not going to have a problem at all.,S,,,,S,,,,S,,,
313,TRUMP,"’ When Joe says that, I said — Anthony Fauci said and others and many others.",S,,,,S,,,,S,,,
314,TRUMP,And I’m not knocking him.,S,,,,S,,,,S,,,
315,TRUMP,Nobody knew.,S,,,,S,,,,S,,,
316,TRUMP,"Look, nobody knew what this thing was, nobody knew where it was coming from, what it was.",S,,,,S,,,,S,,,
317,TRUMP,"We’ve learned a lot, but Anthony said, ‘don’t wear masks.",S,,,,S,,,,S,,,
318,TRUMP,’ Now he wants to wear masks.,S,,,,S,,,,S,,,
319,TRUMP,"Anthony also said, if you look back, exact words, here’s his exact words: ‘This is no problem, this is going to go away soon.",S,,,,S,,,,S,,,
320,TRUMP,"’ So he’s allowed to make mistakes, he happens to be a good person.",S,,,,S,,,,S,,,
321,WELKER,"Vice President Biden, your response, quickly and then we’re going to move on to the next section.",S,,,,S,,,,S,,,
322,BIDEN,"My response is that, think about what the President knew in January and didn’t tell the American people.",S,,AP; APAT,,S,,AP; APAT,,S,,AP; APAT,
323,BIDEN,"He was told this was a serious virus that spread in the air, and it was much worse than — much worse — than the flu.",S,,,,S,,,,S,,,
324,BIDEN,"He went on record and said to one of your colleagues, recorded, that in fact he knew how dangerous it was but he didn’t want to tell us, didn’t want to tell us because he didn’t want us to panic.",S; EXPL,,AF,,S; EXPL,,AF,,S; EXPL,,AF,
325,BIDEN,He didn’t want us — Americans don’t panic.,S,,,,S,,,,S,,,
326,BIDEN,He panicked.,S,,,,S,,,,S,,,
327,BIDEN,"But, guess what, in the meantime, we find out in the New York Times the other day that in fact, his folks went to Wall Street and said, ‘this is a really dangerous thing,’ and a memo out of that meeting — not from his administration, but from some of the brokers — said, ‘sell short, because we gotta get moving.",S; EXPL,,AF,,S; EXPL,,AF,,S; EXPL,,AF,
328,BIDEN,It’s a dangerous problem.,S,,AF,,S,,AF,,S,,AF,
329,TRUMP,Well this is —,S,,,,S,,,,S,,,
330,WELKER,I’m going to give you 30 seconds to respond and then we’re gonna move on.,S; S-Inform,,,,S; S-Inform,,,,S; S-Inform,,,
331,TRUMP,"I don’t know, somebody went to Wall Street.",S,,,,S,,,,S,,,
332,TRUMP,You’re the one that takes all the money from Wall Street.,S,,,,S,,,,S,,,
333,TRUMP,I don’t take it.,S,,,,S,,,,S,,,
334,TRUMP,"You have raised a lot of money, tremendous amounts of money.",S,,,,S,,,,S,,,
335,TRUMP,"And every time you raise money, deals are made, Joe.",S,,,,S,,,,S,,,
336,TRUMP,I could raise so much more money.,S,,,,S,,,,S,,,
337,TRUMP,"As president and as somebody that knows most of those people, I could call the heads of Wall Street, the heads of every company in America, I would blow away every record.",S,,APAT,,S,,APAT,,S,,APAT,
338,TRUMP,But I don’t want to do that because it puts me in a bad position.,S; EXPL,,,,S; EXPL,,,,S; EXPL,,,
339,TRUMP,And then you bring up Wall Street?,,,,,,,,,,,,
340,TRUMP,You shouldn’t be bringing up Wall Street.,S,,,,S,,,,S,,,
341,TRUMP,"Because you’re the one that takes the money from Wall Street, not me.",S; EXPL,,,,S; EXPL,,,,S; EXPL,,,
342,TRUMP,I could blow away your records like you wouldn’t believe.,S,,,,S,,,,S,,,
343,TRUMP,We don’t need money.,S,,,,S,,,,S,,,
344,TRUMP,We have plenty of money.,S,,,,S,,,,S,,,
345,TRUMP,"In fact, we beat Hillary Clinton with a tiny fraction of the money that she was able to get.",S,,,,S,,,,S,,,
346,TRUMP,Don’t tell me about Wall Street.,IAFA,,,,IAFA,,,,IAFA,,,
347,WELKER,"All right, gentlemen, we’re gonna move on.",S,,,,S,,,,S,,,
348,BIDEN,"Average contribution, $43.",S; S-Inform,,,,S; S-Inform,,,,S; S-Inform,,,
349,WELKER,"All right, we’re gonna move on to our next section which is national security.",S,,,,S,,,,S,,,
350,WELKER,And I do want to start with the security of our elections and some breaking news from overnight.,S,,,,S,,,,S,,,
351,WELKER,"Just last night, top intelligence officials confirmed again that both Russia and Iran are working to influence this election.",S,,,,S,,,,S,,,
352,WELKER,Both countries have obtained U.,S,,,,S,,,,S,,,
353,WELKER,"voter registration information, these officials say, and Iran sent intimidating messages to Florida voters.",S,,,,S,,,,S,,,
354,WELKER,"This question goes to you, Mr.",S,,,,S,,,,S,,,
355,WELKER,"Vice President, what would you do to put an end to this threat?",,,AF,,,,AF,,,,AF,
356,WELKER,"You have two minutes, uninterrupted.",S,,,,S,,,,S,,,
357,BIDEN,I made it clear.,S,,IT,,S,,IT,,S,,IT,
358,BIDEN,And I asked everyone else to take the pledge.,S,,,,S,,,,S,,,
359,BIDEN,"I made it clear that any country, no matter who it is, that interferes in American elections will pay a price.",S,,APAT; IT,,S,,APAT; IT,,S,,APAT; IT,
360,BIDEN,They will pay a price.,S,,,,S,,,,S,,,
361,BIDEN,"It has been overwhelmingly clear in this election — I won’t even get into the last one — this election, that Russia has been involved.",S,,,,S,,,,S,,,
362,BIDEN,"China has been involved to some degree, and now we learned that, that Iran is involved.",S,,,,S,,,,S,,,
363,BIDEN,They will pay a price if I’m elected.,S,,,,S,,,,S,,,
364,BIDEN,They’re interfering with American sovereignty.,S,,APAT,,S,,APAT,,S,,APAT,
365,BIDEN,That’s what’s going on right now.,S,,,,S,,,,S,,,
366,BIDEN,They’re interfering with American sovereignty.,S,,APAT,,S,,APAT,,S,,APAT,
367,BIDEN,"And to the best of my knowledge, I don’t think the President has said anything to Putin about it.",S,,,,S,,,,S,,,
368,BIDEN,I don’t think he’s talking to him a lot.,S,,,,S,,,,S,,,
369,BIDEN,I don’t think he’s said a word.,S,,,,S,,,,S,,,
370,BIDEN,I don’t know why he hasn’t said a word to Putin about it.,S,,,,S,,,,S,,,
371,BIDEN,"And I don’t know what he has recently said, if anything, to the Iranians.",S,,,,S,,,,S,,,
372,BIDEN,My guess is he’d probably be more outspoken with regard to the Iranians.,S,,,,S,,,,S,,,
373,BIDEN,"But the point is this, folks.",S,,,,S,,,,S,,,
374,BIDEN,We are in a situation where we have foreign countries trying to interfere in the outcome of our election.,S,,,,S,,,,S,,,
375,BIDEN,"His own national security advisor told him that what is happening with his buddy — well, I won’t, I shouldn’t — I will — his buddy Rudy Giuliani.",S,,,,S,,,,S,,,
376,BIDEN,He’s being used as a Russian pawn.,S,,,,S,,,,S,,,
377,BIDEN,"He’s being fed information that is Russian, that is not true.",S; EXPL,,,,S; EXPL,,,,S; EXPL,,,
378,BIDEN,And then what happens?,,,,,,,,,,,,
379,BIDEN,Nothing happens.,S,,,,S,,,,S,,,
380,BIDEN,"And then you find out that everything is going on here about Russia is wanting to make sure that I do not get elected the next President of the United States because they know I know them, and they know me.",S; EXPL,,UF,,S; EXPL,,UF,,S; EXPL,,UF,
381,BIDEN,"I don’t understand why this President is unwilling to take on Putin when he’s actually paying bounties to kill American soldiers in Afghanistan, when he’s engaged in activities that are trying to destabilize all of NATO.",S,,APAT,,S,,APAT,,S,,APAT,
382,BIDEN,I don’t know why he doesn’t do it but it’s worth asking the question.,S,,,,S,,,,S,,,
383,BIDEN,Why isn’t that being done?,Q-W,,,,Q-W,,,,Q-W,,,
384,BIDEN,"Any country that interferes with us will, in fact, pay a price because they’re affecting our sovereignty.",S; EXPL,,,,S; EXPL,,,,S; EXPL,,,
385,WELKER,"President Trump, same question to you.",S,,,,S,,,,S,,,
386,WELKER,"Let me, let me ask the question.",S,,,,S,,,,S,,,
387,WELKER,You’re gonna have two minutes to respond for two elections in a row now there has been substantial interference from foreign adversaries.,S,,,,S,,,,S,,,
388,WELKER,What would you do in your next term to put an end to this?,Q-W,,,,Q-W,,,,Q-W,,,
389,WELKER,"Two minutes, uninterrupted.",S,,,,S,,,,S,,,
390,TRUMP,"Well, let me respond to the first part, as Joe answered.",S; TT,,,,S; TT,,,,S; TT,,,
391,TRUMP,Joe got three and a half million dollars from Russia.,S; S-Inform,,,,S; S-Inform,,,,S; S-Inform,,,
392,TRUMP,"And it came through Putin, because he was very friendly with the former mayor of Moscow and it was the mayor of Moscow’s wife.",S; EXPL,,,,S; EXPL,,,,S; EXPL,,,
393,TRUMP,You got three and a half million dollars.,S; S-Inform,,,,S; S-Inform,,,,S; S-Inform,,,
394,TRUMP,"Your family got three and a half million dollars and you know someday, you’re gonna have to explain — why did you get three and a half?",,,,,,,,,,,,
395,TRUMP,I never got any money from Russia.,S,,,,S,,,,S,,,
396,TRUMP,I don’t get money from Russia.,S,,,,S,,,,S,,,
397,TRUMP,"Now, about your thing last night, I knew all about that, and through John — who is John Radcliffe, who is fantastic, DNI — he said, the one thing that’s common to both of them, they both want you to lose.",S,,,,S,,,,S,,,
398,TRUMP,Because there has been nobody tougher to Russia.,S; EXPL,,,,S; EXPL,,,,S; EXPL,,,
399,TRUMP,"Between the sanctions, nobody tougher than me on Russia.",S,,,,S,,,,S,,,
400,TRUMP,Between the sanctions between all of what I’ve done with NATO.,S,,,,S,,,,S,,,
401,TRUMP,"You know, I’ve got the NATO countries to put up an extra 130 billion, going to $420 billion a year, that’s to guard against Russia.",S; S-Inform,,,,S; S-Inform,,,,S; S-Inform,,,
402,TRUMP,I sold — while he was selling pillows and sheets — I sold tank busters to Ukraine.,S,,,,S,,,,S,,,
403,TRUMP,There has been nobody tougher on Russia than Donald Trump.,S,,,,S,,,,S,,,
404,TRUMP,"And I’ll tell you, they were so bad.",S,,,,S,,,,S,,,
405,TRUMP,"They took over the, the submarine port.",S,,,,S,,,,S,,,
406,TRUMP,"You remember that very well during your term, during you and Barack Obama.",S,,,,S,,,,S,,,
407,TRUMP,They took over a big part of what should have been Ukraine.,S,,,,S,,,,S,,,
408,TRUMP,You handed it to them.,S,,,,S,,,,S,,,
409,TRUMP,But you were getting a lot of money from Russia.,S,,,,S,,,,S,,,
410,TRUMP,"They were paying you a lot of money and they probably still are, but now, with what came out today, it’s even worse.",S,,,,S,,,,S,,,
411,TRUMP,"All of the emails, the emails are horrible.",S,,,,S,,,,S,,,
412,TRUMP,"The emails of the kind of money that you were raking in, you and your family.",S,,,,S,,,,S,,,
413,TRUMP,"And Joe, you were vice president when some of this was happening.",S,,,,S,,,,S,,,
414,TRUMP,And it should have never happened.,S,,,,S,,,,S,,,
415,TRUMP,And I think you owe an explanation to the American people.,S,,AP; APAT; IP,,S,,AP; APAT; IP,,S,,AP; APAT; IP,
416,TRUMP,"Why is it, somebody just had a news conference a little while ago, who was essentially supposed to work with you and your family, but what he said was damning.",S,,,,S,,,,S,,,
417,TRUMP,"And regardless of me, I think you have to clean it up and talk to the American people.",S,,AP; APAT; UF; IP,,S,,AP; APAT; UF; IP,,S,,AP; APAT; UF; IP,
418,TRUMP,Maybe you can do it right now.,S,,,,S,,,,S,,,
419,WELKER,"Vice President Biden, you may respond and then I do want to follow up on the election security.",S,,,,S,,,,S,,,
420,BIDEN,I have not taken a penny from any foreign source ever in my life.,S,,,,S,,,,S,,,
421,BIDEN,"We learn that this President paid 50 times the tax in China, has a secret bank account with China, does business in China, and in fact, is talking about me taking money?",,,,,,,,,,,,
422,BIDEN,"I have not taken a single penny from any country whatsoever, ever, number one.",S,,,,S,,,,S,,,
423,BIDEN,"Number two, this is a president — I have released all of my tax returns.",S,,,,S,,,,S,,,
424,BIDEN,22 years.,S; S-Inform,,,,S; S-Inform,,,,S; S-Inform,,,
425,BIDEN,Go look at them.,IAFA,,,,IAFA,,,,IAFA,,,
426,BIDEN,22 years of my tax returns.,S; S-Inform,,,,S; S-Inform,,,,S; S-Inform,,,
427,BIDEN,You have not released a single solitary year of your tax return.,S; S-Inform,,,,S; S-Inform,,,,S; S-Inform,,,
428,BIDEN,What are you hiding?,Q-W,,,,Q-W,,,,Q-W,,,
429,BIDEN,Why are you unwilling?,Q-W,,,,Q-W,,,,Q-W,,,
430,BIDEN,The foreign countries are paying you a lot.,S,,,,S,,,,S,,,
431,BIDEN,Russia is paying you a lot.,S,,,,S,,,,S,,,
432,BIDEN,China is paying a lot.,S,,,,S,,,,S,,,
433,BIDEN,"And your hotels and all your businesses all around the country, all around the world.",S,,,,S,,,,S,,,
434,BIDEN,And China’s building a new road to a new gas… a golf course you have overseas.,S,,,,S,,,,S,,,
435,BIDEN,So what’s going on here?,,,,,,,,,,,,
436,BIDEN,Why don’t you release your tax return or stop talking about corruption?,Q-W,,,,Q-W,,,,Q-W,,,
437,WELKER,"President Trump, your response.",S,,,,S,,,,S,,,
438,TRUMP,"First of all, I called my accountants — under audit.",S,,,,S,,,,S,,,
439,TRUMP,I’m going to release them as soon as we can.,S,,,,S,,,,S,,,
440,TRUMP,"I want to do it, and it will show how successful, how great this company is.",S,,,,S,,,,S,,,
441,TRUMP,"But much more importantly than that, people were saying $750.",S; S-Inform,,,,S; S-Inform,,,,S; S-Inform,,,
442,TRUMP,"I asked them a week ago, I said, what did I pay?",,,,,,,,,,,,
443,TRUMP,"They said, sir, you pre-paid tens of millions of dollars.",S,,,,S,,,,S,,,
444,TRUMP,I prepaid my tax.,S,,,,S,,,,S,,,
445,TRUMP,Tens.,S,,,,S,,,,S,,,
446,TRUMP,Over the last number of years.,S,,,,S,,,,S,,,
447,TRUMP,"Tens of millions of dollars, I prepaid, because at some point, they think, it’s an estimate.",S; EXPL,,,,S; EXPL,,,,S; EXPL,,,
448,TRUMP,They think I may have to pay tax.,S,,,,S,,,,S,,,
449,TRUMP,"So, I already prepaid it.",S,,,,S,,,,S,,,
450,TRUMP,Nobody told me that.,S,,,,S,,,,S,,,
451,WELKER,Did your accountant tell you —,S,,,,S,,,,S,,,
452,TRUMP,Excuse me.,IAFA; TT,,,,IAFA; TT,,,,IAFA; TT,,,
453,TRUMP,And it wasn’t written whenever they write this.,S,,,,S,,,,S,,,
454,TRUMP,"They keep talking about $750, which I think is a filing fee.",S; S-Inform,,IP,,S; S-Inform,,IP,,S; S-Inform,,IP,
455,TRUMP,"But let me just tell you, I prepaid millions and millions of dollars in taxes, number one.",S,,,,S,,,,S,,,
456,TRUMP,"Number two, I don’t make money from China, you do.",S,,,,S,,,,S,,,
457,TRUMP,"I don’t make money from Ukraine, you do.",S,,,,S,,,,S,,,
458,TRUMP,I don’t make money from Russia.,S,,,,S,,,,S,,,
459,TRUMP,"You made three and a half million dollars, Joe, and your son gave you.",S; S-Inform,,,,S; S-Inform,,,,S; S-Inform,,,
460,TRUMP,They even have a statement that we have to give 10% to the big man.,S; S-Inform,,,,S; S-Inform,,,,S; S-Inform,,,
461,TRUMP,"You’re the big man, I think.",S,,IP,,S,,IP,,S,,IP,
462,TRUMP,"I don’t know, maybe you’re not.",S,,,,S,,,,S,,,
463,TRUMP,"But you’re the big man, I think.",S,,IP,,S,,IP,,S,,IP,
464,TRUMP,Your son said we have to give 10% to the big man.,S; S-Inform,,,,S; S-Inform,,,,S; S-Inform,,,
465,TRUMP,"Joe, what’s that all about?",,,,,,,,,,,,
466,TRUMP,It’s terrible.,S,,,,S,,,,S,,,
467,WELKER,"Alright, gentlemen, I want to ask you both some questions about all of this.",S,,,,S,,,,S,,,
468,WELKER,"I’m gonna let you both respond, very quickly.",S,,,,S,,,,S,,,
469,WELKER,You just said you spoke to your accountant about potentially releasing your taxes.,S,,,,S,,,,S,,,
470,WELKER,Did he tell you when you can release them?,YNQ,,,,YNQ,,,,YNQ,,,
471,WELKER,Do you have a deadline for when you’re going to release them to the American people?,YNQ,,AP; APAT,,YNQ,,AP; APAT,,YNQ,,AP; APAT,
472,TRUMP,I get treated worse than the Tea Party got treated.,S,,,,S,,,,S,,,
473,TRUMP,"A lot of people in there, deep down in the IRS, they treat me horribly.",S,,,,S,,,,S,,,
474,TRUMP,"We made a deal, it was all settled, until I decided to run for president.",S,,,,S,,,,S,,,
475,TRUMP,"I get treated very badly by the IRS, very unfairly, but we had a deal all done.",S,,,,S,,,,S,,,
476,TRUMP,"As soon as we’re completed with the deal, I want to release it.",S,,,,S,,,,S,,,
477,TRUMP,But I have paid millions and millions of dollars.,S,,,,S,,,,S,,,
478,TRUMP,And it’s worse than paying.,S,,,,S,,,,S,,,
479,TRUMP,I paid in advance.,S,,,,S,,,,S,,,
480,TRUMP,It’s called prepaying your taxes.,S,,,,S,,,,S,,,
481,WELKER,I want to ask you both about questions regarding your potential foreign entanglements and questions that have been raised to give you both a chance to talk about this more broadly.,S,,,,S,,,,S,,,
482,BIDEN,At some point I want to respond.,S,,,,S,,,,S,,,
483,WELKER,"Respond very quickly, and then I’ll get to my question.",S,,,,S,,,,S,,,
484,BIDEN,Why do he — He’s been saying this for four years.,S,,,,S,,,,S,,,
485,BIDEN,Show us.,IAFA,,,,IAFA,,,,IAFA,,,
486,BIDEN,Just show us.,IAFA,,,,IAFA,,,,IAFA,,,
487,BIDEN,Stop playing around.,IAFA,,,,IAFA,,,,IAFA,,,
488,BIDEN,You’ve been saying for four years you’re going to release your taxes.,S,,,,S,,,,S,,,
489,BIDEN,"Nobody knows, Mr.",S,,,,S,,,,S,,,
490,BIDEN,"President, what they do know is you’re not paying your taxes or you’re paying taxes that are so low.",S,,,,S,,,,S,,,
491,BIDEN,"When last time he said what he paid, he said, ‘I only pay that little because I’m smart.",S; EXPL,,,,S; EXPL,,,,S; EXPL,,,
492,BIDEN,I know how to game the system.,S,,,,S,,,,S,,,
493,BIDEN,"’ Come on, come on, folks.",IAFA,,,,IAFA,,,,IAFA,,,
494,WELKER,"Quickly, President Trump, and then I want to get to two questions to both of you.",S,,,,S,,,,S,,,
495,TRUMP,I was put through a phony witch hunt for three years.,S,,,,S,,,,S,,,
496,TRUMP,It started before I even got elected.,S,,,,S,,,,S,,,
497,TRUMP,They spied on my campaign.,S,,,,S,,,,S,,,
498,TRUMP,No president should ever have to go through what I went through.,S; REJ; ANS,,,,S; REJ; ANS,,,,S; REJ; ANS,,,
499,TRUMP,Let me just say this.,S,,,,S,,,,S,,,
500,TRUMP,"Mueller and 18 angry Democrats, and FBI agents all over the place spent $48 million.",S; S-Inform,,,,S; S-Inform,,,,S; S-Inform,,,
501,TRUMP,"They went through everything I had, including my tax returns, and they found absolutely no collusion and nothing wrong.",S; AGR,,,,S; AGR,,,,S; AGR,,,
502,TRUMP,$48 million.,S; S-Inform,,,,S; S-Inform,,,,S; S-Inform,,,
503,TRUMP,"I guarantee you, if I spent 1 million on you Joe, I could find plenty wrong, because the kind of things that you’ve done and the kind of monies that your family has taken — I mean, your brother made money in Iraq, millions of dollars.",S; EXPL; S-Inform,,,,S; EXPL; S-Inform,,,,S; EXPL; S-Inform,,,
504,TRUMP,"Your other brother made a fortune, and it’s all through you, Joe.",S,,,,S,,,,S,,,
505,TRUMP,And they say you get some of it.,S,,,,S,,,,S,,,
506,TRUMP,And you do live very well.,S,,,,S,,,,S,,,
507,TRUMP,You have houses all over the place.,S,,,,S,,,,S,,,
508,TRUMP,You live very well.,S,,,,S,,,,S,,,
509,WELKER,"All right, gentlemen, let me just ask some questions about all of this broadly.",S,,,,S,,,,S,,,
510,WELKER,"Vice President Biden, there have been questions about the work your son has done in China, and for a Ukrainian energy company when you were Vice President.",S,,,,S,,,,S,,,
511,WELKER,"In retrospect, was anything about those relationships inappropriate or unethical?",,,,,,,,,,,,
512,BIDEN,Nothing was unethical.,S,,,,S,,,,S,,,
513,BIDEN,Here’s what the deal.,S,,,,S,,,,S,,,
514,BIDEN,"With regard to Ukraine, we had this whole question about whether or not, because he was on the board, I later learned, of Burisma, a company, that somehow I had done something wrong.",S; EXPL,,,,S; EXPL,,,,S; EXPL,,,
515,BIDEN,"Yet every single solitary person, when he was going through his impeachment, testifying under oath who worked for him, said I did my job impeccably.",S,,,,S,,,,S,,,
516,BIDEN,I carried out US policy.,S,,,,S,,,,S,,,
517,BIDEN,"Not one, single, solitary thing was out of line.",S,,,,S,,,,S,,,
518,BIDEN,"Not a single thing, number one.",S,,,,S,,,,S,,,
519,BIDEN,"Number two, the guy who got in trouble in Ukraine was this guy, trying to bribe the Ukrainian government to say something negative about me, which they would not do, and did not do, because it never, ever, ever happened.",S; EXPL,,,,S; EXPL,,,,S; EXPL,,,
520,BIDEN,My son has not made money in terms of this thing about — what are you talking about — China.,S,,,,S,,,,S,,,
521,BIDEN,I have not had it.,S,,,,S,,,,S,,,
522,BIDEN,The only guy that made money from China is this guy.,S,,,,S,,,,S,,,
523,BIDEN,He’s the only one.,S,,,,S,,,,S,,,
524,BIDEN,Nobody else has made money from China.,S,,,,S,,,,S,,,
525,WELKER,"President Trump, let me ask my question to you.",S,,,,S,,,,S,,,
526,TRUMP,Could I just — one thing.,S,,,,S,,,,S,,,
527,WELKER,Very quickly.,S,,,,S,,,,S,,,
528,TRUMP,"His son didn’t have a job for a long time, was sadly no longer in the military service, I won’t get into that.",S,,,,S,,,,S,,,
529,TRUMP,And he didn’t have a job.,S,,,,S,,,,S,,,
530,TRUMP,"As soon as he became vice president, Burisma — not the best, not the best reputation in the world — I hear they paid him 183,000 a month.",S; S-Inform,,,,S; S-Inform,,,,S; S-Inform,,,
531,TRUMP,"Listen to this, 183, and they gave him a $3 million upfront payment, and he had no energy experience.",S; S-Inform,,,,S; S-Inform,,,,S; S-Inform,,,
532,TRUMP,That’s 100% dishonest.,S; S-Inform,,,,S; S-Inform,,,,S; S-Inform,,,
533,WELKER,I’m going to let the vice president respond to that quickly and then I have a question for you.,S,,,,S,,,,S,,,
534,BIDEN,No basis for that.,S; REJ; ANS,,,,S; REJ; ANS,,,,S; REJ; ANS,,,
535,BIDEN,"Everybody investigated that, no one said anything he did was wrong in Ukraine.",S,,,,S,,,,S,,,
536,WELKER,"OK, President Trump, this is for you.",S,,,,S,,,,S,,,
537,WELKER,"Since you took office, you’ve never divested from your business.",S,,,,S,,,,S,,,
538,WELKER,You’ve personally promoted your properties abroad.,S,,,,S,,,,S,,,
539,WELKER,"A report this week, which was referenced, does indicate that your company has a bank account in China.",S,,,,S,,,,S,,,
540,WELKER,So how can voters know that you don’t have any foreign conflicts of interest?,,,,,,,,,,,,
541,TRUMP,I have many bank accounts and they’re all listed and they’re all over the place.,S,,,,S,,,,S,,,
542,TRUMP,"I mean, I was a businessman doing business.",S,,,,S,,,,S,,,
543,TRUMP,"The bank account you’re referring to — which is, everybody knows about it, it’s listed — the bank account was in 2013.",S; HS; S-Inform,,,,S; HS; S-Inform,,,,S; HS; S-Inform,,,
544,TRUMP,That’s what it was.,S,,,,S,,,,S,,,
545,TRUMP,It was opened.,S,,,,S,,,,S,,,
546,TRUMP,"It was closed in 2015, I believe, and then I decided, because I was going to do, I was thinking about doing a deal in China, like millions of other people, I was thinking about it.",S; EXPL; HS; S-Inform,,IP,,S; EXPL; HS; S-Inform,,IP,,S; EXPL; HS; S-Inform,,IP,
547,TRUMP,"And I decided I’m not going to do it, didn’t like it, I decided not to do it, had an account open and I closed it.",S,,,,S,,,,S,,,
548,WELKER,OK.,S; ACK,,,,S; ACK,,,,S; ACK,,,
549,TRUMP,"Excuse me, and then unlike him, where he’s Vice President, and he does business, I then decided to run for president after that.",S; TT,,,,S; TT,,,,S; TT,,,
550,TRUMP,That was before.,S,,,,S,,,,S,,,
551,TRUMP,"So I closed it before I even ran for president, let alone became president, big difference.",S,,,,S,,,,S,,,
552,TRUMP,"He is the Vice President of the United States, and his son, his brother and his other brother are getting rich, they’re like a vacuum cleaner, there’s something —",S,,UF,,S,,UF,,S,,UF,
553,WELKER,"Okay, President Trump, thank you.",IAFA; THK,,,,IAFA; THK,,,,IAFA; THK,,,
554,WELKER,We do need to move on.,S,,,,S,,,,S,,,
555,WELKER,"I do want to ask you, Vice President Biden, about China.",S,,,,S,,,,S,,,
556,WELKER,Let’s talk about China more broadly.,S,,,,S,,,,S,,,
557,WELKER,"There have, of course, President Trump has said that they should pay for not being fully transparent in regards to the coronavirus.",S,,,,S,,,,S,,,
558,WELKER,"If you were president, would you make China pay and please be specific, what would that look like?",,,,,,,,,,,,
559,BIDEN,"What I’d make China do is play by the international rules, not like he has done.",S,,,,S,,,,S,,,
560,BIDEN,"He has caused the deficit in China to go up not down — with China, up not down.",S,,,,S,,,,S,,,
561,BIDEN,"We are making sure that in order to do business in China, you have to give all your intellectual property.",S,,,,S,,,,S,,,
562,BIDEN,"You have to get/have a partner in China, it is 51%.",S; S-Inform,,,,S; S-Inform,,,,S; S-Inform,,,
563,BIDEN,"We would not do that at all, number one.",S,,,,S,,,,S,,,
564,BIDEN,"Number two, we’re in a situation where China would have to play by the rules internationally as well.",S,,,,S,,,,S,,,
565,BIDEN,"When I met with Xi, and when I was still vice president, he said ‘we’re setting up air identification zones in the South China Sea, you can’t fly through them.",S,,,,S,,,,S,,,
566,BIDEN,"’ I said, ‘we’re gonna fly through them.",S,,,,S,,,,S,,,
567,BIDEN,We just flew B52/B1 bombers through it.,S,,,,S,,,,S,,,
568,BIDEN,We’re not going to pay attention.,S,,,,S,,,,S,,,
569,BIDEN,"’ They have to play by the rules, and what’s he do?",,,,,,,,,,,,
570,BIDEN,"He embraces guys like the thugs like in North Korea, and, and, and the Chinese president and Putin and others, and he pokes his finger in the eye of all our friends, all of our allies.",S,,,,S,,,,S,,,
571,BIDEN,We make up only — we’re 25%.,S; S-Inform,,,,S; S-Inform,,,,S; S-Inform,,,
572,BIDEN,25% of the world’s economy.,S; S-Inform,,,,S; S-Inform,,,,S; S-Inform,,,
573,BIDEN,"We need to be having the rest of our friends with us, saying to China, these are the rules.",S,,,,S,,,,S,,,
574,BIDEN,"You play by them or you’re going to pay the price for not playing by them, economically.",S,,,,S,,,,S,,,
575,BIDEN,That’s the way I will run it.,S,,,,S,,,,S,,,
576,BIDEN,And that’s what we did and upholding steel tariffs and a range of other things when we were president and vice president.,S,,,,S,,,,S,,,
577,WELKER,"All right, let’s talk about North Korea.",S,,,,S,,,,S,,,
578,TRUMP,"Excuse me, no, I have to respond to this.",S; TT,,,,S; TT,,,,S; TT,,,
579,WELKER,"OK, very quickly and then we’re gonna move on to North Korea…",S,,,,S,,,,S,,,
580,TRUMP,His son walked out with a billion and a half dollars from China —,S; S-Inform,,,,S; S-Inform,,,,S; S-Inform,,,
581,BIDEN,Not true.,S,,,,S,,,,S,,,
582,TRUMP,"— after spending 10 minutes in office and being in Air Force Two, number one.",S; S-Inform,,,,S; S-Inform,,,,S; S-Inform,,,
583,TRUMP,"Number two, there’s a very strong email, talking about your family wanting to make $10 million a year for introductions.",S; S-Inform,,,,S; S-Inform,,,,S; S-Inform,,,
584,BIDEN,That is not true.,S; EXPL,,,,S; EXPL,,,,S; EXPL,,,
585,WELKER,"President Trump, on China policy, though.",S,,,,S,,,,S,,,
586,WELKER,What are you gonna do?,Q-W,,,,Q-W,,,,Q-W,,,
587,WELKER,What specifically are you going to do to make China pay?,Q-W; EXPL,,,,Q-W; EXPL,,,,Q-W; EXPL,,,
588,WELKER,You’ve said you’re going to make them pay.,S,,,,S,,,,S,,,
589,TRUMP,"First of all, China is paying.",S,,,,S,,,,S,,,
590,TRUMP,They’re paying billions and billions of dollars.,S,,,,S,,,,S,,,
591,TRUMP,I just gave $28 billion.,S; S-Inform,,,,S; S-Inform,,,,S; S-Inform,,,
592,WELKER,New sanctions?,,,,,,,,,,,,
593,TRUMP,I just gave $28 billion to our farmers.,S; S-Inform,,,,S; S-Inform,,,,S; S-Inform,,,
594,BIDEN,Taxpayers money.,S,,,,S,,,,S,,,
595,TRUMP,It’s what?,,,,,,,,,,,,
596,BIDEN,Taxpayers money.,S,,,,S,,,,S,,,
597,TRUMP,"No, you know who the taxpayer is.",S; REJ; ANS,,,,S; REJ; ANS,,,,S; REJ; ANS,,,
598,TRUMP,It’s called China.,S,,,,S,,,,S,,,
599,BIDEN,Not true.,S,,,,S,,,,S,,,
600,TRUMP,"China paid $28 billion and you know what they did to pay it, Joe?",,,,,,,,,,,,
601,TRUMP,"They devalued their currency and they also paid up, and you know who got the money?",,,,,,,,,,,,
602,TRUMP,Our farmers.,S,,,,S,,,,S,,,
603,TRUMP,"Our great farmers, because they were targeted.",S; EXPL,,,,S; EXPL,,,,S; EXPL,,,
604,TRUMP,You never charge them anything.,S,,,,S,,,,S,,,
605,TRUMP,"Also, I charged them 25% on dumped steel, because they were killing our steel industry.",S; EXPL; S-Inform,,,,S; EXPL; S-Inform,,,,S; EXPL; S-Inform,,,
606,TRUMP,"We were not going to have a steel industry, and now we have a steel industry.",S,,,,S,,,,S,,,
607,WELKER,"OK, Vice President Biden, your response, please?",,,,,,,,,,,,
608,BIDEN,"My response is look, this isn’t about – there’s a reason why he’s bringing up all this malarkey.",S,,,,S,,,,S,,,
609,BIDEN,There’s a reason for it.,IAFA,,,,IAFA,,,,IAFA,,,
610,BIDEN,He doesn’t want to talk about the substantive issues.,S,,,,S,,,,S,,,
611,BIDEN,It’s not about his family and my family.,S,,,,S,,,,S,,,
612,BIDEN,"It’s about your family, and your family’s hurting badly.",S,,,,S,,,,S,,,
613,BIDEN,"If you’re making less than, if you’re a middle class family, you’re getting hurt badly right now.",S,,,,S,,,,S,,,
614,BIDEN,"You’re sitting at the kitchen table this morning deciding, well, we can’t get new tires, they’re bald, because we have to wait another month or so.",S; EXPL,,,,S; EXPL,,,,S; EXPL,,,
615,BIDEN,Or are we going to be able to pay the mortgage?,,,,,,,,,,,,
616,BIDEN,"Who’s going to tell her, she can’t go back to community college?",Q-W,,,,Q-W,,,,Q-W,,,
617,BIDEN,They’re the decisions you’re making in the middle class families like I grew up in Scranton and Claymont.,S,,AE,,S,,AE,,S,,AE,
618,BIDEN,They’re in trouble.,S,,,,S,,,,S,,,
619,BIDEN,We should be talking about your families but that’s the last thing he wants to talk about.,S,,AE,,S,,AE,,S,,AE,
620,WELKER,I want to talk about North Korea –,S,,,,S,,,,S,,,
621,TRUMP,That is a typical statement.,S; EXPL,,,,S; EXPL,,,,S; EXPL,,,
622,TRUMP,"Excuse me, just for one second, please.",IAFA; TT,,,,IAFA; TT,,,,IAFA; TT,,,
623,WELKER,"10 seconds, Mr.",S; S-Inform,,,,S; S-Inform,,,,S; S-Inform,,,
624,WELKER,"President, 10 seconds.",S; S-Inform,,,,S; S-Inform,,,,S; S-Inform,,,
625,TRUMP,That’s a typical political statement.,S,,,,S,,,,S,,,
626,TRUMP,"Let’s get off this China thing, and then he looks — the family, around the table, everything.",S,,,,S,,,,S,,,
627,TRUMP,Just a typical politician when I see that.,S,,,,S,,,,S,,,
628,WELKER,"Alright, let’s talk —",S,,,,S,,,,S,,,
629,TRUMP,"I’m not a typical politician, that’s why I got elected.",S,,,,S,,,,S,,,
630,WELKER,Let’s talk about —,S,,,,S,,,,S,,,
631,TRUMP,"Let’s get off the subject of China, let’s talk around sitting around the table.",S,,,,S,,,,S,,,
632,TRUMP,"Come on, Joe, you can do better.",S,,,,S,,,,S,,,
633,WELKER,We’re gonna talk about North Korea now.,S,,,,S,,,,S,,,
634,WELKER,"President Trump, you’ve met with North Korean leader Kim Jong Un three times.",S,,,,S,,,,S,,,
635,WELKER,"You’ve talked about your beautiful letters with him, you’ve touted the fact that there hasn’t been a war or a long range missile test, and yet North Korea recently rolled out its biggest ever intercontinental ballistic missile and continues to develop its nuclear arsenal.",S,,,,S,,,,S,,,
636,WELKER,Do you see that as a betrayal of the relationship you forged?,YNQ,,,,YNQ,,,,YNQ,,,
637,WELKER,Just 30 seconds here because we need to get on to the next topic.,S; EXPL; S-Inform,,,,S; EXPL; S-Inform,,,,S; EXPL; S-Inform,,,
638,TRUMP,"So, when I met with Barack Obama, we sat in the White House, right at the beginning had a great conversation, was supposed to be 15 minutes and it was well over an hour.",S; S-Inform,,RB,,S; S-Inform,,RB,,S; S-Inform,,RB,
639,TRUMP,He said the biggest problem we have is North Korea.,S,,,,S,,,,S,,,
640,TRUMP,He indicated we will be in a war with North Korea.,S,,,,S,,,,S,,,
641,TRUMP,"Guess what, it would be a nuclear war, and he does have plenty of nuclear capability.",S,,,,S,,,,S,,,
642,TRUMP,"In the meantime, I have a very good relationship with him, different kind of a guy but he probably thinks the same thing about me.",S,,,,S,,,,S,,,
643,TRUMP,We have a different kind of a relationship.,S,,,,S,,,,S,,,
644,TRUMP,"We have a very good relationship, and there’s no war.",S,,,,S,,,,S,,,
645,TRUMP,"And you know, about two months ago, he broke into a certain area.",S,,,,S,,,,S,,,
646,TRUMP,"They said, ‘oh there’s going to be trouble.",S,,,,S,,,,S,,,
647,TRUMP,"’ I said, ‘No, they’re not.",S,,,,S,,,,S,,,
648,TRUMP,Because he’s not going to do that.,S; EXPL,,,,S; EXPL,,,,S; EXPL,,,
649,TRUMP,’ And I was right.,S,,,,S,,,,S,,,
650,TRUMP,"Look, instead of being in a war where millions of people — Seoul, you know, is 25 miles away, millions and millions, 32 million people in Seoul — millions of people would be dead right now.",S; S-Inform,,,,S; S-Inform,,,,S; S-Inform,,,
651,TRUMP,"We don’t have a war, and I have a good relationship.",S,,,,S,,,,S,,,
652,WELKER,"Vice President Biden to you, North Korea conducted four nuclear tests under the Obama administration.",S,,,,S,,,,S,,,
653,WELKER,Why do you think you would be able to rein in this persistent threat?,Q-W; SEEP,,AF,,Q-W; SEEP,,AF,,Q-W; SEEP,,AF,
654,BIDEN,"Because I’d make it clear, which we were making clear to China, they had to be part of the deal, because here’s the root.",S; EXPL,,,,S; EXPL,,,,S; EXPL,,,
655,BIDEN,"I made it clear, as a spokesperson for the administration when I went to China, that they said, ‘Why are you moving your missile defense up so close?",,,IT,,,,IT,,,,IT,
656,BIDEN,Why are you moving more forces here?,Q-W,,,,Q-W,,,,Q-W,,,
657,BIDEN,Why are you continuing to do military maneuvers with South Korea?,Q-W,,,,Q-W,,,,Q-W,,,
658,BIDEN,"’ I said, ‘Because North Korea is a problem.",S; EXPL,,,,S; EXPL,,,,S; EXPL,,,
659,BIDEN,And we’re going to continue to do it so we can control them.,S,,,,S,,,,S,,,
660,BIDEN,We’re going to make sure we can control them and make sure they cannot hurt us.,S,,,,S,,,,S,,,
661,BIDEN,"And so if you want to do something about it, step up and help.",S,,,,S,,,,S,,,
662,BIDEN,"If not, it’s going to continue.",S,,,,S,,,,S,,,
663,BIDEN,’ What has he done?,,,,,,,,,,,,
664,BIDEN,"He’s legitimized North Korea, he’s talked about his good buddy who’s a thug, a thug, and he talks about how we’re better off, and they have much more capable missiles, able to reach U.",S,,,,S,,,,S,,,
665,BIDEN,"territory, much more easily than ever did before.",S,,,,S,,,,S,,,
666,WELKER,"Let me follow up with you, Vice President Biden, you’ve said you wouldn’t meet with Kim Jong Un without preconditions.",S,,,,S,,,,S,,,
667,WELKER,Are there any conditions under which you would meet with him?,YNQ,,,,YNQ,,,,YNQ,,,
668,BIDEN,On the condition that he would agree that he would be drawing down his nuclear capacity to get – the Korean Peninsula should be a nuclear free zone.,S,,,,S,,,,S,,,
669,WELKER,"Alright, let’s move on to American families.",S,,AE; APAT,,S,,AE; APAT,,S,,AE; APAT,
670,TRUMP,"Kristen, they tried to meet with him.",S,,,,S,,,,S,,,
671,WELKER,Very quickly.,S,,,,S,,,,S,,,
672,WELKER,"10 seconds, President Trump.",S; S-Inform,,,,S; S-Inform,,,,S; S-Inform,,,
673,TRUMP,"They tried to meet with him, he wouldn’t do it.",S,,,,S,,,,S,,,
674,TRUMP,He didn’t like Obama.,S,,,,S,,,,S,,,
675,TRUMP,He didn’t like him.,S,,,,S,,,,S,,,
676,TRUMP,He wouldn’t do it.,S,,,,S,,,,S,,,
677,WELKER,"OK, I’ve got to give him a chance to respond.",S,,,,S,,,,S,,,
678,TRUMP,"They tried, he wouldn’t do it.",S,,,,S,,,,S,,,
679,TRUMP,And that’s okay.,S,,,,S,,,,S,,,
680,TRUMP,"You know what, North Korea, we’re not in a war.",S,,,,S,,,,S,,,
681,TRUMP,We have a good relationship.,S,,,,S,,,,S,,,
682,TRUMP,"You know, people don’t understand — having a good relationship with leaders of other countries is a good thing.",S,,,,S,,,,S,,,
683,WELKER,"President Trump, we have to move on.",S,,,,S,,,,S,,,
684,WELKER,We have a lot of questions to get through.,S,,,,S,,,,S,,,
685,BIDEN,"We had a good relationship with Hitler before he in fact invaded Europe, the rest of Europe.",S,,,,S,,,,S,,,
686,BIDEN,Come on.,IAFA,,,,IAFA,,,,IAFA,,,
687,BIDEN,"The reason he would not meet with President Obama is because President Obama said we’re gonna talk about denuclearization, we’re not gonna legitimize you, we’re gonna continue to put stronger and stronger sanctions on you.",S; EXPL,,,,S; EXPL,,,,S; EXPL,,,
688,BIDEN,That’s why he wouldn’t meet with us.,S,,,,S,,,,S,,,
689,TRUMP,And it didn’t happen.,S,,,,S,,,,S,,,
690,WELKER,Let’s move on and talk about American families.,S,,AE; APAT,,S,,AE; APAT,,S,,AE; APAT,
691,TRUMP,"Excuse me, he left me a mess, Kristen.",S; TT,,,,S; TT,,,,S; TT,,,
692,TRUMP,They left me a mess.,S,,,,S,,,,S,,,
693,TRUMP,North Korea was a mess.,S,,,,S,,,,S,,,
694,WELKER,"We need to move on so that we have time to get to all our questions tonight, President Trump.",S,,,,S,,,,S,,,
695,TRUMP,Remember the first two or three months.,IAFA,,,,IAFA,,,,IAFA,,,
696,TRUMP,"There was a very dangerous period in my first three months, before we sort of worked things out a little bit.",S,,AF,,S,,AF,,S,,AF,
697,TRUMP,"They left us a mess, and Obama would be – I think, the first to say — it was the single biggest problem, he thought, that our country had.",S,,IP; ATTR,,S,,IP; ATTR,,S,,IP; ATTR,
698,WELKER,"Okay, let’s move on to American families and the economy.",S,,AE; APAT,,S,,AE; APAT,,S,,AE; APAT,
699,WELKER,"One of the issues that’s most important to them is health care, as you both know.",S,,,,S,,,,S,,,
700,WELKER,"Today, there was a key vote on a new Supreme Court Justice Amy Coney Barrett, and healthcare is at the center of her confirmation fight.",S,,,,S,,,,S,,,
701,WELKER,Over 20 million Americans get their health insurance through the Affordable Care Act.,S; S-Inform,,,,S; S-Inform,,,,S; S-Inform,,,
702,WELKER,"It’s headed to the Supreme Court, and your administration, Mr.",S,,,,S,,,,S,,,
703,WELKER,"President, is advocating for the court to overturn it.",S,,,,S,,,,S,,,
704,WELKER,"If the Supreme Court does overturn that law, those 20 million Americans could lose their health insurance almost overnight.",S; S-Inform,,,,S; S-Inform,,,,S; S-Inform,,,
705,WELKER,So what would you do if those people have their health insurance taken away?,,,,,,,,,,,,
706,WELKER,You have two minutes uninterrupted.,S,,,,S,,,,S,,,
707,TRUMP,"First of all, I’ve already done something that nobody thought was possible.",S,,,,S,,,,S,,,
708,TRUMP,"Through the legislature, I terminated the individual mandate.",S,,,,S,,,,S,,,
709,TRUMP,"That is the worst part of Obamacare, as we call it.",S; EXPL,,,,S; EXPL,,,,S; EXPL,,,
710,TRUMP,The individual mandate – where you have to pay a fortune for the privilege of not having to pay for bad health insurance.,S,,,,S,,,,S,,,
711,TRUMP,I terminated it; it’s gone.,S,,,,S,,,,S,,,
712,TRUMP,"Now it’s in court, because Obamacare is no good.",S; EXPL,,,,S; EXPL,,,,S; EXPL,,,
713,TRUMP,"But then I made a decision, ‘Run it as well as you can’ — to my people, great people — ‘Run it as well as you can.",S,,IT,,S,,IT,,S,,IT,
714,TRUMP,’ I could have gone the other route and made everybody very unhappy.,S,,,,S,,,,S,,,
715,TRUMP,They ran it.,S,,,,S,,,,S,,,
716,TRUMP,"Premiums are down, everything’s down.",S,,,,S,,,,S,,,
717,TRUMP,Here’s the problem.,S,,,,S,,,,S,,,
718,TRUMP,"No matter how well you run it, it’s no good.",S; REJ; ANS,,,,S; REJ; ANS,,,,S; REJ; ANS,,,
719,TRUMP,What we’d like to do is terminate it.,S,,,,S,,,,S,,,
720,TRUMP,We have the individual mandate done.,S,,,,S,,,,S,,,
721,TRUMP,I don’t know that it’s going to work.,S,,,,S,,,,S,,,
722,TRUMP,"If we don’t win, we will have to run it and we’ll have Obamacare, but it will be better run.",S,,,,S,,,,S,,,
723,TRUMP,But it no longer is Obamacare.,S,,,,S,,,,S,,,
724,TRUMP,"Because without the individual mandate, it’s much different.",S; EXPL,,,,S; EXPL,,,,S; EXPL,,,
725,TRUMP,Pre-existing conditions will always stay.,S,,,,S,,,,S,,,
726,TRUMP,"What I would like to do is a much better health care, much better.",S,,,,S,,,,S,,,
727,TRUMP,"We’ll always protect people with pre-existing — so I’d like to terminate Obamacare, come up with a brand new beautiful health care.",S,,,,S,,,,S,,,
728,TRUMP,The Democrats will do it because there’ll be tremendous pressure on them.,S; EXPL,,,,S; EXPL,,,,S; EXPL,,,
729,TRUMP,And we might even have the House by that time.,S,,,,S,,,,S,,,
730,TRUMP,"And I think we’re going to win the House, okay?",,,IP,,,,IP,,,,IP,
731,TRUMP,"You’ll see, but I think we’re gonna win the House.",S,,IP,,S,,IP,,S,,IP,
732,TRUMP,"But come up with a better health care, always protecting people with pre-existing conditions — and one thing very important.",IAFA,,,,IAFA,,,,IAFA,,,
733,TRUMP,"We have 180 million people out there that have great private health care, far more than we’re talking about with Obamacare.",S; S-Inform,,,,S; S-Inform,,,,S; S-Inform,,,
734,TRUMP,Joe Biden is going to terminate all of those policies.,S,,,,S,,,,S,,,
735,TRUMP,"These are people that love their health care, people that have been successful — middle income people — been successful.",S,,,,S,,,,S,,,
736,TRUMP,"They have 180 million plans, 180 million people, families under what he wants to do, which will basically be socialized medicine.",S; S-Inform,,AE,,S; S-Inform,,AE,,S; S-Inform,,AE,
737,TRUMP,He won’t even have a choice.,S,,,,S,,,,S,,,
738,TRUMP,They want to terminate 180 million plans.,S; S-Inform,,,,S; S-Inform,,,,S; S-Inform,,,
739,TRUMP,We have done an incredible job on health care.,S,,,,S,,,,S,,,
740,TRUMP,And we’re going to do even better.,S,,,,S,,,,S,,,
741,WELKER,OK.,S; ACK,,,,S; ACK,,,,S; ACK,,,
742,WELKER,"Vice President Biden, yes, this is for you.",S,,,,S,,,,S,,,
743,WELKER,Your health care plan calls for building on Obamacare.,S,,,,S,,,,S,,,
744,WELKER,"So my question is, what is your plan if the law is ruled unconstitutional by the Supreme Court?",,,,,,,,,,,,
745,WELKER,You have two minutes uninterrupted.,S,,,,S,,,,S,,,
746,BIDEN,What I’m going to do is pass Obamacare with a public option — become Bidencare.,S,,,,S,,,,S,,,
747,BIDEN,"Public option is an option that says that if you, in fact, do not have the wherewithal to be — if you qualify for Medicaid, and you do not have the wherewithal in your state to get Medicaid, you automatically are enrolled, providing competition for insurance companies.",S,,,,S,,,,S,,,
748,BIDEN,That’s what’s going to happen.,S,,,,S,,,,S,,,
749,BIDEN,"Secondly, we’re going to make sure we reduce the premiums and reduce drug prices by making sure that there’s competition that doesn’t exist now by allowing Medicare to negotiate drug prices with the insurance companies.",S,,,,S,,,,S,,,
750,BIDEN,"Thirdly, the idea that I want to eliminate private insurance — the reason why I had such a fight for, with 20 candidates for the nomination, was I support private insurance.",S; EXPL; S-Inform,,,,S; EXPL; S-Inform,,,,S; EXPL; S-Inform,,,
751,BIDEN,"That’s why I did not — not one single person, private insurance, would lose their insurance under my plan, nor did they under Obamacare.",S,,,,S,,,,S,,,
752,BIDEN,"They did not lose their insurance, unless they chose they wanted to go to something else.",S,,,,S,,,,S,,,
753,BIDEN,"Lastly, we’re going to make sure we’re in a situation that we actually protect pre-existing — there’s no way he can protect pre-existing conditions.",S,,,,S,,,,S,,,
754,BIDEN,"None, zero, you can’t do it in the ether.",S,,,,S,,,,S,,,
755,BIDEN,He’s been talking about this for a long time.,S,,,,S,,,,S,,,
756,BIDEN,There is no — he’s never come up with a plan.,S,,,,S,,,,S,,,
757,BIDEN,"I guess we’re gonna get the pre-existing condition plan the same time we get the infrastructure plan that we waited since 17, 18, 19, 20.",S; S-Inform,,,,S; S-Inform,,,,S; S-Inform,,,
758,BIDEN,"The fact — I still have a little, a few more minutes, I know you’re getting anxious — the fact is that he’s already cost the American people because of his terrible handling of the COVID virus and economic spillover.",S; EXPL,,AP; APAT,,S; EXPL,,AP; APAT,,S; EXPL,,AP; APAT,
759,BIDEN,"10 million people have lost their private insurance, and he wants to take away 22 million more people who have been under Obamacare, and over 110 million people with pre-existing conditions.",S; S-Inform,,,,S; S-Inform,,,,S; S-Inform,,,
760,BIDEN,And all the people from COVID are going to have pre-existing conditions.,S,,,,S,,,,S,,,
761,BIDEN,What are they gonna do?,Q-W,,,,Q-W,,,,Q-W,,,
762,WELKER,"I have a follow up for you, Vice President Biden, it relates to something that President Trump said.",S,,,,S,,,,S,,,
763,WELKER,He’s accusing you of wanting socialized medicine.,S,,,,S,,,,S,,,
764,WELKER,"What do you say to people who have concerns that your health care plan, which includes a government insurance option, takes the country one step closer to a health care system run entirely by the government?",Q-W; TG,,,,Q-W; TG,,,,Q-W; TG,,,
765,WELKER,What’s your response to that?,Q-W,,,,Q-W,,,,Q-W,,,
766,BIDEN,"I say, it’s ridiculous.",S,,,,S,,,,S,,,
767,BIDEN,"It’s like saying that, you know, we’re the idea that, the fact that there’s a public option that people can choose, that makes it a socialist plan?",,,,,,,,,,,,
768,BIDEN,"Look, the difference between the president — I think health care is not a privilege, it’s a right.",S,,IP,,S,,IP,,S,,IP,
769,BIDEN,Everyone should have the right to have affordable health care.,S,,PB,,S,,PB,,S,,PB,
770,BIDEN,And I am very proud of my plan.,S,,,,S,,,,S,,,
771,BIDEN,"It’s gotten endorsed by all the major labor unions as well as, as well as a whole range of other people who in fact, are concerned in the medical field.",S,,,,S,,,,S,,,
772,BIDEN,This is something that’s going to save people’s lives.,S,,,,S,,,,S,,,
773,BIDEN,"And this is going to give some people an opportunity, an opportunity to have health care for their children, how many of you home are worried and rolling around in bed at night wondering what in God’s name are you going to do if you get sick?",,,AE,,,,AE,,,,AE,
774,BIDEN,"Because you’ve lost your home insurance, your health insurance, your company’s gone under.",S; EXPL,,,,S; EXPL,,,,S; EXPL,,,
775,BIDEN,"We have to provide health insurance for people at an affordable rate, and that’s what I’d do.",S,,,,S,,,,S,,,
776,WELKER,"President Trump, your response.",S,,,,S,,,,S,,,
777,TRUMP,"Excuse me, he was there for 47 years — he didn’t do it.",S; TT; S-Inform,,,,S; TT; S-Inform,,,,S; TT; S-Inform,,,
778,TRUMP,He was now there as Vice President for eight years.,S,,,,S,,,,S,,,
779,TRUMP,"And it’s not like it was 25 years ago, it was three and three quarters.",S; S-Inform,,,,S; S-Inform,,,,S; S-Inform,,,
780,TRUMP,"It was just a little while ago, right?",,,,,,,,,,,,
781,TRUMP,Less than four years ago.,S,,,,S,,,,S,,,
782,TRUMP,He didn’t do anything.,S,,,,S,,,,S,,,
783,TRUMP,He didn’t do it.,S,,,,S,,,,S,,,
784,TRUMP,He wants socialized medicine.,S,,,,S,,,,S,,,
785,TRUMP,"And it’s not that he wants it, his vice president — I mean, she is more liberal than Bernie Sanders and wants it even more.",S,,,,S,,,,S,,,
786,TRUMP,"Bernie Sanders wants it, the Democrats want it.",S,,,,S,,,,S,,,
787,TRUMP,You’re going to have socialized medicine.,S,,,,S,,,,S,,,
788,TRUMP,"Just like you went on with fracking — ‘We’re not going to have fracking, we’re going to stop fracking, we’re going to stop fracking.",S,,,,S,,,,S,,,
789,TRUMP,’ Then he goes to Pennsylvania after he gets the nomination — where he got very lucky to get it.,S,,,,S,,,,S,,,
790,TRUMP,"And he goes to Pennsylvania, and he says, ‘Oh, we’re gonna have fracking.",S,,,,S,,,,S,,,
791,TRUMP,’ And you never asked that question.,S,,,,S,,,,S,,,
792,TRUMP,"And by the way, so far, I respect very much the way you’re handling this, I have to say.",S,,,,S,,,,S,,,
793,TRUMP,But somebody should ask the question.,S,,,,S,,,,S,,,
794,TRUMP,He goes for a year —,S; S-Inform,,,,S; S-Inform,,,,S; S-Inform,,,
795,WELKER,We do have a number of — we have a number of topics –,S,,,,S,,,,S,,,
796,TRUMP,"No, no, but that’s a big question —",S; REJ; ANS,,,,S; REJ; ANS,,,,S; REJ; ANS,,,
797,WELKER,We’re gonna get to it —,S,,,,S,,,,S,,,
798,TRUMP,It’s the same thing with socialized medicine.,S,,,,S,,,,S,,,
799,WELKER,"Vice President, your response please.",S,,,,S,,,,S,,,
800,BIDEN,My response is people deserve to have affordable health care — period.,S,,,,S,,,,S,,,
801,BIDEN,"Period, period, period.",S,,,,S,,,,S,,,
802,BIDEN,"And the Bidencare proposal will, in fact, provide for that affordable health care, lower premiums.",S,,,,S,,,,S,,,
803,BIDEN,What we’re going to do is going to cost some money; it’s going to cost over $750 billion over 10 years to do it.,S; S-Inform,,,,S; S-Inform,,,,S; S-Inform,,,
804,BIDEN,"And they’re going to have lower premiums, you can buy into the better plans, the cheaper plans, lower your premiums, deal with unexpected billing, and have your drug prices drop significantly.",S,,,,S,,,,S,,,
805,BIDEN,He keeps talking about it.,S,,,,S,,,,S,,,
806,BIDEN,"He hasn’t done a thing for anybody on health care, not a thing.",S,,,,S,,,,S,,,
807,TRUMP,"Kristen, when he says —",S,,,,S,,,,S,,,
808,WELKER,"Very quickly, then I want to talk about what’s happening on Capitol Hill.",S,,,,S,,,,S,,,
809,TRUMP,"When he says public option, he is talking about socialized medicine and health care.",S,,,,S,,,,S,,,
810,TRUMP,"When he talks about a public option, he’s talking about destroying your Medicare, totally destroying — and destroying your Social Security.",S,,AF,,S,,AF,,S,,AF,
811,TRUMP,And this whole country will come down.,S,,,,S,,,,S,,,
812,TRUMP,"You know, Bernie Sanders tried it in his state.",S,,,,S,,,,S,,,
813,TRUMP,He tried it in his state.,S,,,,S,,,,S,,,
814,TRUMP,"His governor was a very liberal governor, they wanted to make it work —",S,,,,S,,,,S,,,
815,WELKER,Let’s see if —,S,,,,S,,,,S,,,
816,TRUMP,"— it was impossible to work, it doesn’t work —",S,,,,S,,,,S,,,
817,WELKER,"Vice President Biden, your response.",S,,,,S,,,,S,,,
818,BIDEN,"He’s a very confused guy, he thinks he’s running against somebody else.",S,,,,S,,,,S,,,
819,BIDEN,He’s running against Joe Biden.,S,,,,S,,,,S,,,
820,BIDEN,I beat all those other people because I disagreed with them.,S; EXPL,,,,S; EXPL,,,,S; EXPL,,,
821,BIDEN,"Joe Biden, he’s running against.",S,,,,S,,,,S,,,
822,BIDEN,"And the idea that we’re in a situation and are going to destroy Medicare — this is the guy that the actuary of Medicare said, ‘If in fact’ — and, social security — ‘If, in fact, he continues to withhold his plan to withhold the tax on Social Security, Social Security will be bankrupt by 2023, with no way to make up for it.",S; HS; S-Inform,,AF,,S; HS; S-Inform,,AF,,S; HS; S-Inform,,AF,
823,BIDEN,This is a guy who’s tried to cut Medicare.,S,,,,S,,,,S,,,
824,BIDEN,So I don’t know.,S,,,,S,,,,S,,,
825,BIDEN,"I mean, the idea that Donald Trump is lecturing me on Social Security and Medicare?",,,,,,,,,,,,
826,BIDEN,Come on.,IAFA,,,,IAFA,,,,IAFA,,,
827,TRUMP,He tried to get rid of —,S,,,,S,,,,S,,,
828,WELKER,"Ten seconds, Mr.",S,,,,S,,,,S,,,
829,WELKER,"President, then I have to go to another question —",S,,,,S,,,,S,,,
830,TRUMP,"— he tried to hurt Social Security years ago, years ago.",S,,,,S,,,,S,,,
831,TRUMP,Go back and look at the records.,IAFA,,,,IAFA,,,,IAFA,,,
832,TRUMP,He tried to hurt Social Security years ago.,S,,,,S,,,,S,,,
833,TRUMP,One thing —,S,,,,S,,,,S,,,
834,WELKER,"Alright, let’s move on.",S,,,,S,,,,S,,,
835,WELKER,Mr.,S,,,,S,,,,S,,,
836,WELKER,President I have to move on to the next question.,S,,,,S,,,,S,,,
837,TRUMP,They say the stock market will boom if I’m elected.,S,,,,S,,,,S,,,
838,TRUMP,"If he’s elected, the stock market will crash.",S,,,,S,,,,S,,,
839,WELKER,"OK, let’s move on to the next question.",S,,,,S,,,,S,,,
840,BIDEN,May I respond?,YNQ; TT,,,,YNQ; TT,,,,YNQ; TT,,,
841,WELKER,Very quickly.,S,,,,S,,,,S,,,
842,BIDEN,The idea that the stock market is booming is his only measure of what’s happening.,S,,,,S,,,,S,,,
843,BIDEN,"Where I come from, in Scranton and Claymont, the people don’t live off of the stock market.",S,,,,S,,,,S,,,
844,BIDEN,"Just in the last three, three years during this crisis, the billionaires in this country made, according to the Wall Street, $700 billion more dollars.",S; S-Inform,,AF,,S; S-Inform,,AF,,S; S-Inform,,AF,
845,BIDEN,$700 billion more dollars.,S; S-Inform,,,,S; S-Inform,,,,S; S-Inform,,,
846,BIDEN,Because that’s his only measure.,S; EXPL,,,,S; EXPL,,,,S; EXPL,,,
847,BIDEN,What happens to the ordinary people out there?,Q-W,,,,Q-W,,,,Q-W,,,
848,BIDEN,What happens to them?,Q-W,,,,Q-W,,,,Q-W,,,
849,TRUMP,401k’s are through the roof.,S; S-Inform,,,,S; S-Inform,,,,S; S-Inform,,,
850,TRUMP,People’s stock are through the roof —,S,,,,S,,,,S,,,
851,WELKER,We’re going to move on.,S,,,,S,,,,S,,,
852,TRUMP,And he doesn’t come from Scranton.,S,,,,S,,,,S,,,
853,TRUMP,"That’s like, what — he lived there for a short period of time before he even knew —",S,,,,S,,,,S,,,
854,WELKER,We’re gonna move on —,S,,,,S,,,,S,,,
855,TRUMP,And he left.,S,,,,S,,,,S,,,
856,TRUMP,And the people of Pennsylvania will show you that.,S,,,,S,,,,S,,,
857,WELKER,"— to my next question, gentlemen.",S,,,,S,,,,S,,,
858,WELKER,"As of tonight, more than 12 million people are out of work.",S; S-Inform,,,,S; S-Inform,,,,S; S-Inform,,,
859,WELKER,"And as of tonight, 8 million more Americans have fallen into poverty, and more families are going hungry every day.",S; S-Inform,,AE,,S; S-Inform,,AE,,S; S-Inform,,AE,
860,WELKER,Those hit hardest are women and people of color.,S,,,,S,,,,S,,,
861,WELKER,They see Washington fighting over a relief bill.,S,,,,S,,,,S,,,
862,WELKER,Mr.,S,,,,S,,,,S,,,
863,WELKER,"President, why haven’t you been able to get them the help they need?",,,,,,,,,,,,
864,WELKER,30 seconds here.,S; S-Inform,,,,S; S-Inform,,,,S; S-Inform,,,
865,TRUMP,Because Nancy Pelosi doesn’t want to approve it.,S; EXPL,,,,S; EXPL,,,,S; EXPL,,,
866,TRUMP,I do.,S,,,,S,,,,S,,,
867,WELKER,But you’re the president.,S,,,,S,,,,S,,,
868,TRUMP,I do.,S,,,,S,,,,S,,,
869,TRUMP,"But I still have to get, unfortunately — that’s one of the reasons I think we’re going to take over the House, because of her.",S; EXPL,,IP,,S; EXPL,,IP,,S; EXPL,,IP,
870,TRUMP,Nancy Pelosi doesn’t want to approve anything.,S,,,,S,,,,S,,,
871,TRUMP,Because she’d love to have some victories on a date called November 3rd.,S; EXPL; S-Inform,,,,S; EXPL; S-Inform,,,,S; EXPL; S-Inform,,,
872,TRUMP,Nancy Pelosi does not want to approve it.,S,,,,S,,,,S,,,
873,TRUMP,"We are ready, willing and able to do something.",S,,,,S,,,,S,,,
874,TRUMP,"Don’t forget, we’ve already approved three plans.",S,,,,S,,,,S,,,
875,TRUMP,"And it’s gone through, including the Democrats, in all fairness.",S,,,,S,,,,S,,,
876,TRUMP,This one she doesn’t want.,S,,,,S,,,,S,,,
877,TRUMP,"It’s near the election, because she thinks it helps her politically.",S; EXPL,,,,S; EXPL,,,,S; EXPL,,,
878,TRUMP,I think it hurts her politically.,S,,IP,,S,,IP,,S,,IP,
879,WELKER,"Alright, Mr.",S,,,,S,,,,S,,,
880,WELKER,Vice President —,S,,,,S,,,,S,,,
881,BIDEN,"You know, the Republican leader in the United States Senate said he can’t pass it — he will not be able to pass it.",S,,UF,,S,,UF,,S,,UF,
882,BIDEN,He does not have Republican votes.,S,,,,S,,,,S,,,
883,BIDEN,Why isn’t he talking to his Republican friends?,Q-W,,,,Q-W,,,,Q-W,,,
884,WELKER,"Let me follow up with you, Vice President Biden –",S,,,,S,,,,S,,,
885,TRUMP,"If we made a deal, the Republicans would pass it —",S,,,,S,,,,S,,,
886,WELKER,Let me ask Vice President Biden a question.,S,,,,S,,,,S,,,
887,WELKER,You are the leader of the Democratic Party.,S,,,,S,,,,S,,,
888,WELKER,Why have you not pushed the Democrats to get a deal for the American people?,Q-W,,AP; APAT,,Q-W,,AP; APAT,,Q-W,,AP; APAT,
889,BIDEN,"Well, I have and they have pushed it.",S,,,,S,,,,S,,,
890,BIDEN,"Look, they passed this act all the way back in the beginning of the summer.",S,,,,S,,,,S,,,
891,BIDEN,This is like — it’s not new.,S,,,,S,,,,S,,,
892,BIDEN,It’s been out there.,S,,,,S,,,,S,,,
893,BIDEN,This HEROES Act has been sitting there.,S,,,,S,,,,S,,,
894,BIDEN,And look at what’s happening.,S,,,,S,,,,S,,,
895,BIDEN,"When I was in charge of the Recovery Act with $800 billion, I was able to get $145 billion to local communities that have to balance their budget to states that have to balance their budgets, so then they have to fire fire — they have to fire firefighters, teachers, first responders, law enforcement officers, so they could keep their cities and counties running.",S; S-Inform,,,,S; S-Inform,,,,S; S-Inform,,,
896,BIDEN,He will not support that.,S,,,,S,,,,S,,,
897,BIDEN,They have not done a thing for them.,S,,,,S,,,,S,,,
898,BIDEN,"And Mitch McConnell said, ‘Let him go bankrupt.",S,,,,S,,,,S,,,
899,BIDEN,Let him go bankrupt.,S,,,,S,,,,S,,,
900,BIDEN,’ Come on.,IAFA,,,,IAFA,,,,IAFA,,,
901,BIDEN,What’s the matter with these guys.,S,,,,S,,,,S,,,
902,TRUMP,"The bill that was passed in the House was a bailout of badly run high crime, Democrat, all run by Democrats, cities and states.",S,,,,S,,,,S,,,
903,TRUMP,"It was a way of getting a lot of money, billions and billions of dollars to these cities.",S,,,,S,,,,S,,,
904,TRUMP,It was also a way of getting a lot of money from our people’s pockets to people that come into our country illegally.,S,,,,S,,,,S,,,
905,TRUMP,We were going to take care of everything for them.,S,,,,S,,,,S,,,
906,TRUMP,"And what that does, and I’d love to do that, I’d love to help them.",S,,,,S,,,,S,,,
907,TRUMP,"But what that does, everybody all over the world will start pouring into our country.",S,,,,S,,,,S,,,
908,TRUMP,We can’t do it.,S,,,,S,,,,S,,,
909,TRUMP,This was a way of taking care of them.,S,,,,S,,,,S,,,
910,TRUMP,"This was a way of spending on things that had nothing to do with COVID, as for your question, but it was really a big bailout for badly run Democrat cities and states.",S,,,,S,,,,S,,,
911,WELKER,I want —,S,,,,S,,,,S,,,
912,BIDEN,"If I get elected, I’m not gonna — I’m running as a proud Democrat, but I’m gonna be an American president.",S,,APAT,,S,,APAT,,S,,APAT,
913,BIDEN,I don’t see red states and blue states.,S,,,,S,,,,S,,,
914,BIDEN,"What I see is American, United States.",S,,APAT; UF,,S,,APAT; UF,,S,,APAT; UF,
915,BIDEN,"And folks, every single state out there finds themself in trouble.",S,,,,S,,,,S,,,
916,BIDEN,"They’re going to start laying off, whether they’re red or blue.",S,,,,S,,,,S,,,
917,BIDEN,"Cops, firefighters, first responders, teachers — because they have to balance their budget.",S; EXPL,,,,S; EXPL,,,,S; EXPL,,,
918,BIDEN,And the founders were smart.,S,,,,S,,,,S,,,
919,BIDEN,They allowed the federal government to deficit spend to compensate for the United States of America.,S,,APAT; UF,,S,,APAT; UF,,S,,APAT; UF,
920,WELKER,"I want to talk about the minimum wage, gentlemen.",S,,,,S,,,,S,,,
921,WELKER,Mr.,S,,,,S,,,,S,,,
922,WELKER,"Vice President, we are talking a lot about struggling small businesses and business owners these days.",S,,,,S,,,,S,,,
923,WELKER,Do you think this is the right time to ask them to raise the minimum wage?,YNQ,,PB,,YNQ,,PB,,YNQ,,PB,
924,WELKER,"You, of course, support a $15 minimum wage.",S; S-Inform,,,,S; S-Inform,,,,S; S-Inform,,,
925,BIDEN,"I do, because I think one of the things we’re gonna have to do is we’re gonna have to bail them out, too.",S; EXPL,,IP,,S; EXPL,,IP,,S; EXPL,,IP,
926,BIDEN,"We should be bailing them out now, those small businesses.",S,,,,S,,,,S,,,
927,BIDEN,You’ve got one in six of them going under.,S,,,,S,,,,S,,,
928,BIDEN,They’re not going to be able to make it back.,S,,,,S,,,,S,,,
929,BIDEN,"They passed a package that allows us to be able to call PPP, money’s supposed to go to help them do everything from organize how they could deal with their businesses being open safely.",S,,,,S,,,,S,,,
930,BIDEN,"Schools, how they can make classrooms smaller, how they can hire more teachers, how they can put ventilation systems in.",S,,,,S,,,,S,,,
931,BIDEN,"They need the help, the businesses, as well as the schools, need the help.",S,,,,S,,,,S,,,
932,BIDEN,"But this, these guys will not help them.",S,,,,S,,,,S,,,
933,BIDEN,He is not giving them any of the money.,S,,,,S,,,,S,,,
934,WELKER,We are going to move on to immigration —,S,,,,S,,,,S,,,
935,TRUMP,One thing very quickly.,S,,,,S,,,,S,,,
936,TRUMP,He said we have to help our small businesses — by raising the minimum wage?,,,,,,,,,,,,
937,TRUMP,That’s not helping.,S,,,,S,,,,S,,,
938,TRUMP,I think it should be a state option.,S,,IP,,S,,IP,,S,,IP,
939,TRUMP,"Alabama is different than New York, New York is different from Vermont.",S,,,,S,,,,S,,,
940,TRUMP,Every state is different.,S,,,,S,,,,S,,,
941,TRUMP,It should be a state option.,S,,,,S,,,,S,,,
942,TRUMP,"We have to help, it’s very important.",S,,,,S,,,,S,,,
943,TRUMP,We have to help our small businesses —,S,,,,S,,,,S,,,
944,WELKER,You said —,S,,,,S,,,,S,,,
945,TRUMP,How are you helping your small businesses when you’re forcing wages.,S,,,,S,,,,S,,,
946,TRUMP,What’s going to happen and what’s been proven to happen is when you do that these small businesses fire many of their employees.,S,,,,S,,,,S,,,
947,WELKER,You said very recently you would consider raising the federal minimum wage to $15 an hour —,S; S-Inform,,,,S; S-Inform,,,,S; S-Inform,,,
948,TRUMP,Say it?,,,,,,,,,,,,
949,WELKER,You said recently you would consider raising the federal minimum wage to $15 an hour.,S; S-Inform,,,,S; S-Inform,,,,S; S-Inform,,,
950,WELKER,Is that still the case?,YNQ,,,,YNQ,,,,YNQ,,,
951,TRUMP,"What I’d really like, and I would consider it to an extent.",S,,,,S,,,,S,,,
952,TRUMP,What I’d really like — in a second administration — but not to a level that’s going to put all these businesses out of business.,S,,,,S,,,,S,,,
953,TRUMP,It should be a state option.,S,,,,S,,,,S,,,
954,TRUMP,"Look, I’ve looked at different places, I know different places.",S,,,,S,,,,S,,,
955,TRUMP,They’re all different.,S,,,,S,,,,S,,,
956,TRUMP,"Some places, $15 is not so bad.",S; S-Inform,,,,S; S-Inform,,,,S; S-Inform,,,
957,TRUMP,"In other places, other states, $15 would be —",S; S-Inform,,,,S; S-Inform,,,,S; S-Inform,,,
958,WELKER,"OK, President Trump, thank you.",IAFA; THK,,,,IAFA; THK,,,,IAFA; THK,,,
959,WELKER,"Quick response, Vice President Biden.",S,,,,S,,,,S,,,
960,BIDEN,"No one should work two jobs, one job and be below poverty.",S; REJ; ANS,,,,S; REJ; ANS,,,,S; REJ; ANS,,,
961,BIDEN,"People are making 6, 7, 8 bucks an hour.",S; S-Inform,,,,S; S-Inform,,,,S; S-Inform,,,
962,BIDEN,"These first responders we all clap for as they come down the street, because they’ve allowed us to make it.",S; EXPL,,,,S; EXPL,,,,S; EXPL,,,
963,BIDEN,What’s happening?,Q-W,,,,Q-W,,,,Q-W,,,
964,BIDEN,They deserve a minimum wage of $15.,S; S-Inform,,,,S; S-Inform,,,,S; S-Inform,,,
965,BIDEN,Anything below that puts you below the poverty level.,S,,,,S,,,,S,,,
966,BIDEN,"And there is no evidence that when you raise the minimum wage, businesses go out of business.",S,,,,S,,,,S,,,
967,BIDEN,That is simply not true.,S; EXPL,,,,S; EXPL,,,,S; EXPL,,,
968,WELKER,We’re going to talk about immigration.,S,,,,S,,,,S,,,
969,WELKER,"We’re going to talk about immigration, now, gentlemen, and we’re going to talk about families within this context.",S,,AE,,S,,AE,,S,,AE,
970,WELKER,Mr.,S,,,,S,,,,S,,,
971,WELKER,"President, your administration separated children from their parents at the border, at least 4000 kids.",S; S-Inform,,AE,,S; S-Inform,,AE,,S; S-Inform,,AE,
972,WELKER,"You’ve since reversed your zero tolerance policy, but the United States can’t locate the parents of more than 500 children.",S; S-Inform,,AE; UF,,S; S-Inform,,AE; UF,,S; S-Inform,,AE; UF,
973,WELKER,So how will these families ever be reunited?,,,AE,,,,AE,,,,AE,
974,TRUMP,"Children are brought here by coyotes and lots of bad people, cartels, and they’re brought here and they used to use them to get into our country.",S,,AE,,S,,AE,,S,,AE,
975,TRUMP,We now have a stronger border as we’ve ever had.,S,,,,S,,,,S,,,
976,TRUMP,"We’re over 400 miles of brand new wall, you see the numbers, and we let people in, but they have to come in legally and they come in through –",S; S-Inform,,,,S; S-Inform,,,,S; S-Inform,,,
977,WELKER,But how will you reunite these kids with their families?,,,AE,,,,AE,,,,AE,
978,TRUMP,Let me just tell you.,S,,,,S,,,,S,,,
979,TRUMP,They built cages.,S,,,,S,,,,S,,,
980,TRUMP,"You know, they used to say I built the cages.",S,,IT,,S,,IT,,S,,IT,
981,TRUMP,And then they had a picture in a certain newspaper.,S,,,,S,,,,S,,,
982,TRUMP,"There was a picture of these horrible cages and they said, ‘Look at these cages, President Trump built them.",S,,,,S,,,,S,,,
983,TRUMP,’ And then it was determined they were built in 2014.,S; HS; S-Inform,,,,S; HS; S-Inform,,,,S; HS; S-Inform,,,
984,TRUMP,That was him.,S,,,,S,,,,S,,,
985,WELKER,Do you have a plan to reunite the kids?,YNQ,,,,YNQ,,,,YNQ,,,
986,TRUMP,"Yes, we’re working on it very — we’re trying very hard.",S; ANS,,,,S; ANS,,,,S; ANS,,,
987,TRUMP,"But a lot of these kids come out without the parents, they come over through cartels and through coyotes and through gangs.",S,,,,S,,,,S,,,
988,WELKER,"Vice President Biden, let me bring you into this conversation.",S,,,,S,,,,S,,,
989,WELKER,Quick response and then another question to you.,S,,,,S,,,,S,,,
990,BIDEN,These 500 plus kids came with parents.,S; S-Inform,,,,S; S-Inform,,,,S; S-Inform,,,
991,BIDEN,They separated them at the border to make it a disincentive to come to begin with.,S,,,,S,,,,S,,,
992,BIDEN,"Big, real tough, we’re really strong.",S,,,,S,,,,S,,,
993,BIDEN,And guess what?,,,,,,,,,,,,
994,BIDEN,"They cannot — it’s not, coyotes didn’t bring them over, their parents were with them.",S,,,,S,,,,S,,,
995,BIDEN,They got separated from their parents.,S,,,,S,,,,S,,,
996,BIDEN,And it makes us a laughingstock and violates every notion of who we are as a nation.,S,,,,S,,,,S,,,
997,WELKER,Let me ask you a follow up —,S,,,,S,,,,S,,,
998,TRUMP,"Kristen, they did it, we changed the policy.",S,,,,S,,,,S,,,
999,TRUMP,They did it.,S,,,,S,,,,S,,,
1000,TRUMP,We changed it.,S,,,,S,,,,S,,,
1001,TRUMP,They set the cages.,S,,,,S,,,,S,,,
1002,TRUMP,Who built the cages?,Q-W,,,,Q-W,,,,Q-W,,,
1003,BIDEN,So let’s talk about —,S,,,,S,,,,S,,,
1004,TRUMP,"Who built the cages, Joe?",Q-W,,,,Q-W,,,,Q-W,,,
1005,BIDEN,Let’s talk about what we’re talking about.,S,,,,S,,,,S,,,
1006,BIDEN,What happened?,Q-W,,,,Q-W,,,,Q-W,,,
1007,BIDEN,Parents were ripped — their kids were ripped from their arms and separated.,S,,,,S,,,,S,,,
1008,BIDEN,And now they cannot find over 500 sets of those parents and those kids are alone.,S; S-Inform,,,,S; S-Inform,,,,S; S-Inform,,,
1009,BIDEN,"Nowhere to go, nowhere to go.",IAFA,,,,IAFA,,,,IAFA,,,
1010,BIDEN,It’s criminal.,S,,,,S,,,,S,,,
1011,BIDEN,It’s criminal.,S,,,,S,,,,S,,,
1012,WELKER,Let me ask you —,S,,,,S,,,,S,,,
1013,TRUMP,"Kristen, I will say this.",S,,,,S,,,,S,,,
1014,TRUMP,"They went down, we brought reporters and everything.",S,,,,S,,,,S,,,
1015,TRUMP,They are so well taken care of.,S,,,,S,,,,S,,,
1016,TRUMP,They’re in facilities that were so clean —,S,,,,S,,,,S,,,
1017,WELKER,But some of them haven’t been reunited —,S,,,,S,,,,S,,,
1018,TRUMP,But just ask one question.,IAFA,,,,IAFA,,,,IAFA,,,
1019,TRUMP,Who built the cages?,Q-W,,,,Q-W,,,,Q-W,,,
1020,TRUMP,"I’d love you to ask that, who built the cages?",,,,,,,,,,,,
1021,WELKER,"Let me ask about your immigration policy, Mr.",S,,,,S,,,,S,,,
1022,WELKER,Vice President.,S,,,,S,,,,S,,,
1023,WELKER,"The Obama administration did fail to deliver immigration reform, which had been a key promise during the administration.",S,,,,S,,,,S,,,
1024,WELKER,It also presided over record deportations as well as family detentions at the border before changing course.,S,,,,S,,,,S,,,
1025,WELKER,So why should voters trust you with an immigration overhaul now?,,,,,,,,,,,,
1026,BIDEN,Because we made a mistake.,S; EXPL,,,,S; EXPL,,,,S; EXPL,,,
1027,BIDEN,It took too long to get it right.,S,,,,S,,,,S,,,
1028,BIDEN,Took too long to get it right.,S,,,,S,,,,S,,,
1029,BIDEN,"I’ll be President of the United States, not Vice President of the United States.",S,,UF,,S,,UF,,S,,UF,
1030,BIDEN,"And the fact is, I’ve made it very clear, within 100 days, I’m going to send to the United States Congress a pathway to citizenship for over 11 million undocumented people.",S; S-Inform,,UF,,S; S-Inform,,UF,,S; S-Inform,,UF,
1031,BIDEN,"And all those so called Dreamers, those DACA kids, they’re going to be immediately certified again, to be able to stay in this country, and put on a path to citizenship.",S,,,,S,,,,S,,,
1032,BIDEN,"The idea that they are being sent home by this guy, and they want to do that, is they go to a country they’ve never seen before.",S,,,,S,,,,S,,,
1033,BIDEN,"I can imagine you’re five years old, your parents are taking you across the Rio Grande River and it’s and it’s illegal.",S,,,,S,,,,S,,,
1034,BIDEN,"You say ‘Oh, no, Mom, leave me here.",S,,,,S,,,,S,,,
1035,BIDEN,I’m not gonna go with you.,S,,,,S,,,,S,,,
1036,BIDEN,’ They’ve been here.,S,,,,S,,,,S,,,
1037,BIDEN,Many of them are model citizens.,S,,,,S,,,,S,,,
1038,BIDEN,"Over 20,000 of them are first responders out there taking care of people during this crisis.",S; S-Inform,,AF,,S; S-Inform,,AF,,S; S-Inform,,AF,
1039,BIDEN,We owe them.,S,,,,S,,,,S,,,
1040,BIDEN,We owe them.,S,,,,S,,,,S,,,
1041,WELKER,"President Trump, your response.",S,,,,S,,,,S,,,
1042,TRUMP,"Kristen, he had eight years to do what he said he was going to do.",S,,,,S,,,,S,,,
1043,TRUMP,"And I’ve changed without having a specific — we got rid of catch and release, we got rid of a lot of horrible things that they put in and that they lived with.",S,,,,S,,,,S,,,
1044,TRUMP,But he had eight years he was vice president.,S,,,,S,,,,S,,,
1045,TRUMP,He did nothing except build cages to keep children in.,S,,AE,,S,,AE,,S,,AE,
1046,WELKER,"Vice President Biden, your response?",,,,,,,,,,,,
1047,BIDEN,Wrong.,S,,,,S,,,,S,,,
1048,BIDEN,"The catch and release, you know what he’s talking about there?",,,,,,,,,,,,
1049,BIDEN,"If in fact, you had a family, came across, they’re arrested.",S,,,,S,,,,S,,,
1050,BIDEN,"They, in fact, were given a date to show up for their hearing.",S,,,,S,,,,S,,,
1051,BIDEN,They were released.,S,,,,S,,,,S,,,
1052,BIDEN,"And guess what, they showed up for a hearing.",S,,,,S,,,,S,,,
1053,BIDEN,This is the first President in the history of the United States of America that anybody seeking asylum has to do it in another country.,S,,APAT; UF,,S,,APAT; UF,,S,,APAT; UF,
1054,BIDEN,That’s never happened before in America.,S,,APAT,,S,,APAT,,S,,APAT,
1055,BIDEN,That’s never happened before in America.,S,,APAT,,S,,APAT,,S,,APAT,
1056,BIDEN,You come to the United States and you make your case.,S,,UF,,S,,UF,,S,,UF,
1057,BIDEN,"That I seek asylum based on the following premise, why I deserve it under American law.",S,,APAT,,S,,APAT,,S,,APAT,
1058,BIDEN,They’re sitting in squalor on the other side of the river.,S,,PB,,S,,PB,,S,,PB,
1059,WELKER,"President Trump, there is —",S,,,,S,,,,S,,,
1060,TRUMP,It’s so important.,S,,,,S,,,,S,,,
1061,TRUMP,It just shows that he has no understanding of immigration or the laws.,S,,,,S,,,,S,,,
1062,TRUMP,Catch and release is a disaster.,S,,AF,,S,,AF,,S,,AF,
1063,TRUMP,"A murderer would come in, a rapist would come in, a very bad person would come in — we would take their name, we have to release them into our country.",S,,,,S,,,,S,,,
1064,TRUMP,And then you say they come back.,S,,,,S,,,,S,,,
1065,TRUMP,Less than 1% of the people come back.,S; S-Inform,,,,S; S-Inform,,,,S; S-Inform,,,
1066,BIDEN,Not true.,S,,,,S,,,,S,,,
1067,TRUMP,We have to send ICE out and Border Patrol out to find them.,S,,,,S,,,,S,,,
1068,TRUMP,"We would say, ‘Come back in two years, three years — we’re going to give you a court case.",S,,,,S,,,,S,,,
1069,TRUMP,"You did Perry Mason, we’re going to give you a court case.",S,,,,S,,,,S,,,
1070,TRUMP,"When you say they come back, they don’t come back, Joe.",S,,,,S,,,,S,,,
1071,TRUMP,They never come back.,S,,,,S,,,,S,,,
1072,TRUMP,"Only the really — I hate to say this — but those with the lowest IQ, they might come back.",S,,,,S,,,,S,,,
1073,TRUMP,But there are very very few.,IAFA,,,,IAFA,,,,IAFA,,,
1074,WELKER,"OK, President Trump, let’s give Vice President Biden a chance to respond, and then we’re going to move on to the next section.",S,,,,S,,,,S,,,
1075,TRUMP,"You don’t know the law, Joe.",S,,,,S,,,,S,,,
1076,WELKER,"Vice President Biden, your response.",S,,,,S,,,,S,,,
1077,BIDEN,I know the law.,S,,,,S,,,,S,,,
1078,BIDEN,What he’s telling you is simply not true.,S,,,,S,,,,S,,,
1079,TRUMP,They don’t come back.,S,,,,S,,,,S,,,
1080,BIDEN,Check it out.,IAFA,,,,IAFA,,,,IAFA,,,
1081,WELKER,"Alright, let’s move on —",S,,,,S,,,,S,,,
1082,TRUMP,But we don’t have to worry about it because I terminated it.,S; EXPL,,,,S; EXPL,,,,S; EXPL,,,
1083,TRUMP,So we don’t have to worry about it.,S,,,,S,,,,S,,,
1084,WELKER,"Alright, let’s move on to the next section —",S,,,,S,,,,S,,,
1085,BIDEN,You have 525 kids not knowing where in God’s name they’re going to be and lost their parents.,S; S-Inform,,,,S; S-Inform,,,,S; S-Inform,,,
1086,TRUMP,Go ahead.,IAFA,,,,IAFA,,,,IAFA,,,
1087,WELKER,Alright.,S,,,,S,,,,S,,,
1088,WELKER,"Let’s talk about our next section, which is race in America.",S,,APAT; RB,,S,,APAT; RB,,S,,APAT; RB,
1089,WELKER,And I want to talk about the way Black and Brown Americans experience race in this country.,S,,RB,,S,,RB,,S,,RB,
1090,WELKER,Part of that experience is something called “the talk.,S,,,,S,,,,S,,,
1091,WELKER,"” It happens regardless of class and income — parents who feel they have no choice but to prepare their children for the chance that they could be targeted, including by the police, for no reason other than the color of their skin.",S,,AE; UF,,S,,AE; UF,,S,,AE; UF,
1092,WELKER,Mr.,S,,,,S,,,,S,,,
1093,WELKER,"Vice President, in the next two minutes, I want you to speak directly to these families.",S,,AE,,S,,AE,,S,,AE,
1094,WELKER,Do you understand why these parents fear for their children?,YNQ,,AE,,YNQ,,AE,,YNQ,,AE,
1095,BIDEN,I do.,S,,,,S,,,,S,,,
1096,BIDEN,I do.,S,,,,S,,,,S,,,
1097,BIDEN,"You know, my daughter is a social worker.",S,,,,S,,,,S,,,
1098,BIDEN,And she’s written a lot about this.,S,,,,S,,,,S,,,
1099,BIDEN,She has a graduate degree from the University of Pennsylvania in social work.,S,,,,S,,,,S,,,
1100,BIDEN,"And you know, one of the reasons why I ended up working on the East side of Wilmington, Delaware, which is 90 percent African American, was to learn more about what was going on.",S; S-Inform,,APAT; RB,,S; S-Inform,,APAT; RB,,S; S-Inform,,APAT; RB,
1101,BIDEN,"What I didn’t — I never had to tell my daughter if she’s pulled over, make sure she puts, for a traffic stop, put both hands on top of the wheel.",S,,,,S,,,,S,,,
1102,BIDEN,And don’t reach for the glove box because someone may shoot you.,S; EXPL,,,,S; EXPL,,,,S; EXPL,,,
1103,BIDEN,"But a Black parent, no matter how wealthy or how poor they are, has to teach their child, when you’re walking down the street, don’t have a hoodie on when you go across the street, making sure that you, in fact, if you get pulled over, yes sir, no sir, hands on top of the wheel.",S,,,,S,,,,S,,,
1104,BIDEN,"Because you are in fact, a victim, whether you’re a person making 300,000 — $300,000-a-year person, or someone who’s on food stamps.",S; EXPL; S-Inform,,,,S; EXPL; S-Inform,,,,S; EXPL; S-Inform,,,
1105,BIDEN,The fact of the matter is there is institutional racism in America.,S,,APAT,,S,,APAT,,S,,APAT,
1106,BIDEN,And we have always said — we’ve never lived up to it.,S,,,,S,,,,S,,,
1107,BIDEN,"That we hold these truths to be self-evident, all men and women are created equal.",S,,,,S,,,,S,,,
1108,BIDEN,But guess what — we have never ever lived up to it.,S,,,,S,,,,S,,,
1109,BIDEN,"But we have constantly been moving the needle further and further to inclusion, not exclusion.",S,,,,S,,,,S,,,
1110,BIDEN,This is the first president come along and says that’s the end of that.,S,,,,S,,,,S,,,
1111,BIDEN,We’re not going to do that anymore.,S,,,,S,,,,S,,,
1112,BIDEN,"We have to provide for economic opportunity, better education, better health care, better access to schooling, better access to opportunity to borrow money to start businesses.",S,,,,S,,,,S,,,
1113,BIDEN,All the things we can do.,S,,,,S,,,,S,,,
1114,BIDEN,And I’ve laid out a clear plan as to how to do those things.,S,,,,S,,,,S,,,
1115,BIDEN,Just to give people a shot.,IAFA,,,,IAFA,,,,IAFA,,,
1116,BIDEN,"It’s about accumulating the ability to have wealth, as well as it is to be free from violence.",S,,,,S,,,,S,,,
1117,WELKER,"President Trump, same question to you.",S,,,,S,,,,S,,,
1118,WELKER,"And let me remind you of the question, I would like you to speak directly to these families.",S,,AE,,S,,AE,,S,,AE,
1119,WELKER,Do you understand why these parents fear for their children?,YNQ,,AE,,YNQ,,AE,,YNQ,,AE,
1120,TRUMP,"Yes, I do.",S; ANS,,,,S; ANS,,,,S; ANS,,,
1121,TRUMP,"And again, he’s been in government 47 years.",S; S-Inform,,,,S; S-Inform,,,,S; S-Inform,,,
1122,TRUMP,"He never did a thing except in 1994, when he did such harm to the Black community.",S; HS; S-Inform,,RB,,S; HS; S-Inform,,RB,,S; HS; S-Inform,,RB,
1123,TRUMP,"And they were called, and he called them, super predators.",S,,,,S,,,,S,,,
1124,TRUMP,"And he said that, he said it — super predators.",S,,,,S,,,,S,,,
1125,TRUMP,And they have never lived that down.,S,,,,S,,,,S,,,
1126,TRUMP,"1994, your crime bill, the super predators.",S; HS; S-Inform,,,,S; HS; S-Inform,,,,S; HS; S-Inform,,,
1127,TRUMP,Nobody has done more for the Black community than Donald Trump.,S,,RB,,S,,RB,,S,,RB,
1128,TRUMP,"And if you look, with the exception of Abraham Lincoln–possible exception, but the exception of Abraham Lincoln, nobody has done what I’ve done.",S,,,,S,,,,S,,,
1129,TRUMP,"Criminal justice reform, Obama and Joe didn’t do it.",S,,,,S,,,,S,,,
1130,TRUMP,I don’t even think they tried because they had no chance at doing it.,S; EXPL,,,,S; EXPL,,,,S; EXPL,,,
1131,TRUMP,They might have wanted to do it.,S,,,,S,,,,S,,,
1132,TRUMP,"But if you had to see the arms I had a twist to get that done, it was not a pretty picture.",S,,,,S,,,,S,,,
1133,TRUMP,And everybody knows it including some very liberal people that cried in my office–they cried in the Oval Office.,S,,,,S,,,,S,,,
1134,TRUMP,"Two weeks later, they’re out saying, ‘Gee, we have to defeat him.",S,,,,S,,,,S,,,
1135,TRUMP,"’ Criminal justice reform, prison reform, opportunity zones with Tim Scott, a great senator from South Carolina.",S,,,,S,,,,S,,,
1136,TRUMP,He came in with this incredible idea for opportunity zones.,S,,,,S,,,,S,,,
1137,TRUMP,It’s one of the most successful programs.,S,,,,S,,,,S,,,
1138,TRUMP,People don’t talk about it.,S,,,,S,,,,S,,,
1139,TRUMP,Tremendous investment is being made.,S,,,,S,,,,S,,,
1140,TRUMP,"Biggest beneficiary, the Black and Hispanic communities and then historically Black colleges and universities.",S,,RB,,S,,RB,,S,,RB,
1141,TRUMP,"After three years of coming to the office, I love some of those guys, they were great, they came into the office.",S,,,,S,,,,S,,,
1142,TRUMP,"And they said– I said, ‘What are you doing after three years?",,,,,,,,,,,,
1143,TRUMP,"’ I said, ‘Why do you keep coming back?",,,,,,,,,,,,
1144,TRUMP,’ ‘Because we have no funding’.,S; EXPL,,,,S; EXPL,,,,S; EXPL,,,
1145,TRUMP,"I said, ‘You don’t have to come back every year’, ‘We have to come back’, because President Obama would never give them long term funding.",S; EXPL; S-Inform,,,,S; EXPL; S-Inform,,,,S; EXPL; S-Inform,,,
1146,TRUMP,And I did.,S,,,,S,,,,S,,,
1147,TRUMP,"Ten-year, long term funding, and I gave them more money than they asked for, because I said, ‘I think you need more’.",S; EXPL; S-Inform,,IP,,S; EXPL; S-Inform,,IP,,S; EXPL; S-Inform,,IP,
1148,TRUMP,"And I said, ‘The only bad part about this is I may never see you again’, because I got very friendly with them and they like me and I like them.",S; EXPL,,,,S; EXPL,,,,S; EXPL,,,
1149,TRUMP,But I saved historically black colleges and universities.,S,,IT,,S,,IT,,S,,IT,
1150,WELKER,OK.,S; ACK,,,,S; ACK,,,,S; ACK,,,
1151,WELKER,"And we’re going to talk about both of your records, but your response to that Vice President?",,,,,,,,,,,,
1152,BIDEN,"My response to that is I never, ever said what he accused me of saying.",S; EXPL,,,,S; EXPL,,,,S; EXPL,,,
1153,BIDEN,"The fact of the matter is, in 2000 though, after the crime bill had been in the law for a while, this is the guy who said, ‘The problem with the crime bill, there’s not enough people in jail.",S; HS; S-Inform,,,,S; HS; S-Inform,,,,S; HS; S-Inform,,,
1154,BIDEN,"There’s not enough people in jail,’ and go on my website, get the quote, the date when he said it, ‘not enough people’.",S,,,,S,,,,S,,,
1155,BIDEN,"He talked about marauding gangs, young gangs, the people who are going to maraud our cities.",S,,,,S,,,,S,,,
1156,BIDEN,"This is a guy who when the Central Park five, five innocent Black kids, he continued to push for making sure that they got the death penalty.",S,,,,S,,,,S,,,
1157,BIDEN,"None of them were — none of them were guilty of what the crime, of the crimes that were suggested.",S,,,,S,,,,S,,,
1158,BIDEN,"Look, and talk about he, granted, he did in fact let 20 people — he commuted 20 people’s sentences.",S; S-Inform,,,,S; S-Inform,,,,S; S-Inform,,,
1159,BIDEN,"We commuted over 1,000 people’s sentences.",S; S-Inform,,,,S; S-Inform,,,,S; S-Inform,,,
1160,BIDEN,"Over 1,000.",S; S-Inform,,,,S; S-Inform,,,,S; S-Inform,,,
1161,BIDEN,"The very law he’s talking about is a law that, in fact, initiated by Barack Obama.",S,,,,S,,,,S,,,
1162,BIDEN,"And secondly, we’re in a situation here where we — the federal prison system was reduced by 38,000 people under our administration.",S; S-Inform,,,,S; S-Inform,,,,S; S-Inform,,,
1163,BIDEN,"And one of these things we should be doing is there should be no, no minimum mandatories in the law.",S,,,,S,,,,S,,,
1164,BIDEN,That’s why I’m offering $20 billion to states to change their state laws to eliminate minimum mandatories and set up drug courts.,S; S-Inform,,,,S; S-Inform,,,,S; S-Inform,,,
1165,BIDEN,No one should be going to jail because they have a drug problem.,S; REJ; EXPL; ANS,,,,S; REJ; EXPL; ANS,,,,S; REJ; EXPL; ANS,,,
1166,BIDEN,"They should be going to rehabilitation, not to jail.",S,,,,S,,,,S,,,
1167,BIDEN,We should fundamentally change the system and that’s what I’m going to do.,S,,,,S,,,,S,,,
1168,TRUMP,But why didn’t he do it four years ago?,,,,,,,,,,,,
1169,TRUMP,"Why didn’t you do that four years ago, even less than that?",Q-W,,,,Q-W,,,,Q-W,,,
1170,TRUMP,Why didn’t you–,S,,,,S,,,,S,,,
1171,BIDEN,I am not–,S,,,,S,,,,S,,,
1172,TRUMP,You were vice president.,S,,,,S,,,,S,,,
1173,TRUMP,You keep talking about all these things you’re going to do and you’re going to do this.,S,,,,S,,,,S,,,
1174,TRUMP,But you were there just a short time ago and you guys did nothing.,S,,,,S,,,,S,,,
1175,BIDEN,We did–,S,,,,S,,,,S,,,
1176,TRUMP,"You know, Joe, I ran because of you.",S; EXPL,,,,S; EXPL,,,,S; EXPL,,,
1177,TRUMP,"I ran because of Barack Obama, because you did a poor job.",S; EXPL,,,,S; EXPL,,,,S; EXPL,,,
1178,TRUMP,"If I thought you did a good job, I would have never run.",S,,,,S,,,,S,,,
1179,TRUMP,I would’ve never run.,S,,,,S,,,,S,,,
1180,TRUMP,I ran because of you.,S; EXPL,,,,S; EXPL,,,,S; EXPL,,,
1181,TRUMP,"I’m looking at you now, you’re a politician.",S,,,,S,,,,S,,,
1182,TRUMP,I ran because of you.,S; EXPL,,,,S; EXPL,,,,S; EXPL,,,
1183,WELKER,"Alright, Vice President Biden, your response to that?",,,,,,,,,,,,
1184,WELKER,And then I do have some questions for both of you.,S,,,,S,,,,S,,,
1185,BIDEN,"Well, I’ll tell you what, I hope he does look at me because what’s happening here is you know who I am, you know who he is, you know his character, you know my character, you know our reputations for honor and telling the truth.",S; EXPL,,,,S; EXPL,,,,S; EXPL,,,
1186,BIDEN,I am anxious to have this race.,S,,RB,,S,,RB,,S,,RB,
1187,BIDEN,I’m anxious to see this take place.,S,,,,S,,,,S,,,
1188,BIDEN,I am — the character of the country is on the ballot.,S,,,,S,,,,S,,,
1189,BIDEN,Our character is on the ballot.,S,,,,S,,,,S,,,
1190,BIDEN,Look at us closely.,IAFA,,,,IAFA,,,,IAFA,,,
1191,WELKER,Let me ask them some follow–,S,,,,S,,,,S,,,
1192,TRUMP,Excuse me–,IAFA; TT,,,,IAFA; TT,,,,IAFA; TT,,,
1193,WELKER,Please respond and then we’re gonna have follow up questions.,S,,,,S,,,,S,,,
1194,TRUMP,"If this stuff is true about Russia, Ukraine, China, other countries, Iraq — If this is true, then he’s a corrupt politician.",S,,,,S,,,,S,,,
1195,TRUMP,So don’t give me the stuff about how you’re this innocent baby.,S,,,,S,,,,S,,,
1196,TRUMP,"Joe, they’re calling you a corrupt politician–",S,,,,S,,,,S,,,
1197,BIDEN,Nobody says–,S,,,,S,,,,S,,,
1198,WELKER,"President Trump, I want to stay on the issue of race.",S,,RB,,S,,RB,,S,,RB,
1199,WELKER,We’re talking about the issue–,S,,,,S,,,,S,,,
1200,TRUMP,It’s the laptop from hell.,S,,,,S,,,,S,,,
1201,WELKER,"President Trump, we’re talking about race right now and I do want to stay on the issue of race.",S,,RB,,S,,RB,,S,,RB,
1202,WELKER,President Trump—,S,,,,S,,,,S,,,
1203,BIDEN,"Nobody– Kristen, I have to respond to that.",S,,,,S,,,,S,,,
1204,WELKER,"Please, very quickly.",S,,,,S,,,,S,,,
1205,BIDEN,"Look, there are 50 former national intelligence folks who said that what this, he’s accusing me of is a Russian plan.",S; S-Inform,,,,S; S-Inform,,,,S; S-Inform,,,
1206,BIDEN,"They have said that this has all the characteristics — four– five former heads of the CIA, both parties, say what he’s saying is a bunch of garbage.",S,,,,S,,,,S,,,
1207,BIDEN,Nobody believes it except him and his good friend Rudy Giuliani.,S,,,,S,,,,S,,,
1208,TRUMP,"You mean, the laptop is now another Russia, Russia, Russia hoax?",,,,,,,,,,,,
1209,TRUMP,You gotta be–,S,,,,S,,,,S,,,
1210,BIDEN,That’s exactly what — That’s exactly what–,S; AGR,,,,S; AGR,,,,S; AGR,,,
1211,TRUMP,Is this where you’re going?,YNQ,,,,YNQ,,,,YNQ,,,
1212,TRUMP,This is where he’s going.,S,,,,S,,,,S,,,
1213,TRUMP,"The laptop is Russia, Russia, Russia?",,,,,,,,,,,,
1214,WELKER,"Gentleman, I want to stay on the issue of race, okay —",S,,RB,,S,,RB,,S,,RB,
1215,TRUMP,You have to be kidding.,S,,,,S,,,,S,,,
1216,TRUMP,Here we go again with Russia.,S,,,,S,,,,S,,,
1217,TRUMP,Boy oh boy.,S,,,,S,,,,S,,,
1218,WELKER,We’re going to continue on the issue of race.,S,,RB,,S,,RB,,S,,RB,
1219,WELKER,Mr.,S,,,,S,,,,S,,,
1220,WELKER,"President, you’ve described the Black Lives Matter movement as a symbol of hate.",S,,,,S,,,,S,,,
1221,WELKER,You’ve shared a video of a man chanting white power to millions of your supporters.,S,,RB,,S,,RB,,S,,RB,
1222,WELKER,You’ve said that Black professional athletes exercising their first amendment rights should be fired.,S,,,,S,,,,S,,,
1223,WELKER,What do you say to Americans who say that kind of language from a president is contributing to a climate of hate and racial strife?,Q-W; TG,,RB,,Q-W; TG,,RB,,Q-W; TG,,RB,
1224,TRUMP,"Well you have to understand the first time I ever heard of Black Lives Matter they were chanting ‘pigs in a blanket’, talking about police, ‘pigs, pigs’, talking about our police, ‘pigs in a blanket, fry’ em like bacon’.",S,,,,S,,,,S,,,
1225,TRUMP,"I said, ‘That’s a horrible thing’.",S,,,,S,,,,S,,,
1226,TRUMP,And they were marching down the street.,S,,,,S,,,,S,,,
1227,TRUMP,And that was my first glimpse of Black Lives Matter.,S,,,,S,,,,S,,,
1228,TRUMP,I thought it was a terrible thing.,S,,,,S,,,,S,,,
1229,TRUMP,"As far as my relationships with all people, I think I have great relationships with all people.",S,,IP,,S,,IP,,S,,IP,
1230,TRUMP,I am the least racist person in this room.,S,,,,S,,,,S,,,
1231,WELKER,What do you say to Americans who are concerned by that rhetoric?,Q-W; TG,,,,Q-W; TG,,,,Q-W; TG,,,
1232,TRUMP,"I don’t, I don’t know what to say.",S,,,,S,,,,S,,,
1233,TRUMP,"I got criminal justice reform done, and prison reform, and opportunity zones.",S,,,,S,,,,S,,,
1234,TRUMP,I took care of Black colleges and universities.,S,,,,S,,,,S,,,
1235,TRUMP,I don’t know what to say.,S,,,,S,,,,S,,,
1236,TRUMP,They can say anything.,S,,,,S,,,,S,,,
1237,TRUMP,"I mean, they can say anything.",S,,,,S,,,,S,,,
1238,TRUMP,It’s a very — it makes me sad because I am the least racist person.,S; EXPL,,,,S; EXPL,,,,S; EXPL,,,
1239,TRUMP,"I can’t even see the audience because it’s so dark, but I don’t care who’s in the audience.",S; EXPL,,,,S; EXPL,,,,S; EXPL,,,
1240,TRUMP,I’m the least racist person in this room.,S,,,,S,,,,S,,,
1241,WELKER,OK.,S; ACK,,,,S; ACK,,,,S; ACK,,,
1242,WELKER,"Vice President Biden, let me ask you – very quickly, and then I have a follow up question for you.",S,,,,S,,,,S,,,
1243,BIDEN,Abraham Lincoln here is one of the most racist presidents we’ve had in modern history.,S,,,,S,,,,S,,,
1244,BIDEN,"He pours fuel on every single racist fire, every single one.",S,,,,S,,,,S,,,
1245,BIDEN,He started off his campaign coming down the escalator saying he’s gonna get rid of those Mexican rapists.,S,,,,S,,,,S,,,
1246,BIDEN,He’s banned Muslims because they’re Muslims.,S; EXPL,,,,S; EXPL,,,,S; EXPL,,,
1247,BIDEN,He has moved around and made everything worse across the board.,S,,,,S,,,,S,,,
1248,BIDEN,"He says to them about the ‘Poor Boys’, last time we were on stage here.",S,,,,S,,,,S,,,
1249,BIDEN,"He said, ‘I told him to stand down and stand ready’.",S,,,,S,,,,S,,,
1250,BIDEN,Come on.,IAFA,,,,IAFA,,,,IAFA,,,
1251,BIDEN,This guy has a dog whistle about as big as a fog horn.,S,,,,S,,,,S,,,
1252,WELKER,"President Trump, I’m going to give you 10 seconds to respond and then I have a follow up question.",S; S-Inform,,,,S; S-Inform,,,,S; S-Inform,,,
1253,TRUMP,He made a reference to Abraham Lincoln.,S,,,,S,,,,S,,,
1254,TRUMP,Where did that come in?,Q-W,,,,Q-W,,,,Q-W,,,
1255,TRUMP,I mean —,S,,,,S,,,,S,,,
1256,BIDEN,You said you were Abraham Lincoln.,S,,,,S,,,,S,,,
1257,TRUMP,"No, no.",S; REJ; ANS,,,,S; REJ; ANS,,,,S; REJ; ANS,,,
1258,TRUMP,"Where did that – no no, I said not since Abraham Lincoln has anybody done what I’ve done for the Black community.",S,,RB,,S,,RB,,S,,RB,
1259,TRUMP,I didn’t say ‘I’m Abraham Lincoln’.,S,,,,S,,,,S,,,
1260,TRUMP,"I said, ‘Not since Abraham Lincoln has anybody done but what I’ve done for the Black community’.",S,,RB,,S,,RB,,S,,RB,
1261,TRUMP,"Now you have done nothing other than the crime bill, which put–",S,,,,S,,,,S,,,
1262,BIDEN,"Oh, God.",S,,,,S,,,,S,,,
1263,TRUMP,"Tens of thousands of Black men, mostly, in jail.",S,,,,S,,,,S,,,
1264,TRUMP,And you know what?,,,,,,,,,,,,
1265,TRUMP,"They remember it because if you look at what’s happening with the voting right now, they remember that you treated them very, very badly.",S; EXPL,,,,S; EXPL,,,,S; EXPL,,,
1266,TRUMP,Just take a look at what’s happening out there.,S,,,,S,,,,S,,,
1267,WELKER,"Vice President Biden, let me give you a chance to respond within this context.",S,,,,S,,,,S,,,
1268,WELKER,Crime bills that you supported in the 80s and 90s contributed to the incarceration of tens of thousands of young Black men who had small amounts of drugs in their possession.,S; S-Inform,,,,S; S-Inform,,,,S; S-Inform,,,
1269,WELKER,"They are sons, they are brothers, they are fathers, they’re uncles whose families are still to this day, some of them, suffering the consequences.",S,,AE,,S,,AE,,S,,AE,
1270,WELKER,"So speak to those families, why should they vote for you?",,,AE,,,,AE,,,,AE,
1271,BIDEN,"One of the things is that in the ’80s, we passed 100%, all 100 senators voted for it, a bill on drugs and how to deal with drugs.",S; S-Inform,,,,S; S-Inform,,,,S; S-Inform,,,
1272,BIDEN,It was a mistake.,S,,,,S,,,,S,,,
1273,BIDEN,"I’ve been trying to change it since then, particularly the portion on cocaine.",S,,,,S,,,,S,,,
1274,BIDEN,"That’s why I’ve been arguing that, in fact, we should not send anyone to jail for a pure drug offense.",S,,,,S,,,,S,,,
1275,BIDEN,They should be going into treatment across the board.,S,,,,S,,,,S,,,
1276,BIDEN,That’s what we should be spending money on.,S,,,,S,,,,S,,,
1277,BIDEN,That’s why I set up drug courts which were never funded by Republican friends.,S,,,,S,,,,S,,,
1278,BIDEN,They should not be going to jail for a drug or an alcohol problem.,S,,,,S,,,,S,,,
1279,BIDEN,They should be going into treatment.,S,,,,S,,,,S,,,
1280,BIDEN,Treatment.,S,,,,S,,,,S,,,
1281,BIDEN,That’s what we’ve been trying to do.,S,,,,S,,,,S,,,
1282,BIDEN,"That’s what I’m going to get done because the American people have now seen that in fact, it was a mistake to pass those laws related to drugs.",S; EXPL,,AP; APAT,,S; EXPL,,AP; APAT,,S; EXPL,,AP; APAT,
1283,BIDEN,But they were not in the crime bill.,S,,,,S,,,,S,,,
1284,TRUMP,But why didn’t he get it done?,,,,,,,,,,,,
1285,TRUMP,"See, it’s all talk, no action with these politicians.",S,,,,S,,,,S,,,
1286,TRUMP,Why didn’t he get it done?,Q-W,,,,Q-W,,,,Q-W,,,
1287,TRUMP,‘That’s what I’m gonna do when I become president’.,S,,,,S,,,,S,,,
1288,TRUMP,"You were vice president, along with Obama as your President, your leader, for eight years.",S,,,,S,,,,S,,,
1289,TRUMP,Why didn’t you get it done?,Q-W,,,,Q-W,,,,Q-W,,,
1290,TRUMP,You had eight years to get it done?,,,,,,,,,,,,
1291,TRUMP,"Now, you’re saying you’re gonna get it done because you’re all talk and no action, Joe.",S; EXPL,,,,S; EXPL,,,,S; EXPL,,,
1292,BIDEN,We got a lot of it done.,S,,,,S,,,,S,,,
1293,BIDEN,"We released 38,000 — We got 38,000 prisoners left from —",S; S-Inform,,,,S; S-Inform,,,,S; S-Inform,,,
1294,TRUMP,You didn’t get anything done.,S,,,,S,,,,S,,,
1295,TRUMP,You got nothing done.,S,,,,S,,,,S,,,
1296,BIDEN,"38,000 prisoners were released from federal prison.",S; S-Inform,,,,S; S-Inform,,,,S; S-Inform,,,
1297,BIDEN,We have — there were over 1000 people who were given clemency.,S; S-Inform,,,,S; S-Inform,,,,S; S-Inform,,,
1298,BIDEN,"We — in fact, we’re the ones that put in the legislation saying we could look at pattern or practice of police departments and what they were doing, how they were conducting themselves.",S,,,,S,,,,S,,,
1299,BIDEN,"I could go on, but we began the process.",S,,,,S,,,,S,,,
1300,BIDEN,We began the process.,S,,,,S,,,,S,,,
1301,BIDEN,We lost an election.,S,,,,S,,,,S,,,
1302,BIDEN,That’s why I’m running to win back that election and change his terrible policy.,S,,,,S,,,,S,,,
1303,TRUMP,"I just ask — I just ask one question: why didn’t you do it in the eight years, a short time ago?",,,,,,,,,,,,
1304,TRUMP,Why didn’t you do it?,Q-W,,,,Q-W,,,,Q-W,,,
1305,TRUMP,"You just said, ‘I’m going to do that.",S,,,,S,,,,S,,,
1306,TRUMP,I’m going to do this.,S,,,,S,,,,S,,,
1307,TRUMP,’ You put tens of thousands of mostly Black young men in prison.,S,,,,S,,,,S,,,
1308,TRUMP,Now you’re saying you’re going to get — you’re going to undo that.,S,,,,S,,,,S,,,
1309,TRUMP,Why didn’t you get it done?,Q-W,,,,Q-W,,,,Q-W,,,
1310,TRUMP,You had eight years with Obama?,,,,,,,,,,,,
1311,TRUMP,"You know why, Joe, because you’re all talk and no action.",S; EXPL,,,,S; EXPL,,,,S; EXPL,,,
1312,WELKER,"Alright, Vice President Biden and then we’re gonna move on to the next section.",S,,,,S,,,,S,,,
1313,BIDEN,We had a Republican Congress.,S,,,,S,,,,S,,,
1314,BIDEN,That’s the answer.,S,,,,S,,,,S,,,
1315,WELKER,OK.,S; ACK,,,,S; ACK,,,,S; ACK,,,
1316,TRUMP,"Well, you gotta talk — you gotta talk ’em into it, Joe.",S,,,,S,,,,S,,,
1317,TRUMP,Sometimes you gotta talk ’em into it.,S,,,,S,,,,S,,,
1318,WELKER,"Alright, we’re gonna move on to our next section which is climate change-",S,,,,S,,,,S,,,
1319,TRUMP,Like I did with criminal justice reform.,S,,,,S,,,,S,,,
1320,TRUMP,I had to talk Democrats into it.,S,,,,S,,,,S,,,
1321,WELKER,"Gentlemen, we’re running out of time so we gotta get on to climate change, please.",S,,,,S,,,,S,,,
1322,WELKER,You both have very different visions on climate change.,S,,,,S,,,,S,,,
1323,WELKER,"President Trump, you say that environmental regulations have hurt jobs in the energy sector.",S,,,,S,,,,S,,,
1324,WELKER,"Vice President Biden, you have said you see addressing climate change as an opportunity to create new jobs.",S,,,,S,,,,S,,,
1325,WELKER,"For each of you, how would you both combat climate change and support job growth at the same time?",,,,,,,,,,,,
1326,WELKER,"Starting with you, President Trump, you have two minutes uninterrupted.",S,,,,S,,,,S,,,
1327,TRUMP,"So we have the trillion trees program, we have so many different programs.",S; S-Inform,,,,S; S-Inform,,,,S; S-Inform,,,
1328,TRUMP,"I do love the environment, but what I want is the cleanest, crystal clear water, the cleanest air.",S,,,,S,,,,S,,,
1329,TRUMP,"We have the best, lowest number in carbon emissions, which is a big standard that I noticed Obama goes with all the time.",S,,,,S,,,,S,,,
1330,TRUMP,Not Joe.,S,,,,S,,,,S,,,
1331,TRUMP,"I haven’t heard Joe use the term because I’m not sure he knows what it represents or means, but I have heard Obama use it.",S; EXPL,,,,S; EXPL,,,,S; EXPL,,,
1332,TRUMP,And we have the best carbon emission numbers that we’ve had in 35 years.,S; S-Inform,,,,S; S-Inform,,,,S; S-Inform,,,
1333,TRUMP,"Under this administration, we are working so well with industry, but here’s what we can’t do — Look at China, how filthy it is.",S,,,,S,,,,S,,,
1334,TRUMP,Look at Russia.,IAFA,,,,IAFA,,,,IAFA,,,
1335,TRUMP,Look at India.,IAFA,,,,IAFA,,,,IAFA,,,
1336,TRUMP,It’s filthy.,S,,,,S,,,,S,,,
1337,TRUMP,The air is filthy.,S,,,,S,,,,S,,,
1338,TRUMP,"The Paris Accord, I took us out because we were going to have to spend trillions of dollars and we were treated very unfairly.",S; EXPL,,,,S; EXPL,,,,S; EXPL,,,
1339,TRUMP,"When they put us in there, they did us a great disservice.",S,,,,S,,,,S,,,
1340,TRUMP,They were going to take away our businesses.,S,,,,S,,,,S,,,
1341,TRUMP,"I will not sacrifice tens of millions of jobs, thousands and thousands of companies because of the Paris Accord.",S; EXPL,,,,S; EXPL,,,,S; EXPL,,,
1342,TRUMP,It was so unfair.,S,,,,S,,,,S,,,
1343,TRUMP,China doesn’t kick in until 2030.,S; HS; S-Inform,,,,S; HS; S-Inform,,,,S; HS; S-Inform,,,
1344,TRUMP,Russia goes back to a low standard and we kicked in right away.,S,,,,S,,,,S,,,
1345,TRUMP,It would have been — It would have been– It would have destroyed our businesses.,S,,AF,,S,,AF,,S,,AF,
1346,TRUMP,"So, you ready?",,,,,,,,,,,,
1347,TRUMP,We have done an incredible job environmentally.,S,,,,S,,,,S,,,
1348,TRUMP,"We have the cleanest air, the cleanest water and the best carbon emission standards that we’ve seen in many, many years.",S,,,,S,,,,S,,,
1349,WELKER,Vice President Biden —,S,,,,S,,,,S,,,
1350,TRUMP,And we haven’t destroyed our industries.,S,,AF,,S,,AF,,S,,AF,
1351,WELKER,"Vice President Biden, two minutes to you uninterrupted.",S,,,,S,,,,S,,,
1352,BIDEN,"Climate change, climate warming, global warming is an existential threat to humanity.",S,,AF,,S,,AF,,S,,AF,
1353,BIDEN,We have a moral obligation to deal with it.,S,,,,S,,,,S,,,
1354,BIDEN,And we’re told by all the leading scientists in the world we don’t have much time.,S,,,,S,,,,S,,,
1355,BIDEN,We’re going to pass the point of no return within the next eight to 10 years.,S; S-Inform,,,,S; S-Inform,,,,S; S-Inform,,,
1356,BIDEN,"Four more years of this man eliminating all the regulations that were put in by us to clean up the climate, to clean up — to limit the — limit of emissions, will put us in a position where we’re going to be in real trouble.",S,,,,S,,,,S,,,
1357,BIDEN,Here’s where we have a great opportunity.,S,,,,S,,,,S,,,
1358,BIDEN,"I was able to get both all the environmental organizations as well as labor, the people worried about jobs, to support my climate plan.",S,,,,S,,,,S,,,
1359,BIDEN,"Because what it does, it will create millions of new, good-paying jobs.",S; EXPL,,,,S; EXPL,,,,S; EXPL,,,
1360,BIDEN,"We’re going to invest in, for example, 500,000 — 50,000, excuse me, 50,000 charging stations on our highways so that we can own the electric car market in the future.",S; TT; S-Inform,,,,S; TT; S-Inform,,,,S; TT; S-Inform,,,
1361,BIDEN,"In the meantime, China’s doing that.",S,,,,S,,,,S,,,
1362,BIDEN,"We’re going to be in a position where we’re going to see to it that we’re going to take 4 million existing billion, buildings and 2 million existing homes and retrofit them so they don’t leak as much energy, saving hundreds of millions of barrels of oil in the process and creating significant number of jobs.",S; S-Inform,,,,S; S-Inform,,,,S; S-Inform,,,
1363,BIDEN,"And by the way, the whole idea of what this is all going to do, it’s going to create millions of jobs and it’s going to clean the environment.",S,,,,S,,,,S,,,
1364,BIDEN,Our health and our jobs are at stake.,S,,,,S,,,,S,,,
1365,BIDEN,That’s what’s happening.,S,,,,S,,,,S,,,
1366,BIDEN,"And what — right now, by the way, Wall Street firm has indicated that my plan — my plan will, in fact, create 18.",S; S-Inform,,,,S; S-Inform,,,,S; S-Inform,,,
1367,BIDEN,"6 million jobs, 7 million more than his.",S; S-Inform,,,,S; S-Inform,,,,S; S-Inform,,,
1368,BIDEN,"This from Wall Street and I’ll create $1 trillion more in economic growth than his proposal does, not on climate just on the economy.",S; S-Inform,,,,S; S-Inform,,,,S; S-Inform,,,
1369,WELKER,"President Trump, your response —",S,,,,S,,,,S,,,
1370,TRUMP,"They came out and said very strongly, ‘$6,500 will be taken away from families under his plan’, that his plan is an economic disaster.",S; S-Inform,,AF; AE,,S; S-Inform,,AF; AE,,S; S-Inform,,AF; AE,
1371,TRUMP,"If you look at what he wants to do, you know the, if you look at his plan, his environmental plan, you know who developed it?",,,,,,,,,,,,
1372,TRUMP,AOC+3.,S; S-Inform,,,,S; S-Inform,,,,S; S-Inform,,,
1373,TRUMP,They know nothing about the climate.,S,,,,S,,,,S,,,
1374,TRUMP,"I mean, she’s got a good line of stuff, but she knows nothing about the climate.",S,,,,S,,,,S,,,
1375,TRUMP,And they’re all hopping through hoops for AOC+3.,S; S-Inform,,,,S; S-Inform,,,,S; S-Inform,,,
1376,TRUMP,"Look, their real plan costs $100 trillion.",S; S-Inform,,,,S; S-Inform,,,,S; S-Inform,,,
1377,TRUMP,"If we had the best year in the history of our country for 100 years, we would not even come close to a number like that.",S; S-Inform,,,,S; S-Inform,,,,S; S-Inform,,,
1378,TRUMP,"When he says buildings, they want to take buildings down because they want to make bigger windows into smaller windows.",S; EXPL,,,,S; EXPL,,,,S; EXPL,,,
1379,TRUMP,"As far as they’re concerned, if you had no window it would be a lovely thing.",S,,,,S,,,,S,,,
1380,TRUMP,This is the craziest plan that anybody has ever seen.,S,,,,S,,,,S,,,
1381,TRUMP,And this wasn’t done by smart people.,S,,,,S,,,,S,,,
1382,TRUMP,This wasn’t done by anybody.,S,,,,S,,,,S,,,
1383,TRUMP,"Frankly, I don’t even know how it can be good politically.",S,,,,S,,,,S,,,
1384,TRUMP,They want to spend $100 trillion.,S; S-Inform,,,,S; S-Inform,,,,S; S-Inform,,,
1385,TRUMP,That’s their real number.,S,,,,S,,,,S,,,
1386,TRUMP,He’s trying to say it was six.,S,,,,S,,,,S,,,
1387,TRUMP,It’s $100 trillion.,S; S-Inform,,,,S; S-Inform,,,,S; S-Inform,,,
1388,TRUMP,"They want to knock down buildings and build new buildings with little tiny, small windows and many other things.",S,,,,S,,,,S,,,
1389,TRUMP,And many other things–,S,,,,S,,,,S,,,
1390,WELKER,"Alright — okay, let me have the vice president respond and we’re running out of time and we have a lot more questions to get to.",S,,,,S,,,,S,,,
1391,WELKER,So let’s hear from the Vice President.,S,,,,S,,,,S,,,
1392,WELKER,I have a number of more questions.,S,,,,S,,,,S,,,
1393,BIDEN,I don’t know where he comes from.,S,,,,S,,,,S,,,
1394,BIDEN,I don’t know where he comes up with these numbers.,S,,,,S,,,,S,,,
1395,BIDEN,$100 trillion?,,,,,,,,,,,,
1396,BIDEN,Give me a break.,IAFA,,,,IAFA,,,,IAFA,,,
1397,BIDEN,This plan was — This plan has been endorsed by every major — every major environmental group and every labor group.,S,,,,S,,,,S,,,
1398,BIDEN,Labor.,S,,,,S,,,,S,,,
1399,BIDEN,"Because they know the future lies, the future lies in us being able to breathe.",S; EXPL,,,,S; EXPL,,,,S; EXPL,,,
1400,BIDEN,And they know they’re good jobs in getting us there.,S,,,,S,,,,S,,,
1401,BIDEN,"And by the way, the fastest growing industry in America are –is, is, is the electric — excuse me, solar energy and wind.",S; TT,,APAT,,S; TT,,APAT,,S; TT,,APAT,
1402,BIDEN,"He thinks wind causes cancer, windmills.",S,,,,S,,,,S,,,
1403,BIDEN,"It’s the fastest growing jobs and they pay good prevailing wages, 45, 50 bucks an hour.",S; S-Inform,,,,S; S-Inform,,,,S; S-Inform,,,
1404,BIDEN,"We can grow and we can be cleaner, if we go the route I’m proposing.",S,,,,S,,,,S,,,
1405,WELKER,President Trump — please respond and then I have some follow ups.,S,,,,S,,,,S,,,
1406,TRUMP,Excuse me.,IAFA; TT,,,,IAFA; TT,,,,IAFA; TT,,,
1407,TRUMP,We are energy independent for the first time.,S,,,,S,,,,S,,,
1408,TRUMP,"We don’t need all of these countries that we had a fight, war over because we needed their energy.",S; EXPL,,,,S; EXPL,,,,S; EXPL,,,
1409,TRUMP,We are energy independent.,S,,,,S,,,,S,,,
1410,TRUMP,I know more about wind than you do.,S,,,,S,,,,S,,,
1411,TRUMP,"It’s extremely expensive, kills all the birds, it’s very intermittent.",S,,,,S,,,,S,,,
1412,TRUMP,It’s got a lot of problems and they happen to make the windmills in both Germany and China.,S,,,,S,,,,S,,,
1413,TRUMP,"And the fumes coming up — if you’re a believer in carbon emission, the fumes coming up to make — make these massive windmills is more than anything that we’re talking about with natural gas, which is very clean.",S,,,,S,,,,S,,,
1414,TRUMP,One other thing —,S,,,,S,,,,S,,,
1415,BIDEN,Find me a scientist that says that.,S,,,,S,,,,S,,,
1416,TRUMP,Solar.,S,,,,S,,,,S,,,
1417,TRUMP,"I love solar, but solar doesn’t quite have it yet.",S,,,,S,,,,S,,,
1418,TRUMP,It’s not powerful enough yet to — to really run our big beautiful factories that we need to compete with the world —,S,,,,S,,,,S,,,
1419,BIDEN,False.,S,,,,S,,,,S,,,
1420,TRUMP,"So, it’s all a pipe dream, but you know what we’ll do?",,,,,,,,,,,,
1421,TRUMP,We’re gonna have the greatest economy in the world.,S,,,,S,,,,S,,,
1422,TRUMP,"But if you want to kill the economy, get rid of your oil industry.",S,,,,S,,,,S,,,
1423,TRUMP,You want – and what about fracking?,,,,,,,,,,,,
1424,WELKER,Alright.,S,,,,S,,,,S,,,
1425,WELKER,Let me allow Vice President Biden to respond —,S,,,,S,,,,S,,,
1426,BIDEN,I have never said I oppose fracking.,S,,,,S,,,,S,,,
1427,TRUMP,You said it on tape.,S,,,,S,,,,S,,,
1428,BIDEN,I did?,,,,,,,,,,,,
1429,BIDEN,Show the tape.,IAFA,,,,IAFA,,,,IAFA,,,
1430,BIDEN,Put it on your website.,IAFA,,,,IAFA,,,,IAFA,,,
1431,TRUMP,I’ll put it on.,S,,,,S,,,,S,,,
1432,BIDEN,Put it on the website.,IAFA,,,,IAFA,,,,IAFA,,,
1433,BIDEN,The fact of the matter is he’s flat lying.,S,,,,S,,,,S,,,
1434,WELKER,Would you rule out banning fracking?,YNQ,,,,YNQ,,,,YNQ,,,
1435,BIDEN,"I do rule out banning fracking because the answer we need — we need other industries to transition to get to, ultimately, a complete zero emissions by 2025.",S; EXPL; HS; S-Inform,,,,S; EXPL; HS; S-Inform,,,,S; EXPL; HS; S-Inform,,,
1436,BIDEN,What I will do with fracking over time is make sure that we can capture the emissions from the fracking.,S,,,,S,,,,S,,,
1437,BIDEN,Capture the emissions from gas.,IAFA,,,,IAFA,,,,IAFA,,,
1438,BIDEN,We can do that and we can do that by investing money into — it’s a transition to that.,S,,,,S,,,,S,,,
1439,WELKER,I have one more question —,S,,,,S,,,,S,,,
1440,TRUMP,Excuse me.,IAFA; TT,,,,IAFA; TT,,,,IAFA; TT,,,
1441,TRUMP,He was against fracking.,S,,,,S,,,,S,,,
1442,TRUMP,He said it.,S,,,,S,,,,S,,,
1443,TRUMP,I will show that to you tomorrow.,S,,,,S,,,,S,,,
1444,TRUMP,"‘I am against fracking’, until he got the nomination, went to Pennsylvania, then he said — you know what, Pennsylvania?",,,,,,,,,,,,
1445,TRUMP,He’ll be against it very soon because his party is totally against it.,S; EXPL,,,,S; EXPL,,,,S; EXPL,,,
1446,BIDEN,"Fracking on federal land, I said, no fracking and oil on federal land —",S,,,,S,,,,S,,,
1447,WELKER,Let me ask this final question in this section and then I want to move on to our final section.,S,,,,S,,,,S,,,
1448,WELKER,"President Trump, people of color are much more likely to live near oil refineries and chemical plants.",S,,,,S,,,,S,,,
1449,WELKER,In Texas there are families who worry the plants near them are making them sick.,S,,AE,,S,,AE,,S,,AE,
1450,WELKER,Your administration has rolled back regulations on these kinds of facilities.,S,,,,S,,,,S,,,
1451,WELKER,Why should these families give you another four years in office?,Q-W,,AE,,Q-W,,AE,,Q-W,,AE,
1452,TRUMP,"The families that we’re talking about are employed heavily and they are making a lot of money, more money than they’ve ever made.",S,,AE,,S,,AE,,S,,AE,
1453,TRUMP,"If you look at the kind of numbers that we produce for Hispanic, or Black, or Asian, it’s nine times greater, the percentage gain than it was under — in three years — than it was under eight years of the two of them, to put it nicely.",S,,RB,,S,,RB,,S,,RB,
1454,TRUMP,Nine times more.,S,,,,S,,,,S,,,
1455,TRUMP,"Now, somebody lives — I have not heard the numbers or the statistics that you’re saying — but they’re making a tremendous amount of money.",S,,,,S,,,,S,,,
1456,TRUMP,"Economically, we saved it.",S,,,,S,,,,S,,,
1457,TRUMP,And I saved it again a number of months ago when oil was crashing because of the pandemic.,S; EXPL,,IT,,S; EXPL,,IT,,S; EXPL,,IT,
1458,TRUMP,We saved it.,S,,,,S,,,,S,,,
1459,TRUMP,"We got — say what you want of that relationship, we got Saudi Arabia, Mexico and Russia to cut back, way back.",S,,,,S,,,,S,,,
1460,TRUMP,We saved our oil industry and now it’s very vibrant and everybody has very inexpensive gasoline.,S,,,,S,,,,S,,,
1461,TRUMP,Remember that.,IAFA,,,,IAFA,,,,IAFA,,,
1462,WELKER,"Vice President Biden, your response and then we’re going to have a final question for both of you.",S,,,,S,,,,S,,,
1463,BIDEN,My response is that those people live on what they call ‘fence lines’.,S,,,,S,,,,S,,,
1464,BIDEN,He doesn’t understand this.,S,,,,S,,,,S,,,
1465,BIDEN,"They live near chemical plants that, in fact, pollute.",S,,,,S,,,,S,,,
1466,BIDEN,Chemical plants and oil plants and refineries that pollute.,S,,,,S,,,,S,,,
1467,BIDEN,"I used to live near that when I was growing up in Claymont, Delaware.",S,,,,S,,,,S,,,
1468,BIDEN,"And all the more oil refineries in Marcus Hook and the Delaware River than there is any place, including in Houston at the time.",S,,,,S,,,,S,,,
1469,BIDEN,"When my mom would get in the car when there were first frost to drive me to school, turned on the windshield wipers there’d be oil slick in the window.",S,,,,S,,,,S,,,
1470,BIDEN,That’s why so many people in my state were dying and getting cancer.,S,,,,S,,,,S,,,
1471,BIDEN,"The fact is those frontline communities, it doesn’t matter what you’re paying them.",S,,,,S,,,,S,,,
1472,BIDEN,It matters how you keep them safe.,S,,,,S,,,,S,,,
1473,BIDEN,What do you do?,Q-W,,,,Q-W,,,,Q-W,,,
1474,BIDEN,"And you impose restrictions on the pollutions, on the pollutants coming out of those fence line communities.",S,,,,S,,,,S,,,
1475,WELKER,"OK, I have one final question —",S,,,,S,,,,S,,,
1476,TRUMP,Would he close down the oil industry — would you close down the oil industry?,YNQ,,,,YNQ,,,,YNQ,,,
1477,BIDEN,"I would transition from the oil industry, yes.",S,,,,S,,,,S,,,
1478,TRUMP,"Oh, transition.",S,,,,S,,,,S,,,
1479,TRUMP,That’s a big statement.,S,,,,S,,,,S,,,
1480,BIDEN,It is a big statement because I would stop —,S; EXPL,,,,S; EXPL,,,,S; EXPL,,,
1481,WELKER,Why would you do that?,Q-W,,,,Q-W,,,,Q-W,,,
1482,BIDEN,"Because the oil industry pollutes, significantly — but here’s the deal —",S; EXPL,,,,S; EXPL,,,,S; EXPL,,,
1483,TRUMP,I see.,S; ACK,,,,S; ACK,,,,S; ACK,,,
1484,TRUMP,That’s a big statement.,S,,,,S,,,,S,,,
1485,BIDEN,"Well, if you let me finish the statement, because it has to be replaced by renewable energy over time.",S; EXPL; TT,,,,S; EXPL; TT,,,,S; EXPL; TT,,,
1486,BIDEN,Over time.,S,,,,S,,,,S,,,
1487,BIDEN,And I’d stop giving to the oil industry — I’d stop giving them federal subsidies.,S,,,,S,,,,S,,,
1488,BIDEN,"You won’t give federal subsidies to the gas and, excuse me, to solar and wind.",S; TT,,,,S; TT,,,,S; TT,,,
1489,BIDEN,Why are we giving it to oil industry?,Q-W,,,,Q-W,,,,Q-W,,,
1490,TRUMP,We actually do give it to solar and wind–,S,,,,S,,,,S,,,
1491,WELKER,"Alright, we have one final question —",S,,,,S,,,,S,,,
1492,TRUMP,"And that’s maybe the biggest statement in terms of business, that’s the biggest statement.",S,,,,S,,,,S,,,
1493,WELKER,"Okay, we have one final question.",S,,,,S,,,,S,,,
1494,WELKER,Mr.,S,,,,S,,,,S,,,
1495,WELKER,President —,S,,,,S,,,,S,,,
1496,TRUMP,Because basically what he’s saying is he is going to destroy the oil industry.,S; EXPL,,AF,,S; EXPL,,AF,,S; EXPL,,AF,
1497,TRUMP,Will you remember that Texas?,YNQ,,,,YNQ,,,,YNQ,,,
1498,TRUMP,Will you remember that Pennsylvania?,YNQ,,,,YNQ,,,,YNQ,,,
1499,TRUMP,Oklahoma?,,,,,,,,,,,,
1500,TRUMP,Ohio?,,,,,,,,,,,,
1501,WELKER,"Vice President Biden, let me give you ten seconds to respond and then I have to get to the final question.",S,,,,S,,,,S,,,
1502,WELKER,Vice President Biden?,,,,,,,,,,,,
1503,BIDEN,"He takes everything out of context, but the point is, look, we have to move toward a net zero emissions.",S,,,,S,,,,S,,,
1504,BIDEN,The first place to do that by the year 2035 is in energy production.,S; HS; S-Inform,,,,S; HS; S-Inform,,,,S; HS; S-Inform,,,
1505,BIDEN,"By 2050, totally.",S; HS; S-Inform,,,,S; HS; S-Inform,,,,S; HS; S-Inform,,,
1506,WELKER,Alright.,S,,,,S,,,,S,,,
1507,WELKER,One final question —,S,,,,S,,,,S,,,
1508,TRUMP,Is he gonna get China to do it?,YNQ,,,,YNQ,,,,YNQ,,,
1509,TRUMP,Is he going to get China to do it?,YNQ,,,,YNQ,,,,YNQ,,,
1510,WELKER,"No, we’re finished with this.",S; REJ; ANS,,,,S; REJ; ANS,,,,S; REJ; ANS,,,
1511,WELKER,We have to move on to our final question.,S,,,,S,,,,S,,,
1512,BIDEN,"No, I’m going to rejoin the Paris Accord and make China abide by what they agreed to.",S; REJ; ANS,,,,S; REJ; ANS,,,,S; REJ; ANS,,,
1513,TRUMP,That’ll cost you $1 trillion.,S; S-Inform,,,,S; S-Inform,,,,S; S-Inform,,,
1514,WELKER,"This is about leadership, gentlemen, and this first question does go to you, President Trump.",S,,,,S,,,,S,,,
1515,WELKER,Imagine this is your Inauguration Day.,S,,,,S,,,,S,,,
1516,WELKER,What will you say in your address to Americans who did not vote for you?,Q-W,,,,Q-W,,,,Q-W,,,
1517,WELKER,"You’ll each have one minute, starting with you, Mr.",S,,,,S,,,,S,,,
1518,WELKER,President.,S,,,,S,,,,S,,,
1519,TRUMP,"We have to make our country totally successful, as it was prior to the plague coming in from China.",S,,,,S,,,,S,,,
1520,TRUMP,"Now we’re rebuilding it and we’re doing record numbers, 11.",S; S-Inform,,,,S; S-Inform,,,,S; S-Inform,,,
1521,TRUMP,4 million jobs in a short period of time etc.,S; S-Inform,,,,S; S-Inform,,,,S; S-Inform,,,
1522,TRUMP,"But, I will tell you, go back before the plague came in, just before, I was getting calls from people that were not normally people that would call me.",S,,,,S,,,,S,,,
1523,TRUMP,They wanted to get together.,S,,,,S,,,,S,,,
1524,TRUMP,"We had the best Black unemployment numbers in the history of our country, Hispanic, women, Asian, people with diplomas, with no diplomas, MIT graduates, number one in the class — everybody had the best numbers.",S,,RB,,S,,RB,,S,,RB,
1525,TRUMP,And you know what?,,,,,,,,,,,,
1526,TRUMP,The other side wanted to get together.,S,,PB,,S,,PB,,S,,PB,
1527,TRUMP,They wanted to unify.,S,,,,S,,,,S,,,
1528,TRUMP,Success is going to bring us together.,S,,,,S,,,,S,,,
1529,TRUMP,We are on the road to success.,S,,,,S,,,,S,,,
1530,TRUMP,But I’m cutting taxes and he wants to raise everybody’s taxes.,S,,,,S,,,,S,,,
1531,TRUMP,And he wants to put new regulations on everything.,S,,,,S,,,,S,,,
1532,TRUMP,He will kill it.,S,,,,S,,,,S,,,
1533,TRUMP,"If he gets in, you will have a depression, the likes of which you’ve never seen.",S,,,,S,,,,S,,,
1534,TRUMP,"Your 401K’s will go to hell and it’ll be a very, very sad day for this country.",S; S-Inform,,,,S; S-Inform,,,,S; S-Inform,,,
1535,WELKER,Alright.,S,,,,S,,,,S,,,
1536,WELKER,"Vice President Biden, same question to you.",S,,,,S,,,,S,,,
1537,WELKER,What will you say during your inaugural address to Americans who did not vote for you?,Q-W,,,,Q-W,,,,Q-W,,,
1538,BIDEN,"I will say, I’m an American president.",S,,APAT,,S,,APAT,,S,,APAT,
1539,BIDEN,I represent all of you whether you voted for me or against me.,S,,,,S,,,,S,,,
1540,BIDEN,And I’m going to make sure that you’re represented.,S,,,,S,,,,S,,,
1541,BIDEN,I’m going to give you hope.,S,,,,S,,,,S,,,
1542,BIDEN,We’re going to move.,S,,,,S,,,,S,,,
1543,BIDEN,We’re going to choose science over fiction.,S,,,,S,,,,S,,,
1544,BIDEN,We’re going to choose hope over fear.,S,,,,S,,,,S,,,
1545,BIDEN,"We’re going to choose to move forward because we have enormous opportunities, enormous opportunities to make things better.",S; EXPL,,,,S; EXPL,,,,S; EXPL,,,
1546,BIDEN,We can grow this economy.,S,,,,S,,,,S,,,
1547,BIDEN,We can deal with systemic racism.,S,,,,S,,,,S,,,
1548,BIDEN,"At the same time, we can make sure that our economy is being run, and moved, and motivated by clean energy, creating millions of new jobs.",S,,,,S,,,,S,,,
1549,BIDEN,"And that’s the fact, that’s what we’re going to do.",S,,,,S,,,,S,,,
1550,BIDEN,"And I’m going to say, as I said at the beginning, what is on the ballot here is the character of this country.",S,,,,S,,,,S,,,
1551,BIDEN,Decency.,S,,,,S,,,,S,,,
1552,BIDEN,Honor.,S,,,,S,,,,S,,,
1553,BIDEN,Respect.,S,,,,S,,,,S,,,
1554,BIDEN,Treating people with dignity.,IAFA,,,,IAFA,,,,IAFA,,,
1555,BIDEN,Making sure that everyone has an even chance.,S,,,,S,,,,S,,,
1556,BIDEN,"Now, I’m going to make sure you get that.",S,,,,S,,,,S,,,
1557,BIDEN,You haven’t been getting it the last four years.,S,,,,S,,,,S,,,
1558,WELKER,Alright.,S,,,,S,,,,S,,,
1559,WELKER,"I want to thank you both for a very robust hour and a half, a fantastic debate.",S; THK,,,,S; THK,,,,S; THK,,,
1560,WELKER,Really appreciate it.,IAFA,,,,IAFA,,,,IAFA,,,
1561,WELKER,"President Trump, former Vice President Joe Biden.",S,,,,S,,,,S,,,
1562,WELKER,"Thank you to Belmont University for hosting us tonight and most importantly, thank you to those watching tonight.",IAFA; THK,,,,IAFA; THK,,,,IAFA; THK,,,
1563,WELKER,Election Day is November 3rd.,S; S-Inform,,,,S; S-Inform,,,,S; S-Inform,,,
1564,WELKER,Don’t forget to vote.,IAFA,,,,IAFA,,,,IAFA,,,
1565,WELKER,Thank you everyone and have a great night.,IAFA; THK,,,,IAFA; THK,,,,IAFA; THK,,,
