unit_id,speaker,text,Annotator 1 - Phase A (DAMSL),Annotator 1 - Phase A notes,Annotator 1 - Phase B (Beads),Annotator 1 - Phase B notes,Annotator 2 - Phase A (DAMSL),Annotator 2 - Phase A notes,Annotator 2 - Phase B (Beads),Annotator 2 - Phase B notes,Annotator 3 - Phase A (DAMSL),Annotator 3 - Phase A notes,Annotator 3 - Phase B (Beads),Annotator 3 - Phase B notes
1,MODERATOR,Chris Wallace,S,,,,S,,,,S,,,
2,WALLACE,Good evening from the Health Education Campus of Case Western Reserve University and the Cleveland Clinic.,S; GR,,,,S; GR,,,,S; GR,,,
3,WALLACE,I’m Chris Wallace of Fox News and I welcome you to the first of the 2020 presidential debates between President Donald J.,S; GR; HS; S-Inform,,,,S; GR; HS; S-Inform,,,,S; GR; HS; S-Inform,,,
4,WALLACE,Trump and former Vice President Joe Biden.,IAFA,,,,IAFA,,,,IAFA,,,
5,WALLACE,This debate is sponsored by the Commission on Presidential Debates.,S,,,,S,,,,S,,,
6,WALLACE,"The Commission has designed the format, six roughly 15-minute segments with two-minute answers from each candidate to the first question, then open discussion for the rest of each segment.",S; S-Inform,,,,S; S-Inform,,,,S; S-Inform,,,
7,WALLACE,Both campaigns have agreed to these rules.,S,,,,S,,,,S,,,
8,WALLACE,"For the record, I decided the topics and the questions in each topic.",S,,,,S,,,,S,,,
9,WALLACE,I can assure you none of the questions has been shared with the Commission or the two candidates.,S,,,,S,,,,S,,,
10,WALLACE,"This debate is being conducted under health and safety protocols designed by the Cleveland Clinic, which is serving as the health security advisor to the Commission for all four debates.",S,,,,S,,,,S,,,
11,WALLACE,"As a precaution, both campaigns have agreed the candidates will not shake hands at the beginning of tonight’s debate.",S,,,,S,,,,S,,,
12,WALLACE,The audience here in the hall has promised to remain silent.,S,,,,S,,,,S,,,
13,WALLACE,"No cheers, no boos, or other interruptions so we, and more importantly you, can focus on what the candidates have to say.",S; REJ; ANS,,,,S; REJ; ANS,,,,S; REJ; ANS,,,
14,WALLACE,"No noise except right now, as we welcome the Republican nominee, President Trump, and the Democratic nominee Vice President Biden.",S; REJ; GR; ANS,,,,S; REJ; GR; ANS,,,,S; REJ; GR; ANS,,,
15,BIDEN,"How you doing, man?",Q-W,,,,Q-W,,,,Q-W,,,
16,TRUMP,How are you doing?,Q-W,,,,Q-W,,,,Q-W,,,
17,BIDEN,I’m well.,S,,,,S,,,,S,,,
18,WALLACE,"Gentlemen, a lot of people have been waiting for this night, so let’s get going.",S,,,,S,,,,S,,,
19,WALLACE,Our first subject is the Supreme Court.,S,,,,S,,,,S,,,
20,WALLACE,"President Trump, you nominated Amy Coney Barrett over the weekend to succeed the late Ruth Bader Ginsburg on the Court.",S,,,,S,,,,S,,,
21,WALLACE,You say the Constitution is clear about your obligation and the Senate’s to consider a nominee to the Court.,S,,APAT,,S,,APAT,,S,,APAT,
22,WALLACE,"Vice President Biden, you say that this is an effort by the President and Republicans to jam through on an appointment in what you call an abuse of power.",S,,,,S,,,,S,,,
23,WALLACE,"My first question to both of you tonight, why are you right in the argument you make and your opponent wrong?",,,,,,,,,,,,
24,WALLACE,And where do you think a Justice Barrett would take the court?,,,,,,,,,,,,
25,WALLACE,"President Trump, in this first segment, you go first.",S,,,,S,,,,S,,,
26,WALLACE,Two minutes.,S,,,,S,,,,S,,,
27,TRUMP,"Thank you very much, Chris.",IAFA; THK,,,,IAFA; THK,,,,IAFA; THK,,,
28,TRUMP,I will tell you very simply.,S,,,,S,,,,S,,,
29,TRUMP,We won the election.,S,,,,S,,,,S,,,
30,TRUMP,Elections have consequences.,S,,,,S,,,,S,,,
31,TRUMP,"We have the Senate, we have the White House, and we have a phenomenal nominee respected by all.",S,,RB,,S,,RB,,S,,RB,
32,TRUMP,"Top, top academic, good in every way.",S,,,,S,,,,S,,,
33,TRUMP,Good in every way.,S,,,,S,,,,S,,,
34,TRUMP,"In fact, some of her biggest endorsers are very liberal people from Notre Dame and other places.",S,,,,S,,,,S,,,
35,TRUMP,So I think she’s going to be fantastic.,S,,IP,,S,,IP,,S,,IP,
36,TRUMP,We have plenty of time.,S,,,,S,,,,S,,,
37,TRUMP,Even if we did it after the election itself.,S,,,,S,,,,S,,,
38,TRUMP,"I have a lot of time after the election, as you know.",S,,,,S,,,,S,,,
39,TRUMP,So I think that she will be outstanding.,S,,IP,,S,,IP,,S,,IP,
40,TRUMP,She’s going to be as good as anybody that has served on that court.,S,,,,S,,,,S,,,
41,TRUMP,We really feel that.,S,,,,S,,,,S,,,
42,TRUMP,"We have a professor at Notre Dame, highly respected by all, said she’s the single greatest student he’s ever had.",S,,,,S,,,,S,,,
43,TRUMP,He’s been a professor for a long time at a great school.,S,,,,S,,,,S,,,
44,TRUMP,"And we won the election and therefore we have the right to choose her, and very few people knowingly would say otherwise.",S,,PB,,S,,PB,,S,,PB,
45,TRUMP,"And by the way, the Democrats, they wouldn’t even think about not doing it.",S,,,,S,,,,S,,,
46,TRUMP,The only difference is they’d try and do it faster.,S,,,,S,,,,S,,,
47,TRUMP,There’s no way they would give it up.,S,,,,S,,,,S,,,
48,TRUMP,"They had Merrick Garland, but the problem is they didn’t have the election so they were stopped.",S,,,,S,,,,S,,,
49,TRUMP,"And probably that would happen in reverse, also.",S,,,,S,,,,S,,,
50,TRUMP,Definitely would happen in reverse.,IAFA,,,,IAFA,,,,IAFA,,,
51,TRUMP,"So we won the election and we have the right to do it, Chris.",S,,PB,,S,,PB,,S,,PB,
52,WALLACE,"President Trump, thank you.",IAFA; THK,,,,IAFA; THK,,,,IAFA; THK,,,
53,WALLACE,"Same question to you, Vice President Biden.",S,,,,S,,,,S,,,
54,WALLACE,You have two minutes.,S,,,,S,,,,S,,,
55,BIDEN,"Well, first of all, thank you for doing this and looking forward to this, Mr.",IAFA; THK,,,,IAFA; THK,,,,IAFA; THK,,,
56,BIDEN,President.,S,,,,S,,,,S,,,
57,TRUMP,"Thank you, Joe.",IAFA; THK,,,,IAFA; THK,,,,IAFA; THK,,,
58,BIDEN,The American people have a right to have a say in who the Supreme Court nominee is and that say occurs when they vote for United States Senators and when they vote for the President of United States.,S,,AP; APAT; UF,,S,,AP; APAT; UF,,S,,AP; APAT; UF,
59,BIDEN,They’re not going to get that chance now because we’re in the middle of an election already.,S; EXPL,,,,S; EXPL,,,,S; EXPL,,,
60,BIDEN,The election has already started.,S,,,,S,,,,S,,,
61,BIDEN,Tens of thousands of people already voted and so the thing that should happen is we should wait.,S,,,,S,,,,S,,,
62,BIDEN,We should wait and see what the outcome of this election is because that’s the only way the American people get to express their view is by who they elect as President and who they elect as Vice President.,S; EXPL,,AP; APAT,,S; EXPL,,AP; APAT,,S; EXPL,,AP; APAT,
63,BIDEN,"Now, what’s at stake here is the President’s made it clear, he wants to get rid of the Affordable Care Act.",S,,,,S,,,,S,,,
64,BIDEN,"He’s been running on that, he ran on that and he’s been governing on that.",S,,,,S,,,,S,,,
65,BIDEN,"He’s in the Supreme Court right now trying to get rid of the Affordable Care Act, which will strip 20 million people from having health insurance now, if it goes into court.",S; S-Inform,,,,S; S-Inform,,,,S; S-Inform,,,
66,BIDEN,"And the justice, I’m not opposed to the justice, she seems like a very fine person.",S,,,,S,,,,S,,,
67,BIDEN,"But she’s written, before she went in the bench, which is her right, that she thinks that the Affordable Care Act is not Constitutional.",S,,,,S,,,,S,,,
68,BIDEN,"The other thing that’s on the court, and if it’s struck down, what happens?",,,,,,,,,,,,
69,BIDEN,Women’s rights are fundamentally changed.,S,,,,S,,,,S,,,
70,BIDEN,"Once again, a woman could pay more money because she has a pre-existing condition of pregnancy.",S; EXPL,,,,S; EXPL,,,,S; EXPL,,,
71,BIDEN,They’re able to charge women more for the same exact procedure a man gets.,S,,,,S,,,,S,,,
72,BIDEN,"And that ended when we, in fact, passed the Affordable Care Act, and there’s a hundred million people who have pre-existing conditions and they’ll be taken away as well.",S; S-Inform,,,,S; S-Inform,,,,S; S-Inform,,,
73,BIDEN,"Those pre-existing conditions, insurance companies are going to love this.",S,,,,S,,,,S,,,
74,BIDEN,And so it’s just not appropriate to do this before this election.,S,,,,S,,,,S,,,
75,BIDEN,"If he wins the election and the Senate is Republican, then he goes forward.",S,,,,S,,,,S,,,
76,BIDEN,"If not, we should wait until February.",S,,,,S,,,,S,,,
77,TRUMP,There aren’t a hundred million people with pre-existing conditions.,IAFA,,,,IAFA,,,,IAFA,,,
78,TRUMP,"As far as a say is concerned, the people already had their say.",S,,,,S,,,,S,,,
79,TRUMP,"Okay, Justice Ginsburg said very powerfully, very strongly, at some point 10 years ago or so, she said a President and the Senate is elected for a period of time, but a President is elected for four years.",S; S-Inform,,,,S; S-Inform,,,,S; S-Inform,,,
80,TRUMP,We’re not elected for three years.,S,,,,S,,,,S,,,
81,TRUMP,I’m not elected for three years.,S,,,,S,,,,S,,,
82,TRUMP,"So we have the Senate, we have a President-",S,,,,S,,,,S,,,
83,BIDEN,He’s elected to the next election.,S,,,,S,,,,S,,,
84,TRUMP,"During that period of time, during that period of time, we have an opening.",S,,,,S,,,,S,,,
85,TRUMP,I’m not elected for three years.,S,,,,S,,,,S,,,
86,TRUMP,I’m elected for four years.,S,,,,S,,,,S,,,
87,TRUMP,"Joe, the hundred million people is totally wrong.",S; S-Inform,,,,S; S-Inform,,,,S; S-Inform,,,
88,TRUMP,I don’t know where you got that number.,S,,,,S,,,,S,,,
89,TRUMP,"The bigger problem that you have is that you’re going to extinguish 180 million people with their private health care, that they’re very happy with.",S; S-Inform,,,,S; S-Inform,,,,S; S-Inform,,,
90,BIDEN,That’s simply not true.,S,,,,S,,,,S,,,
91,TRUMP,"Well, you’re certainly going to socialist.",S,,,,S,,,,S,,,
92,TRUMP,You’re going to socialist medicine-,S,,,,S,,,,S,,,
93,WALLACE,"Gentlemen, we’re now into open discussion.",S,,,,S,,,,S,,,
94,BIDEN,Open discussion.,S,,,,S,,,,S,,,
95,WALLACE,"Open discussion, yes, I agree.",S; AGR,,,,S; AGR,,,,S; AGR,,,
96,WALLACE,"Go ahead, Vice President.",IAFA,,,,IAFA,,,,IAFA,,,
97,BIDEN,"Number one, he knows what I proposed.",S,,,,S,,,,S,,,
98,BIDEN,What I proposed is that we expand Obamacare and we increase it.,S,,,,S,,,,S,,,
99,BIDEN,We do not wipe any.,S,,,,S,,,,S,,,
100,BIDEN,"And one of the big debates we had with 23 of my colleagues trying to win the nomination that I won, were saying that Biden wanted to allow people to have private insurance still.",S; S-Inform,,,,S; S-Inform,,,,S; S-Inform,,,
101,BIDEN,They can.,S,,,,S,,,,S,,,
102,BIDEN,They do.,S,,,,S,,,,S,,,
103,BIDEN,They will under my proposal.,S,,,,S,,,,S,,,
104,TRUMP,That’s not what you’ve said and it’s not what your party is saying.,S,,,,S,,,,S,,,
105,BIDEN,That is simply a lie.,S; EXPL,,,,S; EXPL,,,,S; EXPL,,,
106,TRUMP,Your party doesn’t say it.,S,,,,S,,,,S,,,
107,TRUMP,Your party wants to go socialist medicine and socialist healthcare.,S,,,,S,,,,S,,,
108,BIDEN,The party is me.,S,,,,S,,,,S,,,
109,BIDEN,"Right now, I am the Democratic Party.",S,,,,S,,,,S,,,
110,TRUMP,"And they’re going to dominate you, Joe.",S,,,,S,,,,S,,,
111,TRUMP,You know that.,S,,,,S,,,,S,,,
112,BIDEN,I am the Democratic Party right now.,S,,,,S,,,,S,,,
113,TRUMP,Not according to Harris.,IAFA,,,,IAFA,,,,IAFA,,,
114,BIDEN,"The platform of the Democratic Party is what I, in fact, approved of, what I approved of.",S,,,,S,,,,S,,,
115,BIDEN,"Now, here’s the deal.",S,,,,S,,,,S,,,
116,BIDEN,The deal is that it’s going to wipe out pre-existing conditions.,S,,,,S,,,,S,,,
117,BIDEN,"And, by the way, the 200,000 people that have died on his watch, how many of those have survived?",,,,,,,,,,,,
118,BIDEN,"Well, there’s seven million people that contracted COVID.",S; S-Inform,,,,S; S-Inform,,,,S; S-Inform,,,
119,BIDEN,What does it mean for them going forward if you strike down the Affordable Care Act?,Q-W,,,,Q-W,,,,Q-W,,,
120,TRUMP,"Joe, you’ve had 308,000 military people dying because you couldn’t provide them proper healthcare in the military.",S; EXPL; S-Inform,,,,S; EXPL; S-Inform,,,,S; EXPL; S-Inform,,,
121,TRUMP,So don’t tell me about this.,IAFA,,,,IAFA,,,,IAFA,,,
122,BIDEN,I’m happy to talk about this.,S,,,,S,,,,S,,,
123,TRUMP,"And if you were here, it wouldn’t be 200, it would be two million people because you were very late on the draw.",S; EXPL; S-Inform,,,,S; EXPL; S-Inform,,,,S; EXPL; S-Inform,,,
124,TRUMP,"You didn’t want me to ban China, which was heavily infected.",S,,,,S,,,,S,,,
125,TRUMP,You didn’t want me to ban Europe.,S,,,,S,,,,S,,,
126,WALLACE,"All right, gentlemen, Mr.",S,,,,S,,,,S,,,
127,WALLACE,President.,S,,,,S,,,,S,,,
128,TRUMP,"You would have been much later, Joe, much later.",S,,,,S,,,,S,,,
129,WALLACE,Mr.,S,,,,S,,,,S,,,
130,WALLACE,President.,S,,,,S,,,,S,,,
131,TRUMP,We’re talking about two million people.,S; S-Inform,,,,S; S-Inform,,,,S; S-Inform,,,
132,BIDEN,You’re not going to be able to shut him up.,S,,,,S,,,,S,,,
133,WALLACE,Mr.,S,,,,S,,,,S,,,
134,WALLACE,"President, as the moderator, we are going to talk about COVID in the next segment.",S,,,,S,,,,S,,,
135,WALLACE,But go ahead.,IAFA,,,,IAFA,,,,IAFA,,,
136,BIDEN,Let me finish.,S; TT,,,,S; TT,,,,S; TT,,,
137,BIDEN,The point is that the President also is opposed to Roe V.,S,,,,S,,,,S,,,
138,BIDEN,Wade.,S,,,,S,,,,S,,,
139,BIDEN,"That’s on the ballot as well and the court, in the court, and so that’s also at stake right now.",S,,,,S,,,,S,,,
140,BIDEN,And so the election is all-,S,,,,S,,,,S,,,
141,TRUMP,You don’t know what’s on the ballot.,S,,,,S,,,,S,,,
142,TRUMP,Why is it on the ballot?,Q-W; SEEP,,,,Q-W; SEEP,,,,Q-W; SEEP,,,
143,TRUMP,Why is it on the ballot?,Q-W; SEEP,,,,Q-W; SEEP,,,,Q-W; SEEP,,,
144,TRUMP,It’s not on the ballot.,S,,,,S,,,,S,,,
145,BIDEN,It’s on the ballot in the court.,S,,,,S,,,,S,,,
146,TRUMP,I don’t think so.,S,,,,S,,,,S,,,
147,BIDEN,In the court.,S,,,,S,,,,S,,,
148,TRUMP,There’s nothing happening there.,IAFA,,,,IAFA,,,,IAFA,,,
149,BIDEN,Donald would you just be quiet for a minute.,S,,,,S,,,,S,,,
150,TRUMP,You don’t know her view on Roe V.,S,,,,S,,,,S,,,
151,TRUMP,Wade?,,,,,,,,,,,,
152,TRUMP,You don’t know her view.,S,,,,S,,,,S,,,
153,WALLACE,"Well, all right.",S,,,,S,,,,S,,,
154,WALLACE,All right.,S,,,,S,,,,S,,,
155,WALLACE,Let’s talk.,S,,,,S,,,,S,,,
156,WALLACE,"We’ve got a lot to unpack here, gentlemen.",S,,,,S,,,,S,,,
157,WALLACE,We’ve got a lot of time.,S,,,,S,,,,S,,,
158,WALLACE,"On healthcare, and then we’ll come back to Roe V.",S,,,,S,,,,S,,,
159,WALLACE,Wade.,S,,,,S,,,,S,,,
160,BIDEN,All right.,S,,,,S,,,,S,,,
161,WALLACE,Mr.,S,,,,S,,,,S,,,
162,WALLACE,"President, the Supreme Court will hear a case a week after the election in which the Trump Administration, along with 18 state Attorney Generals are seeking to overturn Obamacare, to end Obamacare.",S; S-Inform,,,,S; S-Inform,,,,S; S-Inform,,,
163,TRUMP,That’s right.,S,,,,S,,,,S,,,
164,WALLACE,You have spent the last week-,S,,,,S,,,,S,,,
165,TRUMP,Because they want to give good healthcare.,S; EXPL,,,,S; EXPL,,,,S; EXPL,,,
166,WALLACE,"If I may ask my question, sir.",S; TT,,,,S; TT,,,,S; TT,,,
167,BIDEN,Good healthcare.,S,,,,S,,,,S,,,
168,WALLACE,"Over the last four years, you have promised to repeal and replace Obamacare, but you have never in these four years come up with a plan, a comprehensive plan, to replace Obamacare.",S,,,,S,,,,S,,,
169,TRUMP,"Yes, I have.",S; ANS,,,,S; ANS,,,,S; ANS,,,
170,TRUMP,"Of course, I have.",S,,,,S,,,,S,,,
171,TRUMP,The individual mandate.,S,,,,S,,,,S,,,
172,WALLACE,when I finish I’m going to give an opportunity-,S,,,,S,,,,S,,,
173,TRUMP,Excuse me.,IAFA; TT,,,,IAFA; TT,,,,IAFA; TT,,,
174,TRUMP,"I got rid of the individual mandate, which was a big chunk of Obamacare.",S,,,,S,,,,S,,,
175,WALLACE,That’s not a comprehensive place.,S,,,,S,,,,S,,,
176,TRUMP,That is absolutely a big thing.,S; AGR; EXPL,,,,S; AGR; EXPL,,,,S; AGR; EXPL,,,
177,TRUMP,That was the worst part of Obamacare.,S,,,,S,,,,S,,,
178,WALLACE,"I didn’t ask, sir.",S,,,,S,,,,S,,,
179,TRUMP,"Chris, that was the worst part of Obamacare.",S,,,,S,,,,S,,,
180,WALLACE,You’re debating him not me.,S,,,,S,,,,S,,,
181,WALLACE,Let me ask my question.,S,,,,S,,,,S,,,
182,TRUMP,"Well, I’ll ask Joe.",S,,,,S,,,,S,,,
183,TRUMP,The individual mandate was the most unpopular aspect of Obamacare.,S,,,,S,,,,S,,,
184,WALLACE,Mr.,S,,,,S,,,,S,,,
185,WALLACE,President.,S,,,,S,,,,S,,,
186,TRUMP,I got rid of it.,S,,,,S,,,,S,,,
187,TRUMP,And we will protect people.,S,,,,S,,,,S,,,
188,WALLACE,Mr.,S,,,,S,,,,S,,,
189,WALLACE,"President, I’m the moderator of this debate and I would like you to let me ask my question and then you can answer.",S,,,,S,,,,S,,,
190,TRUMP,Go ahead.,IAFA,,,,IAFA,,,,IAFA,,,
191,WALLACE,"You, in the course of these four years, have never come up with a comprehensive plan to replace Obamacare, and just this last Thursday you signed a largely symbolic Executive Order to protect people with pre-existing conditions five days before this debate.",S,,,,S,,,,S,,,
192,WALLACE,"So my question, sir, is what is the Trump healthcare plan?",,,,,,,,,,,,
193,TRUMP,"Well, first of all, I guess I’m debating you, not him, but that’s okay.",S,,,,S,,,,S,,,
194,TRUMP,I’m not surprised.,S,,,,S,,,,S,,,
195,TRUMP,Let me just tell you something.,S,,,,S,,,,S,,,
196,TRUMP,There’s nothing symbolic.,IAFA,,,,IAFA,,,,IAFA,,,
197,TRUMP,I’m cutting drug prices.,S,,,,S,,,,S,,,
198,TRUMP,"I’m going with Favored Nations, which no President has the courage to do because you’re going against big pharma.",S; EXPL,,,,S; EXPL,,,,S; EXPL,,,
199,TRUMP,Drug prices will be coming down 80 or 90%.,S; S-Inform,,,,S; S-Inform,,,,S; S-Inform,,,
200,TRUMP,"You could have done it during your 47-year period in government, but you didn’t do it.",S; S-Inform,,,,S; S-Inform,,,,S; S-Inform,,,
201,TRUMP,Nobody’s done it.,S,,,,S,,,,S,,,
202,TRUMP,So we’re cutting healthcare.,S,,,,S,,,,S,,,
203,WALLACE,What about pre-existing conditions?,Q-W,,,,Q-W,,,,Q-W,,,
204,TRUMP,All of the things that we’ve done.,S,,,,S,,,,S,,,
205,BIDEN,He has not done healthcare.,S,,,,S,,,,S,,,
206,TRUMP,I’ll give you an example.,S,,,,S,,,,S,,,
207,TRUMP,"Insulin, it was destroying families, destroying people, the cost.",S,,AF; AE,,S,,AF; AE,,S,,AF; AE,
208,TRUMP,"I’m getting it for so cheap it’s like water, you want to know the truth.",S,,,,S,,,,S,,,
209,TRUMP,So cheap.,S,,,,S,,,,S,,,
210,TRUMP,Take a look at all of the drugs that what we’re doing.,S,,,,S,,,,S,,,
211,TRUMP,"Prescription drug prices, we’re going to allow our Governors now to go to other countries to buy drugs because when they paid just a tiny fraction of what we do.",S; EXPL,,,,S; EXPL,,,,S; EXPL,,,
212,WALLACE,"Okay, like I say, this is open discussion.",S,,,,S,,,,S,,,
213,TRUMP,This is big stuff.,S,,,,S,,,,S,,,
214,WALLACE,"Sir, you’ll be happy.",S,,,,S,,,,S,,,
215,WALLACE,"I’m about to pick up on one of your points to ask the Vice President, which is, he points out that you would like to add a public option to Obamacare.",S,,,,S,,,,S,,,
216,BIDEN,Yes.,S; ANS,,,,S; ANS,,,,S; ANS,,,
217,WALLACE,And the argument that he makes and other Republicans make is that that is going to end private insurance.,S; EXPL,,,,S; EXPL,,,,S; EXPL,,,
218,BIDEN,It is not.,S,,,,S,,,,S,,,
219,WALLACE,If I start asking the question.,S,,,,S,,,,S,,,
220,TRUMP,"That’s not what your party says, by the way.",S,,,,S,,,,S,,,
221,WALLACE,And it will end private insurance and create a government takeover of healthcare.,S,,,,S,,,,S,,,
222,BIDEN,It does not.,S,,,,S,,,,S,,,
223,BIDEN,"It’s only for those people who are so poor they qualify for Medicaid they can get that free in most States, except Governors who want to deny people who are poor Medicaid.",S,,,,S,,,,S,,,
224,BIDEN,Anyone who qualifies for Medicaid would automatically be enrolled in the public option.,S,,,,S,,,,S,,,
225,BIDEN,The vast majority of the American people would still not be in that option.,S,,AP; APAT,,S,,AP; APAT,,S,,AP; APAT,
226,BIDEN,Number one.,S,,,,S,,,,S,,,
227,BIDEN,Number two.,S,,,,S,,,,S,,,
228,TRUMP,"Joe, you agreed with Bernie Sanders, who’s far left, on the manifesto, we call it.",S,,,,S,,,,S,,,
229,TRUMP,And that gives you socialized medicine.,S,,,,S,,,,S,,,
230,BIDEN,"Look, hey.",IAFA,,,,IAFA,,,,IAFA,,,
231,TRUMP,Are you saying you didn’t agree?,YNQ,,,,YNQ,,,,YNQ,,,
232,BIDEN,I’m not going to listen to him.,S,,,,S,,,,S,,,
233,BIDEN,The fact of the matter is I beat Bernie Sanders.,S,,,,S,,,,S,,,
234,TRUMP,Not by much.,S,,,,S,,,,S,,,
235,BIDEN,I beat him by a whole hell of a lot.,S,,,,S,,,,S,,,
236,TRUMP,Not by much.,S,,,,S,,,,S,,,
237,BIDEN,"I’m here standing facing you, old buddy.",S,,,,S,,,,S,,,
238,TRUMP,If Pocahontas would have left two days early you would have lost every primary.,S,,,,S,,,,S,,,
239,BIDEN,All he knows how to do-,S,,,,S,,,,S,,,
240,TRUMP,"On Super Tuesday, you got very lucky.",S,,,,S,,,,S,,,
241,BIDEN,Look he’s the deal.,S,,,,S,,,,S,,,
242,BIDEN,I got very lucky.,S,,,,S,,,,S,,,
243,BIDEN,I’m going to get very lucky tonight as well.,S,,,,S,,,,S,,,
244,TRUMP,With what?,,,,,,,,,,,,
245,BIDEN,And tonight I’m going to make sure.,S,,,,S,,,,S,,,
246,TRUMP,With what?,,,,,,,,,,,,
247,BIDEN,"Because here’s the deal, here’s the deal.",S; EXPL,,,,S; EXPL,,,,S; EXPL,,,
248,BIDEN,The fact is that everything he’s saying so far is simply a lie.,S,,,,S,,,,S,,,
249,BIDEN,I’m not here to call out his lies.,S,,,,S,,,,S,,,
250,BIDEN,Everybody knows he’s a liar.,S,,,,S,,,,S,,,
251,TRUMP,But you agree.,S,,,,S,,,,S,,,
252,TRUMP,"Joe, you’re the liar.",S,,,,S,,,,S,,,
253,TRUMP,You graduated last in your class not first in your class.,S,,,,S,,,,S,,,
254,BIDEN,"God, I want to make sure-",S,,,,S,,,,S,,,
255,WALLACE,Mr.,S,,,,S,,,,S,,,
256,WALLACE,"President, can you let him finish, sir?",,,,,,,,,,,,
257,BIDEN,"No, he doesn’t know how to do that.",S; REJ; ANS,,,,S; REJ; ANS,,,,S; REJ; ANS,,,
258,TRUMP,You’d be surprised.,S,,,,S,,,,S,,,
259,TRUMP,You’d be surprised.,S,,,,S,,,,S,,,
260,TRUMP,"Go ahead, Joe.",IAFA,,,,IAFA,,,,IAFA,,,
261,BIDEN,"The wrong guy, the wrong night, at the wrong time.",S,,,,S,,,,S,,,
262,TRUMP,"Listen, you agreed with Bernie Sanders and the manifesto.",S,,,,S,,,,S,,,
263,BIDEN,"There is no manifesto, number one.",IAFA,,,,IAFA,,,,IAFA,,,
264,WALLACE,"Please let him speak, Mr.",S,,,,S,,,,S,,,
265,WALLACE,President.,S,,,,S,,,,S,,,
266,BIDEN,Number two.,S,,,,S,,,,S,,,
267,TRUMP,He just lost the left.,S,,PB,,S,,PB,,S,,PB,
268,BIDEN,Number two.,S,,,,S,,,,S,,,
269,TRUMP,You just lost the left.,S,,PB,,S,,PB,,S,,PB,
270,TRUMP,"You agreed with Bernie Sanders on a plan that you absolutely agreed to and under that plan , they call it socialized medicine.",S; AGR,,,,S; AGR,,,,S; AGR,,,
271,WALLACE,Mr.,S,,,,S,,,,S,,,
272,WALLACE,President.,S,,,,S,,,,S,,,
273,BIDEN,"I’ll tell you what, he is not for any help for people needing healthcare.",S,,,,S,,,,S,,,
274,TRUMP,"Who is, Bernie?",Q-W,,,,Q-W,,,,Q-W,,,
275,BIDEN,"Because he, in fact, already has cost 10 million people their healthcare that they had from their employers because of his recession.",S; EXPL; S-Inform,,,,S; EXPL; S-Inform,,,,S; EXPL; S-Inform,,,
276,BIDEN,Number one.,S,,,,S,,,,S,,,
277,BIDEN,"Number two, there are 20 million people getting healthcare through Obamacare now that he wants to take it away.",S; S-Inform,,,,S; S-Inform,,,,S; S-Inform,,,
278,BIDEN,He won’t ever look you in the eye and say that’s what he wants to do.,S,,,,S,,,,S,,,
279,BIDEN,Take it away.,IAFA,,,,IAFA,,,,IAFA,,,
280,TRUMP,"No, I want to give them better healthcare at a much lower price, because Obamacare is no good.",S; REJ; EXPL; ANS,,,,S; REJ; EXPL; ANS,,,,S; REJ; EXPL; ANS,,,
281,BIDEN,He doesn’t know how.,S,,,,S,,,,S,,,
282,BIDEN,He doesn’t know how to do that.,S,,,,S,,,,S,,,
283,TRUMP,I’ve already fixed it.,S,,,,S,,,,S,,,
284,BIDEN,He has never offered a plan.,S,,,,S,,,,S,,,
285,TRUMP,We’ve already fixed it to an extent.,S,,,,S,,,,S,,,
286,TRUMP,"Obamacare, as you might know but probably don’t, Obamacare is no good.",S,,,,S,,,,S,,,
287,WALLACE,"Gentlemen, you realize if you’re both speaking at the same time.",S,,,,S,,,,S,,,
288,WALLACE,Let the President.,IAFA,,,,IAFA,,,,IAFA,,,
289,WALLACE,"Go ahead, sir.",IAFA,,,,IAFA,,,,IAFA,,,
290,TRUMP,Obamacare is no good.,S,,,,S,,,,S,,,
291,TRUMP,We made it better and I had a choice to make very early on.,S,,,,S,,,,S,,,
292,TRUMP,We took away the individual mandate.,S,,,,S,,,,S,,,
293,TRUMP,"We guaranteed pre-existing conditions, but took away the individual mandate.",S,,,,S,,,,S,,,
294,TRUMP,"Listen, this is the way it is.",S,,,,S,,,,S,,,
295,TRUMP,"And that destroyed … They shouldn’t even call it Obamacare, then I had a choice to make, do I let my people run it really well or badly?",,,AF,,,,AF,,,,AF,
296,TRUMP,"If I run it badly, they’ll probably blame him, but they’ll blame me.",S,,,,S,,,,S,,,
297,TRUMP,"But more importantly, I want to help people.",S,,,,S,,,,S,,,
298,TRUMP,Okay.,S; ACK,,,,S; ACK,,,,S; ACK,,,
299,TRUMP,"I said, “You’ve got to run it so well.",S,,,,S,,,,S,,,
300,TRUMP,” And I just had a meeting with them.,S,,,,S,,,,S,,,
301,TRUMP,"They said the problem is, no matter how well you run Obamacare, it’s a disaster.",S,,AF,,S,,AF,,S,,AF,
302,TRUMP,It’s too expensive.,S,,,,S,,,,S,,,
303,TRUMP,"Premiums are too high, that it doesn’t work.",S,,,,S,,,,S,,,
304,TRUMP,So we do want to get rid of it.,S,,,,S,,,,S,,,
305,TRUMP,"Chris, we want to get rid of that and give something that’s cheaper and better.",S,,,,S,,,,S,,,
306,WALLACE,"I understand that, sir.",S,,,,S,,,,S,,,
307,WALLACE,But I have to give you roughly equal time.,S,,,,S,,,,S,,,
308,TRUMP,Go ahead.,IAFA,,,,IAFA,,,,IAFA,,,
309,WALLACE,"Please let the Vice President talk, sir.",S,,,,S,,,,S,,,
310,TRUMP,Good.,S,,,,S,,,,S,,,
311,BIDEN,He has no plan for healthcare.,S,,,,S,,,,S,,,
312,TRUMP,"Of course, we do.",S,,,,S,,,,S,,,
313,WALLACE,Please.,S,,,,S,,,,S,,,
314,BIDEN,He sends out wishful thinking.,S,,,,S,,,,S,,,
315,BIDEN,He has Executive Orders that have no power.,S,,,,S,,,,S,,,
316,BIDEN,He hasn’t lowered drug costs for anybody.,S,,,,S,,,,S,,,
317,BIDEN,He’s been promising a healthcare plan since he got elected.,S,,,,S,,,,S,,,
318,BIDEN,"He has none, like almost everything else he talks about.",S,,,,S,,,,S,,,
319,BIDEN,He does not have a plan.,S,,,,S,,,,S,,,
320,BIDEN,He doesn’t have a plan.,S,,,,S,,,,S,,,
321,BIDEN,And the fact is this man doesn’t know what he’s talking about.,S,,,,S,,,,S,,,
322,WALLACE,"All right, I have one final question for you.",S,,,,S,,,,S,,,
323,BIDEN,Sure.,S,,,,S,,,,S,,,
324,WALLACE,Mr.,S,,,,S,,,,S,,,
325,WALLACE,"Vice President, if Senate Republicans, we were talking originally about the Supreme Court here, if Senate Republicans go ahead and confirm Justice Barrett there has been talk about ending the filibuster or even packing the court, adding to the nine justices there.",S,,,,S,,,,S,,,
326,WALLACE,You call this a distraction by the President.,S,,,,S,,,,S,,,
327,WALLACE,"But, in fact, it wasn’t brought up by the President.",S,,,,S,,,,S,,,
328,WALLACE,It was brought up by some of your Democratic colleagues in the Congress.,S,,,,S,,,,S,,,
329,WALLACE,"So my question to you is, you have refused in the past to talk about it, are you willing to tell the American people tonight whether or not you will support either ending the filibuster or packing the court?",,,AP; APAT,,,,AP; APAT,,,,AP; APAT,
330,BIDEN,"Whatever position I take on that, that’ll become the issue.",S,,,,S,,,,S,,,
331,BIDEN,The issue is the American people should speak.,S,,AP; APAT,,S,,AP; APAT,,S,,AP; APAT,
332,BIDEN,You should go out and vote.,S,,,,S,,,,S,,,
333,BIDEN,You’re voting now.,S,,,,S,,,,S,,,
334,BIDEN,Vote and let your Senators know how strongly you feel.,S,,,,S,,,,S,,,
335,TRUMP,Are you going to pack the court?,YNQ,,,,YNQ,,,,YNQ,,,
336,BIDEN,Vote now.,IAFA,,,,IAFA,,,,IAFA,,,
337,TRUMP,Are you going to pack the court?,YNQ,,,,YNQ,,,,YNQ,,,
338,BIDEN,"Make sure you, in fact, let people know, your Senators.",S,,,,S,,,,S,,,
339,TRUMP,He doesn’t want to answer the question.,S,,,,S,,,,S,,,
340,BIDEN,I’m not going to answer the question.,S,,,,S,,,,S,,,
341,TRUMP,Why wouldn’t you answer that question?,Q-W,,,,Q-W,,,,Q-W,,,
342,TRUMP,You want to put a lot of new Supreme Court Justices.,S,,,,S,,,,S,,,
343,TRUMP,Radical left.,S,,,,S,,,,S,,,
344,BIDEN,"Will you shut up, man?",YNQ,,,,YNQ,,,,YNQ,,,
345,TRUMP,"Listen, who is on your list, Joe?",,,,,,,,,,,,
346,TRUMP,Who’s on your list?,Q-W,,,,Q-W,,,,Q-W,,,
347,WALLACE,"Gentlemen, I think we’ve ended this-",S,,IP,,S,,IP,,S,,IP,
348,BIDEN,This is so un-Presidential.,S,,,,S,,,,S,,,
349,TRUMP,He’s going to pack the court.,S,,,,S,,,,S,,,
350,TRUMP,He is not going to give a list.,S,,,,S,,,,S,,,
351,WALLACE,We have ended the segment.,S,,,,S,,,,S,,,
352,WALLACE,We’re going to move on to the second segment.,S,,,,S,,,,S,,,
353,BIDEN,"That was really a productive segment, wasn’t it?",,,,,,,,,,,,
354,BIDEN,"Keep yapping, man.",IAFA,,,,IAFA,,,,IAFA,,,
355,TRUMP,"The people understand, Joe.",S,,,,S,,,,S,,,
356,BIDEN,They sure do.,S,,,,S,,,,S,,,
357,TRUMP,"47 years, you’ve done nothing.",S; S-Inform,,,,S; S-Inform,,,,S; S-Inform,,,
358,TRUMP,They understand.,S,,,,S,,,,S,,,
359,WALLACE,"All right, the second subject is COVID-19, which is an awfully serious subject.",S; S-Inform,,,,S; S-Inform,,,,S; S-Inform,,,
360,WALLACE,So let’s try to be serious about it.,S,,,,S,,,,S,,,
361,WALLACE,"We have had more than seven million cases of coronavirus in the United States and more than 200,000 people have died.",S; S-Inform,,UF,,S; S-Inform,,UF,,S; S-Inform,,UF,
362,WALLACE,"Even after we produce a vaccine, experts say that it could be months or even years before we come back to anything approaching normal.",S,,,,S,,,,S,,,
363,WALLACE,"My question for both of you is, based on what you have said and done so far, and what you have said you would do starting in 2021, why should the American people trust you more than your opponent to deal with this public health crisis going forward?",HS,,AF; AP; APAT,,HS,,AF; AP; APAT,,HS,,AF; AP; APAT,
364,WALLACE,"In this case, the question goes to you first, sir.",S,,,,S,,,,S,,,
365,WALLACE,"Two minutes, uninterrupted.",S,,,,S,,,,S,,,
366,BIDEN,Good luck.,S,,,,S,,,,S,,,
367,BIDEN,"200,000 dead.",S; S-Inform,,,,S; S-Inform,,,,S; S-Inform,,,
368,BIDEN,"As you said, over seven million infected in the United States.",S; S-Inform,,UF,,S; S-Inform,,UF,,S; S-Inform,,UF,
369,BIDEN,"We, in fact, have 4% of the world’s population, 20% of the deaths.",S; S-Inform,,,,S; S-Inform,,,,S; S-Inform,,,
370,BIDEN,"40,000 people a day are contracting COVID.",S; S-Inform,,,,S; S-Inform,,,,S; S-Inform,,,
371,BIDEN,"In addition to that, about between 750 and 1000 people a day are dying.",S; S-Inform,,,,S; S-Inform,,,,S; S-Inform,,,
372,BIDEN,"When he was presented with that number, he said, “It is what it is.",S,,,,S,,,,S,,,
373,BIDEN,"” Well, it is what it is because you are who you are.",S; EXPL,,,,S; EXPL,,,,S; EXPL,,,
374,BIDEN,That’s why it is.,S,,,,S,,,,S,,,
375,BIDEN,The President has no plan.,S,,,,S,,,,S,,,
376,BIDEN,He hasn’t laid out anything.,S,,,,S,,,,S,,,
377,BIDEN,He knew all the way back in February how serious this crisis was.,S,,AF,,S,,AF,,S,,AF,
378,BIDEN,He knew it was a deadly disease.,S,,,,S,,,,S,,,
379,BIDEN,What did he do?,Q-W,,,,Q-W,,,,Q-W,,,
380,BIDEN,He’s on tape as acknowledging he knew it.,S,,,,S,,,,S,,,
381,BIDEN,He said he didn’t tell us or give people a warning of it because he didn’t want to panic the American people.,S; EXPL,,AP; APAT,,S; EXPL,,AP; APAT,,S; EXPL,,AP; APAT,
382,BIDEN,You don’t panic.,S,,,,S,,,,S,,,
383,BIDEN,He panicked.,S,,,,S,,,,S,,,
384,BIDEN,"In addition to that, what did he do?",,,,,,,,,,,,
385,BIDEN,He went in and we were insisting that the people we had in the ground in China should be able to go to Wuhan and determine for themselves how dangerous this was.,S,,AF,,S,,AF,,S,,AF,
386,BIDEN,He did not even ask Xi to do that.,S,,,,S,,,,S,,,
387,TRUMP,Wrong.,S,,,,S,,,,S,,,
388,BIDEN,He told us what a great job Xi was doing.,S,,,,S,,,,S,,,
389,BIDEN,He said we owe him a debt of gratitude for being so transparent with us.,S,,,,S,,,,S,,,
390,BIDEN,And what did he do then?,,,,,,,,,,,,
391,BIDEN,He then did nothing.,S,,,,S,,,,S,,,
392,BIDEN,He waited and waited and waited.,S,,,,S,,,,S,,,
393,BIDEN,He still doesn’t have a plan.,S,,,,S,,,,S,,,
394,TRUMP,Wrong.,S,,,,S,,,,S,,,
395,WALLACE,"Sir, it’s his two minutes.",S,,,,S,,,,S,,,
396,TRUMP,It’s so wrong.,S,,,,S,,,,S,,,
397,BIDEN,"I laid out back in March, exactly what we should be doing.",S; AGR,,,,S; AGR,,,,S; AGR,,,
398,BIDEN,"And I laid out again in July, what we should be doing.",S,,,,S,,,,S,,,
399,BIDEN,We should be providing all the protective gear possible.,S,,,,S,,,,S,,,
400,BIDEN,We should be providing the money the House has passed in order to be able to go out and get people the help they need to keep their businesses open.,S,,,,S,,,,S,,,
401,BIDEN,Open schools cost a lot of money.,S,,,,S,,,,S,,,
402,BIDEN,You should get out of your bunker and get out of the sand trap in your golf course and go in the Oval Office and bring together the Democrats and Republicans and fund what needs to be done now to save lives.,S,,,,S,,,,S,,,
403,TRUMP,"So, if we would have listened to you.",S,,,,S,,,,S,,,
404,WALLACE,"Wait, wait.",IAFA,,,,IAFA,,,,IAFA,,,
405,WALLACE,"You have two minutes, sir.",S,,,,S,,,,S,,,
406,TRUMP,"If we would’ve listened to you, the country would have been left wide open, millions of people would have died, not 200,000.",S; S-Inform,,,,S; S-Inform,,,,S; S-Inform,,,
407,TRUMP,And one person is too much.,S,,,,S,,,,S,,,
408,TRUMP,It’s China’s fault.,S,,,,S,,,,S,,,
409,TRUMP,It should have never happened.,S,,,,S,,,,S,,,
410,TRUMP,"They stopped it from going in, but it was China’s fault.",S,,,,S,,,,S,,,
411,TRUMP,"And, by the way, when you talk about numbers, you don’t know how many people died in China.",S,,,,S,,,,S,,,
412,TRUMP,You don’t know how many people died in Russia.,S,,,,S,,,,S,,,
413,TRUMP,You don’t know how many people died in India.,S,,,,S,,,,S,,,
414,TRUMP,"They don’t exactly give you a straight count, just so you understand.",S; AGR,,,,S; AGR,,,,S; AGR,,,
415,TRUMP,"But if you look at what we’ve done, I closed it and you said, “He’s xenophobic.",S,,,,S,,,,S,,,
416,TRUMP,"He’s a racist and he’s xenophobic,” because you didn’t think I should have closed our country.",S; EXPL,,,,S; EXPL,,,,S; EXPL,,,
417,TRUMP,Wait a minute.,IAFA,,,,IAFA,,,,IAFA,,,
418,WALLACE,"Sir, it’s his two minutes.",S,,,,S,,,,S,,,
419,TRUMP,You didn’t think we should have closed our country because you thought it was terrible.,S; EXPL,,,,S; EXPL,,,,S; EXPL,,,
420,TRUMP,You wouldn’t have closed it for another two months.,S,,,,S,,,,S,,,
421,TRUMP,"By my doing it early, in fact, Dr.",S,,,,S,,,,S,,,
422,TRUMP,"Fauci said, “President Trump saved thousands of lives.",S,,,,S,,,,S,,,
423,TRUMP,"” Many of your Democrat Governors said, “President Trump did a phenomenal job.",S,,,,S,,,,S,,,
424,TRUMP,” We worked with the Governor.,S,,,,S,,,,S,,,
425,TRUMP,"Oh really, go take a look.",IAFA,,,,IAFA,,,,IAFA,,,
426,TRUMP,The Governors said I did a phenomenal job.,S,,,,S,,,,S,,,
427,TRUMP,Most of them said that.,S,,,,S,,,,S,,,
428,TRUMP,"In fact, people that would not be necessarily on my side said that, “President Trump did a phenomenal job.",S,,,,S,,,,S,,,
429,TRUMP,” We did.,S,,,,S,,,,S,,,
430,TRUMP,We got the gowns.,S,,,,S,,,,S,,,
431,TRUMP,We got the masks.,S,,,,S,,,,S,,,
432,TRUMP,We made the ventilators.,S,,,,S,,,,S,,,
433,TRUMP,You wouldn’t have made ventilators.,S,,,,S,,,,S,,,
434,TRUMP,And now we’re weeks away from a vaccine.,S,,,,S,,,,S,,,
435,TRUMP,We’re doing therapeutics already.,S,,,,S,,,,S,,,
436,TRUMP,Fewer people are dying when they get sick.,S,,,,S,,,,S,,,
437,TRUMP,Far fewer people are dying.,S,,,,S,,,,S,,,
438,TRUMP,We’ve done a great job.,S,,,,S,,,,S,,,
439,TRUMP,"The only thing I haven’t done a good job, and that’s because of the fake news, no matter what you say to them, they give you a bad press on it.",S; EXPL,,,,S; EXPL,,,,S; EXPL,,,
440,TRUMP,It’s just fake news.,S,,,,S,,,,S,,,
441,TRUMP,"They give you good press, they give me bad press because that’s the way it is, unfortunately.",S; EXPL,,,,S; EXPL,,,,S; EXPL,,,
442,TRUMP,But let me just say something.,S; MS,,,,S; MS,,,,S; MS,,,
443,TRUMP,I don’t care.,S,,,,S,,,,S,,,
444,TRUMP,I’ve gotten used to it.,S,,,,S,,,,S,,,
445,TRUMP,"But I’ll tell you, Joe, you could never have done the job that we did.",S,,,,S,,,,S,,,
446,TRUMP,You don’t have it in your blood.,S,,,,S,,,,S,,,
447,TRUMP,"You could’ve never done that, Joe.",S,,,,S,,,,S,,,
448,BIDEN,I know how to do the job.,S,,,,S,,,,S,,,
449,BIDEN,I know how to get the job done.,S,,,,S,,,,S,,,
450,TRUMP,"Well, you didn’t do very well in Swine Flu.",S,,,,S,,,,S,,,
451,TRUMP,"H1-N1, you were a disaster.",S,,AF; PER,,S,,AF; PER,,S,,AF; PER,
452,TRUMP,Your own Chief of Staff said you were a disaster.,S,,AF; PER,,S,,AF; PER,,S,,AF; PER,
453,BIDEN,"14,000 people died, not 200,000.",S; S-Inform,,,,S; S-Inform,,,,S; S-Inform,,,
454,TRUMP,"A far less lethal disease, by the way.",S,,,,S,,,,S,,,
455,WALLACE,"Sir, you made a point.",S,,,,S,,,,S,,,
456,WALLACE,Let him answer it.,S,,,,S,,,,S,,,
457,BIDEN,And there was no one … We didn’t shut down the economy.,S,,,,S,,,,S,,,
458,BIDEN,This is his economy he shut down.,S,,,,S,,,,S,,,
459,BIDEN,"The reason it’s shut down is because, look, you folks at home.",S; EXPL,,,,S; EXPL,,,,S; EXPL,,,
460,BIDEN,How many of you got up this morning and had an empty chair at the kitchen table because someone died of COVID?,Q-W; EXPL,,,,Q-W; EXPL,,,,Q-W; EXPL,,,
461,BIDEN,"How many of you are in a situation where you lost your mom or dad and you couldn’t even speak to them, you had a nurse holding a phone up so you could in fact say goodbye?",Q-W,,,,Q-W,,,,Q-W,,,
462,TRUMP,"We would have lost far more people, far more people.",S,,,,S,,,,S,,,
463,TRUMP,You would have been months late.,S,,,,S,,,,S,,,
464,TRUMP,"You’re months behind me, Joe.",S,,,,S,,,,S,,,
465,BIDEN,"His own CDC Director says we could lose as many as another 200,000 people between now and the end of the year.",S; S-Inform,,,,S; S-Inform,,,,S; S-Inform,,,
466,BIDEN,"And he said, if we just wear a mask, we can save half those numbers.",S,,,,S,,,,S,,,
467,BIDEN,Just a mask.,S,,,,S,,,,S,,,
468,BIDEN,"And by the way, in terms of the whole notion of a vaccine, we’re for a vaccine, but I don’t trust him at all.",S,,,,S,,,,S,,,
469,BIDEN,Nor do you.,S,,,,S,,,,S,,,
470,BIDEN,I know you don’t.,S,,,,S,,,,S,,,
471,BIDEN,What we trust is a scientist.,S,,,,S,,,,S,,,
472,TRUMP,"You don’t trust Johnson & Johnson, Pfizer?",,,,,,,,,,,,
473,WALLACE,"Okay, gentlemen, gentlemen.",S,,,,S,,,,S,,,
474,WALLACE,Let me move on to questions about the future because you both have touched on two of the questions I’m going to ask.,S; EXPL,,,,S; EXPL,,,,S; EXPL,,,
475,WALLACE,"Focusing on the future first, President Trump, you have repeatedly either contradicted or been at odds with some of your governments own top scientists.",S,,,,S,,,,S,,,
476,WALLACE,"The week before last, the Head of the Centers for Disease Control, Dr.",S,,,,S,,,,S,,,
477,WALLACE,Redfield said it would be summer before the vaccine would become generally available to the public.,S,,,,S,,,,S,,,
478,WALLACE,You said that he was confused and mistaken.,S,,,,S,,,,S,,,
479,WALLACE,Those were your two words.,S,,,,S,,,,S,,,
480,WALLACE,But Dr.,S,,,,S,,,,S,,,
481,WALLACE,"Slaoui, the head of your Operation Warp Speed, has said exactly the same thing.",S; AGR,,,,S; AGR,,,,S; AGR,,,
482,WALLACE,Are they both wrong?,YNQ,,,,YNQ,,,,YNQ,,,
483,TRUMP,"Well, I’ve spoken to the companies and we can have it a lot sooner.",S,,,,S,,,,S,,,
484,TRUMP,It’s a very political thing because people like this would rather make it political than save lives.,S; EXPL,,,,S; EXPL,,,,S; EXPL,,,
485,BIDEN,God.,S,,,,S,,,,S,,,
486,TRUMP,It is a very political thing.,S,,,,S,,,,S,,,
487,TRUMP,"I’ve spoken to Pfizer, I’ve spoken to all of the people that you have to speak to, Moderna, Johnson & Johnson, and others.",S,,,,S,,,,S,,,
488,TRUMP,They can go faster than that by a lot.,S,,,,S,,,,S,,,
489,TRUMP,"It’s become very political because the left… Or I don’t know if I call them left, I don’t know what I call them.",S; EXPL,,PB,,S; EXPL,,PB,,S; EXPL,,PB,
490,WALLACE,"So you’re suggesting that the head of your Operation Warp Speed, Dr.",S,,,,S,,,,S,,,
491,WALLACE,Slaoui-,S,,,,S,,,,S,,,
492,TRUMP,I disagree with him.,S; DIS,,,,S; DIS,,,,S; DIS,,,
493,TRUMP,"No, I disagree with both of them.",S; DIS; REJ; ANS,,,,S; DIS; REJ; ANS,,,,S; DIS; REJ; ANS,,,
494,TRUMP,And he didn’t say that.,S,,,,S,,,,S,,,
495,TRUMP,"He said it could be there, but it could also be much sooner.",S,,,,S,,,,S,,,
496,TRUMP,I had him in my office two days ago.,S,,,,S,,,,S,,,
497,WALLACE,"He talked about the summer, sir, before it’s generally available, just like Dr.",S,,,,S,,,,S,,,
498,WALLACE,Redfield.,S,,,,S,,,,S,,,
499,TRUMP,Because he said it’s a possibility that we’ll have the answer before November 1st.,S; EXPL; S-Inform,,,,S; EXPL; S-Inform,,,,S; EXPL; S-Inform,,,
500,TRUMP,It could also be after that.,S,,,,S,,,,S,,,
501,WALLACE,"I’m talking about when it’s generally available, not-",S,,,,S,,,,S,,,
502,TRUMP,"Well, we’re going to deliver it right away.",S,,,,S,,,,S,,,
503,TRUMP,We have the military all set up.,S,,,,S,,,,S,,,
504,TRUMP,"Logistically, they’re all set up.",S,,,,S,,,,S,,,
505,TRUMP,"We have our military that delivers soldiers and they can do 200,000 a day.",S; S-Inform,,,,S; S-Inform,,,,S; S-Inform,,,
506,TRUMP,They’re going to be delivering-,S,,,,S,,,,S,,,
507,BIDEN,This is the same man who told you-,S,,,,S,,,,S,,,
508,TRUMP,It’s all set up.,S,,,,S,,,,S,,,
509,BIDEN,"… by Easter, this would be gone away.",S,,,,S,,,,S,,,
510,BIDEN,"By the warm weather, it’d be gone.",S,,,,S,,,,S,,,
511,BIDEN,"Miraculous, like a miracle.",S,,,,S,,,,S,,,
512,BIDEN,"And by the way, maybe you could inject some bleach in your arm, and that would take care of it.",S,,,,S,,,,S,,,
513,BIDEN,This is the same man.,S,,,,S,,,,S,,,
514,TRUMP,"That was said sarcastically, and you know that.",S,,,,S,,,,S,,,
515,TRUMP,That was said sarcastically.,S,,,,S,,,,S,,,
516,BIDEN,So here’s the deal.,S,,,,S,,,,S,,,
517,BIDEN,This man is talking about a vaccine.,S,,,,S,,,,S,,,
518,BIDEN,"Every serious company is talking about maybe having a vaccine done by the end of the year, but the distribution of that vaccine will not occur until sometime beginning of the middle of next year to get it out, if we get the vaccine.",S; S-Inform,,,,S; S-Inform,,,,S; S-Inform,,,
519,BIDEN,And pray God we will.,S,,,,S,,,,S,,,
520,BIDEN,Pray God we will.,S,,,,S,,,,S,,,
521,WALLACE,Mr.,S,,,,S,,,,S,,,
522,WALLACE,"Vice President, I want to pick up-",S,,,,S,,,,S,,,
523,TRUMP,You’ll have the vaccine sooner than that.,S,,,,S,,,,S,,,
524,WALLACE,I want to pick up on this question though.,S,,,,S,,,,S,,,
525,WALLACE,"You say the public can trust the scientists, but they can’t trust President Trump.",S,,,,S,,,,S,,,
526,WALLACE,"In fact, you said that again tonight.",S,,,,S,,,,S,,,
527,WALLACE,"Your running mate, Senator Harris, goes further, saying that public health experts quote, “Will be muzzled, will be suppressed.",S,,,,S,,,,S,,,
528,WALLACE,"” Given the fact that polls already show that people are concerned about the vaccine and are reluctant to take it, are you and your running mate, Senator Harris, contributing to that fear?",,,,,,,,,,,,
529,BIDEN,No more than the question you just asked him.,S; REJ; ANS,,,,S; REJ; ANS,,,,S; REJ; ANS,,,
530,BIDEN,You pointed out he puts pressure and disagrees with his own scientists.,S,,,,S,,,,S,,,
531,WALLACE,But you’re saying you can’t-,S,,,,S,,,,S,,,
532,BIDEN,Everybody knows-,S,,,,S,,,,S,,,
533,WALLACE,Or Senator Harris is saying you can’t trust the scientist.,S,,,,S,,,,S,,,
534,BIDEN,"Well, no, no.",S,,,,S,,,,S,,,
535,BIDEN,You can trust the scientist.,S,,,,S,,,,S,,,
536,BIDEN,She didn’t say that.,S,,,,S,,,,S,,,
537,BIDEN,You can trust the-,S,,,,S,,,,S,,,
538,WALLACE,"She said that public health experts quote, “Will be muzzled, will be suppressed.",S,,,,S,,,,S,,,
539,BIDEN,Yes.,S; ANS,,,,S; ANS,,,,S; ANS,,,
540,BIDEN,"Well, that’s what he’s going to try to do, but there’s thousands of scientists out there, like here at this great hospital that don’t work for him.",S,,,,S,,,,S,,,
541,BIDEN,Their job doesn’t depend on him.,S,,,,S,,,,S,,,
542,BIDEN,They’re the people… And by the way-,S,,,,S,,,,S,,,
543,TRUMP,We spoke to the scientists that are in charge-,S,,,,S,,,,S,,,
544,BIDEN,By the way-,S,,,,S,,,,S,,,
545,TRUMP,… they will have the vaccine very soon.,S,,,,S,,,,S,,,
546,WALLACE,Let him finish.,S,,,,S,,,,S,,,
547,BIDEN,Do you believe for a moment what he’s telling you in light of all the lies he’s told you about the whole issue relating to COVID?,YNQ,,,,YNQ,,,,YNQ,,,
548,BIDEN,"He still hasn’t even acknowledged that he knew this was happening, knew how dangerous it was going to be back in February, and he didn’t even tell you.",S,,AF,,S,,AF,,S,,AF,
549,BIDEN,He’s on record as saying it.,S,,,,S,,,,S,,,
550,BIDEN,He panicked or he just looked at the stock market.,S,,,,S,,,,S,,,
551,BIDEN,One of the two.,S,,,,S,,,,S,,,
552,BIDEN,Because guess what?,EXPL,,,,EXPL,,,,EXPL,,,
553,BIDEN,"A lot of people died and a lot more are going to die unless he gets a lot smarter, a lot quicker-",S,,,,S,,,,S,,,
554,WALLACE,Mr.,S,,,,S,,,,S,,,
555,WALLACE,President?,,,,,,,,,,,,
556,TRUMP,Did you use the word smart?,YNQ,,,,YNQ,,,,YNQ,,,
557,TRUMP,"So you said you went to Delaware State, but you forgot the name of your college.",S,,,,S,,,,S,,,
558,TRUMP,You didn’t go to Delaware State.,S,,,,S,,,,S,,,
559,TRUMP,You graduated either the lowest or almost the lowest in your class.,S,,,,S,,,,S,,,
560,TRUMP,Don’t ever use the word smart with me.,IAFA,,,,IAFA,,,,IAFA,,,
561,TRUMP,Don’t ever use that word.,IAFA,,,,IAFA,,,,IAFA,,,
562,BIDEN,"Oh, give me a break.",IAFA,,,,IAFA,,,,IAFA,,,
563,TRUMP,Because you know what?,EXPL,,,,EXPL,,,,EXPL,,,
564,TRUMP,"There’s nothing smart about you, Joe.",IAFA,,,,IAFA,,,,IAFA,,,
565,TRUMP,47 years you’ve done nothing.,S; S-Inform,,,,S; S-Inform,,,,S; S-Inform,,,
566,BIDEN,"Well, let’s have this debate-",S,,,,S,,,,S,,,
567,TRUMP,"Let me just tell you something, Joe.",S,,,,S,,,,S,,,
568,TRUMP,"If you would have had the charge of what I was put through, I had to close the greatest economy in the history of our country.",S,,,,S,,,,S,,,
569,TRUMP,"And by the way, now it’s being built again and it’s going up fast.",S,,,,S,,,,S,,,
570,WALLACE,"We’ll get to the economy in the next segment, sir.",S,,,,S,,,,S,,,
571,TRUMP,It’s going up fast.,S,,,,S,,,,S,,,
572,TRUMP,I look forward to talking about it.,S,,,,S,,,,S,,,
573,WALLACE,Okay.,S; ACK,,,,S; ACK,,,,S; ACK,,,
574,WALLACE,"When it comes to how the virus has been handled so far, the two of you have taken very different approaches, and this is going to affect how the virus is handled going forward by whichever of you ends up becoming the next president.",S,,,,S,,,,S,,,
575,WALLACE,I want to quickly go through several of those.,S,,,,S,,,,S,,,
576,WALLACE,Reopenings.,S,,,,S,,,,S,,,
577,WALLACE,"Vice President Biden, you have been much more reluctant than President Trump about reopening the economy and schools.",S,,,,S,,,,S,,,
578,WALLACE,"Why, sir?",Q-W,,,,Q-W,,,,Q-W,,,
579,BIDEN,Because he doesn’t have a plan.,S; EXPL,,,,S; EXPL,,,,S; EXPL,,,
580,BIDEN,"If I were running it, I’d know what the plan is.",S,,,,S,,,,S,,,
581,BIDEN,"You’ve got to provide these businesses the ability to have the money to be able to reopen with the PPE, as well as with the sanitation they need.",S,,,,S,,,,S,,,
582,BIDEN,You have to provide them classic-,S,,,,S,,,,S,,,
583,TRUMP,Tell that to Nancy Pelosi.,IAFA,,,,IAFA,,,,IAFA,,,
584,BIDEN,Will he just shush for a minute?,YNQ,,,,YNQ,,,,YNQ,,,
585,TRUMP,"Tell that to Nancy Pelosi, and Schumer Chuck.",IAFA,,,,IAFA,,,,IAFA,,,
586,BIDEN,"Nancy Pelosi and Schumer, they have a plan.",S,,,,S,,,,S,,,
587,BIDEN,He won’t even meet with them.,S,,,,S,,,,S,,,
588,BIDEN,The Republicans won’t meet in the Senate.,S,,,,S,,,,S,,,
589,BIDEN,He sits in his golf course.,S,,,,S,,,,S,,,
590,BIDEN,"Well, I mean, literally, think about it.",S,,,,S,,,,S,,,
591,BIDEN,Think about it.,IAFA,,,,IAFA,,,,IAFA,,,
592,TRUMP,"You probably play more than I do, Joe.",S,,,,S,,,,S,,,
593,WALLACE,What about this question of reopenings and the fact-,S,,,,S,,,,S,,,
594,TRUMP,"Well, he wants to shut down this country and I want to keep it open, and we did a great thing by shutting it down-",S,,,,S,,,,S,,,
595,BIDEN,You just admitted you’d shut it down.,S,,,,S,,,,S,,,
596,TRUMP,"Wait a minute, Joe.",IAFA,,,,IAFA,,,,IAFA,,,
597,TRUMP,"Let me shut you down for a second, Joe, just for one second.",S,,,,S,,,,S,,,
598,TRUMP,He wants to shut down the country.,S,,,,S,,,,S,,,
599,TRUMP,We just went through it.,S,,,,S,,,,S,,,
600,TRUMP,"We had to, because we didn’t know anything about the disease.",S; EXPL,,,,S; EXPL,,,,S; EXPL,,,
601,TRUMP,"Now we’ve found that elderly people with heart problems and diabetes and different problems are very, very vulnerable.",S,,,,S,,,,S,,,
602,TRUMP,We learned a lot.,S,,,,S,,,,S,,,
603,TRUMP,"Young children aren’t, even younger people aren’t.",S,,AE,,S,,AE,,S,,AE,
604,TRUMP,"We’ve learned a lot, but he wants to shut it down.",S,,,,S,,,,S,,,
605,TRUMP,More people will be hurt by continuing.,S,,,,S,,,,S,,,
606,TRUMP,"If you look at Pennsylvania, if you look at certain states that have been shut down, they have Democrat governors, all, one of the reasons they shut down is because they want to keep it shut down until after the election on November 3rd.",S; EXPL; S-Inform,,,,S; EXPL; S-Inform,,,,S; EXPL; S-Inform,,,
607,WALLACE,All right.,S,,,,S,,,,S,,,
608,WALLACE,I want to move onto another-,S,,,,S,,,,S,,,
609,TRUMP,Because it’s a political thing.,S; EXPL,,,,S; EXPL,,,,S; EXPL,,,
610,WALLACE,I want to move onto another subject.,S,,,,S,,,,S,,,
611,BIDEN,I got to respond to that.,S,,,,S,,,,S,,,
612,WALLACE,I want to move-,S,,,,S,,,,S,,,
613,TRUMP,But those states-,S,,,,S,,,,S,,,
614,WALLACE,"Gentlemen, I want to move onto another subject.",S,,,,S,,,,S,,,
615,TRUMP,Those states are not doing well that are shut down right now.,S,,,,S,,,,S,,,
616,BIDEN,I got to respond to that.,S,,,,S,,,,S,,,
617,TRUMP,He wants to shut down the whole country.,S,,,,S,,,,S,,,
618,WALLACE,"President Trump, you have begun to increasingly question the effectiveness of masks as a disease preventer.",S,,,,S,,,,S,,,
619,WALLACE,"And in fact, recently you have cited the issue of waiters touching their masks and touching plates.",S,,,,S,,,,S,,,
620,WALLACE,Are you questioning the efficacy of masks?,YNQ,,,,YNQ,,,,YNQ,,,
621,TRUMP,"No, I think masks are okay.",S; REJ; ANS,,IP,,S; REJ; ANS,,IP,,S; REJ; ANS,,IP,
622,TRUMP,"You have to understand, if you look… I mean, I have a mask right here.",S,,,,S,,,,S,,,
623,TRUMP,I put a mask on when I think I need it.,S,,IP,,S,,IP,,S,,IP,
624,TRUMP,"Tonight, as an example, everybody’s had a test and you’ve had social distancing and all of the things that you have to, but I wear masks-",S,,,,S,,,,S,,,
625,BIDEN,Just like your rally.,S,,,,S,,,,S,,,
626,TRUMP,… when needed.,IAFA,,,,IAFA,,,,IAFA,,,
627,TRUMP,"When needed, I wear masks.",S,,,,S,,,,S,,,
628,WALLACE,Okay.,S; ACK,,,,S; ACK,,,,S; ACK,,,
629,WALLACE,Let me ask-,IAFA,,,,IAFA,,,,IAFA,,,
630,TRUMP,I don’t wear a mask like him.,S,,,,S,,,,S,,,
631,TRUMP,"Every time you see him, he’s got a mask.",S,,,,S,,,,S,,,
632,TRUMP,He could be speaking 200 feet away from him and he shows up with the biggest mask I’ve ever seen.,S; S-Inform,,,,S; S-Inform,,,,S; S-Inform,,,
633,TRUMP,I will say this-,S,,,,S,,,,S,,,
634,WALLACE,"Vice President Biden, go ahead, sir.",IAFA,,,,IAFA,,,,IAFA,,,
635,BIDEN,"Look, the way to open businesses is give them the wherewithal to be able to open.",S,,,,S,,,,S,,,
636,BIDEN,"We provided money, the-",S,,,,S,,,,S,,,
637,WALLACE,"But I was asking you, sir, about masks.",S,,,,S,,,,S,,,
638,BIDEN,"Well, masks make a big difference.",S,,,,S,,,,S,,,
639,BIDEN,"His own head of the CDC said if we just wore masks between now, if everybody wore a mask and social distanced between now and January, we’d probably save up to 100,000 lives.",S; S-Inform,,,,S; S-Inform,,,,S; S-Inform,,,
640,BIDEN,It matters.,S,,,,S,,,,S,,,
641,BIDEN,It matters.,S,,,,S,,,,S,,,
642,TRUMP,And they’ve also said the opposite.,S,,,,S,,,,S,,,
643,TRUMP,They’ve also said-,S,,,,S,,,,S,,,
644,BIDEN,No serious person has said the opposite.,S; REJ; ANS,,,,S; REJ; ANS,,,,S; REJ; ANS,,,
645,BIDEN,No serious person.,S; REJ; ANS,,,,S; REJ; ANS,,,,S; REJ; ANS,,,
646,WALLACE,Okay.,S; ACK,,,,S; ACK,,,,S; ACK,,,
647,WALLACE,I want to ask you-,S,,,,S,,,,S,,,
648,TRUMP,Dr.,S,,,,S,,,,S,,,
649,TRUMP,Fauci.,S,,,,S,,,,S,,,
650,TRUMP,Dr.,S,,,,S,,,,S,,,
651,TRUMP,Fauci said the opposite.,S,,,,S,,,,S,,,
652,BIDEN,He did not say the opposite.,S,,,,S,,,,S,,,
653,WALLACE,"I want to ask you, we’ve got a little more than a minute left in this segment.",S,,,,S,,,,S,,,
654,TRUMP,"He said very strongly, “Masks are not good.",S,,,,S,,,,S,,,
655,TRUMP,” Then he changed his mind.,S,,,,S,,,,S,,,
656,TRUMP,"He said, “Masks are good.",S,,,,S,,,,S,,,
657,WALLACE,I want to ask-,S,,,,S,,,,S,,,
658,TRUMP,I’m okay with masks.,S,,,,S,,,,S,,,
659,TRUMP,I’m not fighting masks.,S,,,,S,,,,S,,,
660,WALLACE,I want to ask you both about one last subject because your different approaches has even affected the way that you have campaigned.,S; EXPL,,,,S; EXPL,,,,S; EXPL,,,
661,WALLACE,"President Trump, you’re holding large rallies with crowds packed together, thousands of people.",S,,,,S,,,,S,,,
662,TRUMP,Outside.,S,,,,S,,,,S,,,
663,WALLACE,Outside.,S,,,,S,,,,S,,,
664,WALLACE,"Yes, sir.",S; ANS,,,,S; ANS,,,,S; ANS,,,
665,WALLACE,Agreed.,IAFA,,,,IAFA,,,,IAFA,,,
666,WALLACE,"Vice President Biden, you are holding much smaller events with-",S,,,,S,,,,S,,,
667,TRUMP,Because nobody will show up.,S; EXPL,,,,S; EXPL,,,,S; EXPL,,,
668,WALLACE,… people with masks.,S,,,,S,,,,S,,,
669,TRUMP,"Well, it’s true.",S,,,,S,,,,S,,,
670,TRUMP,Nobody shows up to his rallies.,S,,,,S,,,,S,,,
671,WALLACE,All right.,S,,,,S,,,,S,,,
672,WALLACE,"In any case, why you holding the big rallies?",,,,,,,,,,,,
673,WALLACE,Why you not?,Q-W,,,,Q-W,,,,Q-W,,,
674,WALLACE,"You go first, sir.",S,,,,S,,,,S,,,
675,TRUMP,Because people want to hear what I have to say.,S; EXPL,,,,S; EXPL,,,,S; EXPL,,,
676,TRUMP,I mean-,S,,,,S,,,,S,,,
677,WALLACE,But are not worried about us spreading disease?,,,,,,,,,,,,
678,TRUMP,"… I’ve done a great job as a president, and I’ll have 25, 35,000 people show up at airports.",S; S-Inform,,,,S; S-Inform,,,,S; S-Inform,,,
679,TRUMP,We use airports and hangers and we have a lot of people-,S,,,,S,,,,S,,,
680,WALLACE,"Are you not worried about the disease issues, sir?",YNQ,,,,YNQ,,,,YNQ,,,
681,TRUMP,"Well, so far we have had no problem whatsoever.",S,,,,S,,,,S,,,
682,TRUMP,It’s outside.,S,,,,S,,,,S,,,
683,TRUMP,That’s a big difference according to the experts.,S,,,,S,,,,S,,,
684,TRUMP,"We do them outside, we have tremendous crowds, as you see, and literally on 24 hours notice.",S; S-Inform,,,,S; S-Inform,,,,S; S-Inform,,,
685,TRUMP,And Joe does the circles and has three people someplace.,S,,,,S,,,,S,,,
686,BIDEN,"By the way, did you see one of the last big rallies he had?",,,,,,,,,,,,
687,BIDEN,"A reporter came up to him to ask him a question, he said, “No, no, no.",S,,,,S,,,,S,,,
688,BIDEN,"Stand back, put on your mask, put on a mask.",IAFA,,,,IAFA,,,,IAFA,,,
689,BIDEN,Have you been tested?,YNQ,,,,YNQ,,,,YNQ,,,
690,BIDEN,I’m way far away from those other people.,S,,,,S,,,,S,,,
691,BIDEN,"” That’s what he said, “I’m going to be okay.",S,,,,S,,,,S,,,
692,BIDEN,” He’s not worried about you.,S,,,,S,,,,S,,,
693,BIDEN,He’s not worried about the people out there .,S,,,,S,,,,S,,,
694,TRUMP,We’ve had no negative effect.,S,,,,S,,,,S,,,
695,BIDEN,No negative effect.,S; REJ; ANS,,,,S; REJ; ANS,,,,S; REJ; ANS,,,
696,BIDEN,Come on.,IAFA,,,,IAFA,,,,IAFA,,,
697,TRUMP,"We’ve had no negative effect, and we’ve had 35, 40,000 people at these rallies.",S; S-Inform,,,,S; S-Inform,,,,S; S-Inform,,,
698,WALLACE,All right.,S,,,,S,,,,S,,,
699,WALLACE,Do you want to just quickly finish up?,YNQ,,,,YNQ,,,,YNQ,,,
700,WALLACE,Because I want to move on to our next-,S; EXPL,,,,S; EXPL,,,,S; EXPL,,,
701,BIDEN,"Yes, I would.",S; ANS,,,,S; ANS,,,,S; ANS,,,
702,BIDEN,"He’s been totally irresponsible the way in which he has handled the social distancing and people wearing masks, basically encouraged them not to.",S,,,,S,,,,S,,,
703,BIDEN,He’s a fool on this.,S,,,,S,,,,S,,,
704,TRUMP,"If you could get the crowds, you would have done the same thing.",S,,,,S,,,,S,,,
705,TRUMP,But you can’t.,S,,,,S,,,,S,,,
706,TRUMP,Nobody cares.,S,,,,S,,,,S,,,
707,WALLACE,"Gentlemen, can we move on to the-",S,,,,S,,,,S,,,
708,TRUMP,Nobody cares.,S,,,,S,,,,S,,,
709,WALLACE,"Gentlemen, can we move on to the economy?",,,,,,,,,,,,
710,TRUMP,Yes.,S; ANS,,,,S; ANS,,,,S; ANS,,,
711,WALLACE,"The economy is, I think it’s fair to say, recovering faster than expected from the shutdown-",S,,IP,,S,,IP,,S,,IP,
712,TRUMP,Much faster.,S,,,,S,,,,S,,,
713,WALLACE,… in the second quarter.,S,,,,S,,,,S,,,
714,WALLACE,The unemployment rate fell to 8.,S; S-Inform,,,,S; S-Inform,,,,S; S-Inform,,,
715,WALLACE,4% last month.,S; S-Inform,,,,S; S-Inform,,,,S; S-Inform,,,
716,WALLACE,"The Federal Reserve says the hit to growth, which is going to be there, is not going to be nearly as big as they had expected.",S,,,,S,,,,S,,,
717,WALLACE,"President Trump, you say we are in a V-shaped recovery.",S,,,,S,,,,S,,,
718,WALLACE,"Vice President Biden, you say it’s more of a K-shape.",S,,,,S,,,,S,,,
719,WALLACE,What difference does that mean to the American people in terms of the economy?,Q-W,,AP; APAT,,Q-W,,AP; APAT,,Q-W,,AP; APAT,
720,WALLACE,"President Trump, in this segment you go first.",S,,,,S,,,,S,,,
721,TRUMP,So we built the greatest economy in history.,S,,,,S,,,,S,,,
722,TRUMP,We closed it down because of the China plague.,S; EXPL,,,,S; EXPL,,,,S; EXPL,,,
723,TRUMP,"When the plague came in, we closed it down, which was very hard psychologically to do.",S,,,,S,,,,S,,,
724,TRUMP,He didn’t think we should close it down and he was wrong.,S,,,,S,,,,S,,,
725,TRUMP,"Again, two million people would be dead now instead of… Still, 204,000 people is too much.",S; S-Inform,,,,S; S-Inform,,,,S; S-Inform,,,
726,TRUMP,One person is too much.,S,,,,S,,,,S,,,
727,TRUMP,Should have never happened from China.,IAFA,,,,IAFA,,,,IAFA,,,
728,TRUMP,But what happened is we closed it down and now we’re reopening and we’re doing record business.,S,,,,S,,,,S,,,
729,TRUMP,We had 10.,S; S-Inform,,,,S; S-Inform,,,,S; S-Inform,,,
730,TRUMP,4 million people in a four-month period that we’ve put back into the workforce.,S; S-Inform,,,,S; S-Inform,,,,S; S-Inform,,,
731,TRUMP,That’s a record the likes of which nobody’s ever seen before.,S,,,,S,,,,S,,,
732,TRUMP,And he wants to close down the… He will shut it down again.,S,,,,S,,,,S,,,
733,TRUMP,He will destroy this country.,S,,AF,,S,,AF,,S,,AF,
734,TRUMP,"A lot of people, between drugs and alcohol and depression, when you start shutting it down, you take a look at what’s happening at some of your Democrat-run states where they have these tough shutdowns.",S,,,,S,,,,S,,,
735,TRUMP,And I’m telling you it’s because they don’t want to open it.,S; EXPL,,,,S; EXPL,,,,S; EXPL,,,
736,TRUMP,"One of them came out last week, you saw that, “Oh, we’re going to open up on November 9th.",S; S-Inform,,,,S; S-Inform,,,,S; S-Inform,,,
737,TRUMP,” Why November 9th?,,,,,,,,,,,,
738,TRUMP,Because it’s after the election.,S; EXPL,,,,S; EXPL,,,,S; EXPL,,,
739,TRUMP,They think they’re hurting us by keeping them closed.,S,,,,S,,,,S,,,
740,TRUMP,They’re hurting people.,S,,,,S,,,,S,,,
741,TRUMP,People know what to do.,S,,,,S,,,,S,,,
742,TRUMP,They can social distance.,S,,,,S,,,,S,,,
743,TRUMP,"They can wash their hands, they can wear masks.",S,,,,S,,,,S,,,
744,TRUMP,"They can do whatever they want, but they got to open these states up.",S,,,,S,,,,S,,,
745,TRUMP,"When you look at North Carolina, when you look, and these governors are under siege, Pennsylvania, Michigan, and a couple of others, you got to open these states up.",S,,,,S,,,,S,,,
746,TRUMP,It’s not fair.,S,,,,S,,,,S,,,
747,TRUMP,You’re talking about almost it’s like being in prison.,S,,,,S,,,,S,,,
748,TRUMP,"And you look at what’s going on with divorce, look at what’s going on with alcoholism and drugs.",S,,,,S,,,,S,,,
749,TRUMP,"It’s a very, very sad thing.",S,,,,S,,,,S,,,
750,TRUMP,And he’ll close down the whole country.,S,,,,S,,,,S,,,
751,TRUMP,This guy will close down the whole country and destroy our country.,S,,AF,,S,,AF,,S,,AF,
752,TRUMP,"Our country is coming back incredibly well, setting records as it does it.",S,,,,S,,,,S,,,
753,TRUMP,"We don’t need somebody to come in and say, “Let’s shut it down.",S,,,,S,,,,S,,,
754,WALLACE,All right.,S,,,,S,,,,S,,,
755,WALLACE,"Your two minutes, sir.",S,,,,S,,,,S,,,
756,WALLACE,We’re now moved to you.,S,,,,S,,,,S,,,
757,WALLACE,"As I said, posing the question, the president says it’s a V-shape recovery, you say it’s a K-shaped recovery.",S,,,,S,,,,S,,,
758,WALLACE,What’s the difference?,Q-W,,,,Q-W,,,,Q-W,,,
759,BIDEN,The difference is millionaires and billionaires like him in the middle of the COVID crisis have done very well.,S,,AF,,S,,AF,,S,,AF,
760,BIDEN,"Billionaires have made another $300 billion because of his profligate tax proposal, and he only focused on the market.",S; EXPL; S-Inform,,,,S; EXPL; S-Inform,,,,S; EXPL; S-Inform,,,
761,BIDEN,"But you folks at home, you folks living in Scranton and Claymont and all the small towns and working class towns in America, how well are you doing?",,,APAT,,,,APAT,,,,APAT,
762,BIDEN,This guy paid a total of $750 in taxes.,S; S-Inform,,,,S; S-Inform,,,,S; S-Inform,,,
763,TRUMP,That’s wrong.,S,,,,S,,,,S,,,
764,WALLACE,"Sir, wait.",IAFA,,,,IAFA,,,,IAFA,,,
765,WALLACE,No.,S; REJ; ANS,,,,S; REJ; ANS,,,,S; REJ; ANS,,,
766,WALLACE,Sir-,S,,,,S,,,,S,,,
767,WALLACE,"Yeah, I understand.",S,,,,S,,,,S,,,
768,WALLACE,"You’ve agreed to the two minutes, so please let him have it.",S,,,,S,,,,S,,,
769,BIDEN,Do I get my time back?,YNQ,,,,YNQ,,,,YNQ,,,
770,BIDEN,"The fact is that he has in fact, worked on this in a way that he’s going to be the first president of the United States to leave office, having fewer jobs in his administration than when he became president.",S,,UF,,S,,UF,,S,,UF,
771,BIDEN,Fewer jobs than when he became president.,S,,,,S,,,,S,,,
772,BIDEN,First one in American history.,S,,APAT,,S,,APAT,,S,,APAT,
773,BIDEN,"Secondly, the people who have lost their jobs are those people who have been on the front lines.",S,,,,S,,,,S,,,
774,BIDEN,"Those people who have been saving our lives, those people who have been out there dying.",S,,,,S,,,,S,,,
775,BIDEN,People who’ve been putting themselves in the way to make sure that we could all try to make it.,S,,,,S,,,,S,,,
776,BIDEN,"And the idea that he is insisting that we go forward and open when you have almost half the states in America with a significant increase in COVID deaths and COVID cases in the United States of America, and he wants to open it up more.",S,,APAT; UF,,S,,APAT; UF,,S,,APAT; UF,
777,BIDEN,Why is he want to open it up?,Q-W; SEEP,,,,Q-W; SEEP,,,,Q-W; SEEP,,,
778,BIDEN,Why doesn’t he take care of the… You can’t fix the economy until you fix the COVID crisis.,S,,AF,,S,,AF,,S,,AF,
779,BIDEN,And he has no intention of doing anything about making it better for you all at home in terms of your health and your safety.,S,,,,S,,,,S,,,
780,BIDEN,Schools.,S,,,,S,,,,S,,,
781,BIDEN,Why aren’t schools open?,Q-W,,,,Q-W,,,,Q-W,,,
782,BIDEN,Because it costs a lot of money to open them safely.,S; EXPL,,,,S; EXPL,,,,S; EXPL,,,
783,BIDEN,"They were going to give, his Administration going to give the teachers and school students masks, and then they decided no, couldn’t do that because it’s not a national emergency.",S; EXPL,,,,S; EXPL,,,,S; EXPL,,,
784,BIDEN,Not a national emergency.,S,,,,S,,,,S,,,
785,BIDEN,They’ve done nothing to help small businesses.,S,,,,S,,,,S,,,
786,BIDEN,Nothing.,S,,,,S,,,,S,,,
787,BIDEN,They’re closing.,S,,,,S,,,,S,,,
788,BIDEN,One in six is now gone.,S,,,,S,,,,S,,,
789,BIDEN,He ought to get on the job and take care of the needs of the American people so we can open safely.,S,,AP; APAT,,S,,AP; APAT,,S,,AP; APAT,
790,WALLACE,All right.,S,,,,S,,,,S,,,
791,WALLACE,"Your time is up, sir.",S,,,,S,,,,S,,,
792,WALLACE,We are going to get to-,S,,,,S,,,,S,,,
793,TRUMP,I have to respond to that.,S,,,,S,,,,S,,,
794,WALLACE,"Well, you both had two minutes, sir.",S,,,,S,,,,S,,,
795,TRUMP,"Excuse me, he made a statement.",S; TT,,,,S; TT,,,,S; TT,,,
796,WALLACE,And so did you.,S,,,,S,,,,S,,,
797,TRUMP,"No, people want their schools open.",S; REJ; ANS,,,,S; REJ; ANS,,,,S; REJ; ANS,,,
798,TRUMP,They don’t want to be shut down.,S,,,,S,,,,S,,,
799,TRUMP,They don’t want their state shut down.,S,,,,S,,,,S,,,
800,TRUMP,They want their restaurants.,S,,,,S,,,,S,,,
801,TRUMP,I look at New York.,S,,,,S,,,,S,,,
802,TRUMP,It’s so sad what’s happening in New York.,S,,,,S,,,,S,,,
803,TRUMP,"It’s almost like a ghost town, and I’m not sure it can ever recover what they’ve done to New York.",S,,,,S,,,,S,,,
804,TRUMP,People want their places open.,S,,,,S,,,,S,,,
805,TRUMP,They want to get back to their lives.,S,,,,S,,,,S,,,
806,BIDEN,People want to be safe.,S,,,,S,,,,S,,,
807,TRUMP,"They’ll be careful, but they want their schools open.",S,,,,S,,,,S,,,
808,BIDEN,People want to be safe.,S,,,,S,,,,S,,,
809,TRUMP,I’m the one that brought back football.,S,,,,S,,,,S,,,
810,TRUMP,"By the way, I brought back Big Ten football.",S,,IT,,S,,IT,,S,,IT,
811,TRUMP,It was me and I’m very happy to do it-,S,,,,S,,,,S,,,
812,WALLACE,All right.,S,,,,S,,,,S,,,
813,WALLACE,Let’s-,S,,,,S,,,,S,,,
814,TRUMP,… and people of Ohio are very proud of me.,S,,,,S,,,,S,,,
815,TRUMP,And you know how I found out?,,,,,,,,,,,,
816,TRUMP,When .,S,,,,S,,,,S,,,
817,WALLACE,"Gentlemen, we’re going to get to your economic plans going forward in a moment, but first, Mr.",S,,,,S,,,,S,,,
818,WALLACE,"President, as you well know, there’s a new report that in 2016, the year you were elected president, and 2017, your first year as president, that you paid $750 a year in federal income tax each of those years.",S; HS; S-Inform,,,,S; HS; S-Inform,,,,S; HS; S-Inform,,,
819,WALLACE,"I know that you pay a lot of other taxes, but I’m asking you this specific question.",S,,,,S,,,,S,,,
820,WALLACE,Is it true that you paid $750 in federal income taxes each of those two years?,YNQ,,,,YNQ,,,,YNQ,,,
821,TRUMP,"I paid millions of dollars in taxes, millions of dollars of income tax.",S,,,,S,,,,S,,,
822,TRUMP,"And let me just tell you, there was a story in one of the papers that paid-",S,,,,S,,,,S,,,
823,BIDEN,Show us your tax returns.,IAFA,,,,IAFA,,,,IAFA,,,
824,TRUMP,"I paid $38 million one year, I paid $27 million one year.",S; S-Inform,,,,S; S-Inform,,,,S; S-Inform,,,
825,BIDEN,Show us your tax returns.,IAFA,,,,IAFA,,,,IAFA,,,
826,TRUMP,"You’ll see it as soon as it’s finished, you’ll see it.",S,,,,S,,,,S,,,
827,TRUMP,"You know, if you wanted to, go to the Board of Elections.",S,,,,S,,,,S,,,
828,TRUMP,"There’s 118 page or so report that says everything I have, every bank I have, I’m totally under leveraged because the assets are extremely good, and I built a great company.",S; EXPL; S-Inform,,IT,,S; EXPL; S-Inform,,IT,,S; EXPL; S-Inform,,IT,
829,WALLACE,"Sir, I’m asking you a specific question, which is-",S,,,,S,,,,S,,,
830,TRUMP,But let me tell you-,S,,,,S,,,,S,,,
831,WALLACE,I understand all of that.,S,,,,S,,,,S,,,
832,BIDEN,Release your tax return.,IAFA,,,,IAFA,,,,IAFA,,,
833,WALLACE,I understand all of that-,S,,,,S,,,,S,,,
834,TRUMP,Let me-,IAFA,,,,IAFA,,,,IAFA,,,
835,WALLACE,"No, Mr.",S; REJ; ANS,,,,S; REJ; ANS,,,,S; REJ; ANS,,,
836,WALLACE,"President, I’m asking you a question.",S,,,,S,,,,S,,,
837,WALLACE,Will you tell us how much you paid in federal income taxes in 2016 and 2017?,YNQ; HS,,,,YNQ; HS,,,,YNQ; HS,,,
838,TRUMP,Millions of dollars.,S,,,,S,,,,S,,,
839,WALLACE,You paid millions of dollars in-,S,,,,S,,,,S,,,
840,TRUMP,"Millions of dollars, yes.",S,,,,S,,,,S,,,
841,WALLACE,So not 750?,,,,,,,,,,,,
842,TRUMP,Millions of dollars.,S,,,,S,,,,S,,,
843,TRUMP,And you’ll get to see it.,S,,,,S,,,,S,,,
844,TRUMP,And you’ll get to see it.,S,,,,S,,,,S,,,
845,BIDEN,When?,Q-W,,,,Q-W,,,,Q-W,,,
846,TRUMP,But let me just tell you-,S,,,,S,,,,S,,,
847,BIDEN,In ?,,,,,,,,,,,,
848,TRUMP,"Chris, let me just say something, that it was the tax laws.",S,,,,S,,,,S,,,
849,TRUMP,I don’t want to pay tax.,S,,,,S,,,,S,,,
850,TRUMP,"Before I came here, I was a private developer, I was a private business people.",S,,,,S,,,,S,,,
851,TRUMP,"Like every other private person, unless they’re stupid, they go through the laws, and that’s what it is.",S,,,,S,,,,S,,,
852,TRUMP,He passed a tax bill that gave us all these privileges for depreciation and for tax credits.,S,,,,S,,,,S,,,
853,TRUMP,"We built the building and we get tax credits, like the hotel on Pennsylvania Avenue.",S,,,,S,,,,S,,,
854,TRUMP,"Which by the way, was given to me by the Obama Administration, if you can believe that.",S,,,,S,,,,S,,,
855,TRUMP,"Now the man got fired right after that happened, but that’s-",S,,,,S,,,,S,,,
856,WALLACE,"Vice President Biden, you want to respond?",,,,,,,,,,,,
857,BIDEN,"Yeah, I do want to respond.",S,,,,S,,,,S,,,
858,BIDEN,"Look, the tax code that put him in a position that he pays less tax than on the money a school teacher makes is because of him… He says he’s smart because he can take advantage of the tax code.",S; EXPL,,,,S; EXPL,,,,S; EXPL,,,
859,BIDEN,And he does take advantage of the tax code.,S,,,,S,,,,S,,,
860,BIDEN,That’s why I’m going to eliminate the Trump tax cuts.,S,,,,S,,,,S,,,
861,BIDEN,And I’m going to eliminate those tax cuts.,S,,,,S,,,,S,,,
862,TRUMP,That’s okay.,S,,,,S,,,,S,,,
863,BIDEN,And make sure that we invest in the people who in fact need the help.,S,,,,S,,,,S,,,
864,BIDEN,People out there need help.,S,,,,S,,,,S,,,
865,TRUMP,But why didn’t you do it over the last 25 years?,,,,,,,,,,,,
866,BIDEN,Because you weren’t president-,S; EXPL,,,,S; EXPL,,,,S; EXPL,,,
867,TRUMP,Why didn’t you do it over the last 25 years?,Q-W,,,,Q-W,,,,Q-W,,,
868,BIDEN,Because you weren’t president and screwing things up.,S; EXPL,,,,S; EXPL,,,,S; EXPL,,,
869,TRUMP,You were a Senator and -,S,,,,S,,,,S,,,
870,BIDEN,You’re the worst president America has ever had.,S,,APAT,,S,,APAT,,S,,APAT,
871,BIDEN,Come on.,IAFA,,,,IAFA,,,,IAFA,,,
872,TRUMP,"Hey, Joe, let me just tell you, Joe.",S,,,,S,,,,S,,,
873,TRUMP,"In 47 months, I’ve done more than you’ve done in 47 years, Joe.",S; S-Inform,,,,S; S-Inform,,,,S; S-Inform,,,
874,TRUMP,We’ve done things that you never even thought of doing.,S,,,,S,,,,S,,,
875,WALLACE,Okay.,S; ACK,,,,S; ACK,,,,S; ACK,,,
876,WALLACE,Gentlemen?,,,,,,,,,,,,
877,TRUMP,"Including fixing the broken military that you gave me, including taking care of your debts.",S,,,,S,,,,S,,,
878,WALLACE,Mr.,S,,,,S,,,,S,,,
879,WALLACE,"President, we’re talking about the economy.",S,,,,S,,,,S,,,
880,WALLACE,I’d like to ask you about your plans going forward because Mr.,S; EXPL,,,,S; EXPL,,,,S; EXPL,,,
881,WALLACE,"Vice President, your economic plan-",S,,,,S,,,,S,,,
882,TRUMP,He has none.,S,,,,S,,,,S,,,
883,WALLACE,"… if you were to be elected president focuses a lot on big government, big taxes, big spending.",S,,,,S,,,,S,,,
884,WALLACE,I want to focus first on the taxes.,S,,,,S,,,,S,,,
885,WALLACE,"You propose more than $4 trillion over a decade in new taxes on individuals making more than $400,000 a year.",S; S-Inform,,,,S; S-Inform,,,,S; S-Inform,,,
886,WALLACE,… and on corporations.,S,,,,S,,,,S,,,
887,WALLACE,President Trump says that that kind of an increase in taxes is going to hurt the economy as it’s just coming out of a recession.,S,,,,S,,,,S,,,
888,BIDEN,"Well, just take a look at what is the analysis done by Wall Street firms, points out that my economic plan would create 7 million more jobs than his in four years, number one.",S; S-Inform,,,,S; S-Inform,,,,S; S-Inform,,,
889,BIDEN,"And number two, it would create an additional $1 trillion in economic growth, because it would be about buying American.",S; EXPL; S-Inform,,APAT,,S; EXPL; S-Inform,,APAT,,S; EXPL; S-Inform,,APAT,
890,BIDEN,"The federal government spends $600 billion a year on everything from ships, to steel, to buildings and the like.",S; S-Inform,,,,S; S-Inform,,,,S; S-Inform,,,
891,BIDEN,"And under my proposal, we’re going to make sure that every penny of that has to be made by a company-",S,,,,S,,,,S,,,
892,WALLACE,"But respectfully, sir, I’m talking about taxes, not spending.",S,,,,S,,,,S,,,
893,BIDEN,"By the way, I’m going to eliminate a significant number of the taxes.",S,,,,S,,,,S,,,
894,BIDEN,I’m going to make the corporate tax 28%.,S; S-Inform,,,,S; S-Inform,,,,S; S-Inform,,,
895,BIDEN,It shouldn’t be 21%.,S; S-Inform,,,,S; S-Inform,,,,S; S-Inform,,,
896,BIDEN,"You have 91 companies federal, I mean, the fortune 500, who don’t pay a single penny in tax making billions of dollars.",S; S-Inform,,,,S; S-Inform,,,,S; S-Inform,,,
897,TRUMP,"Why didn’t you do it before, when you were Vice-President with Obama?",Q-W,,,,Q-W,,,,Q-W,,,
898,BIDEN,"Because you in fact passed that, that was your tax proposal.",S; EXPL,,,,S; EXPL,,,,S; EXPL,,,
899,TRUMP,I got it done.,S,,,,S,,,,S,,,
900,TRUMP,And you know what happened?,,,,,,,,,,,,
901,BIDEN,"Yeah, you got it done-",S,,,,S,,,,S,,,
902,TRUMP,Our economy boomed like it’s never boomed before.,S,,,,S,,,,S,,,
903,BIDEN,The economy-,S,,,,S,,,,S,,,
904,WALLACE,Mr.,S,,,,S,,,,S,,,
905,WALLACE,President-,S,,,,S,,,,S,,,
906,BIDEN,Let me finish.,S; TT,,,,S; TT,,,,S; TT,,,
907,WALLACE,Mr.,S,,,,S,,,,S,,,
908,WALLACE,"President, let me pick up on that.",S,,,,S,,,,S,,,
909,WALLACE,"You would continue your free market approach, lower taxes, more deregulation, correct?",,,,,,,,,,,,
910,BIDEN,Not lower tax for the American people.,S,,AP; APAT,,S,,AP; APAT,,S,,AP; APAT,
911,WALLACE,But let me-,IAFA,,,,IAFA,,,,IAFA,,,
912,TRUMP,Excuse me.,IAFA; TT,,,,IAFA; TT,,,,IAFA; TT,,,
913,WALLACE,You talk about the economy booming.,S,,,,S,,,,S,,,
914,WALLACE,"It turns out that in Obama’s final three years as president more jobs were created, a million and a half more jobs, than in the first three years of your presidency.",S; S-Inform,,,,S; S-Inform,,,,S; S-Inform,,,
915,TRUMP,They had the slowest economic recovery since 1929.,S; HS; S-Inform,,,,S; HS; S-Inform,,,,S; HS; S-Inform,,,
916,TRUMP,It was the slowest recovery.,S,,,,S,,,,S,,,
917,TRUMP,"Also, they took over something that was down here.",S,,,,S,,,,S,,,
918,TRUMP,All you had to do is turn on the lights and you pick up a lot.,S,,,,S,,,,S,,,
919,TRUMP,"But they had the slowest economic recovery since 1929, and let me tell you about the stock market.",S; HS; S-Inform,,,,S; HS; S-Inform,,,,S; HS; S-Inform,,,
920,TRUMP,"When the stock market goes up, that means jobs.",S,,,,S,,,,S,,,
921,TRUMP,It also means 401ks.,S; S-Inform,,,,S; S-Inform,,,,S; S-Inform,,,
922,TRUMP,"If you got in, if you ever became president with your ideas, you want to terminate my taxes.",S,,,,S,,,,S,,,
923,TRUMP,"I’ll tell you what, you’ll lose.",S,,,,S,,,,S,,,
924,TRUMP,Half of the companies that have poured in here will leave.,S,,,,S,,,,S,,,
925,TRUMP,"And plenty of companies that are already here, they’ll leave for other places.",S,,,,S,,,,S,,,
926,TRUMP,"They will leave and you will have a depression, the likes of which you’ve never seen.",S,,,,S,,,,S,,,
927,BIDEN,Look-,S,,,,S,,,,S,,,
928,WALLACE,Mr.,S,,,,S,,,,S,,,
929,WALLACE,Vice President.,S,,,,S,,,,S,,,
930,BIDEN,"… we inherited the worst recession, short of a depression in American history.",S,,APAT,,S,,APAT,,S,,APAT,
931,BIDEN,I was asked to bring it back.,S,,,,S,,,,S,,,
932,BIDEN,We were able to have an economic recovery that created the jobs you’re talking about.,S,,,,S,,,,S,,,
933,BIDEN,"We handed him a booming economy, he blew it.",S,,,,S,,,,S,,,
934,TRUMP,It wasn’t booming.,S,,,,S,,,,S,,,
935,BIDEN,He blew it.,S,,,,S,,,,S,,,
936,TRUMP,It wasn’t booming.,S,,,,S,,,,S,,,
937,TRUMP,It was the weakest recovery since 1929.,S; HS; S-Inform,,,,S; HS; S-Inform,,,,S; HS; S-Inform,,,
938,WALLACE,"Wait, wait, is it fair to say he blew it when, in fact-",S,,,,S,,,,S,,,
939,TRUMP,When COVID came along.,S,,,,S,,,,S,,,
940,WALLACE,… when there was record low unemployment before COVID.,IAFA,,,,IAFA,,,,IAFA,,,
941,BIDEN,"Yeah, because what he did, even before COVID, manufacturing went in the hole.",S; EXPL,,,,S; EXPL,,,,S; EXPL,,,
942,BIDEN,Manufacturing went in a hole-,S,,,,S,,,,S,,,
943,TRUMP,"Excuse me, Chris, wait.",IAFA; TT,,,,IAFA; TT,,,,IAFA; TT,,,
944,BIDEN,… number one.,S,,,,S,,,,S,,,
945,BIDEN,Number two-,S,,,,S,,,,S,,,
946,TRUMP,Chris.,S,,,,S,,,,S,,,
947,BIDEN,Number three.,S,,,,S,,,,S,,,
948,TRUMP,"They said it would take… No, you’re on number two.",S,,,,S,,,,S,,,
949,BIDEN,No.,S; REJ; ANS,,,,S; REJ; ANS,,,,S; REJ; ANS,,,
950,TRUMP,"Chris, Chris.",S,,,,S,,,,S,,,
951,TRUMP,They said it would take-,S,,,,S,,,,S,,,
952,BIDEN,This guy-,S,,,,S,,,,S,,,
953,TRUMP,… a miracle to bring back manufacturing.,S,,,,S,,,,S,,,
954,TRUMP,"I brought back 700,000 jobs.",S; S-Inform,,IT,,S; S-Inform,,IT,,S; S-Inform,,IT,
955,TRUMP,They brought back nothing.,S,,,,S,,,,S,,,
956,TRUMP,They gave up on manufacturing.,S,,,,S,,,,S,,,
957,BIDEN,We did not.,S,,,,S,,,,S,,,
958,TRUMP,… standard fare.,S,,,,S,,,,S,,,
959,BIDEN,I’m the guy that brought back the automobile industry.,S,,,,S,,,,S,,,
960,TRUMP,He totally gave up on manufacturing.,S,,,,S,,,,S,,,
961,WALLACE,"All right, let him-",IAFA,,,,IAFA,,,,IAFA,,,
962,BIDEN,I was asked to bring back Chrysler and General Motors.,S,,,,S,,,,S,,,
963,BIDEN,We brought them back right here in the state of Ohio and Michigan.,S,,,,S,,,,S,,,
964,BIDEN,He blew it.,S,,,,S,,,,S,,,
965,BIDEN,They’re gone.,S,,,,S,,,,S,,,
966,BIDEN,He blew it.,S,,,,S,,,,S,,,
967,BIDEN,"And in fact, they’re gone-",S,,,,S,,,,S,,,
968,TRUMP,Ohio had the best year it’s ever had last year.,S; S-Inform,,,,S; S-Inform,,,,S; S-Inform,,,
969,TRUMP,Michigan had the best year they’ve ever had.,S; S-Inform,,,,S; S-Inform,,,,S; S-Inform,,,
970,BIDEN,That is not true.,S; EXPL,,,,S; EXPL,,,,S; EXPL,,,
971,TRUMP,"Many car companies came in from Germany, from Japan, went to Michigan, went to Ohio and they didn’t come in with you.",S,,,,S,,,,S,,,
972,WALLACE,Mr.,S,,,,S,,,,S,,,
973,WALLACE,"Vice President, go ahead.",S,,,,S,,,,S,,,
974,BIDEN,And so you take a look at what he’s actually done.,S,,,,S,,,,S,,,
975,BIDEN,He’s done very little.,S,,,,S,,,,S,,,
976,BIDEN,His trade deals are the same way.,S,,,,S,,,,S,,,
977,BIDEN,He talks about these great trade deals.,S,,,,S,,,,S,,,
978,BIDEN,He talks about the art of the deal.,S,,,,S,,,,S,,,
979,BIDEN,China’s perfected the art of the steal.,S,,,,S,,,,S,,,
980,BIDEN,We have a higher deficit with China now than we did before.,S,,,,S,,,,S,,,
981,BIDEN,We have the highest trade deficit-,S,,,,S,,,,S,,,
982,TRUMP,China ate your lunch- .,S,,,,S,,,,S,,,
983,BIDEN,… with Mexico.,S,,,,S,,,,S,,,
984,TRUMP,"China ate your lunch, Joe.",S,,,,S,,,,S,,,
985,TRUMP,"And no wonder your son goes in and, wha–, he takes out billions of dollars.",S,,,,S,,,,S,,,
986,TRUMP,He takes out billions of dollars to manage.,S,,,,S,,,,S,,,
987,TRUMP,He makes millions of dollars.,S,,,,S,,,,S,,,
988,TRUMP,"And also, while we’re at it, why is it just out of curiosity, the mayor of Moscow’s wife gave your son three and a half million dollars?",,,,,,,,,,,,
989,BIDEN,That is not true.,S; EXPL,,,,S; EXPL,,,,S; EXPL,,,
990,TRUMP,What did he do to deserve it?,Q-W,,,,Q-W,,,,Q-W,,,
991,TRUMP,What did he do with Burisma-,S,,,,S,,,,S,,,
992,BIDEN,None of that is true.,S; EXPL,,,,S; EXPL,,,,S; EXPL,,,
993,TRUMP,"… to deserve $183,000?",,,,,,,,,,,,
994,WALLACE,"Sir, you’ve asked him a question, let him answer it.",S,,,,S,,,,S,,,
995,BIDEN,None of that is true.,S; EXPL,,,,S; EXPL,,,,S; EXPL,,,
996,TRUMP,"Oh really, he didn’t get three and a half million?",,,,,,,,,,,,
997,WALLACE,Mr.,S,,,,S,,,,S,,,
998,WALLACE,President-,S,,,,S,,,,S,,,
999,BIDEN,Is totally-,S,,,,S,,,,S,,,
1000,WALLACE,Mr.,S,,,,S,,,,S,,,
1001,WALLACE,"President, please.",S,,,,S,,,,S,,,
1002,WALLACE,You’ve asked a question-,S,,,,S,,,,S,,,
1003,BIDEN,Totally discredited.,IAFA,,,,IAFA,,,,IAFA,,,
1004,BIDEN,Totally discredited.,IAFA,,,,IAFA,,,,IAFA,,,
1005,BIDEN,And by the way-,S,,,,S,,,,S,,,
1006,TRUMP,"Well wait, he didn’t get three and a half million dollars, Joe?",,,,,,,,,,,,
1007,BIDEN,Mr.,S,,,,S,,,,S,,,
1008,BIDEN,Vice-,S,,,,S,,,,S,,,
1009,TRUMP,He got three and a half million dollars-,S; S-Inform,,,,S; S-Inform,,,,S; S-Inform,,,
1010,WALLACE,Mr.,S,,,,S,,,,S,,,
1011,WALLACE,President.,S,,,,S,,,,S,,,
1012,TRUMP,… dollars.,S,,,,S,,,,S,,,
1013,BIDEN,That is not true.,S; EXPL,,,,S; EXPL,,,,S; EXPL,,,
1014,TRUMP,"Oh, really?",,,,,,,,,,,,
1015,WALLACE,Mr.,S,,,,S,,,,S,,,
1016,WALLACE,"President, it’s an open discussion.",S,,,,S,,,,S,,,
1017,WALLACE,Please-,S,,,,S,,,,S,,,
1018,TRUMP,It’s a fact.,S,,,,S,,,,S,,,
1019,BIDEN,It is not a fact.,S,,,,S,,,,S,,,
1020,WALLACE,"Well, you have raised an issue, let the Vice President answer.",S,,,,S,,,,S,,,
1021,BIDEN,It’s been totally discredited.,S,,,,S,,,,S,,,
1022,TRUMP,"Did Burisma pay him 183 thousand a month, with no experience in energy?",YNQ,,,,YNQ,,,,YNQ,,,
1023,WALLACE,Mr.,S,,,,S,,,,S,,,
1024,WALLACE,President-,S,,,,S,,,,S,,,
1025,BIDEN,My son did nothing wrong at Burisma-,S,,,,S,,,,S,,,
1026,TRUMP,I think he did.,S,,IP,,S,,IP,,S,,IP,
1027,BIDEN,The only guy that.,S,,,,S,,,,S,,,
1028,WALLACE,Mr.,S,,,,S,,,,S,,,
1029,WALLACE,"President, let him answer.",S,,,,S,,,,S,,,
1030,BIDEN,"He doesn’t want to let me answer, because he knows I have the truth.",S; EXPL,,,,S; EXPL,,,,S; EXPL,,,
1031,BIDEN,His position has been totally thoroughly discredited.,S,,,,S,,,,S,,,
1032,TRUMP,By who?,,,,,,,,,,,,
1033,BIDEN,And you can-,S,,,,S,,,,S,,,
1034,TRUMP,The media.,S,,,,S,,,,S,,,
1035,BIDEN,by everybody.,S,,,,S,,,,S,,,
1036,BIDEN,"Well, by the media, by our allies.",S,,,,S,,,,S,,,
1037,TRUMP,"By the media, because they refuse to talk about it-",S; EXPL,,,,S; EXPL,,,,S; EXPL,,,
1038,BIDEN,By the World Bank-,S,,,,S,,,,S,,,
1039,TRUMP,… because they’re embarrassed.,S; EXPL,,,,S; EXPL,,,,S; EXPL,,,
1040,BIDEN,"By everyone, as discredited.",IAFA,,,,IAFA,,,,IAFA,,,
1041,BIDEN,And matter of fact Matter of fact-,S,,,,S,,,,S,,,
1042,WALLACE,Mr.,S,,,,S,,,,S,,,
1043,WALLACE,"President, please stop.",S,,,,S,,,,S,,,
1044,BIDEN,Even the people who testified under oath-,S,,,,S,,,,S,,,
1045,TRUMP,"So let me ask you this, Joe- .",S,,,,S,,,,S,,,
1046,WALLACE,"No, no.",S; REJ; ANS,,,,S; REJ; ANS,,,,S; REJ; ANS,,,
1047,WALLACE,"Go ahead, Mr.",IAFA,,,,IAFA,,,,IAFA,,,
1048,WALLACE,– I’m listening to you.,S,,,,S,,,,S,,,
1049,BIDEN,Even the people under-,S,,,,S,,,,S,,,
1050,TRUMP,He got three and a half million dollars from Moscow.,S; S-Inform,,,,S; S-Inform,,,,S; S-Inform,,,
1051,BIDEN,"… testified, he testified under oath in his Administration said I did my job and I did it very well.",S,,,,S,,,,S,,,
1052,TRUMP,"Oh, really?",,,,,,,,,,,,
1053,BIDEN,I did it honorably.,S,,,,S,,,,S,,,
1054,TRUMP,I’d like to know who they are.,S,,,,S,,,,S,,,
1055,BIDEN,"Well, I’ll give you the list of the people who-",S,,,,S,,,,S,,,
1056,TRUMP,I’ll fire them.,S,,,,S,,,,S,,,
1057,WALLACE,"No, no.",S; REJ; ANS,,,,S; REJ; ANS,,,,S; REJ; ANS,,,
1058,WALLACE,"Go ahead, sir.",IAFA,,,,IAFA,,,,IAFA,,,
1059,BIDEN,"I’m sure that you’ve already fired most of them, because they did a good job.",S; EXPL,,,,S; EXPL,,,,S; EXPL,,,
1060,TRUMP,Some people don’t do a good job.,S,,,,S,,,,S,,,
1061,BIDEN,"Well, here’s the-",S,,,,S,,,,S,,,
1062,WALLACE,Go ahead.,IAFA,,,,IAFA,,,,IAFA,,,
1063,WALLACE,You get the- Wait a minute.,S,,,,S,,,,S,,,
1064,WALLACE,"You get the final word, Mr.",S,,,,S,,,,S,,,
1065,BIDEN,"Well, it’s hard to get any word in with this clown.",S,,,,S,,,,S,,,
1066,BIDEN,"Excuse me, this person.",IAFA; TT,,,,IAFA; TT,,,,IAFA; TT,,,
1067,TRUMP,"Hey, hey, let me just say, that",S,,,,S,,,,S,,,
1068,BIDEN,"No, no.",S; REJ; ANS,,,,S; REJ; ANS,,,,S; REJ; ANS,,,
1069,BIDEN,Mr.,S,,,,S,,,,S,,,
1070,BIDEN,President-,S,,,,S,,,,S,,,
1071,TRUMP,"Three and a half million, Joe.",S; S-Inform,,,,S; S-Inform,,,,S; S-Inform,,,
1072,BIDEN,That is simply not true.,S; EXPL,,,,S; EXPL,,,,S; EXPL,,,
1073,TRUMP,Why did he deserve three and a half million from Moscow?,Q-W; SEEP,,,,Q-W; SEEP,,,,Q-W; SEEP,,,
1074,BIDEN,"Look, here’s the deal.",S,,,,S,,,,S,,,
1075,BIDEN,We want to talk about families and ethics.,S,,AE,,S,,AE,,S,,AE,
1076,BIDEN,I don’t want to do that.,S,,,,S,,,,S,,,
1077,BIDEN,"I mean, his family, we could talk about all night.",S,,,,S,,,,S,,,
1078,BIDEN,His family’s already-,S,,,,S,,,,S,,,
1079,TRUMP,My family-,S,,,,S,,,,S,,,
1080,WALLACE,"No, no- .",S; REJ; ANS,,,,S; REJ; ANS,,,,S; REJ; ANS,,,
1081,TRUMP,My family lost a fortune by coming down and helping us with government.,S,,,,S,,,,S,,,
1082,BIDEN,And that’s such a-,S,,,,S,,,,S,,,
1083,WALLACE,Mr.,S,,,,S,,,,S,,,
1084,WALLACE,President-,S,,,,S,,,,S,,,
1085,TRUMP,Every single one of them lost a fortune by coming down and helping us with government.,S,,,,S,,,,S,,,
1086,BIDEN,This is not about my family or his family.,S,,,,S,,,,S,,,
1087,BIDEN,"It’s about your family, the American people.",S,,AP; APAT,,S,,AP; APAT,,S,,AP; APAT,
1088,TRUMP,And he got three and a half million dollars for nothing.,S; S-Inform,,,,S; S-Inform,,,,S; S-Inform,,,
1089,BIDEN,That’s not true.,S,,,,S,,,,S,,,
1090,BIDEN,It doesn’t want to talk about what you need.,S,,,,S,,,,S,,,
1091,BIDEN,"You, the American people.",S,,AP; APAT,,S,,AP; APAT,,S,,AP; APAT,
1092,BIDEN,It’s about you.,S,,,,S,,,,S,,,
1093,BIDEN,That’s what we’re talking about here.,S,,,,S,,,,S,,,
1094,WALLACE,That’s the end of the segment.,S,,,,S,,,,S,,,
1095,WALLACE,We’re moving on.,S,,,,S,,,,S,,,
1096,BIDEN,He didn’t take that.,S,,,,S,,,,S,,,
1097,WALLACE,Vice President-,S,,,,S,,,,S,,,
1098,TRUMP,"Chris, can I be honest?",,,,,,,,,,,,
1099,TRUMP,It’s a very important question-,S,,,,S,,,,S,,,
1100,BIDEN,Try to be honest.,IAFA,,,,IAFA,,,,IAFA,,,
1101,WALLACE,No.,S; REJ; ANS,,,,S; REJ; ANS,,,,S; REJ; ANS,,,
1102,TRUMP,He stood up-,S,,,,S,,,,S,,,
1103,WALLACE,The answer to the question is no.,S,,,,S,,,,S,,,
1104,TRUMP,… and he threatened Ukraine-,S,,AF,,S,,AF,,S,,AF,
1105,WALLACE,Sir-,S,,,,S,,,,S,,,
1106,TRUMP,… with a billion dollars-,S; S-Inform,,,,S; S-Inform,,,,S; S-Inform,,,
1107,BIDEN,That is absolutely not true.,S; AGR; EXPL,,,,S; AGR; EXPL,,,,S; AGR; EXPL,,,
1108,WALLACE,Stop.,IAFA,,,,IAFA,,,,IAFA,,,
1109,WALLACE,"Gentlemen, I hate to raise my voice, but I- Why should I be different than the two of you?",,,,,,,,,,,,
1110,WALLACE,So here’s the deal.,S,,,,S,,,,S,,,
1111,BIDEN,That’s a good point.,S,,,,S,,,,S,,,
1112,WALLACE,We have six segments.,S,,,,S,,,,S,,,
1113,WALLACE,We have ended that segment.,S,,,,S,,,,S,,,
1114,WALLACE,We’re going to go to the next segment.,S,,,,S,,,,S,,,
1115,WALLACE,"In that segment, you each are going to have two uninterrupted moments.",S,,,,S,,,,S,,,
1116,WALLACE,"In those two uninterrupted minutes, Mr.",S,,,,S,,,,S,,,
1117,WALLACE,"President, you can say anything you want.",S,,,,S,,,,S,,,
1118,WALLACE,"I’m going to ask a question about race, but if you want to answer about something else, go ahead.",S,,RB,,S,,RB,,S,,RB,
1119,WALLACE,"But we, I, I think that the country would be better served, if we allowed both people to speak with fewer interruptions.",S,,IP,,S,,IP,,S,,IP,
1120,WALLACE,"I’m appealing to you, sir, to do that.",S,,,,S,,,,S,,,
1121,TRUMP,"Well, and him too.",S,,,,S,,,,S,,,
1122,WALLACE,"Well, frankly, you’ve been doing more interrupting than he has.",S,,,,S,,,,S,,,
1123,TRUMP,"Well, that’s all right, but he does plenty.",S,,,,S,,,,S,,,
1124,WALLACE,"Well, sir, less than-",S,,,,S,,,,S,,,
1125,TRUMP,He does plenty.,S,,,,S,,,,S,,,
1126,WALLACE,"No, less than you have.",S; REJ; ANS,,,,S; REJ; ANS,,,,S; REJ; ANS,,,
1127,WALLACE,Let’s please continue on.,S,,,,S,,,,S,,,
1128,WALLACE,The issue of race.,S,,RB,,S,,RB,,S,,RB,
1129,WALLACE,"Vice-President Biden, you say that President Trump’s response to the violence in Charlottesville three years ago, when he talked about very fine people on both sides, was what directly led you to launch this run for president.",S,,,,S,,,,S,,,
1130,TRUMP,"Oh yeah, sure.",S,,,,S,,,,S,,,
1131,WALLACE,"President Trump, you have often said that you believe you will have done more for Black Americans than any president with the possible exception of Abraham Lincoln.",S,,RB,,S,,RB,,S,,RB,
1132,TRUMP,That’s true.,S,,,,S,,,,S,,,
1133,WALLACE,"My question for the two of you, is why should voters trust you rather than your opponent to deal with the race issues facing this country over the next four years?",,,RB,,,,RB,,,,RB,
1134,WALLACE,"Vice President Biden, you go first.",S,,,,S,,,,S,,,
1135,BIDEN,It’s about equity and equality.,S,,,,S,,,,S,,,
1136,BIDEN,It’s about decency.,S,,,,S,,,,S,,,
1137,BIDEN,It’s about the Constitution.,S,,APAT,,S,,APAT,,S,,APAT,
1138,BIDEN,"And we have never walked away from trying to require, acquire equity for everyone, equality for the whole of America.",S,,APAT,,S,,APAT,,S,,APAT,
1139,BIDEN,"But we’ve never accomplished it, but we’ve never walked away from it like he has done.",S,,,,S,,,,S,,,
1140,BIDEN,"It is true, the reason I got in the race is when those people.",S,,RB,,S,,RB,,S,,RB,
1141,BIDEN,"Close your eyes, remember what those people look like coming out of the fields, carrying torches, their veins bulging, spewing–just spewing anti-Semitic bile and accompanied by the Ku Klux Klan.",S,,,,S,,,,S,,,
1142,BIDEN,"A young woman got killed, and they asked the president what he thought.",S,,,,S,,,,S,,,
1143,BIDEN,"He said, “There were very fine people on both sides.",S,,,,S,,,,S,,,
1144,BIDEN,” No president’s ever said anything like that.,S,,,,S,,,,S,,,
1145,WALLACE,It is his-,S,,,,S,,,,S,,,
1146,BIDEN,Now-,S,,,,S,,,,S,,,
1147,WALLACE,… two minutes sir.,S,,,,S,,,,S,,,
1148,BIDEN,"… second point I’d make to you, is that when Floyd was killed, when Mr.",S,,,,S,,,,S,,,
1149,BIDEN,"Floyd was killed, there was a peaceful protest in front of the White House.",S,,RB,,S,,RB,,S,,RB,
1150,BIDEN,What did he do?,Q-W,,,,Q-W,,,,Q-W,,,
1151,BIDEN,"He came out of his bunker, had the military use tear gas on them so he could walk across to a church and hold up a Bible.",S,,,,S,,,,S,,,
1152,BIDEN,And then what happened after that?,,,,,,,,,,,,
1153,BIDEN,The Bishop of that very church said that it was a disgrace.,S,,,,S,,,,S,,,
1154,BIDEN,"The general who was with him said “All he ever wants to do is divide people, not unite people at all.",S,,,,S,,,,S,,,
1155,BIDEN,"” This is a president who has used everything as a dog whistle, to try to generate racist hatred, racist division.",S,,,,S,,,,S,,,
1156,BIDEN,"This is a man who, in fact, you talk about helping African-Americans, one in 1000 African Americans has been killed because of the coronavirus.",S; EXPL; S-Inform,,RB,,S; EXPL; S-Inform,,RB,,S; EXPL; S-Inform,,RB,
1157,BIDEN,"And if he doesn’t do something quickly, by the end of the year, one in 500 will have been killed.",S; S-Inform,,,,S; S-Inform,,,,S; S-Inform,,,
1158,BIDEN,One in 500 African Americans.,S; S-Inform,,RB,,S; S-Inform,,RB,,S; S-Inform,,RB,
1159,BIDEN,"This man, this man is a savior of African-Americans?",,,,,,,,,,,,
1160,BIDEN,This man cares at all?,,,,,,,,,,,,
1161,BIDEN,This man’s done virtually nothing.,S,,,,S,,,,S,,,
1162,BIDEN,"Look, the fact is that you have to look at what he’s talks about.",S,,,,S,,,,S,,,
1163,BIDEN,You have to look at what he did.,S,,,,S,,,,S,,,
1164,BIDEN,And what he did has been disastrous for the African-American community.,S,,APAT,,S,,APAT,,S,,APAT,
1165,TRUMP,So-,S,,,,S,,,,S,,,
1166,WALLACE,"President Trump, you have two minutes.",S,,,,S,,,,S,,,
1167,WALLACE,Why should Americans trust you over your opponent to deal with race issues?,Q-W,,RB,,Q-W,,RB,,Q-W,,RB,
1168,TRUMP,"You did a crime bill, 1994, where you called them super-predators.",S; HS; S-Inform,,,,S; HS; S-Inform,,,,S; HS; S-Inform,,,
1169,TRUMP,African-Americans are super-predators and they’ve never forgotten it.,S,,,,S,,,,S,,,
1170,TRUMP,They’ve never forgotten it.,S,,,,S,,,,S,,,
1171,BIDEN,I’ve never said-,S,,,,S,,,,S,,,
1172,WALLACE,"No, no, sir.",S; REJ; ANS,,,,S; REJ; ANS,,,,S; REJ; ANS,,,
1173,WALLACE,It’s his two minutes.,S,,,,S,,,,S,,,
1174,TRUMP,"So you did that, and they call you super-predator and I’m letting people out of jail now, that you have treated the African-American population community, you have treated the black community about as bad as anybody in this country.",S,,APAT; RB,,S,,APAT; RB,,S,,APAT; RB,
1175,TRUMP,"You did the 1990–and that’s why, if you look at the polls, I’m doing better than any Republican has done in a long time, because they saw what you did.",S; EXPL; HS; S-Inform,,,,S; EXPL; HS; S-Inform,,,,S; EXPL; HS; S-Inform,,,
1176,TRUMP,"You call them super-predators, and you’ve called them worse than that.",S,,,,S,,,,S,,,
1177,TRUMP,"Because you look back at your testimony over the years, you’ve called them a lot worse than that.",S; EXPL,,,,S; EXPL,,,,S; EXPL,,,
1178,TRUMP,"As far as the church is concerned, and as far as the generals are concerned, we just got the support of 200–250 military leaders and generals, total support.",S; S-Inform,,,,S; S-Inform,,,,S; S-Inform,,,
1179,TRUMP,"Law enforcement, almost every law enforcement group in the United States.",S,,UF,,S,,UF,,S,,UF,
1180,TRUMP,I have Florida.,S,,,,S,,,,S,,,
1181,TRUMP,I have Texas.,S,,,,S,,,,S,,,
1182,TRUMP,I have Ohio.,S,,,,S,,,,S,,,
1183,TRUMP,"I have every… Excuse me, Portland, the sheriff just came out today and he said, “I support President Trump.",S; TT,,,,S; TT,,,,S; TT,,,
1184,TRUMP,” I don’t think you have any law enforcement.,S,,,,S,,,,S,,,
1185,TRUMP,You can’t even say the word law enforcement.,S,,,,S,,,,S,,,
1186,TRUMP,"Because if you say those words, you’re going to lose all of your radical left supporters.",S; EXPL,,,,S; EXPL,,,,S; EXPL,,,
1187,TRUMP,"And why aren’t you saying those words, Joe?",,,,,,,,,,,,
1188,TRUMP,Why don’t you say the words law enforcement?,Q-W,,,,Q-W,,,,Q-W,,,
1189,TRUMP,Because you know what?,EXPL,,,,EXPL,,,,EXPL,,,
1190,TRUMP,"If they called us in Portland, we would put out that fire in a half an hour.",S,,,,S,,,,S,,,
1191,TRUMP,"But they won’t do it, because they’re run by radical left Democrats.",S; EXPL,,,,S; EXPL,,,,S; EXPL,,,
1192,TRUMP,"If you look at Chicago, if you look at any place you want to look, Seattle, they heard we were coming in the following day and they put up their hands and we got back Seattle.",S,,,,S,,,,S,,,
1193,TRUMP,"Minneapolis, we got it back, Joe, because we believe in law and order, but you don’t.",S; EXPL,,,,S; EXPL,,,,S; EXPL,,,
1194,TRUMP,"The top 10 cities and just about the top 40 cities are run by Democrats, and in many cases radical left.",S; S-Inform,,,,S; S-Inform,,,,S; S-Inform,,,
1195,TRUMP,"And they’ve got you wrapped around their finger, Joe, to a point where you don’t want to say anything about law and order.",S,,,,S,,,,S,,,
1196,TRUMP,"And I’ll tell you what, the people of this country want and demand law and order and you’re afraid to even say it.",S,,,,S,,,,S,,,
1197,WALLACE,All right.,S,,,,S,,,,S,,,
1198,WALLACE,I want to return to the question of race.,S,,RB,,S,,RB,,S,,RB,
1199,WALLACE,"Vice President Biden, after the grand jury in the Breonna Taylor case decided not to charge any of the police with homicide, you said it raises the question, “Whether justice could be equally applied in America.",S,,APAT,,S,,APAT,,S,,APAT,
1200,WALLACE,” Do you believe that there is a separate but unequal system of justice for Blacks in this country?,,,,,,,,,,,,
1201,BIDEN,"Yes, there is.",IAFA; ANS,,,,IAFA; ANS,,,,IAFA; ANS,,,
1202,BIDEN,"There’s systemic injustice in this country, in education and work and in law enforcement and the way in which it’s enforced.",S,,,,S,,,,S,,,
1203,BIDEN,"But look, the vast majority of police officers are good, decent, honorable men and women.",S,,,,S,,,,S,,,
1204,BIDEN,They risk their lives every day to take care of us.,S,,,,S,,,,S,,,
1205,BIDEN,But there are some bad apples.,IAFA,,,,IAFA,,,,IAFA,,,
1206,BIDEN,"And when they occur, when they find them, they have to be sorted out.",S,,,,S,,,,S,,,
1207,BIDEN,They have to be held accountable.,S,,,,S,,,,S,,,
1208,BIDEN,They have to be held accountable.,S,,,,S,,,,S,,,
1209,BIDEN,"And what I’m going to do as President of the United States is call a, a, together an entire group of people at the White House, everything from the civil rights groups, to the police officers, to the police chiefs, and we’re going to work this out.",S,,UF; RB,,S,,UF; RB,,S,,UF; RB,
1210,BIDEN,We’re going to work this out.,S,,,,S,,,,S,,,
1211,BIDEN,"So we change the way in which we have more transparency, in when these things happen.",S,,,,S,,,,S,,,
1212,BIDEN,These cops aren’t happy to see what happened to George Floyd.,S,,,,S,,,,S,,,
1213,BIDEN,These cops aren’t happy to see what happened to Breonna Taylor.,S,,,,S,,,,S,,,
1214,BIDEN,"Most don’t like it, but we have to have a system where people are held accountable when–and by the way, violence in response is never appropriate, never appropriate.",S,,,,S,,,,S,,,
1215,BIDEN,"Peaceful protest is, violence is never appropriate.",S,,,,S,,,,S,,,
1216,WALLACE,"All right, Mr.",S,,,,S,,,,S,,,
1217,TRUMP,What is peaceful protest?,Q-W,,,,Q-W,,,,Q-W,,,
1218,TRUMP,When they run through the middle of the town-,S,,,,S,,,,S,,,
1219,WALLACE,President Trump-,S,,,,S,,,,S,,,
1220,TRUMP,… and burn down your stores and kill people all over the place- .,IAFA,,,,IAFA,,,,IAFA,,,
1221,BIDEN,That is not peaceful protest.,S; EXPL,,,,S; EXPL,,,,S; EXPL,,,
1222,TRUMP,"No it’s not, but you say it is.",S; REJ; ANS,,,,S; REJ; ANS,,,,S; REJ; ANS,,,
1223,BIDEN,I did not say it is.,S,,,,S,,,,S,,,
1224,WALLACE,"President Trump, I’d like to continue with the issue of race.",S,,RB,,S,,RB,,S,,RB,
1225,WALLACE,I promise we’re going to get to the issue of law and order in a moment.,S,,,,S,,,,S,,,
1226,TRUMP,Fine.,S,,,,S,,,,S,,,
1227,WALLACE,"This month, your Administration, uh, directed federal agencies to end racial sensitivity training that addresses white privilege or critical race theory.",S,,RB,,S,,RB,,S,,RB,
1228,WALLACE,"Why did you decide to do that, to end racial sensitivity training?",Q-W; SEEP,,RB,,Q-W; SEEP,,RB,,Q-W; SEEP,,RB,
1229,WALLACE,"And do you believe that there is systemic racism in this country, sir?",,,,,,,,,,,,
1230,TRUMP,I ended it because it’s racist.,S; EXPL,,,,S; EXPL,,,,S; EXPL,,,
1231,TRUMP,I ended it because a lot of people were complaining that they were asked to do things that were absolutely insane.,S; AGR; EXPL,,,,S; AGR; EXPL,,,,S; AGR; EXPL,,,
1232,TRUMP,"That it was a radical revolution that was taking place in our military, in our schools, all over the place.",S,,,,S,,,,S,,,
1233,TRUMP,"And you know it, and so does everybody else.",S,,,,S,,,,S,,,
1234,TRUMP,"And he would know it, oh it’s totally racial.",S,,RB,,S,,RB,,S,,RB,
1235,WALLACE,What is radical about racial sensitivity training?,Q-W,,RB,,Q-W,,RB,,Q-W,,RB,
1236,TRUMP,"If you were a certain person, you had no status in life.",S,,,,S,,,,S,,,
1237,TRUMP,It was sort of a reversal.,S,,,,S,,,,S,,,
1238,TRUMP,"And if you look at the people, we would pay people hundreds of thousands of dollars to teach very bad ideas and frankly, very sick ideas.",S,,,,S,,,,S,,,
1239,TRUMP,"And, and really, they were teaching people to hate our country.",S,,,,S,,,,S,,,
1240,TRUMP,And I’m not going to do that.,S,,,,S,,,,S,,,
1241,TRUMP,I’m not going to allow that to happen.,S,,,,S,,,,S,,,
1242,TRUMP,We have to go back to the core values of this country.,S,,,,S,,,,S,,,
1243,TRUMP,They were teaching people that our country is a horrible place.,S,,,,S,,,,S,,,
1244,TRUMP,It’s a racist place.,S,,,,S,,,,S,,,
1245,TRUMP,And they were teaching people to hate our country.,S,,,,S,,,,S,,,
1246,TRUMP,And I’m not going to allow that to happen.,S,,,,S,,,,S,,,
1247,BIDEN,Nobody’s doing that.,S,,,,S,,,,S,,,
1248,WALLACE,Vice President Biden.,S,,,,S,,,,S,,,
1249,BIDEN,Nobody’s doing that.,S,,,,S,,,,S,,,
1250,BIDEN,He’s the racist.,S,,,,S,,,,S,,,
1251,TRUMP,You just don’t know.,S,,,,S,,,,S,,,
1252,BIDEN,Here’s the deal.,S,,,,S,,,,S,,,
1253,BIDEN,I know a lot more about this- .,S,,,,S,,,,S,,,
1254,TRUMP,You don’t know.,S,,,,S,,,,S,,,
1255,WALLACE,Let him finish.,S,,,,S,,,,S,,,
1256,BIDEN,The fact is that there is racial insensitivity.,S,,RB,,S,,RB,,S,,RB,
1257,BIDEN,"People have to be made aware of what other people feel like, uh, what insults them, what is demeaning to them.",S,,,,S,,,,S,,,
1258,BIDEN,It’s important that people know.,S,,,,S,,,,S,,,
1259,BIDEN,Many people don’t want to hurt other people’s feelings.,S,,,,S,,,,S,,,
1260,BIDEN,"But it’s amazing, it makes a big difference.",S,,,,S,,,,S,,,
1261,BIDEN,"It makes a gigantic difference in the way a child is able to grow up and have a self-sense, a sense of self-esteem.",S,,,,S,,,,S,,,
1262,BIDEN,"It’s a little bit like how this guy and, and his friends look down on so many people.",S,,,,S,,,,S,,,
1263,BIDEN,"They look down their nose on people like Irish Catholics, like me, and grew up in Scranton.",S,,,,S,,,,S,,,
1264,BIDEN,They look down on people who don’t have money.,S,,,,S,,,,S,,,
1265,BIDEN,They look down on people who are of a different faith.,S,,,,S,,,,S,,,
1266,BIDEN,They look down on people who are a different color.,S,,,,S,,,,S,,,
1267,BIDEN,"In fact, we’re all Americans.",S,,,,S,,,,S,,,
1268,BIDEN,The only way we’re gonna bring this country together is bring everybody together.,S,,,,S,,,,S,,,
1269,BIDEN,"There’s nothing we cannot do, if we do it together.",S,,,,S,,,,S,,,
1270,BIDEN,"We can take this on, and we can defeat racism in America.",S,,APAT,,S,,APAT,,S,,APAT,
1271,WALLACE,"Vice President… I mean, President Trump, sir.",S,,,,S,,,,S,,,
1272,TRUMP,"During the Obama-Biden Administration, there was tremendous division.",IAFA,,,,IAFA,,,,IAFA,,,
1273,TRUMP,There was hatred.,IAFA,,,,IAFA,,,,IAFA,,,
1274,TRUMP,"You look at, uh, Ferguson, you look at, or you go to very…many places.",S,,,,S,,,,S,,,
1275,TRUMP,Look at Oakland.,IAFA,,,,IAFA,,,,IAFA,,,
1276,TRUMP,Look what happened in Oakland.,S,,,,S,,,,S,,,
1277,TRUMP,Look what happened in Baltimore.,S,,,,S,,,,S,,,
1278,TRUMP,Look what happened a .,S,,,,S,,,,S,,,
1279,TRUMP,"Frankly, it was more violent than what I’m even seeing now.",S,,,,S,,,,S,,,
1280,BIDEN,Oh my Lord.,S,,,,S,,,,S,,,
1281,TRUMP,But the reason-,S,,,,S,,,,S,,,
1282,BIDEN,This is ridiculous.,S,,,,S,,,,S,,,
1283,TRUMP,… is that the Democrats that run these cities-,S,,,,S,,,,S,,,
1284,BIDEN,Absolutely ridiculous.,S; AGR,,,,S; AGR,,,,S; AGR,,,
1285,TRUMP,"… don’t want to talk, like you, about law and order.",IAFA,,,,IAFA,,,,IAFA,,,
1286,BIDEN,Violent crime.,S,,,,S,,,,S,,,
1287,TRUMP,And you still haven’t mentioned.,S,,,,S,,,,S,,,
1288,BIDEN,Violent crime.,S,,,,S,,,,S,,,
1289,TRUMP,Are you in favor of law and order?,YNQ,,,,YNQ,,,,YNQ,,,
1290,BIDEN,I’m in favor of law.,S,,,,S,,,,S,,,
1291,BIDEN,You follow a little bit of order- .,S,,,,S,,,,S,,,
1292,TRUMP,Are you in favor of law and order?,YNQ,,,,YNQ,,,,YNQ,,,
1293,BIDEN,Yes I’m in favor of.,S; ANS,,,,S; ANS,,,,S; ANS,,,
1294,WALLACE,"You asked a question, let him finish.",S,,,,S,,,,S,,,
1295,WALLACE,Let him answer.,S,,,,S,,,,S,,,
1296,BIDEN,"Law and order with justice, where people get treated fairly.",S,,,,S,,,,S,,,
1297,TRUMP,Okay.,S; ACK,,,,S; ACK,,,,S; ACK,,,
1298,BIDEN,"And the fact of the matter is, violent crime went down 17 percent, 15 percent in our Administration.",S; S-Inform,,,,S; S-Inform,,,,S; S-Inform,,,
1299,BIDEN,It’s gone up on his watch.,S,,,,S,,,,S,,,
1300,WALLACE,Okay.,S; ACK,,,,S; ACK,,,,S; ACK,,,
1301,TRUMP,It went down much more in ours.,S,,,,S,,,,S,,,
1302,WALLACE,"All right, we’re done- Mr.",S,,,,S,,,,S,,,
1303,WALLACE,"President, you’re going to be very happy because we’re now going to talk about law and order.",S; EXPL,,,,S; EXPL,,,,S; EXPL,,,
1304,TRUMP,The places we had trouble were Democratic-run cities.,S,,,,S,,,,S,,,
1305,WALLACE,That’s exactly my question.,S; AGR,,,,S; AGR,,,,S; AGR,,,
1306,WALLACE,"There has been a dramatic increase in homicides in America this summer particularly, and you often blame that on Democratic mayors and Democratic governors.",S,,APAT,,S,,APAT,,S,,APAT,
1307,WALLACE,"But in fact, there have been equivalent spikes in Republican-led cities, like Tulsa and Fort Worth.",S,,,,S,,,,S,,,
1308,WALLACE,"So the question is, is this really a party issue?",,,,,,,,,,,,
1309,TRUMP,I think it’s a party issue.,S,,IP,,S,,IP,,S,,IP,
1310,TRUMP,"You can bring in a couple of examples but if you look at Chicago, what’s going on in Chicago where, uh, 53 people were shot and eight died.",S; S-Inform,,,,S; S-Inform,,,,S; S-Inform,,,
1311,TRUMP,Shot.,S,,,,S,,,,S,,,
1312,TRUMP,"If you look at New York where it’s going up, like nobody’s ever seen anything.",S,,,,S,,,,S,,,
1313,TRUMP,"The numbers are going up a 100, 150, 200 percent, uh, crime, it is crazy what’s going on .",S; S-Inform,,,,S; S-Inform,,,,S; S-Inform,,,
1314,BIDEN,"Republican cities, republican cities.",S,,,,S,,,,S,,,
1315,TRUMP,"and he doesn’t want to say law and order because he can’t because he’ll lose his radical left supporters and once he does that, it’s over with.",S; EXPL,,,,S; EXPL,,,,S; EXPL,,,
1316,TRUMP,"But if he ever got to run this country, and they ran it the way he would want to run it, we would have.",S,,,,S,,,,S,,,
1317,BIDEN,By the way.,S,,,,S,,,,S,,,
1318,TRUMP,our suburbs would be gone.,S,,,,S,,,,S,,,
1319,TRUMP,"By the way, our suburbs would be gone.",S,,,,S,,,,S,,,
1320,TRUMP,And you would see problems like you’ve never seen before.,S,,,,S,,,,S,,,
1321,BIDEN,He wouldn’t know a suburb unless you took a wrong turn.,S,,,,S,,,,S,,,
1322,BIDEN,"He was, he was.",S,,,,S,,,,S,,,
1323,TRUMP,"Oh, I know suburbs so much better than you.",S,,,,S,,,,S,,,
1324,WALLACE,Gentlemen wait a minute.,S,,,,S,,,,S,,,
1325,BIDEN,I was raised in the suburbs.,S,,,,S,,,,S,,,
1326,BIDEN,This is not 1950.,S; HS; S-Inform,,,,S; HS; S-Inform,,,,S; HS; S-Inform,,,
1327,BIDEN,All these dog whistles and racism don’t work anymore.,S,,,,S,,,,S,,,
1328,BIDEN,Suburbs are by and large integrated.,S,,,,S,,,,S,,,
1329,BIDEN,There’s as many people today driving their kids to soccer practice and/or black and white and Hispanic in the same car as there have been any time in the past.,S,,RB,,S,,RB,,S,,RB,
1330,BIDEN,"What’s, what really is a threat to the suburbs and their safety is his failure to deal with COVID.",S,,AF,,S,,AF,,S,,AF,
1331,BIDEN,They’re dying in the suburbs.,S,,,,S,,,,S,,,
1332,BIDEN,"His failure to deal with the environment, they’re being flooded, they’re being burned out because his refusal to do anything.",S; EXPL,,,,S; EXPL,,,,S; EXPL,,,
1333,BIDEN,That’s why the suburbs are in trouble.,S,,,,S,,,,S,,,
1334,WALLACE,I do want to talk about this issue of law and order though.,S,,,,S,,,,S,,,
1335,WALLACE,"And in the joint recommendation that came from the Biden-Bernie Sanders task force, you talked about quote re-imagining policing.",S,,,,S,,,,S,,,
1336,WALLACE,"First of all, what does re-imagining policing mean and do you support?",,,,,,,,,,,,
1337,BIDEN,It means.,S,,,,S,,,,S,,,
1338,WALLACE,"If I might finish the question, what does re-imagining policing mean and do you support the Black Lives Matter call uh, for uh, community control of policing?",,,,,,,,,,,,
1339,BIDEN,"Look, what I support is the police having the opportunity to deal with the problems they face and I’m totally opposed to defunding the police offices.",S,,,,S,,,,S,,,
1340,BIDEN,"As a matter of fact police, local police, the only one defunding, in his budget calls for a $400 million cut in local law enforcement assistance.",S; S-Inform,,,,S; S-Inform,,,,S; S-Inform,,,
1341,BIDEN,They need more assistance.,S,,,,S,,,,S,,,
1342,BIDEN,They need when they show up for a 9-11 call to have someone with them as a psychologist or psychiatrist to keep them from having to use force and be able to talk people down.,S; S-Inform,,,,S; S-Inform,,,,S; S-Inform,,,
1343,BIDEN,"We have to have community policing like we had before, where the officers get to know the people in the communities.",S,,,,S,,,,S,,,
1344,BIDEN,"That’s when crime went down, it didn’t go up.",S,,,,S,,,,S,,,
1345,BIDEN,It went down.,S,,,,S,,,,S,,,
1346,BIDEN,And so we have to be engaged with .,S,,,,S,,,,S,,,
1347,TRUMP,"That’s not what they are talking about, Chris.",S,,,,S,,,,S,,,
1348,TRUMP,That’s not what it .,S,,,,S,,,,S,,,
1349,TRUMP,He’s talking about defunding the police.,S,,,,S,,,,S,,,
1350,BIDEN,That’s exactly.,S; AGR,,,,S; AGR,,,,S; AGR,,,
1351,BIDEN,that is not true.,S; EXPL,,,,S; EXPL,,,,S; EXPL,,,
1352,TRUMP,He doesn’t have any law support.,S,,,,S,,,,S,,,
1353,TRUMP,He has no law enforcement support.,S,,,,S,,,,S,,,
1354,TRUMP,Almost nothing.,S,,,,S,,,,S,,,
1355,BIDEN,That’s not true.,S,,,,S,,,,S,,,
1356,BIDEN,That’s not.,S,,,,S,,,,S,,,
1357,BIDEN,"Oh, look.",S,,,,S,,,,S,,,
1358,TRUMP,"Oh, really, who do you have?",,,,,,,,,,,,
1359,TRUMP,Name one group that supports you.,S,,,,S,,,,S,,,
1360,TRUMP,Name one group that came out and supported you.,S,,,,S,,,,S,,,
1361,TRUMP,Go ahead.,IAFA,,,,IAFA,,,,IAFA,,,
1362,TRUMP,Think.,IAFA,,,,IAFA,,,,IAFA,,,
1363,TRUMP,We have time.,S,,,,S,,,,S,,,
1364,BIDEN,We don’t have time to do anything except .,S,,,,S,,,,S,,,
1365,TRUMP,"No, no.",S; REJ; ANS,,,,S; REJ; ANS,,,,S; REJ; ANS,,,
1366,TRUMP,Think about it.,IAFA,,,,IAFA,,,,IAFA,,,
1367,TRUMP,Name one law enforcement group that came out in support of you.,S,,,,S,,,,S,,,
1368,BIDEN,"Folks, folks.",S,,,,S,,,,S,,,
1369,WALLACE,"Now, gentleman.",S,,,,S,,,,S,,,
1370,WALLACE,I think I’m going to take back the moderator’s role.,S,,IP,,S,,IP,,S,,IP,
1371,TRUMP,There aren’t any.,IAFA,,,,IAFA,,,,IAFA,,,
1372,TRUMP,I don’t think there are any.,S,,,,S,,,,S,,,
1373,WALLACE,"and I want to get to another subject, which is the issue of protests in many cities that have turned violent.",S,,,,S,,,,S,,,
1374,WALLACE,"In Portland, Oregon, especially we had a, more than a hundred straight days of protests, which I think you would agree, you talk about peaceful protests.",S,,IP,,S,,IP,,S,,IP,
1375,WALLACE,Many of those turned into riots.,S,,,,S,,,,S,,,
1376,WALLACE,Mr.,S,,,,S,,,,S,,,
1377,WALLACE,Vice-President you say that people who commit crimes should be held accountable.,S,,,,S,,,,S,,,
1378,WALLACE,"The question I have, though, is as the Democratic nominee, and earlier tonight, you said that you are the Democratic Party right now, have you ever called the Democratic Mayor of Portland or the Democratic Governor of Oregon and said, “Hey, you gotta stop this, bring in the National Guard, do whatever it takes, but you’d stop the days and months of violence in Portland.",S,,,,S,,,,S,,,
1379,BIDEN,"I don’t hold public office, now.",S,,,,S,,,,S,,,
1380,BIDEN,I am a former Vice-President.,S,,,,S,,,,S,,,
1381,BIDEN,I’ve made it clear.,S,,,,S,,,,S,,,
1382,BIDEN,I’ve made it clear in my public statements that the violence should be prosecuted.,S,,,,S,,,,S,,,
1383,BIDEN,"It should be prosecuted, and anyone who commits it should be prosecuted.",S,,,,S,,,,S,,,
1384,WALLACE,But you’ve never called for the people…,S,,,,S,,,,S,,,
1385,TRUMP,He’s never done that.,S,,,,S,,,,S,,,
1386,WALLACE,"Excuse me, sir.",IAFA; TT,,,,IAFA; TT,,,,IAFA; TT,,,
1387,WALLACE,You had never called for the leaders in Portland and in Oregon to call and bring in the National Guard and knock off a 100 days of riots.,S; S-Inform,,,,S; S-Inform,,,,S; S-Inform,,,
1388,BIDEN,They can in fact take care of it if he’d just stay out of the way.,S,,,,S,,,,S,,,
1389,TRUMP,Oh really?,,,,,,,,,,,,
1390,TRUMP,Oh really?,,,,,,,,,,,,
1391,WALLACE,"Let, let’s just.",IAFA,,,,IAFA,,,,IAFA,,,
1392,TRUMP,I sent in the US Marshals.,S,,,,S,,,,S,,,
1393,BIDEN,"Here, here’s the thing.",S,,,,S,,,,S,,,
1394,WALLACE,I asked a question.,S,,,,S,,,,S,,,
1395,TRUMP,"to get the killer of a young man in the middle of the street, they shot him.",S,,,,S,,,,S,,,
1396,TRUMP,For three days Portland didn’t do anything.,S,,,,S,,,,S,,,
1397,WALLACE,President Trump.,S,,,,S,,,,S,,,
1398,WALLACE,President Trump.,S,,,,S,,,,S,,,
1399,WALLACE,President Trump.,S,,,,S,,,,S,,,
1400,WALLACE,I interrupted.,S,,,,S,,,,S,,,
1401,WALLACE,President Trump.,S,,,,S,,,,S,,,
1402,TRUMP,I sent in the US Marshals they took care of business.,S,,,,S,,,,S,,,
1403,WALLACE,Go ahead sir.,IAFA,,,,IAFA,,,,IAFA,,,
1404,BIDEN,"And by the way his own former spokesperson said, you know, “Riots and chaos and violence help his cause.",S,,,,S,,,,S,,,
1405,BIDEN,” That’s what this is all about.,S,,,,S,,,,S,,,
1406,TRUMP,I don’t know who said that.,S,,,,S,,,,S,,,
1407,BIDEN,I do.,S,,,,S,,,,S,,,
1408,TRUMP,Who?,Q-W,,,,Q-W,,,,Q-W,,,
1409,BIDEN,I think it–Kellyanne Conway.,S,,IP,,S,,IP,,S,,IP,
1410,TRUMP,I don’t think she said that.,S,,,,S,,,,S,,,
1411,BIDEN,She said that.,S,,,,S,,,,S,,,
1412,TRUMP,I don’t think so.,S,,,,S,,,,S,,,
1413,BIDEN,"And so here, here’s the point.",S,,,,S,,,,S,,,
1414,BIDEN,"The point is that, that’s what he is keep trying to rile everything up.",S,,,,S,,,,S,,,
1415,BIDEN,He doesn’t want to calm things down.,S,,,,S,,,,S,,,
1416,BIDEN,"Instead of going in and talking to people and saying, “Let’s get everybody together.",S,,,,S,,,,S,,,
1417,BIDEN,Figure out how to deal with this.,IAFA,,,,IAFA,,,,IAFA,,,
1418,BIDEN,” What’s he do?,,,,,,,,,,,,
1419,BIDEN,He just pours gasoline in the fire.,S,,,,S,,,,S,,,
1420,BIDEN,Constantly.,S,,,,S,,,,S,,,
1421,BIDEN,At every single solitary time.,S,,,,S,,,,S,,,
1422,WALLACE,Okay.,S; ACK,,,,S; ACK,,,,S; ACK,,,
1423,WALLACE,"And, and, and to end this, button up this segment, I’m going to give you a minute to answer, sir.",S,,,,S,,,,S,,,
1424,WALLACE,You have repeatedly…,S,,,,S,,,,S,,,
1425,TRUMP,"You mean, I have to answer his stuff?",,,,,,,,,,,,
1426,WALLACE,You have repeatedly…,S,,,,S,,,,S,,,
1427,TRUMP,His statement?,,,,,,,,,,,,
1428,WALLACE,You have repeatedly.,S,,,,S,,,,S,,,
1429,WALLACE,No.,S; REJ; ANS,,,,S; REJ; ANS,,,,S; REJ; ANS,,,
1430,TRUMP,"Wait a second, you made a statement.",S,,,,S,,,,S,,,
1431,WALLACE,"No, you’ve been talking back and forth.",S; REJ; ANS,,,,S; REJ; ANS,,,,S; REJ; ANS,,,
1432,WALLACE,I’m asking you.,S,,,,S,,,,S,,,
1433,TRUMP,I would love to end it.,S,,,,S,,,,S,,,
1434,TRUMP,I would love to end it.,S,,,,S,,,,S,,,
1435,WALLACE,I would love to know sir.,S,,,,S,,,,S,,,
1436,WALLACE,You know sir if you want to switch seats,S,,,,S,,,,S,,,
1437,TRUMP,"we could, very quickly",S,,,,S,,,,S,,,
1438,WALLACE,we can do that.,S,,,,S,,,,S,,,
1439,TRUMP,"I’ll send in the National Guard, it would be over.",S,,,,S,,,,S,,,
1440,TRUMP,That’d be no problem.,S,,,,S,,,,S,,,
1441,TRUMP,But they don’t want to accept the National Guard.,S,,,,S,,,,S,,,
1442,WALLACE,You have repeatedly criticized the Vice-President for not specifically calling out Antifa and other left-wing extremist groups.,S; EXPL,,,,S; EXPL,,,,S; EXPL,,,
1443,WALLACE,"But are you willing, tonight, to condemn white supremacists and militia groups and to say that they need to stand down and not add to the violence in a number of these cities as we saw in Kenosha and as we’ve seen in Portland.",S,,RB,,S,,RB,,S,,RB,
1444,TRUMP,"Sure, I’m willing to do that.",S,,,,S,,,,S,,,
1445,WALLACE,Are you prepared specifically to do it.,S; EXPL,,,,S; EXPL,,,,S; EXPL,,,
1446,WALLACE,"Well go ahead, sir.",IAFA,,,,IAFA,,,,IAFA,,,
1447,TRUMP,I would say almost everything I see is from the left-wing not from the right wing.,S,,PB,,S,,PB,,S,,PB,
1448,WALLACE,"So what are you, what are you saying?",,,,,,,,,,,,
1449,TRUMP,I’m willing to do anything.,S,,,,S,,,,S,,,
1450,TRUMP,I want to see peace.,S,,,,S,,,,S,,,
1451,WALLACE,"Well, do it, sir.",IAFA,,,,IAFA,,,,IAFA,,,
1452,BIDEN,Say it.,IAFA,,,,IAFA,,,,IAFA,,,
1453,BIDEN,Do it.,IAFA,,,,IAFA,,,,IAFA,,,
1454,BIDEN,Say it.,IAFA,,,,IAFA,,,,IAFA,,,
1455,TRUMP,You want to call them?,,,,,,,,,,,,
1456,TRUMP,What do you want to call them?,Q-W,,,,Q-W,,,,Q-W,,,
1457,TRUMP,"Give me a name, give me a name, go ahead who would you like me to condemn.",S; IAFA-OF,,,,S; IAFA-OF,,,,S; IAFA-OF,,,
1458,WALLACE,White supremacists and racists.,S,,RB,,S,,RB,,S,,RB,
1459,BIDEN,Proud Boys.,S,,,,S,,,,S,,,
1460,WALLACE,White supremacists and white militias.,S,,RB,,S,,RB,,S,,RB,
1461,BIDEN,Proud Boys.,S,,,,S,,,,S,,,
1462,TRUMP,"Proud Boys, stand back and stand by.",S,,,,S,,,,S,,,
1463,TRUMP,"But I’ll tell you what, I’ll tell you what: somebody’s got to do something about Antifa and the left because this is not a right wing problem this is a left-wing.",S; EXPL,,PB,,S; EXPL,,PB,,S; EXPL,,PB,
1464,TRUMP,This is a left-wing problem.,S,,,,S,,,,S,,,
1465,BIDEN,He’s own FBI Director said unlike white supremacists.,S,,RB,,S,,RB,,S,,RB,
1466,TRUMP,This is a left-wing problem.,S,,,,S,,,,S,,,
1467,BIDEN,Antifa is an idea not an organization.,S,,,,S,,,,S,,,
1468,TRUMP,Oh you gotta be kidding.,S,,,,S,,,,S,,,
1469,BIDEN,… not a militia.,S,,,,S,,,,S,,,
1470,BIDEN,That’s what his FBI Director said.,S,,,,S,,,,S,,,
1471,TRUMP,"Well, then you know what, he’s wrong.",S,,,,S,,,,S,,,
1472,WALLACE,"Gentlemen, gentlemen.",S,,,,S,,,,S,,,
1473,WALLACE,"No, no, no, we’re done, sir.",S; REJ; ANS,,,,S; REJ; ANS,,,,S; REJ; ANS,,,
1474,WALLACE,Moving onto the next…,IAFA,,,,IAFA,,,,IAFA,,,
1475,TRUMP,"when a bat hits you over the head, that’s not an idea.",S,,,,S,,,,S,,,
1476,TRUMP,Antifa is bad.,S,,,,S,,,,S,,,
1477,BIDEN,Everybody in your Administration.,S,,,,S,,,,S,,,
1478,TRUMP,Antifa is bad.,S,,,,S,,,,S,,,
1479,BIDEN,"Everybody in your Administration tells you the truth, has a bad idea.",S,,,,S,,,,S,,,
1480,BIDEN,You have no idea .,S,,,,S,,,,S,,,
1481,TRUMP,"You know what, Antifa is a dangerous radical group.",S,,AF,,S,,AF,,S,,AF,
1482,WALLACE,"All right, gentlemen we’re now moving onto the Trump and Biden records.",S,,,,S,,,,S,,,
1483,TRUMP,"And you ought to be careful of them, they’ll overthrow you.",S,,,,S,,,,S,,,
1484,WALLACE,I’m going to ask a question.,S,,,,S,,,,S,,,
1485,WALLACE,"When the president seeks a second term, it is generally a referendum on his record but Vice-President Biden, you like to quote one of your dad’s sayings, which is don’t compare me to the almighty, compare me to the alternative.",S,,,,S,,,,S,,,
1486,WALLACE,And in this case sir you are the alternative.,S,,,,S,,,,S,,,
1487,WALLACE,"Looking at both of your records, I’m going to ask each of you.",S,,,,S,,,,S,,,
1488,WALLACE,Why should voters elect you president over your opponent?,Q-W,,,,Q-W,,,,Q-W,,,
1489,WALLACE,"In this segment, President Trump you’ll go first, two minutes.",S,,,,S,,,,S,,,
1490,TRUMP,Because there has never been an administration or president who has done more than I’ve done in a period of three and a half years.,S; EXPL,,,,S; EXPL,,,,S; EXPL,,,
1491,TRUMP,"And that’s despite the impeachment hoax and you saw what happened today with Hillary Clinton, where it was a whole big con job.",S,,,,S,,,,S,,,
1492,TRUMP,"But despite going through all of these things where I had to fight, both flanks and behind me and above, there has never been an administration that’s done what I’ve done.",S,,,,S,,,,S,,,
1493,TRUMP,"The greatest, before COVID came in, the greatest economy in history, lowest employ–unemployment numbers, everything was good.",S,,,,S,,,,S,,,
1494,TRUMP,Everything was going.,S,,,,S,,,,S,,,
1495,TRUMP,"And by the way, there was unity going to happen.",IAFA,,,,IAFA,,,,IAFA,,,
1496,TRUMP,"People were calling me for the first time in years, they were calling, and they were saying it’s time maybe and then what happened?",,,,,,,,,,,,
1497,TRUMP,We got hit.,S,,,,S,,,,S,,,
1498,TRUMP,But now we’re building it back up again.,S,,,,S,,,,S,,,
1499,TRUMP,"A rebuilding of the military, including Space Force and all of the other things.",S,,,,S,,,,S,,,
1500,TRUMP,A fixing of the VA which was a mess under him.,S,,,,S,,,,S,,,
1501,TRUMP,Three hundred and eight thousand people died because they didn’t have proper health care.,S; EXPL,,,,S; EXPL,,,,S; EXPL,,,
1502,TRUMP,It was a mess.,S,,,,S,,,,S,,,
1503,TRUMP,"And we now got a 91% approval rating at the VA, our vets.",S; S-Inform,,,,S; S-Inform,,,,S; S-Inform,,,
1504,TRUMP,We take care of our vets.,S,,,,S,,,,S,,,
1505,TRUMP,But we’ve rebuilt our military.,S,,,,S,,,,S,,,
1506,TRUMP,The job that we’ve done.,S,,,,S,,,,S,,,
1507,TRUMP,"and, and I’ll tell you something, some people say maybe the most important.",S,,,,S,,,,S,,,
1508,TRUMP,"By the end of the first term, I’ll have approximately 300 Federal judges and Court of Appeals judges, 300, and hopefully three great Supreme Court judges, justices.",S; S-Inform,,,,S; S-Inform,,,,S; S-Inform,,,
1509,TRUMP,That is a record the likes of which very few people.,S; EXPL,,,,S; EXPL,,,,S; EXPL,,,
1510,TRUMP,"and you know, one of the reasons I’ll have so many judges?",,,,,,,,,,,,
1511,TRUMP,Because President Obama and him left me 128 judges to fill.,S; EXPL; S-Inform,,,,S; EXPL; S-Inform,,,,S; EXPL; S-Inform,,,
1512,TRUMP,"When you leave office, you don’t leave any judges.",S,,,,S,,,,S,,,
1513,TRUMP,"That’s like, you just don’t do that.",S,,,,S,,,,S,,,
1514,TRUMP,"They left 128 openings, and if I were a member of his party, because they have a little different philosophy, I’d say, if you left us 128 openings you can’t be a good president.",S; EXPL; S-Inform,,,,S; EXPL; S-Inform,,,,S; EXPL; S-Inform,,,
1515,TRUMP,"You can’t be a good Vice President but I want to thank you because it gives us almost, it’ll probably be above that number.",S; THK; EXPL,,,,S; THK; EXPL,,,,S; THK; EXPL,,,
1516,TRUMP,"By the end of this term, 300 judges.",S; S-Inform,,,,S; S-Inform,,,,S; S-Inform,,,
1517,TRUMP,It’s a record.,S,,,,S,,,,S,,,
1518,WALLACE,Looking at both of your records.,IAFA,,,,IAFA,,,,IAFA,,,
1519,WALLACE,"Why should voters elect you President as opposed to President Trump, you have two minutes uninterrupted.",S,,,,S,,,,S,,,
1520,BIDEN,"Under this President, we become weaker, sicker, poorer, more divided and more violent.",S,,,,S,,,,S,,,
1521,BIDEN,"When I was Vice President, we inherited a recession.",S,,,,S,,,,S,,,
1522,BIDEN,I was asked to fix it.,S,,,,S,,,,S,,,
1523,BIDEN,I did.,S,,,,S,,,,S,,,
1524,BIDEN,"We left him a booming economy, and he caused the recession.",S,,,,S,,,,S,,,
1525,BIDEN,"With regard to being weaker, the fact is that I’ve gone head to head with Putin and made it clear to him we’re not going to take any of his stuff.",S,,,,S,,,,S,,,
1526,BIDEN,He’s Putin’s puppy.,S,,,,S,,,,S,,,
1527,BIDEN,He still refuses to even say anything to Putin about the bounty on the heads of American soldiers.,S,,APAT,,S,,APAT,,S,,APAT,
1528,TRUMP,Your son got three and a half million dollars.,S; S-Inform,,,,S; S-Inform,,,,S; S-Inform,,,
1529,WALLACE,"No, no, no!",REJ; ANS,,,,REJ; ANS,,,,REJ; ANS,,,
1530,BIDEN,"By the way, my son…",S,,,,S,,,,S,,,
1531,WALLACE,Wait a minute.,IAFA,,,,IAFA,,,,IAFA,,,
1532,WALLACE,Mr.,S,,,,S,,,,S,,,
1533,WALLACE,"President, your campaign agreed to both sides would get two-minute answers, uninterrupted.",S,,,,S,,,,S,,,
1534,WALLACE,"Well, your, your side agreed to it, and why don’t you observe what your campaign agreed to as a ground rule.",S,,,,S,,,,S,,,
1535,WALLACE,"Okay, sir?",,,,,,,,,,,,
1536,BIDEN,He never keeps his word.,S,,,,S,,,,S,,,
1537,TRUMP,Can I answer.,S,,,,S,,,,S,,,
1538,WALLACE,No!,REJ; ANS,,,,REJ; ANS,,,,REJ; ANS,,,
1539,WALLACE,That was a rhetorical question.,S,,,,S,,,,S,,,
1540,BIDEN,Can you add back 30 seconds?,YNQ,,,,YNQ,,,,YNQ,,,
1541,WALLACE,Yes.,S; ANS,,,,S; ANS,,,,S; ANS,,,
1542,WALLACE,"You may have,",S,,,,S,,,,S,,,
1543,BIDEN,All right.,S,,,,S,,,,S,,,
1544,WALLACE,go ahead.,IAFA,,,,IAFA,,,,IAFA,,,
1545,BIDEN,"So thirdly, we’re poor.",S,,,,S,,,,S,,,
1546,BIDEN,The billionaires have gotten much more wealthy by a tune of over three to four hundred billion dollars more just since COVID.,S; S-Inform,,,,S; S-Inform,,,,S; S-Inform,,,
1547,BIDEN,"You in the home, you got less.",S,,,,S,,,,S,,,
1548,BIDEN,You’re in more trouble than you were before.,S,,,,S,,,,S,,,
1549,BIDEN,In terms of being more violent.,S,,,,S,,,,S,,,
1550,BIDEN,When we were in office there were 15% less violence in America than there is today.,S; S-Inform,,APAT,,S; S-Inform,,APAT,,S; S-Inform,,APAT,
1551,BIDEN,He’s President of the United States.,S,,UF,,S,,UF,,S,,UF,
1552,BIDEN,It’s on his watch.,S,,,,S,,,,S,,,
1553,BIDEN,"And with regard to more divided, the nation, it can’t stay divided.",S,,,,S,,,,S,,,
1554,BIDEN,We can’t be this way.,S,,,,S,,,,S,,,
1555,BIDEN,"And speaking of my son, the way you talk about the military, the way you talk about them being losers and being, and, and, and just being suckers.",S,,,,S,,,,S,,,
1556,BIDEN,My son was in Iraq.,S,,,,S,,,,S,,,
1557,BIDEN,He spent a year there.,S; S-Inform,,,,S; S-Inform,,,,S; S-Inform,,,
1558,BIDEN,"He got, he got the Bronze Star.",S,,,,S,,,,S,,,
1559,BIDEN,He got the Conspicuous Service Medal.,S,,,,S,,,,S,,,
1560,BIDEN,He was not a loser.,S,,,,S,,,,S,,,
1561,BIDEN,"He was a patriot and the people left behind, there, were heroes.",S,,AP; APAT,,S,,AP; APAT,,S,,AP; APAT,
1562,TRUMP,Really?,,,,,,,,,,,,
1563,BIDEN,And I resent-,S,,,,S,,,,S,,,
1564,TRUMP,"Are you talking Hunter, are you talking about Hunter.",S,,,,S,,,,S,,,
1565,BIDEN,"I’m talking about my son, Beau Biden, you’re talking about Hunter?",,,,,,,,,,,,
1566,TRUMP,I don’t know Beau.,S,,,,S,,,,S,,,
1567,TRUMP,I know Hunter.,S,,,,S,,,,S,,,
1568,TRUMP,Hunter got thrown out of the military.,S,,,,S,,,,S,,,
1569,TRUMP,He was thrown out dishonorably discharged.,S,,,,S,,,,S,,,
1570,BIDEN,That’s not true he wasn’t dishonorably discharged.,S,,,,S,,,,S,,,
1571,TRUMP,for cocaine use.,S,,,,S,,,,S,,,
1572,TRUMP,And he didn’t have a job until you became Vice-President.,S,,,,S,,,,S,,,
1573,TRUMP,Once you became Vice-President,S,,,,S,,,,S,,,
1574,BIDEN,None of that is true.,S; EXPL,,,,S; EXPL,,,,S; EXPL,,,
1575,TRUMP,"he made a fortune in Ukraine, in China, in Moscow and various other places.",S,,,,S,,,,S,,,
1576,BIDEN,That is simply not true.,S; EXPL,,,,S; EXPL,,,,S; EXPL,,,
1577,TRUMP,He made a fortune.,S,,,,S,,,,S,,,
1578,BIDEN,My son.,S,,,,S,,,,S,,,
1579,BIDEN,my son.,S,,,,S,,,,S,,,
1580,TRUMP,and he didn’t have a job.,S,,,,S,,,,S,,,
1581,BIDEN,My son.,S,,,,S,,,,S,,,
1582,BIDEN,like a lot of people.,S,,,,S,,,,S,,,
1583,BIDEN,Like a lot of people we know at home had a drug problem.,S,,,,S,,,,S,,,
1584,BIDEN,He’s overtaken it.,S,,,,S,,,,S,,,
1585,BIDEN,"He’s, he’s fixed it.",S,,,,S,,,,S,,,
1586,BIDEN,He’s worked on it.,S,,,,S,,,,S,,,
1587,BIDEN,And I’m proud of him.,S,,,,S,,,,S,,,
1588,BIDEN,I’m proud of my son.,S,,,,S,,,,S,,,
1589,TRUMP,But why was he given tens of millions of dollars?,,,,,,,,,,,,
1590,WALLACE,Alright.,S,,,,S,,,,S,,,
1591,BIDEN,He wasn’t given tens of millions of dollars.,S,,,,S,,,,S,,,
1592,TRUMP,He was given tens of millions of dollars?,,,,,,,,,,,,
1593,BIDEN,That was totally discredited.,S,,,,S,,,,S,,,
1594,WALLACE,President Trump.,S,,,,S,,,,S,,,
1595,WALLACE,President Trump.,S,,,,S,,,,S,,,
1596,WALLACE,We’ve already been through this.,S,,,,S,,,,S,,,
1597,BIDEN,Totally discredited.,IAFA,,,,IAFA,,,,IAFA,,,
1598,WALLACE,We’ve bo.,S,,,,S,,,,S,,,
1599,WALLACE,already been through this.,S,,,,S,,,,S,,,
1600,WALLACE,I think the American people would rather hear about more substantial subjects.,S,,AP; APAT; IP,,S,,AP; APAT; IP,,S,,AP; APAT; IP,
1601,BIDEN,So do I.,IAFA,,,,IAFA,,,,IAFA,,,
1602,WALLACE,"Well, as the moderator, sir, I’m going to make a judgment call here.",S,,,,S,,,,S,,,
1603,TRUMP,I know but when somebody gets three and a half million dollars from the Mayor of Moscow.,S; S-Inform,,,,S; S-Inform,,,,S; S-Inform,,,
1604,BIDEN,That is not true.,S; EXPL,,,,S; EXPL,,,,S; EXPL,,,
1605,BIDEN,That report is totally discredited.,S,,,,S,,,,S,,,
1606,TRUMP,Why did he get it?,Q-W; SEEP,,,,Q-W; SEEP,,,,Q-W; SEEP,,,
1607,BIDEN,Mitt Romney on that committee said it wasn’t worth taxpayer’s money.,S,,,,S,,,,S,,,
1608,BIDEN,That report was written for political reason.,S,,,,S,,,,S,,,
1609,WALLACE,I’d like to talk about climate change.,S,,,,S,,,,S,,,
1610,BIDEN,So would I.,IAFA,,,,IAFA,,,,IAFA,,,
1611,WALLACE,Okay.,S; ACK,,,,S; ACK,,,,S; ACK,,,
1612,WALLACE,The forest fires in the West are raging now.,S,,,,S,,,,S,,,
1613,WALLACE,They have burned millions of acres.,S,,,,S,,,,S,,,
1614,WALLACE,They have displaced hundreds of thousands of people.,S,,,,S,,,,S,,,
1615,WALLACE,"When state officials there blamed the fires on climate change, Mr.",S,,,,S,,,,S,,,
1616,WALLACE,"President, you said, “I don’t think the science knows.",S,,,,S,,,,S,,,
1617,WALLACE,"” Over your four years, you have pulled the US out of the Paris Climate Accord.",S,,,,S,,,,S,,,
1618,WALLACE,"You have rolled back a number of Obama Environmental records, what do you believe about the science of climate change, and what will you do in the next four years to confront it?",,,,,,,,,,,,
1619,TRUMP,I want crystal clean water and air.,S,,,,S,,,,S,,,
1620,TRUMP,I want beautiful clean air.,S,,,,S,,,,S,,,
1621,TRUMP,We have now the lowest carbon.,S,,,,S,,,,S,,,
1622,TRUMP,"If you look at our numbers right now, we are doing phenomenally.",S,,,,S,,,,S,,,
1623,TRUMP,But I haven’t destroyed our businesses.,S,,AF,,S,,AF,,S,,AF,
1624,TRUMP,Our businesses aren’t put out of commission.,S,,,,S,,,,S,,,
1625,TRUMP,"If you look at the Paris Accord, it was a disaster from our standpoint.",S,,AF,,S,,AF,,S,,AF,
1626,TRUMP,"And people are actually very happy about what’s going on, because our businesses are doing well.",S; EXPL,,,,S; EXPL,,,,S; EXPL,,,
1627,TRUMP,"As far as the fires are concerned, you need forest management.",S,,,,S,,,,S,,,
1628,TRUMP,"In addition to everything else, the forest floors are loaded up with trees, dead trees that are years old and they’re like tinder and leaves and everything else.",S,,,,S,,,,S,,,
1629,TRUMP,You drop a cigarette in there the whole forest burns down.,S,,,,S,,,,S,,,
1630,TRUMP,You’ve got to have forest management.,S,,,,S,,,,S,,,
1631,WALLACE,"What do you believe about the science of climate change, sir?",Q-W; OQ,,,,Q-W; OQ,,,,Q-W; OQ,,,
1632,TRUMP,"I believe that we have to do everything we can to have immaculate air, immaculate water, and do whatever else we can that’s good.",S,,IP,,S,,IP,,S,,IP,
1633,TRUMP,"You know, we’re planting a billion trees–the Billion Tree Project–and it’s very exciting for a lot of people.",S; S-Inform,,,,S; S-Inform,,,,S; S-Inform,,,
1634,WALLACE,"You believe that human pollution, gas, greenhouse gas emissions contributes to the global warming of this planet?",,,,,,,,,,,,
1635,TRUMP,"I think a lot of things do, but I think to an extent, yes.",S,,IP,,S,,IP,,S,,IP,
1636,TRUMP,"I think to an extent, yes.",S,,IP,,S,,IP,,S,,IP,
1637,TRUMP,But I also think we have to do better management of our forests.,S,,,,S,,,,S,,,
1638,TRUMP,Every year I get the call.,S; S-Inform,,,,S; S-Inform,,,,S; S-Inform,,,
1639,TRUMP,"California’s burning, California’s burning.",S,,,,S,,,,S,,,
1640,TRUMP,"If that was cleaned, if that were, if you had forest management, good forest management, you wouldn’t be getting those calls.",S,,,,S,,,,S,,,
1641,TRUMP,"You know, in Europe, they live their forest cities.",S,,,,S,,,,S,,,
1642,TRUMP,They call forest cities.,S,,,,S,,,,S,,,
1643,TRUMP,They maintain their forest.,S,,,,S,,,,S,,,
1644,TRUMP,They manage their forest.,S,,,,S,,,,S,,,
1645,TRUMP,"I was with the head of a major country, it’s a forest city.",S,,,,S,,,,S,,,
1646,TRUMP,"He said, “Sir, we have trees that are far more, they ignite much easier than California.",S,,,,S,,,,S,,,
1647,TRUMP,There shouldn’t be that problem.,S,,,,S,,,,S,,,
1648,TRUMP,” I spoke with the Governor about it.,S,,,,S,,,,S,,,
1649,TRUMP,I’m getting along very well with the governor.,S,,,,S,,,,S,,,
1650,TRUMP,"But I said, “At some point you can’t every year have hundreds of thousands of acres of land just burned to the ground.",S; S-Inform,,,,S; S-Inform,,,,S; S-Inform,,,
1651,WALLACE,But sir.,S,,,,S,,,,S,,,
1652,TRUMP,That’s burning down because of a lack of management.,S; EXPL,,,,S; EXPL,,,,S; EXPL,,,
1653,WALLACE,"But sir, if you believe in the science of climate change, why have you rolled back the Obama Clean Power Plan which limited carbon emissions in power plants?",,,,,,,,,,,,
1654,WALLACE,Why have you relaxed…?,Q-W,,,,Q-W,,,,Q-W,,,
1655,TRUMP,Because it was driving energy prices through the sky.,S; EXPL,,,,S; EXPL,,,,S; EXPL,,,
1656,WALLACE,Why have you relaxed fuel economy standards that are going to create more pollution from cars and trucks?,Q-W,,,,Q-W,,,,Q-W,,,
1657,TRUMP,"Well, not really because what’s happening is the car is much less expensive, and it’s a much safer car, and you’re talking about a tiny difference.",S; EXPL,,,,S; EXPL,,,,S; EXPL,,,
1658,TRUMP,And then what would happen because of the cost of the car you would have at least double and triple the number of cars purchased.,S; EXPL,,,,S; EXPL,,,,S; EXPL,,,
1659,TRUMP,"We have the old slugs out there that are 10, 12 years old.",S; S-Inform,,,,S; S-Inform,,,,S; S-Inform,,,
1660,TRUMP,"If you did that, the car would be safer.",S,,,,S,,,,S,,,
1661,TRUMP,"It would be much cheaper by $3,500.",S; S-Inform,,,,S; S-Inform,,,,S; S-Inform,,,
1662,WALLACE,But in the case of California they have simply ignored your rollback.,S,,,,S,,,,S,,,
1663,TRUMP,"No, but you would take a lot of cars off the market because people would be able to afford a car.",S; REJ; EXPL; ANS,,,,S; REJ; EXPL; ANS,,,,S; REJ; EXPL; ANS,,,
1664,TRUMP,"Now, so, and by the way, we’re going to see how that turns out.",S,,,,S,,,,S,,,
1665,TRUMP,"But a lot of people agree with me, many people.",S,,,,S,,,,S,,,
1666,TRUMP,The car has gotten so expensive because they have computers all over the place for an extra little bit of gasoline.,S; EXPL,,,,S; EXPL,,,,S; EXPL,,,
1667,WALLACE,OK.,S; ACK,,,,S; ACK,,,,S; ACK,,,
1668,TRUMP,And I’m okay with electric cars too.,S,,,,S,,,,S,,,
1669,TRUMP,I think I’m all for electric cars.,S,,IP,,S,,IP,,S,,IP,
1670,TRUMP,I’ve given big incentives for electric cars but what they’ve done in California is just crazy.,S,,,,S,,,,S,,,
1671,WALLACE,"All right, Vice President Biden.",S,,,,S,,,,S,,,
1672,WALLACE,"I’d like you to respond to the president’s climate change record, but I also want to ask you about a concern.",S,,,,S,,,,S,,,
1673,WALLACE,You propose $2 trillion in green jobs.,S; S-Inform,,,,S; S-Inform,,,,S; S-Inform,,,
1674,WALLACE,"You talk about new limits, not abolishing, but new limits on fracking.",S,,,,S,,,,S,,,
1675,WALLACE,"Ending the use of fossil fuels to generate electricity by 2035, and zero net emission of greenhouse gases by 2050.",IAFA; HS,,,,IAFA; HS,,,,IAFA; HS,,,
1676,WALLACE,The president says a lot of these things would tank the economy and cost millions of jobs.,S,,,,S,,,,S,,,
1677,BIDEN,"He’s absolutely wrong, number one.",S; AGR,,,,S; AGR,,,,S; AGR,,,
1678,BIDEN,"Number two, if in fact, when, during our Administration in the Recovery Act, I was able, was in charge, able to bring down the cost of renewable energy to cheaper than or as cheap as coal and gas and oil.",S,,,,S,,,,S,,,
1679,BIDEN,"Nobody’s gonna build another, uh, coal fired plant in America.",S,,APAT,,S,,APAT,,S,,APAT,
1680,BIDEN,No one’s going to build another oil fire plant in America.,S; REJ; ANS,,APAT,,S; REJ; ANS,,APAT,,S; REJ; ANS,,APAT,
1681,BIDEN,"They’re going to move to renewable energy, number one, Number two, we’re going to make sure that we are able to take the federal fleet and turn it into a fleet that’s run on, that’re electric vehicles.",S,,,,S,,,,S,,,
1682,BIDEN,"Making sure that we can do that, we’re going to put 500,000 charging stations and all of the highways that we’re going to be building in the future.",S; S-Inform,,,,S; S-Inform,,,,S; S-Inform,,,
1683,BIDEN,We’re going to build a economy that in fact is going to provide for the ability us to take 4 million buildings and make sure that they in fact are weatherized in a way that in fact will –they’ll emit significantly less gas and oil because the heat will not be going out.,S; EXPL; S-Inform,,,,S; EXPL; S-Inform,,,,S; EXPL; S-Inform,,,
1684,BIDEN,There’s so many things that we can do now to create thousands and thousands of jobs.,S,,,,S,,,,S,,,
1685,BIDEN,"We can get to net zero, in terms of energy production, by 2035.",S; HS; S-Inform,,,,S; HS; S-Inform,,,,S; HS; S-Inform,,,
1686,BIDEN,"Not only not costing people jobs, creating jobs.",IAFA,,,,IAFA,,,,IAFA,,,
1687,BIDEN,Creating millions of good-paying jobs.,IAFA,,,,IAFA,,,,IAFA,,,
1688,BIDEN,"Not 15 bucks an hour, but prevailing wage, by having a new infrastructure that in fact, is green.",S; S-Inform,,,,S; S-Inform,,,,S; S-Inform,,,
1689,BIDEN,"And the first thing I will do, I will rejoin the Paris Accord.",S,,,,S,,,,S,,,
1690,BIDEN,"I will join the Paris Accord because with us out of it, look what’s happening.",S; EXPL,,,,S; EXPL,,,,S; EXPL,,,
1691,BIDEN,It’s all falling apart.,S,,,,S,,,,S,,,
1692,BIDEN,"And talk about someone who has no, no relationship to, with foreign policy.",S,,,,S,,,,S,,,
1693,BIDEN,"Brazil, the rainforests of Brazil are being torn down, are being ripped down.",S,,,,S,,,,S,,,
1694,BIDEN,"More, more carbon is absorbed in that rainforest than every bit of carbon that’s emitted in the United States.",S,,UF,,S,,UF,,S,,UF,
1695,BIDEN,"Instead of doing something about that, I would be gathering up and making sure we had the comp–countries of the world coming up with 20 billion dollars, and say, “Here’s $20 billion.",S; S-Inform,,,,S; S-Inform,,,,S; S-Inform,,,
1696,BIDEN,"Stop, stop tearing, tearing down the forest.",IAFA,,,,IAFA,,,,IAFA,,,
1697,BIDEN,"And if you don’t, then you’re going to have significant economic consequences.",S,,,,S,,,,S,,,
1698,WALLACE,"What about, what about the argument that President Trump basically says, that you have to balance environmental interests and economic interests?",Q-W,,,,Q-W,,,,Q-W,,,
1699,WALLACE,And he’s drawn his line.,S,,,,S,,,,S,,,
1700,BIDEN,"Well, he hadn’t drawn a line.",S,,,,S,,,,S,,,
1701,BIDEN,"He still, for example, makes sure that we, he wants to make sure that methane’s not a problem.",S,,,,S,,,,S,,,
1702,BIDEN,"We can, you, you can now emit more methane without it being a problem.",S,,,,S,,,,S,,,
1703,BIDEN,Methane.,S,,,,S,,,,S,,,
1704,BIDEN,This is a guy who says that you don’t have to have mileage standards for automobiles that exist now.,S,,,,S,,,,S,,,
1705,BIDEN,"This is the guy who says that, well the fact is.",S,,,,S,,,,S,,,
1706,TRUMP,Not true.,S,,,,S,,,,S,,,
1707,TRUMP,Not true.,S,,,,S,,,,S,,,
1708,BIDEN,It’s all true.,S,,,,S,,,,S,,,
1709,BIDEN,And here’s the deal.,S,,,,S,,,,S,,,
1710,TRUMP,He’s talking about the Green New Deal.,S,,,,S,,,,S,,,
1711,TRUMP,"And it’s not 2 billion or 20 billion, as you said.",S; S-Inform,,,,S; S-Inform,,,,S; S-Inform,,,
1712,TRUMP,It’s 100 trillion dollars.,S; S-Inform,,,,S; S-Inform,,,,S; S-Inform,,,
1713,BIDEN,I’m.,S,,,,S,,,,S,,,
1714,BIDEN,I’m.,S,,,,S,,,,S,,,
1715,BIDEN,I’m talking about the Biden plan.,S,,,,S,,,,S,,,
1716,TRUMP,Where they want to rip down buildings.,S,,,,S,,,,S,,,
1717,WALLACE,"Let him go for a minute, and then you can go.",S,,,,S,,,,S,,,
1718,TRUMP,And rebuild the building.,IAFA,,,,IAFA,,,,IAFA,,,
1719,BIDEN,No.,S; REJ; ANS,,,,S; REJ; ANS,,,,S; REJ; ANS,,,
1720,TRUMP,It’s the dumbest-,S,,,,S,,,,S,,,
1721,BIDEN,"That is not, that is not.",S; EXPL,,,,S; EXPL,,,,S; EXPL,,,
1722,TRUMP,… most ridiculous.,S,,,,S,,,,S,,,
1723,TRUMP,Where airplanes are out of business.,S,,,,S,,,,S,,,
1724,TRUMP,Where two car systems are out.,S,,,,S,,,,S,,,
1725,BIDEN,Not true.,S,,,,S,,,,S,,,
1726,TRUMP,where they want to take out the cows too.,S,,,,S,,,,S,,,
1727,BIDEN,Not true.,S,,,,S,,,,S,,,
1728,TRUMP,"You know, that’s not true either, right?",,,,,,,,,,,,
1729,BIDEN,Not true.,S,,,,S,,,,S,,,
1730,TRUMP,"This is, this is a 100 trillion.",S; S-Inform,,,,S; S-Inform,,,,S; S-Inform,,,
1731,BIDEN,Simply.,S,,,,S,,,,S,,,
1732,BIDEN,Look-,S,,,,S,,,,S,,,
1733,TRUMP,That’s more money than our country could make in a hundred years if it were.,S,,,,S,,,,S,,,
1734,BIDEN,That is simply not the case.,S; EXPL,,,,S; EXPL,,,,S; EXPL,,,
1735,TRUMP,It would destroy our country.,S,,AF,,S,,AF,,S,,AF,
1736,WALLACE,All right.,S,,,,S,,,,S,,,
1737,WALLACE,Let me.,IAFA,,,,IAFA,,,,IAFA,,,
1738,WALLACE,"Wait a minute, sir.",IAFA,,,,IAFA,,,,IAFA,,,
1739,WALLACE,"I actually have studied your plan, and it includes upgrading 4 million buildings, weatherizing 2 million homes over four years, building one and a half million energy efficient homes.",S; S-Inform,,,,S; S-Inform,,,,S; S-Inform,,,
1740,WALLACE,"So the question becomes, some, the president is saying, I think, some people who support the president would say, that sounds like it’s going to cost a lot of money and hurt the economy.",S,,IP,,S,,IP,,S,,IP,
1741,BIDEN,"What it’s going to do, it’s going to create thousands and millions of jobs.",S,,,,S,,,,S,,,
1742,BIDEN,Good paying jobs.,S,,,,S,,,,S,,,
1743,TRUMP,Hundred trillion dollars.,S; S-Inform,,,,S; S-Inform,,,,S; S-Inform,,,
1744,WALLACE,"Let him finish, sir.",S,,,,S,,,,S,,,
1745,BIDEN,He doesn’t know how to do that.,S,,,,S,,,,S,,,
1746,TRUMP,100 trillion dollars.,S; S-Inform,,,,S; S-Inform,,,,S; S-Inform,,,
1747,BIDEN,"The fact is, it’s going to create millions of good-paying jobs.",S,,,,S,,,,S,,,
1748,BIDEN,"And these tax incentives to people, for people to weatherize, which he wants to get, get rid of.",S,,,,S,,,,S,,,
1749,BIDEN,It’s going to make the economy much safer.,S,,,,S,,,,S,,,
1750,BIDEN,"Look how much we’re paying now to deal with the hurricanes, with, deal with.",S,,,,S,,,,S,,,
1751,BIDEN,"By the way, he has an answer for hurricanes.",S,,,,S,,,,S,,,
1752,BIDEN,"He said, maybe we should drop a nuclear weapon on them, and they may go away.",S,,,,S,,,,S,,,
1753,TRUMP,I never said that at all.,S,,,,S,,,,S,,,
1754,BIDEN,"Yeah, you did say that.",S,,,,S,,,,S,,,
1755,TRUMP,They made it up.,S,,,,S,,,,S,,,
1756,BIDEN,And here’s the deal.,S,,,,S,,,,S,,,
1757,TRUMP,You make up a lot.,S,,,,S,,,,S,,,
1758,BIDEN,"we’re going to be in a position where we can create hard, hard, good jobs by making sure the environment is clean, and we all are in better shape.",S,,,,S,,,,S,,,
1759,BIDEN,"We spend billions of dollars now, billions of dollars, on floods, hurricanes, rising seas.",S,,,,S,,,,S,,,
1760,BIDEN,We’re in real trouble.,S,,,,S,,,,S,,,
1761,BIDEN,Look what’s happened just in the Midwest with these storms that come through and wipe out entire sections and counties in Iowa.,S,,,,S,,,,S,,,
1762,BIDEN,They didn’t happen before.,S,,,,S,,,,S,,,
1763,BIDEN,They’re because of global warming.,S; EXPL,,,,S; EXPL,,,,S; EXPL,,,
1764,BIDEN,We make up 15% of the world’s problem.,S; S-Inform,,,,S; S-Inform,,,,S; S-Inform,,,
1765,BIDEN,"We in fact, but the rest of the world, we’ve got to get them to come along.",S,,,,S,,,,S,,,
1766,BIDEN,"That’s why we have to get back into, back into the Paris Accord.",S,,,,S,,,,S,,,
1767,WALLACE,"All right, gentlemen.",S,,,,S,,,,S,,,
1768,TRUMP,"Wait a minute, Chris.",IAFA,,,,IAFA,,,,IAFA,,,
1769,TRUMP,So why didn’t he do it for 47 years?,,,,,,,,,,,,
1770,TRUMP,You were Vice-President?,,,,,,,,,,,,
1771,BIDEN,For 47?,,,,,,,,,,,,
1772,TRUMP,So why didn’t you get the world—China sends up real dirt into the air.,S,,,,S,,,,S,,,
1773,TRUMP,Russia does.,S,,,,S,,,,S,,,
1774,TRUMP,India does.,S,,,,S,,,,S,,,
1775,TRUMP,They all do.,S,,,,S,,,,S,,,
1776,TRUMP,We’re supposed to be good.,S,,,,S,,,,S,,,
1777,TRUMP,"And by the way, he made a couple of statements.",S,,,,S,,,,S,,,
1778,TRUMP,The Green New Deal is a hundred trillion dollars.,S; S-Inform,,,,S; S-Inform,,,,S; S-Inform,,,
1779,BIDEN,That is not my plan.,S; EXPL,,,,S; EXPL,,,,S; EXPL,,,
1780,TRUMP,not 20 billion.,S; S-Inform,,,,S; S-Inform,,,,S; S-Inform,,,
1781,BIDEN,The Green New Deal is not my plan.,S,,,,S,,,,S,,,
1782,TRUMP,You want to rebuild every building.,S,,,,S,,,,S,,,
1783,BIDEN,If you knew anything about.,S,,,,S,,,,S,,,
1784,TRUMP,"Well, you want to rebuild everything",S,,,,S,,,,S,,,
1785,BIDEN,If he knew anything about.,S,,,,S,,,,S,,,
1786,WALLACE,Gentlemen.,S,,,,S,,,,S,,,
1787,WALLACE,Gentlemen.,S,,,,S,,,,S,,,
1788,TRUMP,He made a statement about the military.,S,,,,S,,,,S,,,
1789,TRUMP,He said I said something about the military.,S,,,,S,,,,S,,,
1790,TRUMP,"He and his friends made it up, and then they went with it.",S,,,,S,,,,S,,,
1791,TRUMP,I never said it.,S,,,,S,,,,S,,,
1792,WALLACE,Okay.,S; ACK,,,,S; ACK,,,,S; ACK,,,
1793,BIDEN,That is not true.,S; EXPL,,,,S; EXPL,,,,S; EXPL,,,
1794,TRUMP,What he did is he said.,S,,,,S,,,,S,,,
1795,WALLACE,"Okay, we’re going to get into a new segment.",S,,,,S,,,,S,,,
1796,WALLACE,Mr.,S,,,,S,,,,S,,,
1797,WALLACE,"Vice President, Mr.",S,,,,S,,,,S,,,
1798,WALLACE,Vice President.,S,,,,S,,,,S,,,
1799,TRUMP,is he called the military stupid bastards.,S,,,,S,,,,S,,,
1800,BIDEN,I did not say that.,S,,,,S,,,,S,,,
1801,TRUMP,He said it on tape.,S,,,,S,,,,S,,,
1802,BIDEN,Not true.,S,,,,S,,,,S,,,
1803,TRUMP,He said “stupid bastards.,S,,,,S,,,,S,,,
1804,WALLACE,Sir.,S,,,,S,,,,S,,,
1805,WALLACE,Stop.,IAFA,,,,IAFA,,,,IAFA,,,
1806,BIDEN,Play it.,IAFA,,,,IAFA,,,,IAFA,,,
1807,TRUMP,I would never say that.,S,,,,S,,,,S,,,
1808,BIDEN,Play it.,IAFA,,,,IAFA,,,,IAFA,,,
1809,WALLACE,Go ahead.,IAFA,,,,IAFA,,,,IAFA,,,
1810,TRUMP,You’re on tape.,S,,,,S,,,,S,,,
1811,WALLACE,Mr.,S,,,,S,,,,S,,,
1812,WALLACE,Vice President answered his final question.,S,,,,S,,,,S,,,
1813,BIDEN,"The final question is, I can’t remember which of all his rantings was the final question.",S,,,,S,,,,S,,,
1814,WALLACE,"I’m having a little trouble myself, but…",S,,,,S,,,,S,,,
1815,BIDEN,Yeah.,S; ACK,,,,S; ACK,,,,S; ACK,,,
1816,WALLACE,And about the economy and about this question of what it’s going to cost.,S,,,,S,,,,S,,,
1817,BIDEN,The economy.,S,,,,S,,,,S,,,
1818,WALLACE,The Green New Deal and the idea of what your environmental changes will do.,S,,,,S,,,,S,,,
1819,BIDEN,The Green New Deal will pay for itself as we move forward.,S,,,,S,,,,S,,,
1820,BIDEN,"We’re not going to build plants that, in fact, are great polluting plants, we’re gonna build.",S,,,,S,,,,S,,,
1821,WALLACE,"So, do you support the Green New Deal?",,,,,,,,,,,,
1822,BIDEN,Pardon me?,,,,,,,,,,,,
1823,WALLACE,Do you support the .,S,,,,S,,,,S,,,
1824,BIDEN,"No, I don’t support the Green New Deal.",S; REJ; ANS,,,,S; REJ; ANS,,,,S; REJ; ANS,,,
1825,TRUMP,"Oh, you don’t?",,,,,,,,,,,,
1826,TRUMP,"Oh, well, that’s a big statement.",S,,,,S,,,,S,,,
1827,BIDEN,I support .,S,,,,S,,,,S,,,
1828,TRUMP,You just lost the radical left.,S,,PB,,S,,PB,,S,,PB,
1829,TRUMP,It’s done.,S,,,,S,,,,S,,,
1830,TRUMP,Oh you don’t?,,,,,,,,,,,,
1831,BIDEN,I support the Biden plan that I put forward.,S,,,,S,,,,S,,,
1832,WALLACE,Okay.,S; ACK,,,,S; ACK,,,,S; ACK,,,
1833,BIDEN,"The Biden plan, which is different than what he calls “The Radical Green New Deal.",S,,,,S,,,,S,,,
1834,WALLACE,"All right, gentlemen, final segment: Election integrity.",S,,,,S,,,,S,,,
1835,WALLACE,"As we meet tonight, millions of Americans are receiving mail-in ballots or going to vote early.",S,,,,S,,,,S,,,
1836,WALLACE,"How confident should we be that this will be a fair election, and what are you prepared to do over the next five plus weeks?",Q-W,,,,Q-W,,,,Q-W,,,
1837,WALLACE,"Because it will not only be to election day, but also counting some ballots–mail-in ballots–after election day.",S; EXPL,,,,S; EXPL,,,,S; EXPL,,,
1838,WALLACE,What are you prepared to do to reassure the American people that the next president will be the legitimate winner of this election.,S,,AP; APAT,,S,,AP; APAT,,S,,AP; APAT,
1839,WALLACE,"In this final segment, Mr.",S,,,,S,,,,S,,,
1840,WALLACE,"Vice President, you go first.",S,,,,S,,,,S,,,
1841,BIDEN,Prepare to let people vote.,S,,,,S,,,,S,,,
1842,BIDEN,They should go to iwillvote.,S,,,,S,,,,S,,,
1843,BIDEN,"Decide how they’re going to vote, when they’re going to vote, and what means by which they’re going to vote.",S,,,,S,,,,S,,,
1844,BIDEN,"His own Homeland Security director, and as well as the FBI director, says that there is no evidence at all that mail-in ballots are a source of being manipulated and cheating.",S,,,,S,,,,S,,,
1845,BIDEN,They said that.,S,,,,S,,,,S,,,
1846,BIDEN,"The fact is that there are going to be millions of people because of COVID that are going to be voting by mail-in ballots like he does, by the way.",S; EXPL,,,,S; EXPL,,,,S; EXPL,,,
1847,BIDEN,He sits behind the Resolute Desk and sends his ballot to Florida.,S,,,,S,,,,S,,,
1848,BIDEN,Number one.,S,,,,S,,,,S,,,
1849,BIDEN,"Number two, we’re going to make sure that those people who want to vote in person are able to vote because there are enough poll watchers are there to make sure they can socially distance.",S; EXPL,,,,S; EXPL,,,,S; EXPL,,,
1850,BIDEN,"The polls are open on time, and the polls stay open until the votes are counted.",S,,,,S,,,,S,,,
1851,BIDEN,And this is all about trying to dissuade people from voting because he’s trying to conf–to scare people into thinking that it’s not going to be legitimate.,S; EXPL,,,,S; EXPL,,,,S; EXPL,,,
1852,BIDEN,Show up and vote.,IAFA,,,,IAFA,,,,IAFA,,,
1853,BIDEN,You will determine the outcome of this election.,S,,,,S,,,,S,,,
1854,BIDEN,"Vote, vote, vote.",S,,,,S,,,,S,,,
1855,BIDEN,"If you’re able to vote early in your state, vote early.",S,,,,S,,,,S,,,
1856,BIDEN,"If you’re able to vote in person, vote in person.",S,,,,S,,,,S,,,
1857,BIDEN,Vote whatever way is the best way for you.,S,,,,S,,,,S,,,
1858,BIDEN,Because you will—he cannot stop you from being able to determine the outcome of this election.,S; EXPL,,,,S; EXPL,,,,S; EXPL,,,
1859,BIDEN,"And in terms of whether or not, when the votes are counted and they’re all counted, that will be accepted.",S,,,,S,,,,S,,,
1860,BIDEN,"If I win, that will be accepted.",S,,,,S,,,,S,,,
1861,BIDEN,"If I lose, that’ll be accepted.",S,,,,S,,,,S,,,
1862,BIDEN,"But by the way, if in fact he says, he’s not sure what he’s going to accept.",S,,,,S,,,,S,,,
1863,BIDEN,"Well, let me tell you something, it doesn’t matter, because if we get the votes, it’s going to be all over.",S; EXPL,,,,S; EXPL,,,,S; EXPL,,,
1864,BIDEN,He’s gonna go.,S,,,,S,,,,S,,,
1865,BIDEN,He can’t stay in power.,S,,,,S,,,,S,,,
1866,BIDEN,It won’t happen.,S,,,,S,,,,S,,,
1867,BIDEN,It won’t happen.,S,,,,S,,,,S,,,
1868,BIDEN,So vote.,IAFA,,,,IAFA,,,,IAFA,,,
1869,BIDEN,"Just make sure you understand, you have it in your control to determine what this country is gonna look like the next four years.",S,,,,S,,,,S,,,
1870,BIDEN,"Is it going to change, or are you going to get four more years of these lies?",YNQ,,,,YNQ,,,,YNQ,,,
1871,WALLACE,Mr.,S,,,,S,,,,S,,,
1872,WALLACE,"President, two minutes.",S,,,,S,,,,S,,,
1873,TRUMP,"So when I listen to Joe talking about a transition, there has been no transition from when I won.",S,,,,S,,,,S,,,
1874,TRUMP,I won that election.,S,,,,S,,,,S,,,
1875,TRUMP,"And if you look at crooked Hillary Clinton, if you look at all of the different people, there was no transition, because they came after me trying to do a coup.",S; EXPL,,,,S; EXPL,,,,S; EXPL,,,
1876,TRUMP,They came after me spying on my campaign.,S,,,,S,,,,S,,,
1877,TRUMP,"They started from the day I won, and even before I won.",S,,,,S,,,,S,,,
1878,TRUMP,"From the day I came down the escalator with our first lady, they were a disaster.",S,,AF; PER,,S,,AF; PER,,S,,AF; PER,
1879,TRUMP,"They were a disgrace to our country, and we’ve caught ’em.",S,,PER,,S,,PER,,S,,PER,
1880,TRUMP,We’ve caught ’em all.,S,,,,S,,,,S,,,
1881,TRUMP,We’ve got it all on tape.,S,,,,S,,,,S,,,
1882,TRUMP,We’ve caught ’em all.,S,,,,S,,,,S,,,
1883,TRUMP,"And by the way, you gave the idea for the Logan Act against General Flynn.",S,,,,S,,,,S,,,
1884,TRUMP,"You better take a look at that, because we caught you in a sense, and President Obama was sitting in the office.",S; EXPL,,,,S; EXPL,,,,S; EXPL,,,
1885,TRUMP,He knew about it too.,S,,,,S,,,,S,,,
1886,TRUMP,So don’t tell me about a free transition.,IAFA,,,,IAFA,,,,IAFA,,,
1887,TRUMP,"As far as the ballots are concerned, it’s a disaster.",S,,AF,,S,,AF,,S,,AF,
1888,TRUMP,"A solicited ballot, okay, solicited, is okay.",S,,,,S,,,,S,,,
1889,TRUMP,You’re soliciting.,S,,,,S,,,,S,,,
1890,TRUMP,You’re asking.,S,,,,S,,,,S,,,
1891,TRUMP,They send it back.,S,,,,S,,,,S,,,
1892,TRUMP,You send it back.,S,,,,S,,,,S,,,
1893,TRUMP,I did that.,S,,,,S,,,,S,,,
1894,TRUMP,If you have an unsolicited–they’re sending millions of ballots all over the country.,S,,,,S,,,,S,,,
1895,TRUMP,There’s fraud.,S,,,,S,,,,S,,,
1896,TRUMP,They found ’em in creeks.,S,,,,S,,,,S,,,
1897,TRUMP,"They found some, with the name Trump, just happened to have the name Trump, just the other day in a wastepaper basket.",S,,,,S,,,,S,,,
1898,TRUMP,They’re being sent all over the place.,S,,,,S,,,,S,,,
1899,TRUMP,They sent two in a Democrat area.,S,,,,S,,,,S,,,
1900,TRUMP,They sent out a thousand ballots.,S,,,,S,,,,S,,,
1901,TRUMP,Everybody got two ballots.,S,,,,S,,,,S,,,
1902,TRUMP,This is going to be a fraud like you’ve never seen.,S,,,,S,,,,S,,,
1903,TRUMP,"The other thing, it’s nice.",S,,,,S,,,,S,,,
1904,TRUMP,"On November 3rd, you’re watching, and you see who won the election.",S; S-Inform,,,,S; S-Inform,,,,S; S-Inform,,,
1905,TRUMP,And I think we’re going to do well because people are really happy with the job we’ve done.,S; EXPL,,IP,,S; EXPL,,IP,,S; EXPL,,IP,
1906,TRUMP,But you know what?,,,,,,,,,,,,
1907,TRUMP,We won’t know.,S,,,,S,,,,S,,,
1908,TRUMP,We might not know for months because these ballots are going to be all over.,S; EXPL,,,,S; EXPL,,,,S; EXPL,,,
1909,TRUMP,Take a look at what happened in Manhattan.,S,,,,S,,,,S,,,
1910,TRUMP,Take a look at what happened in New Jersey.,S,,,,S,,,,S,,,
1911,TRUMP,Take a look at what happened in Virginia and other places.,S,,,,S,,,,S,,,
1912,TRUMP,"They’re not losing 2%, 1%, which by the way is too much.",S; S-Inform,,,,S; S-Inform,,,,S; S-Inform,,,
1913,TRUMP,An election could be won or lost with that.,S,,,,S,,,,S,,,
1914,TRUMP,They’re losing 30 and 40%.,S; S-Inform,,,,S; S-Inform,,,,S; S-Inform,,,
1915,TRUMP,"It’s a fraud, and it’s a shame.",S,,,,S,,,,S,,,
1916,TRUMP,"And can you imagine where they say, uh, “You have to have your ballot in by November 10th.",S; S-Inform,,,,S; S-Inform,,,,S; S-Inform,,,
1917,TRUMP,” November 10th.,S; S-Inform,,,,S; S-Inform,,,,S; S-Inform,,,
1918,TRUMP,"That means, that’s seven days after the election, in theory, should’ve been announced.",S,,,,S,,,,S,,,
1919,WALLACE,Okay,S; ACK,,,,S; ACK,,,,S; ACK,,,
1920,TRUMP,We have major states with that.,S,,,,S,,,,S,,,
1921,WALLACE,Sir.,S,,,,S,,,,S,,,
1922,WALLACE,Time.,S,,,,S,,,,S,,,
1923,TRUMP,… all run by Democrats-,IAFA,,,,IAFA,,,,IAFA,,,
1924,WALLACE,"Sir, two minutes is two minutes.",S,,,,S,,,,S,,,
1925,TRUMP,All run by Democrats.,IAFA,,,,IAFA,,,,IAFA,,,
1926,WALLACE,President Trump.,S,,,,S,,,,S,,,
1927,WALLACE,"I, I,.",S,,,,S,,,,S,,,
1928,TRUMP,It’s a rigged election.,S,,,,S,,,,S,,,
1929,WALLACE,You’re going to be able to continue.,S,,,,S,,,,S,,,
1930,WALLACE,You have been charging for months that mail-in balloting is going to be a disaster.,S,,AF,,S,,AF,,S,,AF,
1931,WALLACE,"You say it’s rigged, that it’s going to lead to fraud.",S,,,,S,,,,S,,,
1932,WALLACE,"But in 2018, in the last midterm election, 31 million people voted mail-in voting.",S; HS; S-Inform,,,,S; HS; S-Inform,,,,S; HS; S-Inform,,,
1933,WALLACE,"That was a quarter, more than a quarter of all the voters that year, cast their ballots by mail.",S; S-Inform,,,,S; S-Inform,,,,S; S-Inform,,,
1934,WALLACE,"Now that millions of mail-in ballots have gone out, what are you going to do about it?",,,,,,,,,,,,
1935,WALLACE,"And are you counting on the Supreme Court, including a Justice Barrett, to settle any dispute?",,,,,,,,,,,,
1936,TRUMP,Yeah.,S; ACK,,,,S; ACK,,,,S; ACK,,,
1937,TRUMP,"I think I’m counting on them to look at the ballots, definitely.",S,,IP,,S,,IP,,S,,IP,
1938,TRUMP,"I don’t think—I hope we don’t need them, in terms of the election itself.",S,,,,S,,,,S,,,
1939,TRUMP,"But for the ballots, I think so, because what’s happening is incredible.",S; EXPL,,IP,,S; EXPL,,IP,,S; EXPL,,IP,
1940,TRUMP,"I just heard, I read today where at least 1% of the ballots for 2016 were invalidated.",S; HS; S-Inform,,,,S; HS; S-Inform,,,,S; HS; S-Inform,,,
1941,TRUMP,They take ’em.,S,,,,S,,,,S,,,
1942,TRUMP,We don’t like ’em.,S,,,,S,,,,S,,,
1943,TRUMP,We don’t like ’em.,S,,,,S,,,,S,,,
1944,TRUMP,They throw ’em out.,S,,,,S,,,,S,,,
1945,WALLACE,But what are you going to do about it-,S,,,,S,,,,S,,,
1946,TRUMP,… left and right.,IAFA,,,,IAFA,,,,IAFA,,,
1947,WALLACE,There are millions of ballots going out right now.,IAFA,,,,IAFA,,,,IAFA,,,
1948,WALLACE,What are you going to do.,S,,,,S,,,,S,,,
1949,TRUMP,What you do is you go and vote.,S,,,,S,,,,S,,,
1950,TRUMP,"You do a solicited ballot, and that’s okay.",S,,,,S,,,,S,,,
1951,WALLACE,No.,S; REJ; ANS,,,,S; REJ; ANS,,,,S; REJ; ANS,,,
1952,WALLACE,No.,S; REJ; ANS,,,,S; REJ; ANS,,,,S; REJ; ANS,,,
1953,WALLACE,I know your complaint.,S,,,,S,,,,S,,,
1954,WALLACE,I’m asking you about the fact that millions of people have received.,S,,,,S,,,,S,,,
1955,TRUMP,You go and vote.,S,,,,S,,,,S,,,
1956,TRUMP,You go and vote.,S,,,,S,,,,S,,,
1957,WALLACE,No.,S; REJ; ANS,,,,S; REJ; ANS,,,,S; REJ; ANS,,,
1958,WALLACE,But what I’m saying is .,S,,,,S,,,,S,,,
1959,TRUMP,like they used to in the old.,S,,,,S,,,,S,,,
1960,WALLACE,what are you going to do about the fact that millions of people.,S,,,,S,,,,S,,,
1961,TRUMP,"You either do, Chris, a solicited ballot, where you’re sending it in, they’re sending it back and you’re sending.",S,,,,S,,,,S,,,
1962,TRUMP,They have mailmen with lots of it.,S,,,,S,,,,S,,,
1963,TRUMP,Did you see what’s going on?,YNQ,,,,YNQ,,,,YNQ,,,
1964,TRUMP,"Take a look at West Virginia, mailman selling the ballots.",IAFA,,,,IAFA,,,,IAFA,,,
1965,TRUMP,They’re being sold.,S,,,,S,,,,S,,,
1966,TRUMP,They’re being dumped in rivers.,S,,,,S,,,,S,,,
1967,TRUMP,This is a horrible thing for our country.,S,,,,S,,,,S,,,
1968,BIDEN,There is no–there is no evidence of that.,IAFA,,,,IAFA,,,,IAFA,,,
1969,TRUMP,This is not going to end well.,S,,,,S,,,,S,,,
1970,BIDEN,There is no evidence of that.,IAFA,,,,IAFA,,,,IAFA,,,
1971,TRUMP,This is not going to end well.,S,,,,S,,,,S,,,
1972,WALLACE,Okay.,S; ACK,,,,S; ACK,,,,S; ACK,,,
1973,WALLACE,"Vice President Biden, in fact, go ahead, sir-",S,,,,S,,,,S,,,
1974,BIDEN,Five states have had mail-in ballots for the last decade or more.,S,,,,S,,,,S,,,
1975,BIDEN,"Five, including two Republican states.",S,,,,S,,,,S,,,
1976,BIDEN,And you don’t have to solicit the ballot.,S,,,,S,,,,S,,,
1977,BIDEN,It’s sent to you.,S,,,,S,,,,S,,,
1978,BIDEN,It’s sent to your home.,S,,,,S,,,,S,,,
1979,BIDEN,"What we’re saying is, they’re saying is that it has to be a postmark by the time, by election day.",S,,,,S,,,,S,,,
1980,BIDEN,"If it doesn’t get in until the seventh, eighth, ninth, it still should be counted.",S,,,,S,,,,S,,,
1981,BIDEN,He’s just afraid of counting the votes because.,S; EXPL,,,,S; EXPL,,,,S; EXPL,,,
1982,TRUMP,You’re wrong.,S,,,,S,,,,S,,,
1983,TRUMP,You’re wrong.,S,,,,S,,,,S,,,
1984,TRUMP,I love counting the votes.,S,,,,S,,,,S,,,
1985,BIDEN,he knows what the outcome will be.,S,,,,S,,,,S,,,
1986,WALLACE,"I want to continue with you on this, Vice President Biden.",S,,,,S,,,,S,,,
1987,TRUMP,"Chris, he’s so wrong when he makes a statement like that-",S,,,,S,,,,S,,,
1988,WALLACE,No.,S; REJ; ANS,,,,S; REJ; ANS,,,,S; REJ; ANS,,,
1989,WALLACE,Excuse me.,IAFA; TT,,,,IAFA; TT,,,,IAFA; TT,,,
1990,WALLACE,"Vice President Biden, the biggest problem, in fact, over the years with mail-in voting has not been fraud, historically.",S,,,,S,,,,S,,,
1991,WALLACE,"It has been that sizable numbers, sometimes hundreds of thousands of ballots are thrown out because they have not been properly filled out, or there is some other irregularity,.",S; EXPL,,,,S; EXPL,,,,S; EXPL,,,
1992,TRUMP,That could be fraud.,S,,,,S,,,,S,,,
1993,WALLACE,or they missed the deadline.,S,,,,S,,,,S,,,
1994,WALLACE,"So the question I have is, are you concerned that the Supreme Court with a Justice Barrett will settle any dispute?",,,,,,,,,,,,
1995,BIDEN,"I am concerned that any court would settle this, because here’s the deal.",S; EXPL,,,,S; EXPL,,,,S; EXPL,,,
1996,BIDEN,"When you file—when you get a ballot and you fill it out, you’re supposed to have an affidavit.",S,,,,S,,,,S,,,
1997,BIDEN,"If you didn’t know, you have someone say that, this is me.",S,,,,S,,,,S,,,
1998,BIDEN,"You should be able to, if in fact you can verify that’s you when, before the ballot is thrown out, that’s sufficient to be able to count the ballot because someone made a mistake and not dotting the correct i.",S; EXPL,,,,S; EXPL,,,,S; EXPL,,,
1999,BIDEN,"Who they voted for, testify, say who they voted for, say it’s you.",S,,,,S,,,,S,,,
2000,BIDEN,That is totally legitimate.,S; EXPL,,,,S; EXPL,,,,S; EXPL,,,
2001,WALLACE,All right.,S,,,,S,,,,S,,,
2002,TRUMP,"Excuse me, Chris, when you have eighty million ballots.",S; TT; S-Inform,,,,S; TT; S-Inform,,,,S; TT; S-Inform,,,
2003,WALLACE,No.,S; REJ; ANS,,,,S; REJ; ANS,,,,S; REJ; ANS,,,
2004,WALLACE,No.,S; REJ; ANS,,,,S; REJ; ANS,,,,S; REJ; ANS,,,
2005,WALLACE,No.,S; REJ; ANS,,,,S; REJ; ANS,,,,S; REJ; ANS,,,
2006,WALLACE,I have a final .,S,,,,S,,,,S,,,
2007,TRUMP,sent in and swamping the system.,IAFA,,,,IAFA,,,,IAFA,,,
2008,WALLACE,"Gentlemen, I have a final question .",S,,,,S,,,,S,,,
2009,TRUMP,You know it can’t be done.,S,,,,S,,,,S,,,
2010,TRUMP,"You know it can’t, and already, there’s been fraud deception and .",S,,,,S,,,,S,,,
2011,BIDEN,Mail service delivers 185 million pieces of mail a day.,S; S-Inform,,,,S; S-Inform,,,,S; S-Inform,,,
2012,TRUMP,Eighty million ballots.,S; S-Inform,,,,S; S-Inform,,,,S; S-Inform,,,
2013,WALLACE,We can keep talking.,S,,,,S,,,,S,,,
2014,WALLACE,"In eight states, election workers are prohibited, currently by law, eight states, from even beginning to process ballots, even take them out of the envelopes and flatten them until election day.",S,,,,S,,,,S,,,
2015,WALLACE,"That means that it’s likely, because there’s going to be a huge increase in mail-in balloting, that we are not going to know on election night who the winner is, that it could be days.",S; EXPL,,,,S; EXPL,,,,S; EXPL,,,
2016,WALLACE,It could be weeks.,S,,,,S,,,,S,,,
2017,TRUMP,Could be months.,S,,,,S,,,,S,,,
2018,WALLACE,until we find out who the new president is.,S,,,,S,,,,S,,,
2019,WALLACE,"So, I–first for you, sir.",S,,,,S,,,,S,,,
2020,WALLACE,"Finally, for the Vice-President, and I hope neither of you will interrupt the other.",S,,,,S,,,,S,,,
2021,WALLACE,"Will you urge your supporters to stay calm during this extended period, not to engage in any civil unrest?",YNQ,,,,YNQ,,,,YNQ,,,
2022,WALLACE,And will you pledge tonight that you will not declare victory until the election has been independently certified?,,,,,,,,,,,,
2023,WALLACE,"President Trump, you go first.",S,,,,S,,,,S,,,
2024,TRUMP,"I’m urging my supporters to go into the polls and watch very carefully, because that’s what has to happen.",S; EXPL,,,,S; EXPL,,,,S; EXPL,,,
2025,TRUMP,I am urging them to do it.,S,,,,S,,,,S,,,
2026,TRUMP,"As you know, today there was a big problem.",S,,,,S,,,,S,,,
2027,TRUMP,"In Philadelphia, they went in to watch.",S,,,,S,,,,S,,,
2028,TRUMP,"They’re called poll watchers, a very safe, very nice thing.",S,,,,S,,,,S,,,
2029,TRUMP,They were thrown out.,S,,,,S,,,,S,,,
2030,TRUMP,They weren’t allowed to watch.,S,,,,S,,,,S,,,
2031,TRUMP,You know why?,,,,,,,,,,,,
2032,TRUMP,Because bad things happen in Philadelphia.,S; EXPL,,,,S; EXPL,,,,S; EXPL,,,
2033,TRUMP,Bad things.,S,,,,S,,,,S,,,
2034,TRUMP,"And I am urging, I am urging my people.",S,,,,S,,,,S,,,
2035,TRUMP,I hope it’s going to be a fair election.,S,,,,S,,,,S,,,
2036,TRUMP,If it’s a fair election.,S,,,,S,,,,S,,,
2037,WALLACE,You’re urging them what?,,,,,,,,,,,,
2038,TRUMP,I am 100% on board.,S; S-Inform,,,,S; S-Inform,,,,S; S-Inform,,,
2039,TRUMP,"But if I see tens of thousands of ballots being manipulated, I can’t go along with that.",S,,,,S,,,,S,,,
2040,TRUMP,And I’ll tell you what.,S,,,,S,,,,S,,,
2041,WALLACE,"What does that mean, not go along.",S,,,,S,,,,S,,,
2042,TRUMP,from a common sense.,S,,,,S,,,,S,,,
2043,WALLACE,does that mean you’re going to tell your people .,S,,,,S,,,,S,,,
2044,TRUMP,I’ll tell you what it means.,S,,,,S,,,,S,,,
2045,WALLACE,… to take to the streets?,,,,,,,,,,,,
2046,TRUMP,It means you have a fraudulent election.,S,,,,S,,,,S,,,
2047,TRUMP,You’re sending out 80 million ballots.,S; S-Inform,,,,S; S-Inform,,,,S; S-Inform,,,
2048,WALLACE,And what would you do about that?,,,,,,,,,,,,
2049,TRUMP,They’re not equipped.,S,,,,S,,,,S,,,
2050,TRUMP,"These people aren’t equipped to handle it, number one.",S,,,,S,,,,S,,,
2051,TRUMP,"Number two, they cheat.",S,,,,S,,,,S,,,
2052,TRUMP,They cheat.,S,,,,S,,,,S,,,
2053,TRUMP,"Hey, they found ballots in a wastepaper basket three days ago, and they all had the name military ballots.",S,,,,S,,,,S,,,
2054,TRUMP,They were military.,S,,,,S,,,,S,,,
2055,TRUMP,They all had the name Trump on them.,S,,,,S,,,,S,,,
2056,WALLACE,Vice President Biden-,S,,,,S,,,,S,,,
2057,TRUMP,You think that’s good?,,,,,,,,,,,,
2058,WALLACE,"Vice President Biden, final question for you.",S,,,,S,,,,S,,,
2059,WALLACE,Will you urge your supporters to stay calm while the vote is counted?,YNQ,,,,YNQ,,,,YNQ,,,
2060,WALLACE,And will you pledge not to declare victory until the election is independently certified?,,,,,,,,,,,,
2061,BIDEN,Yes.,S; ANS,,,,S; ANS,,,,S; ANS,,,
2062,BIDEN,And here’s the deal.,S,,,,S,,,,S,,,
2063,BIDEN,"We count the ballots, as you pointed out.",S,,,,S,,,,S,,,
2064,BIDEN,Some of these ballots in some states can’t even be opened until election day.,S,,,,S,,,,S,,,
2065,BIDEN,"And if there’s thousands of ballots, it’s going to take time to do it.",S,,,,S,,,,S,,,
2066,BIDEN,"And by the way, our military–they’ve been voting by ballots for since the end of the Civil War, in effect.",S; HS,,,,S; HS,,,,S; HS,,,
2067,BIDEN,"And that’s, and that’s what’s going to happen.",S,,,,S,,,,S,,,
2068,BIDEN,"Why was it not, why is it for them, somehow not fraudulent.",S,,,,S,,,,S,,,
2069,BIDEN,It’s the same process.,S,,,,S,,,,S,,,
2070,BIDEN,It’s honest.,S,,,,S,,,,S,,,
2071,BIDEN,"No one has established at all that there is fraud related to mail-in ballots, that the, somehow it’s a fraudulent process.",S; REJ; ANS,,,,S; REJ; ANS,,,,S; REJ; ANS,,,
2072,TRUMP,It’s already been established.,S,,,,S,,,,S,,,
2073,TRUMP,Take a look at Carolyn Maloney’s race.,IAFA,,RB,,IAFA,,RB,,IAFA,,RB,
2074,WALLACE,I asked you.,S,,,,S,,,,S,,,
2075,WALLACE,You had an opportunity to respond .,S,,,,S,,,,S,,,
2076,TRUMP,Look at Carolyn Maloney’s race.,IAFA,,RB,,IAFA,,RB,,IAFA,,RB,
2077,TRUMP,They have no idea what happened.,S,,,,S,,,,S,,,
2078,WALLACE,Go ahead.,IAFA,,,,IAFA,,,,IAFA,,,
2079,WALLACE,"Vice President Biden, go ahead.",IAFA,,,,IAFA,,,,IAFA,,,
2080,BIDEN,He has no idea what he’s talking about.,S,,,,S,,,,S,,,
2081,BIDEN,Here’s the deal.,S,,,,S,,,,S,,,
2082,BIDEN,"The fact is, I will accept it, and he will too.",S,,,,S,,,,S,,,
2083,BIDEN,You know why?,,,,,,,,,,,,
2084,BIDEN,"Because once the winner is declared after all the ballots are counted, all the votes are counted, that’ll be the end of it.",S; EXPL,,,,S; EXPL,,,,S; EXPL,,,
2085,BIDEN,That’ll be the end of it.,S,,,,S,,,,S,,,
2086,BIDEN,"And if it’s me, in fact, fine.",S,,,,S,,,,S,,,
2087,BIDEN,"If it’s not me, I’ll support the outcome.",S,,,,S,,,,S,,,
2088,BIDEN,"And I’ll be a president, not just for the Democrats.",S,,,,S,,,,S,,,
2089,BIDEN,I’ll be a president for Democrats and Republicans.,S,,,,S,,,,S,,,
2090,BIDEN,And this guy if in fact.,S,,,,S,,,,S,,,
2091,TRUMP,I want to see an honest ballot count.,S,,,,S,,,,S,,,
2092,WALLACE,"Gentlemen, just say that’s the end of it .",S,,,,S,,,,S,,,
2093,WALLACE,This is the end of this debate-,S,,,,S,,,,S,,,
2094,TRUMP,I want to see an honest ballot count.,S,,,,S,,,,S,,,
2095,WALLACE,We’re going to leave it there.,S,,,,S,,,,S,,,
2096,TRUMP,And I think he does too.,S,,IP,,S,,IP,,S,,IP,
2097,WALLACE,… to be continued in more debates as we go on.,S,,,,S,,,,S,,,
2098,WALLACE,"President Trump, Vice President Biden, it’s been an interesting hour and a half.",S,,,,S,,,,S,,,
2099,WALLACE,I want to thank you both for participating in the first of three debates that you have agreed to engage in.,S; THK,,,,S; THK,,,,S; THK,,,
2100,WALLACE,We want to thank Case Western Reserve University and the Cleveland Clinic for hosting this event.,S,,,,S,,,,S,,,
2101,WALLACE,"The next debate, sponsored by the Commission on Presidential Debates, will be one week from tomorrow, October 7th, at the University of Utah in Salt Lake City.",S; S-Inform,,,,S; S-Inform,,,,S; S-Inform,,,
2102,WALLACE,"The two Vice-Presidential nominees, Vice President Mike Pence and Senator Kamala Harris will debate at 9:00 PM Eastern that night.",S; S-Inform,,,,S; S-Inform,,,,S; S-Inform,,,
2103,WALLACE,We hope you watch.,S,,,,S,,,,S,,,
2104,WALLACE,"Until then, thank you, and good night.",IAFA; GR; THK,,,,IAFA; GR; THK,,,,IAFA; GR; THK,,,
2105,TRUMP,.,S,,,,S,,,,S,,,
2106,TRUMP,.,S,,,,S,,,,S,,,
2107,BIDEN,.,S,,,,S,,,,S,,,
2108,BIDEN,.,S,,,,S,,,,S,,,
2109,WALLACE,.,S,,,,S,,,,S,,,
2110,BIDEN,.,S,,,,S,,,,S,,,
2111,BIDEN,.,S,,,,S,,,,S,,,
2112,BIDEN,.,S,,,,S,,,,S,,,
2113,BIDEN,.,S,,,,S,,,,S,,,
2114,BIDEN,.,S,,,,S,,,,S,,,
2115,TRUMP,.,S,,,,S,,,,S,,,
2116,TRUMP,.,S,,,,S,,,,S,,,
2117,BIDEN,.,S,,,,S,,,,S,,,
2118,BIDEN,.,S,,,,S,,,,S,,,
2119,BIDEN,.,S,,,,S,,,,S,,,
2120,BIDEN,.,S,,,,S,,,,S,,,
2121,BIDEN,.,S,,,,S,,,,S,,,
2122,BIDEN,.,S,,,,S,,,,S,,,
2123,TRUMP,.,S,,,,S,,,,S,,,
2124,TRUMP,.,S,,,,S,,,,S,,,
2125,TRUMP,.,S,,,,S,,,,S,,,
2126,TRUMP,.,S,,,,S,,,,S,,,
2127,TRUMP,.,S,,,,S,,,,S,,,
2128,TRUMP,.,S,,,,S,,,,S,,,
2129,TRUMP,.,S,,,,S,,,,S,,,
2130,TRUMP,.,S,,,,S,,,,S,,,
2131,TRUMP,.,S,,,,S,,,,S,,,
2132,BIDEN,.,S,,,,S,,,,S,,,
2133,BIDEN,.,S,,,,S,,,,S,,,
2134,TRUMP,.,S,,,,S,,,,S,,,
2135,TRUMP,.,S,,,,S,,,,S,,,
2136,TRUMP,.,S,,,,S,,,,S,,,
2137,BIDEN,.,S,,,,S,,,,S,,,
2138,BIDEN,.,S,,,,S,,,,S,,,
2139,BIDEN,.,S,,,,S,,,,S,,,
2140,BIDEN,.,S,,,,S,,,,S,,,
2141,WALLACE,.,S,,,,S,,,,S,,,
2142,WALLACE,.,S,,,,S,,,,S,,,
2143,WALLACE,.,S,,,,S,,,,S,,,
2144,BIDEN,.,S,,,,S,,,,S,,,
2145,BIDEN,.,S,,,,S,,,,S,,,
2146,TRUMP,.,S,,,,S,,,,S,,,
2147,TRUMP,.,S,,,,S,,,,S,,,
2148,BIDEN,.,S,,,,S,,,,S,,,
2149,BIDEN,.,S,,,,S,,,,S,,,
2150,BIDEN,.,S,,,,S,,,,S,,,
2151,BIDEN,.,S,,,,S,,,,S,,,
2152,BIDEN,.,S,,,,S,,,,S,,,
2153,BIDEN,.,S,,,,S,,,,S,,,
2154,BIDEN,.,S,,,,S,,,,S,,,
2155,BIDEN,.,S,,,,S,,,,S,,,
2156,BIDEN,.,S,,,,S,,,,S,,,
2157,BIDEN,.,S,,,,S,,,,S,,,
2158,WALLACE,.,S,,,,S,,,,S,,,
2159,WALLACE,.,S,,,,S,,,,S,,,
2160,WALLACE,.,S,,,,S,,,,S,,,
2161,WALLACE,.,S,,,,S,,,,S,,,
2162,WALLACE,.,S,,,,S,,,,S,,,
2163,WALLACE,.,S,,,,S,,,,S,,,
2164,WALLACE,.,S,,,,S,,,,S,,,
2165,TRUMP,.,S,,,,S,,,,S,,,
2166,TRUMP,.,S,,,,S,,,,S,,,
2167,BIDEN,.,S,,,,S,,,,S,,,
2168,BIDEN,.,S,,,,S,,,,S,,,
2169,WALLACE,.,S,,,,S,,,,S,,,
2170,WALLACE,.,S,,,,S,,,,S,,,
2171,TRUMP,.,S,,,,S,,,,S,,,
2172,TRUMP,.,S,,,,S,,,,S,,,
2173,WALLACE,.,S,,,,S,,,,S,,,
2174,WALLACE,.,S,,,,S,,,,S,,,
2175,WALLACE,.,S,,,,S,,,,S,,,
2176,WALLACE,.,S,,,,S,,,,S,,,
2177,WALLACE,.,S,,,,S,,,,S,,,
2178,WALLACE,.,S,,,,S,,,,S,,,
2179,WALLACE,.,S,,,,S,,,,S,,,
2180,WALLACE,.,S,,,,S,,,,S,,,
2181,TRUMP,.,S,,,,S,,,,S,,,
2182,TRUMP,.,S,,,,S,,,,S,,,
2183,TRUMP,.,S,,,,S,,,,S,,,
2184,WALLACE,.,S,,,,S,,,,S,,,
2185,WALLACE,.,S,,,,S,,,,S,,,
2186,WALLACE,.,S,,,,S,,,,S,,,
2187,TRUMP,.,S,,,,S,,,,S,,,
2188,TRUMP,.,S,,,,S,,,,S,,,
2189,BIDEN,.,S,,,,S,,,,S,,,
2190,BIDEN,.,S,,,,S,,,,S,,,
2191,BIDEN,.,S,,,,S,,,,S,,,
2192,BIDEN,.,S,,,,S,,,,S,,,
2193,TRUMP,.,S,,,,S,,,,S,,,
2194,TRUMP,.,S,,,,S,,,,S,,,
2195,TRUMP,.,S,,,,S,,,,S,,,
2196,BIDEN,.,S,,,,S,,,,S,,,
2197,BIDEN,.,S,,,,S,,,,S,,,
2198,BIDEN,.,S,,,,S,,,,S,,,
2199,BIDEN,.,S,,,,S,,,,S,,,
2200,BIDEN,.,S,,,,S,,,,S,,,
2201,TRUMP,.,S,,,,S,,,,S,,,
2202,TRUMP,.,S,,,,S,,,,S,,,
2203,TRUMP,.,S,,,,S,,,,S,,,
2204,TRUMP,.,S,,,,S,,,,S,,,
2205,TRUMP,.,S,,,,S,,,,S,,,
2206,TRUMP,.,S,,,,S,,,,S,,,
2207,TRUMP,.,S,,,,S,,,,S,,,
2208,TRUMP,.,S,,,,S,,,,S,,,
2209,TRUMP,.,S,,,,S,,,,S,,,
2210,TRUMP,.,S,,,,S,,,,S,,,
2211,TRUMP,.,S,,,,S,,,,S,,,
2212,TRUMP,.,S,,,,S,,,,S,,,
2213,TRUMP,.,S,,,,S,,,,S,,,
2214,TRUMP,.,S,,,,S,,,,S,,,
2215,TRUMP,.,S,,,,S,,,,S,,,
2216,BIDEN,.,S,,,,S,,,,S,,,
2217,BIDEN,.,S,,,,S,,,,S,,,
2218,BIDEN,.,S,,,,S,,,,S,,,
2219,BIDEN,.,S,,,,S,,,,S,,,
2220,TRUMP,.,S,,,,S,,,,S,,,
2221,TRUMP,.,S,,,,S,,,,S,,,
2222,TRUMP,.,S,,,,S,,,,S,,,
2223,BIDEN,.,S,,,,S,,,,S,,,
2224,BIDEN,.,S,,,,S,,,,S,,,
2225,WALLACE,.,S,,,,S,,,,S,,,
2226,WALLACE,.,S,,,,S,,,,S,,,
2227,WALLACE,.,S,,,,S,,,,S,,,
2228,WALLACE,.,S,,,,S,,,,S,,,
2229,WALLACE,.,S,,,,S,,,,S,,,
2230,WALLACE,.,S,,,,S,,,,S,,,
2231,WALLACE,.,S,,,,S,,,,S,,,
2232,BIDEN,.,S,,,,S,,,,S,,,
2233,BIDEN,.,S,,,,S,,,,S,,,
2234,BIDEN,.,S,,,,S,,,,S,,,
2235,BIDEN,.,S,,,,S,,,,S,,,
2236,BIDEN,.,S,,,,S,,,,S,,,
2237,BIDEN,.,S,,,,S,,,,S,,,
2238,BIDEN,.,S,,,,S,,,,S,,,
2239,BIDEN,.,S,,,,S,,,,S,,,
2240,BIDEN,.,S,,,,S,,,,S,,,
2241,BIDEN,.,S,,,,S,,,,S,,,
2242,TRUMP,.,S,,,,S,,,,S,,,
2243,TRUMP,.,S,,,,S,,,,S,,,
2244,BIDEN,.,S,,,,S,,,,S,,,
2245,BIDEN,.,S,,,,S,,,,S,,,
2246,TRUMP,.,S,,,,S,,,,S,,,
2247,TRUMP,.,S,,,,S,,,,S,,,
2248,TRUMP,.,S,,,,S,,,,S,,,
2249,TRUMP,.,S,,,,S,,,,S,,,
2250,BIDEN,.,S,,,,S,,,,S,,,
2251,BIDEN,.,S,,,,S,,,,S,,,
2252,TRUMP,.,S,,,,S,,,,S,,,
2253,TRUMP,.,S,,,,S,,,,S,,,
2254,TRUMP,.,S,,,,S,,,,S,,,
2255,TRUMP,.,S,,,,S,,,,S,,,
2256,TRUMP,.,S,,,,S,,,,S,,,
2257,BIDEN,.,S,,,,S,,,,S,,,
2258,BIDEN,.,S,,,,S,,,,S,,,
2259,TRUMP,.,S,,,,S,,,,S,,,
2260,TRUMP,.,S,,,,S,,,,S,,,
2261,BIDEN,.,S,,,,S,,,,S,,,
2262,BIDEN,.,S,,,,S,,,,S,,,
2263,BIDEN,.,S,,,,S,,,,S,,,
2264,BIDEN,.,S,,,,S,,,,S,,,
2265,BIDEN,.,S,,,,S,,,,S,,,
2266,BIDEN,.,S,,,,S,,,,S,,,
2267,BIDEN,.,S,,,,S,,,,S,,,
2268,BIDEN,.,S,,,,S,,,,S,,,
2269,BIDEN,.,S,,,,S,,,,S,,,
2270,WALLACE,.,S,,,,S,,,,S,,,
2271,WALLACE,.,S,,,,S,,,,S,,,
2272,TRUMP,.,S,,,,S,,,,S,,,
2273,TRUMP,.,S,,,,S,,,,S,,,
2274,TRUMP,.,S,,,,S,,,,S,,,
2275,TRUMP,.,S,,,,S,,,,S,,,
2276,TRUMP,.,S,,,,S,,,,S,,,
2277,TRUMP,.,S,,,,S,,,,S,,,
2278,TRUMP,.,S,,,,S,,,,S,,,
2279,BIDEN,.,S,,,,S,,,,S,,,
2280,BIDEN,.,S,,,,S,,,,S,,,
2281,TRUMP,.,S,,,,S,,,,S,,,
2282,TRUMP,.,S,,,,S,,,,S,,,
2283,TRUMP,.,S,,,,S,,,,S,,,
2284,BIDEN,.,S,,,,S,,,,S,,,
2285,BIDEN,.,S,,,,S,,,,S,,,
2286,BIDEN,.,S,,,,S,,,,S,,,
2287,BIDEN,.,S,,,,S,,,,S,,,
2288,BIDEN,.,S,,,,S,,,,S,,,
2289,BIDEN,.,S,,,,S,,,,S,,,
2290,BIDEN,.,S,,,,S,,,,S,,,
2291,WALLACE,.,S,,,,S,,,,S,,,
2292,WALLACE,.,S,,,,S,,,,S,,,
2293,WALLACE,.,S,,,,S,,,,S,,,
2294,WALLACE,.,S,,,,S,,,,S,,,
2295,TRUMP,.,S,,,,S,,,,S,,,
2296,TRUMP,.,S,,,,S,,,,S,,,
2297,WALLACE,.,S,,,,S,,,,S,,,
2298,WALLACE,.,S,,,,S,,,,S,,,
2299,TRUMP,.,S,,,,S,,,,S,,,
2300,TRUMP,.,S,,,,S,,,,S,,,
2301,TRUMP,.,S,,,,S,,,,S,,,
2302,TRUMP,.,S,,,,S,,,,S,,,
2303,TRUMP,.,S,,,,S,,,,S,,,
2304,TRUMP,.,S,,,,S,,,,S,,,
2305,BIDEN,.,S,,,,S,,,,S,,,
2306,BIDEN,.,S,,,,S,,,,S,,,
2307,BIDEN,.,S,,,,S,,,,S,,,
2308,BIDEN,.,S,,,,S,,,,S,,,
2309,WALLACE,.,S,,,,S,,,,S,,,
2310,WALLACE,.,S,,,,S,,,,S,,,
2311,BIDEN,.,S,,,,S,,,,S,,,
2312,BIDEN,.,S,,,,S,,,,S,,,
2313,TRUMP,.,S,,,,S,,,,S,,,
2314,TRUMP,.,S,,,,S,,,,S,,,
2315,WALLACE,.,S,,,,S,,,,S,,,
2316,WALLACE,.,S,,,,S,,,,S,,,
2317,WALLACE,.,S,,,,S,,,,S,,,
2318,WALLACE,.,S,,,,S,,,,S,,,
2319,WALLACE,.,S,,,,S,,,,S,,,
2320,WALLACE,.,S,,,,S,,,,S,,,
2321,TRUMP,.,S,,,,S,,,,S,,,
2322,TRUMP,.,S,,,,S,,,,S,,,
2323,WALLACE,.,S,,,,S,,,,S,,,
2324,WALLACE,.,S,,,,S,,,,S,,,
2325,TRUMP,.,S,,,,S,,,,S,,,
2326,TRUMP,.,S,,,,S,,,,S,,,
2327,WALLACE,.,S,,,,S,,,,S,,,
2328,WALLACE,.,S,,,,S,,,,S,,,
2329,TRUMP,.,S,,,,S,,,,S,,,
2330,TRUMP,.,S,,,,S,,,,S,,,
2331,WALLACE,.,S,,,,S,,,,S,,,
2332,WALLACE,.,S,,,,S,,,,S,,,
2333,TRUMP,.,S,,,,S,,,,S,,,
2334,TRUMP,.,S,,,,S,,,,S,,,
2335,TRUMP,.,S,,,,S,,,,S,,,
2336,TRUMP,.,S,,,,S,,,,S,,,
2337,TRUMP,.,S,,,,S,,,,S,,,
2338,WALLACE,.,S,,,,S,,,,S,,,
2339,WALLACE,.,S,,,,S,,,,S,,,
2340,WALLACE,.,S,,,,S,,,,S,,,
2341,WALLACE,.,S,,,,S,,,,S,,,
2342,WALLACE,.,S,,,,S,,,,S,,,
2343,BIDEN,.,S,,,,S,,,,S,,,
2344,BIDEN,.,S,,,,S,,,,S,,,
2345,BIDEN,.,S,,,,S,,,,S,,,
2346,BIDEN,.,S,,,,S,,,,S,,,
2347,BIDEN,.,S,,,,S,,,,S,,,
2348,BIDEN,.,S,,,,S,,,,S,,,
2349,BIDEN,.,S,,,,S,,,,S,,,
2350,TRUMP,.,S,,,,S,,,,S,,,
2351,TRUMP,.,S,,,,S,,,,S,,,
2352,BIDEN,.,S,,,,S,,,,S,,,
2353,BIDEN,.,S,,,,S,,,,S,,,
2354,BIDEN,.,S,,,,S,,,,S,,,
2355,WALLACE,.,S,,,,S,,,,S,,,
2356,WALLACE,.,S,,,,S,,,,S,,,
2357,WALLACE,.,S,,,,S,,,,S,,,
2358,WALLACE,.,S,,,,S,,,,S,,,
2359,WALLACE,.,S,,,,S,,,,S,,,
2360,WALLACE,.,S,,,,S,,,,S,,,
2361,TRUMP,.,S,,,,S,,,,S,,,
2362,TRUMP,.,S,,,,S,,,,S,,,
2363,TRUMP,.,S,,,,S,,,,S,,,
2364,TRUMP,.,S,,,,S,,,,S,,,
2365,TRUMP,.,S,,,,S,,,,S,,,
2366,TRUMP,.,S,,,,S,,,,S,,,
2367,TRUMP,.,S,,,,S,,,,S,,,
2368,WALLACE,.,S,,,,S,,,,S,,,
2369,WALLACE,.,S,,,,S,,,,S,,,
2370,TRUMP,.,S,,,,S,,,,S,,,
2371,TRUMP,.,S,,,,S,,,,S,,,
2372,BIDEN,.,S,,,,S,,,,S,,,
2373,BIDEN,.,S,,,,S,,,,S,,,
2374,TRUMP,.,S,,,,S,,,,S,,,
2375,TRUMP,.,S,,,,S,,,,S,,,
2376,TRUMP,.,S,,,,S,,,,S,,,
2377,WALLACE,.,S,,,,S,,,,S,,,
2378,WALLACE,.,S,,,,S,,,,S,,,
2379,WALLACE,.,S,,,,S,,,,S,,,
2380,WALLACE,.,S,,,,S,,,,S,,,
2381,WALLACE,.,S,,,,S,,,,S,,,
2382,TRUMP,.,S,,,,S,,,,S,,,
2383,TRUMP,.,S,,,,S,,,,S,,,
2384,TRUMP,.,S,,,,S,,,,S,,,
2385,TRUMP,.,S,,,,S,,,,S,,,
2386,TRUMP,.,S,,,,S,,,,S,,,
2387,TRUMP,.,S,,,,S,,,,S,,,
2388,TRUMP,.,S,,,,S,,,,S,,,
2389,WALLACE,.,S,,,,S,,,,S,,,
2390,WALLACE,.,S,,,,S,,,,S,,,
2391,TRUMP,.,S,,,,S,,,,S,,,
2392,TRUMP,..,S,,,,S,,,,S,,,
2393,TRUMP,.,S,,,,S,,,,S,,,
2394,TRUMP,.,S,,,,S,,,,S,,,
2395,WALLACE,.,S,,,,S,,,,S,,,
2396,WALLACE,.,S,,,,S,,,,S,,,
2397,WALLACE,.,S,,,,S,,,,S,,,
2398,WALLACE,.,S,,,,S,,,,S,,,
2399,TRUMP,.,S,,,,S,,,,S,,,
2400,TRUMP,.,S,,,,S,,,,S,,,
2401,TRUMP,.,S,,,,S,,,,S,,,
2402,TRUMP,.,S,,,,S,,,,S,,,
2403,TRUMP,.,S,,,,S,,,,S,,,
2404,TRUMP,.,S,,,,S,,,,S,,,
2405,TRUMP,.,S,,,,S,,,,S,,,
2406,TRUMP,.,S,,,,S,,,,S,,,
2407,BIDEN,.,S,,,,S,,,,S,,,
2408,BIDEN,.,S,,,,S,,,,S,,,
2409,TRUMP,.,S,,,,S,,,,S,,,
2410,TRUMP,.,S,,,,S,,,,S,,,
2411,WALLACE,.,S,,,,S,,,,S,,,
2412,WALLACE,.,S,,,,S,,,,S,,,
2413,TRUMP,.,S,,,,S,,,,S,,,
2414,TRUMP,.,S,,,,S,,,,S,,,
