sentence_id,debate_audio_id,n_syllables,syllable_rate_per_sec,articulation_rate_syll_per_sec,egemaps_F0semitoneFrom27.5Hz_sma3nz_amean,egemaps_F0semitoneFrom27.5Hz_sma3nz_stddevNorm,egemaps_F0semitoneFrom27.5Hz_sma3nz_percentile20.0,egemaps_F0semitoneFrom27.5Hz_sma3nz_percentile50.0,egemaps_F0semitoneFrom27.5Hz_sma3nz_percentile80.0,egemaps_F0semitoneFrom27.5Hz_sma3nz_pctlrange0-2,egemaps_F0semitoneFrom27.5Hz_sma3nz_meanRisingSlope,egemaps_F0semitoneFrom27.5Hz_sma3nz_stddevRisingSlope,egemaps_F0semitoneFrom27.5Hz_sma3nz_meanFallingSlope,egemaps_F0semitoneFrom27.5Hz_sma3nz_stddevFallingSlope,egemaps_loudness_sma3_amean,egemaps_loudness_sma3_stddevNorm,egemaps_loudness_sma3_percentile20.0,egemaps_loudness_sma3_percentile50.0,egemaps_loudness_sma3_percentile80.0,egemaps_loudness_sma3_pctlrange0-2,egemaps_loudness_sma3_meanRisingSlope,egemaps_loudness_sma3_stddevRisingSlope,egemaps_loudness_sma3_meanFallingSlope,egemaps_loudness_sma3_stddevFallingSlope,egemaps_spectralFlux_sma3_amean,egemaps_spectralFlux_sma3_stddevNorm,egemaps_mfcc1_sma3_amean,egemaps_mfcc1_sma3_stddevNorm,egemaps_mfcc2_sma3_amean,egemaps_mfcc2_sma3_stddevNorm,egemaps_mfcc3_sma3_amean,egemaps_mfcc3_sma3_stddevNorm,egemaps_mfcc4_sma3_amean,egemaps_mfcc4_sma3_stddevNorm,egemaps_jitterLocal_sma3nz_amean,egemaps_jitterLocal_sma3nz_stddevNorm,egemaps_shimmerLocaldB_sma3nz_amean,egemaps_shimmerLocaldB_sma3nz_stddevNorm,egemaps_HNRdBACF_sma3nz_amean,egemaps_HNRdBACF_sma3nz_stddevNorm,egemaps_logRelF0-H1-H2_sma3nz_amean,egemaps_logRelF0-H1-H2_sma3nz_stddevNorm,egemaps_logRelF0-H1-A3_sma3nz_amean,egemaps_logRelF0-H1-A3_sma3nz_stddevNorm,egemaps_F1frequency_sma3nz_amean,egemaps_F1frequency_sma3nz_stddevNorm,egemaps_F1bandwidth_sma3nz_amean,egemaps_F1bandwidth_sma3nz_stddevNorm,egemaps_F1amplitudeLogRelF0_sma3nz_amean,egemaps_F1amplitudeLogRelF0_sma3nz_stddevNorm,egemaps_F2frequency_sma3nz_amean,egemaps_F2frequency_sma3nz_stddevNorm,egemaps_F2bandwidth_sma3nz_amean,egemaps_F2bandwidth_sma3nz_stddevNorm,egemaps_F2amplitudeLogRelF0_sma3nz_amean,egemaps_F2amplitudeLogRelF0_sma3nz_stddevNorm,egemaps_F3frequency_sma3nz_amean,egemaps_F3frequency_sma3nz_stddevNorm,egemaps_F3bandwidth_sma3nz_amean,egemaps_F3bandwidth_sma3nz_stddevNorm,egemaps_F3amplitudeLogRelF0_sma3nz_amean,egemaps_F3amplitudeLogRelF0_sma3nz_stddevNorm,egemaps_alphaRatioV_sma3nz_amean,egemaps_alphaRatioV_sma3nz_stddevNorm,egemaps_hammarbergIndexV_sma3nz_amean,egemaps_hammarbergIndexV_sma3nz_stddevNorm,egemaps_slopeV0-500_sma3nz_amean,egemaps_slopeV0-500_sma3nz_stddevNorm,egemaps_slopeV500-1500_sma3nz_amean,egemaps_slopeV500-1500_sma3nz_stddevNorm,egemaps_spectralFluxV_sma3nz_amean,egemaps_spectralFluxV_sma3nz_stddevNorm,egemaps_mfcc1V_sma3nz_amean,egemaps_mfcc1V_sma3nz_stddevNorm,egemaps_mfcc2V_sma3nz_amean,egemaps_mfcc2V_sma3nz_stddevNorm,egemaps_mfcc3V_sma3nz_amean,egemaps_mfcc3V_sma3nz_stddevNorm,egemaps_mfcc4V_sma3nz_amean,egemaps_mfcc4V_sma3nz_stddevNorm,egemaps_alphaRatioUV_sma3nz_amean,egemaps_hammarbergIndexUV_sma3nz_amean,egemaps_slopeUV0-500_sma3nz_amean,egemaps_slopeUV500-1500_sma3nz_amean,egemaps_spectralFluxUV_sma3nz_amean,egemaps_loudnessPeaksPerSec,egemaps_VoicedSegmentsPerSec,egemaps_MeanVoicedSegmentLengthSec,egemaps_StddevVoicedSegmentLengthSec,egemaps_MeanUnvoicedSegmentLength,egemaps_StddevUnvoicedSegmentLength,egemaps_equivalentSoundLevel_dBp,feature_status
1003_t0001_s001,1003,33,5.058246474555488,5.05824647455549,25.862821578979492,0.14841009676456451,23.05252456665039,25.048677444458008,27.639650344848633,4.587125778198242,112.4695053100586,117.50153350830078,119.39501190185547,138.55508422851562,0.5955948233604431,0.5451698303222656,0.2784593999385834,0.5612843632698059,0.8771021962165833,0.5986428260803223,8.72965145111084,2.841881275177002,6.803858280181885,4.140700817108154,0.17521396279335022,0.6992836594581604,10.87412166595459,1.2029963731765747,-6.295724391937256,-1.676040530204773,13.918078422546387,0.8974237442016602,-7.683401584625244,-1.9867980480194092,0.028739547356963158,1.6956472396850586,1.569942593574524,0.7993595004081726,2.247962474822998,0.9799644351005554,-2.01879620552063,-3.0592734813690186,12.197428703308105,0.519631564617157,941.309814453125,0.22033348679542542,1041.233642578125,0.30659595131874084,-121.9704818725586,-0.7416577339172363,1929.795654296875,0.12043038010597229,932.35107421875,0.2565120458602905,-120.0534439086914,-0.7590089440345764,2917.68505859375,0.08740097284317017,859.0138549804688,0.5431146025657654,-121.62772369384766,-0.7348213195800781,-3.524663209915161,-1.6716340780258179,11.735607147216797,0.5519395470619202,0.06079883500933647,0.24801653623580933,0.0020062958355993032,7.814393043518066,0.20735961198806763,0.5689042806625366,16.080223083496094,0.48576948046684265,-8.915118217468262,-1.2979137897491455,11.810417175292969,1.0603688955307007,-9.16122055053711,-1.720609188079834,0.5516253709793091,6.10725736618042,0.052946314215660095,0.007616064045578241,0.1571066975593567,5.069124698638916,4.024767875671387,0.08999999612569809,0.07136040180921555,0.13807691633701324,0.16009657084941864,-30.167564392089844,ok
1003_t0001_s002,1003,12,3.7476577139287945,4.163775156141566,26.01849937438965,0.1527833193540573,23.48276138305664,25.4980525970459,26.868379592895508,3.385618209838867,58.229820251464844,41.62089920043945,57.182491302490234,38.263755798339844,0.6709619164466858,0.5701833367347717,0.2438282072544098,0.6466771960258484,1.0288710594177246,0.7850428819656372,8.464944839477539,3.880077362060547,6.770803928375244,4.595750331878662,0.17943353950977325,0.6243655681610107,13.96187686920166,0.8873100876808167,-10.198446273803711,-1.0310461521148682,12.949187278747559,1.100967288017273,-10.64320182800293,-1.4941701889038086,0.037824057042598724,2.1376523971557617,1.041707158088684,0.8218603134155273,2.8312973976135254,0.7978177666664124,-2.1870431900024414,-2.3075149059295654,10.581552505493164,0.581384539604187,916.9797973632812,0.2621254324913025,1047.1790771484375,0.21467901766300201,-122.32872009277344,-0.7855320572853088,1905.7078857421875,0.13334327936172485,992.5335083007812,0.2644679546356201,-119.59941101074219,-0.8031531572341919,2856.66015625,0.09104753285646439,901.899658203125,0.509428858757019,-121.56526184082031,-0.7706663012504578,-2.9291324615478516,-1.4193192720413208,11.025157928466797,0.4640173017978668,0.05742470920085907,0.2080075591802597,-0.008385248482227325,-1.7068073749542236,0.21656166017055511,0.40129610896110535,19.980621337890625,0.3534509837627411,-14.328611373901367,-0.8045969009399414,10.77767276763916,1.50928795337677,-17.802061080932617,-0.9390948414802551,0.5857657194137573,6.986578941345215,0.04921264201402664,0.003937007859349251,0.15970242023468018,4.388714790344238,2.229299545288086,0.16857142746448517,0.08724818378686905,0.25857141613960266,0.27482089400291443,-28.91722297668457,ok
1003_t0001_s003,1003,34,2.8600269179004036,3.69244135534318,28.82439613342285,0.20120441913604736,25.555185317993164,27.8209228515625,29.694782257080078,4.139596939086914,159.29771423339844,158.9210205078125,96.96678924560547,92.85317993164062,0.5106802582740784,0.7471794486045837,0.14271102845668793,0.4188544750213623,0.8629499673843384,0.7202389240264893,7.955643653869629,3.9058163166046143,5.785639762878418,4.026843070983887,0.14857934415340424,0.8894763588905334,14.657532691955566,0.6893051266670227,-6.433809757232666,-1.466528296470642,13.391477584838867,1.1327697038650513,-7.118597507476807,-2.1159396171569824,0.026005638763308525,1.7122881412506104,1.527321696281433,0.7770019173622131,3.40893292427063,0.8697959780693054,1.366924524307251,5.937928676605225,15.638253211975098,0.6476206183433533,858.3286743164062,0.3468515872955322,1101.0599365234375,0.29893118143081665,-131.84243774414062,-0.69645756483078,1854.42041015625,0.1685694456100464,957.48388671875,0.23883597552776337,-127.84270477294922,-0.7240917086601257,2845.522705078125,0.11262325197458267,851.5211181640625,0.43024736642837524,-129.7202911376953,-0.6946514248847961,-5.450613975524902,-1.1847970485687256,14.915728569030762,0.5222914814949036,0.0647299587726593,0.2697857618331909,-0.008231502957642078,-1.7570158243179321,0.24189716577529907,0.49839186668395996,20.140039443969727,0.4513077437877655,-10.548066139221191,-1.0329375267028809,13.351460456848145,1.2894243001937866,-11.690579414367676,-1.5191195011138916,-2.6246092319488525,10.686060905456543,0.051002275198698044,0.006053449120372534,0.09631837904453278,3.2855939865112305,2.284264087677002,0.14925925433635712,0.12643036246299744,0.26777777075767517,0.34519270062446594,-29.64289093017578,ok
1003_t0001_s004,1003,37,3.210412147505423,4.113396331295165,33.63084411621094,0.2409442961215973,28.580944061279297,30.353055953979492,42.320735931396484,13.739791870117188,910.4743041992188,1137.3387451171875,147.13864135742188,126.9285888671875,1.253620982170105,0.541401207447052,0.19507837295532227,1.5202802419662476,1.806530475616455,1.6114521026611328,8.865501403808594,5.009533882141113,8.10012435913086,4.527197360992432,0.49481406807899475,0.6289201378822327,2.9651360511779785,3.0484142303466797,-20.621829986572266,-0.6571859121322632,-2.9147303104400635,-3.8117127418518066,-7.980466842651367,-1.1577036380767822,0.03579301759600639,1.773972988128662,1.6844156980514526,0.6796231865882874,0.9633859992027283,3.5404860973358154,0.4307616353034973,13.779191970825195,8.795782089233398,0.7791542410850525,937.5492553710938,0.22212335467338562,1084.0628662109375,0.26131510734558105,-172.45130920410156,-0.39111119508743286,1899.250732421875,0.11849918961524963,1044.6229248046875,0.2473362684249878,-169.8338165283203,-0.40788954496383667,2834.669189453125,0.08823927491903305,892.9473876953125,0.4359265863895416,-170.40274047851562,-0.3979557752609253,-0.1976465880870819,-19.314973831176758,9.709716796875,0.47621291875839233,0.07611192762851715,0.23075032234191895,-0.006428337190300226,-2.246913194656372,0.5977566838264465,0.36079031229019165,10.800078392028809,0.7337229251861572,-21.206995010375977,-0.4126477539539337,-1.4469709396362305,-9.928077697753906,-14.734073638916016,-0.8257961869239807,4.212772846221924,4.8220977783203125,0.05970192700624466,0.009124528616666794,0.4750918447971344,4.952215671539307,1.7452006340026855,0.07750000059604645,0.05629165098071098,0.4989473521709442,0.6886820793151855,-23.244396209716797,ok
1003_t0002_s001,1003,41,4.605189262046501,4.705612303454605,32.02184295654297,0.26434606313705444,25.981342315673828,28.927993774414062,41.585113525390625,15.603771209716797,244.2361602783203,458.8798828125,192.94566345214844,194.33604431152344,0.8793483972549438,0.5610675811767578,0.41966354846954346,0.8395352363586426,1.2570117712020874,0.837348222732544,8.435203552246094,3.3785834312438965,6.614036560058594,3.8468308448791504,0.2808447778224945,0.7705258727073669,8.3999605178833,1.4177629947662354,-15.078289985656738,-0.7460418939590454,6.971035003662109,1.9950077533721924,-6.454188346862793,-2.1186275482177734,0.04282756522297859,1.5942318439483643,1.6291847229003906,0.7381422519683838,1.7754809856414795,1.8011069297790527,-0.8225171566009521,-7.2578959465026855,7.8043341636657715,1.4920345544815063,970.4596557617188,0.1848147064447403,1004.2308349609375,0.31279635429382324,-113.81437683105469,-0.827625036239624,1935.62841796875,0.10851817578077316,1034.9061279296875,0.2893904149532318,-109.70864868164062,-0.862831175327301,2912.988037109375,0.07949816435575485,883.8511352539062,0.43957412242889404,-111.48307800292969,-0.8330081701278687,-1.302748203277588,-4.733272075653076,10.233075141906738,0.6938495635986328,0.0734248235821724,0.21461044251918793,-0.00038038435741327703,-44.83722686767578,0.3108728528022766,0.7741573452949524,13.780121803283691,0.6936288475990295,-15.147662162780762,-0.7099109888076782,5.682681083679199,2.231060266494751,-9.858417510986328,-1.7045542001724243,3.8902876377105713,4.1771039962768555,0.06061423197388649,0.011204368434846401,0.2596087157726288,4.836895942687988,3.5067873001098633,0.11838709563016891,0.11127115041017532,0.15133333206176758,0.15989023447036743,-26.437137603759766,ok
1003_t0002_s002,1003,41,3.3985411140583555,3.8701151595242558,30.074867248535156,0.19526031613349915,25.1529598236084,28.05377197265625,33.184654235839844,8.031694412231445,228.6533203125,266.4494323730469,147.34307861328125,111.97116088867188,0.6404740810394287,0.6187610626220703,0.23667587339878082,0.5764440894126892,1.0620075464248657,0.8253316879272461,8.114237785339355,3.5424916744232178,6.916464805603027,4.137029647827148,0.1795206218957901,0.7662815451622009,13.247007369995117,0.962398111820221,-12.61056137084961,-0.9487301111221313,6.252598762512207,2.1723484992980957,-9.553178787231445,-1.5711770057678223,0.0442621186375618,2.208436965942383,1.57014799118042,0.9043896794319153,3.2361247539520264,1.186256766319275,2.262768030166626,3.6617660522460938,12.722915649414062,0.8405781388282776,967.4403686523438,0.22504936158657074,1045.9376220703125,0.2346571981906891,-116.3748779296875,-0.8331159949302673,1941.9805908203125,0.11537805944681168,1004.5177612304688,0.46344277262687683,-113.40941619873047,-0.8553316593170166,2945.29296875,0.09046074002981186,823.9788208007812,0.4416206181049347,-116.32154083251953,-0.8053939938545227,-3.253183126449585,-1.825635552406311,12.941329956054688,0.4942576587200165,0.06856400519609451,0.24669207632541656,-0.004635259509086609,-3.2768001556396484,0.23747235536575317,0.5061206817626953,19.938323974609375,0.41052722930908203,-16.738994598388672,-0.7580750584602356,4.141398906707764,3.814823865890503,-11.849020004272461,-1.4858462810516357,0.9357867240905762,6.833072185516357,0.0546477735042572,0.004355716519057751,0.137568399310112,3.568464756011963,2.4166667461395264,0.16758620738983154,0.1658552587032318,0.22620688378810883,0.2219570279121399,-28.4569091796875,ok
1003_t0002_s003,1003,18,4.674110620618022,4.957312035251998,29.46820831298828,0.16623754799365997,26.389827728271484,28.54424476623535,30.397010803222656,4.007183074951172,79.93295288085938,102.68190002441406,200.2601318359375,275.4709777832031,0.5948894023895264,0.5282585024833679,0.28670620918273926,0.5223705768585205,0.9091655015945435,0.6224592924118042,7.9599833488464355,3.1666603088378906,7.110531806945801,3.370917558670044,0.17680105566978455,0.6923840641975403,9.377239227294922,1.4581724405288696,-9.999617576599121,-1.031238079071045,9.69413948059082,1.1966311931610107,-6.005213260650635,-1.9509621858596802,0.020963771268725395,1.0116711854934692,1.6066802740097046,0.8772382736206055,2.7437500953674316,1.0828927755355835,0.3840317130088806,16.571779251098633,14.459588050842285,0.5522483587265015,997.6176147460938,0.17709192633628845,994.8883056640625,0.2297978550195694,-124.62073516845703,-0.7455028891563416,1916.07421875,0.10338262468576431,1067.4249267578125,0.3549729883670807,-121.78739929199219,-0.7768334746360779,2921.611083984375,0.08009734749794006,912.625,0.5139443278312683,-124.96294403076172,-0.7258679270744324,-1.7432790994644165,-2.7044596672058105,12.055054664611816,0.6000787019729614,0.07228031009435654,0.24934758245944977,-0.0010229902109131217,-11.955385208129883,0.23804143071174622,0.45739981532096863,18.315183639526367,0.40896764397621155,-15.790943145751953,-0.5994290113449097,7.057081699371338,2.0608105659484863,-6.723599910736084,-1.8471298217773438,3.076408863067627,4.192899703979492,0.061608318239450455,0.007563698571175337,0.13884347677230835,5.46875,3.1830239295959473,0.11083332449197769,0.08976434171199799,0.21799999475479126,0.1947202980518341,-30.230783462524414,ok
1003_t0002_s004,1003,3,5.769230769230769,5.769230769230814,24.38161277770996,0.022650301456451416,23.824527740478516,24.383020401000977,24.93869400024414,1.114166259765625,0.0,0.0,-0.21907098591327667,0.0,0.4797419011592865,0.48496147990226746,0.2786751687526703,0.4083693027496338,0.6602632403373718,0.38158807158470154,6.221630096435547,2.177180051803589,3.132124900817871,2.6185379028320312,0.13211177289485931,0.637071967124939,13.076558113098145,0.954985499382019,-11.842669486999512,-0.7539638876914978,1.0473326444625854,7.796850681304932,-9.135422706604004,-1.4227869510650635,0.020573437213897705,0.06539198756217957,2.679485559463501,0.584194004535675,-0.015078161843121052,-56.55266571044922,-1.2716819047927856,-1.1147209405899048,10.078775405883789,0.45317256450653076,825.4569702148438,0.23336723446846008,1355.1275634765625,0.0877893790602684,-173.77297973632812,-0.3692299723625183,1786.4072265625,0.11896417289972305,1062.2230224609375,0.181422621011734,-170.0456085205078,-0.39769071340560913,2838.1865234375,0.08323381096124649,790.2015991210938,0.23282456398010254,-171.15179443359375,-0.3813095688819885,-2.853823184967041,-0.6915814876556396,11.411993980407715,0.26404982805252075,0.059793829917907715,0.2437305450439453,-0.0057900105603039265,-1.044627070426941,0.1785520613193512,0.4330132305622101,22.679298400878906,0.25778254866600037,-12.011951446533203,-0.7919171452522278,-3.5434064865112305,-0.7901387214660645,-7.941141605377197,-1.510752558708191,0.190293088555336,9.187265396118164,0.052434924989938736,0.0077286576852202415,0.11945154517889023,5.882352828979492,2.1739132404327393,0.05999999865889549,0.0,0.1850000023841858,0.0949999988079071,-33.26338195800781,ok
1003_t0002_s005,1003,9,5.692599620493358,5.692599620493398,24.952184677124023,0.09588387608528137,22.860368728637695,24.00099754333496,27.23128890991211,4.370920181274414,8.398300170898438,12.655646324157715,14.49616813659668,0.0,0.5207727551460266,0.3946212828159332,0.32612836360931396,0.4933215081691742,0.6847803592681885,0.3586519956588745,6.015810966491699,3.3713648319244385,5.492209434509277,1.9728060960769653,0.12720708549022675,0.49900031089782715,12.01717472076416,1.1895867586135864,-6.562982559204102,-1.5345739126205444,11.012341499328613,1.1087360382080078,-11.487558364868164,-1.2305381298065186,0.015584697015583515,0.7652211785316467,1.262558937072754,0.5774208903312683,3.575556993484497,0.569575309753418,0.05109807103872299,111.78788757324219,14.228485107421875,0.6400495767593384,870.6507568359375,0.2935144305229187,1145.2293701171875,0.4193626940250397,-105.9140853881836,-0.9133443236351013,1792.671630859375,0.13885776698589325,992.4791870117188,0.18160080909729004,-103.25758361816406,-0.9454955458641052,2778.3759765625,0.09989991784095764,903.4956665039062,0.5063698291778564,-105.94593811035156,-0.8958901166915894,-5.3439154624938965,-0.8197953104972839,13.735005378723145,0.492861270904541,0.06192038208246231,0.22843995690345764,0.003213718766346574,4.682369709014893,0.13749408721923828,0.3345482051372528,20.277769088745117,0.291508287191391,-10.285018920898438,-0.9827052354812622,13.470417022705078,0.7555274963378906,-5.8291754722595215,-1.8888355493545532,1.9559158086776733,4.643496513366699,0.053302839398384094,0.003424221184104681,0.12412000447511673,5.732484340667725,2.6315789222717285,0.17249999940395355,0.10894379019737244,0.1875,0.025860199704766273,-32.777793884277344,ok
1003_t0002_s006,1003,34,3.2123960695389266,4.200642451198418,28.324262619018555,0.20462438464164734,24.368162155151367,27.18402099609375,30.212373733520508,5.844211578369141,243.8853302001953,428.125732421875,108.37272644042969,95.64558410644531,0.3743569552898407,0.7732489705085754,0.12474954128265381,0.26352155208587646,0.6186177134513855,0.4938681721687317,6.5517401695251465,3.0288329124450684,5.751731872558594,4.054689884185791,0.09762799739837646,1.0188847780227661,12.44927978515625,0.7961710691452026,-5.3649444580078125,-1.8334476947784424,8.84842300415039,1.1790944337844849,-3.2905633449554443,-4.0217390060424805,0.027136873453855515,1.7923650741577148,1.7078925371170044,0.794614851474762,2.705186128616333,0.8993152976036072,1.1066516637802124,6.8841447830200195,16.410974502563477,0.5019022822380066,953.7617797851562,0.24197132885456085,1021.579345703125,0.3160943388938904,-150.51840209960938,-0.560023307800293,1914.68310546875,0.12306250631809235,982.6649780273438,0.19077587127685547,-147.7148895263672,-0.5796886086463928,2931.60595703125,0.084739550948143,785.8258056640625,0.4714568257331848,-150.16464233398438,-0.5435754060745239,-4.836983680725098,-1.2988359928131104,13.712836265563965,0.5415341854095459,0.0703391581773758,0.20973871648311615,-0.002414311980828643,-7.103194713592529,0.20204122364521027,0.4867951571941376,20.95494270324707,0.37889406085014343,-11.13838005065918,-1.1646459102630615,7.690113067626953,1.8495509624481201,-9.364717483520508,-1.90155029296875,-1.778918981552124,9.443920135498047,0.05010492727160454,0.011931054294109344,0.06125236675143242,3.0274362564086914,1.901140809059143,0.12800000607967377,0.07756287604570389,0.3779999911785126,0.50167316198349,-33.2518310546875,ok
1003_t0003_s001,1003,5,6.756756756756757,6.756756756756803,28.67916488647461,0.0493280254304409,27.12238121032715,29.073883056640625,29.8453311920166,2.722949981689453,22.04351806640625,12.219076156616211,12.349592208862305,1.379765510559082,1.1274696588516235,0.3284457325935364,0.8264960646629333,1.1189545392990112,1.4438996315002441,0.6174035668373108,9.883881568908691,1.912140130996704,9.3241548538208,8.382638931274414,0.36118170619010925,0.4341943860054016,21.91803550720215,0.217032328248024,-17.177047729492188,-0.39181727170944214,9.643919944763184,1.0218082666397095,-19.99498176574707,-0.628641664981842,0.014067398384213448,1.7903879880905151,1.1072359085083008,0.9922069907188416,4.04146671295166,0.6441464424133301,1.493057370185852,2.1294071674346924,10.298917770385742,0.6333557963371277,900.5281372070312,0.2255384624004364,1333.9693603515625,0.5514594912528992,-17.642745971679688,-3.0590975284576416,1901.2554931640625,0.1300242692232132,1007.7147827148438,0.25052231550216675,-19.843528747558594,-2.648071527481079,2882.361572265625,0.07934112846851349,919.1286010742188,0.421850323677063,-22.946929931640625,-2.235405921936035,-2.459744453430176,-1.4831461906433105,11.76125431060791,0.4075946509838104,0.06179872900247574,0.1828966587781906,-0.007303137332201004,-2.2979776859283447,0.34749090671539307,0.4307059943675995,22.26112174987793,0.2100864052772522,-16.99062156677246,-0.42021238803863525,8.02005672454834,1.1792891025543213,-20.93024444580078,-0.6348328590393066,-2.5345892906188965,7.607250213623047,0.05813468247652054,-0.009110973216593266,0.5002509951591492,5.479452133178711,4.411764621734619,0.19333334267139435,0.08498365432024002,0.02499999850988388,0.004999999888241291,-23.70458221435547,ok
1003_t0003_s002,1003,20,5.844535359438924,6.531678641410848,25.145151138305664,0.111641064286232,23.063690185546875,24.515335083007812,27.209409713745117,4.145719528198242,78.8382339477539,64.70520782470703,69.88400268554688,118.81981658935547,0.6435588598251343,0.5218042731285095,0.3381153643131256,0.5910437107086182,0.9203062057495117,0.5821908712387085,6.679230213165283,2.042410373687744,7.120185852050781,4.205392360687256,0.16791923344135284,0.6552014946937561,17.393835067749023,0.561244785785675,-5.510827541351318,-1.5966483354568481,13.764493942260742,0.7430854439735413,-14.14521598815918,-1.1291329860687256,0.014528321102261543,1.615061640739441,1.1885294914245605,0.7744840383529663,3.5381834506988525,0.5887137055397034,0.7185439467430115,5.17193603515625,13.103314399719238,0.5454063415527344,823.4190673828125,0.30768489837646484,1158.04638671875,0.25334328413009644,-82.14366912841797,-1.1760510206222534,1844.4788818359375,0.16429394483566284,952.4954833984375,0.31621915102005005,-81.67924499511719,-1.1497228145599365,2800.63720703125,0.09757525473833084,865.8258666992188,0.3636031448841095,-82.88104248046875,-1.1197724342346191,-5.858649730682373,-0.7268578410148621,13.260887145996094,0.4203658103942871,0.059888798743486404,0.23974324762821198,-0.009912376292049885,-1.7131654024124146,0.1960354447364807,0.4489230513572693,22.805973052978516,0.2753934860229492,-8.477202415466309,-0.9632255434989929,13.794787406921387,0.7803985476493835,-18.2547550201416,-0.9546145796775818,-2.8945438861846924,9.257792472839355,0.044085316359996796,0.007276891730725765,0.1313658207654953,4.398827075958252,2.9761905670166016,0.1889999955892563,0.11388150602579117,0.12699998915195465,0.10918332636356354,-28.945781707763672,ok
1003_t0003_s003,1003,34,5.4443554843875095,6.176203451407822,26.404069900512695,0.10808054357767105,24.568782806396484,25.8836612701416,28.78620719909668,4.217424392700195,319.7677917480469,460.8027038574219,22.265249252319336,34.987850189208984,0.6332581639289856,0.6332897543907166,0.23634427785873413,0.549092710018158,0.9631068706512451,0.726762592792511,8.649666786193848,3.4943645000457764,5.683807373046875,3.5172784328460693,0.188021719455719,0.8365971446037292,10.924938201904297,1.284288763999939,-4.745657920837402,-1.9914755821228027,13.900595664978027,1.0355032682418823,-10.705913543701172,-1.0610761642456055,0.016564249992370605,1.5135655403137207,1.0893735885620117,0.7294389009475708,3.2982537746429443,0.7316621541976929,0.5376462340354919,8.465649604797363,14.086984634399414,0.47125595808029175,885.2048950195312,0.26997411251068115,1131.13232421875,0.2900089621543884,-107.6041259765625,-0.9087876081466675,1867.94482421875,0.1425221860408783,1003.9088745117188,0.34875714778900146,-107.75189208984375,-0.8896772265434265,2873.6630859375,0.08469167351722717,783.038330078125,0.41047194600105286,-109.0362777709961,-0.8671404719352722,-3.6503310203552246,-1.1443116664886475,13.607401847839355,0.4187585711479187,0.06538090109825134,0.2514636218547821,-0.0005428196163848042,-23.70879554748535,0.2656787037849426,0.5818332433700562,20.221221923828125,0.35415664315223694,-9.741524696350098,-0.9299130439758301,11.436853408813477,1.4769325256347656,-14.430084228515625,-0.7452726364135742,2.1082491874694824,4.597589492797852,0.0413600318133831,0.013898584060370922,0.11926986277103424,4.01284122467041,2.5889968872070312,0.1693750023841858,0.1322624683380127,0.22499999403953552,0.23945622146129608,-28.124713897705078,ok
1003_t0003_s004,1003,7,5.982905982905983,5.982905982905974,33.60993576049805,0.39288192987442017,23.983970642089844,25.930532455444336,42.351287841796875,18.36731719970703,883.6317749023438,1162.300048828125,178.3351287841797,144.372314453125,1.0648934841156006,0.4331144094467163,0.6869691014289856,0.9156879186630249,1.4942866563796997,0.8073175549507141,13.704752922058105,3.9397902488708496,5.40195894241333,5.540413856506348,0.41868674755096436,0.73422771692276,5.943212509155273,2.67191481590271,-6.2763261795043945,-1.5963705778121948,16.41262435913086,0.4352700114250183,-26.01406478881836,-0.5091170072555542,0.03017047606408596,1.5885508060455322,1.0830211639404297,0.54624342918396,1.7523479461669922,1.3035712242126465,2.126100778579712,4.339582920074463,2.0811407566070557,7.5889997482299805,886.4986572265625,0.25529760122299194,1077.9786376953125,0.2731761634349823,-59.56404495239258,-1.4687870740890503,1954.17529296875,0.13592977821826935,934.6317749023438,0.40549060702323914,-51.0521354675293,-1.5258970260620117,2891.307861328125,0.087551549077034,926.9954833984375,0.3851628601551056,-44.765445709228516,-1.8000247478485107,2.7116940021514893,4.084811210632324,1.4961203336715698,8.30076789855957,0.060050107538700104,0.3379892408847809,-0.005863604601472616,-2.3546416759490967,0.43053895235061646,0.6994215846061707,6.065625190734863,2.6904029846191406,-5.401974201202393,-1.894848108291626,15.367766380310059,0.42757731676101685,-29.553186416625977,-0.31940916180610657,2.9490442276000977,2.3982181549072266,0.05555935949087143,0.002605995861813426,0.4289206266403198,5.1724138259887695,5.454545497894287,0.12666666507720947,0.12631528079509735,0.041999995708465576,0.019390719011425972,-23.570138931274414,ok
1003_t0003_s005,1003,51,5.3996823716251985,5.805350028457601,26.143871307373047,0.18169866502285004,23.632301330566406,25.284835815429688,27.58621597290039,3.9539146423339844,78.72600555419922,71.12299346923828,152.45851135253906,261.1591491699219,0.5496581196784973,0.5590125322341919,0.2715737223625183,0.49244579672813416,0.8417432308197021,0.5701695084571838,6.942843437194824,3.970628499984741,6.330528259277344,5.055816650390625,0.14834770560264587,0.8765125274658203,13.101359367370605,0.903884768486023,-5.697148323059082,-1.5906853675842285,14.516586303710938,1.0042293071746826,-12.42885684967041,-0.9826608896255493,0.015671569854021072,1.4508657455444336,1.1299058198928833,0.6731125712394714,3.3182260990142822,0.7032769322395325,0.46655577421188354,9.571024894714355,11.858202934265137,0.6368272304534912,812.7386474609375,0.33362051844596863,1147.66796875,0.261366605758667,-97.5645523071289,-1.0057041645050049,1812.8719482421875,0.15465949475765228,949.4798583984375,0.37504109740257263,-96.87828063964844,-0.9902703166007996,2797.3291015625,0.10081209987401962,780.3964233398438,0.3487100303173065,-97.62855529785156,-0.974125862121582,-4.3078508377075195,-1.2145171165466309,12.291838645935059,0.5455189347267151,0.06229178234934807,0.25307497382164,-0.004988455213606358,-3.1873655319213867,0.19080449640750885,0.6405202746391296,19.72210693359375,0.3835766613483429,-8.514204978942871,-1.1256916522979736,14.742056846618652,1.1360021829605103,-14.032465934753418,-0.9926133155822754,-0.27885764837265015,7.047597885131836,0.04654654487967491,0.005699079018086195,0.10485228896141052,3.6055145263671875,2.771854877471924,0.17653846740722656,0.14840024709701538,0.170400008559227,0.22284486889839172,-30.210437774658203,ok
1003_t0003_s006,1003,10,5.6785917092561045,5.678591709256027,30.81573486328125,0.26186734437942505,24.27655029296875,30.281763076782227,34.48854446411133,10.211994171142578,185.47314453125,114.55619049072266,51.69704818725586,56.34979248046875,0.7688312530517578,0.6053480505943298,0.4278186559677124,0.6133594512939453,1.0753854513168335,0.6475667953491211,8.7276029586792,5.210524559020996,7.069162368774414,4.659796714782715,0.2792699933052063,0.849689781665802,9.339818000793457,1.3489114046096802,-2.9876203536987305,-2.901777744293213,21.47239112854004,0.6673769950866699,-9.521806716918945,-0.8560160994529724,0.026752343401312828,1.4864128828048706,1.522078275680542,0.9963098764419556,3.173184633255005,0.7424449324607849,7.121835708618164,1.5487587451934814,13.982583045959473,1.001525640487671,886.0103149414062,0.2915894091129303,982.2169189453125,0.4290243983268738,-111.55155181884766,-0.8223513960838318,1949.4608154296875,0.1386420577764511,798.4226684570312,0.2276841402053833,-107.00358581542969,-0.8359194397926331,2901.04736328125,0.0832633525133133,878.8782958984375,0.465311735868454,-106.3392562866211,-0.8461887836456299,-5.222225189208984,-1.6231727600097656,12.467321395874023,0.8295850157737732,0.06822420656681061,0.1938570737838745,0.0022545827087014914,7.651697158813477,0.3072412312030792,0.6998321413993835,12.472737312316895,0.9635033011436462,-1.1827996969223022,-6.933191299438477,21.91312599182129,0.7333319783210754,-11.854641914367676,-0.6644014716148376,1.1364177465438843,6.842438697814941,0.06375166028738022,0.015004097484052181,0.2745233178138733,5.142857074737549,4.733727931976318,0.0912499949336052,0.05710462108254433,0.0877777710556984,0.04848315939307213,-25.740798950195312,ok
1003_t0003_s007,1003,19,6.329113924050634,6.3291139240506125,29.022056579589844,0.09895845502614975,26.662113189697266,28.711790084838867,30.763330459594727,4.101217269897461,89.36822509765625,111.25603485107422,27.271900177001953,12.77918529510498,0.8496072888374329,0.42993250489234924,0.514845609664917,0.7980455756187439,1.1868773698806763,0.6720317602157593,9.837047576904297,4.382605075836182,9.055026054382324,4.053124904632568,0.2716028392314911,0.5684653520584106,15.12048625946045,0.7247361540794373,-9.443927764892578,-0.9469426870346069,10.739006996154785,1.5137120485305786,-13.466724395751953,-0.9966344833374023,0.01450011134147644,1.6931771039962769,1.0520082712173462,0.753706693649292,3.741713047027588,0.6023312211036682,1.6606054306030273,3.241917610168457,12.317191123962402,0.7516636848449707,921.5978393554688,0.21367782354354858,1078.747314453125,0.37643617391586304,-56.34807205200195,-1.4902933835983276,1927.4273681640625,0.11396044492721558,949.1378784179688,0.33242905139923096,-57.062313079833984,-1.4392156600952148,2914.056884765625,0.07586652785539627,782.2433471679688,0.37654781341552734,-58.323001861572266,-1.4001080989837646,-4.06178617477417,-1.6586589813232422,11.736093521118164,0.6556334495544434,0.07037783414125443,0.18777814507484436,-0.005410733167082071,-3.4627716541290283,0.29737240076065063,0.5106204748153687,18.295494079589844,0.45726174116134644,-9.455862998962402,-1.0390225648880005,10.434321403503418,1.5992588996887207,-15.371221542358398,-0.9315956830978394,2.4614312648773193,7.0505876541137695,0.05544275417923927,0.01567964255809784,0.2073446661233902,5.685618877410889,3.7414968013763428,0.18272727727890015,0.16564424335956573,0.07000000029802322,0.042661454528570175,-26.27452850341797,ok
1003_t0003_s008,1003,45,4.942339373970346,5.4911531421598605,29.0073299407959,0.23636385798454285,25.366960525512695,27.233911514282227,29.39169692993164,4.024736404418945,316.29205322265625,642.6983032226562,118.24556732177734,95.77915954589844,0.6160513162612915,0.5746108293533325,0.27062883973121643,0.5815081000328064,0.9071230888366699,0.6364942789077759,8.115362167358398,4.245153427124023,6.399656295776367,4.242255687713623,0.1766929179430008,0.8195669651031494,8.947574615478516,1.4126946926116943,-3.1450889110565186,-3.1098525524139404,19.48591423034668,0.7089472413063049,-15.702054977416992,-0.8135578632354736,0.02948194369673729,1.8297837972640991,1.298191785812378,0.7189734578132629,2.7981042861938477,1.0189661979675293,0.5280445218086243,9.824236869812012,8.859017372131348,1.2802451848983765,902.7762451171875,0.2990407943725586,1014.8192138671875,0.3349415957927704,-96.39998626708984,-0.9823546409606934,1949.4844970703125,0.14447486400604248,915.610107421875,0.41146227717399597,-91.38399505615234,-1.0162538290023804,2883.1533203125,0.08763820677995682,872.989990234375,0.4714741110801697,-90.25543212890625,-1.040006399154663,-2.9697265625,-2.399811267852783,9.205361366271973,0.8707169890403748,0.06600996106863022,0.24151074886322021,-0.002247939584776759,-6.1971001625061035,0.21493811905384064,0.6285076141357422,13.05445671081543,0.8169828057289124,-4.988964557647705,-2.161137104034424,20.168500900268555,0.801594614982605,-17.170209884643555,-0.8043866157531738,1.3400468826293945,4.22720193862915,0.046245358884334564,0.0109205087646842,0.12909041345119476,4.29042911529541,3.539823055267334,0.14531250298023224,0.11129870265722275,0.12827585637569427,0.17238827049732208,-29.496143341064453,ok
1003_t0003_s009,1003,41,4.6569741026806,5.148166750376694,30.501142501831055,0.22815994918346405,26.983001708984375,28.783252716064453,31.272077560424805,4.28907585144043,164.51690673828125,112.60979461669922,122.98478698730469,86.9198989868164,0.6487225294113159,0.6136836409568787,0.3115491271018982,0.5796182751655579,0.9757742285728455,0.6642251014709473,9.157058715820312,5.245439529418945,8.309961318969727,4.705867767333984,0.20198455452919006,0.8543679714202881,10.483307838439941,1.278571367263794,-5.319769859313965,-1.8076202869415283,12.603307723999023,1.148971676826477,-15.474467277526855,-0.8958205580711365,0.028537705540657043,1.9534170627593994,1.2798696756362915,0.6690480709075928,3.2288808822631836,0.9848291873931885,1.7458277940750122,4.553825855255127,10.89399528503418,1.0656675100326538,960.2808227539062,0.20150357484817505,1009.3207397460938,0.3186191916465759,-89.46247863769531,-1.051553726196289,1981.656005859375,0.11764281243085861,966.127197265625,0.3741896450519562,-87.14071655273438,-1.0512971878051758,2948.543701171875,0.06929495185613632,810.0980834960938,0.3807287812232971,-86.912353515625,-1.0548462867736816,-3.1974575519561768,-2.332968235015869,11.504608154296875,0.8153296709060669,0.06613299250602722,0.2550225555896759,-0.00034394062822684646,-48.10954666137695,0.24164310097694397,0.7152750492095947,15.395575523376465,0.6910749673843384,-7.031295299530029,-1.506105899810791,10.940927505493164,1.4532525539398193,-17.94633674621582,-0.7943015098571777,1.9473934173583984,4.737756729125977,0.04248315468430519,0.011867068707942963,0.15165846049785614,4.436860084533691,3.7757437229156494,0.14212121069431305,0.10704736411571503,0.1240740716457367,0.2248663604259491,-28.11656379699707,ok
1003_t0003_s010,1003,32,4.9984379881287095,5.75332614167567,28.38332748413086,0.2181691825389862,25.744672775268555,27.535696029663086,29.032100677490234,3.2874279022216797,778.7825927734375,1251.7191162109375,57.052467346191406,56.50482177734375,0.5254181623458862,0.5927796363830566,0.21757206320762634,0.4849804937839508,0.8185169696807861,0.6009448766708374,7.196316242218018,3.4838786125183105,5.739573955535889,3.480191469192505,0.1390046775341034,0.8592445254325867,8.436356544494629,1.5487921237945557,-3.8099801540374756,-2.107186794281006,14.139815330505371,0.8278416395187378,-18.030841827392578,-0.8874035477638245,0.016167720779776573,1.1500409841537476,1.0274837017059326,0.7156428694725037,3.7583372592926025,0.7433608770370483,-1.4204879999160767,-2.985154628753662,10.004992485046387,1.0026463270187378,880.17919921875,0.24611502885818481,1089.9542236328125,0.30816850066185,-108.66688537597656,-0.8872705698013306,1916.45068359375,0.12575238943099976,882.1898193359375,0.4495057761669159,-108.35411071777344,-0.8680276870727539,2877.23388671875,0.07908976078033447,858.6611938476562,0.42152804136276245,-106.81449127197266,-0.8919605016708374,-3.540519952774048,-2.1417031288146973,9.048310279846191,0.9511346817016602,0.06885030120611191,0.23645201325416565,-0.009694683365523815,-1.959169626235962,0.18189077079296112,0.5988084673881531,15.330804824829102,0.7338482737541199,-4.3099365234375,-2.1385228633880615,16.200855255126953,0.8141559958457947,-23.198123931884766,-0.7986466288566589,3.0362346172332764,2.988708734512329,0.04001069441437721,0.014093171805143356,0.09958551824092865,4.2253522872924805,2.685624122619629,0.16588234901428223,0.13168853521347046,0.19874998927116394,0.22132766246795654,-31.14388084411621,ok
1003_t0003_s011,1003,19,5.754088431253786,5.7540884312537495,29.348047256469727,0.21972523629665375,24.992258071899414,28.564388275146484,30.978073120117188,5.985815048217773,127.23596954345703,137.68661499023438,295.2674865722656,255.3035430908203,0.7349020838737488,0.5053150653839111,0.40156790614128113,0.6287782788276672,1.0767691135406494,0.6752011775970459,8.32872200012207,4.438187599182129,6.1745076179504395,4.37489128112793,0.2108161300420761,0.720812976360321,10.839635848999023,0.9859321117401123,-4.286542892456055,-1.965702772140503,15.670784950256348,0.8030735850334167,-16.646011352539062,-1.0468894243240356,0.016327114775776863,1.1627357006072998,1.0384670495986938,0.6674869656562805,3.722182512283325,0.6875886917114258,-1.1958156824111938,-5.154022216796875,11.406798362731934,0.8674653172492981,941.4166259765625,0.23396308720111847,982.041748046875,0.3005455434322357,-73.71891784667969,-1.2471688985824585,1981.6361083984375,0.1118498295545578,983.2568969726562,0.5031248331069946,-74.81151580810547,-1.172072410583496,2905.542236328125,0.07428831607103348,812.424072265625,0.31439048051834106,-74.00127410888672,-1.1906732320785522,-3.9856603145599365,-1.4668145179748535,10.734277725219727,0.6859424114227295,0.07241646945476532,0.2489372342824936,-0.005216616205871105,-3.564567804336548,0.23259636759757996,0.6383918523788452,13.997445106506348,0.5828008651733398,-4.655196666717529,-1.9396347999572754,14.210230827331543,0.9524974822998047,-18.845312118530273,-0.9529345631599426,1.2669118642807007,5.129339694976807,0.047180190682411194,0.005347400438040495,0.18127861618995667,4.863222122192383,4.334365367889404,0.1371428519487381,0.1355111300945282,0.08583332598209381,0.07250957190990448,-27.930397033691406,ok
1003_t0003_s012,1003,27,7.983441750443524,7.983441750443513,29.248077392578125,0.1870184987783432,26.24687385559082,27.670663833618164,31.276233673095703,5.029359817504883,55.4395751953125,45.609439849853516,66.01471710205078,57.06090545654297,0.6999532580375671,0.44264426827430725,0.41476166248321533,0.6666104793548584,0.9498692154884338,0.5351075530052185,9.862143516540527,4.444852352142334,8.388161659240723,4.869684219360352,0.20981696248054504,0.6440820097923279,9.200839042663574,1.3703912496566772,-4.761582851409912,-2.047107696533203,16.436960220336914,0.8913013935089111,-18.006929397583008,-0.7200637459754944,0.021256551146507263,1.2704927921295166,1.3546640872955322,0.751948893070221,2.7116191387176514,0.8120115995407104,-0.7227053046226501,-6.08835506439209,10.021404266357422,0.8087393641471863,891.1455688476562,0.2963893413543701,1027.180908203125,0.27796056866645813,-75.52184295654297,-1.173453688621521,1927.5731201171875,0.14599192142486572,974.24365234375,0.3866007626056671,-72.46331024169922,-1.1919125318527222,2859.737060546875,0.08736413717269897,850.3843383789062,0.3775489330291748,-71.72483825683594,-1.2131329774856567,-2.6889679431915283,-2.2082321643829346,8.923701286315918,0.7230137586593628,0.06733748316764832,0.21438923478126526,-0.003713978687301278,-4.257936477661133,0.22930914163589478,0.5929246544837952,13.574271202087402,0.6794509291648865,-6.445035934448242,-1.5426703691482544,16.175973892211914,1.0051826238632202,-19.19283103942871,-0.7240101099014282,2.810584545135498,2.9702138900756836,0.04741228371858597,0.010739067569375038,0.1808611899614334,5.934718132019043,4.518072605133057,0.13333332538604736,0.08537498116493225,0.07538461685180664,0.048455432057380676,-28.98014259338379,ok
1003_t0003_s013,1003,9,4.052228725799189,4.052228725799183,33.7681999206543,0.32299181818962097,26.287874221801758,29.330963134765625,41.401222229003906,15.113348007202148,654.6276245117188,994.6112060546875,256.47100830078125,46.57157897949219,0.6695274114608765,0.5039071440696716,0.3113299310207367,0.6441472172737122,0.9788815379142761,0.6675516366958618,7.999663829803467,3.0959701538085938,7.322170257568359,4.095194339752197,0.20018228888511658,0.7558690309524536,1.4779841899871826,10.33141040802002,-5.010087490081787,-1.6128448247909546,18.82040023803711,0.47855913639068604,-17.149869918823242,-0.7299148440361023,0.03213841840624809,1.335900068283081,1.239608883857727,0.7333248257637024,1.8159524202346802,1.3793275356292725,1.8187341690063477,4.416598796844482,5.260647296905518,2.168510913848877,950.3363647460938,0.2499498873949051,958.5120239257812,0.2459847778081894,-113.0059814453125,-0.8246569037437439,1983.01806640625,0.13348600268363953,915.6414794921875,0.3569308817386627,-106.47268676757812,-0.8786266446113586,2925.94580078125,0.08175799250602722,833.1511840820312,0.4200688302516937,-104.7213363647461,-0.8996685147285461,0.20083394646644592,40.46208572387695,5.691564083099365,1.6959327459335327,0.059264976531267166,0.3488110303878784,-0.0035667894408106804,-3.679471492767334,0.24839134514331818,0.6157017350196838,8.646520614624023,1.5453258752822876,-7.918887615203857,-1.2100005149841309,17.260013580322266,0.578340470790863,-19.021137237548828,-0.6507575511932373,6.751564025878906,-1.043898344039917,0.04135219752788544,0.009792525321245193,0.16400647163391113,4.524886608123779,3.7037038803100586,0.11874999850988388,0.07959859818220139,0.1155555471777916,0.08247707784175873,-29.47366714477539,ok
1003_t0003_s014,1003,43,6.0131450146832615,6.728211547488645,28.027082443237305,0.1573917418718338,25.207843780517578,27.2071475982666,29.819164276123047,4.611320495605469,569.3635864257812,1068.36962890625,65.87525177001953,100.46448516845703,0.5812178254127502,0.6190301775932312,0.253138929605484,0.5272110104560852,0.8627997636795044,0.6096608638763428,8.445283889770508,4.714886665344238,7.885262489318848,4.015152454376221,0.16935408115386963,0.8415673971176147,9.191778182983398,1.227134346961975,-5.043516635894775,-1.718186855316162,20.060277938842773,0.6342995762825012,-10.676544189453125,-1.1826666593551636,0.018906302750110626,1.056009292602539,1.2809407711029053,0.5913834571838379,2.8747849464416504,0.7291595935821533,0.8544392585754395,6.654621124267578,10.260686874389648,0.8030380010604858,926.4296264648438,0.2691837549209595,1066.4256591796875,0.3160337507724762,-103.92506408691406,-0.9112594723701477,1930.2276611328125,0.13266882300376892,1010.6033325195312,0.45850589871406555,-100.71101379394531,-0.9400217533111572,2874.228515625,0.0844406932592392,839.598876953125,0.3764573037624359,-100.77397918701172,-0.9386788010597229,-3.2608754634857178,-1.6376612186431885,9.671246528625488,0.6834319829940796,0.06397710740566254,0.23543067276477814,-0.004845158662647009,-2.707676649093628,0.23450671136379242,0.6058809757232666,14.749364852905273,0.5679063200950623,-8.34508228302002,-1.1295415163040161,19.824111938476562,0.7246657013893127,-15.361113548278809,-0.9009142518043518,0.5807848572731018,5.171589374542236,0.03958140313625336,0.009310252964496613,0.10644033551216125,4.901960849761963,3.102962017059326,0.15136364102363586,0.14162355661392212,0.1639999896287918,0.18807975947856903,-30.021347045898438,ok
1003_t0003_s015,1003,12,5.60485754320411,5.604857543204059,30.54398536682129,0.18025165796279907,26.85466194152832,29.877716064453125,34.38676452636719,7.532102584838867,231.73782348632812,375.85479736328125,-14.617144584655762,82.22672271728516,0.7535030245780945,0.5113112330436707,0.473867267370224,0.6040613651275635,1.0493736267089844,0.575506329536438,10.17920970916748,4.860010147094727,9.028273582458496,5.264050006866455,0.2802342176437378,0.8164357542991638,10.083963394165039,1.3678730726242065,-3.2904603481292725,-2.693856716156006,14.324281692504883,0.9091881513595581,-16.31036376953125,-0.8337270021438599,0.02958705835044384,1.3950210809707642,0.9251272678375244,0.611883282661438,3.2735557556152344,0.7087768316268921,2.5539469718933105,3.596461296081543,13.844292640686035,0.7025648951530457,948.7992553710938,0.18740151822566986,1106.911376953125,0.30293193459510803,-65.46996307373047,-1.298842430114746,1965.0418701171875,0.11468074470758438,1022.8193969726562,0.4236183166503906,-63.504337310791016,-1.2746708393096924,2912.151123046875,0.06679894030094147,827.5770263671875,0.32320669293403625,-63.6678466796875,-1.2645022869110107,-5.623014450073242,-1.3154264688491821,12.0133056640625,0.636203408241272,0.07123051583766937,0.22115342319011688,-0.003028376027941704,-5.792206287384033,0.27545973658561707,0.7953223586082458,15.172858238220215,0.6372542977333069,-3.1301631927490234,-2.978914976119995,11.544243812561035,1.1792383193969727,-16.660903930664062,-0.8683229088783264,6.06311559677124,-2.262582302093506,0.057769887149333954,0.01064710970968008,0.31621095538139343,5.633803367614746,4.326923370361328,0.15222221612930298,0.14132529497146606,0.05666666477918625,0.03299831598997116,-27.02888298034668,ok
1003_t0003_s016,1003,115,4.425119285824227,5.218259370178782,30.595380783081055,0.2699178159236908,25.53333282470703,28.416078567504883,32.33915710449219,6.805824279785156,611.7034912109375,966.7767944335938,128.46649169921875,131.232177734375,0.5144975781440735,0.6989511251449585,0.17370308935642242,0.44034305214881897,0.7954477071762085,0.6217446327209473,6.858964920043945,4.084599018096924,6.245609760284424,3.614549398422241,0.14371375739574432,0.9821658730506897,8.934938430786133,1.5844992399215698,-4.4025163650512695,-2.2433362007141113,15.15186595916748,0.8552378416061401,-16.390735626220703,-0.9175174236297607,0.02663472481071949,1.9549057483673096,1.2522797584533691,0.6749557256698608,3.373886823654175,0.9182561039924622,0.735499918460846,10.325271606445312,9.708979606628418,1.2850029468536377,908.353759765625,0.25517338514328003,1033.26416015625,0.31809982657432556,-97.37039947509766,-0.9858793020248413,1942.564208984375,0.13544778525829315,960.7015991210938,0.4040355384349823,-94.25269317626953,-0.9914642572402954,2888.329833984375,0.08107002079486847,854.5142211914062,0.3964183032512665,-93.37310791015625,-1.0057686567306519,-2.9247992038726807,-3.126525640487671,9.844648361206055,1.0607997179031372,0.06744194775819778,0.28784939646720886,-0.002902253530919552,-6.04892110824585,0.18700426816940308,0.7821479439735413,13.879746437072754,0.9583976864814758,-6.0932536125183105,-1.8785202503204346,14.926953315734863,0.9918825030326843,-19.8863582611084,-0.8320118188858032,2.0688014030456543,4.153569221496582,0.04149393364787102,0.012942628003656864,0.0939038023352623,3.69657301902771,3.202160596847534,0.158433735370636,0.14961382746696472,0.1398734152317047,0.1943863183259964,-30.661014556884766,ok
1003_t0004_s001,1003,1,4.149377593360996,,,,,,,,,,,,,,,,,,,,,,,,,,,,,,,,,,,,,,,,,,,,,,,,,,,,,,,,,,,,,,,,,,,,,,,,,,,,,,,,,,,,,,,,,,too_short
1003_t0004_s002,1003,12,5.937654626422563,5.937654626422519,23.584739685058594,0.13118092715740204,21.57552146911621,22.01105499267578,24.675867080688477,3.1003456115722656,20.039470672607422,1.0973386764526367,69.75109100341797,11.501471519470215,0.3235922157764435,0.4955351650714874,0.1659296154975891,0.2955600917339325,0.4749545156955719,0.3090249001979828,3.7007665634155273,1.8045963048934937,4.074886322021484,2.076613664627075,0.06720428168773651,0.6289535760879517,15.800455093383789,0.6164801120758057,-7.324777603149414,-1.2427724599838257,7.279564380645752,1.3913233280181885,-4.598263740539551,-2.790776252746582,0.014171059243381023,0.757839560508728,1.1572014093399048,0.8196713924407959,2.107930898666382,1.14225435256958,-2.7955098152160645,-1.0417755842208862,12.650230407714844,0.5904504656791687,921.8670654296875,0.17270871996879578,1056.0281982421875,0.16601809859275818,-125.71143341064453,-0.7440343499183655,1876.3619384765625,0.09199091792106628,936.273681640625,0.20680274069309235,-124.45944213867188,-0.7563155889511108,2913.486572265625,0.06209177523851395,791.256591796875,0.38142791390419006,-127.2859115600586,-0.7128989100456238,-4.139445781707764,-1.3949017524719238,13.392435073852539,0.5076308250427246,0.06811858713626862,0.2322404980659485,0.005817916244268417,2.852111577987671,0.08911117166280746,0.4538457989692688,22.386272430419922,0.2500772178173065,-12.076305389404297,-0.855156660079956,6.387770652770996,1.431922435760498,-6.379847526550293,-1.9327021837234497,-1.8064966201782227,10.429218292236328,0.04905574396252632,0.012446028180420399,0.05719296634197235,5.472636699676514,3.5714287757873535,0.09285713732242584,0.06407903134822845,0.19333334267139435,0.18144480884075165,-38.27614974975586,ok
1003_t0005_s001,1003,24,4.5420136260408785,5.167958656330758,24.17002296447754,0.19782835245132446,19.272979736328125,23.845888137817383,27.17205238342285,7.899072647094727,300.0395202636719,378.576904296875,67.22378540039062,30.607879638671875,0.41646817326545715,0.5843632817268372,0.18971587717533112,0.37651991844177246,0.6306893229484558,0.4409734606742859,4.850907802581787,2.087996006011963,4.715027332305908,2.395498752593994,0.0926738753914833,0.660775899887085,8.178022384643555,1.6066560745239258,1.2787028551101685,8.402888298034668,19.428068161010742,0.7217626571655273,-9.447996139526367,-1.253041386604309,0.03997378423810005,1.5542086362838745,1.3486822843551636,0.9020669460296631,1.413404941558838,2.0146453380584717,1.2495042085647583,3.954043388366699,12.002365112304688,0.6655455827713013,678.7823486328125,0.4265330731868744,1197.7919921875,0.17295657098293304,-144.5182647705078,-0.5950713753700256,1716.7232666015625,0.1819949895143509,899.3739624023438,0.43563225865364075,-144.57957458496094,-0.5828233957290649,2702.65283203125,0.1256222128868103,829.9561157226562,0.23835515975952148,-144.5394744873047,-0.5835907459259033,-5.569569110870361,-0.8604376316070557,11.562166213989258,0.5142223238945007,0.0489443875849247,0.27404946088790894,-0.017388375476002693,-0.8936966061592102,0.12805889546871185,0.4332430362701416,18.155336380004883,0.4089435338973999,-2.850205421447754,-3.4956984519958496,20.63146209716797,0.7612596154212952,-15.206016540527344,-1.0231701135635376,-0.3301744759082794,6.494546413421631,0.03463396802544594,-5.958592737442814e-05,0.07929259538650513,5.123339653015137,2.4904215335845947,0.10461538285017014,0.13652923703193665,0.2564285695552826,0.2729889452457428,-34.45981979370117,ok
1003_t0005_s002,1003,23,4.320871688897238,4.44616276821962,23.308135986328125,0.2532868981361389,19.024797439575195,21.63103485107422,24.92291831970215,5.898120880126953,110.57647705078125,75.4091796875,32.266239166259766,28.523386001586914,0.34866613149642944,0.6248502135276794,0.15127699077129364,0.29584214091300964,0.5055539011955261,0.3542768955230713,5.571211814880371,3.890535831451416,3.494079351425171,2.304826259613037,0.08405260741710663,0.8611849546432495,7.30679988861084,1.871725082397461,0.933022141456604,9.452555656433105,18.8278751373291,0.7481304407119751,-5.706567287445068,-2.006366014480591,0.03272438794374466,1.5174046754837036,1.7566604614257812,0.9105170965194702,1.6030564308166504,1.8772813081741333,3.5922999382019043,2.3811917304992676,15.014069557189941,0.5437642931938171,716.2064208984375,0.4199843406677246,1122.6474609375,0.24921521544456482,-155.3383331298828,-0.5133131742477417,1716.390380859375,0.17388108372688293,934.919677734375,0.2682560086250305,-154.86322021484375,-0.5136562585830688,2723.33837890625,0.1100851371884346,838.442626953125,0.5314865112304688,-155.5759735107422,-0.5022442936897278,-5.805322170257568,-0.9186515212059021,13.752058982849121,0.4591493010520935,0.04175417870283127,0.44862380623817444,-0.006782106589525938,-1.9700536727905273,0.12347286194562912,0.6215497851371765,17.823041915893555,0.3419112265110016,-1.47709321975708,-7.293981552124023,20.187175750732422,0.8951747417449951,-4.161123752593994,-3.4817845821380615,0.26998212933540344,6.678846836090088,0.02898409590125084,0.003368362784385681,0.07334202527999878,3.9548022747039795,2.091254949569702,0.10090908408164978,0.06258878111839294,0.3266666829586029,0.41665998101234436,-35.22304916381836,ok
1003_t0005_s003,1003,77,3.760316452605362,4.456792267176013,23.308788299560547,0.26193827390670776,19.82740020751953,21.800565719604492,25.64674949645996,5.81934928894043,148.65504455566406,288.6463623046875,66.73558044433594,74.81696319580078,0.34731602668762207,0.6103334426879883,0.1366116851568222,0.3048562705516815,0.5361461639404297,0.3995344638824463,4.645260810852051,2.7448952198028564,3.4638025760650635,2.197754144668579,0.07987314462661743,0.8469569683074951,7.19401741027832,1.9732989072799683,5.029758453369141,1.732473373413086,15.418167114257812,0.83599454164505,-11.420266151428223,-1.0001704692840576,0.01971958391368389,1.7573961019515991,1.1787649393081665,0.6932181119918823,2.9418723583221436,0.6772457361221313,2.473890542984009,1.9102394580841064,15.540721893310547,0.4831308424472809,644.2848510742188,0.4449578821659088,1227.2677001953125,0.20041990280151367,-133.17428588867188,-0.6911607384681702,1688.9578857421875,0.18160508573055267,886.6989135742188,0.33425405621528625,-133.5328369140625,-0.6675571799278259,2686.24462890625,0.1060304343700409,857.12744140625,0.35085058212280273,-133.56011962890625,-0.6650806069374084,-7.17036771774292,-0.7773870825767517,14.598978996276855,0.5026055574417114,0.049874115735292435,0.340791255235672,-0.011563283391296864,-1.1164705753326416,0.11218459159135818,0.5618054270744324,17.22236442565918,0.49892717599868774,3.536625862121582,2.8657500743865967,17.115537643432617,0.9251108765602112,-15.959135055541992,-0.8348884582519531,0.18020828068256378,5.999582767486572,0.03317695111036301,0.002395876683294773,0.06337959319353104,3.66568922996521,2.4007840156555176,0.1330612301826477,0.10644926130771637,0.257999986410141,0.35482385754585266,-35.504268646240234,ok
1003_t0005_s004,1003,31,3.194888178913738,3.497687013426604,21.19321632385254,0.1576000303030014,19.29065704345703,20.952238082885742,22.713794708251953,3.423137664794922,117.02664947509766,182.25067138671875,-36.975975036621094,44.39628219604492,0.4009294807910919,0.5993338823318481,0.19187472760677338,0.35324180126190186,0.5700680017471313,0.3781932592391968,4.038621425628662,1.5691778659820557,3.445366382598877,1.9668229818344116,0.09106085449457169,0.7280310988426208,10.345250129699707,1.2776305675506592,3.2333617210388184,2.595755100250244,10.595439910888672,1.1655656099319458,-13.637539863586426,-0.849502682685852,0.014054644852876663,0.8505374193191528,1.1398099660873413,0.6669456958770752,2.7288289070129395,0.5540955662727356,1.5273659229278564,1.9796613454818726,15.865251541137695,0.4456805884838104,609.8428955078125,0.3998396694660187,1258.11181640625,0.19809022545814514,-117.72551727294922,-0.831023097038269,1624.4613037109375,0.16939617693424225,930.0426025390625,0.35482048988342285,-120.06048583984375,-0.7854575514793396,2651.452392578125,0.09692855179309845,864.17041015625,0.3762446343898773,-121.4813232421875,-0.7628120183944702,-8.091970443725586,-0.5539650321006775,15.8182373046875,0.37808898091316223,0.048743121325969696,0.33120864629745483,-0.017367582768201828,-0.9886389374732971,0.1318719983100891,0.5004398822784424,19.899559020996094,0.2894068956375122,1.4624732732772827,6.787757396697998,11.384481430053711,1.219270944595337,-15.640068054199219,-0.9175801277160645,-1.8547413349151611,8.911661148071289,0.03794853016734123,-0.003941670060157776,0.06443677097558975,3.199174642562866,2.385892152786255,0.15869565308094025,0.08818480372428894,0.25,0.22080430388450623,-33.50687026977539,ok
1003_t0005_s005,1003,22,3.547814868569586,4.876967412990506,22.673662185668945,0.10010258108377457,20.865680694580078,22.414100646972656,24.436120986938477,3.5704402923583984,95.07086944580078,148.03941345214844,211.69664001464844,339.72003173828125,0.3262898325920105,0.7400014996528625,0.11116962134838104,0.24356217682361603,0.5359441637992859,0.42477452754974365,5.135732173919678,2.2872743606567383,4.814033508300781,3.1080095767974854,0.07741294056177139,1.0639222860336304,5.771829605102539,2.193798780441284,5.675666809082031,1.573470950126648,10.420638084411621,1.1337532997131348,-8.148344039916992,-1.327854037284851,0.015051944181323051,0.6792541742324829,1.2581636905670166,0.665304958820343,2.922823190689087,0.5460829138755798,2.76745343208313,1.7053555250167847,18.478816986083984,0.30834153294563293,675.7386474609375,0.40353259444236755,1292.2386474609375,0.21778444945812225,-150.62921142578125,-0.5547740459442139,1690.9267578125,0.16937468945980072,983.3419189453125,0.4130379557609558,-151.66323852539062,-0.5331863760948181,2673.110595703125,0.09824714809656143,905.3931274414062,0.38084694743156433,-152.31640625,-0.5233241319656372,-8.436067581176758,-0.6216792464256287,15.727867126464844,0.3557896614074707,0.0511053167283535,0.37526923418045044,-0.01498685497790575,-1.0119456052780151,0.12222973257303238,0.4917965233325958,18.103273391723633,0.36236709356307983,3.812187910079956,2.615103006362915,12.777312278747559,1.2761584520339966,-13.721136093139648,-0.9281038045883179,-0.1942591667175293,6.059103012084961,0.02741793915629387,0.0059281326830387115,0.0633176788687706,3.231017827987671,2.280130386352539,0.09999999403953552,0.07289914786815643,0.3423076868057251,0.4729148745536804,-34.688201904296875,ok
1003_t0006_s001,1003,8,4.703115814226925,4.703115814226865,25.026472091674805,0.1794321984052658,22.751440048217773,24.698890686035156,25.22690773010254,2.4754676818847656,73.25289916992188,41.943843841552734,83.74298095703125,0.0,0.7577725648880005,0.2652592062950134,0.5594924688339233,0.775726854801178,0.9272488355636597,0.36775636672973633,6.866334915161133,3.2064099311828613,3.9677717685699463,1.8680806159973145,0.1814272403717041,0.3811309039592743,7.5492143630981445,1.0983299016952515,-11.3746919631958,-0.41842833161354065,10.10062026977539,0.9549060463905334,-0.6390054821968079,-14.1027250289917,0.02732534520328045,2.19883131980896,1.2712962627410889,0.8737488389015198,2.3180744647979736,0.6325497627258301,-4.107907772064209,-0.716109037399292,8.626235961914062,0.43647894263267517,994.2251586914062,0.09298083186149597,1001.6119384765625,0.21952927112579346,-136.57359313964844,-0.6717706918716431,1934.642333984375,0.05073618143796921,997.1216430664062,0.20637226104736328,-136.2593994140625,-0.6759638786315918,2881.32177734375,0.0543404184281826,1078.438720703125,0.39379069209098816,-138.34521484375,-0.6446713209152222,-2.089635133743286,-1.0567704439163208,9.57039737701416,0.36679312586784363,0.06546056270599365,0.3090928792953491,-0.00016772570961620659,-80.34163665771484,0.17250777781009674,0.18129533529281616,13.795857429504395,0.20783306658267975,-11.12503719329834,-0.3720611333847046,7.94058895111084,1.3596789836883545,-4.918004035949707,-2.3946194648742676,2.047938346862793,5.079773902893066,0.05561379715800285,0.011361093260347843,0.18626771867275238,7.100592136383057,2.4390244483947754,0.11749999970197678,0.045483510941267014,0.27250000834465027,0.1984155923128128,-30.59733772277832,ok
1003_t0006_s002,1003,22,3.330809992429977,4.186489058039992,25.690448760986328,0.29626286029815674,21.774673461914062,23.76435089111328,25.744232177734375,3.9695587158203125,72.49180603027344,46.12242889404297,16.53068733215332,18.193588256835938,0.43730059266090393,0.6752303838729858,0.14751553535461426,0.33368709683418274,0.7347409725189209,0.5872254371643066,6.034521579742432,2.378800392150879,5.0274176597595215,2.58280873298645,0.10945093631744385,0.9333767890930176,9.044878959655762,1.2746315002441406,-2.064929246902466,-4.414127826690674,12.146626472473145,1.058980107307434,-1.6985265016555786,-7.053342819213867,0.01752483658492565,0.9312677979469299,1.192888617515564,0.5665032267570496,2.1853456497192383,1.4660673141479492,-3.5842931270599365,-1.415910243988037,15.321393966674805,0.5364012122154236,956.9307250976562,0.16781441867351532,1027.3748779296875,0.24095799028873444,-147.5032958984375,-0.5804367661476135,1935.3226318359375,0.09352146089076996,948.4263305664062,0.24286794662475586,-146.77783203125,-0.5752889513969421,2958.65869140625,0.06827385723590851,808.7003173828125,0.40298569202423096,-148.129150390625,-0.5562788844108582,-4.913376331329346,-1.508640170097351,13.573111534118652,0.654788613319397,0.0529307946562767,0.32720306515693665,-0.00032429449493065476,-58.797794342041016,0.1751289665699005,0.5648179650306702,18.914661407470703,0.5564789175987244,-6.046888828277588,-1.6312743425369263,8.055663108825684,1.9678806066513062,-8.037679672241211,-1.923462986946106,-0.5451390743255615,8.015708923339844,0.03259121999144554,0.012626275420188904,0.08614622801542282,3.1866466999053955,2.4464831352233887,0.09999999403953552,0.06461423635482788,0.2887499928474426,0.4183729588985443,-32.388912200927734,ok
1003_t0006_s003,1003,59,3.2752303763739317,3.810384913459052,25.281509399414062,0.13332350552082062,22.656312942504883,24.91855239868164,27.116626739501953,4.46031379699707,84.09587097167969,81.73551940917969,70.24976348876953,109.4714126586914,0.6278477311134338,0.6432991027832031,0.22964021563529968,0.5266820192337036,1.0236985683441162,0.7940583229064941,9.911210060119629,3.8700690269470215,6.588720798492432,4.285586833953857,0.1829388439655304,0.817853569984436,12.569724082946777,0.8943817615509033,-3.9241364002227783,-2.4835753440856934,12.146377563476562,1.0142779350280762,-4.4316840171813965,-2.7386887073516846,0.01795177161693573,1.6391749382019043,1.2292534112930298,0.8659902811050415,3.287381649017334,0.7271165251731873,-0.6510458588600159,-7.858108997344971,14.520488739013672,0.49290046095848083,863.8684692382812,0.29255834221839905,1172.4246826171875,0.2636781930923462,-137.0072021484375,-0.6605846881866455,1823.39013671875,0.1471240073442459,1023.2910766601562,0.3335898220539093,-135.4775848388672,-0.6641392707824707,2835.9189453125,0.09821883589029312,816.774169921875,0.4442480504512787,-137.30921936035156,-0.6363523602485657,-5.009326457977295,-1.0811927318572998,13.980329513549805,0.4241884648799896,0.04609741270542145,0.4052160680294037,-0.007865331135690212,-2.011190891265869,0.2835961580276489,0.4709515869617462,21.621488571166992,0.35416465997695923,-7.99574613571167,-1.3256492614746094,9.499067306518555,1.6419464349746704,-8.95366096496582,-1.728066325187683,-1.4464093446731567,8.226043701171875,0.028602279722690582,0.005477651488035917,0.13404399156570435,3.6111111640930176,2.005571126937866,0.15388889610767365,0.1345832645893097,0.3334285616874695,0.39482322335243225,-28.077409744262695,ok
1003_t0007_s001,1003,1,20.0,,,,,,,,,,,,,,,,,,,,,,,,,,,,,,,,,,,,,,,,,,,,,,,,,,,,,,,,,,,,,,,,,,,,,,,,,,,,,,,,,,,,,,,,,,too_short
1003_t0008_s001,1003,28,3.7194473963868226,3.719447396386841,24.848482131958008,0.14870613813400269,23.213279724121094,23.789947509765625,25.42412567138672,2.210845947265625,126.56539154052734,123.36334991455078,44.2703857421875,66.15926361083984,0.7887686491012573,0.5697685480117798,0.3829188346862793,0.7537280917167664,1.0944993495941162,0.7115805149078369,7.119406223297119,3.5068042278289795,7.320841312408447,3.56504225730896,0.2580684423446655,0.8526811599731445,14.875102043151855,0.6383596062660217,-5.083158493041992,-1.9894555807113647,10.767281532287598,0.9931214451789856,-9.082873344421387,-1.4571613073349,0.02420066110789776,1.9898167848587036,1.2744982242584229,0.7402048110961914,2.7726144790649414,0.7631474733352661,-0.25785231590270996,-20.4334659576416,15.452224731445312,0.48918256163597107,784.9229125976562,0.3374927341938019,1162.6883544921875,0.1590816080570221,-133.73590087890625,-0.6807200312614441,1778.0682373046875,0.16769114136695862,972.797607421875,0.343925416469574,-133.37200927734375,-0.6661898493766785,2784.7685546875,0.11869775503873825,740.7847900390625,0.36372390389442444,-134.84706115722656,-0.6442146301269531,-6.995322227478027,-0.7283587455749512,14.897418975830078,0.40288829803466797,0.03870765492320061,0.44970905780792236,-0.010654554702341557,-1.5104974508285522,0.3132326006889343,0.5930208563804626,23.70728302001953,0.26331835985183716,-6.216001033782959,-1.5675395727157593,11.660992622375488,1.0733563899993896,-11.545393943786621,-1.443006992340088,-2.249905824661255,8.972963333129883,0.03345067426562309,-0.00011141026334371418,0.23214922845363617,3.5952064990997314,2.278820276260376,0.14176470041275024,0.1184823289513588,0.275882363319397,0.3286703824996948,-25.867822647094727,ok
1003_t0008_s002,1003,13,4.848936963819471,4.848936963819501,25.015031814575195,0.18522648513317108,22.508052825927734,24.2237548828125,25.55388069152832,3.045827865600586,154.82847595214844,98.2708511352539,47.873252868652344,30.371688842773438,0.7325872182846069,0.4739823639392853,0.38072508573532104,0.6542802453041077,1.0313737392425537,0.6506486535072327,7.974976062774658,3.046675682067871,6.178285598754883,3.9210753440856934,0.23263035714626312,0.5558748245239258,14.742677688598633,0.6799913048744202,-3.8343420028686523,-3.0441622734069824,14.397113800048828,0.9073812365531921,-7.1893086433410645,-2.227177858352661,0.01564372517168522,0.651023268699646,1.385189414024353,0.7475461363792419,2.867819309234619,0.6349747776985168,1.295700192451477,3.8942482471466064,13.19072437286377,0.5361499786376953,864.7315063476562,0.365003377199173,1148.8095703125,0.35402408242225647,-152.5771484375,-0.5218323469161987,1831.4095458984375,0.1684185415506363,1083.7532958984375,0.41932323575019836,-150.26841735839844,-0.5418772101402283,2784.287109375,0.12557652592658997,790.8092041015625,0.4842231571674347,-151.5301971435547,-0.5239284038543701,-5.902438163757324,-1.0277886390686035,13.053574562072754,0.47535401582717896,0.03576361760497093,0.6745298504829407,-0.007862329483032227,-2.2889745235443115,0.2790743410587311,0.41813212633132935,21.06631088256836,0.28069648146629333,-7.715016841888428,-1.414505124092102,17.956113815307617,0.9122909903526306,-6.480787754058838,-2.7707624435424805,-2.2264795303344727,8.591135025024414,0.027120571583509445,-0.005055645946413279,0.22120338678359985,4.494382381439209,2.671755790710449,0.08571428060531616,0.04624689370393753,0.2685714364051819,0.29058700799942017,-27.63337516784668,ok
1003_t0009_s001,1003,7,5.259203606311044,5.259203606310976,22.658214569091797,0.1102326512336731,20.50884437561035,21.12714385986328,24.760074615478516,4.251230239868164,23.913246154785156,20.183879852294922,-27.176748275756836,25.442399978637695,0.5962129831314087,0.4731721878051758,0.3563935160636902,0.5248937606811523,0.8986140489578247,0.5422205328941345,5.732341766357422,2.1632297039031982,5.0858154296875,3.0069632530212402,0.1772279590368271,0.5692521929740906,9.602360725402832,1.2673192024230957,8.530962944030762,0.9070376753807068,17.22863006591797,0.5133224725723267,-3.6139819622039795,-2.033412218093872,0.02072354406118393,0.6184437870979309,1.5650320053100586,0.5625706315040588,3.0290908813476562,0.4282959997653961,8.673325538635254,0.5047524571418762,20.932832717895508,0.22260364890098572,477.12841796875,0.33103489875793457,1309.2530517578125,0.16528838872909546,-122.43975067138672,-0.7451292276382446,1532.291259765625,0.13034678995609283,932.4242553710938,0.15858641266822815,-124.46575164794922,-0.7075179815292358,2507.68701171875,0.07506892085075378,1012.743408203125,0.37361788749694824,-126.28954315185547,-0.6802563071250916,-8.391754150390625,-0.3970402777194977,15.769225120544434,0.2297155261039734,0.008572190068662167,1.4993411302566528,-0.015190147794783115,-0.7838056683540344,0.24823029339313507,0.36014431715011597,18.81392478942871,0.2816554307937622,5.73494291305542,1.2324442863464355,17.15955924987793,0.6409279704093933,-4.8524017333984375,-1.685894250869751,-2.628758668899536,9.00690746307373,0.0012770425528287888,-0.004124668426811695,0.14117306470870972,4.545454978942871,2.3622047901153564,0.16333334147930145,0.06599663197994232,0.17749999463558197,0.17612139880657196,-29.08544158935547,ok
1003_t0009_s002,1003,8,6.552006552006551,6.5520065520065325,22.78546714782715,0.09528212994337082,20.846485137939453,21.983312606811523,24.531639099121094,3.6851539611816406,20.318065643310547,11.561117172241211,20.54607391357422,1.504097580909729,0.8479518294334412,0.36664965748786926,0.5348337292671204,0.8611826300621033,1.1502256393432617,0.6153919100761414,9.119909286499023,3.2072229385375977,8.217289924621582,2.932537794113159,0.27589017152786255,0.3812021017074585,10.345023155212402,1.6590650081634521,8.811738014221191,1.0423463582992554,21.814531326293945,0.5436129570007324,-6.026057243347168,-1.965558648109436,0.02017120271921158,0.7844953536987305,1.4059855937957764,0.5390296578407288,3.4155967235565186,0.3817906975746155,7.103790760040283,0.5006892681121826,18.966703414916992,0.40336111187934875,490.555908203125,0.3308160603046417,1252.107177734375,0.2173343449831009,-73.86580657958984,-1.2320282459259033,1513.331787109375,0.11979647725820541,804.6036376953125,0.22367216646671295,-79.46922302246094,-1.093178153038025,2504.606201171875,0.08002215623855591,839.5267333984375,0.311148464679718,-79.30290985107422,-1.098488688468933,-10.372586250305176,-0.47823354601860046,16.235374450683594,0.36187735199928284,0.021125037223100662,0.9473457932472229,-0.018137147650122643,-0.643796443939209,0.2838464081287384,0.34048154950141907,20.63462257385254,0.21410837769508362,6.532535076141357,1.2880622148513794,23.32098960876465,0.6021116375923157,-3.8332161903381348,-3.310007333755493,6.002127647399902,-1.7637020349502563,0.024597425013780594,-0.008677619509398937,0.28817421197891235,6.611570835113525,1.7241380214691162,0.3649999797344208,0.1850000023841858,0.12666666507720947,0.07408703863620758,-25.4846134185791,ok
1003_t0009_s003,1003,25,3.3320005331200853,3.3320005331200915,25.02018165588379,0.13696204125881195,21.662185668945312,24.920230865478516,28.007230758666992,6.34504508972168,98.6552505493164,128.781005859375,51.95610809326172,29.94878578186035,0.7932937741279602,0.5337449908256531,0.36654528975486755,0.7597352862358093,1.2350128889083862,0.8684675693511963,10.835107803344727,5.445884704589844,6.175762176513672,3.3355038166046143,0.24834682047367096,0.6318742036819458,11.482013702392578,1.2242324352264404,5.568841934204102,1.657272458076477,17.371868133544922,0.7689646482467651,-5.156729221343994,-2.351832866668701,0.01962246373295784,0.8827829360961914,0.9331495761871338,0.6469610333442688,3.9290244579315186,0.6016846299171448,8.258715629577637,0.9842947721481323,19.9502010345459,0.4157739281654358,594.419677734375,0.39613276720046997,1291.774169921875,0.1739436686038971,-98.75601959228516,-0.9469524025917053,1578.89453125,0.16252973675727844,966.1845092773438,0.26160919666290283,-99.87480163574219,-0.9142149090766907,2645.3857421875,0.09855598211288452,845.7869873046875,0.31597641110420227,-101.97769927978516,-0.8756263852119446,-8.015246391296387,-0.7959364056587219,16.35305404663086,0.4185514450073242,0.018755625933408737,0.8768510818481445,-0.013682437129318714,-1.0437098741531372,0.2887153923511505,0.45225292444229126,19.687305450439453,0.3411276340484619,5.457993030548096,1.709653377532959,16.46124839782715,0.9315828680992126,-6.159091472625732,-2.364987850189209,-0.03139824420213699,6.648163318634033,0.013601957820355892,6.056794518372044e-05,0.20480716228485107,3.604806423187256,2.1505377292633057,0.2381249964237213,0.1638680398464203,0.2068749964237213,0.13723696768283844,-25.662006378173828,ok
1003_t0009_s004,1003,39,4.662840746054519,4.794688959921299,28.342775344848633,0.14880234003067017,24.713985443115234,28.146814346313477,30.136119842529297,5.4221343994140625,68.2932357788086,62.093101501464844,120.09017944335938,185.36019897460938,1.2310377359390259,0.4753798544406891,0.648226261138916,1.2127834558486938,1.7882004976272583,1.1399742364883423,14.141132354736328,6.175919055938721,11.903827667236328,6.083796977996826,0.4577080011367798,0.6030054688453674,10.064553260803223,1.0972810983657837,-0.7588159441947937,-13.491971015930176,14.328435897827148,0.8811917901039124,-4.431387424468994,-2.1523630619049072,0.03190959244966507,2.0774192810058594,1.2325352430343628,0.7551198601722717,3.0213992595672607,0.8113932013511658,7.6584014892578125,0.8085343837738037,13.099931716918945,0.5832983255386353,644.7459716796875,0.43761131167411804,1236.192138671875,0.2276509404182434,-107.01396942138672,-0.8721646666526794,1651.7701416015625,0.16290779411792755,909.6932983398438,0.2673032879829407,-102.74637603759766,-0.8979008197784424,2651.875732421875,0.10311853140592575,875.2269287109375,0.34020888805389404,-103.49242401123047,-0.885619580745697,-4.081115245819092,-1.200668215751648,10.970443725585938,0.5715363621711731,0.0316573865711689,0.6599502563476562,-0.012745506130158901,-0.9034081101417542,0.5490849614143372,0.4140886664390564,14.5396146774292,0.5053043961524963,-3.0326011180877686,-3.32362961769104,16.634241104125977,0.8173750638961792,-3.505042552947998,-2.774095296859741,-1.3500889539718628,7.821296691894531,0.02152302674949169,-0.006294733379036188,0.36262378096580505,5.149701118469238,2.891566276550293,0.16499999165534973,0.10661456733942032,0.15399999916553497,0.159147709608078,-21.6787052154541,ok
1003_t0010_s001,1003,27,2.1057557323350493,2.220029600394682,26.429855346679688,0.2584696412086487,21.979610443115234,25.542917251586914,28.82633399963379,6.846723556518555,64.10527801513672,49.73062515258789,16.906494140625,14.130455017089844,0.8901970982551575,0.6352584958076477,0.3018157184123993,0.7777897715568542,1.4934988021850586,1.191683053970337,7.295769691467285,4.672897815704346,5.043089389801025,4.31117582321167,0.27740123867988586,0.7998210787773132,6.810705184936523,2.0622904300689697,-5.960488319396973,-2.2133853435516357,7.970975399017334,1.5449310541152954,-5.7115349769592285,-1.6368719339370728,0.023446692153811455,1.8025051355361938,1.0464447736740112,0.7607131600379944,3.3850276470184326,0.6098278760910034,8.204421043395996,1.9751392602920532,15.87917423248291,0.5244908332824707,595.4668579101562,0.44579291343688965,1224.9176025390625,0.14728309214115143,-137.95298767089844,-0.6435930728912354,1580.0843505859375,0.17960181832313538,967.5819091796875,0.3240118622779846,-137.07901000976562,-0.6396891474723816,2580.030517578125,0.10530731827020645,880.2083740234375,0.32951661944389343,-138.19305419921875,-0.6226061582565308,-6.787898063659668,-0.7683983445167542,14.982345581054688,0.42771676182746887,0.027256010100245476,0.7962230443954468,-0.014137725345790386,-0.8726338744163513,0.2718876302242279,0.6387172937393188,21.015390396118164,0.41423988342285156,-2.643850564956665,-3.748049259185791,14.111526489257812,0.8721764087677002,-5.879268169403076,-2.0480661392211914,2.7068288326263428,5.446332931518555,0.027436604723334312,0.0025826317723840475,0.28228089213371277,2.4199845790863037,1.7241380214691162,0.18272727727890015,0.15365786850452423,0.3942856788635254,0.7777964472770691,-26.203325271606445,ok
1003_t0010_s002,1003,8,6.25,6.250000000000133,20.814340591430664,0.062442436814308167,19.494142532348633,20.59577751159668,21.698287963867188,2.2041454315185547,50.574119567871094,30.595197677612305,23.488046646118164,12.388155937194824,0.4942967891693115,0.4457131028175354,0.2977069914340973,0.4506100118160248,0.6985394954681396,0.40083250403404236,5.885552883148193,3.7103147506713867,6.449023246765137,2.2656538486480713,0.144566610455513,0.5341993570327759,13.449329376220703,0.8346057534217834,5.964637279510498,1.5970906019210815,20.066516876220703,0.5590624809265137,2.416057586669922,4.322212219238281,0.017107807099819183,0.8242464065551758,0.8857418298721313,0.6490858793258667,3.103426218032837,0.4541277587413788,3.7929556369781494,1.3028932809829712,22.09651756286621,0.30202457308769226,673.8429565429688,0.40519464015960693,1267.12841796875,0.11577312648296356,-122.61397552490234,-0.730323851108551,1617.7454833984375,0.1438831388950348,1014.3524780273438,0.2242884784936905,-123.12954711914062,-0.7271063923835754,2710.031005859375,0.11313304305076599,781.2308349609375,0.3224761188030243,-126.36711883544922,-0.6775410175323486,-8.306519508361816,-0.6898621320724487,18.966894149780273,0.245178684592247,0.003651966340839863,4.679516315460205,7.749354699626565e-05,102.27655792236328,0.15936942398548126,0.355968713760376,22.140056610107422,0.22673045098781586,2.6462149620056152,4.7529802322387695,15.936572074890137,0.8499603867530823,1.3210549354553223,8.457076072692871,-5.425256729125977,12.83251667022705,0.006952830124646425,-0.002070412505418062,0.14381979405879974,5.511811256408691,3.278688430786133,0.11249999701976776,0.04602988064289093,0.13600000739097595,0.052763622254133224,-31.42079734802246,ok
1003_t0010_s003,1003,14,5.34147272033575,5.341472720335789,23.345117568969727,0.10225848108530045,21.41471290588379,22.65593147277832,25.229434967041016,3.8147220611572266,199.55023193359375,94.45441436767578,26.1654109954834,7.729941368103027,0.6676702499389648,0.44536879658699036,0.4083660840988159,0.6370939016342163,0.8987506031990051,0.4903845191001892,6.563892364501953,3.5093541145324707,6.315557479858398,2.793128252029419,0.2079026699066162,0.5447163581848145,10.477068901062012,1.5519307851791382,5.457638740539551,2.0512290000915527,18.892318725585938,0.6225106716156006,2.731627941131592,3.2367022037506104,0.01570499874651432,0.7977238893508911,1.1132111549377441,0.6900107860565186,2.8000686168670654,0.6498876214027405,5.183350563049316,0.9867429137229919,18.234783172607422,0.44093504548072815,706.2364501953125,0.4163786470890045,1226.6441650390625,0.21021054685115814,-105.42198181152344,-0.8635139465332031,1679.139892578125,0.1529407650232315,941.7831420898438,0.2772355377674103,-103.76194763183594,-0.880095899105072,2707.53466796875,0.1140255406498909,908.5586547851562,0.37272754311561584,-106.65755462646484,-0.8297978043556213,-5.017642021179199,-1.140083909034729,15.488480567932129,0.4505990445613861,0.025590911507606506,0.5765928030014038,0.0014805042883381248,8.830227851867676,0.24015070497989655,0.4270716905593872,19.211441040039062,0.47001218795776367,0.5902719497680664,15.955470085144043,20.047842025756836,0.7313562631607056,5.931507587432861,1.4273799657821655,0.8393673300743103,5.343102931976318,0.019721779972314835,5.346957095753169e-06,0.18380507826805115,4.9808430671691895,3.9215686321258545,0.11699999868869781,0.050999999046325684,0.11800000071525574,0.054184868931770325,-27.899784088134766,ok
1003_t0010_s004,1003,14,3.0296472624972948,3.152443143436136,25.20832633972168,0.14343009889125824,22.67009735107422,25.10796356201172,26.454206466674805,3.784109115600586,163.28652954101562,162.9024658203125,33.98574447631836,23.80592155456543,0.7052474021911621,0.612264096736908,0.3197171688079834,0.6335275769233704,1.0550899505615234,0.73537278175354,8.144042015075684,3.6709647178649902,5.439667224884033,2.293513536453247,0.20710274577140808,0.7868765592575073,11.701128005981445,1.1247135400772095,2.411200523376465,4.804973125457764,17.2106990814209,0.9683665633201599,-3.0155367851257324,-4.1850080490112305,0.024871589615941048,1.5178838968276978,1.2137510776519775,0.7580212354660034,2.8740029335021973,0.9661150574684143,9.642738342285156,0.6479130983352661,16.054622650146484,0.5255648493766785,649.73193359375,0.4130150079727173,1325.582763671875,0.2734890282154083,-98.32947540283203,-0.9608818292617798,1644.547119140625,0.15913136303424835,911.3333129882812,0.36855217814445496,-95.3680648803711,-0.9714722633361816,2661.65234375,0.10282929241657257,934.7445678710938,0.3915763795375824,-96.80241394042969,-0.9425019025802612,-5.172163963317871,-1.0846314430236816,14.97287368774414,0.46498945355415344,0.025551792234182358,0.6619874238967896,-0.01221394445747137,-1.2105075120925903,0.2900114059448242,0.5557132363319397,18.79625129699707,0.4279146194458008,-1.9586210250854492,-5.624745845794678,19.077713012695312,1.0211515426635742,-3.7119967937469482,-3.9777705669403076,-2.3539483547210693,9.940321922302246,0.01420418731868267,-0.0006765937432646751,0.11381098628044128,3.253796100616455,2.6315789222717285,0.1966666579246521,0.10873004049062729,0.16333334147930145,0.12957194447517395,-26.7154483795166,ok
1003_t0010_s005,1003,32,4.170467874364655,4.170467874364654,23.409175872802734,0.09841057658195496,21.33974838256836,23.369295120239258,24.934778213500977,3.595029830932617,44.385189056396484,31.754810333251953,42.234867095947266,62.59834289550781,0.650084912776947,0.5318621397018433,0.35263869166374207,0.5756153464317322,0.9446224570274353,0.5919837951660156,7.526645183563232,4.058836936950684,5.757532119750977,3.1257383823394775,0.18333576619625092,0.6163438558578491,14.698847770690918,0.8942963480949402,4.476553916931152,2.09096622467041,14.704894065856934,0.9299414753913879,-5.504692077636719,-2.4902005195617676,0.01718578115105629,0.9589776396751404,1.110163927078247,0.6627840399742126,3.2055768966674805,0.6093270182609558,7.253576278686523,0.5133776664733887,18.640783309936523,0.4585239589214325,628.1907958984375,0.41833510994911194,1274.136474609375,0.16381670534610748,-87.8539047241211,-1.062894582748413,1626.3289794921875,0.18260803818702698,983.5811157226562,0.3283980190753937,-88.58103942871094,-1.0260792970657349,2657.2548828125,0.11415200680494308,872.7116088867188,0.4723019301891327,-90.40766143798828,-0.9888676404953003,-8.284071922302246,-0.7404521107673645,16.04883575439453,0.45549607276916504,0.028302760794758797,0.6429779529571533,-0.016062138602137566,-1.1083146333694458,0.22830018401145935,0.46903711557388306,21.767234802246094,0.3286961615085602,2.783338785171509,3.491929531097412,15.762176513671875,0.9272447228431702,-7.587331295013428,-2.083319664001465,-1.4620128870010376,8.576202392578125,0.022996308282017708,0.0003014856774825603,0.12260013073682785,3.5248043537139893,2.503293991088867,0.22315789759159088,0.15103337168693542,0.1644444465637207,0.1299239993095398,-27.852567672729492,ok
1003_t0010_s006,1003,19,5.365715899463429,5.365715899463433,23.95803451538086,0.099186472594738,21.37782096862793,23.98874282836914,25.978408813476562,4.600587844848633,143.04281616210938,248.7513885498047,25.833393096923828,15.65721607208252,0.6938446164131165,0.49768659472465515,0.39187371730804443,0.6260842680931091,0.9644067287445068,0.5725330114364624,8.439109802246094,4.638177871704102,7.798962116241455,5.153813362121582,0.1992218941450119,0.5975035429000854,14.22350788116455,0.7129728198051453,7.773475646972656,1.3651350736618042,33.15932846069336,0.39367252588272095,1.6720569133758545,5.505387306213379,0.017825432121753693,0.8316410779953003,1.136812448501587,0.6309913992881775,4.054834842681885,0.48770391941070557,9.015396118164062,0.9009684920310974,18.49488639831543,0.484790563583374,612.3071899414062,0.4702712595462799,1238.846923828125,0.27218353748321533,-53.4310302734375,-1.484777808189392,1685.9603271484375,0.16475488245487213,789.8746337890625,0.3528868854045868,-58.1179084777832,-1.293264627456665,2679.2197265625,0.10768361389636993,928.7849731445312,0.2564469575881958,-55.28013229370117,-1.3864411115646362,-9.489511489868164,-0.6981927752494812,15.786749839782715,0.49690869450569153,0.02151898853480816,0.9084953665733337,-0.01116006076335907,-1.0843266248703003,0.21913497149944305,0.5445327162742615,17.748971939086914,0.38242220878601074,6.7456278800964355,1.5776492357254028,34.669036865234375,0.37502068281173706,1.7273023128509521,5.484426975250244,-3.20023250579834,9.996822357177734,0.015745794400572777,-0.0004061812942381948,0.14027689397335052,5.09915018081665,2.3054754734039307,0.32249999046325684,0.3092228174209595,0.10571428388357162,0.04776643589138985,-26.743316650390625,ok
1003_t0010_s007,1003,46,3.9306160813466633,4.066118624591188,28.522064208984375,0.22372521460056305,24.144062042236328,27.174400329589844,30.08355712890625,5.939495086669922,210.33770751953125,330.7108459472656,126.80789947509766,111.7208480834961,0.9920053482055664,0.550100564956665,0.46887606382369995,0.8850018382072449,1.532071828842163,1.0631957054138184,13.808427810668945,7.36343240737915,9.970290184020996,4.48202657699585,0.3276616334915161,0.6842154264450073,7.663536548614502,1.6276450157165527,0.0519334077835083,213.8236541748047,19.640830993652344,0.8058942556381226,-6.229515075683594,-1.9056439399719238,0.0289363544434309,1.8840539455413818,1.2680318355560303,0.9352306127548218,2.6670594215393066,1.133573293685913,6.125851154327393,1.398207664489746,10.051238059997559,1.1331740617752075,791.7195434570312,0.3914198577404022,1164.495849609375,0.2981545925140381,-103.14350891113281,-0.8856202960014343,1797.25341796875,0.17108117043972015,895.4633178710938,0.34833717346191406,-98.5084457397461,-0.9202083945274353,2780.845458984375,0.10030625760555267,917.587158203125,0.3745841085910797,-98.1301498413086,-0.9263472557067871,-3.1965155601501465,-1.7888318300247192,10.361863136291504,0.7021559476852417,0.03542262688279152,0.636695146560669,-0.011654694564640522,-1.157689094543457,0.3940944969654083,0.5202163457870483,13.299073219299316,0.6620052456855774,-2.6418559551239014,-4.084955215454102,22.016735076904297,0.7846474647521973,-8.195011138916016,-1.6468892097473145,0.7791538238525391,5.491955757141113,0.028191927820444107,-0.004316754639148712,0.2551335394382477,4.191617012023926,3.6113498210906982,0.1366666704416275,0.10215922445058823,0.12292682379484177,0.11109749227762222,-23.91765785217285,ok
1003_t0010_s008,1003,16,7.4074074074074066,7.407407407407321,30.864477157592773,0.060876913368701935,28.950725555419922,31.46795654296875,32.097633361816406,3.1469078063964844,15.488201141357422,6.532468318939209,-10.592123985290527,17.071489334106445,0.82948237657547,0.43166476488113403,0.4933796226978302,0.777609646320343,1.1014342308044434,0.6080546379089355,10.194719314575195,5.581577777862549,10.272476196289062,4.635534286499023,0.26724377274513245,0.5625943541526794,10.614554405212402,1.124866247177124,2.9164559841156006,3.323424816131592,20.98236656188965,0.668778121471405,-1.010856032371521,-12.209355354309082,0.012655244208872318,0.7669178247451782,1.120076298713684,0.5367109179496765,4.816061019897461,0.5831326246261597,0.732231855392456,10.403790473937988,11.461682319641113,0.7515663504600525,642.6138305664062,0.40576082468032837,1201.187744140625,0.23211947083473206,-72.77935028076172,-1.1918381452560425,1694.3125,0.16803458333015442,899.209228515625,0.2786310613155365,-70.69100189208984,-1.173643708229065,2671.884033203125,0.10525932163000107,941.94970703125,0.316809743642807,-71.48375701904297,-1.1522254943847656,-5.294824600219727,-0.9679549932479858,12.429787635803223,0.4838534891605377,0.04026736319065094,0.5534589290618896,-0.010763969272375107,-1.5350228548049927,0.250426322221756,0.5209765434265137,15.075299263000488,0.4903849959373474,2.0382323265075684,4.525477409362793,17.515392303466797,0.598629891872406,-4.169847011566162,-3.167393684387207,1.0542104244232178,4.945416450500488,0.025432676076889038,0.0021663717925548553,0.3228923976421356,6.976744651794434,2.3809525966644287,0.2800000011920929,0.3414088487625122,0.09833332896232605,0.04219663143157959,-26.49656105041504,ok
1003_t0010_s009,1003,10,4.42282176028306,4.422821760283013,26.97829246520996,0.12590862810611725,23.120641708374023,27.607704162597656,29.5583438873291,6.437702178955078,50.614871978759766,10.012718200683594,56.89647674560547,30.593650817871094,0.668752908706665,0.5711615085601807,0.31223824620246887,0.5858399271965027,1.0405954122543335,0.728357195854187,8.895613670349121,2.591470718383789,5.6805548667907715,3.309610605239868,0.21112535893917084,0.7444537878036499,11.80720043182373,1.1249420642852783,2.194418430328369,4.895999431610107,10.292941093444824,1.3269057273864746,-6.290863037109375,-2.0333685874938965,0.025908146053552628,0.9754770398139954,1.3552019596099854,0.662682056427002,2.7621662616729736,0.8627935647964478,4.5834550857543945,1.2688639163970947,14.059211730957031,0.6035835146903992,615.5538940429688,0.4295012056827545,1226.22314453125,0.18093980848789215,-102.84410095214844,-0.892928421497345,1637.6177978515625,0.18172965943813324,894.8402709960938,0.21997427940368652,-103.14996337890625,-0.8748859167098999,2640.057861328125,0.12467332929372787,888.5970458984375,0.2784339189529419,-104.66941833496094,-0.8483716249465942,-5.286489963531494,-0.8716832995414734,13.795701026916504,0.42071324586868286,0.03297124058008194,0.5481333136558533,-0.013044402003288269,-1.0493814945220947,0.2815408706665039,0.560704231262207,17.12216567993164,0.4132711589336395,-1.052612543106079,-8.43533706665039,13.660313606262207,1.124157190322876,-6.133362770080566,-2.1546783447265625,-1.1259808540344238,7.9290313720703125,0.020726211369037628,0.00042493283399380744,0.1474163681268692,4.44444465637207,4.109589099884033,0.1133333295583725,0.06342099606990814,0.125,0.05766281113028526,-27.926464080810547,ok
1003_t0010_s010,1003,6,1.9860973187686197,2.3800079333598174,26.25199317932129,0.20518873631954193,22.017366409301758,24.776405334472656,32.27076721191406,10.253400802612305,83.26451110839844,30.489992141723633,10.01568603515625,29.74713897705078,0.5854083299636841,0.6758967638015747,0.16187070310115814,0.5451474785804749,0.9392439723014832,0.7773732542991638,5.174281597137451,2.6572341918945312,5.505487442016602,2.2725448608398438,0.14885449409484863,0.7758204340934753,7.499082565307617,1.9217913150787354,7.919497013092041,1.832971215248108,19.95737648010254,0.750584065914154,-1.9596768617630005,-5.1648712158203125,0.021876007318496704,1.0535924434661865,1.2124496698379517,0.8880575895309448,3.1168179512023926,0.9669178128242493,5.722085475921631,0.9718390703201294,14.57309341430664,0.5993862748146057,605.748291015625,0.4555385112762451,1246.638671875,0.1635630577802658,-110.08338928222656,-0.8500003218650818,1639.701171875,0.1528046727180481,847.9092407226562,0.26166898012161255,-107.01302337646484,-0.8521037101745605,2663.866943359375,0.11122426390647888,855.20947265625,0.35419580340385437,-107.56753540039062,-0.8416423201560974,-6.1109466552734375,-0.8451840877532959,13.6723051071167,0.4852447211742401,0.020648987963795662,0.8288885951042175,-0.00907668936997652,-0.9778879880905151,0.21416278183460236,0.5279229283332825,16.774818420410156,0.43038567900657654,1.3824210166931152,10.483305931091309,22.300750732421875,0.8990522623062134,-4.7074456214904785,-2.3458826541900635,-0.7942818999290466,6.592790603637695,0.014647724106907845,0.004697026219218969,0.08831354230642319,4.318936824798584,3.050847291946411,0.15111109614372253,0.12939554452896118,0.17749999463558197,0.18355856835842133,-28.84355354309082,ok
1003_t0010_s011,1003,11,5.978260869565217,5.978260869565299,29.20204734802246,0.15539605915546417,27.10167694091797,29.765382766723633,31.806724548339844,4.705047607421875,253.4807891845703,306.8675537109375,13.024014472961426,42.74031448364258,0.5300306081771851,0.5264888405799866,0.30055415630340576,0.49296045303344727,0.7252630591392517,0.42470890283584595,5.045159339904785,2.0200819969177246,5.030162811279297,2.07882022857666,0.14939168095588684,0.6805429458618164,10.157975196838379,1.2959486246109009,8.462969779968262,1.1344730854034424,21.980567932128906,0.6795541048049927,-3.419966220855713,-3.744039297103882,0.020876426249742508,1.00139319896698,1.0424590110778809,0.4859512150287628,4.927846908569336,0.41966891288757324,5.717066287994385,1.7091469764709473,16.844432830810547,0.5864173769950867,625.3178100585938,0.3818362355232239,1277.366943359375,0.12387670576572418,-106.3670425415039,-0.8733320236206055,1688.4384765625,0.17019307613372803,821.6199340820312,0.33537402749061584,-105.0221939086914,-0.8414575457572937,2669.79296875,0.10939078778028488,890.3160400390625,0.34879159927368164,-104.51348114013672,-0.8477926254272461,-8.280234336853027,-0.6091740131378174,14.879899978637695,0.35586443543434143,0.043296076357364655,0.353359580039978,-0.012773392722010612,-1.1301060914993286,0.1579662412405014,0.36299386620521545,16.519954681396484,0.5092035531997681,8.104734420776367,1.3865374326705933,22.393077850341797,0.7521851658821106,-8.877735137939453,-1.6764450073242188,-2.1545283794403076,9.054494857788086,0.014524256810545921,-0.0009634423186071217,0.14249826967716217,4.371584892272949,2.2471909523010254,0.2224999964237213,0.23551805317401886,0.19749999046325684,0.12397076189517975,-30.449861526489258,ok
1003_t0010_s012,1003,21,4.9504950495049505,4.950495049504995,23.670433044433594,0.20430465042591095,19.72364044189453,22.567148208618164,27.388578414916992,7.664937973022461,499.4888000488281,454.24310302734375,133.98536682128906,268.2401123046875,0.7436118125915527,0.6014024615287781,0.3755985498428345,0.6594163775444031,1.081125259399414,0.7055267095565796,10.826754570007324,5.789224147796631,6.329303741455078,3.890150547027588,0.240071102976799,0.6742381453514099,16.050914764404297,0.6376490592956543,5.737617015838623,1.800671100616455,20.053091049194336,0.6736872792243958,-3.6007697582244873,-3.585965394973755,0.02043081447482109,1.3990042209625244,1.1798315048217773,0.907662034034729,2.998265504837036,1.0563699007034302,3.767603874206543,5.377951145172119,16.690275192260742,1.3543542623519897,596.0402221679688,0.44846034049987793,1270.8529052734375,0.1919712871313095,-85.2347183227539,-1.0683979988098145,1620.119384765625,0.18415717780590057,997.93408203125,0.3239513635635376,-87.36434936523438,-1.0034043788909912,2621.7880859375,0.11426028609275818,901.9954833984375,0.35526740550994873,-88.06383514404297,-0.9857689142227173,-9.021363258361816,-0.7768042087554932,16.433252334594727,0.4480840861797333,0.02027897723019123,0.9187120795249939,-0.013953827321529388,-1.0549218654632568,0.2660626769065857,0.5633920431137085,19.952123641967773,0.3513132333755493,5.1900506019592285,2.1317224502563477,21.24630355834961,0.6865788102149963,-4.534311771392822,-3.0111188888549805,-5.760987281799316,13.11332893371582,0.01415504515171051,-0.005418138112872839,0.20467853546142578,4.255319118499756,3.3492825031280518,0.16857142746448517,0.1606174260377884,0.11615385115146637,0.08362355828285217,-25.521535873413086,ok
1003_t0010_s013,1003,11,5.726184279021343,5.726184279021365,27.744670867919922,0.1460447609424591,24.610774993896484,25.845396041870117,31.96721076965332,7.356435775756836,59.37395095825195,43.557708740234375,40.01811981201172,18.0950984954834,0.7555350065231323,0.491008996963501,0.43812647461891174,0.7073889374732971,1.0369478464126587,0.5988214015960693,8.369210243225098,3.4963083267211914,10.18933391571045,4.765727996826172,0.26554518938064575,0.6057742238044739,14.063892364501953,1.1123666763305664,3.7990124225616455,2.831570863723755,15.052512168884277,0.9189850687980652,-4.647084712982178,-2.8021347522735596,0.028376100584864616,1.361602783203125,1.1907920837402344,0.7401748299598694,3.7763376235961914,0.6291394233703613,5.521864414215088,1.3032959699630737,19.70651626586914,0.43505826592445374,684.2434692382812,0.338505357503891,1361.60400390625,0.32215502858161926,-113.02576446533203,-0.8029935956001282,1677.0118408203125,0.15256087481975555,1087.3160400390625,0.32009366154670715,-111.06897735595703,-0.7975423336029053,2701.519287109375,0.0941539779305458,957.4320678710938,0.36054283380508423,-112.80987548828125,-0.7697558403015137,-7.755021095275879,-0.6418936252593994,16.890975952148438,0.375037282705307,0.035390455275774,0.7355616092681885,-0.014814507216215134,-0.9505799412727356,0.3058088719844818,0.5920239686965942,22.054336547851562,0.3626292049884796,0.8957520127296448,11.655070304870605,15.731192588806152,0.9565922617912292,-5.2763471603393555,-2.8824381828308105,-1.1020907163619995,8.311728477478027,0.026995334774255753,-0.006234625354409218,0.2312394380569458,6.282722473144531,3.225806474685669,0.13833332061767578,0.08801829814910889,0.12857142090797424,0.13452865183353424,-26.11823081970215,ok
1003_t0010_s014,1003,7,4.2656916514320535,4.26569165143215,25.374040603637695,0.2704435884952545,22.089397430419922,23.201190948486328,27.604013442993164,5.514616012573242,1334.9581298828125,1691.2188720703125,267.9299621582031,250.57957458496094,0.8759062886238098,0.4429346024990082,0.5455303192138672,0.8255696296691895,1.1454930305480957,0.5999627113342285,9.864885330200195,4.462423324584961,7.72153902053833,3.0473408699035645,0.28528690338134766,0.604049026966095,13.694849967956543,1.2225894927978516,1.8246746063232422,6.232710361480713,8.714982032775879,1.1584503650665283,-8.27936840057373,-1.345969319343567,0.018650103360414505,1.6689331531524658,1.048912763595581,0.6502612829208374,2.2722935676574707,1.2935209274291992,7.134767532348633,0.673220694065094,15.674399375915527,0.5899760723114014,705.3488159179688,0.40147876739501953,1198.285400390625,0.19006691873073578,-61.53427505493164,-1.3595356941223145,1660.7655029296875,0.1907513290643692,1051.8978271484375,0.5398052930831909,-58.3411865234375,-1.3800688982009888,2672.92578125,0.12238102406263351,781.6851196289062,0.5149632096290588,-61.843265533447266,-1.2677478790283203,-5.677525997161865,-1.2254436016082764,13.440789222717285,0.5460048317909241,0.026189953088760376,0.6797956228256226,-0.012620211578905582,-1.031875491142273,0.3266296982765198,0.5493174195289612,19.75696563720703,0.5693537592887878,-2.606966733932495,-3.483555793762207,7.4302754402160645,1.3233786821365356,-7.581669807434082,-1.3391603231430054,-0.5339751243591309,6.813382625579834,0.016757050529122353,-0.009358858689665794,0.19386860728263855,4.294478416442871,3.846153974533081,0.17999999225139618,0.1336662471294403,0.07400000095367432,0.02416609227657318,-25.390783309936523,ok
1003_t0010_s015,1003,14,2.744021952175617,3.455083909180673,24.743520736694336,0.18918326497077942,20.14280128479004,24.9490966796875,29.620752334594727,9.477951049804688,406.8114013671875,612.9893188476562,40.24602508544922,29.425825119018555,0.515168309211731,0.7368133664131165,0.18169738352298737,0.3724577724933624,0.8424205780029297,0.6607232093811035,7.196445465087891,3.9755702018737793,5.6264567375183105,4.78843879699707,0.14684274792671204,0.9435308575630188,7.961233139038086,1.5294172763824463,7.264573574066162,1.3707046508789062,21.454862594604492,0.7188016176223755,-3.760287284851074,-2.8355801105499268,0.015447772108018398,0.8450955152511597,0.9776451587677002,0.731217086315155,3.8171024322509766,0.6240121126174927,2.882108688354492,4.4821672439575195,12.956043243408203,1.5344130992889404,523.8001098632812,0.40048152208328247,1198.526611328125,0.13571754097938538,-130.29067993164062,-0.707106351852417,1614.7679443359375,0.13911136984825134,832.3695678710938,0.47270166873931885,-133.64654541015625,-0.6443471908569336,2575.47412109375,0.08477560430765152,974.7413940429688,0.3699202835559845,-132.1153106689453,-0.6662759780883789,-7.557025909423828,-0.7211544513702393,13.428729057312012,0.45830658078193665,0.029389316216111183,0.7011736631393433,-0.01909344270825386,-0.7304235696792603,0.24705667793750763,0.49786826968193054,16.573230743408203,0.5192043781280518,7.820518493652344,1.3826159238815308,28.421985626220703,0.6446614861488342,-5.709591865539551,-2.307513475418091,-1.6472898721694946,7.63543176651001,0.007997500710189342,0.0020953002385795116,0.09323082119226456,3.143418550491333,2.1868789196014404,0.15545454621315002,0.12815923988819122,0.3109999895095825,0.23175202310085297,-28.987468719482422,ok
1003_t0010_s016,1003,49,4.387535816618912,4.7814207650273195,23.03358268737793,0.14477302134037018,20.932994842529297,22.649682998657227,25.690963745117188,4.757968902587891,315.1041259765625,499.10369873046875,52.792057037353516,59.88544464111328,0.6418710350990295,0.6043140292167664,0.2778471112251282,0.5862445831298828,0.9362810254096985,0.6584339141845703,8.627192497253418,4.670097827911377,6.082376003265381,3.6089680194854736,0.20087164640426636,0.7519489526748657,12.871767044067383,1.061699390411377,6.51779317855835,1.671154260635376,19.553266525268555,0.7098060846328735,-0.9270949363708496,-14.319622039794922,0.016201389953494072,0.8206356167793274,1.154625415802002,0.7606108784675598,3.3823611736297607,0.6423283219337463,4.5660810470581055,3.2638328075408936,18.157377243041992,0.8049958348274231,625.2757568359375,0.4334050416946411,1223.5845947265625,0.17867034673690796,-103.77093505859375,-0.9094539880752563,1666.131591796875,0.17035934329032898,879.3821411132812,0.31395992636680603,-105.73735046386719,-0.8589153289794922,2685.27783203125,0.11156277358531952,907.20068359375,0.3701064884662628,-106.72346496582031,-0.841381311416626,-9.211323738098145,-0.6575201153755188,16.946971893310547,0.4346299469470978,0.02204042300581932,1.1362080574035645,-0.010863137431442738,-1.467257022857666,0.24002240598201752,0.5694942474365234,20.919235229492188,0.3819335997104645,5.013055801391602,2.0629467964172363,22.579513549804688,0.6709702610969543,-0.32466357946395874,-50.41450119018555,-2.5531370639801025,9.085577011108398,0.00899871438741684,-0.0011866693384945393,0.16321401298046112,3.7668163776397705,2.5225226879119873,0.18892855942249298,0.15917956829071045,0.18068964779376984,0.16053642332553864,-27.212291717529297,ok
1003_t0010_s017,1003,7,6.134969325153374,6.134969325153575,23.369890213012695,0.09191994369029999,20.557586669921875,23.631771087646484,25.664600372314453,5.107013702392578,44.59379196166992,31.529155731201172,38.206809997558594,9.190982818603516,0.8387454152107239,0.45603513717651367,0.43228965997695923,0.8330231308937073,1.2044504880905151,0.7721608281135559,13.519984245300293,7.117416858673096,11.443830490112305,4.051747798919678,0.30895882844924927,0.48083555698394775,6.728355407714844,2.639995574951172,5.381632328033447,1.8409372568130493,25.43718719482422,0.5640345215797424,1.616871953010559,10.369516372680664,0.027134226635098457,0.539423942565918,1.6160991191864014,0.5768163800239563,3.140453815460205,0.5511353015899658,11.637273788452148,0.6332516670227051,20.501083374023438,0.3889729976654053,682.7063598632812,0.44552263617515564,1262.6268310546875,0.23521240055561066,-125.34254455566406,-0.6951273679733276,1757.0885009765625,0.1863856315612793,823.0795288085938,0.3506885766983032,-125.40247344970703,-0.6742203831672668,2794.50439453125,0.12069912999868393,1008.9415283203125,0.5015617609024048,-124.69474029541016,-0.6855623126029968,-9.664519309997559,-0.6108689904212952,16.55665397644043,0.4015723168849945,0.01887383870780468,0.9588677883148193,-0.006153977941721678,-2.4423487186431885,0.35352951288223267,0.43234366178512573,18.363107681274414,0.31342408061027527,4.695000171661377,1.7721621990203857,32.36512756347656,0.46946874260902405,5.099109649658203,4.093563079833984,3.3934571743011475,2.3086276054382324,0.014030619524419308,0.00017298590682912618,0.29691261053085327,6.194690227508545,3.7037038803100586,0.09999999403953552,0.009999999776482582,0.14749999344348907,0.08785641193389893,-25.455211639404297,ok
1003_t0010_s018,1003,20,5.982650314089142,5.98265031408911,23.77879524230957,0.18362173438072205,20.605958938598633,23.216981887817383,26.075716018676758,5.469757080078125,144.31446838378906,133.39845275878906,23.47018814086914,20.45332908630371,0.7339589595794678,0.5484004616737366,0.36234837770462036,0.6429605484008789,1.092763066291809,0.7304146885871887,7.790767192840576,3.678361177444458,6.930388927459717,2.294555187225342,0.2291676551103592,0.6050686836242676,12.459527015686035,1.0778716802597046,1.6583876609802246,6.11871337890625,18.539264678955078,0.8493961095809937,-1.8831366300582886,-5.607436180114746,0.02994699403643608,1.7448911666870117,1.310937762260437,0.7260674238204956,2.5454232692718506,1.075018048286438,9.177188873291016,0.6558738946914673,15.969568252563477,0.6134536862373352,645.5546264648438,0.43561792373657227,1200.656005859375,0.15852554142475128,-114.90632629394531,-0.8015377521514893,1630.69140625,0.14899605512619019,886.1138305664062,0.420648455619812,-114.61430358886719,-0.795630693435669,2672.8359375,0.09503982961177826,875.7655029296875,0.3078623116016388,-115.32575225830078,-0.7830007672309875,-4.974460124969482,-1.2719035148620605,13.423117637634277,0.5761430859565735,0.021753201261162758,0.7425703406333923,-0.011608206667006016,-1.3044871091842651,0.284980833530426,0.39363282918930054,18.357398986816406,0.47703632712364197,-0.9445245265960693,-10.045023918151855,24.33872413635254,0.6943961381912231,-4.754284381866455,-2.5326426029205322,-1.588940978050232,9.151344299316406,0.012182610109448433,0.00044895883183926344,0.18827638030052185,4.804804801940918,3.0674846172332764,0.13600000739097595,0.087886281311512,0.18888889253139496,0.1755274087190628,-26.515422821044922,ok
1003_t0010_s019,1003,6,6.810442678774121,6.8104426787738985,19.331266403198242,0.06061859428882599,18.778955459594727,19.11171531677246,20.274799346923828,1.4958438873291016,119.57884979248047,116.87779235839844,43.15261459350586,30.20741844177246,0.3565807342529297,0.3403158187866211,0.22160175442695618,0.3771847188472748,0.4718419909477234,0.2502402365207672,4.685548305511475,1.4004955291748047,3.3082923889160156,1.7529079914093018,0.11743909120559692,0.46496209502220154,9.792831420898438,0.7699677348136902,15.188344955444336,0.5095691084861755,32.09577178955078,0.3925733268260956,3.4149582386016846,2.414874315261841,0.022886646911501884,0.8533941507339478,1.1221050024032593,0.6195441484451294,2.760312557220459,0.45479822158813477,1.9852014780044556,0.5131732821464539,19.634748458862305,0.2946471571922302,466.0438537597656,0.410404771566391,1198.0848388671875,0.11384125798940659,-122.26119232177734,-0.7627089619636536,1586.7437744140625,0.09848296642303467,874.5941772460938,0.4922887086868286,-129.17449951171875,-0.6538691520690918,2532.238037109375,0.08374449610710144,840.346923828125,0.15074990689754486,-126.47105407714844,-0.6927295923233032,-13.384786605834961,-0.26346084475517273,17.682937622070312,0.26754340529441833,0.011466963216662407,1.544041633605957,-0.004648130387067795,-2.1454269886016846,0.1202249675989151,0.3058184087276459,14.243753433227539,0.2507001757621765,20.64045524597168,0.17430077493190765,40.10138702392578,0.19502151012420654,5.405885219573975,1.069139838218689,-6.794377326965332,12.426179885864258,0.010828775353729725,0.0016564307734370232,0.12765255570411682,8.045976638793945,3.658536672592163,0.09666667133569717,0.05557777360081673,0.15666666626930237,0.12119771540164948,-34.39133071899414,ok
1003_t0011_s001,1003,1,20.0,,,,,,,,,,,,,,,,,,,,,,,,,,,,,,,,,,,,,,,,,,,,,,,,,,,,,,,,,,,,,,,,,,,,,,,,,,,,,,,,,,,,,,,,,,too_short
1003_t0011_s002,1003,11,4.952723998199009,5.442850074220673,23.128986358642578,0.09587597846984863,21.251970291137695,22.0598087310791,25.672687530517578,4.420717239379883,22.697755813598633,18.58871078491211,23.63454818725586,12.95048999786377,0.5683879256248474,0.6342644691467285,0.21782714128494263,0.4580439031124115,0.9382736086845398,0.7204464673995972,7.731606483459473,3.1578807830810547,6.954951286315918,2.5792076587677,0.18267221748828888,0.815483570098877,18.078853607177734,0.5998393297195435,-3.824230670928955,-2.686140298843384,9.025832176208496,1.0486173629760742,-1.8409414291381836,-8.98119831085205,0.011729530058801174,0.8321402072906494,1.0360722541809082,0.8366569876670837,2.699023485183716,0.843379557132721,-1.0319914817810059,-3.7390689849853516,17.368553161621094,0.382943719625473,936.2634887695312,0.19021740555763245,1138.682861328125,0.1699080765247345,-143.957275390625,-0.6005604863166809,1895.873046875,0.11869441717863083,1014.2705688476562,0.25580108165740967,-143.74391174316406,-0.6031275987625122,2909.28466796875,0.08869684487581253,971.3446044921875,0.7886750102043152,-146.23963928222656,-0.5663426518440247,-6.115080833435059,-1.2376914024353027,15.676717758178711,0.3653125464916229,0.035503506660461426,0.5631238222122192,-0.00435135792940855,-4.885913372039795,0.2800225019454956,0.5294430255889893,24.733421325683594,0.2777389585971832,-6.707840919494629,-2.0346686840057373,10.201473236083984,1.097655177116394,-4.5090131759643555,-4.3120808601379395,-2.874821424484253,11.394248962402344,0.0341821163892746,0.008405359461903572,0.14920076727867126,4.0723981857299805,1.8518519401550293,0.14499999582767487,0.06576473265886307,0.2979999780654907,0.2466900795698166,-28.834638595581055,ok
1003_t0012_s001,1003,25,5.016051364365971,5.016051364365991,29.297353744506836,0.31627964973449707,23.852188110351562,26.460712432861328,32.19854736328125,8.346359252929688,786.7069091796875,1299.4161376953125,74.22533416748047,69.51057434082031,0.6681090593338013,0.5068559050559998,0.36862316727638245,0.5624348521232605,0.9954493045806885,0.6268261671066284,6.871881008148193,4.112925052642822,3.5038764476776123,1.9688118696212769,0.23015981912612915,0.8204121589660645,7.12901496887207,2.485646963119507,3.3079960346221924,2.556957721710205,22.054716110229492,0.6387219429016113,-12.413064002990723,-1.0215314626693726,0.01795034296810627,0.810006320476532,1.1901878118515015,0.6194208860397339,3.9330592155456543,0.7191541194915771,2.984494686126709,2.1785221099853516,15.006595611572266,0.9808067083358765,833.1471557617188,0.3294162154197693,1121.720947265625,0.3195285201072693,-113.6153564453125,-0.8062674403190613,1823.0877685546875,0.17303615808486938,1009.2088623046875,0.4371298849582672,-110.37226867675781,-0.8093438148498535,2818.177001953125,0.10079420357942581,814.6849365234375,0.3488958775997162,-109.80065155029297,-0.81499844789505,-4.586973667144775,-1.9760524034500122,12.44028377532959,0.8964033722877502,0.04217357560992241,0.42803406715393066,0.0020237108692526817,7.700526714324951,0.21565628051757812,0.7725273966789246,15.993300437927246,0.8820980191230774,2.929399013519287,3.4253628253936768,19.74376106262207,0.875718891620636,-10.15911865234375,-1.123284935951233,5.581157207489014,-0.6533387303352356,0.03458988666534424,0.015024497173726559,0.24424409866333008,3.8229377269744873,4.073319911956787,0.10599999874830246,0.0841665044426918,0.12631578743457794,0.07767749577760696,-27.676118850708008,ok
1003_t0012_s002,1003,9,5.9171597633136095,5.917159763313551,29.057764053344727,0.33729904890060425,23.327980041503906,25.954187393188477,30.791492462158203,7.463512420654297,1321.5076904296875,1636.942626953125,141.09555053710938,103.57467651367188,0.5642629265785217,0.512165367603302,0.32251206040382385,0.4986508786678314,0.7675867080688477,0.4450746476650238,7.791229724884033,5.833876132965088,7.691619396209717,3.774724245071411,0.19865871965885162,0.7925678491592407,14.254210472106934,1.1701844930648804,1.5642361640930176,6.04472541809082,18.258148193359375,0.6833040118217468,-16.253324508666992,-0.7689202427864075,0.025208735838532448,0.8826908469200134,1.3752168416976929,0.6787590980529785,3.1197638511657715,0.685723602771759,1.470787525177002,3.061818838119507,15.502799987792969,0.9926038980484009,715.0952758789062,0.41327211260795593,1226.990234375,0.2721743881702423,-95.69512939453125,-0.9368987679481506,1720.5628662109375,0.17251311242580414,975.69482421875,0.20883715152740479,-90.46186828613281,-0.95301353931427,2762.181640625,0.10504022985696793,890.20703125,0.38796964287757874,-89.94723510742188,-0.9491685628890991,-4.663166522979736,-2.175941228866577,12.012909889221191,1.0672962665557861,0.0437997430562973,0.3950926661491394,-0.0028429075609892607,-4.103580951690674,0.22828538715839386,0.7750481963157654,18.455577850341797,0.8516169190406799,1.2302353382110596,7.32539701461792,16.676546096801758,0.7968397736549377,-16.852489471435547,-0.769446074962616,-0.4223993718624115,6.1859588623046875,0.030108079314231873,0.0020707896910607815,0.17330613732337952,4.635761737823486,6.206896781921387,0.0833333283662796,0.05792715772986412,0.08500000089406967,0.018027756363153458,-29.57874298095703,ok
1003_t0012_s003,1003,27,5.2713783678250685,5.730050933786061,27.050933837890625,0.10824491828680038,24.762168884277344,26.779510498046875,29.269216537475586,4.507047653198242,89.76985931396484,135.59335327148438,25.71821403503418,16.240476608276367,0.5194124579429626,0.5144613981246948,0.2830704152584076,0.4947468340396881,0.7161538600921631,0.4330834448337555,6.714227676391602,3.630272388458252,4.917407035827637,3.414827346801758,0.14781054854393005,0.6866621971130371,15.321666717529297,0.9412738084793091,2.5638370513916016,3.8615291118621826,19.31525230407715,0.7315059304237366,-10.944494247436523,-1.2243282794952393,0.017168745398521423,1.0014641284942627,1.0157052278518677,0.7643356919288635,4.775856018066406,0.4367714822292328,1.3054307699203491,3.7480576038360596,19.932861328125,0.3875636160373688,795.746337890625,0.2900101840496063,1196.5511474609375,0.2206369787454605,-94.8950424194336,-0.9903016686439514,1830.3424072265625,0.14219766855239868,933.4680786132812,0.3375815749168396,-96.42861938476562,-0.9333438873291016,2822.405029296875,0.08816041797399521,787.9146728515625,0.3143695592880249,-97.62803649902344,-0.9091458916664124,-8.954000473022461,-0.7276386618614197,17.209306716918945,0.4500904083251953,0.05151018500328064,0.32212400436401367,-0.006551987491548061,-2.775621175765991,0.1787223368883133,0.5225393176078796,23.908185958862305,0.37159889936447144,1.696805715560913,6.497836112976074,17.038164138793945,0.9072627425193787,-12.55989933013916,-1.1042134761810303,-0.0719815120100975,5.859701156616211,0.028161562979221344,0.009566598571836948,0.11235248297452927,3.7181999683380127,2.5691699981689453,0.20538461208343506,0.21752507984638214,0.16384615004062653,0.19460169970989227,-30.068286895751953,ok
1003_t0012_s004,1003,22,4.739336492890995,6.228765571913938,31.69071388244629,0.2560286819934845,25.103979110717773,30.031213760375977,35.1368293762207,10.03285026550293,219.77134704589844,308.7763977050781,312.95166015625,319.7625427246094,0.5704832673072815,0.7586132287979126,0.16041138768196106,0.4821310043334961,0.8928505182266235,0.7324391603469849,7.044386863708496,3.0431981086730957,7.399409294128418,3.757418394088745,0.18332448601722717,0.9797835946083069,8.333640098571777,1.6579577922821045,0.808563768863678,12.754439353942871,23.266834259033203,0.548974871635437,-5.065001487731934,-2.061579465866089,0.02605833299458027,0.8686707615852356,1.3517682552337646,0.8340187668800354,4.10659646987915,0.7311988472938538,6.29479455947876,1.168865442276001,14.194446563720703,0.9459652304649353,788.5562133789062,0.3435349762439728,1128.8006591796875,0.2849079966545105,-127.11170959472656,-0.7034868597984314,1806.104736328125,0.1568099558353424,922.7958984375,0.29929038882255554,-121.03416442871094,-0.7257384657859802,2800.9775390625,0.09634262323379517,853.1898803710938,0.3085435628890991,-120.84861755371094,-0.7278657555580139,-4.060026168823242,-2.419861078262329,11.240800857543945,1.0270535945892334,0.04747708514332771,0.38724011182785034,0.001608602935448289,9.878061294555664,0.26581960916519165,0.6308701038360596,15.605860710144043,0.8811275362968445,-0.8912970423698425,-13.9346284866333,21.695743560791016,0.7586449980735779,-8.962565422058105,-1.219956636428833,0.4706214964389801,5.44014835357666,0.01995663158595562,0.017423275858163834,0.12478923797607422,3.455723524093628,3.9387311935424805,0.09611110389232635,0.10894131660461426,0.17571428418159485,0.33444443345069885,-28.174360275268555,ok
1003_t0012_s005,1003,15,9.030704394942806,9.030704394942799,29.725265502929688,0.2958099842071533,25.380266189575195,26.62484359741211,32.92228317260742,7.542016983032227,10.02396011352539,32.47527313232422,372.05145263671875,0.0,0.6418710947036743,0.41580891609191895,0.36386358737945557,0.6615831255912781,0.9141315817832947,0.5502679944038391,7.0322160720825195,2.5539474487304688,6.7975263595581055,3.1590018272399902,0.20658373832702637,0.6138819456100464,8.758872032165527,1.6404438018798828,-0.1652110069990158,-48.32608413696289,22.464868545532227,0.533411979675293,-12.387794494628906,-1.0510109663009644,0.017700906842947006,0.7372981905937195,1.1896053552627563,0.6362782120704651,3.597879648208618,0.7655507326126099,4.271176338195801,1.6762051582336426,13.391173362731934,1.2272816896438599,898.79931640625,0.28221970796585083,982.1211547851562,0.2700280547142029,-100.3578872680664,-0.9008404016494751,1862.141357421875,0.13350747525691986,980.7561645507812,0.3270874619483948,-95.89012908935547,-0.9093805551528931,2896.840087890625,0.07941670715808868,817.58544921875,0.3352576196193695,-95.99716186523438,-0.9049336314201355,-1.8819019794464111,-4.33087158203125,9.753189086914062,1.2071412801742554,0.04698151350021362,0.3804876506328583,0.0059495242312550545,2.4497363567352295,0.20738720893859863,0.4013046622276306,14.804394721984863,0.8799709677696228,-2.957314968109131,-2.8936526775360107,20.204545974731445,0.6842660307884216,-13.805815696716309,-0.9813014268875122,4.045036792755127,1.2394134998321533,0.027762990444898605,0.012591077946126461,0.2104000747203827,6.6666669845581055,5.660377502441406,0.0855555534362793,0.0661834329366684,0.07874999940395355,0.032185982912778854,-29.018672943115234,ok
1003_t0012_s006,1003,28,3.867403314917127,5.147058823529403,30.907896041870117,0.17656289041042328,28.360881805419922,29.695987701416016,31.941335678100586,3.580453872680664,79.19572448730469,69.9500503540039,-24.032726287841797,55.36758041381836,0.5763882994651794,0.7556451559066772,0.14868131279945374,0.49836859107017517,0.9559719562530518,0.8072906732559204,8.153955459594727,4.132233142852783,7.359845161437988,3.46114182472229,0.1837741583585739,0.9912996292114258,9.650979995727539,1.2364057302474976,3.8052444458007812,2.047837734222412,19.54595184326172,0.6041659712791443,-8.692168235778809,-1.3868480920791626,0.01799274981021881,1.174332618713379,1.0684716701507568,0.7058266997337341,5.181650161743164,0.5447460412979126,4.517941951751709,2.5513916015625,15.612693786621094,0.8118560314178467,838.5712890625,0.3126741647720337,1098.7733154296875,0.25417274236679077,-125.56869506835938,-0.7197362184524536,1855.8160400390625,0.14982114732265472,1004.0111694335938,0.3267921805381775,-122.81968688964844,-0.723931610584259,2835.720458984375,0.09346997737884521,797.8179321289062,0.3940800130367279,-122.64015197753906,-0.7253988981246948,-5.6397786140441895,-1.6033905744552612,12.803583145141602,0.810613751411438,0.054927583783864975,0.31700384616851807,-0.0003344436117913574,-46.0474739074707,0.27784812450408936,0.6068952679634094,15.632706642150879,0.7803861498832703,2.209566354751587,4.450861930847168,18.99637794494629,0.7543959617614746,-12.452089309692383,-1.049129843711853,-2.1240499019622803,8.543848991394043,0.028574097901582718,0.013305529952049255,0.11953769624233246,3.4578146934509277,2.3676881790161133,0.16588234901428223,0.11626839637756348,0.22277778387069702,0.32825812697410583,-27.989450454711914,ok
1003_t0012_s007,1003,21,3.830020062009849,4.9964311206281184,30.316238403320312,0.28203555941581726,25.438058853149414,28.872333526611328,32.25548553466797,6.817426681518555,701.3035888671875,1193.1304931640625,80.22796630859375,72.22454071044922,0.5776594281196594,0.7810310125350952,0.16490373015403748,0.4364352524280548,0.9818976521492004,0.8169939517974854,9.932188987731934,6.24887228012085,7.719903945922852,4.815611839294434,0.19401203095912933,0.9833833575248718,10.827859878540039,1.1412442922592163,2.418280839920044,3.5421299934387207,17.379697799682617,0.6099223494529724,-15.393115043640137,-0.9501055479049683,0.01834334433078766,0.9933186173439026,1.1367073059082031,0.7434895634651184,4.040821552276611,0.5656273365020752,1.598315715789795,3.494283437728882,11.878332138061523,1.1684619188308716,812.7929077148438,0.3278310298919678,1156.457275390625,0.23128056526184082,-130.40625,-0.684289813041687,1859.074462890625,0.17469163239002228,915.1846923828125,0.3993268609046936,-126.8116455078125,-0.6906523108482361,2827.2099609375,0.09789267927408218,805.995849609375,0.3309458792209625,-125.9376220703125,-0.7051138877868652,-4.956277847290039,-1.766023874282837,10.85333251953125,1.0133273601531982,0.0477813221514225,0.39701250195503235,-0.00743330642580986,-2.4023077487945557,0.3082728683948517,0.58583003282547,16.952190399169922,0.737163245677948,-0.0694717988371849,-141.92416381835938,17.890262603759766,0.6428797245025635,-22.103172302246094,-0.718876838684082,-1.79184889793396,7.562541961669922,0.022944802418351173,0.009540858678519726,0.1249840259552002,3.107861280441284,3.327172040939331,0.1066666692495346,0.06191391497850418,0.19437499344348907,0.4020878076553345,-27.776199340820312,ok
1003_t0012_s008,1003,1,20.0,,,,,,,,,,,,,,,,,,,,,,,,,,,,,,,,,,,,,,,,,,,,,,,,,,,,,,,,,,,,,,,,,,,,,,,,,,,,,,,,,,,,,,,,,,too_short
1003_t0013_s001,1003,1,4.545454545454546,,,,,,,,,,,,,,,,,,,,,,,,,,,,,,,,,,,,,,,,,,,,,,,,,,,,,,,,,,,,,,,,,,,,,,,,,,,,,,,,,,,,,,,,,,too_short
1003_t0013_s002,1003,28,3.5618878005342833,4.261147466139065,30.965747833251953,0.2654452621936798,26.242568969726562,29.17987632751465,32.212833404541016,5.970264434814453,144.8397979736328,93.24343872070312,214.5143585205078,273.4446716308594,0.6565585732460022,0.6967246532440186,0.27889618277549744,0.5120437145233154,1.1106033325195312,0.8317071199417114,9.760188102722168,3.678206443786621,8.381316184997559,5.438323974609375,0.2176637053489685,0.9395312666893005,8.7022066116333,1.3896276950836182,0.5275347232818604,13.579941749572754,19.657987594604492,0.5674175024032593,-10.64413070678711,-1.248989462852478,0.023660933598876,1.6432777643203735,1.1833053827285767,0.7296414971351624,3.4355547428131104,0.8242380619049072,0.4396205246448517,17.828857421875,10.43713092803955,1.3340461254119873,827.3539428710938,0.34064316749572754,1076.4986572265625,0.36027011275291443,-127.74533081054688,-0.7101752758026123,1877.0899658203125,0.15913869440555573,972.9625854492188,0.4078858196735382,-123.72355651855469,-0.7211999297142029,2817.138916015625,0.09755536913871765,859.0177001953125,0.4447445571422577,-121.89013671875,-0.7490947246551514,-3.4160854816436768,-2.628697156906128,8.96837043762207,1.1744792461395264,0.05461305007338524,0.36186090111732483,-0.009264040738344193,-1.871599793434143,0.34628060460090637,0.5297957062721252,13.50556755065918,0.9771963357925415,-0.7075556516647339,-12.52865982055664,20.161718368530273,0.6698062419891357,-16.797496795654297,-0.8603519201278687,-1.0667144060134888,7.680899143218994,0.023582404479384422,0.006859574932605028,0.13251836597919464,3.5668790340423584,2.8205130100250244,0.13363635540008545,0.08777789026498795,0.23105262219905853,0.3552300035953522,-27.199857711791992,ok
1003_t0013_s003,1003,3,1.1106997408367272,1.1106997408367416,50.43242263793945,0.1545100063085556,44.77421188354492,51.092323303222656,55.75867462158203,10.98446273803711,279.2100524902344,204.05694580078125,71.1471939086914,59.85487747192383,1.9159764051437378,0.15197569131851196,1.6071423292160034,1.9735698699951172,2.171684980392456,0.5645426511764526,4.944257736206055,3.1503796577453613,4.064284324645996,2.7032268047332764,0.7773271799087524,0.27359890937805176,-2.1385626792907715,-1.9977577924728394,-27.767330169677734,-0.22719703614711761,-13.295727729797363,-0.4282550811767578,-18.963407516479492,-0.33339715003967285,0.03662601858377457,0.8026178479194641,1.549778699874878,0.3474141061306,0.9229992032051086,3.1776793003082275,4.929327964782715,2.6269876956939697,10.125880241394043,0.9122608304023743,1006.141845703125,0.20578698813915253,1142.9764404296875,0.17188604176044464,-156.89642333984375,-0.5162362456321716,1932.594482421875,0.08854294568300247,1169.44091796875,0.17594732344150543,-134.1048583984375,-0.6562578082084656,2817.17822265625,0.06359945237636566,982.5704345703125,0.2488703429698944,-135.0948028564453,-0.6417537927627563,3.045780658721924,1.1828923225402832,11.29218578338623,0.4121478497982025,0.060057271271944046,0.17701277136802673,-0.0037801999133080244,-1.8895667791366577,0.8235836625099182,0.2488299459218979,-0.16877341270446777,-31.61258888244629,-27.42072868347168,-0.2646526098251343,-14.98559856414795,-0.41911017894744873,-21.895553588867188,-0.2599274814128876,4.693788051605225,4.757421016693115,0.0646245926618576,0.0011160203721374273,0.7672041654586792,5.576208114624023,3.802281618118286,0.07800000160932541,0.05895761400461197,0.20624999701976776,0.3452150523662567,-19.663728713989258,ok
1003_t0014_s001,1003,9,2.8028651510432887,2.9693170570769154,26.431711196899414,0.16179679334163666,21.443992614746094,29.221906661987305,30.22183609008789,8.777843475341797,27.380617141723633,8.92696475982666,31.071258544921875,11.016789436340332,0.5911949276924133,0.6320987343788147,0.2955338656902313,0.4918840527534485,0.8634985089302063,0.5679646730422974,5.928501605987549,3.2641992568969727,3.49013352394104,2.670647382736206,0.16604512929916382,0.9605282545089722,7.829272747039795,1.3800934553146362,-7.44386625289917,-1.2537517547607422,9.056381225585938,0.7966126799583435,-1.2782692909240723,-7.6442131996154785,0.015937184914946556,1.0811231136322021,1.4279342889785767,0.7516831755638123,3.7988784313201904,0.6014702916145325,6.968959331512451,1.05452299118042,14.933496475219727,0.5785043835639954,792.6126098632812,0.3689035177230835,1173.6485595703125,0.19381582736968994,-171.6212158203125,-0.3935282826423645,1775.840576171875,0.18374694883823395,1056.9990234375,0.3289266526699066,-170.6729278564453,-0.40042608976364136,2722.745361328125,0.12656250596046448,726.1931762695312,0.20744338631629944,-171.57357788085938,-0.3858706057071686,-5.145296096801758,-1.4200958013534546,13.66834545135498,0.477975457906723,0.04761864244937897,0.2767486870288849,-0.012928330339491367,-1.158160924911499,0.3204527795314789,0.7960337400436401,18.745100021362305,0.34710052609443665,-8.8445405960083,-1.4098172187805176,9.68673038482666,0.8861314654350281,-12.345513343811035,-1.1555607318878174,1.0062562227249146,7.065243721008301,0.024302581325173378,0.009701824747025967,0.14153903722763062,2.500000238418579,1.5873016119003296,0.08399999141693115,0.0372021459043026,0.43666666746139526,0.42070043087005615,-30.235780715942383,ok
1003_t0015_s001,1003,3,5.0,4.999999999999811,34.26371765136719,0.03295886889100075,33.08362579345703,34.26548767089844,35.44761276245117,2.3639869689941406,29.280921936035156,0.0,-17.074453353881836,0.0,0.48890888690948486,0.532730758190155,0.27034497261047363,0.3867800533771515,0.7066870927810669,0.43634212017059326,4.912410736083984,2.554076671600342,1.8806877136230469,3.652588129043579,0.13060037791728973,0.5168319344520569,16.11412811279297,0.6553070545196533,-0.3421419560909271,-31.90200424194336,20.438697814941406,0.8268730640411377,-5.640202045440674,-2.3525397777557373,0.01978018507361412,1.0510510206222534,1.027876377105713,0.5872219800949097,5.983575344085693,0.33886295557022095,4.9777021408081055,1.2642589807510376,12.768950462341309,0.5845824480056763,581.7075805664062,0.30271226167678833,1472.3004150390625,0.1400660127401352,-97.20575714111328,-0.8931319713592529,1602.255615234375,0.12026030570268631,1045.146484375,0.28381913900375366,-88.88372039794922,-0.9364643096923828,2564.999755859375,0.1010843813419342,1184.515380859375,0.38395121693611145,-89.16547393798828,-0.9294050931930542,-3.5932259559631348,-1.0472384691238403,12.338529586791992,0.7947317957878113,0.03750574588775635,0.3740886151790619,-0.003043500706553459,-4.912702560424805,0.15464873611927032,0.3483712375164032,20.28331184387207,0.5167508721351624,-5.730130195617676,-2.0057551860809326,15.177533149719238,1.3166899681091309,-3.3400251865386963,-4.262176990509033,-6.08535099029541,12.061189651489258,0.02221783809363842,-0.002692687790840864,0.08020726591348648,6.779661178588867,5.660377502441406,0.09666667133569717,0.0946337953209877,0.05999999865889549,0.029439203441143036,-32.24552536010742,ok
1003_t0015_s002,1003,1,4.545454545454546,,,,,,,,,,,,,,,,,,,,,,,,,,,,,,,,,,,,,,,,,,,,,,,,,,,,,,,,,,,,,,,,,,,,,,,,,,,,,,,,,,,,,,,,,,too_short
1003_t0015_s003,1003,13,3.651685393258427,3.6516853932584246,34.601470947265625,0.07100892812013626,32.84578323364258,33.78972625732422,37.01121139526367,4.165428161621094,56.15399169921875,43.487056732177734,36.199302673339844,47.26667022705078,0.7158722877502441,0.548607587814331,0.3634536862373352,0.6401233077049255,1.0031496286392212,0.639695942401886,8.144872665405273,2.416198968887329,6.122745990753174,3.110813856124878,0.19210760295391083,0.8152361512184143,10.53780460357666,1.299641489982605,0.5373523831367493,29.76961326599121,7.467965126037598,1.9355915784835815,-11.256319999694824,-1.1767113208770752,0.014602700248360634,1.3742148876190186,0.9236195683479309,0.6255915760993958,7.1414713859558105,0.4097435772418976,0.26715224981307983,36.787086486816406,13.94434928894043,0.769441545009613,583.2340087890625,0.4619500935077667,1321.8726806640625,0.18724747002124786,-89.46365356445312,-1.0652368068695068,1602.3587646484375,0.1522989720106125,1008.2583618164062,0.305564284324646,-82.72311401367188,-1.0915635824203491,2614.3828125,0.0960378348827362,926.0286254882812,0.2520298957824707,-84.68375396728516,-1.0494439601898193,-7.188432216644287,-0.7611249685287476,14.919554710388184,0.4374360144138336,0.05159628018736839,0.298786461353302,-0.015228047966957092,-0.7625117897987366,0.23804302513599396,0.7377599477767944,17.28316879272461,0.37207093834877014,-4.693395614624023,-3.294994592666626,11.692407608032227,1.3058409690856934,-16.564998626708984,-0.7967595458030701,-0.6570453643798828,6.021864891052246,0.034972626715898514,-0.00740160932764411,0.12441276013851166,3.6619718074798584,2.0,0.2985714375972748,0.2586463987827301,0.18142856657505035,0.09046365320682526,-26.906455993652344,ok
1003_t0015_s004,1003,58,4.367141028537008,4.450924717980199,34.537593841552734,0.08159063011407852,32.671241760253906,34.61029815673828,36.39482116699219,3.7235794067382812,162.92626953125,160.25917053222656,17.806583404541016,14.46910572052002,0.6889517903327942,0.5238699316978455,0.3546786308288574,0.63836669921875,0.9708324074745178,0.6161537766456604,9.207842826843262,4.719376087188721,7.261005878448486,3.711759328842163,0.2109549343585968,0.7499985694885254,8.318995475769043,1.7638907432556152,1.5587924718856812,9.661799430847168,5.716292381286621,2.893990993499756,-9.656322479248047,-1.4097018241882324,0.015778159722685814,1.1048482656478882,1.0931193828582764,0.7572132349014282,5.834789752960205,0.6023045182228088,-0.18829390406608582,-52.99138259887695,12.174697875976562,0.7847906351089478,658.5778198242188,0.4167574942111969,1417.498779296875,0.2144576758146286,-115.84705352783203,-0.7974600791931152,1657.4925537109375,0.17611944675445557,1048.9547119140625,0.28939342498779297,-106.41646575927734,-0.8509010076522827,2677.304931640625,0.10574905574321747,1066.438720703125,0.40385138988494873,-108.23383331298828,-0.8194116353988647,-4.362199306488037,-1.163295865058899,13.188665390014648,0.556013286113739,0.04722943529486656,0.399436354637146,-0.008806818164885044,-1.4510747194290161,0.2866083085536957,0.6055718064308167,15.547102928161621,0.5857130885124207,-4.336626052856445,-3.037031412124634,4.8058342933654785,3.7993648052215576,-16.011367797851562,-0.8961804509162903,0.7592993378639221,5.325307846069336,0.025489168241620064,-0.000351408205460757,0.13924337923526764,4.521477222442627,3.3282907009124756,0.13818182051181793,0.09093635529279709,0.1388888955116272,0.13806958496570587,-27.39226722717285,ok
1003_t0015_s005,1003,11,5.729166666666667,5.729166666666789,34.58440399169922,0.08985211700201035,31.64188003540039,35.11729049682617,37.09135055541992,5.449470520019531,85.2607650756836,78.400146484375,22.711090087890625,8.604228973388672,0.8128689527511597,0.5733535289764404,0.35265204310417175,0.7021153569221497,1.248354196548462,0.8957021236419678,11.476043701171875,6.711395740509033,9.214912414550781,6.390817642211914,0.28786084055900574,0.7877119779586792,10.094483375549316,1.3072963953018188,1.2095880508422852,13.046455383300781,3.8902909755706787,3.3367693424224854,-16.738162994384766,-0.7809596657752991,0.014841504395008087,0.6093978881835938,0.994285523891449,0.6070731282234192,5.836959362030029,0.3998095691204071,-1.841916799545288,-4.46981143951416,10.700336456298828,0.7838146090507507,606.545166015625,0.4062383770942688,1408.1124267578125,0.23776322603225708,-90.24446105957031,-1.0282301902770996,1696.11474609375,0.1739557534456253,1031.740478515625,0.26051583886146545,-86.04948425292969,-1.0105048418045044,2659.4267578125,0.0866868868470192,1055.657470703125,0.44172224402427673,-86.1468734741211,-1.0064259767532349,-6.42118501663208,-0.9134873151779175,14.157476425170898,0.48690125346183777,0.05261725187301636,0.4006490409374237,-0.018854936584830284,-0.799132227897644,0.34986892342567444,0.7128599882125854,14.831148147583008,0.45566827058792114,-3.64754056930542,-3.9875648021698,4.887510776519775,2.9565932750701904,-20.19133758544922,-0.6821051836013794,-1.4497343301773071,6.859923362731934,0.03190687298774719,-0.011542652733623981,0.2102775275707245,5.759162425994873,3.7634408473968506,0.15142856538295746,0.10287698358297348,0.09428571164608002,0.046860627830028534,-25.05875015258789,ok
1003_t0015_s006,1003,13,3.359173126614987,3.3583053474554543,34.52414321899414,0.07558577507734299,32.99088668823242,33.79676055908203,35.34733963012695,2.3564529418945312,23.611143112182617,15.676366806030273,19.233522415161133,11.065302848815918,0.7160893678665161,0.5207468271255493,0.4192894697189331,0.6266089677810669,0.9672241806983948,0.5479347109794617,9.270777702331543,5.008884906768799,6.110287666320801,3.757110357284546,0.20643381774425507,0.9465625882148743,8.715534210205078,1.6447557210922241,6.416277885437012,2.222315549850464,11.92353343963623,1.346961498260498,-8.030004501342773,-1.5676969289779663,0.01167882140725851,1.024231195449829,0.8578423261642456,0.6742954254150391,7.363363265991211,0.44873321056365967,3.1803808212280273,3.032294273376465,14.588573455810547,0.693246066570282,546.3432006835938,0.4688863456249237,1296.9278564453125,0.17847393453121185,-82.18263244628906,-1.1386836767196655,1608.24609375,0.15558111667633057,909.64453125,0.31939002871513367,-77.55535125732422,-1.0922390222549438,2610.962158203125,0.10480107367038727,1026.672119140625,0.37756696343421936,-77.66134643554688,-1.0899162292480469,-7.280604362487793,-0.8195492029190063,14.474163055419922,0.563282310962677,0.04511121287941933,0.4455862045288086,-0.014059529639780521,-0.6884387731552124,0.24405282735824585,0.8902550935745239,15.265959739685059,0.5996458530426025,2.4259445667266846,5.405154705047607,14.434127807617188,1.2078266143798828,-13.056591987609863,-0.9015068411827087,0.2280639410018921,5.1007561683654785,0.02365918830037117,-1.8701239241636358e-05,0.139947310090065,4.404145240783691,2.6246719360351562,0.2409999966621399,0.18096685409545898,0.10818181931972504,0.06833316385746002,-26.631261825561523,ok
1003_t0016_s001,1003,16,3.477504890241252,3.6109230422026637,23.404678344726562,0.09034574031829834,21.256439208984375,23.63675880432129,25.55762481689453,4.301185607910156,138.9138641357422,136.5095977783203,21.462879180908203,10.001422882080078,0.6657074689865112,0.5663347244262695,0.3048458695411682,0.6184832453727722,0.9886287450790405,0.6837828755378723,8.410477638244629,4.559459686279297,5.787986755371094,3.2925121784210205,0.20624792575836182,0.6888423562049866,11.064177513122559,1.3312548398971558,7.431665897369385,1.5253981351852417,16.124513626098633,0.7675071954727173,-6.436550140380859,-1.4801485538482666,0.017391666769981384,0.8111501932144165,1.1481194496154785,0.6975094079971313,3.334052085876465,0.5948866605758667,8.78689956665039,1.1267062425613403,19.89093017578125,0.438294917345047,551.703125,0.40776222944259644,1242.7646484375,0.22406154870986938,-113.75377655029297,-0.808505654335022,1557.93017578125,0.174857035279274,891.3143920898438,0.2053980678319931,-114.73448944091797,-0.7903777956962585,2584.734619140625,0.1015796810388565,815.159423828125,0.2959677278995514,-117.03295135498047,-0.752649188041687,-8.204411506652832,-0.7175867557525635,16.203601837158203,0.47342050075531006,0.021609056740999222,0.746134877204895,-0.013992623426020145,-0.8554816246032715,0.253690630197525,0.5804336667060852,20.073028564453125,0.3921092748641968,3.3908536434173584,3.1070759296417236,18.439105987548828,0.7709506750106812,-6.68545389175415,-1.720313549041748,-1.8043222427368164,8.199305534362793,0.015445590950548649,-0.007394340354949236,0.17042729258537292,4.793028831481934,3.3185842037200928,0.12466666102409363,0.08413216471672058,0.18076923489570618,0.16986246407032013,-27.586688995361328,ok
1003_t0016_s002,1003,32,2.848495638241054,3.377665188938133,26.623519897460938,0.1429203748703003,23.381881713867188,26.42251968383789,29.98809242248535,6.606210708618164,103.45379638671875,144.83200073242188,62.88194274902344,71.3353042602539,0.6729199886322021,0.6674711108207703,0.21772734820842743,0.6033639907836914,1.0864770412445068,0.8687496781349182,8.136512756347656,3.5601587295532227,6.360213756561279,4.121396064758301,0.21203109622001648,0.841164767742157,11.05661678314209,1.1140923500061035,3.4500505924224854,3.2618517875671387,14.951200485229492,0.9763740301132202,-2.2607507705688477,-4.493139743804932,0.019933810457587242,1.3657761812210083,1.077951192855835,0.7575621604919434,3.5510928630828857,0.6695108413696289,7.365137100219727,0.8754069805145264,16.43868637084961,0.5884262323379517,616.1390380859375,0.41275638341903687,1262.7310791015625,0.15965339541435242,-116.462158203125,-0.800708532333374,1628.826904296875,0.14962060749530792,911.072998046875,0.3251693844795227,-115.9754638671875,-0.7883110642433167,2649.019287109375,0.09984952211380005,903.0238037109375,0.2965003550052643,-116.87886047363281,-0.7733646035194397,-6.51919412612915,-0.970241367816925,14.578961372375488,0.5068155527114868,0.029283788055181503,0.627902090549469,-0.011079992167651653,-1.2861528396606445,0.3110637962818146,0.5225613117218018,18.03864860534668,0.48818716406822205,1.1248350143432617,10.39654541015625,19.02247428894043,0.926751971244812,-4.195797443389893,-2.9835901260375977,-2.132035970687866,9.536983489990234,0.01655174233019352,0.0008969513582997024,0.13389039039611816,3.11942982673645,2.1486122608184814,0.19749999046325684,0.14015616476535797,0.24791665375232697,0.23579613864421844,-26.81245231628418,ok
1003_t0016_s003,1003,15,4.163197335553705,4.16319733555363,29.12141990661621,0.10947565734386444,26.235944747924805,29.036691665649414,31.680002212524414,5.444057464599609,159.51295471191406,196.93821716308594,19.915590286254883,17.994430541992188,0.8555542826652527,0.4287318289279938,0.48104625940322876,0.8689677119255066,1.1515765190124512,0.6705302596092224,10.670578956604004,5.324153423309326,7.090012550354004,3.6471235752105713,0.30079540610313416,0.5557639002799988,7.433493137359619,2.359636068344116,9.294681549072266,1.283864140510559,16.00642204284668,0.8389569520950317,-9.182992935180664,-1.542565941810608,0.02594562992453575,1.4429612159729004,0.9864285588264465,0.643307089805603,4.437911033630371,0.5637035965919495,3.7457237243652344,1.982832670211792,17.287063598632812,0.4750742018222809,560.964599609375,0.4486636817455292,1311.10986328125,0.22991573810577393,-98.68242645263672,-0.9571395516395569,1604.298583984375,0.16996422410011292,907.74267578125,0.3586433529853821,-98.77716827392578,-0.900394082069397,2619.11474609375,0.09341537207365036,925.6669311523438,0.32298827171325684,-99.65811920166016,-0.8840118646621704,-7.753907203674316,-0.8141608834266663,14.47447395324707,0.49660688638687134,0.043723203241825104,0.41010791063308716,-0.01891077123582363,-0.6359632611274719,0.34021711349487305,0.474023699760437,16.64351463317871,0.5610013008117676,5.609487056732178,1.937729001045227,18.553491592407227,0.8207663297653198,-12.846470832824707,-1.1981295347213745,2.7907137870788574,2.58300518989563,0.03242010623216629,-0.004690010566264391,0.2594982385635376,5.013927459716797,2.8248589038848877,0.18299998342990875,0.13394401967525482,0.1509999930858612,0.07449160516262054,-25.18604850769043,ok
1003_t0016_s004,1003,12,3.9447731755424065,4.392386530014593,29.63200569152832,0.11667820811271667,25.98981285095215,30.065038681030273,32.13177490234375,6.141962051391602,166.70753479003906,122.45333099365234,87.2160415649414,69.84893035888672,0.9093156456947327,0.5374166369438171,0.409648060798645,0.8448737263679504,1.4181649684906006,1.0085169076919556,11.274539947509766,5.285898685455322,9.866631507873535,4.3217878341674805,0.3102039396762848,0.6535934805870056,11.271883010864258,1.0646873712539673,-0.45986032485961914,-21.408464431762695,9.601977348327637,1.5362612009048462,-10.905951499938965,-1.1613640785217285,0.022039709612727165,2.128687620162964,1.1829628944396973,0.7505999207496643,3.822371006011963,0.7544942498207092,-0.19038961827754974,-42.3420295715332,12.184342384338379,0.7276809811592102,546.1784057617188,0.37339356541633606,1314.3343505859375,0.18084457516670227,-123.05442810058594,-0.7474431395530701,1557.44140625,0.15261636674404144,964.1338500976562,0.26782914996147156,-114.80569458007812,-0.7941164374351501,2591.28271484375,0.08609452098608017,828.5015258789062,0.2597106397151947,-116.4555892944336,-0.7672103643417358,-5.690008640289307,-1.0257034301757812,14.227374076843262,0.45235711336135864,0.03922406584024429,0.5869370102882385,-0.019841013476252556,-0.5952471494674683,0.43770644068717957,0.3646642565727234,17.94062614440918,0.3902280926704407,-3.590407609939575,-2.676640510559082,9.338909149169922,1.4840514659881592,-15.373723983764648,-0.9078518748283386,-1.8440592288970947,9.017424583435059,0.02609027549624443,-0.010760470293462276,0.21448087692260742,4.29042911529541,3.020134210586548,0.13777777552604675,0.1434323489665985,0.19374999403953552,0.18220438063144684,-24.52364158630371,ok
1003_t0016_s005,1003,34,4.972214097689383,5.248533497993143,28.731300354003906,0.11311528831720352,25.990985870361328,28.596206665039062,31.413631439208984,5.422645568847656,81.90716552734375,97.74671936035156,124.58828735351562,248.08226013183594,0.8374284505844116,0.5006277561187744,0.41471001505851746,0.8179768323898315,1.1971858739852905,0.7824758291244507,11.715307235717773,5.454933166503906,9.168225288391113,4.767749309539795,0.2915504574775696,0.6037362813949585,12.569709777832031,1.0043292045593262,1.929033875465393,5.361289024353027,15.908333778381348,1.0457850694656372,-3.1847171783447266,-3.61551833152771,0.026363875716924667,1.5809757709503174,1.2111108303070068,0.6618427634239197,3.46722674369812,0.7693332433700562,4.327495098114014,1.5739768743515015,16.323787689208984,0.5956522226333618,615.2860107421875,0.43549102544784546,1221.27734375,0.17609848082065582,-106.23149871826172,-0.8754144906997681,1636.631103515625,0.14874118566513062,882.196044921875,0.30607935786247253,-104.25325775146484,-0.8658279776573181,2678.821533203125,0.10698296129703522,828.2875366210938,0.25989842414855957,-106.12956237792969,-0.8332207202911377,-5.870269775390625,-1.1670944690704346,14.770881652832031,0.569182813167572,0.04106895998120308,0.48504307866096497,-0.015375486575067043,-1.057705044746399,0.37036359310150146,0.3878425359725952,18.393497467041016,0.4970022141933441,0.22911100089550018,46.258853912353516,15.554009437561035,1.1952946186065674,-4.774721145629883,-2.707822799682617,-1.3366767168045044,8.640748023986816,0.033018555492162704,-0.00392449414357543,0.21370190382003784,4.985337257385254,3.397341251373291,0.1386956423521042,0.10959628224372864,0.14136363565921783,0.12888668477535248,-25.327579498291016,ok
1003_t0016_s006,1003,13,3.549003549003549,3.7757769387163487,29.307907104492188,0.10599975287914276,26.476381301879883,28.903953552246094,32.35466003417969,5.878278732299805,49.781246185302734,41.12263107299805,121.44881439208984,223.452880859375,0.8623681664466858,0.5102584958076477,0.41713035106658936,0.8610105514526367,1.2561463117599487,0.8390159606933594,11.853642463684082,4.988030433654785,7.14481258392334,3.435134172439575,0.28813233971595764,0.6233894228935242,5.438229560852051,2.670698642730713,8.872786521911621,1.1186763048171997,18.657264709472656,0.7006056308746338,-7.832664489746094,-1.5743521451950073,0.01699729636311531,0.841864824295044,0.8994665145874023,0.5165030360221863,4.363049507141113,0.4248233735561371,3.4757280349731445,2.248844861984253,15.096589088439941,0.5895990133285522,682.02734375,0.4104297161102295,1294.96484375,0.25961998105049133,-111.61949920654297,-0.8427050113677979,1762.1051025390625,0.17828620970249176,827.92822265625,0.32862505316734314,-110.30929565429688,-0.8161604404449463,2727.59912109375,0.10479440540075302,927.4999389648438,0.3243475556373596,-108.95401763916016,-0.8379799127578735,-6.120170593261719,-0.998154878616333,12.435991287231445,0.6123636960983276,0.04879770800471306,0.4617384970188141,-0.018132416531443596,-0.9425168037414551,0.40767380595207214,0.37888965010643005,13.792952537536621,0.6733689308166504,5.286070823669434,1.9035180807113647,21.986053466796875,0.7304065227508545,-8.13624382019043,-1.891260027885437,0.760640025138855,3.920058250427246,0.03294358402490616,-0.008123816922307014,0.1831585317850113,4.383561611175537,2.222222328186035,0.20874999463558197,0.14827655255794525,0.2212499976158142,0.10385537147521973,-24.951112747192383,ok
1003_t0016_s007,1003,12,4.133654839820875,4.133654839821008,30.591096878051758,0.11950026452541351,28.27606964111328,30.815359115600586,33.53542709350586,5.259357452392578,28.968469619750977,4.166932106018066,21.465009689331055,61.930572509765625,0.8075518012046814,0.5622397661209106,0.35815051198005676,0.7672188878059387,1.1611192226409912,0.8029687404632568,12.278512954711914,5.918362617492676,8.559797286987305,4.740997791290283,0.29233142733573914,0.6111926436424255,16.726430892944336,0.4382673501968384,0.9021638035774231,11.970704078674316,13.303683280944824,1.1012336015701294,-8.54211711883545,-1.3434820175170898,0.026972638443112373,1.6759998798370361,1.0888478755950928,0.741855263710022,4.484511852264404,0.5573117733001709,6.5577616691589355,1.2938694953918457,18.45973777770996,0.4626501798629761,588.63623046875,0.42997103929519653,1321.1221923828125,0.2547425925731659,-112.06973266601562,-0.833891749382019,1598.3939208984375,0.1623125672340393,1001.0604248046875,0.3312251567840576,-109.64192199707031,-0.8183652758598328,2650.741455078125,0.10119357705116272,817.5282592773438,0.249108225107193,-110.87661743164062,-0.7977884411811829,-7.570761203765869,-0.8937376141548157,14.957942008972168,0.5045061111450195,0.05007823556661606,0.4119247794151306,-0.011807415634393692,-1.2919952869415283,0.41091376543045044,0.37703457474708557,18.570476531982422,0.4097907543182373,1.589316725730896,7.346551418304443,14.497544288635254,1.2466273307800293,-10.551730155944824,-1.3530864715576172,-6.4028167724609375,14.50177001953125,0.030028052628040314,-0.01214449293911457,0.1833963543176651,4.152249336242676,2.4647889137268066,0.18857142329216003,0.1501835584640503,0.1971428394317627,0.17661209404468536,-25.382354736328125,ok
1003_t0016_s008,1003,12,4.796163069544365,4.796163069544237,27.520858764648438,0.07197882235050201,26.125904083251953,27.585350036621094,29.353012084960938,3.2271080017089844,156.33010864257812,132.94467163085938,41.614627838134766,36.0726432800293,0.8476221561431885,0.5506862998008728,0.3844781219959259,0.788217306137085,1.3211579322814941,0.9366798400878906,10.74561882019043,7.959713935852051,11.153332710266113,5.710911273956299,0.330502986907959,0.6948598027229309,14.170449256896973,0.83265620470047,3.302950382232666,4.070131301879883,8.009437561035156,1.6236692667007446,-8.00901985168457,-1.2985130548477173,0.027569498866796494,1.2138757705688477,1.2599481344223022,0.518865704536438,3.9044554233551025,0.48813486099243164,5.977383136749268,1.1342946290969849,16.20246124267578,0.5160986185073853,629.0950317382812,0.41182345151901245,1284.422119140625,0.18608404695987701,-116.77610778808594,-0.7908126711845398,1646.9063720703125,0.18509364128112793,948.6958618164062,0.34162959456443787,-115.17220306396484,-0.7873868942260742,2685.525146484375,0.1010909378528595,856.7338256835938,0.29689711332321167,-117.27920532226562,-0.7530773282051086,-7.698688983917236,-0.7285375595092773,16.710369110107422,0.3546046316623688,0.03164779767394066,0.6154493093490601,-0.014739501290023327,-0.7335621118545532,0.3803536295890808,0.4034484624862671,19.79839324951172,0.31369471549987793,0.18320897221565247,69.83939361572266,8.732958793640137,1.838124394416809,-8.704089164733887,-1.4078375101089478,-3.884047508239746,12.13998794555664,0.01621663011610508,-0.007051870692521334,0.2952393591403961,3.614457845687866,3.278688430786133,0.1262499988079071,0.09694553911685944,0.1587499976158142,0.11762626469135284,-24.508358001708984,ok
1003_t0016_s009,1003,31,5.130751406818934,5.333792154163876,25.18991470336914,0.15275177359580994,22.10629653930664,25.03818130493164,27.682003021240234,5.575706481933594,46.6597785949707,27.305715560913086,61.86940383911133,65.83702087402344,0.7165017127990723,0.5887752175331116,0.3333777189254761,0.6279496550559998,1.0951039791107178,0.7617262601852417,11.939970970153809,5.722969055175781,7.8097920417785645,3.3163678646087646,0.2450554519891739,0.7608006000518799,10.455374717712402,1.2680124044418335,4.91356897354126,2.09440016746521,19.43521499633789,0.6384155750274658,0.4880615472793579,21.146583557128906,0.018324114382267,0.8465790748596191,1.2680141925811768,0.6630833148956299,3.1092567443847656,0.731869101524353,6.713459014892578,0.7667785882949829,16.064889907836914,0.4606013000011444,629.427490234375,0.45041364431381226,1218.739990234375,0.16516762971878052,-126.91220092773438,-0.7022605538368225,1633.002197265625,0.16215234994888306,971.4238891601562,0.35876837372779846,-126.48432922363281,-0.6856330633163452,2625.71484375,0.10877174139022827,913.7354125976562,0.3457241952419281,-126.90045166015625,-0.6797296404838562,-6.784575462341309,-0.694817066192627,14.303556442260742,0.45062100887298584,0.026718031615018845,0.5614723563194275,-0.012594585306942463,-0.8787346482276917,0.323098748922348,0.5454090237617493,18.623750686645508,0.40298181772232056,1.2425135374069214,8.180987358093262,21.079998016357422,0.6830888986587524,0.08143381029367447,147.09469604492188,-2.4304308891296387,8.837308883666992,0.02068636380136013,-0.005605870392173529,0.19505472481250763,4.477612018585205,3.5117056369781494,0.1014285758137703,0.07324361056089401,0.16238093376159668,0.17121148109436035,-26.59955596923828,ok
1003_t0016_s010,1003,39,3.867512891709639,3.953771289537734,25.41495704650879,0.1451219618320465,22.29048728942871,24.92328643798828,27.702096939086914,5.411609649658203,71.53546142578125,88.8116226196289,157.53369140625,174.78713989257812,0.774532675743103,0.5189608931541443,0.39276543259620667,0.7188392281532288,1.1369572877883911,0.7441918849945068,10.76279067993164,6.1794352531433105,7.352226257324219,4.029844284057617,0.25921955704689026,0.6416633129119873,12.00650691986084,1.0623317956924438,4.509926795959473,2.2769529819488525,14.230561256408691,0.9420564770698547,-7.089772701263428,-1.8698062896728516,0.028322529047727585,1.6567676067352295,1.3374119997024536,0.7340591549873352,2.788193702697754,0.7922241687774658,5.778317928314209,1.34901762008667,17.04726791381836,0.49015018343925476,632.5546875,0.41319239139556885,1226.316162109375,0.1927516609430313,-114.47590637207031,-0.8096931576728821,1645.947021484375,0.16865020990371704,939.5111694335938,0.35169878602027893,-114.8546142578125,-0.7817608118057251,2640.51953125,0.10577474534511566,898.3071899414062,0.3892614543437958,-116.0795669555664,-0.7626279592514038,-7.139286994934082,-0.8070586919784546,14.989514350891113,0.483129620552063,0.030094211921095848,0.6796284914016724,-0.013316088356077671,-1.2002818584442139,0.3301258087158203,0.4192522466182709,19.31397247314453,0.4022819995880127,1.7822638750076294,5.589938163757324,17.786664962768555,0.8917377591133118,-7.2701263427734375,-2.1840767860412598,-2.406022787094116,9.399309158325195,0.028256643563508987,-0.0058905817568302155,0.20304259657859802,4.468719005584717,3.193612813949585,0.13093750178813934,0.09190209954977036,0.1615625023841858,0.20168212056159973,-26.12296485900879,ok
1003_t0016_s011,1003,9,4.784688995215311,4.784688995215382,28.035715103149414,0.12872642278671265,25.250032424926758,27.96268653869629,30.763254165649414,5.513221740722656,85.80843353271484,65.14312744140625,25.829185485839844,47.430946350097656,0.8801907300949097,0.46016088128089905,0.4274548292160034,0.8583855628967285,1.253590703010559,0.8261358737945557,10.518965721130371,3.66864013671875,6.391664981842041,2.8508081436157227,0.32760918140411377,0.5476369261741638,13.322344779968262,1.0590481758117676,3.1183745861053467,3.3490066528320312,11.696245193481445,1.1210192441940308,-10.896672248840332,-1.3254286050796509,0.031248200684785843,1.3845314979553223,1.3684592247009277,0.6539835333824158,2.6675233840942383,0.8275021314620972,6.020155429840088,2.3316729068756104,15.027131080627441,0.571204423904419,628.9461059570312,0.3864724636077881,1235.2777099609375,0.16091546416282654,-78.54741668701172,-1.1417076587677002,1664.434326171875,0.160530686378479,943.258544921875,0.2385759800672531,-77.63640594482422,-1.1145535707473755,2663.32470703125,0.09800784289836884,917.8049926757812,0.2999624013900757,-79.39460754394531,-1.0733330249786377,-7.253129482269287,-0.7162526845932007,15.969751358032227,0.4466973543167114,0.03475832939147949,0.5305830836296082,-0.020901082083582878,-0.5722666382789612,0.3870939314365387,0.4189660847187042,18.681974411010742,0.40484821796417236,0.4276464283466339,23.20257568359375,12.550148963928223,1.1465805768966675,-9.819071769714355,-1.6998372077941895,-1.4536083936691284,7.482000827789307,0.027290375903248787,-0.011260573752224445,0.2240758240222931,5.882352828979492,3.3149173259735107,0.1850000023841858,0.07588367909193039,0.11800000071525574,0.1000799611210823,-24.84227752685547,ok
1003_t0016_s012,1003,18,5.518087063151441,5.518087063151344,29.5654296875,0.11525788903236389,27.37973403930664,29.390981674194336,32.55727767944336,5.177543640136719,172.8850860595703,100.78366088867188,27.137939453125,15.6190185546875,0.6681374311447144,0.5554033517837524,0.2939797639846802,0.6285545229911804,0.9720334410667419,0.6780536770820618,8.659424781799316,3.7657368183135986,7.3401288986206055,3.0451467037200928,0.23658153414726257,0.6674023866653442,13.418390274047852,0.9851458072662354,2.7877676486968994,3.7430193424224854,11.396113395690918,1.3393603563308716,-0.34079134464263916,-30.188610076904297,0.02460731565952301,0.7980159521102905,1.2010691165924072,0.6515923142433167,4.370394229888916,0.5666676163673401,7.06167459487915,0.958985447883606,21.089088439941406,0.3898923993110657,789.3054809570312,0.3064054250717163,1308.783447265625,0.38705670833587646,-142.5907440185547,-0.5849022269248962,1757.3187255859375,0.1342119425535202,999.7294311523438,0.25153884291648865,-141.8980255126953,-0.5826733708381653,2777.879638671875,0.09103292226791382,921.6355590820312,0.34285348653793335,-143.9127655029297,-0.5535498261451721,-8.069598197937012,-0.8171628713607788,17.888704299926758,0.4159654378890991,0.03698262944817543,0.4565000534057617,-0.007842054590582848,-1.807700514793396,0.2931252717971802,0.41017505526542664,20.727449417114258,0.45239129662513733,4.671576023101807,2.2640604972839355,13.702263832092285,1.251807689666748,2.7705624103546143,4.7584123611450195,-3.1136257648468018,11.590791702270508,0.022287385538220406,-0.00471930205821991,0.21506744623184204,5.230769157409668,2.500000238418579,0.11625000089406967,0.10711412876844406,0.23333333432674408,0.2739018499851227,-27.278104782104492,ok
1003_t0016_s013,1003,11,5.494505494505495,5.494505494505624,29.38775062561035,0.09527762234210968,27.316238403320312,29.257919311523438,29.81878662109375,2.5025482177734375,75.97577667236328,46.70698165893555,0.17707347869873047,13.245014190673828,0.8600399494171143,0.5110049247741699,0.47742781043052673,0.7765678763389587,1.307236671447754,0.8298088312149048,12.76348876953125,5.459078311920166,7.319479942321777,3.7566652297973633,0.30001768469810486,0.6258634924888611,16.107206344604492,0.728556752204895,6.326891899108887,1.3515684604644775,14.602821350097656,1.1025904417037964,-9.568781852722168,-1.2531850337982178,0.017993422225117683,1.2336127758026123,1.0365301370620728,0.7596189379692078,5.197940349578857,0.5457178950309753,2.683645009994507,2.1647400856018066,17.359817504882812,0.5430205464363098,646.3663330078125,0.3978411853313446,1233.6483154296875,0.1955557018518448,-63.294857025146484,-1.333508849143982,1709.4801025390625,0.16725637018680573,950.5839233398438,0.34897997975349426,-66.86703491210938,-1.1803447008132935,2715.392822265625,0.11090785264968872,880.4666748046875,0.3153260350227356,-67.30596160888672,-1.1661382913589478,-9.525471687316895,-0.7437835335731506,16.895044326782227,0.49270859360694885,0.04859522357583046,0.32266151905059814,-0.019540712237358093,-0.6625569462776184,0.3268115818500519,0.5738621950149536,18.796648025512695,0.43483269214630127,5.267233371734619,1.580093502998352,14.687499046325684,1.1739882230758667,-10.50844955444336,-1.2453476190567017,-4.931454181671143,11.50760555267334,0.04087270796298981,-0.016193006187677383,0.24178370833396912,5.025125503540039,3.0927836894989014,0.22166664898395538,0.14814594388008118,0.07999999821186066,0.053851645439863205,-24.192625045776367,ok
1003_t0016_s014,1003,9,5.621486570893192,5.621486570893195,30.14813804626465,0.13129447400569916,26.9897518157959,29.84029197692871,34.403629302978516,7.413877487182617,30.868120193481445,8.679845809936523,49.08998489379883,82.68135833740234,0.9858507513999939,0.3897230327129364,0.6749968528747559,0.9478754997253418,1.2919286489486694,0.6169317960739136,10.782187461853027,4.894229888916016,9.949305534362793,6.594419002532959,0.3278801739215851,0.44526731967926025,7.035012722015381,1.8340548276901245,6.036269664764404,2.095323324203491,17.296857833862305,0.9989624619483948,-2.4211912155151367,-4.032127857208252,0.033655114471912384,1.5978156328201294,0.9190493226051331,0.6813356280326843,4.087153911590576,0.7036512494087219,4.889153957366943,1.7111202478408813,14.704669952392578,0.5109877586364746,569.06640625,0.5077263712882996,1312.3944091796875,0.2691709101200104,-94.05052947998047,-0.9912282228469849,1605.933837890625,0.1849370151758194,865.5910034179688,0.26627641916275024,-88.86678314208984,-0.9775862693786621,2662.41015625,0.11452887952327728,931.4191284179688,0.22994109988212585,-89.22621154785156,-0.9692938327789307,-4.623584270477295,-1.015146255493164,12.312021255493164,0.5417101383209229,0.04501359164714813,0.42620784044265747,-0.009203179739415646,-1.2449227571487427,0.3920815885066986,0.33102256059646606,12.616596221923828,0.6225922703742981,2.5530669689178467,4.786083698272705,21.180124282836914,0.906486451625824,-3.4735612869262695,-3.1554694175720215,-0.28281140327453613,6.4373602867126465,0.03729402273893356,-0.00636967271566391,0.24539299309253693,5.031446933746338,3.896104097366333,0.14166666567325592,0.037601713091135025,0.09166666865348816,0.07733405381441116,-24.457134246826172,ok
1003_t0016_s015,1003,15,3.1361070457871625,3.1361070457871527,29.00472640991211,0.16249117255210876,25.33740234375,26.61813735961914,34.73208999633789,9.39468765258789,88.69142150878906,71.2906494140625,348.6043395996094,432.7577209472656,0.794832706451416,0.5968747138977051,0.33103570342063904,0.7097004055976868,1.212618112564087,0.8815823793411255,10.693315505981445,4.93522834777832,7.139744281768799,4.0438666343688965,0.26807647943496704,0.7212916016578674,8.486660957336426,1.4308340549468994,5.725657939910889,1.8111974000930786,17.266244888305664,0.7468041777610779,-5.598424434661865,-2.3784093856811523,0.02467859350144863,1.2974395751953125,1.0793088674545288,0.7731194496154785,3.6735446453094482,0.7204136848449707,8.517078399658203,0.8449810743331909,16.722200393676758,0.5974158644676208,642.663818359375,0.4407617449760437,1251.6173095703125,0.18090654909610748,-122.0046157836914,-0.7569366097450256,1691.1724853515625,0.17779220640659332,909.5966186523438,0.37118467688560486,-119.22994232177734,-0.7475030422210693,2683.839111328125,0.10871589183807373,862.0896606445312,0.2924844026565552,-119.12620544433594,-0.7482155561447144,-7.063644886016846,-0.8305367827415466,14.503390312194824,0.5372652411460876,0.03750644624233246,0.6172313690185547,-0.01200493611395359,-1.2346304655075073,0.38438883423805237,0.461041122674942,15.761758804321289,0.4754802882671356,3.56172251701355,2.9457414150238037,20.192031860351562,0.809788167476654,-8.366891860961914,-1.8938573598861694,-1.50346839427948,7.677761077880859,0.021952684968709946,-0.00017852929886430502,0.1823137253522873,3.1446540355682373,2.3305084705352783,0.17818181216716766,0.1278364211320877,0.2309090942144394,0.18203169107437134,-25.522266387939453,ok
1003_t0016_s016,1003,31,3.89251632345555,4.114680116803792,24.684473037719727,0.19363108277320862,21.426254272460938,23.43160629272461,26.362314224243164,4.936059951782227,82.597900390625,94.43037414550781,104.98030853271484,118.82765197753906,0.7021272778511047,0.573183000087738,0.32729464769363403,0.6451907157897949,1.061538815498352,0.734244167804718,9.501802444458008,4.378024578094482,6.403078079223633,3.145848512649536,0.22905373573303223,0.7672886252403259,9.786737442016602,1.3291958570480347,6.908414363861084,1.4209930896759033,19.84111213684082,0.679429829120636,-5.8621039390563965,-2.13034987449646,0.017619073390960693,0.8554081320762634,1.1263172626495361,0.6746195554733276,3.1461009979248047,0.5830778479576111,6.179471015930176,0.9143790602684021,18.19717788696289,0.42786669731140137,608.5733032226562,0.4308554232120514,1248.490234375,0.1547517031431198,-125.91622924804688,-0.7282567024230957,1644.7054443359375,0.16790951788425446,892.5377807617188,0.3968472182750702,-126.16205596923828,-0.706633448600769,2652.42724609375,0.09717036038637161,922.8780517578125,0.27574002742767334,-126.3702621459961,-0.7025061845779419,-7.603972911834717,-0.7276859879493713,14.692903518676758,0.46704158186912537,0.023849885910749435,0.9722986221313477,-0.016739925369620323,-0.8415499925613403,0.3160114586353302,0.5775945782661438,18.221969604492188,0.499002069234848,3.9338536262512207,2.228337049484253,22.647275924682617,0.727138102054596,-7.566030025482178,-2.192028045654297,-2.5724127292633057,9.10318374633789,0.016844037920236588,-0.009203032590448856,0.17390042543411255,4.025157451629639,2.1518988609313965,0.17352941632270813,0.20585376024246216,0.270588219165802,0.3460273742675781,-26.772275924682617,ok
1003_t0016_s017,1003,7,5.303030303030303,5.303030303030102,25.83877944946289,0.2002979964017868,19.52727699279785,27.566852569580078,29.0198917388916,9.49261474609375,35.3390007019043,5.306775093078613,90.06620788574219,0.0,0.829273521900177,0.44829753041267395,0.4776857793331146,0.7449676394462585,1.184314250946045,0.7066284418106079,10.837815284729004,3.912153720855713,6.794636249542236,5.437929630279541,0.29041504859924316,0.5415167808532715,13.31446361541748,0.9177600741386414,2.2405221462249756,4.381571292877197,16.81662940979004,0.7535543441772461,-10.390547752380371,-1.3547230958938599,0.015678253024816513,0.7995493412017822,1.0507313013076782,0.4985062777996063,3.6168086528778076,0.5329879522323608,6.560034275054932,1.0681763887405396,16.635311126708984,0.35579925775527954,487.4390869140625,0.4253626763820648,1211.6048583984375,0.15983286499977112,-108.83940887451172,-0.8432698249816895,1502.4598388671875,0.13850165903568268,875.2352294921875,0.2879732847213745,-109.91038513183594,-0.8088661432266235,2477.267822265625,0.08888785541057587,829.1145629882812,0.39459332823753357,-111.0002670288086,-0.7892670631408691,-5.83400297164917,-0.7887546420097351,14.13061809539795,0.3085115849971771,0.03077898547053337,0.5699082612991333,-0.010324006900191307,-1.0320570468902588,0.3307059705257416,0.5068102478981018,17.0092830657959,0.3515053987503052,0.37833988666534424,27.93560791015625,18.73438835144043,0.6917065978050232,-9.697273254394531,-1.3293650150299072,-3.6065285205841064,10.507659912109375,0.02358713187277317,-0.013597078621387482,0.25648248195648193,5.343511581420898,3.9682540893554688,0.10999999940395355,0.0689927488565445,0.11800000071525574,0.08158431947231293,-26.101703643798828,ok
1003_t0016_s018,1003,28,4.875500609437576,4.875500609437532,27.210098266601562,0.15762054920196533,22.701465606689453,26.661148071289062,30.439849853515625,7.738384246826172,49.69470977783203,19.959217071533203,202.01486206054688,337.9637145996094,0.7184361219406128,0.5083460211753845,0.372614324092865,0.6775404810905457,1.031531810760498,0.6589174866676331,7.897549629211426,4.6863484382629395,6.3447041511535645,2.7072887420654297,0.2312108725309372,0.6491298675537109,10.432535171508789,1.3577585220336914,6.800557613372803,1.6481664180755615,15.276922225952148,0.8548226952552795,-7.1231913566589355,-1.366510033607483,0.033488307148218155,1.7412211894989014,1.2233266830444336,0.6121271848678589,3.463160991668701,0.7278417944908142,7.41308069229126,0.8829026222229004,18.724807739257812,0.4571046829223633,592.992431640625,0.4556216895580292,1244.4501953125,0.21684695780277252,-111.70059967041016,-0.8215087056159973,1625.7081298828125,0.17452429234981537,898.1176147460938,0.28250956535339355,-110.91936492919922,-0.8011266589164734,2635.954833984375,0.1001584380865097,891.170654296875,0.2709166407585144,-112.4532241821289,-0.7764129638671875,-7.6389641761779785,-0.798308789730072,15.983856201171875,0.47969987988471985,0.03012993186712265,0.7172185182571411,-0.009536460041999817,-1.303694486618042,0.28256335854530334,0.5803283452987671,17.738391876220703,0.5155662298202515,3.9794416427612305,2.657799482345581,18.708189010620117,0.7876431345939636,-6.2532958984375,-1.8564492464065552,-1.413511037826538,7.450590133666992,0.021926436573266983,-0.005738282576203346,0.1899646818637848,4.18848180770874,3.5211269855499268,0.125,0.08885380625724792,0.13899999856948853,0.1323215812444687,-27.18671417236328,ok
