sentence_id,debate_audio_id,is_question,is_imperative,is_exclamatory,sentence_form,parse_tree_depth,n_clauses,n_subordinate_clauses,mean_dependency_length,n_negations,n_chars,n_words_spacy,mean_word_length,type_token_ratio,pct_function_words,pct_content_words,pct_pronouns_first,pct_pronouns_second,pct_pronouns_third,pos_noun_rate,pos_verb_rate,pos_adj_rate,pos_adv_rate,pos_pron_rate,pos_propn_rate,pos_aux_rate,pos_det_rate,pos_adp_rate,pos_cconj_rate,pos_sconj_rate,pos_intj_rate,pos_num_rate,flesch_reading_ease,flesch_kincaid_grade,smog_index,gunning_fog,vader_compound,vader_pos,vader_neg,vader_neu,emp_power,emp_government,emp_politics,emp_negative_emotion,emp_positive_emotion,emp_aggression,emp_anger,emp_fear,emp_joy,emp_optimism,emp_pride,emp_certainty,emp_achievement,emp_work,emp_money,emp_business,emp_economics,emp_law,emp_leader,emp_independence,emp_patriotism,emp_war,emp_violence,emp_weapon,emp_family,emp_children,emp_youth,emp_health,emp_medical_emergency,emp_religion,emp_morality,emp_ethics,emp_help,emp_love,emp_hate
1003_t0001_s001,1003,0,0,0,declarative,8,2,1,2.333,0,95,19,5.0,0.7895,0.4762,0.2857,0.0476,0.0476,0.0,0.0952,0.0476,0.1429,0.0,0.0952,0.1429,0.0476,0.0952,0.1905,0.0,0.0,0.0,0.0,45.06578947368425,11.693684210526317,13.023866798666859,13.915789473684212,0.7096,0.258,0.0,0.742,0.0,0.0,0.05263157894736842,0.0,0.0,0.0,0.0,0.0,0.0,0.0,0.0,0.0,0.0,0.0,0.0,0.0,0.0,0.0,0.0,0.0,0.0,0.0,0.0,0.0,0.0,0.0,0.0,0.0,0.0,0.0,0.0,0.0,0.0,0.0,0.0
1003_t0001_s002,1003,0,0,0,declarative,4,1,0,2.455,0,35,9,3.889,1.0,0.2727,0.0,0.0909,0.0,0.0,0.0,0.0,0.0,0.0,0.0909,0.5455,0.0909,0.0,0.0909,0.0,0.0,0.0,0.0,66.10000000000002,6.2755555555555596,8.841846274778883,8.044444444444444,0.0,0.0,0.0,1.0,0.0,0.0,0.0,0.0,0.0,0.0,0.0,0.0,0.0,0.0,0.0,0.0,0.0,0.0,0.0,0.0,0.0,0.0,0.0,0.0,0.0,0.0,0.0,0.0,0.0,0.0,0.0,0.0,0.0,0.0,0.0,0.0,0.0,0.0,0.0
1003_t0001_s003,1003,0,0,0,declarative,7,1,0,3.2,0,102,22,4.636,0.8636,0.32,0.12,0.04,0.0,0.0,0.12,0.0,0.0,0.0,0.04,0.44,0.04,0.04,0.16,0.04,0.0,0.0,0.0,53.759545454545474,11.22636363636364,13.023866798666859,12.436363636363637,0.0,0.0,0.0,1.0,0.0,0.0,0.0,0.0,0.0,0.0,0.0,0.0,0.0,0.0,0.0,0.0,0.0,0.0,0.0,0.0,0.0,0.0,0.0,0.0,0.0,0.0,0.0,0.0,0.0,0.0,0.0,0.0,0.0,0.0,0.0,0.0,0.0,0.0,0.0
1003_t0001_s004,1003,0,0,0,declarative,4,1,0,3.762,0,104,17,6.118,0.8235,0.2381,0.2381,0.0,0.0,0.0,0.1429,0.0,0.0952,0.0,0.0,0.3333,0.0476,0.1429,0.0,0.0476,0.0,0.0,0.0,10.427058823529421,16.028235294117646,19.287186520377343,25.623529411764707,0.0,0.0,0.0,1.0,0.0,0.0,0.0,0.0,0.0,0.0,0.0,0.0,0.0,0.0,0.0,0.0,0.0,0.0,0.0,0.0,0.0,0.0,0.0,0.0,0.0,0.0,0.0,0.0,0.0,0.0,0.0,0.0,0.0,0.0,0.0,0.0,0.0,0.0,0.0
1003_t0002_s001,1003,0,0,0,declarative,7,1,1,3.04,0,118,23,5.13,0.913,0.48,0.4,0.04,0.0,0.0,0.2,0.16,0.04,0.0,0.04,0.0,0.08,0.16,0.16,0.04,0.0,0.0,0.08,45.00000000000003,12.945,14.554592549557764,14.600000000000001,0.1779,0.082,0.055,0.863,0.0,0.0,0.0,0.0,0.0,0.0,0.0,0.0,0.0,0.0,0.0,0.0,0.0,0.0,0.0,0.0,0.0,0.0,0.0,0.0,0.0,0.0,0.0,0.0,0.0,0.0,0.0,0.0,0.0,0.0,0.0,0.0,0.0,0.0,0.0
1003_t0002_s002,1003,0,0,0,declarative,7,1,1,3.567,2,130,27,4.815,0.8519,0.5,0.4,0.1,0.0,0.0,0.2333,0.1,0.0333,0.0333,0.1667,0.0,0.0333,0.1667,0.0667,0.0667,0.0,0.0,0.0,54.09666666666669,12.421481481481482,13.023866798666859,13.762962962962963,-0.5267,0.0,0.15,0.85,0.037037037037037035,0.0,0.0,0.0,0.0,0.0,0.0,0.0,0.0,0.037037037037037035,0.0,0.0,0.0,0.0,0.0,0.0,0.0,0.0,0.0,0.0,0.0,0.0,0.0,0.0,0.0,0.0,0.0,0.0,0.0,0.0,0.0,0.0,0.0,0.0,0.0
1003_t0002_s003,1003,0,0,0,declarative,6,1,0,2.0,0,53,10,5.3,0.9,0.4167,0.4167,0.0,0.0,0.0,0.25,0.0833,0.0833,0.0,0.0,0.0833,0.0,0.1667,0.25,0.0,0.0,0.0,0.0,64.9245454545455,6.936363636363637,11.20814326018867,11.672727272727274,0.4939,0.242,0.0,0.758,0.0,0.0,0.0,0.0,0.0,0.0,0.0,0.0,0.0,0.0,0.0,0.0,0.0,0.0,0.0,0.0,0.0,0.0,0.0,0.0,0.0,0.0,0.0,0.0,0.0,0.0,0.0,0.0,0.0,0.0,0.0,0.0,0.0,0.0,0.0
1003_t0002_s004,1003,0,0,0,declarative,2,1,0,0.5,0,7,1,7.0,1.0,0.0,0.0,0.0,0.0,0.0,0.0,0.0,0.0,0.0,0.0,0.5,0.0,0.0,0.0,0.0,0.0,0.0,0.0,-47.97999999999996,20.200000000000006,8.841846274778883,40.400000000000006,0.0,0.0,0.0,1.0,0.0,0.0,0.0,0.0,0.0,0.0,0.0,0.0,0.0,0.0,0.0,0.0,0.0,0.0,0.0,0.0,0.0,0.0,0.0,0.0,0.0,0.0,0.0,0.0,0.0,0.0,0.0,0.0,0.0,0.0,0.0,0.0,0.0,0.0,0.0
1003_t0002_s005,1003,0,0,0,declarative,4,1,1,1.714,0,26,6,4.333,1.0,0.2857,0.4286,0.0,0.1429,0.0,0.1429,0.2857,0.0,0.0,0.1429,0.0,0.0,0.0,0.0,0.0,0.0,0.0,0.1429,87.94500000000002,2.4833333333333343,3.1291,2.4000000000000004,0.0,0.0,0.0,1.0,0.0,0.0,0.0,0.0,0.0,0.0,0.0,0.0,0.0,0.0,0.0,0.0,0.0,0.0,0.0,0.0,0.0,0.0,0.0,0.0,0.0,0.0,0.0,0.0,0.0,0.0,0.0,0.0,0.0,0.0,0.0,0.0,0.0,0.0,0.0
1003_t0002_s006,1003,1,0,0,interrogative,5,1,1,3.238,0,92,18,5.111,1.0,0.381,0.381,0.0,0.0476,0.0,0.1905,0.1429,0.0476,0.0,0.0476,0.0952,0.0952,0.0952,0.0476,0.0476,0.0476,0.0,0.0,38.16500000000002,12.407777777777778,14.554592549557764,16.08888888888889,-0.9612,0.077,0.579,0.344,0.0,0.0,0.0,0.1111111111111111,0.0,0.0,0.0,0.0,0.0,0.0,0.0,0.0,0.0,0.0,0.0,0.0,0.0,0.05555555555555555,0.0,0.0,0.0,0.0,0.05555555555555555,0.0,0.0,0.0,0.0,0.0,0.0,0.0,0.0,0.0,0.05555555555555555,0.0,0.0
1003_t0003_s001,1003,0,0,0,declarative,2,1,0,2.0,1,12,4,3.0,1.0,0.125,0.125,0.125,0.0,0.0,0.0,0.125,0.0,0.0,0.125,0.125,0.0,0.0,0.0,0.0,0.0,0.125,0.125,97.025,0.7199999999999989,3.1291,1.6,0.0,0.0,0.0,1.0,0.0,0.0,0.0,0.0,0.0,0.0,0.0,0.0,0.0,0.0,0.0,0.0,0.0,0.0,0.0,0.0,0.0,0.0,0.0,0.0,0.0,0.0,0.0,0.0,0.0,0.0,0.0,0.0,0.0,0.0,0.0,0.0,0.0,0.0,0.0
1003_t0003_s002,1003,0,0,0,declarative,8,3,2,2.556,0,60,16,3.75,0.9375,0.6111,0.3333,0.1667,0.0556,0.0,0.1667,0.1667,0.0,0.0,0.2778,0.0,0.0556,0.0556,0.1111,0.0556,0.0556,0.0,0.0,84.845,5.400000000000002,8.841846274778883,8.9,-0.7845,0.0,0.33,0.67,0.0,0.0,0.0,0.0625,0.0,0.0,0.0,0.0,0.0,0.0,0.0,0.0,0.0,0.0,0.0,0.0,0.0,0.0625,0.0,0.0,0.0,0.0,0.0625,0.0,0.0,0.0,0.0,0.0,0.0,0.0,0.0,0.0,0.0,0.0,0.0
1003_t0003_s003,1003,0,0,0,declarative,8,2,3,3.0,1,98,24,4.083,0.9167,0.4286,0.5,0.0714,0.0,0.0357,0.1429,0.2143,0.1071,0.0357,0.1429,0.0,0.0357,0.0714,0.0357,0.0714,0.0357,0.0,0.0,62.62500000000003,10.486666666666668,14.554592549557764,16.26666666666667,-0.2748,0.187,0.22,0.594,0.0,0.0,0.0,0.041666666666666664,0.041666666666666664,0.041666666666666664,0.0,0.0,0.0,0.041666666666666664,0.0,0.0,0.0,0.0,0.0,0.041666666666666664,0.0,0.0,0.0,0.0,0.0,0.0,0.041666666666666664,0.0,0.0,0.0,0.0,0.0,0.0,0.0,0.0,0.0,0.0,0.0,0.0
1003_t0003_s004,1003,0,0,0,declarative,4,1,0,2.0,0,20,7,2.857,1.0,0.4444,0.4444,0.2222,0.0,0.0,0.1111,0.1111,0.1111,0.1111,0.2222,0.0,0.1111,0.0,0.1111,0.0,0.0,0.0,0.0,115.13000000000002,-1.0599999999999987,3.1291,2.8000000000000003,0.0,0.0,0.0,1.0,0.0,0.0,0.0,0.0,0.0,0.0,0.0,0.0,0.0,0.0,0.0,0.0,0.0,0.0,0.0,0.0,0.0,0.0,0.0,0.0,0.0,0.0,0.0,0.0,0.0,0.0,0.0,0.0,0.0,0.0,0.0,0.0,0.0,0.0,0.0
1003_t0003_s005,1003,0,0,0,declarative,13,2,2,2.541,0,139,34,4.088,0.6176,0.4865,0.3784,0.0541,0.0,0.027,0.1892,0.0811,0.1081,0.0,0.0811,0.0541,0.027,0.1351,0.1622,0.027,0.0541,0.0,0.027,42.93676470588238,15.71705882352941,14.554592549557764,15.952941176470588,-0.9169,0.0,0.301,0.699,0.0,0.0,0.0,0.0,0.0,0.0,0.0,0.0,0.0,0.0,0.0,0.0,0.0,0.0,0.0,0.0,0.0,0.0,0.0,0.0,0.0,0.0,0.0,0.0,0.0,0.0,0.0,0.0,0.0,0.0,0.0,0.0,0.0,0.0,0.0
1003_t0003_s006,1003,0,0,0,declarative,6,1,1,1.8,0,29,9,3.222,1.0,0.5,0.4,0.1,0.0,0.0,0.2,0.2,0.0,0.0,0.1,0.0,0.0,0.1,0.1,0.1,0.0,0.0,0.0,103.70000000000002,1.0311111111111124,3.1291,3.6,0.0,0.0,0.0,1.0,0.0,0.0,0.0,0.0,0.0,0.0,0.0,0.0,0.0,0.0,0.0,0.0,0.0,0.1111111111111111,0.0,0.1111111111111111,0.0,0.0,0.0,0.0,0.0,0.0,0.0,0.0,0.0,0.0,0.0,0.0,0.0,0.0,0.0,0.0,0.0,0.0,0.0
1003_t0003_s007,1003,0,0,0,declarative,8,1,2,2.421,1,53,16,3.312,0.8125,0.3684,0.4737,0.0526,0.0,0.0,0.2105,0.1579,0.1053,0.0,0.0526,0.0,0.0,0.1053,0.0526,0.0,0.0,0.0,0.0,95.42,3.9250000000000007,3.1291,6.4,-0.5194,0.139,0.287,0.574,0.0625,0.0,0.0,0.0625,0.0,0.0625,0.0,0.0,0.0,0.0,0.0,0.0,0.0,0.0625,0.0,0.0625,0.0,0.0,0.0,0.0,0.0,0.0625,0.0625,0.0,0.0,0.0,0.0,0.0,0.0,0.0,0.0,0.0,0.0,0.0,0.0
1003_t0003_s008,1003,0,0,0,declarative,8,2,4,4.103,1,142,34,4.176,0.8529,0.5385,0.3333,0.0513,0.0,0.0,0.1026,0.1026,0.0769,0.0513,0.1282,0.0513,0.0769,0.1026,0.1282,0.0256,0.0256,0.0,0.0,62.842647058823545,12.940588235294118,11.20814326018867,15.952941176470588,-0.5574,0.035,0.105,0.86,0.0,0.0,0.0,0.0,0.0,0.0,0.0,0.0,0.0,0.0,0.0,0.0,0.0,0.0,0.0,0.0,0.0,0.0,0.0,0.0,0.0,0.0,0.0,0.029411764705882353,0.0,0.0,0.0,0.0,0.0,0.0,0.0,0.0,0.0,0.0,0.0
1003_t0003_s009,1003,0,0,0,declarative,8,2,5,3.5,0,131,32,4.094,0.875,0.4444,0.4444,0.0556,0.0,0.0,0.1944,0.1667,0.0278,0.0556,0.0833,0.0,0.0,0.0833,0.1111,0.0278,0.0,0.0,0.0,63.317500000000024,12.377500000000001,11.20814326018867,15.3,-0.7351,0.035,0.177,0.788,0.03125,0.03125,0.0,0.03125,0.0,0.03125,0.0,0.0,0.0,0.0,0.0,0.0,0.0,0.03125,0.0,0.03125,0.0,0.03125,0.0,0.0,0.0,0.03125,0.03125,0.0,0.0,0.0,0.0,0.0,0.0,0.0,0.0,0.0,0.0,0.0,0.0
1003_t0003_s010,1003,0,0,0,declarative,7,2,2,3.435,0,83,21,3.952,0.9048,0.4348,0.4783,0.0435,0.0,0.0,0.1304,0.1304,0.087,0.1304,0.0435,0.0435,0.0,0.1304,0.1304,0.0435,0.0,0.0,0.0,61.45045454545455,10.153636363636362,13.023866798666859,10.618181818181819,-0.7351,0.049,0.243,0.709,0.045454545454545456,0.0,0.0,0.045454545454545456,0.0,0.045454545454545456,0.0,0.0,0.0,0.0,0.0,0.0,0.0,0.0,0.0,0.0,0.0,0.0,0.0,0.0,0.0,0.045454545454545456,0.045454545454545456,0.0,0.0,0.0,0.0,0.0,0.0,0.0,0.0,0.0,0.0,0.0,0.0
1003_t0003_s011,1003,0,0,0,declarative,6,2,1,2.286,0,56,13,4.308,1.0,0.3571,0.5714,0.0714,0.0,0.0,0.2857,0.1429,0.0,0.1429,0.0714,0.0,0.0,0.0,0.1429,0.0714,0.0,0.0,0.0,69.99384615384618,6.726153846153846,11.20814326018867,11.353846153846156,0.0,0.0,0.0,1.0,0.0,0.0,0.0,0.0,0.0,0.0,0.0,0.0,0.0,0.0,0.0,0.0,0.0,0.0,0.0,0.07692307692307693,0.07692307692307693,0.0,0.0,0.0,0.0,0.0,0.0,0.0,0.0,0.0,0.0,0.0,0.0,0.0,0.0,0.0,0.0,0.0,0.0
1003_t0003_s012,1003,0,0,0,declarative,11,2,2,2.5,0,79,20,3.95,0.75,0.5455,0.2273,0.0909,0.0,0.0,0.0455,0.1364,0.0,0.0455,0.1818,0.1364,0.0455,0.1364,0.1364,0.0455,0.0,0.0,0.0455,72.32500000000003,8.140000000000004,13.023866798666859,12.0,0.6908,0.241,0.0,0.759,0.0,0.0,0.0,0.0,0.05,0.0,0.0,0.0,0.0,0.05,0.0,0.0,0.0,0.0,0.0,0.0,0.0,0.0,0.0,0.0,0.0,0.0,0.0,0.0,0.0,0.0,0.0,0.0,0.0,0.0,0.0,0.0,0.0,0.0,0.0
1003_t0003_s013,1003,0,0,0,declarative,4,1,0,2.2,0,29,8,3.625,1.0,0.4,0.5,0.2,0.0,0.0,0.2,0.1,0.2,0.0,0.2,0.0,0.1,0.0,0.1,0.0,0.0,0.0,0.0,103.54,0.8049999999999997,3.1291,3.2,0.8316,0.565,0.0,0.435,0.0,0.0,0.0,0.0,0.125,0.0,0.0,0.0,0.0,0.125,0.125,0.0,0.25,0.0,0.0,0.0,0.0,0.0,0.0,0.0,0.0,0.0,0.0,0.0,0.0,0.0,0.0,0.0,0.0,0.0,0.0,0.0,0.0,0.0,0.0
1003_t0003_s014,1003,0,0,0,declarative,9,2,1,3.034,0,128,27,4.741,0.8519,0.5172,0.4483,0.0345,0.0,0.069,0.2069,0.1034,0.1379,0.0,0.1034,0.0,0.069,0.0345,0.1379,0.1379,0.0,0.0,0.0,47.83000000000001,13.29555555555556,15.903189008614273,16.725925925925928,0.4767,0.141,0.0,0.859,0.0,0.0,0.0,0.0,0.0,0.0,0.0,0.0,0.0,0.0,0.0,0.0,0.0,0.0,0.0,0.0,0.037037037037037035,0.0,0.0,0.0,0.0,0.0,0.0,0.0,0.0,0.037037037037037035,0.037037037037037035,0.0,0.0,0.0,0.0,0.0,0.037037037037037035,0.0,0.0
1003_t0003_s015,1003,0,0,0,declarative,4,1,0,2.286,0,37,12,3.083,0.6667,0.5,0.3571,0.1429,0.0,0.0,0.1429,0.1429,0.0,0.0714,0.1429,0.0,0.1429,0.1429,0.0,0.0714,0.0,0.0,0.0,110.055,0.8900000000000006,3.1291,4.800000000000001,-0.8524,0.159,0.507,0.335,0.08333333333333333,0.0,0.0,0.08333333333333333,0.0,0.08333333333333333,0.0,0.0,0.0,0.0,0.0,0.0,0.08333333333333333,0.0,0.0,0.0,0.0,0.0,0.0,0.0,0.0,0.08333333333333333,0.08333333333333333,0.0,0.0,0.0,0.0,0.0,0.0,0.0,0.0,0.0,0.0,0.0,0.0
1003_t0003_s016,1003,0,0,0,declarative,10,4,8,4.957,1,366,85,4.306,0.6824,0.5109,0.4239,0.0543,0.0,0.0217,0.2065,0.1304,0.0652,0.0217,0.1304,0.0,0.087,0.0652,0.1087,0.0761,0.0109,0.0,0.0,3.115294117647082,33.94117647058823,18.243605946275583,36.82352941176471,0.7269,0.137,0.064,0.798,0.011764705882352941,0.023529411764705882,0.0,0.011764705882352941,0.0,0.011764705882352941,0.0,0.0,0.0,0.0,0.0,0.0,0.0,0.0,0.0,0.011764705882352941,0.0,0.023529411764705882,0.0,0.0,0.0,0.0,0.011764705882352941,0.0,0.0,0.0,0.0,0.0,0.0,0.0,0.0,0.0,0.023529411764705882,0.0,0.0
1003_t0004_s001,1003,0,0,0,declarative,1,1,0,0.0,0,0,0,0.0,0.0,0.0,0.0,0.0,0.0,0.0,0.0,0.0,0.0,0.0,0.0,1.0,0.0,0.0,0.0,0.0,0.0,0.0,0.0,36.62000000000003,8.400000000000002,3.1291,0.4,0.0,0.0,0.0,1.0,0.0,0.0,0.0,0.0,0.0,0.0,0.0,0.0,0.0,0.0,0.0,0.0,0.0,0.0,0.0,0.0,0.0,0.0,0.0,0.0,0.0,0.0,0.0,0.0,0.0,0.0,0.0,0.0,0.0,0.0,0.0,0.0,0.0,0.0,0.0
1003_t0004_s002,1003,0,0,0,declarative,4,1,0,2.556,0,34,6,5.667,1.0,0.1111,0.2222,0.0,0.1111,0.0,0.2222,0.0,0.0,0.0,0.1111,0.2222,0.0,0.0,0.0,0.0,0.0,0.0,0.1111,32.56000000000003,9.96,11.20814326018867,18.0,0.0,0.0,0.0,1.0,0.0,0.0,0.0,0.0,0.0,0.0,0.0,0.0,0.0,0.0,0.0,0.0,0.0,0.0,0.0,0.0,0.0,0.0,0.0,0.0,0.0,0.0,0.0,0.0,0.0,0.0,0.0,0.0,0.0,0.0,0.0,0.0,0.0,0.0,0.0
1003_t0005_s001,1003,0,0,0,declarative,6,1,0,3.25,0,75,20,3.75,0.9,0.4583,0.2917,0.0417,0.0,0.0417,0.1667,0.0833,0.0,0.0417,0.125,0.0417,0.0417,0.125,0.1667,0.0,0.0,0.0417,0.0,80.78500000000003,6.960000000000001,3.1291,8.0,0.5859,0.211,0.0,0.789,0.0,0.05,0.05,0.0,0.0,0.0,0.0,0.0,0.0,0.0,0.0,0.0,0.0,0.0,0.0,0.0,0.0,0.0,0.05,0.0,0.0,0.0,0.0,0.0,0.0,0.0,0.0,0.0,0.0,0.0,0.0,0.0,0.0,0.0,0.0
1003_t0005_s002,1003,0,0,0,declarative,7,1,0,2.444,0,66,15,4.4,1.0,0.4444,0.3889,0.1111,0.0,0.0,0.1667,0.0556,0.1111,0.0556,0.1111,0.0,0.0556,0.1111,0.1111,0.0556,0.0,0.0,0.0,61.890000000000015,8.353333333333339,13.023866798666859,11.333333333333336,0.0,0.0,0.0,1.0,0.0,0.0,0.0,0.0,0.0,0.0,0.0,0.0,0.0,0.0,0.0,0.0,0.0,0.0,0.0,0.0,0.0,0.0,0.0,0.0,0.0,0.0,0.0,0.0,0.0,0.0,0.0,0.0,0.0,0.0,0.0,0.0,0.0,0.0,0.0
1003_t0005_s003,1003,0,0,0,declarative,9,5,5,4.016,0,215,54,3.981,0.6296,0.4688,0.3906,0.0938,0.0156,0.0312,0.125,0.125,0.0781,0.0625,0.1719,0.0,0.0781,0.0938,0.0625,0.0469,0.0156,0.0,0.0,36.09166666666667,21.640370370370373,15.903189008614273,24.562962962962963,-0.9791,0.0,0.339,0.661,0.0,0.0,0.0,0.037037037037037035,0.0,0.018518518518518517,0.0,0.0,0.0,0.0,0.0,0.0,0.0,0.0,0.0,0.018518518518518517,0.0,0.0,0.0,0.0,0.0,0.018518518518518517,0.037037037037037035,0.0,0.0,0.0,0.0,0.0,0.0,0.0,0.0,0.0,0.0,0.0,0.0
1003_t0005_s004,1003,0,0,0,declarative,10,2,2,2.88,0,104,23,4.522,0.8696,0.48,0.44,0.04,0.0,0.0,0.2,0.16,0.04,0.04,0.08,0.04,0.04,0.12,0.12,0.08,0.04,0.0,0.0,69.46391304347827,9.284347826086957,13.023866798666859,12.678260869565218,0.4588,0.12,0.0,0.88,0.0,0.0,0.0,0.0,0.043478260869565216,0.0,0.0,0.0,0.0,0.043478260869565216,0.0,0.0,0.0,0.0,0.043478260869565216,0.0,0.0,0.0,0.0,0.0,0.0,0.0,0.0,0.0,0.0,0.0,0.0,0.0,0.0,0.0,0.0,0.0,0.0,0.0,0.0
1003_t0005_s005,1003,0,0,0,declarative,5,2,1,2.105,0,61,16,3.812,0.9375,0.4211,0.4211,0.1053,0.0,0.1053,0.1053,0.1579,0.0526,0.1053,0.2105,0.0,0.0,0.0526,0.0526,0.1053,0.0,0.0,0.0526,68.9825,7.612500000000001,11.20814326018867,8.9,0.7184,0.3,0.0,0.7,0.0,0.0,0.0,0.0,0.0625,0.0,0.0,0.0,0.0,0.0,0.0,0.0,0.0,0.0,0.0,0.0,0.0,0.0,0.0,0.0,0.0,0.0,0.0,0.0,0.0,0.0,0.0,0.0,0.0,0.0,0.0,0.0,0.0625,0.0,0.0
1003_t0006_s001,1003,0,0,0,declarative,3,1,0,2.25,0,25,6,4.167,1.0,0.25,0.125,0.0,0.125,0.0,0.0,0.0,0.0,0.125,0.125,0.375,0.0,0.0,0.125,0.0,0.0,0.0,0.0,87.94500000000002,2.4833333333333343,8.841846274778883,9.066666666666668,0.0,0.0,0.0,1.0,0.0,0.0,0.0,0.0,0.0,0.0,0.0,0.0,0.0,0.0,0.0,0.0,0.0,0.0,0.0,0.0,0.0,0.0,0.0,0.0,0.0,0.0,0.0,0.0,0.0,0.0,0.0,0.0,0.0,0.0,0.0,0.0,0.0,0.0,0.0
1003_t0006_s002,1003,0,0,0,declarative,8,1,0,2.25,0,60,14,4.286,0.8571,0.5625,0.1875,0.0625,0.0625,0.0,0.0625,0.0625,0.0625,0.0,0.1875,0.125,0.0,0.125,0.25,0.0,0.0,0.0,0.0625,67.53000000000003,7.566666666666666,13.023866798666859,14.0,0.0,0.0,0.0,1.0,0.0,0.06666666666666667,0.06666666666666667,0.0,0.0,0.0,0.0,0.0,0.0,0.0,0.0,0.0,0.0,0.0,0.0,0.0,0.0,0.06666666666666667,0.0,0.0,0.0,0.0,0.0,0.0,0.0,0.0,0.0,0.0,0.0,0.0,0.0,0.0,0.0,0.0,0.0
1003_t0006_s003,1003,0,0,0,declarative,13,2,5,3.422,0,179,38,4.711,0.6842,0.4222,0.3111,0.0,0.0222,0.0,0.1778,0.1333,0.0,0.0,0.0222,0.1111,0.0889,0.1333,0.1111,0.0222,0.0444,0.0,0.0,34.377297297297304,17.65621621621621,18.243605946275583,21.28648648648649,-0.8176,0.0,0.176,0.824,0.0,0.02702702702702703,0.02702702702702703,0.02702702702702703,0.0,0.0,0.0,0.0,0.0,0.0,0.0,0.0,0.0,0.0,0.0,0.0,0.0,0.02702702702702703,0.02702702702702703,0.0,0.0,0.0,0.0,0.0,0.0,0.0,0.0,0.0,0.02702702702702703,0.0,0.0,0.0,0.0,0.0,0.0
1003_t0007_s001,1003,0,0,0,declarative,2,1,0,0.5,0,6,1,6.0,1.0,0.0,0.0,0.0,0.0,0.0,0.0,0.0,0.0,0.0,0.0,0.5,0.0,0.0,0.0,0.0,0.0,0.0,0.0,36.62000000000003,8.400000000000002,3.1291,0.4,0.0,0.0,0.0,1.0,0.0,0.0,0.0,0.0,0.0,0.0,0.0,0.0,0.0,0.0,0.0,0.0,0.0,0.0,0.0,0.0,0.0,0.0,0.0,0.0,0.0,0.0,0.0,0.0,0.0,0.0,0.0,0.0,0.0,0.0,0.0,0.0,0.0,0.0,0.0
1003_t0008_s001,1003,0,0,0,declarative,5,1,0,2.667,0,75,12,6.25,0.8333,0.2667,0.2667,0.0,0.0,0.0,0.0,0.0667,0.0667,0.1333,0.0,0.3333,0.0667,0.1333,0.0667,0.0,0.0,0.0,0.0,24.440000000000026,13.080000000000002,14.554592549557764,14.430769230769233,0.4215,0.189,0.0,0.811,0.0,0.0,0.0,0.0,0.0,0.0,0.0,0.0,0.0,0.0,0.0,0.0,0.0,0.0,0.0,0.0,0.0,0.0,0.0,0.0,0.0,0.0,0.0,0.0,0.0,0.0,0.0,0.0,0.0,0.0,0.0,0.0,0.0,0.0,0.0
1003_t0008_s002,1003,1,0,0,interrogative,4,1,0,2.0,0,36,8,4.5,1.0,0.6667,0.2222,0.0,0.1111,0.0,0.1111,0.1111,0.0,0.0,0.2222,0.0,0.1111,0.1111,0.1111,0.0,0.0,0.0,0.0,61.24000000000001,6.705000000000002,8.841846274778883,8.200000000000001,0.0,0.0,0.0,1.0,0.0,0.0,0.0,0.0,0.0,0.0,0.0,0.0,0.0,0.0,0.0,0.0,0.0,0.0,0.0,0.0,0.0,0.0,0.0,0.0,0.0,0.0,0.0,0.0,0.0,0.0,0.0,0.0,0.0,0.0,0.0,0.0,0.0,0.0,0.0
1003_t0009_s001,1003,0,0,0,declarative,4,1,0,1.429,0,20,5,4.0,1.0,0.5714,0.2857,0.1429,0.0,0.1429,0.1429,0.1429,0.0,0.0,0.2857,0.0,0.1429,0.0,0.1429,0.0,0.0,0.0,0.0,83.32000000000004,2.879999999999999,8.841846274778883,10.0,0.5106,0.452,0.0,0.548,0.0,0.0,0.0,0.0,0.2,0.0,0.0,0.0,0.0,0.2,0.2,0.0,0.0,0.0,0.0,0.0,0.0,0.0,0.0,0.0,0.0,0.0,0.0,0.0,0.0,0.0,0.0,0.0,0.0,0.0,0.0,0.0,0.0,0.0,0.0
1003_t0009_s002,1003,0,0,0,declarative,3,1,0,1.857,0,22,6,3.667,1.0,0.4286,0.4286,0.1429,0.0,0.0,0.1429,0.1429,0.1429,0.0,0.1429,0.0,0.0,0.1429,0.0,0.1429,0.0,0.0,0.0,87.94500000000002,2.4833333333333343,8.841846274778883,9.066666666666668,0.4404,0.367,0.0,0.633,0.0,0.0,0.0,0.0,0.0,0.0,0.0,0.0,0.0,0.0,0.0,0.0,0.0,0.0,0.0,0.0,0.0,0.0,0.0,0.0,0.0,0.0,0.0,0.0,0.0,0.0,0.0,0.0,0.0,0.0,0.0,0.0,0.0,0.0,0.0
1003_t0009_s003,1003,0,0,0,declarative,6,1,0,3.091,1,71,18,3.944,0.8889,0.4545,0.3636,0.0909,0.0,0.0,0.0909,0.0909,0.1364,0.0455,0.0909,0.0455,0.0455,0.1818,0.0909,0.0455,0.0,0.0,0.0,66.36500000000001,8.474444444444444,11.20814326018867,11.644444444444446,-0.4767,0.0,0.154,0.846,0.0,0.0,0.0,0.0,0.0,0.0,0.0,0.0,0.0,0.0,0.0,0.0,0.0,0.0,0.0,0.0,0.0,0.0,0.0,0.0,0.0,0.0,0.0,0.0,0.0,0.05555555555555555,0.05555555555555555,0.0,0.0,0.0,0.0,0.0,0.0,0.0,0.0
1003_t0009_s004,1003,0,0,0,declarative,6,1,1,3.875,2,115,21,5.476,0.7619,0.3333,0.5417,0.0833,0.0,0.0,0.1667,0.125,0.125,0.125,0.0833,0.0,0.0417,0.0833,0.0417,0.0417,0.0417,0.0,0.0417,28.40571428571431,14.514285714285716,15.903189008614273,17.923809523809524,0.0,0.0,0.0,1.0,0.0,0.047619047619047616,0.19047619047619047,0.0,0.0,0.0,0.0,0.0,0.0,0.0,0.0,0.0,0.047619047619047616,0.0,0.0,0.0,0.0,0.0,0.047619047619047616,0.0,0.0,0.0,0.0,0.0,0.0,0.0,0.0,0.0,0.0,0.0,0.0,0.0,0.0,0.0,0.0
1003_t0010_s001,1003,0,0,0,declarative,8,3,3,2.731,0,93,21,4.429,0.9048,0.2692,0.3462,0.0,0.0385,0.0385,0.0769,0.1923,0.0385,0.0385,0.0769,0.2308,0.0,0.0385,0.0769,0.0385,0.0385,0.0,0.0,76.74857142857144,7.771428571428572,8.841846274778883,10.304761904761905,0.0,0.0,0.0,1.0,0.0,0.0,0.0,0.0,0.0,0.0,0.0,0.0,0.0,0.0,0.0,0.0,0.0,0.0,0.0,0.0,0.0,0.0,0.0,0.0,0.0,0.0,0.0,0.0,0.0,0.0,0.0,0.0,0.0,0.0,0.0,0.0,0.0,0.0,0.0
1003_t0010_s002,1003,0,0,0,declarative,5,1,0,1.75,0,26,7,3.714,1.0,0.375,0.25,0.0,0.0,0.125,0.125,0.125,0.0,0.0,0.125,0.125,0.0,0.125,0.125,0.0,0.0,0.0,0.125,103.04428571428575,0.6257142857142846,3.1291,2.8000000000000003,0.0,0.0,0.0,1.0,0.0,0.0,0.0,0.0,0.0,0.0,0.0,0.0,0.0,0.0,0.0,0.0,0.0,0.0,0.0,0.0,0.0,0.0,0.0,0.0,0.0,0.0,0.0,0.0,0.0,0.0,0.0,0.0,0.0,0.0,0.0,0.0,0.0,0.0,0.0
1003_t0010_s003,1003,0,0,0,declarative,5,1,1,2.923,0,44,11,4.0,1.0,0.3077,0.3846,0.0,0.0,0.1538,0.1538,0.1538,0.0769,0.0,0.1538,0.0769,0.0,0.0769,0.0769,0.0,0.0,0.0,0.0769,87.99727272727276,3.7181818181818187,3.1291,4.4,0.0,0.0,0.0,1.0,0.0,0.0,0.0,0.0,0.0,0.0,0.0,0.0,0.0,0.0,0.0,0.0,0.0,0.0,0.0,0.0,0.0,0.0,0.0,0.0,0.0,0.0,0.0,0.0,0.0,0.0,0.0,0.0,0.0,0.0,0.0,0.0,0.0,0.0,0.0
1003_t0010_s004,1003,0,0,0,declarative,5,2,1,2.6,0,45,8,5.625,1.0,0.2,0.6,0.0,0.0,0.1,0.4,0.2,0.0,0.0,0.1,0.0,0.0,0.1,0.0,0.0,0.0,0.0,0.0,61.24000000000001,6.705000000000002,8.841846274778883,8.200000000000001,0.0,0.0,0.0,1.0,0.0,0.125,0.0,0.0,0.0,0.0,0.0,0.0,0.0,0.0,0.0,0.0,0.0,0.125,0.0,0.125,0.125,0.0,0.0,0.0,0.0,0.0,0.0,0.0,0.0,0.0,0.0,0.0,0.0,0.0,0.0,0.0,0.0,0.0,0.0
1003_t0010_s005,1003,0,0,0,declarative,9,3,3,3.25,1,99,26,3.808,0.8846,0.5357,0.4286,0.0,0.0,0.1071,0.1786,0.1786,0.0714,0.0,0.1429,0.0,0.0714,0.0357,0.1786,0.0357,0.0357,0.0,0.0,76.3219230769231,9.073076923076925,8.841846274778883,10.4,0.3089,0.083,0.0,0.917,0.0,0.0,0.0,0.038461538461538464,0.0,0.0,0.0,0.0,0.0,0.0,0.0,0.0,0.0,0.07692307692307693,0.0,0.07692307692307693,0.0,0.0,0.0,0.0,0.0,0.0,0.0,0.0,0.0,0.0,0.0,0.0,0.0,0.0,0.0,0.0,0.0,0.0,0.0
1003_t0010_s006,1003,0,0,0,declarative,5,1,0,2.765,0,54,14,3.857,0.9286,0.4706,0.4118,0.1176,0.0,0.0,0.1765,0.1176,0.1176,0.0,0.1176,0.0,0.0588,0.1176,0.1176,0.0588,0.0,0.0,0.0,77.81071428571428,5.884285714285717,8.841846274778883,8.457142857142857,0.1779,0.116,0.0,0.884,0.0,0.0,0.0,0.0,0.0,0.0,0.0,0.0,0.0,0.0,0.0,0.0,0.07142857142857142,0.0,0.0,0.07142857142857142,0.0,0.0,0.0,0.0,0.0,0.0,0.0,0.0,0.0,0.07142857142857142,0.0,0.0,0.0,0.0,0.0,0.0,0.0,0.0,0.0
1003_t0010_s007,1003,0,0,0,declarative,7,2,3,3.579,0,137,32,4.281,0.9375,0.4211,0.3947,0.0526,0.0,0.0263,0.1842,0.1053,0.0789,0.0263,0.0789,0.0263,0.0526,0.1316,0.1053,0.0,0.0526,0.0,0.0,52.74250000000002,13.852500000000003,11.20814326018867,15.3,0.5574,0.162,0.0,0.838,0.0,0.0,0.03125,0.0,0.0,0.0,0.0,0.0,0.0,0.0,0.0,0.0,0.0,0.0,0.0,0.0,0.0,0.03125,0.0,0.0,0.0,0.0,0.0,0.0,0.0,0.0,0.0,0.0,0.0,0.0,0.0,0.0,0.0,0.0,0.0
1003_t0010_s008,1003,0,0,0,declarative,4,1,1,2.467,1,44,12,3.667,0.9167,0.6,0.2667,0.1333,0.0,0.0667,0.0667,0.1333,0.0,0.0667,0.2,0.0,0.2,0.0667,0.0667,0.0,0.0667,0.0,0.0,88.905,3.84,3.1291,4.800000000000001,0.0,0.0,0.0,1.0,0.0,0.0,0.0,0.0,0.0,0.0,0.0,0.0,0.0,0.0,0.0,0.0,0.0,0.0,0.0,0.0,0.0,0.0,0.0,0.0,0.0,0.0,0.0,0.0,0.0,0.0,0.0,0.0,0.0,0.0,0.0,0.0,0.0,0.0,0.0
1003_t0010_s009,1003,0,0,0,declarative,4,1,0,1.778,0,30,8,3.75,1.0,0.4444,0.4444,0.1111,0.0,0.1111,0.1111,0.1111,0.1111,0.1111,0.2222,0.0,0.0,0.0,0.1111,0.1111,0.0,0.0,0.0,92.965,2.280000000000001,8.841846274778883,8.200000000000001,0.8255,0.561,0.0,0.439,0.0,0.0,0.0,0.0,0.25,0.0,0.0,0.0,0.0,0.125,0.125,0.0,0.125,0.0,0.0,0.0,0.0,0.0,0.0,0.0,0.0,0.0,0.0,0.0,0.0,0.0,0.0,0.0,0.0,0.0,0.0,0.0,0.0,0.0,0.0
1003_t0010_s010,1003,0,0,0,declarative,2,1,0,1.5,0,18,4,4.5,1.0,0.5,0.3333,0.0,0.0,0.1667,0.0,0.1667,0.0,0.1667,0.1667,0.0,0.1667,0.0,0.0,0.1667,0.0,0.0,0.0,75.87500000000001,3.6700000000000017,3.1291,1.6,0.0,0.0,0.0,1.0,0.0,0.0,0.0,0.0,0.0,0.0,0.0,0.0,0.0,0.0,0.0,0.0,0.0,0.0,0.0,0.0,0.0,0.0,0.0,0.0,0.0,0.0,0.0,0.0,0.0,0.0,0.0,0.0,0.0,0.0,0.0,0.0,0.0,0.0,0.0
1003_t0010_s011,1003,0,0,0,declarative,3,1,0,1.889,0,31,7,4.429,1.0,0.3333,0.4444,0.0,0.1111,0.0,0.1111,0.1111,0.2222,0.0,0.1111,0.0,0.1111,0.1111,0.0,0.0,0.0,0.0,0.0,66.7871428571429,5.682857142857145,8.841846274778883,2.8000000000000003,0.3182,0.277,0.0,0.723,0.0,0.0,0.0,0.0,0.0,0.0,0.0,0.0,0.0,0.0,0.0,0.0,0.0,0.0,0.0,0.0,0.0,0.0,0.0,0.0,0.0,0.0,0.0,0.0,0.0,0.0,0.0,0.0,0.0,0.0,0.0,0.0,0.0,0.0,0.0
1003_t0010_s012,1003,0,0,0,declarative,6,1,1,2.278,0,64,15,4.267,1.0,0.4444,0.5,0.0,0.0,0.1111,0.1667,0.1667,0.0556,0.1111,0.1667,0.0,0.0556,0.0556,0.0556,0.0556,0.0556,0.0,0.0,78.81000000000003,5.993333333333336,3.1291,6.0,-0.1531,0.134,0.167,0.699,0.0,0.0,0.0,0.0,0.0,0.0,0.0,0.0,0.0,0.0,0.0,0.0,0.0,0.0,0.0,0.0,0.0,0.0,0.0,0.0,0.0,0.0,0.0,0.0,0.0,0.06666666666666667,0.0,0.0,0.0,0.0,0.0,0.0,0.0,0.0,0.0
1003_t0010_s013,1003,0,0,0,declarative,5,2,1,1.9,0,34,9,3.778,1.0,0.6,0.3,0.0,0.0,0.2,0.1,0.2,0.0,0.0,0.3,0.0,0.0,0.1,0.1,0.0,0.0,0.0,0.0,94.30000000000001,2.342222222222226,3.1291,3.6,0.0772,0.14,0.0,0.86,0.0,0.0,0.0,0.0,0.0,0.0,0.0,0.0,0.0,0.0,0.0,0.0,0.0,0.1111111111111111,0.0,0.0,0.0,0.0,0.0,0.0,0.0,0.0,0.0,0.0,0.0,0.0,0.0,0.0,0.0,0.0,0.0,0.0,0.0,0.0,0.0
1003_t0010_s014,1003,0,0,0,declarative,5,1,0,1.778,0,21,7,3.0,1.0,0.4444,0.4444,0.2222,0.0,0.0,0.1111,0.1111,0.1111,0.1111,0.2222,0.0,0.0,0.0,0.1111,0.1111,0.0,0.0,0.0,115.13000000000002,-1.0599999999999987,3.1291,2.8000000000000003,0.5233,0.36,0.0,0.64,0.0,0.0,0.0,0.0,0.14285714285714285,0.0,0.0,0.0,0.0,0.0,0.14285714285714285,0.0,0.14285714285714285,0.0,0.0,0.0,0.0,0.0,0.0,0.0,0.0,0.0,0.0,0.0,0.0,0.0,0.0,0.0,0.0,0.0,0.0,0.0,0.0,0.0,0.0
1003_t0010_s015,1003,0,0,0,declarative,4,2,1,2.714,1,39,11,3.545,1.0,0.5,0.3571,0.0714,0.0714,0.0,0.1429,0.1429,0.0714,0.0,0.1429,0.0,0.1429,0.0714,0.0,0.0714,0.0,0.0,0.0,80.30636363636367,4.790909090909089,8.841846274778883,8.036363636363637,0.0,0.0,0.0,1.0,0.0,0.0,0.0,0.0,0.0,0.0,0.0,0.0,0.0,0.0,0.0,0.0,0.0,0.0,0.0,0.0,0.0,0.0,0.0,0.0,0.0,0.0,0.0,0.0,0.0,0.0,0.09090909090909091,0.0,0.0,0.0,0.0,0.0,0.0,0.0,0.0
1003_t0010_s016,1003,0,0,0,declarative,12,4,5,3.634,0,146,35,4.171,0.8571,0.4878,0.3415,0.0488,0.0244,0.0244,0.1463,0.0976,0.0732,0.0244,0.1951,0.0732,0.0976,0.0244,0.0732,0.0488,0.0244,0.0,0.0488,52.66918918918921,15.104864864864865,14.554592549557764,16.962162162162162,0.8338,0.183,0.0,0.817,0.0,0.0,0.0,0.0,0.02702702702702703,0.0,0.0,0.0,0.0,0.0,0.02702702702702703,0.0,0.02702702702702703,0.0,0.0,0.0,0.0,0.0,0.02702702702702703,0.0,0.0,0.0,0.0,0.0,0.0,0.02702702702702703,0.0,0.0,0.0,0.0,0.0,0.0,0.0,0.0,0.0
1003_t0010_s017,1003,0,0,0,declarative,3,1,0,1.833,0,19,5,3.8,1.0,0.3333,0.5,0.1667,0.0,0.0,0.1667,0.1667,0.1667,0.0,0.1667,0.0,0.0,0.1667,0.0,0.0,0.0,0.0,0.0,83.32000000000004,2.879999999999999,8.841846274778883,10.0,0.4404,0.42,0.0,0.58,0.0,0.0,0.0,0.0,0.0,0.0,0.0,0.0,0.0,0.0,0.0,0.0,0.0,0.0,0.0,0.0,0.0,0.0,0.0,0.0,0.0,0.0,0.0,0.0,0.0,0.0,0.0,0.0,0.0,0.0,0.0,0.0,0.0,0.0,0.0
1003_t0010_s018,1003,0,0,0,declarative,6,3,2,2.429,0,53,15,3.533,0.8667,0.5238,0.3333,0.0952,0.0,0.0952,0.0476,0.1905,0.0952,0.0,0.2857,0.0,0.0952,0.0476,0.0476,0.0476,0.0,0.0,0.0,78.81000000000003,5.993333333333336,8.841846274778883,6.0,0.4767,0.181,0.0,0.819,0.0,0.0,0.0,0.06666666666666667,0.06666666666666667,0.0,0.0,0.0,0.0,0.0,0.06666666666666667,0.0,0.06666666666666667,0.0,0.0,0.0,0.0,0.0,0.0,0.0,0.0,0.0,0.0,0.0,0.0,0.0,0.0,0.0,0.0,0.0,0.0,0.0,0.0,0.0,0.0
1003_t0010_s019,1003,0,0,0,declarative,3,1,0,1.714,0,18,6,3.0,1.0,0.5714,0.2857,0.0,0.0,0.1429,0.1429,0.1429,0.0,0.0,0.1429,0.0,0.1429,0.1429,0.0,0.1429,0.0,0.0,0.0,116.14500000000001,-1.4499999999999993,3.1291,2.4000000000000004,0.0,0.0,0.0,1.0,0.0,0.0,0.0,0.0,0.0,0.0,0.0,0.0,0.0,0.0,0.0,0.0,0.0,0.0,0.0,0.0,0.0,0.0,0.0,0.0,0.0,0.0,0.0,0.0,0.0,0.0,0.0,0.0,0.0,0.0,0.0,0.0,0.0,0.0,0.0
1003_t0011_s001,1003,0,0,0,declarative,1,1,0,0.0,0,0,0,0.0,0.0,0.0,0.0,0.0,0.0,0.0,0.0,0.0,0.0,0.0,0.0,1.0,0.0,0.0,0.0,0.0,0.0,0.0,0.0,121.22000000000003,-3.3999999999999986,3.1291,0.4,0.0,0.0,0.0,1.0,0.0,0.0,0.0,0.0,0.0,0.0,0.0,0.0,0.0,0.0,0.0,0.0,0.0,0.0,0.0,0.0,0.0,0.0,0.0,0.0,0.0,0.0,0.0,0.0,0.0,0.0,0.0,0.0,0.0,0.0,0.0,0.0,0.0,0.0,0.0
1003_t0011_s002,1003,0,0,0,declarative,4,1,0,2.75,0,28,5,5.6,1.0,0.125,0.25,0.0,0.125,0.0,0.25,0.0,0.0,0.0,0.125,0.125,0.0,0.0,0.0,0.0,0.0,0.0,0.125,12.425000000000011,12.52,11.20814326018867,21.6,0.0,0.0,0.0,1.0,0.0,0.0,0.0,0.0,0.0,0.0,0.0,0.0,0.0,0.0,0.0,0.0,0.0,0.0,0.0,0.0,0.0,0.0,0.0,0.0,0.0,0.0,0.0,0.0,0.0,0.0,0.0,0.0,0.0,0.0,0.0,0.0,0.0,0.0,0.0
1003_t0012_s001,1003,0,0,0,declarative,6,2,2,3.0,0,78,16,4.875,1.0,0.5,0.3889,0.0556,0.0,0.0,0.1667,0.1111,0.1111,0.0,0.1667,0.0,0.1111,0.0556,0.0556,0.0,0.0556,0.0,0.0,58.4075,9.087500000000002,13.023866798666859,13.9,0.0,0.0,0.0,1.0,0.0,0.0,0.0625,0.0,0.0,0.0,0.0,0.0,0.0,0.0,0.0,0.0,0.0,0.0,0.0,0.0,0.0,0.0,0.0,0.0,0.0,0.0,0.0,0.0,0.0,0.0,0.0,0.0,0.0,0.0,0.0,0.0,0.0,0.0,0.0
1003_t0012_s002,1003,0,0,0,declarative,4,2,1,2.0,0,30,7,4.286,1.0,0.4444,0.4444,0.0,0.0,0.0,0.1111,0.1111,0.1111,0.1111,0.1111,0.0,0.1111,0.0,0.0,0.1111,0.1111,0.0,0.0,90.95857142857145,2.3114285714285714,3.1291,2.8000000000000003,0.0,0.0,0.0,1.0,0.0,0.0,0.0,0.0,0.0,0.0,0.0,0.0,0.0,0.0,0.0,0.0,0.0,0.0,0.0,0.0,0.0,0.0,0.0,0.0,0.0,0.0,0.0,0.0,0.0,0.0,0.0,0.0,0.0,0.0,0.0,0.0,0.0,0.0,0.0
1003_t0012_s003,1003,0,0,0,declarative,7,2,2,2.737,0,77,18,4.278,0.9444,0.6842,0.2632,0.1053,0.0,0.0526,0.1053,0.1053,0.0526,0.0,0.2105,0.0,0.1053,0.1053,0.1053,0.0,0.1053,0.0,0.0,61.665000000000006,9.130000000000003,11.20814326018867,11.644444444444446,0.4215,0.141,0.0,0.859,0.0,0.0,0.0,0.0,0.0,0.0,0.0,0.0,0.0,0.0,0.0,0.0,0.05555555555555555,0.0,0.0,0.0,0.0,0.0,0.0,0.0,0.0,0.0,0.0,0.0,0.0,0.0,0.0,0.0,0.0,0.0,0.0,0.0,0.0,0.0,0.0
1003_t0012_s004,1003,0,0,0,declarative,5,2,2,2.706,0,64,15,4.267,0.9333,0.4706,0.4118,0.0588,0.0,0.0588,0.1176,0.1176,0.1765,0.0,0.2353,0.0,0.0588,0.0588,0.0588,0.0,0.0,0.0,0.0,67.53000000000003,7.566666666666666,13.023866798666859,14.0,0.34,0.146,0.0,0.854,0.0,0.0,0.06666666666666667,0.0,0.0,0.0,0.0,0.0,0.0,0.0,0.0,0.0,0.0,0.0,0.0,0.0,0.0,0.0,0.0,0.0,0.0,0.0,0.0,0.0,0.0,0.0,0.0,0.0,0.0,0.0,0.0,0.0,0.0,0.0,0.0
1003_t0012_s005,1003,0,0,0,declarative,4,1,0,1.5,0,42,7,6.0,1.0,0.25,0.375,0.0,0.0,0.0,0.125,0.125,0.125,0.0,0.0,0.25,0.0,0.125,0.125,0.0,0.0,0.0,0.0,18.44428571428574,12.425714285714289,13.023866798666859,19.942857142857143,0.34,0.286,0.0,0.714,0.0,0.0,0.14285714285714285,0.0,0.0,0.0,0.0,0.0,0.0,0.0,0.0,0.0,0.0,0.0,0.0,0.0,0.0,0.0,0.0,0.0,0.0,0.0,0.0,0.0,0.0,0.0,0.0,0.0,0.0,0.0,0.0,0.0,0.0,0.0,0.0
1003_t0012_s006,1003,0,0,0,declarative,5,2,1,2.591,0,94,20,4.7,0.9,0.3182,0.2727,0.0,0.0,0.0,0.1364,0.0909,0.0,0.0455,0.0,0.2727,0.0455,0.0909,0.0455,0.0455,0.0455,0.0,0.0455,63.86500000000004,9.32,14.554592549557764,16.0,-0.5994,0.0,0.17,0.83,0.0,0.0,0.0,0.0,0.0,0.0,0.0,0.0,0.0,0.0,0.0,0.0,0.0,0.0,0.0,0.0,0.0,0.0,0.05,0.0,0.0,0.05,0.0,0.0,0.0,0.0,0.0,0.0,0.0,0.0,0.0,0.0,0.0,0.0,0.0
1003_t0012_s007,1003,0,0,0,declarative,7,2,2,2.667,0,70,16,4.375,0.875,0.4444,0.3333,0.1111,0.0,0.0556,0.1111,0.1111,0.0556,0.0556,0.1667,0.1111,0.0556,0.1111,0.0556,0.0,0.0556,0.0,0.0,79.5575,6.137499999999999,8.841846274778883,8.9,0.6369,0.219,0.0,0.781,0.0,0.0,0.0,0.0,0.0,0.0,0.0,0.0,0.0,0.0,0.0,0.0,0.0,0.0,0.0,0.0,0.0,0.0,0.0625,0.0,0.0,0.0,0.0,0.0,0.0625,0.0,0.0,0.0,0.0,0.0,0.0,0.0,0.0,0.0,0.0
1003_t0012_s008,1003,0,0,0,declarative,2,1,0,0.5,0,3,1,3.0,1.0,0.0,0.0,0.0,0.0,0.0,0.0,0.0,0.0,0.0,0.0,0.5,0.0,0.0,0.0,0.0,0.0,0.0,0.0,121.22000000000003,-3.3999999999999986,3.1291,0.4,0.0,0.0,0.0,1.0,0.0,0.0,0.0,0.0,0.0,0.0,0.0,0.0,0.0,0.0,0.0,0.0,0.0,0.0,0.0,0.0,0.0,0.0,0.0,0.0,0.0,0.0,0.0,0.0,0.0,0.0,0.0,0.0,0.0,0.0,0.0,0.0,0.0,0.0,0.0
1003_t0013_s001,1003,0,0,0,declarative,1,1,0,0.0,0,0,0,0.0,0.0,0.0,0.0,0.0,0.0,0.0,0.0,0.0,0.0,0.0,0.0,1.0,0.0,0.0,0.0,0.0,0.0,0.0,0.0,36.62000000000003,8.400000000000002,3.1291,0.4,0.0,0.0,0.0,1.0,0.0,0.0,0.0,0.0,0.0,0.0,0.0,0.0,0.0,0.0,0.0,0.0,0.0,0.0,0.0,0.0,0.0,0.0,0.0,0.0,0.0,0.0,0.0,0.0,0.0,0.0,0.0,0.0,0.0,0.0,0.0,0.0,0.0,0.0,0.0
1003_t0013_s002,1003,0,0,0,declarative,7,3,2,3.7,0,95,25,3.8,0.8,0.4,0.3333,0.0333,0.0,0.1667,0.1,0.2,0.0,0.0333,0.2333,0.1,0.0333,0.0,0.0333,0.0667,0.0333,0.0,0.0,86.708,7.376000000000001,8.841846274778883,11.600000000000001,0.3182,0.087,0.0,0.913,0.0,0.0,0.0,0.0,0.0,0.0,0.0,0.0,0.0,0.0,0.0,0.0,0.0,0.0,0.0,0.0,0.0,0.0,0.0,0.0,0.0,0.0,0.0,0.0,0.0,0.0,0.0,0.0,0.0,0.0,0.0,0.0,0.0,0.0,0.0
1003_t0013_s003,1003,0,0,0,declarative,2,1,0,1.0,0,9,3,3.0,1.0,0.25,0.5,0.0,0.0,0.25,0.0,0.25,0.0,0.25,0.25,0.0,0.0,0.0,0.0,0.0,0.0,0.0,0.0,119.19000000000003,-2.619999999999999,3.1291,1.2000000000000002,0.3182,0.535,0.0,0.465,0.0,0.0,0.0,0.0,0.0,0.0,0.0,0.0,0.0,0.0,0.0,0.0,0.0,0.0,0.0,0.0,0.0,0.0,0.0,0.0,0.0,0.0,0.0,0.0,0.0,0.0,0.0,0.0,0.0,0.0,0.0,0.0,0.0,0.0,0.0
1003_t0014_s001,1003,0,0,0,declarative,4,1,0,1.857,0,29,6,4.833,1.0,0.2857,0.0,0.0,0.0,0.0,0.0,0.0,0.0,0.0,0.0,0.5714,0.0,0.1429,0.1429,0.0,0.0,0.0,0.0,73.84500000000001,4.450000000000003,8.841846274778883,9.066666666666668,0.0,0.0,0.0,1.0,0.0,0.0,0.0,0.0,0.0,0.0,0.0,0.0,0.0,0.0,0.0,0.0,0.0,0.0,0.0,0.0,0.0,0.0,0.0,0.0,0.0,0.0,0.0,0.0,0.0,0.0,0.0,0.0,0.0,0.0,0.0,0.0,0.0,0.0,0.0
1003_t0015_s001,1003,0,1,0,imperative,2,1,0,2.0,0,14,3,4.667,1.0,0.2,0.2,0.0,0.2,0.0,0.0,0.2,0.0,0.0,0.2,0.2,0.0,0.0,0.0,0.0,0.0,0.0,0.0,90.99000000000004,1.3133333333333361,3.1291,1.2000000000000002,0.3612,0.556,0.0,0.444,0.0,0.0,0.0,0.0,0.0,0.0,0.0,0.0,0.0,0.0,0.0,0.0,0.0,0.0,0.0,0.0,0.0,0.0,0.0,0.0,0.0,0.0,0.0,0.0,0.0,0.0,0.0,0.0,0.0,0.0,0.0,0.0,0.0,0.0,0.0
1003_t0015_s002,1003,0,0,0,declarative,1,1,0,0.0,0,0,0,0.0,0.0,0.0,0.0,0.0,0.0,0.0,0.0,0.0,0.0,0.0,0.0,1.0,0.0,0.0,0.0,0.0,0.0,0.0,0.0,36.62000000000003,8.400000000000002,3.1291,0.4,0.0,0.0,0.0,1.0,0.0,0.0,0.0,0.0,0.0,0.0,0.0,0.0,0.0,0.0,0.0,0.0,0.0,0.0,0.0,0.0,0.0,0.0,0.0,0.0,0.0,0.0,0.0,0.0,0.0,0.0,0.0,0.0,0.0,0.0,0.0,0.0,0.0,0.0,0.0
1003_t0015_s003,1003,0,0,0,declarative,3,1,0,2.429,1,40,10,4.0,1.0,0.2143,0.2857,0.0714,0.0714,0.0,0.1429,0.0714,0.0714,0.0,0.1429,0.1429,0.0,0.0714,0.0,0.0,0.0,0.0714,0.0,86.70500000000001,3.650000000000002,8.841846274778883,8.0,0.128,0.209,0.171,0.62,0.0,0.0,0.0,0.0,0.0,0.0,0.0,0.0,0.0,0.0,0.0,0.0,0.0,0.0,0.0,0.0,0.0,0.0,0.0,0.0,0.0,0.0,0.0,0.0,0.0,0.0,0.0,0.0,0.0,0.0,0.0,0.0,0.0,0.0,0.0
1003_t0015_s004,1003,0,0,0,declarative,8,1,1,3.644,0,181,37,4.892,1.0,0.2889,0.4222,0.0,0.0,0.0,0.2444,0.0444,0.0889,0.0444,0.0222,0.0889,0.0444,0.0667,0.0889,0.0222,0.0444,0.0,0.0222,38.950270270270266,17.018378378378376,15.903189008614273,19.124324324324323,0.1154,0.076,0.065,0.859,0.0,0.02702702702702703,0.0,0.0,0.0,0.0,0.0,0.0,0.0,0.0,0.0,0.0,0.0,0.0,0.05405405405405406,0.02702702702702703,0.05405405405405406,0.02702702702702703,0.0,0.0,0.0,0.0,0.0,0.0,0.0,0.0,0.0,0.0,0.0,0.02702702702702703,0.0,0.0,0.0,0.0,0.0
1003_t0015_s005,1003,0,0,0,declarative,6,1,0,2.091,0,38,8,4.75,1.0,0.3636,0.4545,0.0,0.0,0.0,0.2727,0.0909,0.0,0.0909,0.0909,0.0,0.0,0.0,0.1818,0.0,0.0,0.0909,0.0,82.39000000000001,3.7550000000000026,3.1291,3.2,0.2263,0.213,0.0,0.787,0.0,0.0,0.0,0.0,0.0,0.0,0.0,0.0,0.0,0.0,0.0,0.0,0.0,0.0,0.125,0.0,0.125,0.0,0.0,0.0,0.0,0.0,0.0,0.0,0.0,0.0,0.0,0.0,0.0,0.0,0.0,0.0,0.0,0.0,0.0
1003_t0015_s006,1003,1,0,0,interrogative,5,1,1,3.0,1,40,9,4.444,0.8889,0.3077,0.4615,0.0,0.0,0.0,0.3077,0.0769,0.0769,0.0,0.0,0.0,0.0769,0.2308,0.0,0.0,0.0,0.0,0.0,66.10000000000002,6.2755555555555596,8.841846274778883,8.044444444444444,-0.5994,0.0,0.412,0.588,0.0,0.0,0.0,0.0,0.0,0.0,0.0,0.0,0.0,0.0,0.0,0.0,0.0,0.0,0.0,0.0,0.0,0.0,0.0,0.0,0.0,0.0,0.0,0.0,0.0,0.0,0.0,0.0,0.0,0.0,0.0,0.0,0.0,0.0,0.0
1003_t0016_s001,1003,0,0,0,declarative,5,1,1,2.556,1,48,13,3.692,1.0,0.3889,0.2778,0.0556,0.0,0.0,0.0556,0.1667,0.0,0.0556,0.1111,0.0,0.0556,0.0556,0.0556,0.0556,0.0556,0.1111,0.0,96.02461538461542,3.0953846153846136,3.1291,5.2,0.4019,0.184,0.0,0.816,0.0,0.0,0.0,0.0,0.0,0.0,0.0,0.0,0.0,0.0,0.0,0.0,0.0,0.0,0.0,0.0,0.0,0.0,0.0,0.0,0.0,0.0,0.0,0.0,0.0,0.0,0.0,0.0,0.0,0.0,0.0,0.0,0.0,0.0,0.0
1003_t0016_s002,1003,0,0,0,declarative,7,1,0,3.138,0,99,25,3.96,0.84,0.4483,0.3103,0.0,0.0,0.0,0.1724,0.0345,0.069,0.0345,0.0,0.069,0.1379,0.1034,0.1379,0.069,0.0,0.0,0.069,73.06807692307696,9.52692307692308,11.20814326018867,11.938461538461539,-0.2732,0.0,0.077,0.923,0.0,0.0,0.0,0.0,0.0,0.0,0.0,0.0,0.0,0.0,0.0,0.0,0.0,0.0,0.038461538461538464,0.038461538461538464,0.038461538461538464,0.0,0.0,0.0,0.0,0.0,0.0,0.0,0.0,0.0,0.0,0.0,0.0,0.0,0.0,0.0,0.0,0.0,0.0
1003_t0016_s003,1003,0,0,0,declarative,4,3,2,2.769,0,42,12,3.5,1.0,0.4615,0.4615,0.0769,0.0,0.0,0.0769,0.3077,0.0,0.0769,0.1538,0.0,0.0769,0.0769,0.0,0.0769,0.0,0.0,0.0,88.905,3.84,8.841846274778883,8.133333333333335,0.144,0.124,0.0,0.876,0.0,0.0,0.0,0.0,0.08333333333333333,0.0,0.0,0.0,0.0,0.0,0.0,0.0,0.0,0.0,0.0,0.0,0.0,0.0,0.0,0.0,0.0,0.0,0.0,0.0,0.0,0.0,0.0,0.0,0.0,0.0,0.0,0.0,0.0,0.0,0.0
1003_t0016_s004,1003,0,0,0,declarative,5,2,1,2.308,1,32,11,2.909,1.0,0.6154,0.3077,0.0769,0.0,0.0769,0.1538,0.1538,0.0,0.0,0.1538,0.0,0.0769,0.0769,0.1538,0.0,0.0,0.0,0.0,103.37909090909093,1.572727272727274,3.1291,4.4,-0.4767,0.221,0.288,0.491,0.0,0.09090909090909091,0.0,0.09090909090909091,0.0,0.09090909090909091,0.0,0.0,0.0,0.0,0.0,0.0,0.0,0.0,0.09090909090909091,0.0,0.09090909090909091,0.09090909090909091,0.0,0.0,0.0,0.09090909090909091,0.09090909090909091,0.09090909090909091,0.0,0.0,0.0,0.0,0.0,0.0,0.0,0.0,0.0,0.0,0.09090909090909091
1003_t0016_s005,1003,0,0,0,declarative,9,1,0,3.92,0,96,23,4.174,0.7826,0.48,0.4,0.0,0.0,0.0,0.32,0.0,0.08,0.0,0.0,0.04,0.0,0.2,0.24,0.04,0.0,0.0,0.0,58.429130434782635,10.823478260869567,13.023866798666859,12.678260869565218,0.3612,0.102,0.0,0.898,0.0,0.0,0.0,0.0,0.0,0.0,0.0,0.0,0.0,0.0,0.0,0.0,0.0,0.08695652173913043,0.0,0.08695652173913043,0.043478260869565216,0.0,0.0,0.0,0.0,0.0,0.0,0.0,0.0,0.0,0.0,0.0,0.0,0.0,0.0,0.0,0.0,0.0,0.0
1003_t0016_s006,1003,0,0,0,declarative,4,2,2,2.091,0,40,10,4.0,1.0,0.4545,0.4545,0.0,0.0909,0.0,0.2727,0.1818,0.0,0.0,0.0909,0.0,0.0909,0.0909,0.0,0.0909,0.0,0.0,0.0,86.70500000000001,3.650000000000002,8.841846274778883,8.0,-0.6908,0.0,0.343,0.657,0.0,0.0,0.0,0.1,0.0,0.1,0.0,0.0,0.0,0.0,0.0,0.0,0.1,0.0,0.0,0.0,0.0,0.0,0.0,0.0,0.0,0.1,0.1,0.1,0.0,0.0,0.0,0.0,0.0,0.0,0.0,0.0,0.0,0.0,0.1
1003_t0016_s007,1003,0,0,0,declarative,3,2,1,2.562,2,30,12,2.5,0.5833,0.6875,0.1875,0.125,0.0,0.0,0.0,0.1875,0.0,0.0,0.25,0.0,0.125,0.0,0.0,0.125,0.0,0.0,0.0,110.055,0.8900000000000006,3.1291,4.800000000000001,0.0772,0.106,0.0,0.894,0.0,0.0,0.0,0.0,0.0,0.0,0.0,0.0,0.0,0.0,0.0,0.0,0.0,0.0,0.0,0.0,0.0,0.0,0.0,0.0,0.0,0.0,0.0,0.0,0.0,0.0,0.0,0.0,0.0,0.0,0.0,0.0,0.0,0.0,0.0
1003_t0016_s008,1003,0,0,0,declarative,4,1,0,2.0,0,41,9,4.556,1.0,0.6,0.3,0.1,0.0,0.0,0.0,0.1,0.1,0.1,0.3,0.0,0.2,0.0,0.0,0.1,0.0,0.0,0.0,84.90000000000003,3.653333333333336,3.1291,3.6,0.4404,0.266,0.0,0.734,0.0,0.0,0.0,0.0,0.0,0.0,0.0,0.0,0.0,0.0,0.0,0.0,0.0,0.0,0.0,0.0,0.0,0.0,0.0,0.0,0.0,0.0,0.0,0.0,0.0,0.0,0.0,0.0,0.0,0.0,0.0,0.0,0.0,0.0,0.0
1003_t0016_s009,1003,0,0,0,declarative,7,4,3,2.304,0,93,19,4.895,0.5789,0.4783,0.4348,0.0,0.0,0.087,0.1739,0.1739,0.087,0.0,0.087,0.0,0.087,0.087,0.087,0.0435,0.0,0.0,0.0,49.518421052631595,11.07263157894737,14.554592549557764,16.02105263157895,0.0,0.0,0.0,1.0,0.0,0.0,0.0,0.0,0.0,0.0,0.0,0.0,0.0,0.0,0.0,0.0,0.0,0.05263157894736842,0.0,0.05263157894736842,0.0,0.10526315789473684,0.05263157894736842,0.10526315789473684,0.0,0.0,0.0,0.0,0.0,0.0,0.0,0.0,0.0,0.0,0.0,0.0,0.0,0.0,0.0
1003_t0016_s010,1003,0,0,0,declarative,8,4,4,3.688,1,127,30,4.233,0.9333,0.5,0.4062,0.0312,0.0,0.0,0.1875,0.125,0.0312,0.0625,0.125,0.0312,0.0625,0.0938,0.0625,0.0938,0.0,0.0,0.0312,63.47967741935486,12.106451612903225,11.20814326018867,14.980645161290324,0.3291,0.134,0.0,0.866,0.0,0.0,0.0,0.0,0.0,0.0,0.0,0.0,0.0,0.0,0.0,0.0,0.0,0.0,0.0,0.0,0.0,0.03225806451612903,0.0,0.0,0.0,0.0,0.0,0.0,0.0,0.0,0.0,0.0,0.0,0.0,0.0,0.0,0.0,0.0,0.0
1003_t0016_s011,1003,0,0,0,declarative,5,1,0,2.0,0,29,8,3.625,1.0,0.4444,0.4444,0.1111,0.0,0.0,0.2222,0.1111,0.1111,0.0,0.1111,0.0,0.0,0.2222,0.1111,0.0,0.0,0.0,0.0,103.54,0.8049999999999997,3.1291,3.2,0.0,0.0,0.0,1.0,0.0,0.0,0.0,0.0,0.0,0.0,0.0,0.0,0.0,0.0,0.0,0.0,0.0,0.0,0.0,0.0,0.0,0.0,0.0,0.0,0.0,0.0,0.0,0.0,0.0,0.0,0.0,0.0,0.0,0.0,0.0,0.0,0.0,0.0,0.0
1003_t0016_s012,1003,0,0,0,declarative,4,3,2,1.933,0,60,13,4.615,0.9231,0.4,0.4667,0.0,0.0,0.0667,0.1333,0.1333,0.1333,0.0667,0.1333,0.0,0.0667,0.1333,0.0667,0.0,0.0,0.0,0.0,76.50153846153849,5.818461538461541,8.841846274778883,5.2,0.7096,0.349,0.0,0.651,0.0,0.0,0.0,0.0,0.0,0.0,0.0,0.0,0.0,0.0,0.0,0.0,0.0,0.0,0.0,0.0,0.0,0.0,0.0,0.0,0.0,0.0,0.0,0.0,0.0,0.0,0.07692307692307693,0.0,0.0,0.0,0.0,0.0,0.0,0.0,0.0
1003_t0016_s013,1003,0,0,0,declarative,4,2,1,1.75,0,34,7,4.857,1.0,0.5,0.375,0.0,0.0,0.125,0.125,0.25,0.0,0.0,0.25,0.0,0.0,0.125,0.0,0.125,0.0,0.0,0.0,66.7871428571429,5.682857142857145,8.841846274778883,8.514285714285714,0.0,0.0,0.0,1.0,0.0,0.0,0.0,0.0,0.0,0.0,0.0,0.0,0.0,0.0,0.0,0.0,0.0,0.0,0.0,0.0,0.0,0.0,0.0,0.0,0.0,0.0,0.0,0.0,0.0,0.0,0.0,0.0,0.0,0.0,0.0,0.0,0.0,0.0,0.0
1003_t0016_s014,1003,0,0,0,declarative,4,1,0,2.143,0,27,6,4.5,1.0,0.4286,0.0,0.0,0.0,0.1429,0.0,0.0,0.0,0.0,0.1429,0.4286,0.1429,0.1429,0.0,0.0,0.0,0.0,0.0,73.84500000000001,4.450000000000003,8.841846274778883,2.4000000000000004,0.4215,0.359,0.0,0.641,0.0,0.0,0.0,0.0,0.0,0.0,0.0,0.0,0.0,0.0,0.0,0.0,0.0,0.0,0.0,0.0,0.0,0.0,0.0,0.0,0.0,0.0,0.0,0.0,0.0,0.0,0.0,0.0,0.0,0.0,0.0,0.0,0.0,0.0,0.0
1003_t0016_s015,1003,0,0,0,declarative,4,1,0,2.692,0,45,11,4.091,1.0,0.4615,0.1538,0.0,0.0,0.0,0.0769,0.0769,0.0,0.0,0.0,0.0769,0.0769,0.0769,0.1538,0.0769,0.0,0.0,0.1538,87.99727272727276,3.7181818181818187,8.841846274778883,8.036363636363637,-0.4767,0.0,0.237,0.763,0.0,0.0,0.0,0.0,0.0,0.0,0.0,0.0,0.0,0.0,0.0,0.0,0.0,0.0,0.0,0.0,0.0,0.0,0.0,0.0,0.0,0.0,0.0,0.0,0.0,0.0,0.0,0.0,0.0,0.0,0.0,0.0,0.0,0.0,0.0
1003_t0016_s016,1003,0,0,0,declarative,7,2,1,2.762,0,96,20,4.8,0.75,0.5238,0.4286,0.0,0.0,0.0,0.2381,0.0952,0.0952,0.0,0.0,0.0,0.0476,0.1905,0.0952,0.1429,0.0,0.0,0.0,55.40500000000003,10.500000000000004,13.023866798666859,14.0,0.0,0.0,0.0,1.0,0.0,0.0,0.0,0.0,0.0,0.0,0.0,0.0,0.0,0.0,0.0,0.0,0.0,0.05,0.0,0.05,0.0,0.05,0.05,0.05,0.0,0.0,0.0,0.0,0.0,0.0,0.0,0.0,0.0,0.0,0.0,0.0,0.0,0.0,0.0
1003_t0016_s017,1003,0,0,0,declarative,3,2,1,1.75,0,18,6,3.0,1.0,0.375,0.5,0.125,0.0,0.0,0.0,0.25,0.0,0.25,0.25,0.0,0.0,0.0,0.0,0.0,0.0,0.0,0.0,116.14500000000001,-1.4499999999999993,3.1291,2.4000000000000004,0.0,0.0,0.0,1.0,0.0,0.0,0.0,0.0,0.0,0.0,0.0,0.0,0.0,0.0,0.0,0.0,0.0,0.0,0.0,0.0,0.0,0.0,0.0,0.0,0.0,0.0,0.0,0.0,0.0,0.0,0.0,0.0,0.0,0.0,0.0,0.0,0.0,0.0,0.0
1003_t0016_s018,1003,0,0,0,declarative,5,2,2,3.435,1,81,19,4.263,0.9474,0.5217,0.3913,0.087,0.0,0.087,0.087,0.1739,0.087,0.0435,0.2174,0.0,0.087,0.087,0.0435,0.0435,0.0,0.0,0.0,62.87631578947371,9.209473684210526,13.023866798666859,13.915789473684212,-0.5859,0.0,0.266,0.734,0.0,0.0,0.0,0.0,0.0,0.0,0.0,0.0,0.0,0.0,0.0,0.0,0.0,0.0,0.0,0.0,0.0,0.0,0.0,0.0,0.0,0.0,0.0,0.0,0.0,0.0,0.0,0.0,0.0,0.05263157894736842,0.0,0.0,0.0,0.0,0.0
1003_t0017_s001,1003,0,0,0,declarative,1,1,0,0.0,0,0,0,0.0,0.0,0.0,0.0,0.0,0.0,0.0,0.0,0.0,0.0,0.0,0.0,1.0,0.0,0.0,0.0,0.0,0.0,0.0,0.0,121.22000000000003,-3.3999999999999986,3.1291,0.4,0.0,0.0,0.0,1.0,0.0,0.0,0.0,0.0,0.0,0.0,0.0,0.0,0.0,0.0,0.0,0.0,0.0,0.0,0.0,0.0,0.0,0.0,0.0,0.0,0.0,0.0,0.0,0.0,0.0,0.0,0.0,0.0,0.0,0.0,0.0,0.0,0.0,0.0,0.0
1003_t0017_s002,1003,0,0,0,declarative,4,1,0,2.75,0,28,5,5.6,1.0,0.125,0.25,0.0,0.125,0.0,0.25,0.0,0.0,0.0,0.125,0.125,0.0,0.0,0.0,0.0,0.0,0.0,0.125,33.57500000000002,9.57,8.841846274778883,11.600000000000001,0.0,0.0,0.0,1.0,0.0,0.0,0.0,0.0,0.0,0.0,0.0,0.0,0.0,0.0,0.0,0.0,0.0,0.0,0.0,0.0,0.0,0.0,0.0,0.0,0.0,0.0,0.0,0.0,0.0,0.0,0.0,0.0,0.0,0.0,0.0,0.0,0.0,0.0,0.0
1003_t0018_s001,1003,0,0,0,declarative,4,1,0,2.111,0,33,7,4.714,1.0,0.2222,0.2222,0.0,0.0,0.0,0.1111,0.1111,0.0,0.0,0.0,0.3333,0.0,0.2222,0.0,0.0,0.0,0.0,0.0,90.95857142857145,2.3114285714285714,8.841846274778883,8.514285714285714,0.0,0.0,0.0,1.0,0.0,0.0,0.0,0.0,0.0,0.0,0.0,0.0,0.0,0.0,0.0,0.0,0.0,0.0,0.0,0.0,0.0,0.0,0.0,0.0,0.0,0.0,0.0,0.0,0.0,0.0,0.0,0.0,0.0,0.0,0.0,0.0,0.0,0.0,0.0
1003_t0018_s002,1003,0,0,0,declarative,4,1,0,2.333,0,40,10,4.0,1.0,0.4167,0.4167,0.0,0.0,0.1667,0.1667,0.0833,0.0833,0.0833,0.1667,0.0,0.0833,0.0833,0.0833,0.0,0.0,0.0,0.0833,86.70500000000001,3.650000000000002,8.841846274778883,4.0,-0.4767,0.0,0.256,0.744,0.0,0.0,0.0,0.0,0.0,0.0,0.0,0.0,0.0,0.0,0.0,0.0,0.0,0.0,0.0,0.0,0.0,0.0,0.0,0.0,0.0,0.0,0.0,0.0,0.0,0.0,0.0,0.0,0.0,0.0,0.0,0.0,0.0,0.0,0.0
1003_t0018_s003,1003,0,0,0,declarative,5,1,1,2.083,1,30,9,3.333,0.8889,0.5833,0.3333,0.0,0.0,0.1667,0.0833,0.0833,0.0833,0.0833,0.1667,0.0,0.1667,0.0833,0.0833,0.0,0.0,0.0,0.0,84.90000000000003,3.653333333333336,3.1291,3.6,0.2878,0.213,0.0,0.787,0.0,0.0,0.0,0.0,0.0,0.0,0.0,0.0,0.0,0.0,0.0,0.0,0.0,0.1111111111111111,0.1111111111111111,0.0,0.0,0.0,0.0,0.0,0.0,0.0,0.0,0.0,0.0,0.0,0.0,0.0,0.0,0.0,0.0,0.0,0.0,0.0,0.0
1003_t0018_s004,1003,0,0,0,declarative,5,1,1,2.188,0,59,14,4.214,0.9286,0.6875,0.25,0.125,0.0,0.0,0.0625,0.125,0.0625,0.0,0.25,0.0625,0.0625,0.0625,0.125,0.0625,0.125,0.0,0.0,67.53000000000003,7.566666666666666,11.20814326018867,11.333333333333336,0.0,0.0,0.0,1.0,0.0,0.0,0.0,0.0,0.0,0.0,0.0,0.0,0.0,0.0,0.0,0.0,0.0,0.0,0.0,0.0,0.0,0.0,0.0,0.0,0.0,0.0,0.0,0.0,0.0,0.0,0.0,0.0,0.0,0.0,0.0,0.0,0.0,0.0,0.0
1003_t0018_s005,1003,0,0,0,declarative,11,2,3,2.629,0,161,33,4.879,0.9697,0.4,0.5143,0.0,0.0,0.0571,0.2286,0.1143,0.0857,0.0857,0.1143,0.0286,0.0286,0.1143,0.1143,0.0,0.0,0.0,0.0,34.903636363636366,16.589090909090917,15.903189008614273,16.83636363636364,-0.2023,0.086,0.081,0.833,0.0,0.0,0.0,0.0,0.0,0.0,0.0,0.0,0.0,0.0,0.0,0.0,0.0,0.0,0.0,0.0,0.0,0.0,0.0,0.0,0.0,0.0,0.0,0.0,0.0,0.030303030303030304,0.0,0.0,0.0,0.0,0.0,0.0,0.0,0.0,0.0
1003_t0018_s006,1003,0,0,0,declarative,5,3,3,3.056,1,65,15,4.333,0.8667,0.5,0.3889,0.0,0.0,0.1667,0.1111,0.2222,0.0,0.0556,0.1667,0.0,0.1111,0.0556,0.0,0.0,0.0556,0.0,0.0,73.17000000000003,6.780000000000001,8.841846274778883,8.666666666666668,-0.4767,0.0,0.181,0.819,0.0,0.0,0.0,0.0,0.0,0.0,0.0,0.0,0.0,0.0,0.0,0.0,0.06666666666666667,0.0,0.0,0.0,0.0,0.0,0.0,0.0,0.0,0.0,0.0,0.0,0.0,0.0,0.0,0.0,0.0,0.06666666666666667,0.0,0.0,0.0,0.0,0.0
1003_t0018_s007,1003,0,0,0,declarative,9,4,3,4.457,0,110,29,3.793,0.8966,0.4286,0.3429,0.0286,0.0,0.0857,0.1714,0.1429,0.0286,0.0,0.1143,0.0,0.0286,0.1143,0.0857,0.0286,0.0,0.0,0.1143,72.3793103448276,10.368275862068966,8.841846274778883,12.979310344827589,0.4215,0.101,0.044,0.854,0.0,0.034482758620689655,0.0,0.0,0.0,0.0,0.0,0.0,0.0,0.0,0.0,0.0,0.0,0.0,0.06896551724137931,0.034482758620689655,0.034482758620689655,0.034482758620689655,0.0,0.0,0.0,0.0,0.0,0.0,0.0,0.0,0.0,0.0,0.0,0.0,0.0,0.0,0.0,0.0,0.0
1003_t0018_s008,1003,0,0,0,declarative,8,1,1,2.067,0,65,13,5.0,1.0,0.4667,0.4667,0.0,0.0,0.0667,0.2667,0.1333,0.0667,0.0,0.0667,0.0,0.1333,0.0667,0.1333,0.0667,0.0,0.0,0.0,69.99384615384618,6.726153846153846,8.841846274778883,8.276923076923078,0.0,0.0,0.0,1.0,0.0,0.0,0.0,0.0,0.0,0.0,0.0,0.0,0.0,0.0,0.0,0.0,0.0,0.0,0.0,0.0,0.0,0.0,0.0,0.0,0.0,0.0,0.0,0.0,0.0,0.0,0.0,0.0,0.0,0.0,0.0,0.0,0.0,0.0,0.0
1003_t0018_s009,1003,0,0,0,declarative,10,2,5,3.848,0,264,59,4.475,0.8136,0.4697,0.4091,0.0606,0.0,0.0,0.1515,0.1061,0.0758,0.0758,0.0909,0.0,0.0606,0.1212,0.1061,0.0303,0.0455,0.0152,0.0303,16.46525423728815,25.620000000000008,20.267338824336647,27.66779661016949,-0.1779,0.066,0.092,0.842,0.0,0.0,0.0,0.01694915254237288,0.0,0.0,0.0,0.0,0.0,0.0,0.0,0.0,0.0,0.0,0.05084745762711865,0.0,0.01694915254237288,0.0,0.0,0.0,0.0,0.0,0.0,0.0,0.0,0.0,0.0,0.0,0.0,0.0,0.0,0.0,0.0,0.0,0.0
1003_t0018_s010,1003,0,0,0,declarative,7,4,6,2.556,2,129,31,4.161,0.8065,0.4722,0.3611,0.0278,0.0,0.0,0.1111,0.1667,0.0833,0.0,0.1389,0.0278,0.1111,0.0833,0.0556,0.0,0.0,0.0278,0.0,66.20870967741936,11.725806451612904,11.20814326018867,14.980645161290324,-0.5719,0.054,0.186,0.761,0.0,0.0,0.0,0.03225806451612903,0.0,0.0,0.0,0.0,0.0,0.0,0.0,0.0,0.0,0.03225806451612903,0.0,0.06451612903225806,0.0,0.0,0.06451612903225806,0.0,0.0,0.0,0.03225806451612903,0.0,0.0,0.0,0.0,0.0,0.0,0.0,0.0,0.0,0.0,0.0,0.03225806451612903
1003_t0019_s001,1003,0,0,0,declarative,1,1,0,0.0,0,8,1,8.0,1.0,0.0,1.0,0.0,0.0,0.0,1.0,0.0,0.0,0.0,0.0,0.0,0.0,0.0,0.0,0.0,0.0,0.0,0.0,-47.97999999999996,20.200000000000006,8.841846274778883,40.400000000000006,0.0,0.0,0.0,1.0,0.0,0.0,0.0,0.0,0.0,0.0,0.0,0.0,0.0,0.0,0.0,0.0,0.0,0.0,0.0,0.0,0.0,0.0,0.0,0.0,0.0,0.0,0.0,0.0,0.0,0.0,0.0,0.0,0.0,0.0,0.0,0.0,0.0,0.0,0.0
1003_t0020_s001,1003,0,0,0,declarative,10,1,1,2.565,0,76,22,3.455,0.7727,0.5652,0.2609,0.0435,0.0,0.087,0.0435,0.1739,0.0,0.0435,0.1739,0.1304,0.0435,0.1304,0.1304,0.087,0.0,0.0,0.0,84.52318181818181,6.935454545454547,8.841846274778883,8.8,0.4215,0.118,0.0,0.882,0.0,0.0,0.0,0.0,0.0,0.0,0.0,0.0,0.0,0.0,0.0,0.0,0.0,0.045454545454545456,0.0,0.0,0.045454545454545456,0.0,0.0,0.0,0.0,0.0,0.0,0.0,0.0,0.0,0.0,0.0,0.0,0.0,0.0,0.0,0.0,0.0,0.0
1003_t0021_s001,1003,0,0,0,declarative,3,1,0,1.4,0,20,4,5.0,1.0,0.4,0.0,0.0,0.0,0.0,0.0,0.0,0.0,0.0,0.0,0.4,0.0,0.0,0.2,0.2,0.0,0.0,0.0,33.57500000000002,9.57,11.20814326018867,21.6,0.0,0.0,0.0,1.0,0.0,0.0,0.0,0.0,0.0,0.0,0.0,0.0,0.0,0.0,0.0,0.0,0.0,0.0,0.0,0.0,0.0,0.0,0.0,0.0,0.0,0.0,0.0,0.0,0.0,0.0,0.0,0.0,0.0,0.0,0.0,0.0,0.0,0.0,0.0
1003_t0022_s001,1003,0,0,0,declarative,10,4,3,2.69,0,106,26,4.077,0.8462,0.5172,0.3448,0.0345,0.1034,0.0345,0.1379,0.1724,0.0345,0.0,0.2069,0.0345,0.069,0.0345,0.1724,0.0,0.0345,0.0,0.0345,60.05269230769234,11.342307692307696,11.20814326018867,13.476923076923079,0.0,0.0,0.0,1.0,0.0,0.0,0.0,0.0,0.0,0.0,0.0,0.0,0.0,0.0,0.0,0.0,0.0,0.0,0.0,0.0,0.0,0.0,0.0,0.0,0.0,0.0,0.0,0.0,0.0,0.0,0.0,0.0,0.0,0.0,0.0,0.0,0.0,0.0,0.0
1003_t0022_s002,1003,1,0,0,interrogative,6,2,1,4.417,0,108,21,5.143,0.9048,0.375,0.4583,0.0,0.0833,0.0,0.2083,0.0833,0.125,0.0417,0.0833,0.0,0.0833,0.125,0.0417,0.0,0.0417,0.0,0.0417,38.48500000000004,12.860000000000003,14.554592549557764,14.0,0.4019,0.124,0.0,0.876,0.0,0.05,0.05,0.0,0.0,0.0,0.0,0.0,0.0,0.0,0.0,0.0,0.05,0.0,0.0,0.0,0.0,0.05,0.0,0.0,0.0,0.0,0.0,0.0,0.0,0.0,0.0,0.0,0.0,0.0,0.0,0.0,0.0,0.0,0.0
1003_t0023_s001,1003,0,0,0,declarative,5,4,3,2.545,3,55,17,3.235,0.8235,0.5455,0.2273,0.1818,0.0,0.0,0.0,0.1364,0.0455,0.0455,0.2273,0.0,0.1364,0.0,0.0455,0.0455,0.0,0.0455,0.0455,90.05058823529413,4.92235294117647,3.1291,6.800000000000001,0.0869,0.119,0.102,0.779,0.0,0.0,0.0,0.058823529411764705,0.0,0.0,0.0,0.0,0.0,0.0,0.0,0.0,0.0,0.0,0.0,0.0,0.0,0.0,0.0,0.0,0.0,0.0,0.0,0.0,0.0,0.0,0.0,0.0,0.0,0.0,0.0,0.0,0.0,0.0,0.0
1003_t0023_s002,1003,0,0,0,declarative,6,2,1,2.0,1,39,9,4.333,1.0,0.5,0.4,0.0,0.0,0.0,0.1,0.3,0.0,0.0,0.2,0.0,0.1,0.1,0.1,0.0,0.0,0.0,0.0,66.10000000000002,6.2755555555555596,8.841846274778883,8.044444444444444,-0.296,0.0,0.216,0.784,0.0,0.0,0.0,0.0,0.0,0.0,0.0,0.0,0.0,0.0,0.0,0.0,0.0,0.0,0.0,0.0,0.0,0.0,0.0,0.0,0.0,0.0,0.0,0.0,0.0,0.0,0.0,0.0,0.0,0.0,0.0,0.0,0.0,0.0,0.0
1003_t0023_s003,1003,0,0,0,declarative,12,7,11,3.542,2,365,85,4.294,0.6353,0.5104,0.375,0.0417,0.0,0.0625,0.1458,0.1562,0.0625,0.0104,0.1562,0.0208,0.0938,0.0833,0.125,0.0208,0.0104,0.0,0.0,1.1247058823529557,34.218823529411765,21.19438992294339,38.70588235294118,0.128,0.092,0.097,0.812,0.0,0.0,0.0,0.011764705882352941,0.0,0.011764705882352941,0.0,0.0,0.0,0.0,0.0,0.0,0.011764705882352941,0.0,0.011764705882352941,0.0,0.0,0.0,0.011764705882352941,0.0,0.0,0.0,0.011764705882352941,0.0,0.0,0.0,0.0,0.0,0.0,0.0,0.0,0.0,0.0,0.0,0.011764705882352941
1003_t0023_s004,1003,0,0,0,declarative,9,2,2,2.941,1,126,29,4.345,0.8621,0.5588,0.3529,0.0,0.0,0.1176,0.1176,0.1471,0.0588,0.0294,0.1765,0.0294,0.0882,0.0588,0.1176,0.0882,0.0,0.0,0.0,43.20689655172416,14.437241379310347,13.023866798666859,14.358620689655172,-0.6124,0.0,0.156,0.844,0.0,0.0,0.0,0.0,0.0,0.0,0.0,0.0,0.0,0.0,0.0,0.0,0.0,0.0,0.06896551724137931,0.0,0.0,0.0,0.0,0.0,0.0,0.0,0.0,0.0,0.0,0.0,0.0,0.0,0.0,0.0,0.0,0.0,0.0,0.0,0.0
1003_t0023_s005,1003,0,0,0,declarative,1,1,0,0.0,0,0,0,0.0,0.0,0.0,0.0,0.0,0.0,0.0,0.0,0.0,0.0,0.0,0.0,1.0,0.0,0.0,0.0,0.0,0.0,0.0,0.0,36.62000000000003,8.400000000000002,3.1291,0.4,0.0,0.0,0.0,1.0,0.0,0.0,0.0,0.0,0.0,0.0,0.0,0.0,0.0,0.0,0.0,0.0,0.0,0.0,0.0,0.0,0.0,0.0,0.0,0.0,0.0,0.0,0.0,0.0,0.0,0.0,0.0,0.0,0.0,0.0,0.0,0.0,0.0,0.0,0.0
1003_t0023_s006,1003,0,0,0,declarative,6,3,2,2.308,0,44,12,3.667,1.0,0.4615,0.3077,0.0769,0.0,0.0,0.0769,0.2308,0.0,0.0,0.0769,0.1538,0.0769,0.1538,0.0769,0.0,0.0,0.0,0.0,74.805,5.806666666666668,11.20814326018867,8.133333333333335,0.0,0.0,0.0,1.0,0.0,0.0,0.0,0.0,0.0,0.0,0.0,0.0,0.0,0.0,0.0,0.0,0.0,0.0,0.0,0.0,0.0,0.0,0.0,0.0,0.0,0.0,0.0,0.0,0.0,0.0,0.0,0.0,0.0,0.0,0.0,0.0,0.0,0.0,0.0
1003_t0023_s007,1003,0,0,0,declarative,4,3,2,2.6,1,25,8,3.125,1.0,0.6,0.3,0.1,0.0,0.0,0.0,0.3,0.0,0.0,0.3,0.0,0.1,0.0,0.0,0.0,0.0,0.0,0.0,103.54,0.8049999999999997,3.1291,3.2,0.0,0.0,0.0,1.0,0.0,0.0,0.0,0.0,0.0,0.0,0.0,0.0,0.0,0.0,0.0,0.0,0.0,0.0,0.0,0.0,0.0,0.0,0.0,0.0,0.0,0.0,0.0,0.0,0.0,0.0,0.0,0.0,0.0,0.0,0.0,0.0,0.0,0.0,0.0
1003_t0023_s008,1003,0,0,0,declarative,5,1,0,1.889,0,27,7,3.857,1.0,0.4444,0.4444,0.1111,0.0,0.0,0.3333,0.1111,0.0,0.0,0.1111,0.0,0.0,0.1111,0.2222,0.0,0.0,0.0,0.0,90.95857142857145,2.3114285714285714,8.841846274778883,8.514285714285714,0.0,0.0,0.0,1.0,0.0,0.0,0.0,0.0,0.0,0.0,0.0,0.0,0.0,0.0,0.0,0.0,0.0,0.0,0.14285714285714285,0.0,0.0,0.0,0.0,0.0,0.0,0.0,0.0,0.0,0.0,0.0,0.0,0.0,0.0,0.0,0.0,0.0,0.0,0.0,0.0
1003_t0023_s009,1003,0,0,0,declarative,11,3,5,5.841,1,164,35,4.686,0.8857,0.4091,0.3636,0.0455,0.0,0.0227,0.0682,0.2045,0.0682,0.0227,0.1136,0.0455,0.0909,0.0,0.1136,0.0455,0.0455,0.0,0.0455,36.34500000000003,17.133333333333336,14.554592549557764,18.844444444444445,-0.1531,0.0,0.044,0.956,0.0,0.0,0.0,0.027777777777777776,0.0,0.0,0.0,0.0,0.0,0.0,0.0,0.0,0.0,0.0,0.0,0.0,0.0,0.0,0.0,0.0,0.0,0.0,0.0,0.0,0.0,0.0,0.0,0.0,0.0,0.0,0.0,0.0,0.0,0.0,0.0
1003_t0023_s010,1003,0,0,0,declarative,21,2,5,4.03,0,375,80,4.688,0.725,0.3465,0.4158,0.0495,0.0099,0.0099,0.1782,0.0891,0.1188,0.0297,0.0891,0.0198,0.0297,0.0792,0.0792,0.0495,0.0198,0.0,0.0396,-6.858192771084319,34.835421686747,22.918633597333717,37.53734939759036,0.9702,0.257,0.026,0.716,0.0,0.0,0.0,0.012048192771084338,0.012048192771084338,0.012048192771084338,0.0,0.0,0.0,0.012048192771084338,0.0,0.0,0.012048192771084338,0.024096385542168676,0.024096385542168676,0.04819277108433735,0.03614457831325301,0.0,0.012048192771084338,0.0,0.0,0.0,0.0,0.0,0.0,0.024096385542168676,0.012048192771084338,0.012048192771084338,0.012048192771084338,0.0,0.0,0.0,0.0,0.0,0.0
1003_t0023_s011,1003,0,0,0,declarative,7,1,1,3.071,0,100,26,3.846,0.9231,0.5357,0.3929,0.0714,0.0,0.0,0.1429,0.1071,0.1429,0.0,0.1429,0.0,0.0714,0.1429,0.1429,0.0357,0.0,0.0,0.0,79.57576923076925,8.619230769230771,8.841846274778883,11.938461538461539,0.7351,0.205,0.0,0.795,0.0,0.0,0.0,0.0,0.0,0.038461538461538464,0.0,0.0,0.0,0.038461538461538464,0.0,0.0,0.0,0.0,0.0,0.0,0.0,0.0,0.0,0.0,0.0,0.0,0.0,0.0,0.0,0.0,0.0,0.0,0.0,0.0,0.0,0.0,0.0,0.0,0.0
1003_t0023_s012,1003,0,0,0,declarative,8,2,3,4.256,0,138,33,4.182,0.8788,0.4359,0.2821,0.0513,0.0513,0.0,0.1538,0.1026,0.0256,0.0,0.1282,0.1026,0.0256,0.0769,0.1282,0.0,0.0769,0.0,0.0513,50.40147058823533,14.675882352941176,14.554592549557764,18.30588235294118,0.4588,0.111,0.0,0.889,0.0,0.0,0.0,0.0,0.0,0.0,0.0,0.0,0.0,0.0,0.0,0.0,0.0,0.0,0.029411764705882353,0.0,0.0,0.0,0.0,0.0,0.0,0.0,0.0,0.0,0.0,0.0,0.0,0.0,0.0,0.0,0.0,0.0,0.0,0.0,0.0
1003_t0023_s013,1003,0,0,0,declarative,4,2,1,2.786,1,52,12,4.333,1.0,0.4286,0.5,0.0,0.0,0.0,0.2143,0.1429,0.0,0.1429,0.0,0.0,0.0714,0.0714,0.0,0.1429,0.0,0.0,0.0,53.655,8.756666666666668,8.841846274778883,8.133333333333335,0.5267,0.236,0.0,0.764,0.0,0.0,0.0,0.0,0.0,0.0,0.0,0.0,0.0,0.0,0.0,0.0,0.0,0.0,0.08333333333333333,0.0,0.0,0.0,0.0,0.08333333333333333,0.0,0.0,0.0,0.0,0.0,0.0,0.0,0.0,0.0,0.0,0.0,0.0,0.0,0.0,0.0
1003_t0023_s014,1003,0,0,0,declarative,16,2,3,2.964,0,223,50,4.46,0.74,0.4909,0.3636,0.0545,0.0,0.0182,0.1636,0.1273,0.0727,0.0,0.1091,0.0545,0.0364,0.1091,0.1091,0.1091,0.0,0.0,0.0,37.645000000000024,20.429999999999996,13.023866798666859,21.6,0.9313,0.249,0.0,0.751,0.04,0.0,0.0,0.0,0.0,0.02,0.0,0.02,0.0,0.0,0.0,0.0,0.0,0.0,0.0,0.0,0.0,0.02,0.02,0.0,0.0,0.0,0.0,0.0,0.02,0.02,0.0,0.0,0.0,0.0,0.0,0.0,0.0,0.02,0.0
1003_t0024_s001,1003,0,0,0,declarative,1,1,0,0.0,0,0,0,0.0,0.0,0.0,0.0,0.0,0.0,0.0,0.0,0.0,0.0,0.0,0.0,1.0,0.0,0.0,0.0,0.0,0.0,0.0,0.0,36.62000000000003,8.400000000000002,3.1291,0.4,0.0,0.0,0.0,1.0,0.0,0.0,0.0,0.0,0.0,0.0,0.0,0.0,0.0,0.0,0.0,0.0,0.0,0.0,0.0,0.0,0.0,0.0,0.0,0.0,0.0,0.0,0.0,0.0,0.0,0.0,0.0,0.0,0.0,0.0,0.0,0.0,0.0,0.0,0.0
1003_t0024_s002,1003,0,0,0,declarative,3,1,0,1.667,0,25,4,6.25,1.0,0.1667,0.1667,0.0,0.1667,0.0,0.1667,0.0,0.0,0.0,0.1667,0.3333,0.0,0.0,0.0,0.0,0.0,0.0,0.0,54.72500000000002,6.620000000000001,8.841846274778883,11.600000000000001,0.0,0.0,0.0,1.0,0.0,0.0,0.0,0.0,0.0,0.0,0.0,0.0,0.0,0.0,0.0,0.0,0.0,0.0,0.0,0.0,0.0,0.0,0.0,0.0,0.0,0.0,0.0,0.0,0.0,0.0,0.0,0.0,0.0,0.0,0.0,0.0,0.0,0.0,0.0
1003_t0025_s001,1003,0,0,0,declarative,5,2,1,2.059,0,61,16,3.812,0.875,0.5294,0.3529,0.0,0.0,0.1176,0.1765,0.1765,0.0,0.0,0.1176,0.0588,0.0588,0.1176,0.1765,0.0,0.0,0.0,0.0,74.27000000000001,6.8750000000000036,11.20814326018867,11.4,0.0,0.0,0.0,1.0,0.0,0.0,0.0,0.0,0.0,0.0,0.0,0.0,0.0,0.0,0.0,0.0,0.0,0.0,0.0625,0.0625,0.0625,0.0,0.0,0.0,0.0,0.0,0.0,0.0,0.0,0.0,0.0,0.0,0.0,0.0,0.0,0.0,0.0,0.0,0.0
1003_t0025_s002,1003,0,0,0,declarative,3,1,0,1.714,0,28,6,4.667,1.0,0.2857,0.5714,0.0,0.0,0.1429,0.2857,0.1429,0.1429,0.0,0.1429,0.0,0.1429,0.0,0.0,0.0,0.0,0.0,0.0,87.94500000000002,2.4833333333333343,3.1291,2.4000000000000004,0.0,0.0,0.0,1.0,0.0,0.0,0.0,0.0,0.0,0.0,0.0,0.0,0.0,0.0,0.0,0.0,0.0,0.0,0.0,0.0,0.0,0.0,0.0,0.0,0.0,0.0,0.0,0.0,0.0,0.0,0.0,0.0,0.0,0.0,0.0,0.0,0.0,0.0,0.0
1003_t0025_s003,1003,0,0,0,declarative,13,2,1,3.25,0,136,32,4.25,0.8438,0.4722,0.4167,0.0556,0.0,0.0278,0.25,0.0833,0.0833,0.0,0.0833,0.0,0.0278,0.1389,0.1944,0.0278,0.0,0.0,0.0,41.64741935483872,15.151612903225807,17.122413403193683,17.561290322580646,0.6124,0.176,0.0,0.824,0.0,0.0967741935483871,0.03225806451612903,0.0,0.03225806451612903,0.0,0.0,0.0,0.0,0.0,0.0,0.0,0.0,0.0,0.03225806451612903,0.03225806451612903,0.03225806451612903,0.0967741935483871,0.06451612903225806,0.0,0.0,0.0,0.0,0.0,0.0,0.0,0.0,0.0,0.0,0.0,0.0,0.0,0.0,0.0,0.0
1003_t0025_s004,1003,0,0,0,declarative,6,3,3,3.478,0,88,19,4.632,0.8947,0.4783,0.3913,0.087,0.0,0.0,0.1739,0.1304,0.0435,0.0435,0.1304,0.0,0.1304,0.087,0.0435,0.0,0.0435,0.0,0.0,47.565,11.096666666666668,13.023866798666859,13.866666666666669,0.6486,0.249,0.0,0.751,0.05555555555555555,0.0,0.0,0.0,0.0,0.0,0.0,0.0,0.0,0.0,0.0,0.0,0.0,0.0,0.0,0.0,0.0,0.0,0.0,0.0,0.0,0.0,0.0,0.0,0.0,0.0,0.0,0.0,0.0,0.0,0.0,0.0,0.0,0.0,0.0
1003_t0025_s005,1003,0,0,0,declarative,14,2,4,3.452,1,139,35,3.971,0.8,0.4048,0.4048,0.0238,0.0,0.0476,0.1667,0.1667,0.0714,0.0,0.119,0.0476,0.0238,0.0476,0.1429,0.0238,0.0,0.0,0.0714,52.79500000000003,14.838888888888892,13.023866798666859,17.733333333333334,0.6908,0.144,0.0,0.856,0.0,0.05555555555555555,0.0,0.0,0.027777777777777776,0.0,0.0,0.0,0.0,0.0,0.0,0.0,0.0,0.0,0.05555555555555555,0.027777777777777776,0.05555555555555555,0.027777777777777776,0.0,0.0,0.0,0.0,0.0,0.0,0.0,0.0,0.0,0.0,0.0,0.0,0.0,0.0,0.027777777777777776,0.0,0.0
1003_t0025_s006,1003,0,0,0,declarative,4,3,2,2.214,2,26,10,2.6,0.7,0.6429,0.2143,0.1429,0.0,0.0,0.0,0.2143,0.0,0.0,0.2857,0.0,0.1429,0.0,0.0,0.0,0.0,0.0,0.0,103.625,1.2900000000000027,3.1291,4.0,0.0,0.0,0.0,1.0,0.0,0.0,0.0,0.0,0.0,0.0,0.0,0.0,0.0,0.0,0.0,0.0,0.0,0.0,0.0,0.0,0.0,0.0,0.0,0.0,0.0,0.0,0.0,0.0,0.0,0.0,0.0,0.0,0.0,0.0,0.0,0.0,0.0,0.0,0.0
1003_t0025_s007,1003,0,0,0,declarative,9,1,0,2.35,0,64,17,3.765,1.0,0.55,0.4,0.05,0.0,0.05,0.1,0.1,0.1,0.1,0.1,0.0,0.0,0.1,0.2,0.1,0.05,0.0,0.0,80.09764705882354,6.310588235294119,3.1291,6.800000000000001,0.1513,0.121,0.09,0.789,0.0,0.058823529411764705,0.0,0.0,0.0,0.0,0.0,0.0,0.0,0.0,0.0,0.0,0.0,0.0,0.058823529411764705,0.0,0.058823529411764705,0.058823529411764705,0.0,0.0,0.0,0.0,0.0,0.0,0.0,0.058823529411764705,0.0,0.0,0.0,0.0,0.0,0.0,0.0,0.0,0.0
1003_t0025_s008,1003,0,0,0,declarative,5,1,0,2.5,0,43,11,3.909,1.0,0.5,0.4167,0.0833,0.0,0.0,0.25,0.0,0.0,0.1667,0.0833,0.0,0.1667,0.0833,0.1667,0.0,0.0,0.0,0.0,87.99727272727276,3.7181818181818187,8.841846274778883,8.036363636363637,0.0,0.0,0.0,1.0,0.0,0.0,0.0,0.0,0.0,0.0,0.0,0.0,0.0,0.0,0.0,0.0,0.0,0.0,0.09090909090909091,0.0,0.0,0.0,0.0,0.0,0.0,0.0,0.0,0.0,0.0,0.0,0.0,0.0,0.0,0.0,0.0,0.0,0.0,0.0,0.0
1003_t0025_s009,1003,0,0,0,declarative,8,3,2,3.857,0,175,41,4.268,0.8049,0.3673,0.4694,0.0204,0.0,0.0408,0.2245,0.1224,0.0612,0.0612,0.0816,0.0408,0.0,0.102,0.102,0.0408,0.0,0.0,0.0,35.10500000000002,18.3,15.903189008614273,20.0,0.2895,0.077,0.0,0.923,0.025,0.0,0.0,0.0,0.0,0.025,0.0,0.0,0.0,0.0,0.0,0.0,0.0,0.0,0.0,0.0,0.0,0.0,0.0,0.0,0.0,0.025,0.0,0.0,0.0,0.0,0.0,0.0,0.0,0.0,0.0,0.0,0.0,0.0,0.0
1003_t0025_s010,1003,0,0,0,declarative,4,2,1,1.556,0,23,6,3.833,0.6667,0.5556,0.2222,0.2222,0.0,0.0,0.0,0.2222,0.0,0.0,0.4444,0.0,0.0,0.0,0.1111,0.0,0.0,0.0,0.0,87.94500000000002,2.4833333333333343,3.1291,2.4000000000000004,0.0,0.0,0.0,1.0,0.16666666666666666,0.0,0.0,0.0,0.0,0.0,0.0,0.0,0.0,0.0,0.0,0.0,0.0,0.0,0.0,0.0,0.0,0.0,0.0,0.0,0.0,0.0,0.0,0.0,0.0,0.0,0.0,0.0,0.0,0.0,0.0,0.0,0.0,0.0,0.0
1003_t0026_s001,1003,0,0,0,declarative,9,4,3,3.133,0,167,40,4.175,0.75,0.6222,0.3111,0.0444,0.0222,0.0444,0.1111,0.1111,0.0667,0.0222,0.1556,0.0,0.1778,0.0889,0.1111,0.0444,0.0,0.0,0.0,37.22000000000003,18.005,15.903189008614273,19.0,-0.0516,0.0,0.03,0.97,0.0,0.0,0.0,0.0,0.0,0.0,0.025,0.0,0.0,0.0,0.0,0.0,0.0,0.0,0.0,0.0,0.0,0.0,0.0,0.0,0.0,0.0,0.0,0.0,0.0,0.0,0.0,0.0,0.0,0.0,0.0,0.0,0.0,0.0,0.0
1003_t0026_s002,1003,0,0,0,declarative,7,3,3,2.364,1,89,20,4.45,0.95,0.5455,0.3636,0.0455,0.0455,0.0455,0.0909,0.1818,0.0909,0.0,0.1818,0.0,0.0909,0.0455,0.0455,0.0,0.0455,0.0,0.0,55.40500000000003,10.500000000000004,13.023866798666859,14.0,0.0,0.0,0.0,1.0,0.0,0.0,0.0,0.0,0.0,0.0,0.0,0.0,0.0,0.0,0.0,0.0,0.0,0.0,0.0,0.0,0.0,0.0,0.0,0.0,0.0,0.0,0.0,0.0,0.0,0.0,0.0,0.0,0.0,0.0,0.0,0.0,0.0,0.0,0.0
1003_t0026_s003,1003,0,0,0,declarative,4,1,0,2.333,1,50,11,4.545,1.0,0.6667,0.25,0.0833,0.0,0.0,0.1667,0.0833,0.0,0.0,0.0833,0.0,0.0833,0.1667,0.1667,0.0833,0.0,0.0,0.0,86.70500000000001,3.650000000000002,3.1291,4.0,0.0,0.0,0.0,1.0,0.0,0.1,0.0,0.0,0.0,0.0,0.0,0.0,0.0,0.0,0.0,0.0,0.0,0.1,0.0,0.0,0.0,0.0,0.0,0.0,0.0,0.0,0.0,0.0,0.0,0.0,0.0,0.0,0.0,0.0,0.0,0.0,0.0,0.0,0.0
1003_t0026_s004,1003,0,0,0,declarative,4,1,0,1.5,0,32,5,6.4,1.0,0.1667,0.0,0.0,0.0,0.0,0.0,0.0,0.0,0.0,0.0,0.6667,0.0,0.0,0.1667,0.0,0.0,0.0,0.0,-1.2799999999999727,14.68,13.023866798666859,26.0,0.0,0.0,0.0,1.0,0.0,0.0,0.0,0.0,0.0,0.0,0.0,0.0,0.0,0.0,0.0,0.0,0.0,0.0,0.0,0.0,0.0,0.0,0.0,0.0,0.0,0.0,0.0,0.0,0.0,0.0,0.0,0.0,0.0,0.0,0.0,0.0,0.0,0.0,0.0
1003_t0027_s001,1003,0,0,0,declarative,3,1,0,1.167,0,19,3,6.333,1.0,0.0,0.3333,0.0,0.0,0.0,0.1667,0.0,0.1667,0.0,0.0,0.3333,0.0,0.0,0.0,0.0,0.0,0.0,0.0,33.57500000000002,9.57,8.841846274778883,11.600000000000001,0.4404,0.492,0.0,0.508,0.0,0.0,0.0,0.0,0.0,0.0,0.0,0.0,0.0,0.0,0.0,0.0,0.0,0.0,0.0,0.0,0.0,0.0,0.0,0.0,0.0,0.0,0.0,0.0,0.0,0.0,0.0,0.0,0.0,0.0,0.0,0.0,0.0,0.0,0.0
1003_t0027_s002,1003,0,0,0,declarative,2,1,0,0.667,0,13,2,6.5,1.0,0.0,0.0,0.0,0.0,0.0,0.0,0.0,0.0,0.0,0.0,0.6667,0.0,0.0,0.0,0.0,0.0,0.0,0.0,35.60500000000002,8.790000000000003,8.841846274778883,20.8,0.0,0.0,0.0,1.0,0.0,0.0,0.0,0.0,0.0,0.0,0.0,0.0,0.0,0.0,0.0,0.0,0.0,0.0,0.0,0.0,0.0,0.0,0.0,0.0,0.0,0.0,0.0,0.0,0.0,0.0,0.0,0.0,0.0,0.0,0.0,0.0,0.0,0.0,0.0
1003_t0027_s003,1003,0,0,0,declarative,4,1,0,2.667,0,61,15,4.067,0.8667,0.3889,0.4444,0.0,0.1111,0.0556,0.2222,0.1111,0.0556,0.0556,0.1667,0.0,0.0,0.0556,0.1111,0.0556,0.0,0.0,0.0,78.81000000000003,5.993333333333336,11.20814326018867,11.333333333333336,0.8625,0.45,0.095,0.455,0.0,0.0,0.0,0.06666666666666667,0.0,0.0,0.0,0.0,0.0,0.0,0.0,0.0,0.06666666666666667,0.0,0.0,0.0,0.0,0.0,0.0,0.0,0.0,0.0,0.0,0.0,0.0,0.0,0.0,0.0,0.0,0.0,0.0,0.0,0.0,0.0,0.0
1003_t0028_s001,1003,0,0,0,declarative,2,1,0,1.0,0,11,3,3.667,1.0,0.25,0.5,0.0,0.0,0.0,0.25,0.0,0.0,0.25,0.0,0.0,0.0,0.25,0.0,0.0,0.0,0.0,0.0,90.99000000000004,1.3133333333333361,3.1291,1.2000000000000002,0.0,0.0,0.0,1.0,0.0,0.0,0.0,0.0,0.0,0.0,0.0,0.0,0.0,0.0,0.0,0.0,0.0,0.0,0.0,0.0,0.0,0.0,0.0,0.0,0.0,0.0,0.0,0.0,0.0,0.0,0.0,0.0,0.0,0.0,0.0,0.0,0.0,0.0,0.0
1003_t0029_s001,1003,0,0,0,declarative,3,1,0,1.5,0,14,4,3.5,1.0,0.5,0.3333,0.0,0.3333,0.0,0.1667,0.1667,0.0,0.0,0.3333,0.0,0.1667,0.0,0.0,0.0,0.0,0.0,0.0,118.17500000000001,-2.2299999999999986,3.1291,1.6,0.0,0.0,0.0,1.0,0.0,0.0,0.0,0.0,0.0,0.0,0.0,0.0,0.0,0.0,0.0,0.0,0.0,0.0,0.0,0.0,0.0,0.0,0.0,0.0,0.0,0.0,0.0,0.0,0.0,0.0,0.0,0.0,0.0,0.0,0.0,0.0,0.0,0.0,0.0
1003_t0030_s001,1003,0,0,0,declarative,4,2,1,2.417,1,39,10,3.9,1.0,0.5833,0.3333,0.0833,0.0,0.0,0.1667,0.1667,0.0,0.0,0.1667,0.0,0.0833,0.0833,0.0833,0.0,0.0833,0.0,0.0,86.70500000000001,3.650000000000002,8.841846274778883,8.0,0.2023,0.167,0.0,0.833,0.0,0.0,0.0,0.0,0.0,0.0,0.0,0.0,0.0,0.0,0.0,0.0,0.0,0.0,0.0,0.0,0.0,0.0,0.1,0.0,0.0,0.0,0.0,0.0,0.0,0.0,0.0,0.0,0.0,0.0,0.0,0.0,0.0,0.0,0.0
1003_t0031_s001,1003,0,0,0,declarative,4,2,1,2.188,1,62,13,4.769,1.0,0.4375,0.4375,0.0,0.125,0.0,0.125,0.1875,0.125,0.0,0.125,0.0,0.0625,0.0625,0.0,0.0625,0.0,0.0,0.0,50.470769230769264,9.44923076923077,13.023866798666859,11.353846153846156,0.6597,0.329,0.0,0.671,0.0,0.0,0.0,0.0,0.0,0.0,0.0,0.0,0.0,0.0,0.0,0.0,0.0,0.0,0.0,0.0,0.0,0.0,0.0,0.0,0.0,0.0,0.0,0.0,0.0,0.0,0.0,0.0,0.0,0.0,0.0,0.0,0.0,0.0,0.0
1003_t0031_s002,1003,0,0,0,declarative,4,2,1,2.75,0,69,14,4.929,1.0,0.3125,0.4375,0.0,0.0,0.0625,0.125,0.0625,0.1875,0.0625,0.0625,0.125,0.125,0.0625,0.0,0.0,0.0,0.0,0.0,47.59642857142859,10.098571428571429,13.023866798666859,14.171428571428573,0.6983,0.325,0.0,0.675,0.0,0.0,0.0,0.0,0.0,0.0,0.0,0.0,0.0,0.0,0.0,0.0,0.0,0.0,0.0,0.0,0.0,0.0,0.0,0.0,0.0,0.0,0.0,0.0,0.0,0.0,0.0,0.0,0.0,0.0,0.0,0.0,0.0,0.0,0.0
1003_t0031_s003,1003,1,0,0,interrogative,7,4,3,2.375,0,59,15,3.933,0.8667,0.5625,0.375,0.0,0.0625,0.0,0.125,0.125,0.125,0.0,0.0625,0.0,0.1875,0.125,0.0,0.0,0.0625,0.0,0.0,67.53000000000003,7.566666666666666,13.023866798666859,14.0,0.4767,0.181,0.0,0.819,0.0,0.0,0.0,0.0,0.0,0.0,0.0,0.0,0.0,0.0,0.0,0.0,0.0,0.0,0.0,0.0,0.0,0.0,0.06666666666666667,0.0,0.0,0.0,0.0,0.0,0.0,0.0,0.0,0.0,0.0,0.0,0.0,0.0,0.0,0.0,0.0
1003_t0032_s001,1003,0,0,0,declarative,7,4,3,3.222,2,119,30,3.967,0.8667,0.4444,0.3611,0.0833,0.0278,0.0,0.1389,0.1111,0.0278,0.0833,0.1667,0.0833,0.1111,0.0556,0.0556,0.0278,0.0,0.0,0.0,63.585000000000036,11.843333333333337,13.023866798666859,16.0,-0.8126,0.0,0.209,0.791,0.0,0.03333333333333333,0.0,0.03333333333333333,0.0,0.0,0.0,0.0,0.0,0.0,0.0,0.0,0.0,0.0,0.06666666666666667,0.03333333333333333,0.06666666666666667,0.0,0.03333333333333333,0.0,0.0,0.0,0.03333333333333333,0.0,0.0,0.0,0.0,0.0,0.0,0.0,0.0,0.0,0.0,0.0,0.0
1003_t0032_s002,1003,0,0,0,declarative,7,1,1,3.452,0,95,26,3.654,0.8077,0.4839,0.4194,0.0968,0.0,0.0,0.2258,0.0968,0.0645,0.0323,0.129,0.0,0.0,0.129,0.1613,0.0323,0.0,0.0,0.0,69.8142307692308,9.98076923076923,11.20814326018867,11.938461538461539,0.5413,0.158,0.0,0.842,0.0,0.038461538461538464,0.038461538461538464,0.0,0.038461538461538464,0.0,0.0,0.0,0.0,0.0,0.038461538461538464,0.0,0.038461538461538464,0.0,0.07692307692307693,0.038461538461538464,0.07692307692307693,0.0,0.038461538461538464,0.0,0.0,0.0,0.0,0.0,0.0,0.0,0.0,0.0,0.0,0.0,0.0,0.0,0.0,0.0,0.0
1003_t0032_s003,1003,0,0,0,declarative,7,3,3,3.432,0,107,28,3.821,0.8929,0.4595,0.2703,0.0811,0.027,0.0,0.1351,0.1081,0.027,0.0,0.1081,0.027,0.1081,0.0811,0.1081,0.027,0.027,0.0,0.0541,66.63000000000002,10.673333333333336,14.554592549557764,16.725925925925928,-0.0772,0.113,0.153,0.734,0.0,0.037037037037037035,0.037037037037037035,0.037037037037037035,0.0,0.0,0.0,0.0,0.0,0.0,0.0,0.0,0.037037037037037035,0.0,0.0,0.0,0.037037037037037035,0.037037037037037035,0.0,0.0,0.0,0.0,0.0,0.0,0.0,0.0,0.0,0.0,0.0,0.0,0.0,0.0,0.0,0.0,0.0
1003_t0032_s004,1003,0,0,0,declarative,6,1,0,2.417,0,53,10,5.3,1.0,0.25,0.4167,0.0833,0.0,0.0,0.1667,0.0833,0.1667,0.0,0.0833,0.0,0.0,0.0833,0.0833,0.0,0.0,0.0,0.1667,19.100000000000023,12.831111111111113,13.023866798666859,12.488888888888889,0.5719,0.316,0.0,0.684,0.0,0.0,0.0,0.0,0.0,0.0,0.0,0.0,0.0,0.0,0.0,0.0,0.2222222222222222,0.0,0.0,0.0,0.0,0.0,0.0,0.0,0.0,0.0,0.0,0.0,0.0,0.0,0.0,0.0,0.0,0.0,0.0,0.0,0.0,0.0,0.0
1003_t0032_s005,1003,0,0,0,declarative,5,2,1,2.222,0,28,7,4.0,0.8571,0.3333,0.5556,0.2222,0.0,0.0,0.1111,0.2222,0.1111,0.1111,0.2222,0.0,0.0,0.1111,0.0,0.0,0.0,0.0,0.0,54.70142857142861,7.368571428571428,11.20814326018867,14.228571428571428,0.0,0.0,0.0,1.0,0.0,0.0,0.0,0.0,0.0,0.0,0.0,0.0,0.0,0.0,0.0,0.0,0.0,0.0,0.0,0.0,0.0,0.0,0.0,0.0,0.0,0.0,0.0,0.0,0.0,0.0,0.0,0.0,0.0,0.0,0.0,0.0,0.0,0.0,0.0
1003_t0032_s006,1003,0,0,0,declarative,9,3,5,2.968,0,104,28,3.714,0.7857,0.5161,0.4516,0.2258,0.0,0.0,0.129,0.1613,0.0645,0.0968,0.2258,0.0,0.0323,0.0645,0.0645,0.0,0.0968,0.0,0.0,66.62214285714289,10.922857142857143,13.023866798666859,15.485714285714288,0.574,0.128,0.042,0.83,0.0,0.0,0.0,0.0,0.0,0.0,0.0,0.0,0.0,0.0,0.0,0.0,0.0,0.0,0.0,0.0,0.0,0.0,0.0,0.0,0.0,0.0,0.0,0.0,0.0,0.03571428571428571,0.03571428571428571,0.0,0.0,0.0,0.0,0.0,0.0,0.0,0.0
1003_t0032_s007,1003,0,0,0,declarative,3,1,0,2.0,0,19,6,3.167,1.0,0.375,0.5,0.125,0.0,0.0,0.125,0.125,0.125,0.125,0.125,0.0,0.0,0.125,0.0,0.125,0.0,0.0,0.0,73.84500000000001,4.450000000000003,8.841846274778883,9.066666666666668,-0.1154,0.0,0.225,0.775,0.0,0.0,0.0,0.0,0.0,0.0,0.0,0.0,0.0,0.0,0.0,0.0,0.0,0.0,0.0,0.0,0.0,0.0,0.0,0.0,0.0,0.0,0.0,0.0,0.0,0.0,0.0,0.0,0.0,0.0,0.0,0.0,0.0,0.0,0.0
1003_t0032_s008,1003,0,0,0,declarative,8,4,3,3.586,0,108,27,4.0,0.7778,0.4483,0.4138,0.1034,0.0,0.0,0.1379,0.1379,0.069,0.069,0.1034,0.069,0.0345,0.1724,0.069,0.0345,0.0,0.0,0.0,50.96333333333334,12.858518518518522,14.554592549557764,15.244444444444447,0.1566,0.093,0.106,0.8,0.0,0.0,0.0,0.0,0.0,0.0,0.0,0.0,0.0,0.0,0.0,0.0,0.0,0.0,0.0,0.0,0.0,0.0,0.0,0.0,0.0,0.0,0.0,0.0,0.0,0.0,0.0,0.0,0.0,0.0,0.0,0.0,0.0,0.0,0.0
1003_t0032_s009,1003,0,0,0,declarative,9,4,3,2.763,0,131,35,3.743,0.6571,0.5789,0.2895,0.1053,0.0,0.0263,0.1053,0.1316,0.0,0.0526,0.1316,0.0789,0.1053,0.1053,0.1842,0.0263,0.0263,0.0,0.0,59.84500000000003,13.855555555555558,14.554592549557764,15.511111111111113,0.9421,0.36,0.0,0.64,0.0,0.0,0.0,0.0,0.05555555555555555,0.0,0.0,0.0,0.0,0.05555555555555555,0.0,0.0,0.0,0.0,0.0,0.0,0.0,0.0,0.027777777777777776,0.0,0.0,0.0,0.0,0.0,0.0,0.0,0.0,0.0,0.0,0.0,0.0,0.0,0.0,0.0,0.0
1003_t0032_s010,1003,0,0,0,declarative,9,4,4,2.263,0,71,17,4.176,0.9412,0.5263,0.4211,0.0526,0.0,0.0526,0.0526,0.1579,0.1579,0.0526,0.2105,0.0,0.1053,0.0526,0.0,0.0526,0.0,0.0,0.0,70.14470588235295,7.698823529411765,11.20814326018867,6.800000000000001,0.1154,0.116,0.092,0.792,0.0,0.0,0.0,0.0,0.0,0.0,0.0,0.0,0.0,0.058823529411764705,0.0,0.0,0.0,0.0,0.0,0.0,0.0,0.0,0.0,0.0,0.0,0.0,0.058823529411764705,0.0,0.0,0.0,0.0,0.0,0.0,0.0,0.0,0.0,0.0,0.0,0.0
1003_t0032_s011,1003,0,0,0,declarative,5,3,2,2.913,1,75,19,3.947,1.0,0.3913,0.3913,0.0435,0.0,0.0435,0.1739,0.1304,0.0,0.087,0.087,0.0,0.087,0.0435,0.0435,0.0435,0.0,0.0,0.087,85.13947368421054,6.104210526315793,8.841846274778883,9.705263157894738,0.0,0.0,0.0,1.0,0.0,0.0,0.0,0.0,0.0,0.0,0.0,0.0,0.0,0.0,0.0,0.0,0.05263157894736842,0.0,0.0,0.0,0.0,0.0,0.0,0.0,0.0,0.0,0.0,0.0,0.0,0.0,0.0,0.0,0.0,0.0,0.0,0.0,0.0,0.0,0.0
1003_t0032_s012,1003,0,0,0,declarative,6,2,2,3.4,0,84,23,3.652,0.8696,0.4333,0.3333,0.0667,0.1,0.0667,0.1,0.1667,0.0333,0.0333,0.2333,0.0,0.0333,0.0667,0.0667,0.0,0.0333,0.0333,0.0,80.49869565217392,7.745217391304351,3.1291,9.200000000000001,-0.1779,0.081,0.108,0.811,0.0,0.0,0.0,0.0,0.0,0.0,0.0,0.0,0.0,0.0,0.0,0.0,0.0,0.0,0.0,0.0,0.0,0.0,0.0,0.0,0.0,0.0,0.0,0.0,0.0,0.0,0.0,0.0,0.0,0.0,0.0,0.0,0.0,0.0,0.0
1003_t0032_s013,1003,0,0,0,declarative,4,2,1,3.353,1,73,14,5.214,1.0,0.4118,0.4706,0.0,0.0588,0.0,0.2353,0.1176,0.0,0.1176,0.1176,0.0,0.0588,0.0588,0.0,0.1176,0.0,0.0,0.0,59.68214285714288,8.412857142857145,13.023866798666859,14.171428571428573,0.1655,0.113,0.0,0.887,0.0,0.07142857142857142,0.0,0.0,0.0,0.0,0.0,0.0,0.0,0.0,0.0,0.0,0.0,0.0,0.07142857142857142,0.0,0.07142857142857142,0.07142857142857142,0.0,0.0,0.0,0.0,0.0,0.0,0.0,0.0,0.0,0.0,0.0,0.0,0.0,0.0,0.0,0.0,0.0
1003_t0032_s014,1003,0,0,0,declarative,7,4,3,2.846,0,89,22,4.045,0.8182,0.4231,0.4231,0.0769,0.0,0.0769,0.1923,0.1538,0.0385,0.0385,0.1538,0.0,0.0385,0.1538,0.0385,0.0385,0.0,0.0,0.0385,69.14136363636365,9.080909090909092,11.20814326018867,12.436363636363637,0.0,0.0,0.0,1.0,0.0,0.0,0.0,0.0,0.0,0.0,0.0,0.0,0.0,0.0,0.0,0.0,0.0,0.0,0.0,0.0,0.0,0.0,0.045454545454545456,0.0,0.0,0.0,0.0,0.0,0.0,0.0,0.0,0.0,0.0,0.045454545454545456,0.0,0.0,0.0,0.0,0.0
1003_t0032_s015,1003,0,0,0,declarative,11,7,7,3.324,2,262,67,3.91,0.5522,0.5634,0.3239,0.0282,0.0,0.0423,0.1268,0.1268,0.0423,0.0282,0.0704,0.0845,0.0845,0.1268,0.1127,0.0423,0.0423,0.0,0.0,28.976268656716442,25.862388059701498,14.554592549557764,28.591044776119404,-0.2263,0.054,0.081,0.865,0.0,0.0,0.0,0.014925373134328358,0.0,0.0,0.0,0.0,0.0,0.0,0.0,0.0,0.0,0.014925373134328358,0.014925373134328358,0.029850746268656716,0.014925373134328358,0.0,0.014925373134328358,0.0,0.0,0.0,0.0,0.0,0.0,0.0,0.0,0.0,0.0,0.0,0.0,0.0,0.0,0.0,0.029850746268656716
1003_t0032_s016,1003,0,0,0,declarative,6,4,4,2.292,0,81,22,3.682,0.8636,0.5833,0.3333,0.0833,0.0,0.0,0.0833,0.1667,0.0833,0.0,0.125,0.0,0.2083,0.0833,0.0417,0.0833,0.0,0.0,0.0,61.45045454545455,10.153636363636362,13.023866798666859,12.436363636363637,0.6597,0.219,0.05,0.731,0.0,0.0,0.0,0.0,0.045454545454545456,0.0,0.0,0.0,0.0,0.045454545454545456,0.0,0.0,0.0,0.0,0.0,0.0,0.0,0.0,0.045454545454545456,0.0,0.0,0.0,0.0,0.0,0.0,0.0,0.0,0.0,0.0,0.0,0.0,0.0,0.0,0.0,0.0
1003_t0032_s017,1003,0,0,0,declarative,9,2,6,3.815,0,164,49,3.347,0.7347,0.5741,0.3519,0.0926,0.0,0.037,0.1296,0.1296,0.0741,0.0185,0.1852,0.0,0.0926,0.0741,0.1111,0.0556,0.0185,0.0,0.0,58.68775510204085,17.2465306122449,11.20814326018867,20.416326530612245,0.7876,0.147,0.0,0.853,0.0,0.0,0.0,0.0,0.0,0.0,0.0,0.0,0.02040816326530612,0.0,0.0,0.0,0.02040816326530612,0.02040816326530612,0.0,0.0,0.02040816326530612,0.0,0.0,0.0,0.0,0.0,0.0,0.0,0.0,0.02040816326530612,0.0,0.0,0.0,0.0,0.0,0.0,0.0,0.0,0.0
1003_t0032_s018,1003,0,0,0,declarative,11,3,3,2.778,0,94,24,3.917,0.9167,0.5556,0.3333,0.1111,0.0,0.037,0.1481,0.1111,0.0741,0.0,0.2963,0.0,0.037,0.0741,0.1111,0.037,0.0,0.0,0.0,66.15000000000003,9.995000000000001,11.20814326018867,12.933333333333335,0.8402,0.3,0.0,0.7,0.0,0.0,0.0,0.0,0.0,0.041666666666666664,0.0,0.0,0.0,0.041666666666666664,0.0,0.0,0.041666666666666664,0.0,0.0,0.0,0.0,0.0,0.0,0.0,0.0,0.0,0.0,0.0,0.0,0.0,0.0,0.0,0.0,0.0,0.0,0.0,0.0,0.0,0.0
1003_t0033_s001,1003,0,0,0,declarative,4,1,0,1.857,0,29,6,4.833,1.0,0.2857,0.1429,0.0,0.0,0.0,0.1429,0.0,0.0,0.0,0.0,0.2857,0.0,0.1429,0.1429,0.0,0.0,0.0,0.1429,73.84500000000001,4.450000000000003,8.841846274778883,9.066666666666668,0.0,0.0,0.0,1.0,0.0,0.0,0.0,0.0,0.0,0.0,0.0,0.0,0.0,0.0,0.0,0.0,0.0,0.0,0.0,0.0,0.0,0.0,0.0,0.0,0.0,0.0,0.0,0.0,0.0,0.0,0.0,0.0,0.0,0.0,0.0,0.0,0.0,0.0,0.0
1003_t0034_s001,1003,0,0,0,declarative,8,3,2,3.182,2,72,19,3.789,0.9474,0.6364,0.3182,0.0455,0.0909,0.0455,0.1364,0.1364,0.0455,0.0,0.1818,0.0,0.0455,0.0909,0.0909,0.0455,0.0455,0.0,0.0,76.2342105263158,7.346315789473689,8.841846274778883,9.705263157894738,0.6808,0.248,0.0,0.752,0.0,0.0,0.0,0.0,0.0,0.0,0.0,0.0,0.0,0.0,0.0,0.0,0.0,0.0,0.0,0.0,0.0,0.0,0.0,0.0,0.0,0.0,0.0,0.0,0.0,0.0,0.0,0.0,0.0,0.0,0.0,0.0,0.0,0.0,0.0
1003_t0034_s002,1003,0,0,0,declarative,11,5,7,2.92,0,186,43,4.326,0.7209,0.5,0.38,0.02,0.06,0.04,0.14,0.18,0.06,0.0,0.14,0.04,0.04,0.08,0.1,0.02,0.08,0.0,0.0,41.043181818181836,18.465454545454552,15.903189008614273,21.236363636363638,0.8591,0.208,0.0,0.792,0.0,0.0,0.0,0.0,0.022727272727272728,0.0,0.0,0.0,0.0,0.022727272727272728,0.022727272727272728,0.0,0.0,0.0,0.0,0.0,0.0,0.0,0.0,0.0,0.0,0.0,0.0,0.0,0.0,0.0,0.0,0.0,0.0,0.0,0.0,0.0,0.0,0.0,0.0
1003_t0034_s004,1003,0,0,0,declarative,9,5,7,3.691,1,211,45,4.689,0.7556,0.4182,0.4545,0.0182,0.0364,0.0364,0.2364,0.1636,0.0364,0.0182,0.0909,0.0,0.0182,0.0727,0.1091,0.0182,0.0545,0.0,0.0,22.04000000000005,21.364444444444448,15.903189008614273,22.444444444444446,0.7783,0.137,0.0,0.863,0.0,0.022222222222222223,0.0,0.0,0.0,0.0,0.0,0.0,0.0,0.0,0.0,0.0,0.0,0.044444444444444446,0.0,0.022222222222222223,0.0,0.0,0.0,0.0,0.0,0.0,0.0,0.0,0.0,0.0,0.0,0.0,0.0,0.0,0.0,0.0,0.0,0.0,0.0
1003_t0034_s005,1003,0,0,0,declarative,8,3,3,3.091,1,97,21,4.619,0.9048,0.4545,0.5,0.0,0.0909,0.0,0.2727,0.1818,0.0455,0.0,0.1364,0.0,0.0455,0.0455,0.0909,0.0,0.0455,0.0,0.0,56.6057142857143,10.580952380952379,11.20814326018867,12.20952380952381,0.4215,0.198,0.087,0.714,0.0,0.0,0.0,0.0,0.0,0.0,0.0,0.0,0.0,0.0,0.0,0.0,0.0,0.0,0.0,0.0,0.0,0.0,0.0,0.0,0.0,0.0,0.0,0.0,0.0,0.0,0.0,0.0,0.0,0.0,0.0,0.0,0.0,0.047619047619047616,0.0
1003_t0034_s006,1003,0,0,0,declarative,10,3,3,3.526,1,160,35,4.571,0.8,0.5789,0.2895,0.0263,0.0263,0.0526,0.1053,0.1053,0.0526,0.0263,0.1316,0.1053,0.1053,0.0789,0.1053,0.0789,0.0263,0.0,0.0,28.698571428571427,17.951428571428576,17.122413403193683,17.428571428571427,0.8689,0.234,0.0,0.766,0.0,0.02857142857142857,0.02857142857142857,0.0,0.02857142857142857,0.0,0.0,0.0,0.0,0.0,0.0,0.0,0.0,0.0,0.0,0.0,0.0,0.02857142857142857,0.0,0.02857142857142857,0.0,0.0,0.0,0.0,0.0,0.0,0.0,0.0,0.0,0.0,0.0,0.0,0.0,0.0,0.0
1003_t0034_s007,1003,0,0,0,declarative,7,2,2,2.357,0,52,11,4.727,0.9091,0.4286,0.3571,0.0,0.0,0.0714,0.1429,0.1429,0.0,0.0714,0.0714,0.0,0.0714,0.1429,0.0714,0.0,0.0,0.0,0.0,72.61545454545457,5.863636363636363,8.841846274778883,4.4,0.0,0.0,0.0,1.0,0.0,0.0,0.0,0.0,0.0,0.0,0.0,0.0,0.0,0.0,0.0,0.0,0.0,0.0,0.0,0.0,0.0,0.0,0.0,0.0,0.0,0.0,0.0,0.0,0.0,0.0,0.0,0.0,0.0,0.0,0.0,0.0,0.0,0.0,0.0
1003_t0034_s008,1003,0,0,0,declarative,11,4,3,3.051,0,163,36,4.528,0.7778,0.5641,0.359,0.0769,0.0,0.0,0.1795,0.1282,0.0256,0.0256,0.0769,0.0256,0.1282,0.1538,0.0769,0.1026,0.0,0.0,0.0,43.395000000000024,16.150000000000002,17.122413403193683,17.733333333333334,0.8922,0.244,0.0,0.756,0.0,0.0,0.0,0.0,0.05555555555555555,0.0,0.0,0.0,0.0,0.027777777777777776,0.0,0.0,0.0,0.0,0.0,0.0,0.0,0.0,0.0,0.0,0.0,0.0,0.0,0.0,0.027777777777777776,0.027777777777777776,0.0,0.0,0.0,0.0,0.0,0.0,0.0,0.0,0.0
1003_t0035_s001,1003,0,0,0,declarative,2,1,0,0.5,0,6,1,6.0,1.0,0.0,0.0,0.0,0.0,0.0,0.0,0.0,0.0,0.0,0.0,0.0,0.0,0.0,0.0,0.0,0.0,0.5,0.0,121.22000000000003,-3.3999999999999986,3.1291,0.4,0.3182,1.0,0.0,0.0,0.0,0.0,0.0,0.0,0.0,0.0,0.0,0.0,0.0,0.0,0.0,0.0,0.0,0.0,0.0,0.0,0.0,0.0,0.0,0.0,0.0,0.0,0.0,0.0,0.0,0.0,0.0,0.0,0.0,0.0,0.0,0.0,0.0,0.0,0.0
1003_t0036_s001,1003,0,0,0,declarative,4,1,0,1.857,0,33,6,5.5,1.0,0.2857,0.0,0.0,0.0,0.0,0.0,0.0,0.0,0.0,0.0,0.5714,0.0,0.1429,0.1429,0.0,0.0,0.0,0.0,45.64500000000001,8.383333333333333,11.20814326018867,15.733333333333334,0.0,0.0,0.0,1.0,0.0,0.0,0.0,0.0,0.0,0.0,0.0,0.0,0.0,0.0,0.0,0.0,0.0,0.0,0.0,0.0,0.0,0.0,0.0,0.0,0.0,0.0,0.0,0.0,0.0,0.0,0.0,0.0,0.0,0.0,0.0,0.0,0.0,0.0,0.0
1003_t0037_s001,1003,0,0,0,declarative,5,2,1,1.333,0,21,7,3.0,1.0,0.6667,0.2222,0.1111,0.0,0.0,0.0,0.2222,0.0,0.0,0.1111,0.1111,0.1111,0.1111,0.2222,0.0,0.0,0.0,0.0,92.965,2.280000000000001,3.1291,3.2,0.3612,0.263,0.0,0.737,0.0,0.0,0.0,0.0,0.0,0.0,0.0,0.0,0.0,0.0,0.0,0.0,0.0,0.0,0.0,0.0,0.0,0.0,0.0,0.0,0.0,0.0,0.0,0.0,0.0,0.0,0.0,0.0,0.0,0.0,0.0,0.0,0.0,0.0,0.0
1003_t0037_s002,1003,0,0,0,declarative,2,1,0,0.667,0,13,2,6.5,1.0,0.0,0.0,0.0,0.0,0.0,0.0,0.0,0.0,0.0,0.0,0.6667,0.0,0.0,0.0,0.0,0.0,0.0,0.0,35.60500000000002,8.790000000000003,8.841846274778883,20.8,0.0,0.0,0.0,1.0,0.0,0.0,0.0,0.0,0.0,0.0,0.0,0.0,0.0,0.0,0.0,0.0,0.0,0.0,0.0,0.0,0.0,0.0,0.0,0.0,0.0,0.0,0.0,0.0,0.0,0.0,0.0,0.0,0.0,0.0,0.0,0.0,0.0,0.0,0.0
1003_t0037_s003,1003,0,0,0,declarative,8,1,1,2.889,0,105,24,4.375,0.7917,0.5926,0.3333,0.0,0.1111,0.0,0.2222,0.0741,0.0,0.037,0.1481,0.0,0.1111,0.1111,0.1481,0.0741,0.0,0.0,0.0,66.15000000000003,9.995000000000001,8.841846274778883,11.266666666666667,0.6124,0.185,0.0,0.815,0.0,0.041666666666666664,0.041666666666666664,0.041666666666666664,0.0,0.0,0.0,0.0,0.0,0.0,0.0,0.0,0.0,0.0,0.0,0.0,0.0,0.0,0.041666666666666664,0.0,0.0,0.0,0.0,0.0,0.0,0.0,0.0,0.0,0.0,0.0,0.0,0.0,0.0,0.0,0.0
1003_t0037_s004,1003,0,0,0,declarative,8,3,4,4.04,0,179,41,4.366,0.7805,0.38,0.36,0.04,0.04,0.06,0.14,0.12,0.1,0.0,0.18,0.12,0.06,0.06,0.02,0.04,0.02,0.0,0.0,45.54195121951224,17.092682926829266,14.554592549557764,19.326829268292684,0.296,0.107,0.059,0.833,0.0,0.0,0.0,0.0,0.04878048780487805,0.0,0.0,0.0,0.0,0.0,0.0,0.0,0.0,0.0,0.0,0.0,0.0,0.0,0.04878048780487805,0.0,0.0,0.0,0.0,0.0,0.07317073170731707,0.07317073170731707,0.0,0.0,0.0,0.0,0.0,0.0,0.0,0.0,0.0
1003_t0037_s005,1003,1,0,0,interrogative,3,1,0,1.833,0,22,4,5.5,1.0,0.1667,0.1667,0.0,0.0,0.0,0.0,0.0,0.0,0.1667,0.0,0.3333,0.1667,0.0,0.0,0.0,0.0,0.0,0.0,54.72500000000002,6.620000000000001,8.841846274778883,11.600000000000001,0.0,0.0,0.0,1.0,0.0,0.0,0.0,0.0,0.0,0.0,0.0,0.0,0.0,0.0,0.0,0.0,0.0,0.0,0.0,0.0,0.0,0.0,0.0,0.0,0.0,0.0,0.0,0.0,0.0,0.0,0.0,0.0,0.0,0.0,0.0,0.0,0.0,0.0,0.0
1003_t0038_s001,1003,1,0,0,interrogative,3,1,0,1.667,0,20,5,4.0,1.0,0.6667,0.1667,0.0,0.0,0.1667,0.0,0.1667,0.0,0.0,0.3333,0.0,0.1667,0.0,0.1667,0.0,0.0,0.0,0.0,83.32000000000004,2.879999999999999,8.841846274778883,10.0,0.0,0.0,0.0,1.0,0.0,0.0,0.0,0.0,0.0,0.0,0.0,0.0,0.0,0.0,0.0,0.0,0.0,0.0,0.0,0.0,0.0,0.0,0.0,0.0,0.0,0.0,0.0,0.0,0.0,0.0,0.0,0.0,0.0,0.0,0.0,0.0,0.0,0.0,0.0
1003_t0039_s001,1003,0,0,0,declarative,6,1,0,1.8,0,44,9,4.889,1.0,0.6,0.3,0.0,0.1,0.1,0.2,0.1,0.0,0.0,0.2,0.0,0.1,0.1,0.2,0.0,0.0,0.0,0.0,66.10000000000002,6.2755555555555596,11.20814326018867,12.488888888888889,0.0,0.0,0.0,1.0,0.0,0.0,0.0,0.0,0.0,0.0,0.0,0.0,0.0,0.0,0.0,0.0,0.1111111111111111,0.0,0.0,0.0,0.0,0.0,0.0,0.0,0.0,0.0,0.0,0.0,0.0,0.0,0.0,0.0,0.0,0.0,0.0,0.0,0.0,0.0,0.0
1003_t0040_s001,1003,0,0,0,declarative,9,5,5,4.565,0,157,41,3.829,0.8049,0.5,0.3913,0.1739,0.0217,0.0,0.1087,0.1522,0.087,0.0435,0.2174,0.0,0.087,0.0652,0.087,0.0217,0.0217,0.0,0.0217,59.98585365853663,15.078048780487809,11.20814326018867,17.37560975609756,0.886,0.215,0.0,0.785,0.0,0.0,0.0,0.0,0.04878048780487805,0.0,0.0,0.0,0.0,0.0,0.024390243902439025,0.0,0.04878048780487805,0.0,0.0,0.0,0.0,0.0,0.0,0.0,0.0,0.0,0.0,0.0,0.024390243902439025,0.024390243902439025,0.024390243902439025,0.0,0.0,0.0,0.0,0.0,0.0,0.0,0.0
1003_t0040_s002,1003,0,0,0,declarative,4,5,3,2.75,1,75,23,3.261,0.7826,0.6071,0.2857,0.1429,0.0,0.0714,0.0357,0.1786,0.0,0.0714,0.25,0.0,0.1429,0.0,0.0,0.1071,0.0,0.0,0.0,80.49869565217392,7.745217391304351,8.841846274778883,10.93913043478261,0.5927,0.149,0.0,0.851,0.0,0.0,0.0,0.0,0.043478260869565216,0.0,0.0,0.0,0.0,0.043478260869565216,0.0,0.0,0.0,0.0,0.0,0.0,0.0,0.0,0.0,0.0,0.0,0.0,0.0,0.0,0.0,0.0,0.0,0.0,0.0,0.0,0.0,0.0,0.0,0.0,0.0
1003_t0040_s003,1003,0,0,0,declarative,7,3,4,3.303,0,112,30,3.733,0.7,0.5455,0.3939,0.0303,0.0,0.0606,0.1515,0.1818,0.0303,0.0303,0.1212,0.0,0.0606,0.0909,0.1212,0.0909,0.0303,0.0,0.0,63.585000000000036,11.843333333333337,13.023866798666859,16.0,0.0,0.0,0.0,1.0,0.0,0.0,0.0,0.03333333333333333,0.03333333333333333,0.0,0.0,0.0,0.0,0.0,0.03333333333333333,0.0,0.0,0.0,0.0,0.0,0.0,0.0,0.0,0.0,0.0,0.0,0.0,0.0,0.0,0.0,0.0,0.0,0.0,0.0,0.0,0.0,0.0,0.0,0.0
1003_t0040_s004,1003,0,0,0,declarative,4,2,1,3.333,1,103,19,5.421,0.8947,0.375,0.4583,0.0,0.0,0.0833,0.1667,0.125,0.0417,0.125,0.0833,0.0,0.0417,0.0833,0.0417,0.0833,0.0,0.0,0.0,27.255263157894774,14.177894736842106,15.903189008614273,18.126315789473683,0.4215,0.183,0.0,0.817,0.0,0.0,0.05263157894736842,0.0,0.05263157894736842,0.0,0.0,0.0,0.0,0.05263157894736842,0.05263157894736842,0.0,0.05263157894736842,0.0,0.0,0.0,0.0,0.0,0.0,0.0,0.0,0.0,0.0,0.0,0.0,0.0,0.0,0.0,0.0,0.05263157894736842,0.0,0.0,0.0,0.0,0.0
1003_t0040_s005,1003,0,0,0,declarative,4,1,0,2.125,0,32,7,4.571,0.8571,0.5,0.375,0.0,0.0,0.0,0.25,0.125,0.0,0.0,0.0,0.0,0.0,0.25,0.125,0.125,0.0,0.0,0.0,66.7871428571429,5.682857142857145,8.841846274778883,8.514285714285714,0.0,0.0,0.0,1.0,0.0,0.0,0.0,0.0,0.0,0.0,0.0,0.0,0.0,0.0,0.0,0.0,0.0,0.0,0.0,0.0,0.0,0.0,0.0,0.0,0.0,0.0,0.0,0.0,0.0,0.0,0.0,0.0,0.0,0.0,0.0,0.0,0.0,0.0,0.0
1003_t0040_s006,1003,0,0,0,declarative,6,1,1,2.0,0,35,9,3.889,0.7778,0.7273,0.1818,0.0909,0.0,0.0909,0.0909,0.0,0.0,0.0909,0.2727,0.0,0.1818,0.0909,0.0909,0.0,0.0,0.0,0.0,84.90000000000003,3.653333333333336,8.841846274778883,8.044444444444444,0.0,0.0,0.0,1.0,0.0,0.0,0.0,0.0,0.0,0.0,0.0,0.0,0.0,0.0,0.0,0.0,0.0,0.0,0.0,0.0,0.0,0.0,0.0,0.0,0.0,0.0,0.0,0.0,0.0,0.0,0.0,0.0,0.0,0.0,0.0,0.0,0.0,0.0,0.0
1003_t0040_s007,1003,0,0,0,declarative,6,4,2,2.323,1,114,29,3.931,0.8966,0.5806,0.2903,0.0968,0.0,0.0,0.0645,0.129,0.0645,0.0323,0.129,0.0968,0.0645,0.0968,0.1935,0.0323,0.0,0.0,0.0,57.793103448275886,12.402758620689657,13.023866798666859,15.73793103448276,0.1779,0.137,0.087,0.776,0.0,0.0,0.0,0.0,0.0,0.0,0.0,0.0,0.0,0.0,0.0,0.0,0.0,0.0,0.0,0.0,0.0,0.0,0.0,0.0,0.0,0.0,0.0,0.0,0.0,0.0,0.0,0.0,0.0,0.0,0.0,0.0,0.0,0.0,0.0
1003_t0040_s008,1003,0,0,0,declarative,10,1,2,2.8,1,93,23,4.043,0.8261,0.56,0.28,0.04,0.0,0.0,0.12,0.12,0.04,0.0,0.08,0.12,0.0,0.2,0.2,0.04,0.0,0.0,0.0,76.82043478260871,8.25826086956522,11.20814326018867,10.93913043478261,0.0,0.179,0.145,0.676,0.0,0.0,0.0,0.043478260869565216,0.0,0.0,0.0,0.0,0.0,0.0,0.0,0.0,0.0,0.0,0.0,0.0,0.0,0.0,0.0,0.0,0.0,0.0,0.043478260869565216,0.0,0.0,0.0,0.0,0.0,0.0,0.0,0.0,0.0,0.0,0.0,0.0
1003_t0040_s009,1003,0,0,0,declarative,2,1,0,1.5,1,10,4,2.5,1.0,0.5,0.3333,0.1667,0.0,0.0,0.1667,0.1667,0.0,0.0,0.3333,0.0,0.1667,0.0,0.0,0.0,0.0,0.0,0.0,97.025,0.7199999999999989,3.1291,1.6,0.0,0.0,0.0,1.0,0.0,0.0,0.0,0.0,0.0,0.0,0.0,0.0,0.0,0.0,0.0,0.0,0.0,0.0,0.0,0.0,0.0,0.0,0.0,0.0,0.0,0.0,0.0,0.0,0.0,0.0,0.0,0.0,0.0,0.0,0.0,0.0,0.0,0.0,0.0
1003_t0040_s010,1003,0,0,0,declarative,14,3,3,2.78,1,187,38,4.921,0.8421,0.4634,0.4146,0.0488,0.0,0.0244,0.0976,0.1463,0.1463,0.0244,0.0976,0.0732,0.0488,0.1463,0.0732,0.0488,0.0,0.0,0.0,16.8755263157895,20.34578947368421,22.918633597333717,27.831578947368424,0.0,0.0,0.0,1.0,0.0,0.02631578947368421,0.10526315789473684,0.0,0.0,0.0,0.0,0.0,0.0,0.0,0.0,0.0,0.0,0.0,0.0,0.0,0.0,0.0,0.02631578947368421,0.02631578947368421,0.0,0.0,0.0,0.0,0.0,0.0,0.0,0.0,0.0,0.0,0.0,0.0,0.0,0.0,0.0
1003_t0040_s011,1003,0,0,0,declarative,6,1,2,3.0,0,66,16,4.125,0.875,0.4,0.4,0.0,0.0,0.05,0.15,0.15,0.1,0.0,0.1,0.05,0.0,0.15,0.1,0.0,0.0,0.0,0.0,84.845,5.400000000000002,8.841846274778883,8.9,0.0,0.0,0.0,1.0,0.0,0.0,0.0,0.0,0.0,0.0,0.0,0.0,0.0,0.0,0.0,0.0,0.0,0.0,0.0,0.0,0.0,0.0,0.0,0.0,0.0,0.0,0.0,0.0,0.0,0.0,0.0,0.0,0.0,0.0,0.0,0.0,0.0,0.0,0.0
1003_t0040_s012,1003,0,0,0,declarative,5,1,0,2.462,0,57,12,4.75,1.0,0.4615,0.3846,0.0769,0.0,0.0769,0.1538,0.0769,0.1538,0.0,0.1538,0.0769,0.0,0.0769,0.1538,0.0769,0.0,0.0,0.0,53.655,8.756666666666668,14.554592549557764,14.8,0.0,0.0,0.0,1.0,0.0,0.0,0.0,0.0,0.0,0.0,0.0,0.0,0.0,0.0,0.0,0.0,0.0,0.0,0.0,0.0,0.0,0.0,0.0,0.0,0.0,0.0,0.0,0.0,0.0,0.0,0.0,0.0,0.0,0.0,0.0,0.0,0.0,0.0,0.0
1003_t0040_s013,1003,0,0,0,declarative,6,1,0,2.429,1,57,13,4.385,0.8462,0.5714,0.3571,0.0,0.0,0.0714,0.2857,0.0714,0.0,0.0,0.0714,0.0,0.0,0.2143,0.1429,0.0714,0.0,0.0,0.0,63.486153846153854,7.633846153846157,13.023866798666859,14.430769230769233,0.0,0.0,0.0,1.0,0.0,0.0,0.0,0.0,0.0,0.0,0.0,0.0,0.0,0.0,0.0,0.0,0.0,0.0,0.0,0.0,0.0,0.0,0.0,0.0,0.0,0.0,0.0,0.0,0.0,0.0,0.0,0.0,0.0,0.0,0.0,0.0,0.0,0.0,0.0
1003_t0040_s014,1003,0,0,0,declarative,2,1,0,1.0,0,12,3,4.0,1.0,0.5,0.25,0.25,0.0,0.0,0.0,0.25,0.0,0.0,0.5,0.0,0.0,0.0,0.0,0.0,0.0,0.0,0.0,90.99000000000004,1.3133333333333361,3.1291,1.2000000000000002,0.4019,0.574,0.0,0.426,0.0,0.0,0.0,0.0,0.0,0.0,0.0,0.0,0.0,0.0,0.0,0.0,0.0,0.0,0.0,0.0,0.0,0.0,0.0,0.0,0.0,0.0,0.0,0.0,0.0,0.0,0.0,0.0,0.0,0.0,0.0,0.0,0.3333333333333333,0.0,0.0
1003_t0040_s015,1003,0,0,0,declarative,7,5,6,4.023,2,139,37,3.757,0.7838,0.5455,0.3864,0.0682,0.0,0.0909,0.0909,0.2045,0.0682,0.0227,0.2045,0.0,0.0909,0.0227,0.0227,0.0682,0.0455,0.0,0.0,48.09621621621622,15.742702702702704,14.554592549557764,18.043243243243246,0.8807,0.253,0.0,0.747,0.0,0.0,0.02702702702702703,0.0,0.0,0.0,0.0,0.0,0.0,0.0,0.0,0.0,0.0,0.02702702702702703,0.0,0.0,0.0,0.0,0.0,0.0,0.0,0.0,0.0,0.0,0.0,0.0,0.0,0.0,0.0,0.02702702702702703,0.0,0.0,0.02702702702702703,0.0,0.0
1003_t0041_s001,1003,0,0,0,declarative,4,1,0,1.5,0,28,5,5.6,1.0,0.1667,0.1667,0.0,0.0,0.0,0.1667,0.0,0.0,0.0,0.0,0.3333,0.0,0.0,0.1667,0.0,0.0,0.0,0.1667,32.56000000000003,9.96,11.20814326018867,18.0,0.0,0.0,0.0,1.0,0.0,0.0,0.0,0.0,0.0,0.0,0.0,0.0,0.0,0.0,0.0,0.0,0.0,0.0,0.0,0.0,0.0,0.0,0.0,0.0,0.0,0.0,0.0,0.0,0.0,0.0,0.0,0.0,0.0,0.0,0.0,0.0,0.0,0.0,0.0
1003_t0042_s001,1003,0,0,0,declarative,4,1,0,2.947,1,58,13,4.462,1.0,0.3684,0.3158,0.1053,0.0,0.0526,0.1053,0.1053,0.0526,0.0526,0.1579,0.0526,0.0526,0.0526,0.0,0.0526,0.0,0.0526,0.0,69.99384615384618,6.726153846153846,8.841846274778883,8.276923076923078,0.1114,0.142,0.113,0.745,0.0,0.0,0.0,0.0,0.0,0.0,0.0,0.0,0.0,0.0,0.0,0.0,0.0,0.0,0.0,0.0,0.0,0.0,0.0,0.0,0.0,0.0,0.0,0.0,0.0,0.0,0.0,0.0,0.0,0.0,0.0,0.0,0.0,0.0,0.0
1003_t0042_s002,1003,0,0,0,declarative,6,3,2,2.444,0,62,16,3.875,0.875,0.3889,0.2778,0.1111,0.0,0.0,0.1111,0.1667,0.0,0.0,0.1111,0.1111,0.0556,0.1111,0.0556,0.0556,0.0,0.0,0.1111,90.13250000000001,4.662500000000001,8.841846274778883,8.9,0.0,0.0,0.0,1.0,0.0,0.0,0.0,0.0,0.0,0.0,0.0,0.0,0.0,0.0,0.0,0.0,0.0,0.0,0.0,0.0,0.0,0.0,0.0,0.0,0.0,0.0,0.0,0.0,0.0,0.0,0.0,0.0,0.0,0.0,0.0,0.0,0.0,0.0,0.0
1003_t0042_s003,1003,0,0,0,declarative,6,1,0,2.375,0,63,13,4.846,0.9231,0.3125,0.3125,0.0,0.0625,0.0,0.1875,0.125,0.0,0.0,0.0625,0.1875,0.0,0.0625,0.1875,0.0,0.0,0.0,0.0625,53.639285714285734,9.255714285714287,13.023866798666859,14.171428571428573,-0.34,0.0,0.156,0.844,0.0,0.0,0.07142857142857142,0.0,0.0,0.0,0.0,0.0,0.0,0.0,0.0,0.0,0.0,0.0,0.0,0.0,0.0,0.0,0.0,0.0,0.0,0.0,0.0,0.07142857142857142,0.0,0.0,0.0,0.0,0.0,0.0,0.0,0.0,0.0,0.0,0.0
1003_t0042_s004,1003,0,0,0,declarative,6,1,1,2.167,0,49,11,4.455,1.0,0.5833,0.25,0.0,0.0,0.0,0.0833,0.0833,0.0833,0.0,0.1667,0.0833,0.1667,0.0833,0.0833,0.0833,0.0,0.0,0.0,80.30636363636367,4.790909090909089,8.841846274778883,8.036363636363637,0.0,0.0,0.0,1.0,0.0,0.0,0.0,0.0,0.0,0.0,0.0,0.0,0.0,0.0,0.0,0.0,0.0,0.0,0.0,0.0,0.0,0.0,0.0,0.0,0.0,0.0,0.0,0.0,0.0,0.0,0.0,0.0,0.0,0.0,0.0,0.0,0.0,0.0,0.0
1003_t0042_s005,1003,0,0,0,declarative,6,1,0,2.154,0,60,12,5.0,0.9167,0.3846,0.0769,0.0,0.0,0.1538,0.0,0.0769,0.0,0.0,0.1538,0.4615,0.0,0.0,0.0769,0.1538,0.0,0.0,0.0,60.70500000000001,7.773333333333333,11.20814326018867,11.466666666666669,0.0,0.0,0.0,1.0,0.0,0.0,0.0,0.0,0.0,0.0,0.0,0.0,0.0,0.0,0.0,0.0,0.0,0.0,0.0,0.0,0.0,0.0,0.0,0.0,0.0,0.0,0.0,0.0,0.0,0.0,0.0,0.0,0.0,0.0,0.0,0.0,0.0,0.0,0.0
1003_t0042_s006,1003,0,0,0,declarative,2,1,0,1.4,1,11,3,3.667,1.0,0.4,0.4,0.0,0.0,0.2,0.2,0.2,0.0,0.0,0.2,0.0,0.0,0.0,0.0,0.0,0.0,0.0,0.0,90.99000000000004,1.3133333333333361,3.1291,1.2000000000000002,0.0,0.0,0.0,1.0,0.0,0.0,0.0,0.0,0.0,0.0,0.0,0.0,0.0,0.0,0.0,0.0,0.0,0.0,0.0,0.0,0.0,0.0,0.0,0.0,0.0,0.0,0.0,0.0,0.0,0.0,0.0,0.0,0.0,0.0,0.0,0.0,0.0,0.0,0.0
1003_t0042_s007,1003,0,0,0,declarative,4,1,0,1.571,0,20,5,4.0,1.0,0.4286,0.2857,0.1429,0.0,0.1429,0.1429,0.1429,0.0,0.0,0.2857,0.1429,0.0,0.0,0.1429,0.0,0.0,0.0,0.0,32.56000000000003,9.96,8.841846274778883,2.0,0.25,0.333,0.0,0.667,0.0,0.0,0.0,0.0,0.0,0.0,0.0,0.0,0.0,0.0,0.0,0.0,0.0,0.0,0.0,0.0,0.0,0.0,0.0,0.0,0.0,0.0,0.0,0.0,0.0,0.0,0.0,0.0,0.0,0.0,0.0,0.0,0.0,0.0,0.0
1003_t0042_s008,1003,0,0,0,declarative,4,1,0,2.1,0,50,9,5.556,1.0,0.3,0.4,0.1,0.0,0.0,0.1,0.1,0.1,0.1,0.1,0.1,0.0,0.0,0.1,0.1,0.0,0.0,0.1,19.100000000000023,12.831111111111113,13.023866798666859,8.044444444444444,0.2263,0.192,0.0,0.808,0.0,0.0,0.0,0.0,0.0,0.0,0.0,0.0,0.0,0.0,0.0,0.0,0.0,0.0,0.0,0.0,0.0,0.0,0.0,0.0,0.0,0.0,0.0,0.0,0.0,0.0,0.0,0.0,0.0,0.0,0.0,0.0,0.0,0.0,0.0
1003_t0042_s009,1003,0,0,0,declarative,10,7,8,2.788,1,121,28,4.321,0.8214,0.4848,0.3333,0.0606,0.0,0.0303,0.0909,0.1515,0.0606,0.0303,0.0909,0.0606,0.1818,0.0606,0.0303,0.0,0.0303,0.0,0.0,66.62214285714289,10.922857142857143,11.20814326018867,14.057142857142859,0.1531,0.065,0.045,0.89,0.0,0.0,0.0,0.03571428571428571,0.0,0.0,0.0,0.0,0.0,0.0,0.0,0.0,0.0,0.0,0.0,0.0,0.0,0.0,0.0,0.0,0.0,0.0,0.0,0.0,0.0,0.0,0.0,0.0,0.0,0.0,0.0,0.0,0.0,0.0,0.0
1003_t0042_s010,1003,0,0,0,declarative,2,1,0,1.0,0,3,2,1.5,1.0,0.25,0.25,0.25,0.0,0.0,0.0,0.25,0.0,0.0,0.25,0.0,0.0,0.0,0.0,0.0,0.0,0.0,0.25,120.20500000000001,-3.01,3.1291,0.8,0.0,0.0,0.0,1.0,0.0,0.0,0.0,0.0,0.0,0.0,0.0,0.0,0.0,0.0,0.0,0.0,0.0,0.0,0.0,0.0,0.0,0.0,0.0,0.0,0.0,0.0,0.0,0.0,0.0,0.0,0.0,0.0,0.0,0.0,0.0,0.0,0.0,0.0,0.0
1003_t0042_s011,1003,0,0,0,declarative,8,5,7,3.241,0,98,24,4.083,0.7083,0.4138,0.4483,0.1379,0.0,0.0,0.1034,0.1724,0.0345,0.1379,0.1724,0.0,0.069,0.0345,0.0,0.0,0.0345,0.0,0.0,62.62500000000003,10.486666666666668,3.1291,9.600000000000001,0.9153,0.39,0.0,0.61,0.0,0.0,0.0,0.041666666666666664,0.041666666666666664,0.0,0.0,0.0,0.0,0.0,0.0,0.0,0.041666666666666664,0.0,0.0,0.0,0.0,0.0,0.0,0.0,0.0,0.0,0.0,0.0,0.0,0.0,0.0,0.0,0.0,0.0,0.0,0.0,0.0,0.0,0.0
1003_t0042_s012,1003,0,0,0,declarative,5,1,1,2.5,0,62,14,4.429,0.9286,0.5625,0.3125,0.125,0.0,0.0,0.0625,0.0625,0.0625,0.125,0.1875,0.0625,0.1875,0.0625,0.0625,0.0625,0.0,0.0,0.0,59.68214285714288,8.412857142857145,11.20814326018867,8.457142857142857,0.4767,0.193,0.0,0.807,0.07142857142857142,0.07142857142857142,0.07142857142857142,0.0,0.0,0.0,0.0,0.0,0.0,0.0,0.0,0.0,0.0,0.0,0.0,0.0,0.0,0.0,0.0,0.07142857142857142,0.0,0.0,0.0,0.0,0.0,0.0,0.0,0.0,0.0,0.0,0.0,0.0,0.0,0.0,0.0
1003_t0042_s013,1003,0,0,0,declarative,4,1,1,2.0,0,28,8,3.5,1.0,0.5,0.3,0.1,0.0,0.0,0.1,0.2,0.0,0.0,0.2,0.1,0.0,0.1,0.1,0.1,0.0,0.0,0.0,82.39000000000001,3.7550000000000026,8.841846274778883,3.2,0.0772,0.157,0.0,0.843,0.0,0.0,0.0,0.0,0.0,0.0,0.0,0.0,0.0,0.0,0.0,0.0,0.0,0.0,0.0,0.0,0.0,0.0,0.0,0.0,0.0,0.0,0.0,0.0,0.0,0.125,0.0,0.0,0.0,0.0,0.0,0.0,0.0,0.0,0.0
1003_t0042_s014,1003,0,0,0,declarative,5,2,2,2.091,0,37,9,4.111,1.0,0.4545,0.4545,0.0909,0.0,0.0,0.1818,0.2727,0.0,0.0,0.1818,0.0,0.0,0.0909,0.0909,0.0,0.0,0.0,0.0,84.90000000000003,3.653333333333336,8.841846274778883,8.044444444444444,0.0772,0.14,0.0,0.86,0.1111111111111111,0.0,0.1111111111111111,0.0,0.0,0.0,0.0,0.0,0.0,0.0,0.1111111111111111,0.0,0.0,0.0,0.0,0.0,0.0,0.0,0.1111111111111111,0.0,0.0,0.0,0.0,0.0,0.0,0.1111111111111111,0.0,0.0,0.0,0.0,0.0,0.0,0.0,0.0,0.0
1003_t0042_s015,1003,0,0,0,declarative,9,4,2,3.543,1,129,32,4.031,0.9062,0.5429,0.4,0.0857,0.0,0.0,0.2286,0.1143,0.0571,0.0,0.0857,0.0,0.0857,0.1429,0.1143,0.0571,0.0286,0.0,0.0,68.60500000000002,11.64,8.841846274778883,14.05,0.7096,0.232,0.09,0.678,0.0,0.0,0.0,0.03125,0.03125,0.0,0.0,0.0,0.0,0.03125,0.0,0.0,0.0,0.0,0.0,0.0,0.0,0.0,0.0,0.0,0.0,0.0,0.03125,0.0,0.0,0.0,0.0,0.0,0.0,0.0,0.0,0.0,0.0,0.0,0.0
1003_t0042_s016,1003,0,1,0,imperative,4,1,0,1.875,0,29,6,4.833,1.0,0.625,0.25,0.0,0.0,0.0,0.125,0.125,0.0,0.0,0.375,0.0,0.0,0.125,0.125,0.0,0.0,0.0,0.0,87.94500000000002,2.4833333333333343,3.1291,2.4000000000000004,-0.0191,0.0,0.177,0.823,0.0,0.0,0.0,0.0,0.0,0.0,0.0,0.0,0.0,0.0,0.0,0.0,0.0,0.0,0.0,0.0,0.0,0.0,0.0,0.0,0.0,0.0,0.0,0.0,0.0,0.0,0.0,0.0,0.0,0.0,0.0,0.0,0.0,0.0,0.0
1003_t0042_s017,1003,0,0,0,declarative,11,4,4,2.64,0,87,22,3.955,0.8636,0.52,0.4,0.0,0.0,0.0,0.2,0.16,0.04,0.0,0.08,0.0,0.04,0.2,0.12,0.08,0.0,0.0,0.0,76.83227272727274,8.008181818181821,8.841846274778883,10.618181818181819,0.631,0.242,0.097,0.661,0.0,0.0,0.0,0.045454545454545456,0.0,0.0,0.0,0.0,0.0,0.045454545454545456,0.0,0.0,0.0,0.0,0.0,0.0,0.0,0.0,0.0,0.0,0.0,0.0,0.0,0.0,0.0,0.0,0.0,0.0,0.0,0.0,0.0,0.0,0.0,0.0,0.0
1003_t0043_s001,1003,0,0,0,declarative,4,1,0,2.0,0,33,6,5.5,1.0,0.25,0.0,0.0,0.0,0.0,0.0,0.0,0.0,0.0,0.0,0.5,0.0,0.125,0.125,0.0,0.0,0.0,0.0,45.64500000000001,8.383333333333333,11.20814326018867,15.733333333333334,0.0,0.0,0.0,1.0,0.0,0.0,0.0,0.0,0.0,0.0,0.0,0.0,0.0,0.0,0.0,0.0,0.0,0.0,0.0,0.0,0.0,0.0,0.0,0.0,0.0,0.0,0.0,0.0,0.0,0.0,0.0,0.0,0.0,0.0,0.0,0.0,0.0,0.0,0.0
1003_t0044_s001,1003,0,0,0,declarative,1,1,0,0.0,0,0,0,0.0,0.0,0.0,0.0,0.0,0.0,0.0,0.0,0.0,0.0,0.0,0.0,1.0,0.0,0.0,0.0,0.0,0.0,0.0,0.0,36.62000000000003,8.400000000000002,3.1291,0.4,0.0,0.0,0.0,1.0,0.0,0.0,0.0,0.0,0.0,0.0,0.0,0.0,0.0,0.0,0.0,0.0,0.0,0.0,0.0,0.0,0.0,0.0,0.0,0.0,0.0,0.0,0.0,0.0,0.0,0.0,0.0,0.0,0.0,0.0,0.0,0.0,0.0,0.0,0.0
1003_t0044_s002,1003,0,0,0,declarative,2,1,0,1.4,0,21,3,7.0,1.0,0.0,0.0,0.0,0.0,0.0,0.0,0.0,0.0,0.0,0.0,0.6,0.0,0.0,0.0,0.0,0.0,0.0,0.0,6.390000000000015,13.113333333333333,11.20814326018867,27.86666666666667,0.0,0.0,0.0,1.0,0.0,0.0,0.0,0.0,0.0,0.0,0.0,0.0,0.0,0.0,0.0,0.0,0.0,0.0,0.0,0.0,0.0,0.0,0.0,0.0,0.0,0.0,0.0,0.0,0.0,0.0,0.0,0.0,0.0,0.0,0.0,0.0,0.0,0.0,0.0
1003_t0044_s003,1003,0,0,0,declarative,1,1,0,0.0,0,0,0,0.0,0.0,0.0,0.0,0.0,0.0,0.0,0.0,0.0,0.0,0.0,0.0,1.0,0.0,0.0,0.0,0.0,0.0,0.0,0.0,36.62000000000003,8.400000000000002,3.1291,0.4,0.0,0.0,0.0,1.0,0.0,0.0,0.0,0.0,0.0,0.0,0.0,0.0,0.0,0.0,0.0,0.0,0.0,0.0,0.0,0.0,0.0,0.0,0.0,0.0,0.0,0.0,0.0,0.0,0.0,0.0,0.0,0.0,0.0,0.0,0.0,0.0,0.0,0.0,0.0
1003_t0044_s004,1003,0,0,0,declarative,9,3,4,3.596,1,191,44,4.341,0.8636,0.4681,0.4255,0.0213,0.0213,0.0,0.1915,0.1064,0.0638,0.0638,0.0426,0.0426,0.0851,0.1277,0.1277,0.0,0.0638,0.0,0.0,41.043181818181836,18.465454545454552,14.554592549557764,20.327272727272728,-0.5423,0.097,0.147,0.755,0.0,0.022727272727272728,0.022727272727272728,0.022727272727272728,0.0,0.0,0.0,0.0,0.0,0.0,0.0,0.0,0.0,0.0,0.0,0.0,0.0,0.0,0.022727272727272728,0.0,0.0,0.0,0.0,0.0,0.0,0.0,0.0,0.0,0.0,0.0,0.0,0.0,0.0,0.0,0.0
1003_t0044_s005,1003,0,0,0,declarative,5,2,1,2.0,0,28,8,3.5,1.0,0.3636,0.4545,0.0,0.0,0.0,0.0909,0.2727,0.0,0.0909,0.0909,0.0,0.0,0.0909,0.1818,0.0,0.0,0.0,0.0,92.965,2.280000000000001,3.1291,3.2,0.128,0.176,0.0,0.824,0.0,0.0,0.0,0.0,0.0,0.0,0.0,0.0,0.0,0.0,0.0,0.0,0.0,0.0,0.0,0.0,0.0,0.0,0.0,0.0,0.0,0.0,0.0,0.0,0.0,0.0,0.0,0.0,0.0,0.0,0.0,0.0,0.0,0.0,0.0
1003_t0044_s006,1003,0,0,0,declarative,9,2,3,3.85,1,174,36,4.833,0.8056,0.375,0.5,0.025,0.0,0.0,0.2,0.1,0.075,0.125,0.1,0.025,0.05,0.05,0.1,0.0,0.025,0.0,0.0,33.99500000000003,17.461111111111112,17.122413403193683,19.955555555555556,0.3182,0.151,0.071,0.779,0.0,0.0,0.0,0.0,0.0,0.0,0.0,0.0,0.0,0.0,0.0,0.0,0.0,0.0,0.05555555555555555,0.027777777777777776,0.05555555555555555,0.0,0.0,0.0,0.0,0.0,0.0,0.0,0.0,0.0,0.0,0.0,0.0,0.0,0.0,0.0,0.0,0.0,0.0
1003_t0044_s007,1003,0,0,0,declarative,6,1,1,2.733,0,60,14,4.286,0.9286,0.4667,0.4667,0.0,0.1333,0.0,0.2,0.1333,0.1333,0.0,0.2,0.0,0.1333,0.0667,0.0667,0.0,0.0,0.0,0.0,89.89642857142859,4.19857142857143,3.1291,5.6000000000000005,-0.6124,0.0,0.294,0.706,0.0,0.0,0.0,0.0,0.0,0.0,0.0,0.0,0.0,0.0,0.0,0.0,0.0,0.0,0.0,0.0,0.0,0.0,0.0,0.0,0.0,0.0,0.0,0.0,0.0,0.0,0.0,0.0,0.0,0.0,0.0,0.0,0.0,0.0,0.0
1003_t0044_s008,1003,0,0,0,declarative,4,1,1,2.667,0,43,8,5.375,1.0,0.4444,0.3333,0.0,0.1111,0.0,0.0,0.2222,0.0,0.1111,0.2222,0.0,0.2222,0.0,0.0,0.0,0.0,0.0,0.1111,71.81500000000001,5.230000000000004,8.841846274778883,3.2,0.0,0.0,0.0,1.0,0.0,0.0,0.0,0.0,0.0,0.0,0.0,0.0,0.0,0.0,0.0,0.0,0.0,0.0,0.0,0.0,0.0,0.0,0.0,0.0,0.0,0.0,0.0,0.0,0.0,0.0,0.0,0.0,0.0,0.0,0.0,0.0,0.0,0.0,0.0
1003_t0044_s009,1003,1,0,0,interrogative,4,1,0,2.857,0,58,13,4.462,0.9231,0.5,0.3571,0.0714,0.1429,0.0,0.2143,0.0714,0.0714,0.0,0.2857,0.0,0.1429,0.0,0.0714,0.0,0.0,0.0,0.0714,89.51692307692309,4.003076923076925,3.1291,5.2,-0.1779,0.137,0.18,0.683,0.0,0.0,0.0,0.0,0.0,0.0,0.0,0.0,0.0,0.0,0.0,0.0,0.0,0.0,0.0,0.0,0.0,0.0,0.0,0.0,0.0,0.0,0.0,0.0,0.0,0.0,0.0,0.0,0.0,0.0,0.0,0.0,0.0,0.0,0.0
1003_t0045_s001,1003,0,0,0,declarative,10,2,3,2.733,2,109,26,4.192,0.8846,0.5667,0.3,0.0667,0.0,0.0333,0.1,0.1333,0.0333,0.0333,0.1333,0.0333,0.1333,0.0667,0.1,0.0333,0.0333,0.0,0.0333,66.56038461538463,10.434615384615388,8.841846274778883,11.938461538461539,-0.4754,0.091,0.188,0.721,0.0,0.0,0.0,0.0,0.0,0.0,0.0,0.0,0.0,0.0,0.0,0.0,0.0,0.0,0.0,0.0,0.0,0.0,0.0,0.0,0.0,0.0,0.0,0.0,0.0,0.0,0.0,0.0,0.0,0.0,0.0,0.0,0.0,0.0,0.0
1003_t0045_s002,1003,1,0,0,interrogative,4,1,0,2.357,1,41,12,3.417,1.0,0.5714,0.2143,0.0,0.0714,0.0714,0.0714,0.0714,0.0,0.0714,0.1429,0.0,0.1429,0.0714,0.0714,0.0714,0.0,0.0,0.0714,103.00500000000001,1.8733333333333313,3.1291,4.800000000000001,0.1154,0.116,0.0,0.884,0.0,0.0,0.0,0.0,0.0,0.0,0.0,0.0,0.0,0.0,0.0,0.0,0.0,0.0,0.0,0.0,0.0,0.0,0.0,0.0,0.0,0.0,0.0,0.0,0.0,0.0,0.0,0.0,0.0,0.0,0.0,0.0,0.0,0.0,0.0
1003_t0045_s003,1003,0,0,0,declarative,7,4,3,3.939,1,137,36,3.806,0.7778,0.449,0.2245,0.0204,0.0204,0.0612,0.0816,0.0612,0.0408,0.0408,0.1429,0.0612,0.0816,0.102,0.0408,0.0408,0.0204,0.0,0.0816,57.242162162162174,14.467027027027026,11.20814326018867,15.881081081081081,0.4754,0.079,0.0,0.921,0.02702702702702703,0.0,0.0,0.0,0.0,0.0,0.0,0.0,0.0,0.0,0.0,0.0,0.0,0.0,0.02702702702702703,0.0,0.02702702702702703,0.0,0.02702702702702703,0.0,0.0,0.0,0.0,0.0,0.0,0.0,0.0,0.0,0.0,0.0,0.0,0.0,0.02702702702702703,0.0,0.0
1003_t0045_s004,1003,0,0,0,declarative,6,4,3,4.12,0,113,22,5.136,0.9545,0.4,0.44,0.12,0.04,0.0,0.12,0.16,0.12,0.04,0.16,0.04,0.08,0.04,0.08,0.0,0.04,0.0,0.0,38.37772727272727,13.371818181818181,15.903189008614273,16.072727272727274,0.8313,0.316,0.0,0.684,0.0,0.0,0.0,0.0,0.0,0.0,0.0,0.0,0.0,0.0,0.0,0.0,0.045454545454545456,0.0,0.045454545454545456,0.0,0.045454545454545456,0.0,0.0,0.0,0.0,0.0,0.0,0.0,0.0,0.0,0.0,0.0,0.0,0.0,0.0,0.0,0.0,0.0,0.0
1003_t0045_s005,1003,0,0,0,declarative,6,2,1,2.96,1,87,21,4.143,0.8095,0.48,0.44,0.0,0.0,0.12,0.04,0.12,0.12,0.16,0.16,0.0,0.12,0.0,0.04,0.08,0.0,0.0,0.0,56.6057142857143,10.580952380952379,13.023866798666859,12.20952380952381,-0.4571,0.0,0.13,0.87,0.0,0.0,0.0,0.0,0.0,0.0,0.0,0.0,0.0,0.0,0.0,0.0,0.0,0.0,0.0,0.0,0.0,0.0,0.0,0.0,0.0,0.0,0.0,0.0,0.0,0.0,0.0,0.0,0.0,0.0,0.0,0.0,0.0,0.0,0.0
1003_t0045_s006,1003,0,0,0,declarative,3,1,0,1.5,0,18,4,4.5,1.0,0.3333,0.5,0.0,0.0,0.1667,0.0,0.1667,0.1667,0.1667,0.1667,0.0,0.0,0.0,0.0,0.1667,0.0,0.0,0.0,54.72500000000002,6.620000000000001,8.841846274778883,1.6,0.3898,0.468,0.0,0.532,0.0,0.0,0.0,0.0,0.0,0.0,0.0,0.0,0.0,0.0,0.0,0.0,0.0,0.0,0.0,0.0,0.0,0.0,0.0,0.0,0.0,0.0,0.0,0.0,0.0,0.0,0.0,0.0,0.0,0.0,0.0,0.0,0.0,0.0,0.0
1003_t0045_s007,1003,0,0,0,declarative,10,3,3,4.0,0,123,26,4.731,0.8077,0.4194,0.2903,0.129,0.0,0.0,0.0645,0.129,0.0323,0.0645,0.129,0.1613,0.0645,0.0968,0.0645,0.0323,0.0323,0.0,0.0,47.037307692307735,13.157692307692308,13.023866798666859,15.015384615384617,0.8122,0.267,0.0,0.733,0.0,0.0,0.0,0.0,0.038461538461538464,0.0,0.0,0.0,0.0,0.0,0.038461538461538464,0.0,0.038461538461538464,0.0,0.0,0.0,0.0,0.0,0.0,0.0,0.0,0.0,0.0,0.0,0.0,0.0,0.0,0.0,0.0,0.0,0.0,0.0,0.0,0.0,0.0
1003_t0045_s008,1003,0,0,0,declarative,10,2,1,2.105,1,52,16,3.25,0.8125,0.4737,0.4211,0.0526,0.0,0.0526,0.2105,0.1053,0.0526,0.0526,0.1053,0.0,0.0526,0.1053,0.1579,0.0,0.0,0.0,0.0,84.845,5.400000000000002,3.1291,6.4,-0.4215,0.0,0.157,0.843,0.0,0.0,0.0,0.0,0.0,0.0,0.0,0.0,0.0,0.0,0.0,0.0,0.0,0.0,0.0625,0.0625,0.0625,0.0,0.0,0.0,0.0,0.0,0.0,0.0,0.0,0.0,0.0,0.0,0.0,0.0,0.0,0.0,0.0,0.0,0.0
1003_t0045_s009,1003,0,0,0,declarative,2,1,0,1.5,1,14,4,3.5,1.0,0.6667,0.1667,0.1667,0.0,0.0,0.0,0.1667,0.0,0.0,0.3333,0.0,0.1667,0.0,0.0,0.0,0.0,0.0,0.0,97.025,0.7199999999999989,3.1291,1.6,0.0,0.0,0.0,1.0,0.0,0.0,0.0,0.0,0.0,0.0,0.0,0.0,0.0,0.0,0.0,0.0,0.0,0.0,0.0,0.0,0.0,0.0,0.0,0.0,0.0,0.0,0.0,0.0,0.0,0.0,0.0,0.0,0.0,0.0,0.0,0.0,0.0,0.0,0.0
1003_t0045_s010,1003,0,0,0,declarative,2,1,0,1.2,0,12,4,3.0,1.0,0.6,0.2,0.2,0.0,0.0,0.0,0.2,0.0,0.0,0.4,0.0,0.2,0.0,0.0,0.0,0.0,0.0,0.0,118.17500000000001,-2.2299999999999986,3.1291,1.6,0.0,0.0,0.0,1.0,0.0,0.0,0.0,0.0,0.0,0.0,0.0,0.0,0.0,0.0,0.0,0.0,0.0,0.0,0.0,0.0,0.0,0.0,0.0,0.0,0.0,0.0,0.0,0.0,0.0,0.0,0.0,0.0,0.0,0.0,0.0,0.0,0.0,0.0,0.0
1003_t0045_s011,1003,0,0,0,declarative,8,1,0,3.105,0,81,17,4.765,0.8824,0.4211,0.4211,0.0526,0.0,0.0,0.2632,0.0526,0.1053,0.0,0.0526,0.1053,0.0,0.1579,0.2105,0.0,0.0,0.0,0.0,40.2858823529412,11.863529411764706,14.554592549557764,16.211764705882356,-0.0772,0.0,0.075,0.925,0.058823529411764705,0.058823529411764705,0.058823529411764705,0.0,0.0,0.0,0.0,0.0,0.0,0.0,0.0,0.0,0.0,0.0,0.0,0.0,0.0,0.0,0.0,0.0,0.0,0.0,0.0,0.0,0.0,0.0,0.0,0.0,0.0,0.0,0.0,0.0,0.0,0.0,0.0
1003_t0045_s012,1003,0,0,0,declarative,7,1,0,2.312,0,69,14,4.929,0.9286,0.5,0.4375,0.125,0.0,0.0,0.25,0.125,0.0625,0.0,0.125,0.0,0.0625,0.0625,0.1875,0.0625,0.0,0.0,0.0,41.553571428571445,10.941428571428574,13.023866798666859,14.171428571428573,0.0,0.0,0.0,1.0,0.0,0.0,0.0,0.0,0.0,0.0,0.0,0.0,0.0,0.0,0.0,0.0,0.0,0.0,0.0,0.0,0.0,0.0,0.0,0.0,0.0,0.0,0.0,0.0,0.0,0.0,0.0,0.0,0.0,0.0,0.0,0.0,0.0,0.0,0.0
1003_t0045_s013,1003,0,0,0,declarative,8,3,3,2.5,0,89,21,4.238,0.9048,0.4545,0.4091,0.0455,0.0,0.0,0.0909,0.1818,0.0455,0.0909,0.0455,0.0909,0.0455,0.0909,0.1364,0.0,0.0,0.0,0.0,52.57714285714289,11.142857142857142,13.023866798666859,14.114285714285714,-0.3167,0.064,0.12,0.816,0.0,0.0,0.0,0.0,0.0,0.0,0.0,0.0,0.0,0.0,0.0,0.0,0.0,0.0,0.0,0.0,0.0,0.0,0.0,0.0,0.0,0.0,0.0,0.0,0.0,0.0,0.0,0.0,0.0,0.0,0.0,0.0,0.0,0.0,0.0
1003_t0045_s014,1003,0,0,0,declarative,4,1,0,1.625,0,28,7,4.0,1.0,0.75,0.125,0.125,0.0,0.125,0.0,0.125,0.0,0.0,0.375,0.0,0.125,0.0,0.125,0.125,0.0,0.0,0.0,90.95857142857145,2.3114285714285714,8.841846274778883,8.514285714285714,0.0,0.0,0.0,1.0,0.0,0.0,0.0,0.0,0.0,0.0,0.0,0.0,0.0,0.0,0.0,0.0,0.0,0.0,0.0,0.0,0.0,0.0,0.0,0.0,0.0,0.0,0.0,0.0,0.0,0.0,0.0,0.0,0.0,0.0,0.0,0.0,0.0,0.0,0.0
1003_t0045_s015,1003,0,0,0,declarative,9,3,2,2.973,0,141,34,4.147,0.9118,0.4595,0.3784,0.0541,0.027,0.027,0.1081,0.1081,0.0541,0.1081,0.1081,0.027,0.0811,0.0811,0.1081,0.0541,0.0,0.0,0.0541,47.91323529411767,15.022941176470592,14.554592549557764,18.30588235294118,-0.6597,0.0,0.144,0.856,0.0,0.029411764705882353,0.029411764705882353,0.0,0.0,0.0,0.0,0.0,0.0,0.0,0.0,0.0,0.0,0.0,0.0,0.029411764705882353,0.0,0.029411764705882353,0.0,0.0,0.0,0.0,0.029411764705882353,0.0,0.0,0.0,0.0,0.0,0.0,0.0,0.0,0.0,0.0,0.0,0.0
1003_t0045_s016,1003,0,0,0,declarative,3,1,0,1.0,0,24,4,6.0,1.0,0.4,0.2,0.0,0.0,0.0,0.0,0.2,0.0,0.0,0.0,0.2,0.2,0.2,0.0,0.0,0.0,0.0,0.0,12.425000000000011,12.52,11.20814326018867,21.6,0.0,0.0,0.0,1.0,0.0,0.0,0.0,0.0,0.0,0.0,0.0,0.0,0.0,0.0,0.0,0.0,0.0,0.0,0.0,0.0,0.0,0.0,0.0,0.0,0.0,0.0,0.0,0.0,0.0,0.0,0.0,0.0,0.0,0.0,0.0,0.0,0.0,0.0,0.0
1003_t0045_s017,1003,0,0,0,declarative,5,3,2,2.95,1,70,15,4.667,0.9333,0.4,0.5,0.1,0.0,0.05,0.1,0.25,0.1,0.05,0.15,0.0,0.1,0.0,0.0,0.05,0.0,0.0,0.0,56.25000000000003,9.140000000000004,13.023866798666859,14.0,-0.4019,0.07,0.17,0.76,0.0,0.0,0.0,0.0,0.0,0.0,0.0,0.0,0.0,0.0,0.0,0.0,0.0,0.0,0.0,0.0,0.0,0.0,0.0,0.0,0.0,0.06666666666666667,0.0,0.0,0.0,0.0,0.0,0.0,0.0,0.0,0.0,0.0,0.0,0.0,0.0
1003_t0045_s018,1003,0,0,0,declarative,2,1,0,1.5,1,10,4,2.5,1.0,0.6667,0.1667,0.1667,0.0,0.0,0.0,0.1667,0.0,0.0,0.3333,0.0,0.1667,0.0,0.0,0.0,0.0,0.0,0.0,118.17500000000001,-2.2299999999999986,3.1291,1.6,0.0,0.0,0.0,1.0,0.0,0.0,0.0,0.0,0.0,0.0,0.0,0.0,0.0,0.0,0.0,0.0,0.0,0.0,0.0,0.0,0.0,0.0,0.0,0.0,0.0,0.0,0.0,0.0,0.0,0.0,0.0,0.0,0.0,0.0,0.0,0.0,0.0,0.0,0.0
1003_t0045_s019,1003,0,0,0,declarative,8,2,4,3.037,0,128,24,5.333,0.8333,0.4074,0.4444,0.1111,0.0,0.0,0.1852,0.1852,0.037,0.037,0.1481,0.037,0.037,0.0741,0.037,0.0,0.037,0.0,0.037,29.180000000000007,15.400000000000002,17.122413403193683,19.6,-0.4404,0.0,0.108,0.892,0.04,0.0,0.04,0.0,0.0,0.0,0.0,0.0,0.0,0.0,0.04,0.0,0.04,0.0,0.0,0.0,0.0,0.0,0.04,0.0,0.0,0.0,0.0,0.0,0.0,0.0,0.0,0.0,0.0,0.0,0.0,0.0,0.0,0.0,0.0
1003_t0045_s020,1003,0,0,0,declarative,8,3,4,3.125,0,180,42,4.286,0.7381,0.5208,0.3542,0.125,0.0,0.0208,0.1042,0.125,0.0833,0.0417,0.1667,0.0417,0.0625,0.0625,0.0833,0.0833,0.0625,0.0,0.0,41.33357142857146,17.928095238095242,15.903189008614273,20.60952380952381,0.8519,0.213,0.0,0.787,0.0,0.0,0.0,0.0,0.0,0.0,0.0,0.0,0.0,0.0,0.0,0.0,0.023809523809523808,0.0,0.0,0.0,0.0,0.0,0.023809523809523808,0.0,0.0,0.0,0.0,0.0,0.023809523809523808,0.0,0.0,0.0,0.0,0.0,0.0,0.0,0.0,0.0,0.0
1003_t0046_s001,1003,0,0,0,declarative,3,1,0,1.667,0,24,4,6.0,1.0,0.0,0.1667,0.0,0.0,0.0,0.1667,0.0,0.0,0.0,0.0,0.3333,0.0,0.0,0.0,0.0,0.0,0.0,0.1667,12.425000000000011,12.52,11.20814326018867,21.6,0.0,0.0,0.0,1.0,0.0,0.0,0.0,0.0,0.0,0.0,0.0,0.0,0.0,0.0,0.0,0.0,0.0,0.0,0.0,0.0,0.0,0.0,0.0,0.0,0.0,0.0,0.0,0.0,0.0,0.0,0.0,0.0,0.0,0.0,0.0,0.0,0.0,0.0,0.0
1003_t0047_s001,1003,0,0,0,declarative,7,1,0,3.609,1,76,17,4.471,0.9412,0.4348,0.2609,0.0435,0.0,0.0,0.087,0.087,0.0,0.087,0.0435,0.1304,0.087,0.087,0.087,0.0,0.0435,0.0435,0.0,50.2388235294118,10.47529411764706,15.903189008614273,16.211764705882356,0.2732,0.116,0.0,0.884,0.0,0.0,0.0,0.0,0.0,0.0,0.0,0.0,0.0,0.0,0.0,0.0,0.0,0.0,0.0,0.0,0.0,0.0,0.0,0.0,0.0,0.0,0.0,0.0,0.0,0.0,0.0,0.0,0.0,0.0,0.0,0.0,0.0,0.0,0.0
1003_t0047_s002,1003,0,0,0,declarative,13,5,7,3.0,1,140,33,4.242,0.8485,0.5405,0.3514,0.0541,0.0541,0.027,0.1351,0.2162,0.0,0.0,0.2162,0.0541,0.0541,0.1351,0.0541,0.0,0.0541,0.0,0.0,63.10363636363638,12.65575757575758,8.841846274778883,14.412121212121214,-0.5574,0.041,0.139,0.82,0.0,0.0,0.0,0.0,0.0,0.0,0.0,0.0,0.0,0.0,0.0,0.0,0.0,0.0,0.0,0.0,0.0,0.0,0.0,0.0,0.0,0.0,0.0,0.0,0.0,0.0,0.0,0.0,0.0,0.0,0.0,0.0,0.0,0.0,0.0
1003_t0047_s003,1003,0,0,0,declarative,7,1,0,1.8,0,49,9,5.444,0.8889,0.5,0.3,0.0,0.0,0.0,0.1,0.2,0.0,0.0,0.1,0.1,0.0,0.2,0.1,0.0,0.1,0.0,0.0,37.900000000000034,10.208888888888893,13.023866798666859,12.488888888888889,0.0,0.0,0.0,1.0,0.0,0.0,0.0,0.0,0.0,0.0,0.0,0.0,0.0,0.0,0.0,0.0,0.0,0.0,0.0,0.0,0.0,0.0,0.0,0.0,0.0,0.0,0.0,0.0,0.0,0.0,0.0,0.0,0.0,0.0,0.0,0.0,0.0,0.0,0.0
1003_t0047_s004,1003,0,0,0,declarative,11,8,10,3.222,0,202,49,4.122,0.6939,0.5185,0.3889,0.0185,0.0,0.0185,0.1296,0.2222,0.0,0.037,0.0926,0.037,0.1111,0.0926,0.037,0.037,0.0185,0.0,0.0,34.516326530612275,20.617959183673467,14.554592549557764,22.86530612244898,-0.5574,0.024,0.074,0.902,0.0,0.0,0.0,0.0,0.0,0.0,0.0,0.0,0.0,0.0,0.0,0.0,0.02040816326530612,0.02040816326530612,0.02040816326530612,0.04081632653061224,0.02040816326530612,0.0,0.0,0.0,0.0,0.0,0.0,0.0,0.0,0.0,0.0,0.0,0.0,0.0,0.0,0.0,0.0,0.0,0.0
1003_t0047_s005,1003,0,0,0,declarative,4,2,1,2.333,1,47,11,4.273,1.0,0.5833,0.3333,0.0833,0.0,0.0,0.1667,0.1667,0.0,0.0,0.0833,0.0833,0.0833,0.0833,0.0,0.0833,0.0833,0.0,0.0,81.85500000000002,4.823333333333334,3.1291,4.800000000000001,0.0,0.0,0.0,1.0,0.0,0.0,0.0,0.0,0.0,0.0,0.0,0.0,0.0,0.0,0.0,0.0,0.0,0.0,0.0,0.0,0.0,0.0,0.0,0.0,0.0,0.0,0.0,0.0,0.0,0.0,0.0,0.0,0.0,0.0,0.0,0.0,0.0,0.0,0.0
1003_t0047_s006,1003,0,0,0,declarative,5,2,1,1.75,0,26,7,3.714,1.0,0.25,0.25,0.0,0.0,0.0,0.0,0.25,0.0,0.0,0.0,0.375,0.0,0.0,0.125,0.0,0.0,0.0,0.0,115.13000000000002,-1.0599999999999987,3.1291,2.8000000000000003,-0.5574,0.0,0.375,0.625,0.0,0.0,0.0,0.0,0.0,0.0,0.0,0.0,0.0,0.0,0.0,0.0,0.0,0.0,0.0,0.0,0.0,0.0,0.0,0.0,0.0,0.0,0.0,0.0,0.0,0.0,0.0,0.0,0.0,0.0,0.0,0.0,0.0,0.0,0.0
1003_t0047_s007,1003,0,0,0,declarative,9,3,4,2.838,4,111,29,3.828,0.931,0.4595,0.4324,0.0811,0.0,0.0,0.2432,0.1351,0.0,0.0541,0.1081,0.027,0.1351,0.027,0.0541,0.027,0.0,0.0,0.0,66.5448275862069,11.182068965517242,3.1291,11.600000000000001,0.0772,0.127,0.088,0.785,0.0,0.0,0.0,0.0,0.0,0.0,0.0,0.0,0.0,0.0,0.0,0.0,0.0,0.0,0.0,0.034482758620689655,0.034482758620689655,0.0,0.0,0.0,0.0,0.0,0.0,0.0,0.0,0.0,0.0,0.0,0.0,0.0,0.0,0.0,0.034482758620689655,0.0,0.0
1003_t0047_s008,1003,0,0,0,declarative,6,2,1,2.889,1,69,16,4.312,0.9375,0.5,0.3333,0.0556,0.0,0.0,0.2222,0.1111,0.0,0.0,0.0556,0.1111,0.0556,0.0556,0.2222,0.0,0.0,0.0,0.0,68.9825,7.612500000000001,11.20814326018867,11.4,0.0,0.0,0.0,1.0,0.0,0.0,0.0,0.0,0.0,0.0,0.0,0.0,0.0,0.0,0.0,0.0,0.0,0.0,0.0,0.0,0.0,0.0,0.0,0.0,0.0,0.0,0.0,0.0,0.0,0.0,0.0,0.0,0.0,0.0,0.0,0.0,0.0,0.0,0.0
1003_t0047_s009,1003,0,0,0,declarative,5,2,2,2.636,0,47,10,4.7,1.0,0.4545,0.4545,0.0,0.0,0.0,0.1818,0.1818,0.0909,0.0,0.1818,0.0,0.0909,0.0909,0.0,0.0,0.0,0.0,0.0,69.78500000000001,6.010000000000002,11.20814326018867,12.0,0.0,0.0,0.0,1.0,0.0,0.0,0.0,0.0,0.0,0.0,0.0,0.0,0.0,0.0,0.0,0.0,0.0,0.1,0.0,0.1,0.0,0.0,0.2,0.0,0.0,0.0,0.0,0.0,0.0,0.0,0.0,0.0,0.0,0.0,0.0,0.0,0.0,0.0,0.0
1003_t0047_s010,1003,0,0,0,declarative,6,2,1,3.25,0,62,13,4.769,0.9231,0.375,0.4375,0.0625,0.0,0.0,0.0625,0.125,0.25,0.0,0.0625,0.0,0.0625,0.0625,0.0,0.125,0.0,0.0625,0.0,50.470769230769264,9.44923076923077,14.554592549557764,17.50769230769231,0.8442,0.476,0.0,0.524,0.0,0.0,0.0,0.0,0.0,0.07692307692307693,0.0,0.0,0.0,0.0,0.0,0.0,0.0,0.0,0.0,0.0,0.0,0.0,0.0,0.0,0.0,0.07692307692307693,0.0,0.0,0.0,0.0,0.0,0.0,0.0,0.0,0.0,0.0,0.0,0.0,0.0
1003_t0047_s011,1003,0,0,0,declarative,6,2,1,3.364,0,89,19,4.684,0.7895,0.4545,0.4091,0.0455,0.0,0.0,0.1818,0.0909,0.0909,0.0455,0.0455,0.0909,0.0455,0.1364,0.0455,0.1364,0.0,0.0,0.0,68.09500000000004,8.73,8.841846274778883,10.0,0.3818,0.131,0.059,0.811,0.0,0.0,0.0,0.0,0.0,0.0,0.0,0.0,0.0,0.0,0.0,0.0,0.0,0.0,0.0,0.0,0.0,0.0,0.0,0.0,0.0,0.05,0.0,0.05,0.0,0.0,0.0,0.0,0.0,0.0,0.0,0.0,0.0,0.0,0.0
1003_t0047_s012,1003,0,0,0,declarative,5,2,1,2.889,0,80,17,4.706,0.9412,0.4444,0.3333,0.0,0.0,0.0,0.0556,0.1111,0.1667,0.0,0.0,0.1667,0.0556,0.1667,0.0556,0.1111,0.0,0.0,0.0,65.16823529411766,8.39294117647059,14.554592549557764,13.858823529411765,-0.0772,0.163,0.22,0.617,0.0,0.0,0.0,0.0,0.0,0.0,0.0,0.0,0.0,0.0,0.0,0.0,0.0,0.0,0.0,0.0,0.0,0.0,0.0,0.0,0.0,0.0,0.058823529411764705,0.0,0.0,0.0,0.0,0.0,0.0,0.0,0.0,0.0,0.0,0.0,0.0
1003_t0047_s013,1003,0,0,0,declarative,5,3,2,2.0,1,40,10,4.0,1.0,0.4615,0.2308,0.0769,0.0,0.0769,0.0,0.1538,0.0769,0.0,0.1538,0.1538,0.0769,0.0769,0.0,0.0,0.0,0.0,0.0,86.70500000000001,3.650000000000002,8.841846274778883,8.0,0.2263,0.174,0.0,0.826,0.0,0.0,0.0,0.0,0.0,0.0,0.0,0.0,0.0,0.0,0.0,0.0,0.0,0.0,0.0,0.0,0.0,0.0,0.0,0.0,0.0,0.0,0.0,0.0,0.0,0.0,0.0,0.0,0.0,0.0,0.0,0.0,0.0,0.0,0.0
1003_t0048_s001,1003,0,0,0,declarative,4,1,0,1.778,0,32,7,4.571,1.0,0.3333,0.2222,0.0,0.1111,0.0,0.1111,0.1111,0.0,0.0,0.1111,0.2222,0.0,0.1111,0.1111,0.0,0.0,0.0,0.0,54.70142857142861,7.368571428571428,11.20814326018867,14.228571428571428,0.0,0.0,0.0,1.0,0.0,0.0,0.0,0.0,0.0,0.0,0.0,0.0,0.0,0.0,0.0,0.0,0.0,0.0,0.0,0.0,0.0,0.0,0.0,0.0,0.0,0.0,0.0,0.0,0.0,0.0,0.0,0.0,0.0,0.0,0.0,0.0,0.0,0.0,0.0
1003_t0049_s001,1003,0,0,0,declarative,7,3,3,2.35,0,83,16,5.188,1.0,0.35,0.4,0.05,0.05,0.0,0.1,0.2,0.05,0.05,0.15,0.05,0.0,0.05,0.1,0.0,0.0,0.0,0.0,42.545000000000016,11.3,13.023866798666859,13.9,0.0,0.0,0.0,1.0,0.0,0.0,0.0,0.0,0.0,0.0,0.0,0.0,0.0,0.0,0.0,0.0,0.0,0.0,0.0,0.0,0.0,0.0,0.0,0.0,0.0,0.0,0.0,0.0,0.0,0.0,0.0,0.0,0.0,0.0,0.0,0.0,0.0,0.0,0.0
1003_t0049_s002,1003,0,0,0,declarative,5,1,1,2.4,0,61,12,5.083,0.8333,0.4,0.4667,0.0,0.1333,0.0,0.2667,0.1333,0.0,0.0667,0.1333,0.0,0.0667,0.1333,0.0667,0.0,0.0,0.0,0.0,69.99384615384618,6.726153846153846,11.20814326018867,11.353846153846156,0.3182,0.161,0.0,0.839,0.0,0.0,0.0,0.0,0.0,0.0,0.0,0.0,0.0,0.0,0.0,0.0,0.0,0.0,0.0,0.0,0.0,0.0,0.0,0.0,0.0,0.0,0.0,0.0,0.0,0.0,0.0,0.0,0.0,0.0,0.0,0.0,0.0,0.0,0.0
1003_t0049_s003,1003,0,0,0,declarative,10,1,0,3.407,0,115,24,4.792,0.9583,0.3704,0.2963,0.0,0.0,0.0,0.1481,0.0741,0.037,0.037,0.037,0.2222,0.0741,0.0741,0.1852,0.0,0.0,0.0,0.0,45.00000000000003,12.945,13.023866798666859,14.600000000000001,0.4019,0.105,0.0,0.895,0.0,0.041666666666666664,0.041666666666666664,0.0,0.0,0.0,0.0,0.0,0.0,0.0,0.0,0.0,0.0,0.0,0.0,0.0,0.0,0.0,0.0,0.0,0.0,0.0,0.0,0.0,0.0,0.0,0.0,0.0,0.0,0.0,0.0,0.0,0.041666666666666664,0.0,0.0
1003_t0049_s004,1003,0,0,0,declarative,4,1,0,2.25,0,38,10,3.8,0.9,0.5,0.1667,0.0,0.0833,0.0,0.0,0.0833,0.0,0.0833,0.0833,0.1667,0.0833,0.1667,0.0833,0.0833,0.0,0.0,0.0,95.165,2.4700000000000024,8.841846274778883,8.0,0.0,0.0,0.0,1.0,0.0,0.0,0.0,0.0,0.0,0.0,0.0,0.0,0.0,0.0,0.0,0.0,0.0,0.0,0.0,0.0,0.0,0.0,0.0,0.0,0.0,0.0,0.0,0.0,0.0,0.0,0.0,0.0,0.0,0.0,0.0,0.0,0.0,0.0,0.0
1003_t0049_s005,1003,0,0,0,declarative,8,1,1,2.652,0,96,21,4.571,0.8571,0.4783,0.4348,0.0,0.087,0.0,0.1739,0.087,0.087,0.087,0.1304,0.0,0.087,0.087,0.1739,0.0,0.0,0.0,0.0,60.634285714285724,10.019047619047623,11.20814326018867,12.20952380952381,0.34,0.107,0.0,0.893,0.0,0.0,0.0,0.0,0.0,0.0,0.0,0.0,0.0,0.0,0.0,0.0,0.0,0.0,0.0,0.0,0.0,0.0,0.0,0.0,0.0,0.0,0.0,0.0,0.0,0.0,0.0,0.0,0.0,0.0,0.0,0.0,0.0,0.0,0.0
1003_t0049_s006,1003,1,0,0,interrogative,12,2,2,3.625,0,156,36,4.333,0.8611,0.4,0.35,0.025,0.075,0.0,0.2,0.1,0.025,0.025,0.1,0.15,0.075,0.075,0.1,0.025,0.025,0.0,0.0,52.79500000000003,14.838888888888892,13.023866798666859,17.733333333333334,0.4215,0.144,0.078,0.778,0.0,0.0,0.0,0.0,0.0,0.0,0.0,0.0,0.0,0.0,0.0,0.0,0.0,0.0,0.0,0.0,0.0,0.0,0.0,0.0,0.0,0.027777777777777776,0.0,0.027777777777777776,0.0,0.0,0.0,0.0,0.0,0.0,0.0,0.0,0.0,0.0,0.0
1003_t0050_s001,1003,0,0,0,declarative,7,1,0,2.909,0,67,16,4.188,0.9375,0.2727,0.3636,0.0455,0.0,0.0,0.2273,0.0455,0.0909,0.0,0.0455,0.0455,0.0,0.0455,0.1364,0.0455,0.0,0.0455,0.0455,65.16823529411766,8.39294117647059,13.023866798666859,13.858823529411765,0.2732,0.116,0.0,0.884,0.0,0.0,0.0,0.0,0.0,0.0,0.0,0.0,0.0,0.0,0.0,0.0,0.0,0.0,0.0,0.0,0.0,0.0,0.0,0.0,0.0,0.058823529411764705,0.0,0.0,0.0,0.0,0.0,0.0,0.0,0.0,0.0,0.0,0.0,0.0,0.0
1003_t0050_s002,1003,0,0,0,declarative,4,1,0,2.5,0,40,6,6.667,1.0,0.25,0.625,0.0,0.0,0.0,0.125,0.125,0.25,0.125,0.125,0.0,0.0,0.125,0.0,0.0,0.0,0.0,0.0,-10.754999999999995,16.25,14.554592549557764,22.400000000000002,0.4754,0.382,0.0,0.618,0.16666666666666666,0.0,0.0,0.0,0.0,0.0,0.0,0.0,0.0,0.0,0.0,0.0,0.0,0.0,0.0,0.0,0.0,0.0,0.0,0.0,0.0,0.16666666666666666,0.0,0.0,0.0,0.0,0.0,0.0,0.0,0.0,0.0,0.0,0.0,0.0,0.0
1003_t0050_s003,1003,0,0,0,declarative,8,2,2,3.351,1,139,31,4.484,0.9032,0.4324,0.3514,0.0541,0.0,0.0,0.1081,0.1622,0.027,0.0541,0.0811,0.0811,0.027,0.1081,0.1622,0.027,0.0,0.0,0.0,43.84500000000003,14.596666666666668,15.903189008614273,18.666666666666668,0.0,0.0,0.0,1.0,0.03333333333333333,0.03333333333333333,0.0,0.0,0.0,0.0,0.0,0.0,0.0,0.0,0.0,0.0,0.0,0.0,0.03333333333333333,0.0,0.03333333333333333,0.03333333333333333,0.03333333333333333,0.0,0.0,0.0,0.0,0.0,0.0,0.0,0.0,0.0,0.0,0.0,0.0,0.0,0.0,0.0,0.0
1003_t0050_s004,1003,0,0,0,declarative,5,1,0,2.2,0,33,9,3.667,1.0,0.6,0.3,0.1,0.0,0.0,0.1,0.2,0.0,0.0,0.3,0.0,0.1,0.0,0.1,0.1,0.0,0.0,0.0,103.70000000000002,1.0311111111111124,3.1291,3.6,0.0,0.0,0.0,1.0,0.0,0.0,0.0,0.0,0.0,0.0,0.0,0.0,0.0,0.0,0.0,0.0,0.0,0.0,0.0,0.0,0.0,0.0,0.0,0.0,0.0,0.0,0.0,0.0,0.0,0.0,0.0,0.0,0.0,0.0,0.0,0.0,0.0,0.0,0.0
1003_t0050_s005,1003,0,1,0,imperative,7,1,1,2.286,0,61,12,5.083,0.9167,0.4286,0.5,0.0,0.0,0.0,0.3571,0.1429,0.0,0.0,0.0714,0.0,0.0,0.1429,0.0714,0.0,0.0,0.0,0.0,53.655,8.756666666666668,8.841846274778883,8.133333333333335,-0.1531,0.151,0.191,0.658,0.0,0.08333333333333333,0.0,0.0,0.0,0.0,0.0,0.0,0.0,0.0,0.0,0.0,0.0,0.08333333333333333,0.08333333333333333,0.0,0.08333333333333333,0.0,0.0,0.0,0.0,0.0,0.0,0.0,0.08333333333333333,0.0,0.0,0.0,0.0,0.0,0.0,0.0,0.0,0.0,0.0
1003_t0050_s006,1003,0,0,0,declarative,7,1,2,3.581,2,128,28,4.571,0.8214,0.5806,0.2903,0.0645,0.0323,0.0,0.1613,0.0645,0.0645,0.0,0.129,0.0645,0.0968,0.0968,0.0645,0.0968,0.0323,0.0,0.0323,33.38642857142861,15.55857142857143,15.903189008614273,18.342857142857145,0.4019,0.15,0.066,0.784,0.0,0.0,0.0,0.03571428571428571,0.0,0.0,0.0,0.0,0.0,0.0,0.0,0.0,0.0,0.0,0.0,0.0,0.0,0.0,0.0,0.0,0.0,0.0,0.0,0.0,0.03571428571428571,0.0,0.0,0.0,0.0,0.0,0.0,0.0,0.0,0.0,0.0
1003_t0050_s007,1003,1,0,0,interrogative,8,2,2,2.474,0,73,16,4.562,0.9375,0.4211,0.4211,0.0526,0.0,0.0,0.2105,0.1053,0.0526,0.0526,0.1053,0.0526,0.0526,0.1053,0.1053,0.0,0.0526,0.0,0.0,44.97000000000003,10.713333333333338,13.023866798666859,11.333333333333336,0.2023,0.176,0.133,0.691,0.0,0.0,0.0,0.0,0.0,0.06666666666666667,0.0,0.0,0.0,0.0,0.0,0.0,0.0,0.0,0.0,0.0,0.0,0.0,0.0,0.0,0.0,0.0,0.0,0.0,0.0,0.0,0.0,0.0,0.0,0.0,0.0,0.0,0.0,0.0,0.0
1003_t0050_s008,1003,0,0,0,declarative,7,2,3,3.629,0,137,33,4.152,0.7273,0.4857,0.4,0.0286,0.0,0.0,0.1429,0.1429,0.0857,0.0286,0.0571,0.0571,0.0571,0.1143,0.0857,0.1143,0.0286,0.0,0.0,57.97636363636366,13.370909090909091,13.023866798666859,16.83636363636364,-0.3612,0.0,0.072,0.928,0.0,0.0,0.0,0.0,0.0,0.0,0.0,0.0,0.0,0.0,0.0,0.0,0.0,0.0,0.030303030303030304,0.0,0.030303030303030304,0.0,0.0,0.0,0.0,0.0,0.0,0.0,0.0,0.0,0.0,0.0,0.0,0.0,0.0,0.0,0.0,0.0,0.0
1003_t0050_s009,1003,0,0,0,declarative,4,1,0,2.182,0,49,10,4.9,0.8,0.1818,0.7273,0.0,0.0,0.0,0.3636,0.0909,0.1818,0.0909,0.0,0.0,0.0,0.0,0.0909,0.0909,0.0,0.0,0.0,10.564999999999998,14.270000000000007,14.554592549557764,20.0,0.888,0.657,0.0,0.343,0.0,0.0,0.0,0.0,0.0,0.0,0.0,0.0,0.0,0.0,0.0,0.0,0.0,0.0,0.0,0.0,0.0,0.0,0.0,0.0,0.0,0.0,0.0,0.0,0.0,0.0,0.0,0.0,0.0,0.0,0.0,0.0,0.0,0.0,0.0
1003_t0050_s010,1003,0,0,0,declarative,5,1,0,3.308,0,59,12,4.917,0.8333,0.4615,0.4615,0.0769,0.0,0.0,0.0769,0.0769,0.3077,0.0,0.0769,0.0,0.0769,0.0769,0.0,0.2308,0.0,0.0,0.0,53.655,8.756666666666668,14.554592549557764,18.133333333333336,0.7506,0.39,0.0,0.61,0.0,0.0,0.0,0.0,0.0,0.08333333333333333,0.0,0.0,0.0,0.0,0.0,0.0,0.0,0.0,0.0,0.0,0.0,0.0,0.0,0.0,0.0,0.08333333333333333,0.0,0.0,0.0,0.0,0.0,0.0,0.0,0.0,0.0,0.0,0.0,0.0,0.0
1003_t0050_s011,1003,0,0,0,declarative,6,2,3,3.429,0,88,16,5.5,0.8125,0.2381,0.5714,0.0476,0.0,0.0,0.0476,0.2857,0.0476,0.1905,0.0952,0.0,0.0952,0.0,0.0,0.0,0.0,0.0,0.0,58.4075,9.087500000000002,11.20814326018867,11.4,0.8271,0.493,0.0,0.507,0.0,0.0,0.0,0.0,0.0,0.0,0.0,0.0,0.0,0.0,0.0,0.0,0.0,0.0,0.0,0.0,0.0,0.0,0.0,0.0,0.0,0.0,0.0,0.0,0.0,0.0,0.0,0.0,0.0,0.0,0.0,0.0,0.0,0.0,0.0
1003_t0050_s012,1003,0,0,0,declarative,11,2,3,3.118,0,140,31,4.516,0.9032,0.5294,0.4118,0.0882,0.0,0.0294,0.1471,0.1176,0.1471,0.0,0.1765,0.0,0.0588,0.0882,0.0882,0.0588,0.0294,0.0,0.0,49.83451612903227,14.00967741935484,14.554592549557764,17.561290322580646,-0.7269,0.0,0.202,0.798,0.0,0.0,0.0,0.03225806451612903,0.0,0.0,0.0,0.0,0.0,0.03225806451612903,0.0,0.0,0.0,0.0,0.0,0.0,0.0,0.0,0.03225806451612903,0.0,0.0,0.0,0.0,0.0,0.0,0.0,0.0,0.0,0.0,0.0,0.0,0.0,0.0,0.0,0.03225806451612903
1003_t0050_s013,1003,0,0,0,declarative,5,1,0,5.679,0,124,23,5.391,0.7826,0.3214,0.5,0.0357,0.0,0.0,0.3214,0.0357,0.1071,0.0357,0.0357,0.0,0.0,0.0357,0.1429,0.1071,0.0,0.0,0.0,17.968260869565228,16.46695652173913,18.243605946275583,19.63478260869565,0.6124,0.192,0.0,0.808,0.0,0.0,0.0,0.0,0.0,0.0,0.0,0.0,0.0,0.0,0.0,0.0,0.0,0.043478260869565216,0.0,0.0,0.13043478260869565,0.0,0.0,0.0,0.0,0.0,0.0,0.0,0.0,0.0,0.0,0.043478260869565216,0.043478260869565216,0.0,0.0,0.0,0.0,0.0,0.0
1003_t0050_s014,1003,0,0,0,declarative,5,3,2,2.385,0,46,12,3.833,0.9167,0.6154,0.3077,0.0,0.0,0.0,0.0769,0.2308,0.0,0.0,0.0769,0.0,0.1538,0.0769,0.0769,0.0769,0.0,0.0,0.0,95.955,2.8566666666666656,3.1291,4.800000000000001,0.0,0.0,0.0,1.0,0.0,0.0,0.0,0.0,0.0,0.0,0.0,0.0,0.0,0.0,0.0,0.0,0.0,0.0,0.0,0.0,0.0,0.0,0.0,0.0,0.0,0.0,0.0,0.0,0.0,0.0,0.0,0.0,0.0,0.0,0.0,0.0,0.0,0.0,0.0
1003_t0050_s015,1003,0,0,0,declarative,9,7,6,3.25,0,128,34,3.765,0.8824,0.5278,0.4167,0.0278,0.0556,0.0278,0.0833,0.1667,0.0833,0.0833,0.1944,0.0278,0.0278,0.0556,0.0833,0.0278,0.0833,0.0,0.0,70.3073529411765,11.899411764705885,11.20814326018867,15.952941176470588,-0.3612,0.0,0.07,0.93,0.0,0.0,0.0,0.0,0.0,0.0,0.0,0.0,0.0,0.0,0.0,0.0,0.0,0.0,0.0,0.029411764705882353,0.0,0.0,0.0,0.0,0.0,0.0,0.0,0.0,0.0,0.029411764705882353,0.0,0.0,0.0,0.0,0.0,0.0,0.0,0.0,0.0
1003_t0050_s016,1003,0,0,0,declarative,9,3,6,3.9,0,143,38,3.763,0.6316,0.5,0.4,0.125,0.0,0.075,0.15,0.2,0.05,0.0,0.2,0.05,0.0,0.1,0.025,0.05,0.025,0.0,0.0,65.85447368421055,13.51421052631579,3.1291,15.200000000000001,0.8807,0.281,0.044,0.675,0.02631578947368421,0.0,0.0,0.0,0.05263157894736842,0.02631578947368421,0.0,0.0,0.0,0.0,0.0,0.0,0.0,0.0,0.0,0.05263157894736842,0.0,0.0,0.0,0.0,0.0,0.02631578947368421,0.0,0.0,0.0,0.0,0.0,0.0,0.0,0.0,0.0,0.0,0.05263157894736842,0.0,0.0
1003_t0050_s017,1003,0,0,0,declarative,5,2,1,2.25,1,38,11,3.455,1.0,0.5833,0.3333,0.0833,0.0,0.0,0.1667,0.1667,0.0,0.0,0.0833,0.0,0.0833,0.0833,0.0833,0.0833,0.0,0.0,0.0,78.24500000000002,4.830000000000002,8.841846274778883,8.0,0.5267,0.274,0.0,0.726,0.0,0.0,0.0,0.0,0.0,0.0,0.0,0.0,0.0,0.0,0.0,0.0,0.0,0.0,0.1,0.0,0.0,0.0,0.0,0.0,0.0,0.0,0.0,0.0,0.0,0.0,0.0,0.0,0.0,0.0,0.0,0.0,0.0,0.0,0.0
1003_t0050_s018,1003,0,0,0,declarative,9,4,3,3.933,1,169,40,4.225,0.85,0.4889,0.4,0.0444,0.0,0.0,0.1111,0.1333,0.1333,0.0222,0.0667,0.0222,0.0667,0.0889,0.1111,0.0667,0.0222,0.0,0.0,41.434615384615384,17.16871794871795,15.903189008614273,17.651282051282053,0.7717,0.181,0.029,0.79,0.0,0.0,0.0,0.0,0.0,0.02564102564102564,0.0,0.0,0.0,0.0,0.0,0.0,0.0,0.0,0.02564102564102564,0.02564102564102564,0.02564102564102564,0.0,0.0,0.0,0.0,0.0,0.0,0.0,0.0,0.0,0.0,0.0,0.0,0.0,0.0,0.0,0.0,0.0,0.0
1003_t0050_s019,1003,0,0,0,declarative,5,2,2,2.083,0,35,10,3.5,1.0,0.5,0.3333,0.0833,0.0,0.0,0.0833,0.25,0.0,0.0,0.1667,0.0833,0.0,0.0833,0.0833,0.0833,0.0,0.0,0.0,86.70500000000001,3.650000000000002,8.841846274778883,4.0,0.0772,0.126,0.0,0.874,0.0,0.0,0.0,0.0,0.0,0.0,0.0,0.0,0.0,0.0,0.0,0.0,0.0,0.0,0.0,0.0,0.0,0.0,0.0,0.0,0.0,0.0,0.0,0.0,0.0,0.1,0.0,0.0,0.0,0.0,0.0,0.0,0.0,0.0,0.0
1003_t0051_s001,1003,0,0,0,declarative,4,1,0,1.857,0,28,6,4.667,1.0,0.2857,0.1429,0.0,0.0,0.0,0.1429,0.0,0.0,0.0,0.0,0.2857,0.0,0.1429,0.1429,0.0,0.0,0.0,0.1429,73.84500000000001,4.450000000000003,8.841846274778883,9.066666666666668,0.0,0.0,0.0,1.0,0.0,0.0,0.0,0.0,0.0,0.0,0.0,0.0,0.0,0.0,0.0,0.0,0.0,0.0,0.0,0.0,0.0,0.0,0.0,0.0,0.0,0.0,0.0,0.0,0.0,0.0,0.0,0.0,0.0,0.0,0.0,0.0,0.0,0.0,0.0
1003_t0052_s001,1003,0,0,0,declarative,3,1,0,1.0,0,17,4,4.25,1.0,0.5,0.5,0.25,0.0,0.0,0.0,0.25,0.25,0.0,0.25,0.0,0.0,0.25,0.0,0.0,0.0,0.0,0.0,97.025,0.7199999999999989,3.1291,1.6,0.0,0.0,0.0,1.0,0.0,0.0,0.0,0.0,0.0,0.0,0.0,0.0,0.0,0.0,0.0,0.0,0.0,0.0,0.0,0.0,0.0,0.0,0.0,0.0,0.0,0.0,0.0,0.0,0.0,0.0,0.0,0.0,0.0,0.0,0.0,0.0,0.0,0.0,0.0
1003_t0053_s001,1003,1,0,0,interrogative,3,1,0,1.857,0,22,6,3.667,1.0,0.5714,0.2857,0.1429,0.0,0.0,0.1429,0.1429,0.0,0.0,0.1429,0.0,0.1429,0.1429,0.1429,0.0,0.0,0.0,0.0,102.045,0.5166666666666693,3.1291,2.4000000000000004,0.0,0.0,0.0,1.0,0.0,0.0,0.0,0.0,0.0,0.0,0.0,0.0,0.0,0.0,0.0,0.0,0.0,0.0,0.0,0.0,0.0,0.0,0.0,0.0,0.0,0.0,0.0,0.0,0.0,0.0,0.0,0.0,0.0,0.0,0.0,0.0,0.0,0.0,0.0
1003_t0053_s002,1003,0,0,0,declarative,4,1,0,1.714,0,22,6,3.667,1.0,0.5714,0.2857,0.1429,0.0,0.0,0.1429,0.1429,0.0,0.0,0.1429,0.0,0.0,0.1429,0.2857,0.0,0.0,0.0,0.0,102.045,0.5166666666666693,3.1291,2.4000000000000004,0.4215,0.359,0.0,0.641,0.0,0.0,0.0,0.0,0.0,0.0,0.0,0.0,0.0,0.0,0.0,0.0,0.0,0.0,0.0,0.0,0.0,0.0,0.0,0.0,0.0,0.0,0.0,0.0,0.0,0.0,0.0,0.0,0.0,0.0,0.0,0.0,0.0,0.0,0.0
1003_t0054_s001,1003,0,0,0,declarative,2,1,0,1.5,0,16,4,4.0,1.0,0.3333,0.3333,0.0,0.1667,0.0,0.1667,0.1667,0.0,0.0,0.1667,0.0,0.1667,0.0,0.0,0.0,0.0,0.0,0.0,97.025,0.7199999999999989,3.1291,1.6,0.0,0.0,0.0,1.0,0.0,0.0,0.0,0.0,0.0,0.0,0.0,0.0,0.0,0.0,0.0,0.0,0.0,0.0,0.0,0.0,0.0,0.0,0.0,0.0,0.0,0.0,0.0,0.0,0.0,0.0,0.0,0.0,0.0,0.0,0.0,0.0,0.0,0.0,0.0
1003_t0055_s001,1003,0,0,0,declarative,8,2,1,2.684,0,91,18,5.056,0.8889,0.4737,0.4737,0.0526,0.0,0.0,0.2105,0.1053,0.1053,0.0526,0.0526,0.0,0.0,0.2105,0.2105,0.0,0.0,0.0,0.0,33.465,13.063333333333333,14.554592549557764,16.08888888888889,0.34,0.124,0.0,0.876,0.05555555555555555,0.0,0.05555555555555555,0.0,0.0,0.0,0.0,0.0,0.0,0.0,0.0,0.0,0.0,0.0,0.0,0.0,0.0,0.05555555555555555,0.1111111111111111,0.0,0.0,0.0,0.0,0.0,0.0,0.05555555555555555,0.0,0.0,0.0,0.0,0.0,0.0,0.0,0.0,0.0
